[LOG 16:18:50.937] ******* Log Initiated for Kerbal Space Program - 1.12.5.3190 (WindowsPlayer x64) fr-fr *******
Kerbal Space Program - 1.12.5.3190 (WindowsPlayer x64) fr-fr


OS: Windows 10  (10.0.0) 64bit
CPU: Intel(R) Core(TM) i7-4790K CPU @ 4.00GHz (8)
RAM: 32687
GPU: NVIDIA GeForce GTX 1060 6GB (6029MB)
SM: 50 (Direct3D 11.0 [level 11.1])
RT Formats: ARGB32, Depth, ARGBHalf, Shadowmap, RGB565, ARGB4444, ARGB1555, Default, ARGB2101010, DefaultHDR, ARGB64, ARGBFloat, RGFloat, RGHalf, RFloat, RHalf, R8, ARGBInt, RGInt, RInt, BGRA32, RGB111110Float, RG32, RGBAUShort, RG16, BGRA10101010_XR, BGR101010_XR, R16


Log started: Mon, Sep 28, 2026 16:18:50


[LOG 16:18:50.956] ActionCanvas MASK: 3458764513820540928
[LOG 16:18:50.957] AppCanvas MASK: 3458764513820540928
[LOG 16:18:50.959] MainCanvas MASK: 3458764513820540928
[LOG 16:18:55.728] Load(Assembly): /ModuleManager.4.2.3
[LOG 16:18:55.729] AssemblyLoader: Loading assembly at D:\KSP-Dev\GameData\ModuleManager.4.2.3.dll
[LOG 16:18:55.755] AssemblyLoader: KSPAssembly 'ModuleManager' V2.5.0
[LOG 16:18:55.755] Load(Assembly): 000_Harmony/0Harmony
[LOG 16:18:55.755] AssemblyLoader: Loading assembly at D:\KSP-Dev\GameData\000_Harmony\0Harmony.dll
[LOG 16:18:55.757] Load(Assembly): 000_Harmony/HarmonyInstallChecker
[LOG 16:18:55.757] AssemblyLoader: Loading assembly at D:\KSP-Dev\GameData\000_Harmony\HarmonyInstallChecker.dll
[LOG 16:18:55.758] AssemblyLoader: KSPAssembly 'HarmonyKSP' V1.0.0
[LOG 16:18:55.758] Load(Assembly): KSPCommunityFixes/Plugins/0_MultipleModuleInPartAPI
[LOG 16:18:55.758] AssemblyLoader: Loading assembly at D:\KSP-Dev\GameData\KSPCommunityFixes\Plugins\0_MultipleModuleInPartAPI.dll
[LOG 16:18:55.759] AssemblyLoader: KSPAssembly 'MultipleModulePartAPI' V1.0.0
[LOG 16:18:55.759] Load(Assembly): KSPCommunityFixes/Plugins/KSPCommunityFixes
[LOG 16:18:55.759] AssemblyLoader: Loading assembly at D:\KSP-Dev\GameData\KSPCommunityFixes\Plugins\KSPCommunityFixes.dll
[LOG 16:18:55.769] AssemblyLoader: KSPAssembly 'KSPCommunityFixes' V1.41.1
[LOG 16:18:55.769] AssemblyLoader: KSPAssemblyDependency 'HarmonyKSP' V1.0.0
[LOG 16:18:55.769] AssemblyLoader: KSPAssemblyDependency 'ModuleManager' V1.0.0
[LOG 16:18:55.769] AssemblyLoader: KSPAssemblyDependency 'MultipleModulePartAPI' V1.0.0
[LOG 16:18:55.770] Load(Assembly): TerrainPrecisionFixDiag4Mod/TerrainPrecisionFixDiag4Mod
[LOG 16:18:55.770] AssemblyLoader: Loading assembly at D:\KSP-Dev\GameData\TerrainPrecisionFixDiag4Mod\TerrainPrecisionFixDiag4Mod.dll
[LOG 16:18:55.772] AssemblyLoader: Loading assemblies
[LOG 16:18:55.863] VesselModules: Found VesselModule of type AxisGroupsModule with order 999
[LOG 16:18:55.906] VesselModules: Found VesselModule of type CometVessel with order 999
[LOG 16:18:55.908] VesselModules: Found VesselModule of type SuspensionLoadBalancer with order 999
[LOG 16:18:55.909] VesselModules: Found VesselModule of type FlightIntegrator with order 0
[LOG 16:18:55.913] VesselModules: Found VesselModule of type CommNetVessel with order 999
[LOG 16:18:55.917] VesselModules: Found 5 VesselModule types
[LOG 16:18:55.923] 
************************************************************************

Environment Info
Win32NT 7FFFFFFFFFFFFFFF  Args: KSP_x64.exe 

Mod DLLs found:
Stock assembly: Assembly-CSharp v0.0.0.0
ModuleManager v4.2.3.0
0Harmony v2.2.1.0
HarmonyInstallChecker v2.2.1.0
0_MultipleModuleInPartAPI v1.0.0.0 / v1.0.0+7969fdc50bf4e350193abe5ba2e89533b12ca02f
KSPCommunityFixes v1.41.0.0 / v1.41.1+7969fdc50bf4e350193abe5ba2e89533b12ca02f / v1.41.1.0
TerrainPrecisionFixDiag4Mod v1.0.9767.18299

Folders and files in GameData:
000_Harmony
KSPCommunityFixes
Stock folder: Squad

Stock folder: SquadExpansion

TerrainPrecisionFixDiag4Mod
ModuleManager.4.2.3.dll
ModuleManager.ConfigCache
ModuleManager.ConfigSHA
ModuleManager.Physics
ModuleManager.TechTree

************************************************************************

[LOG 16:18:55.943] [AddonLoader]: Instantiating addon 'ModuleManager' from assembly 'ModuleManager'
[LOG 16:18:55.955] [ModuleManager] Adding post patch to the loading screen 4
[LOG 16:18:55.958] [ModuleManager] Patching started on a new thread, all output will be directed to D:\KSP-Dev\Logs\ModuleManager\ModuleManager.log
[LOG 16:18:55.962] [AddonLoader]: Instantiating addon 'HarmonyInstallChecker' from assembly 'HarmonyKSP'
[LOG 16:18:55.963] [AddonLoader]: Instantiating addon 'KSPCommunityFixes' from assembly 'KSPCommunityFixes'
[LOG 16:18:55.964] [AddonLoader]: Instantiating addon 'NoIVA' from assembly 'KSPCommunityFixes'
[LOG 16:18:55.965] [AddonLoader]: Instantiating addon 'ConfigNodePerf' from assembly 'KSPCommunityFixes'
[LOG 16:18:56.198] [AddonLoader]: Instantiating addon 'KSPCFFastLoader' from assembly 'KSPCommunityFixes'
[LOG 16:18:56.200] [KSPCF] Injecting FastLoader...
[LOG 16:18:56.224] [KSPCommunityFixes] Patch GameDatabasePerf applied.
[LOG 16:18:56.328] [AddonLoader]: Instantiating addon 'ReflectionTypeLoadExceptionHandler' from assembly 'KSPCommunityFixes'
[LOG 16:18:57.421] [KSPCF] Taking over stock loader. An exception will follow, this is intended.
[EXC 16:18:57.426] Exception: Terminating stock loader coroutine, this is intended and not an error
	KSPCommunityFixes.Performance.KSPCFFastLoader.GameDatabase_SetupMainLoaders_Prefix () (at <62bb7f5420994f409a34377c091e8538>:0)
	(wrapper dynamic-method) GameDatabase.GameDatabase.SetupMainLoaders_Patch1(GameDatabase)
	GameDatabase+<LoadObjects>d__90.MoveNext () (at <4b449f2841f84227adfaad3149c8fdba>:0)
	UnityEngine.SetupCoroutine.InvokeMoveNext (System.Collections.IEnumerator enumerator, System.IntPtr returnValueAddress) (at <12e76cd50cc64cf19e759e981cb725af>:0)
	UnityEngine.DebugLogHandler:LogException(Exception, Object)
	ModuleManager.UnityLogHandle.InterceptLogHandler:LogException(Exception, Object)
	UnityEngine.MonoBehaviour:StartCoroutine(IEnumerator)
	<CreateDatabase>d__71:MoveNext()
	UnityEngine.MonoBehaviour:StartCoroutine(IEnumerator)
	GameDatabase:StartLoad()
	<LoadSystems>d__11:MoveNext()
	UnityEngine.MonoBehaviour:StartCoroutine(IEnumerator)
	LoadingScreen:Start()
[LOG 16:18:57.715] Preloading Asset Bundle Definitions
[LOG 16:18:58.134] Load Audio: Squad/Alarms/Sounds/Chirps
[LOG 16:18:58.157] Load Audio: Squad/Alarms/Sounds/Classic
[LOG 16:18:58.158] Load Audio: Squad/Alarms/Sounds/ClockTower
[LOG 16:18:58.158] Load Audio: Squad/Alarms/Sounds/ComputerGlass1
[LOG 16:18:58.158] Load Audio: Squad/Alarms/Sounds/ComputerGlass2
[LOG 16:18:58.158] Load Audio: Squad/Alarms/Sounds/ComputerShort
[LOG 16:18:58.159] Load Audio: Squad/Alarms/Sounds/ComputerTriad
[LOG 16:18:58.159] Load Audio: Squad/Alarms/Sounds/DoorBell
[LOG 16:18:58.159] Load Audio: Squad/Alarms/Sounds/Glass
[LOG 16:18:58.159] Load Audio: Squad/Alarms/Sounds/Klaxon
[LOG 16:18:58.159] Load Audio: Squad/Alarms/Sounds/Mobile
[LOG 16:18:58.160] Load Audio: Squad/Alarms/Sounds/Morning
[LOG 16:18:58.160] Load Audio: Squad/Alarms/Sounds/OldClock
[LOG 16:18:58.160] Load Audio: Squad/Alarms/Sounds/OldHorn
[LOG 16:18:58.160] Load Audio: Squad/Alarms/Sounds/Ripple
[LOG 16:18:58.160] Load Audio: Squad/Sounds/editorLoop01
[LOG 16:18:58.161] Load Audio: Squad/Sounds/elev_loop
[LOG 16:18:58.161] Load Audio: Squad/Sounds/elev_start
[LOG 16:18:58.161] Load Audio: Squad/Sounds/elev_stop
[LOG 16:18:58.161] Load Audio: Squad/Sounds/fireworks_explosion_2
[LOG 16:18:58.161] Load Audio: Squad/Sounds/fireworks_explosion_3
[LOG 16:18:58.162] Load Audio: Squad/Sounds/fireworks_explosion_4
[LOG 16:18:58.162] Load Audio: Squad/Sounds/fireworks_launch_boom
[LOG 16:18:58.162] Load Audio: Squad/Sounds/fireworks_only_crackle_crackle_1
[LOG 16:18:58.162] Load Audio: Squad/Sounds/fireworks_only_crackle_dragon_1
[LOG 16:18:59.096] Load Audio: Squad/Sounds/fireworks_only_crackle_palm_1
[LOG 16:18:59.097] Load Audio: Squad/Sounds/fireworks_whistle
[LOG 16:18:59.097] Load Audio: Squad/Sounds/ksp1_banana_V2_01
[LOG 16:18:59.097] Load Audio: Squad/Sounds/ksp1_banana_V2_04
[LOG 16:18:59.097] Load Audio: Squad/Sounds/ksp1_banana_V2_05
[LOG 16:18:59.097] Load Audio: Squad/Sounds/ksp1_golf_swing_normal
[LOG 16:18:59.097] Load Audio: Squad/Sounds/ksp1_ground_anchor_v2_1
[LOG 16:18:59.098] Load Audio: Squad/Sounds/ksp1_strunts_disconnect_v3_pitched2
[LOG 16:18:59.098] Load Audio: Squad/Sounds/repairKit_repair1
[LOG 16:18:59.098] Load Audio: Squad/Sounds/repairKit_repair2
[LOG 16:18:59.098] Load Audio: Squad/Sounds/sound_ambience_nature
[LOG 16:18:59.098] Load Audio: Squad/Sounds/sound_click_flick
[LOG 16:18:59.098] Load Audio: Squad/Sounds/sound_click_latch
[LOG 16:18:59.099] Load Audio: Squad/Sounds/sound_click_sharp
[LOG 16:18:59.099] Load Audio: Squad/Sounds/sound_click_tick
[LOG 16:18:59.099] Load Audio: Squad/Sounds/sound_click_tock
[LOG 16:18:59.099] Load Audio: Squad/Sounds/sound_decoupler_fire
[LOG 16:18:59.099] Load Audio: Squad/Sounds/sound_delete_bin
[LOG 16:18:59.099] Load Audio: Squad/Sounds/sound_explosion_debris1
[LOG 16:18:59.099] Load Audio: Squad/Sounds/sound_explosion_debris2
[LOG 16:18:59.099] Load Audio: Squad/Sounds/sound_explosion_large
[LOG 16:18:59.100] Load Audio: Squad/Sounds/sound_rocket_mini
[LOG 16:18:59.100] Load Audio: Squad/Sounds/sound_rocket_spurts
[LOG 16:18:59.100] Load Audio: Squad/Sounds/sound_servomotor
[LOG 16:18:59.100] Load Audio: Squad/Sounds/sound_tab_extend
[LOG 16:18:59.141] Load Audio: Squad/Sounds/sound_tab_retreat
[LOG 16:18:59.142] Load Audio: SquadExpansion/Serenity/Sounds/robo_arm_large_end
[LOG 16:18:59.142] Load Audio: SquadExpansion/Serenity/Sounds/robo_arm_large_motor_00
[LOG 16:18:59.142] Load Audio: SquadExpansion/Serenity/Sounds/robo_arm_large_scan
[LOG 16:18:59.142] Load Audio: SquadExpansion/Serenity/Sounds/robo_arm_large_start
[LOG 16:18:59.142] Load Audio: SquadExpansion/Serenity/Sounds/robo_arm_medium_end
[LOG 16:18:59.142] Load Audio: SquadExpansion/Serenity/Sounds/robo_arm_medium_motor_00
[LOG 16:18:59.142] Load Audio: SquadExpansion/Serenity/Sounds/robo_arm_medium_scan
[LOG 16:18:59.143] Load Audio: SquadExpansion/Serenity/Sounds/robo_arm_medium_start
[LOG 16:18:59.143] Load Audio: SquadExpansion/Serenity/Sounds/robo_arm_small_end
[LOG 16:18:59.143] Load Audio: SquadExpansion/Serenity/Sounds/robo_arm_small_motor_00
[LOG 16:18:59.143] Load Audio: SquadExpansion/Serenity/Sounds/robo_arm_small_scan
[LOG 16:18:59.143] Load Audio: SquadExpansion/Serenity/Sounds/robo_arm_small_start
[LOG 16:18:59.143] Load Audio: SquadExpansion/Serenity/Sounds/sfx_cryoVolcano_burst
[LOG 16:18:59.143] Load Audio: SquadExpansion/Serenity/Sounds/sfx_cryoVolcano_idle
[LOG 16:18:59.144] Load Audio: SquadExpansion/Serenity/Sounds/sfx_deployable_booster_antena_end
[LOG 16:18:59.144] Load Audio: SquadExpansion/Serenity/Sounds/sfx_deployable_booster_antena_start
[LOG 16:18:59.144] Load Audio: SquadExpansion/Serenity/Sounds/sfx_deployable_central_station_end
[LOG 16:18:59.144] Load Audio: SquadExpansion/Serenity/Sounds/sfx_deployable_central_station_loop
[LOG 16:18:59.144] Load Audio: SquadExpansion/Serenity/Sounds/sfx_deployable_central_station_start
[LOG 16:18:59.144] Load Audio: SquadExpansion/Serenity/Sounds/sfx_deployable_detector_end
[LOG 16:18:59.144] Load Audio: SquadExpansion/Serenity/Sounds/sfx_deployable_detector_start
[LOG 16:18:59.144] Load Audio: SquadExpansion/Serenity/Sounds/sfx_deployable_GoObEd_end
[LOG 16:18:59.145] Load Audio: SquadExpansion/Serenity/Sounds/sfx_deployable_GoObEd_loop
[LOG 16:18:59.145] Load Audio: SquadExpansion/Serenity/Sounds/sfx_deployable_GoObEd_start
[LOG 16:18:59.188] Load Audio: SquadExpansion/Serenity/Sounds/sfx_deployable_rtg_end
[LOG 16:18:59.188] Load Audio: SquadExpansion/Serenity/Sounds/sfx_deployable_rtg_start
[LOG 16:18:59.188] Load Audio: SquadExpansion/Serenity/Sounds/sfx_deployable_seismometer_end
[LOG 16:18:59.188] Load Audio: SquadExpansion/Serenity/Sounds/sfx_deployable_seismometer_start
[LOG 16:18:59.188] Load Audio: SquadExpansion/Serenity/Sounds/sfx_deployable_solar_panel_end
[LOG 16:18:59.189] Load Audio: SquadExpansion/Serenity/Sounds/sfx_deployable_solar_panel_start
[LOG 16:18:59.189] Load Audio: SquadExpansion/Serenity/Sounds/sfx_deployable_weather_station_end
[LOG 16:18:59.189] Load Audio: SquadExpansion/Serenity/Sounds/sfx_deployable_weather_station_loop
[LOG 16:18:59.189] Load Audio: SquadExpansion/Serenity/Sounds/sfx_deployable_weather_station_start
[LOG 16:18:59.189] Load Audio: SquadExpansion/Serenity/Sounds/sfx_geyser_burst
[LOG 16:18:59.189] Load Audio: SquadExpansion/Serenity/Sounds/sfx_geyser_idle
[LOG 16:18:59.236] Load DDS texture: KSPCommunityFixes/MMPatches/StockTweaks/Icons/Clamp-O-Tron
[LOG 16:18:59.240] Load TRUECOLOR texture: KSPCommunityFixes/MMPatches/StockTweaks/Icons/Clamp-O-Tron_scaled
[LOG 16:18:59.243] Load DDS texture: KSPCommunityFixes/MMPatches/StockTweaks/Icons/FreeFallParachutes
[LOG 16:18:59.244] Load TRUECOLOR texture: KSPCommunityFixes/MMPatches/StockTweaks/Icons/FreeFallParachutes_scaled
[LOG 16:18:59.252] Load DDS texture: KSPCommunityFixes/MMPatches/StockTweaks/Icons/LightYearTireCompany
[LOG 16:18:59.257] Load TRUECOLOR texture: KSPCommunityFixes/MMPatches/StockTweaks/Icons/LightYearTireCompany_scaled
[LOG 16:18:59.264] Load DDS texture: KSPCommunityFixes/MMPatches/StockTweaks/Icons/StratusCorporation
[LOG 16:18:59.265] Load TRUECOLOR texture: KSPCommunityFixes/MMPatches/StockTweaks/Icons/StratusCorporation_scaled
[LOG 16:18:59.275] Load DDS texture: Squad/Agencies/C7AerospaceDivision
[LOG 16:18:59.276] Load TRUECOLOR texture: Squad/Agencies/C7AerospaceDivision_scaled
[LOG 16:18:59.281] Load DDS texture: Squad/Agencies/DinkelsteinKermansConstructionEmporium
[LOG 16:18:59.282] Load TRUECOLOR texture: Squad/Agencies/DinkelsteinKermansConstructionEmporium_scaled
[LOG 16:18:59.288] Load DDS texture: Squad/Agencies/ExperimentalEngineering
[LOG 16:18:59.293] Load TRUECOLOR texture: Squad/Agencies/ExperimentalEngineering_scaled
[LOG 16:18:59.299] Load DDS texture: Squad/Agencies/FlooydResearchLab
[LOG 16:18:59.310] Load TRUECOLOR texture: Squad/Agencies/FlooydResearchLab_scaled
[LOG 16:18:59.317] Load DDS texture: Squad/Agencies/GoliathNationalProducts
[LOG 16:18:59.323] Load TRUECOLOR texture: Squad/Agencies/GoliathNationalProducts_scaled
[LOG 16:18:59.328] Load DDS texture: Squad/Agencies/IntegratedIntegrals
[LOG 16:18:59.329] Load TRUECOLOR texture: Squad/Agencies/IntegratedIntegrals_scaled
[LOG 16:18:59.335] Load DDS texture: Squad/Agencies/IonicSymphonicProtonicElectronics
[LOG 16:18:59.338] Load TRUECOLOR texture: Squad/Agencies/IonicSymphonicProtonicElectronics_scaled
[LOG 16:18:59.343] Load DDS texture: Squad/Agencies/JebsJunkyard
[LOG 16:18:59.344] Load TRUECOLOR texture: Squad/Agencies/JebsJunkyard_scaled
[LOG 16:18:59.352] Load DDS texture: Squad/Agencies/KerbalMotion
[LOG 16:18:59.353] Load TRUECOLOR texture: Squad/Agencies/KerbalMotion_scaled
[LOG 16:18:59.360] Load DDS texture: Squad/Agencies/KerbinWorldFirstRecordKeepingSociety
[LOG 16:18:59.361] Load TRUECOLOR texture: Squad/Agencies/KerbinWorldFirstRecordKeepingSociety_scaled
[LOG 16:18:59.366] Load DDS texture: Squad/Agencies/Kerbodyne
[LOG 16:18:59.367] Load TRUECOLOR texture: Squad/Agencies/Kerbodyne_scaled
[LOG 16:18:59.374] Load DDS texture: Squad/Agencies/Kerlington
[LOG 16:18:59.379] Load TRUECOLOR texture: Squad/Agencies/Kerlington_scaled
[LOG 16:18:59.386] Load DDS texture: Squad/Agencies/MaxoConstructionToys
[LOG 16:18:59.388] Load TRUECOLOR texture: Squad/Agencies/MaxoConstructionToys_scaled
[LOG 16:18:59.397] Load DDS texture: Squad/Agencies/MovingPartsExpertsGroup
[LOG 16:18:59.398] Load TRUECOLOR texture: Squad/Agencies/MovingPartsExpertsGroup_scaled
[LOG 16:18:59.403] Load DDS texture: Squad/Agencies/OMBDemolition
[LOG 16:18:59.408] Load TRUECOLOR texture: Squad/Agencies/OMBDemolition_scaled
[LOG 16:18:59.417] Load DDS texture: Squad/Agencies/PeriapsisCo
[LOG 16:18:59.421] Load TRUECOLOR texture: Squad/Agencies/PeriapsisCo_scaled
[LOG 16:18:59.427] Load DDS texture: Squad/Agencies/Probodobodyne
[LOG 16:18:59.430] Load TRUECOLOR texture: Squad/Agencies/Probodobodyne_scaled
[LOG 16:18:59.434] Load DDS texture: Squad/Agencies/R&D
[LOG 16:18:59.442] Load TRUECOLOR texture: Squad/Agencies/R&D_scaled
[LOG 16:18:59.451] Load DDS texture: Squad/Agencies/ReactionSystemsLtd
[LOG 16:18:59.456] Load TRUECOLOR texture: Squad/Agencies/ReactionSystemsLtd_scaled
[LOG 16:18:59.462] Load DDS texture: Squad/Agencies/Rockomax
[LOG 16:18:59.463] Load TRUECOLOR texture: Squad/Agencies/Rockomax_scaled
[LOG 16:18:59.468] Load DDS texture: Squad/Agencies/Rokea
[LOG 16:18:59.469] Load TRUECOLOR texture: Squad/Agencies/Rokea_scaled
[LOG 16:18:59.479] Load DDS texture: Squad/Agencies/SeansCannery
[LOG 16:18:59.485] Load TRUECOLOR texture: Squad/Agencies/SeansCannery_scaled
[LOG 16:18:59.490] Load DDS texture: Squad/Agencies/SteadlerEngineeringCorps
[LOG 16:18:59.491] Load TRUECOLOR texture: Squad/Agencies/SteadlerEngineeringCorps_scaled
[LOG 16:18:59.497] Load DDS texture: Squad/Agencies/StrutCo
[LOG 16:18:59.504] Load TRUECOLOR texture: Squad/Agencies/StrutCo_scaled
[LOG 16:18:59.512] Load DDS texture: Squad/Agencies/Vac-Co
[LOG 16:18:59.520] Load TRUECOLOR texture: Squad/Agencies/Vac-Co_scaled
[LOG 16:18:59.525] Load DDS texture: Squad/Agencies/WinterOwl
[LOG 16:18:59.526] Load TRUECOLOR texture: Squad/Agencies/WinterOwl_scaled
[LOG 16:18:59.533] Load DDS texture: Squad/Agencies/ZaltonicElectronics
[LOG 16:18:59.534] Load TRUECOLOR texture: Squad/Agencies/ZaltonicElectronics_scaled
[LOG 16:18:59.540] Load Cached PNG Texture: Squad/Alarms/Icons/ap
[LOG 16:18:59.542] Load Cached PNG Texture: Squad/Alarms/Icons/default
[LOG 16:18:59.548] Load Cached PNG Texture: Squad/Alarms/Icons/maneuver
[LOG 16:18:59.554] Load Cached PNG Texture: Squad/Alarms/Icons/pe
[LOG 16:18:59.559] Load Cached PNG Texture: Squad/Alarms/Icons/raw
[LOG 16:18:59.564] Load Cached PNG Texture: Squad/Alarms/Icons/soi
[LOG 16:18:59.565] Load Cached PNG Texture: Squad/Alarms/Icons/xfer
[LOG 16:18:59.566] Load DDS texture: Squad/Contracts/Icons/balloon
[LOG 16:18:59.566] Load DDS texture: Squad/Contracts/Icons/custom
[LOG 16:18:59.567] Load DDS texture: Squad/Contracts/Icons/default
[LOG 16:18:59.568] Load DDS texture: Squad/Contracts/Icons/dish
[LOG 16:18:59.569] Load DDS texture: Squad/Contracts/Icons/eva
[LOG 16:18:59.574] Load DDS texture: Squad/Contracts/Icons/gravity
[LOG 16:18:59.575] Load Cached PNG Texture: Squad/Contracts/Icons/ksc
[LOG 16:18:59.576] Load DDS texture: Squad/Contracts/Icons/launchsite
[LOG 16:18:59.577] Load DDS texture: Squad/Contracts/Icons/marker
[LOG 16:18:59.578] Load DDS texture: Squad/Contracts/Icons/pressure
[LOG 16:18:59.583] Load DDS texture: Squad/Contracts/Icons/report
[LOG 16:18:59.584] Load DDS texture: Squad/Contracts/Icons/runway
[LOG 16:18:59.590] Load DDS texture: Squad/Contracts/Icons/sample
[LOG 16:18:59.591] Load DDS texture: Squad/Contracts/Icons/seismic
[LOG 16:18:59.596] Load DDS texture: Squad/Contracts/Icons/thermometer
[LOG 16:18:59.606] Load DDS texture: Squad/Contracts/Icons/vessel
[LOG 16:18:59.617] Load Cached PNG Texture: Squad/Flags/09
[LOG 16:18:59.622] Load Cached PNG Texture: Squad/Flags/blorbs
[LOG 16:18:59.629] Load Cached PNG Texture: Squad/Flags/bullseye
[LOG 16:18:59.634] Load Cached PNG Texture: Squad/Flags/capsule
[LOG 16:18:59.641] Load Cached PNG Texture: Squad/Flags/circles
[LOG 16:18:59.650] Load Cached PNG Texture: Squad/Flags/default
[LOG 16:18:59.655] Load Cached PNG Texture: Squad/Flags/hexagon
[LOG 16:18:59.661] Load Cached PNG Texture: Squad/Flags/hexagonCircles
[LOG 16:18:59.666] Load Cached PNG Texture: Squad/Flags/kerbal1
[LOG 16:18:59.672] Load Cached PNG Texture: Squad/Flags/kerbal2
[LOG 16:18:59.679] Load Cached PNG Texture: Squad/Flags/kerbin
[LOG 16:18:59.687] Load Cached PNG Texture: Squad/Flags/kerbinmunflag
[LOG 16:18:59.698] Load Cached PNG Texture: Squad/Flags/line
[LOG 16:18:59.703] Load Cached PNG Texture: Squad/Flags/minimalistic
[LOG 16:18:59.709] Load Cached PNG Texture: Squad/Flags/orbit
[LOG 16:18:59.720] Load Cached PNG Texture: Squad/Flags/orbs
[LOG 16:18:59.728] Load Cached PNG Texture: Squad/Flags/retro
[LOG 16:18:59.735] Load Cached PNG Texture: Squad/Flags/rings
[LOG 16:18:59.740] Load Cached PNG Texture: Squad/Flags/rocketScience
[LOG 16:18:59.745] Load Cached PNG Texture: Squad/Flags/satellite
[LOG 16:18:59.757] Load Cached PNG Texture: Squad/Flags/Sentinel_Flag
[LOG 16:18:59.765] Load Cached PNG Texture: Squad/Flags/spheres
[LOG 16:18:59.770] Load Cached PNG Texture: Squad/Flags/squadLogo
[LOG 16:18:59.776] Load Cached PNG Texture: Squad/Flags/squadLogo2
[LOG 16:18:59.782] Load Cached PNG Texture: Squad/Flags/stripes
[LOG 16:18:59.790] Load Cached PNG Texture: Squad/Flags/trees
[LOG 16:18:59.798] Load Cached PNG Texture: Squad/Flags/trippy
[LOG 16:18:59.805] Load Cached PNG Texture: Squad/FlagsAgency/esa_dark_blue
[LOG 16:18:59.811] Load Cached PNG Texture: Squad/FlagsAgency/NASA
[LOG 16:18:59.816] Load Cached PNG Texture: Squad/FlagsAgency/uk_space_agency
[LOG 16:18:59.822] Load Cached PNG Texture: Squad/FlagsOrganization/B612_Foundation_flag
[LOG 16:18:59.828] Load Cached PNG Texture: Squad/FlagsOrganization/electron
[LOG 16:18:59.834] Load Cached PNG Texture: Squad/FlagsOrganization/ESA_Arianespace
[LOG 16:18:59.839] Load Cached PNG Texture: Squad/FlagsOrganization/rocketlab
[LOG 16:18:59.844] Load DDS texture: Squad/FX/DiamondBlue
[LOG 16:18:59.845] Load DDS texture: Squad/FX/FlameBlueOrange
[LOG 16:18:59.846] Load DDS texture: Squad/FX/FlamePurple
[LOG 16:18:59.851] Load DDS texture: Squad/FX/FlameRed
[LOG 16:18:59.856] Load DDS texture: Squad/FX/FlameRedOrange
[LOG 16:18:59.857] Load DDS texture: Squad/FX/Monoprop
[LOG 16:18:59.858] Load DDS texture: Squad/FX/plasma2
[LOG 16:18:59.864] Load DDS texture: Squad/FX/rocketplume2
[LOG 16:18:59.871] Load DDS texture: Squad/FX/shockDiamond2
[LOG 16:18:59.871] Load DDS texture: Squad/FX/smokepuff1
[LOG 16:18:59.881] Load DDS texture: Squad/Interiors/Administration/AdminBuilding_Lvl1
[LOG 16:18:59.888] Load DDS texture: Squad/Interiors/Administration/AdminBuilding_Lvl2
[LOG 16:18:59.911] Load DDS texture: Squad/Interiors/Administration/AdminBuilding_Lvl3
[LOG 16:18:59.918] Load DDS texture: Squad/MenuProps/MunOrBust
[LOG 16:18:59.927] Load Cached PNG Texture: Squad/Missions/Banners/Fail/default
[LOG 16:18:59.932] Load PNG texture: Squad/Missions/Banners/Menu/default
[WRN 16:18:59.937] Texture isn't eligible for DXT compression, width and height must be multiples of 4
[LOG 16:18:59.937] Load Cached PNG Texture: Squad/Missions/Banners/Success/default
[LOG 16:18:59.946] Load PNG texture: Squad/Missions/ESA-BepiColombo/Banners/Fail/ESA_MB_Fail_01
[WRN 16:18:59.950] Texture isn't eligible for DXT compression, width and height must be multiples of 4
[LOG 16:18:59.951] Load PNG texture: Squad/Missions/ESA-BepiColombo/Banners/Menu/ESA_MB_Select_01
[WRN 16:18:59.955] Texture isn't eligible for DXT compression, width and height must be multiples of 4
[LOG 16:18:59.958] Load PNG texture: Squad/Missions/ESA-BepiColombo/Banners/Success/ESA_MB_Success_01
[WRN 16:18:59.962] Texture isn't eligible for DXT compression, width and height must be multiples of 4
[LOG 16:18:59.964] Load PNG texture: Squad/Missions/ESA-BepiColombo-Short/Banners/Fail/ESA_MB_Fail_01
[WRN 16:18:59.968] Texture isn't eligible for DXT compression, width and height must be multiples of 4
[LOG 16:18:59.968] Load PNG texture: Squad/Missions/ESA-BepiColombo-Short/Banners/Menu/ESA_MB_Select_01
[WRN 16:18:59.973] Texture isn't eligible for DXT compression, width and height must be multiples of 4
[LOG 16:18:59.974] Load PNG texture: Squad/Missions/ESA-BepiColombo-Short/Banners/Success/ESA_MB_Success_01
[WRN 16:18:59.978] Texture isn't eligible for DXT compression, width and height must be multiples of 4
[LOG 16:18:59.980] Load PNG texture: Squad/Missions/ESA-Rosetta/Banners/Fail/ESA_MB_Fail_02
[WRN 16:18:59.985] Texture isn't eligible for DXT compression, width and height must be multiples of 4
[LOG 16:18:59.985] Load PNG texture: Squad/Missions/ESA-Rosetta/Banners/Menu/ESA_MB_Select_02
[WRN 16:18:59.989] Texture isn't eligible for DXT compression, width and height must be multiples of 4
[LOG 16:18:59.991] Load PNG texture: Squad/Missions/ESA-Rosetta/Banners/Success/ESA_MB_Success_02
[WRN 16:18:59.995] Texture isn't eligible for DXT compression, width and height must be multiples of 4
[LOG 16:18:59.997] Load Cached PNG Texture: Squad/PartList/SimpleIcons/ablator
[LOG 16:18:59.998] Load Cached PNG Texture: Squad/PartList/SimpleIcons/active_radiator
[LOG 16:19:00.003] Load Cached PNG Texture: Squad/PartList/SimpleIcons/asteroid_drill
[LOG 16:19:00.005] Load Cached PNG Texture: Squad/PartList/SimpleIcons/cargo_part
[LOG 16:19:00.006] Load Cached PNG Texture: Squad/PartList/SimpleIcons/comet_drill
[LOG 16:19:00.007] Load Cached PNG Texture: Squad/PartList/SimpleIcons/core_heat
[LOG 16:19:00.013] Load Cached PNG Texture: Squad/PartList/SimpleIcons/cs_main
[LOG 16:19:00.016] Load Cached PNG Texture: Squad/PartList/SimpleIcons/cs_mk2
[LOG 16:19:00.021] Load Cached PNG Texture: Squad/PartList/SimpleIcons/cs_mk3
[LOG 16:19:00.030] Load Cached PNG Texture: Squad/PartList/SimpleIcons/cs_size0
[LOG 16:19:00.031] Load Cached PNG Texture: Squad/PartList/SimpleIcons/cs_size1
[LOG 16:19:00.032] Load Cached PNG Texture: Squad/PartList/SimpleIcons/cs_size1p5
[LOG 16:19:00.033] Load Cached PNG Texture: Squad/PartList/SimpleIcons/cs_size2
[LOG 16:19:00.038] Load Cached PNG Texture: Squad/PartList/SimpleIcons/cs_size3
[LOG 16:19:00.038] Load Cached PNG Texture: Squad/PartList/SimpleIcons/cs_size4
[LOG 16:19:00.043] Load Cached PNG Texture: Squad/PartList/SimpleIcons/cs_surface
[LOG 16:19:00.043] Load Cached PNG Texture: Squad/PartList/SimpleIcons/custom_built_fairing
[LOG 16:19:00.050] Load Cached PNG Texture: Squad/PartList/SimpleIcons/deployable_antenna
[LOG 16:19:00.055] Load Cached PNG Texture: Squad/PartList/SimpleIcons/deployable_comms_part
[LOG 16:19:00.056] Load Cached PNG Texture: Squad/PartList/SimpleIcons/deployable_ground_part
[LOG 16:19:00.061] Load Cached PNG Texture: Squad/PartList/SimpleIcons/deployable_part
[LOG 16:19:00.065] Load Cached PNG Texture: Squad/PartList/SimpleIcons/deployable_radiator
[LOG 16:19:00.066] Load Cached PNG Texture: Squad/PartList/SimpleIcons/deployed_science_control_unit
[LOG 16:19:00.067] Load Cached PNG Texture: Squad/PartList/SimpleIcons/deployed_science_experiment
[LOG 16:19:00.068] Load Cached PNG Texture: Squad/PartList/SimpleIcons/deployed_science_part
[LOG 16:19:00.069] Load Cached PNG Texture: Squad/PartList/SimpleIcons/enviro_sensor
[LOG 16:19:00.070] Load Cached PNG Texture: Squad/PartList/SimpleIcons/experience_management
[LOG 16:19:00.071] Load Cached PNG Texture: Squad/PartList/SimpleIcons/fuels_monopropellant
[LOG 16:19:00.071] Load Cached PNG Texture: Squad/PartList/SimpleIcons/fuels_ore
[LOG 16:19:00.072] Load Cached PNG Texture: Squad/PartList/SimpleIcons/fuels_oxidizer
[LOG 16:19:00.073] Load Cached PNG Texture: Squad/PartList/SimpleIcons/fuels_solidfuel
[LOG 16:19:00.074] Load Cached PNG Texture: Squad/PartList/SimpleIcons/fuels_xenongas
[LOG 16:19:00.076] Load Cached PNG Texture: Squad/PartList/SimpleIcons/inventory_part
[LOG 16:19:00.081] Load Cached PNG Texture: Squad/PartList/SimpleIcons/kerbnet_access
[LOG 16:19:00.086] Load Cached PNG Texture: Squad/PartList/SimpleIcons/number1
[LOG 16:19:00.091] Load Cached PNG Texture: Squad/PartList/SimpleIcons/number2
[LOG 16:19:00.096] Load Cached PNG Texture: Squad/PartList/SimpleIcons/number3
[LOG 16:19:00.101] Load Cached PNG Texture: Squad/PartList/SimpleIcons/number4
[LOG 16:19:00.108] Load Cached PNG Texture: Squad/PartList/SimpleIcons/number5
[LOG 16:19:00.109] Load Cached PNG Texture: Squad/PartList/SimpleIcons/number6
[LOG 16:19:00.110] Load Cached PNG Texture: Squad/PartList/SimpleIcons/number7
[LOG 16:19:00.111] Load Cached PNG Texture: Squad/PartList/SimpleIcons/number8
[LOG 16:19:00.116] Load Cached PNG Texture: Squad/PartList/SimpleIcons/number9
[LOG 16:19:00.117] Load Cached PNG Texture: Squad/PartList/SimpleIcons/probe_control_unit
[LOG 16:19:00.122] Load Cached PNG Texture: Squad/PartList/SimpleIcons/R&D_node_icon_advaerodynamics
[LOG 16:19:00.123] Load Cached PNG Texture: Squad/PartList/SimpleIcons/R&D_node_icon_advancedmotors
[LOG 16:19:00.124] Load Cached PNG Texture: Squad/PartList/SimpleIcons/R&D_node_icon_advconstruction
[LOG 16:19:00.133] Load Cached PNG Texture: Squad/PartList/SimpleIcons/R&D_node_icon_advelectrics
[LOG 16:19:00.133] Load Cached PNG Texture: Squad/PartList/SimpleIcons/R&D_node_icon_advexploration
[LOG 16:19:00.134] Load Cached PNG Texture: Squad/PartList/SimpleIcons/R&D_node_icon_advflightcontrol
[LOG 16:19:00.139] Load Cached PNG Texture: Squad/PartList/SimpleIcons/R&D_node_icon_advlanding
[LOG 16:19:00.145] Load Cached PNG Texture: Squad/PartList/SimpleIcons/R&D_node_icon_advmetalworks
[LOG 16:19:00.146] Load Cached PNG Texture: Squad/PartList/SimpleIcons/R&D_node_icon_advrocketry
[LOG 16:19:00.147] Load Cached PNG Texture: Squad/PartList/SimpleIcons/R&D_node_icon_advsciencetech
[LOG 16:19:00.148] Load Cached PNG Texture: Squad/PartList/SimpleIcons/R&D_node_icon_advunmanned
[LOG 16:19:00.149] Load Cached PNG Texture: Squad/PartList/SimpleIcons/R&D_node_icon_aerodynamicsystems
[LOG 16:19:00.149] Load Cached PNG Texture: Squad/PartList/SimpleIcons/R&D_node_icon_aerospacetech
[LOG 16:19:00.155] Load Cached PNG Texture: Squad/PartList/SimpleIcons/R&D_node_icon_automation
[LOG 16:19:00.156] Load Cached PNG Texture: Squad/PartList/SimpleIcons/R&D_node_icon_basicprobes
[LOG 16:19:00.157] Load Cached PNG Texture: Squad/PartList/SimpleIcons/R&D_node_icon_basicrocketry
[LOG 16:19:00.163] Load Cached PNG Texture: Squad/PartList/SimpleIcons/R&D_node_icon_composites
[LOG 16:19:00.170] Load Cached PNG Texture: Squad/PartList/SimpleIcons/R&D_node_icon_electrics
[LOG 16:19:00.171] Load Cached PNG Texture: Squad/PartList/SimpleIcons/R&D_node_icon_electronics
[LOG 16:19:00.177] Load Cached PNG Texture: Squad/PartList/SimpleIcons/R&D_node_icon_evatech
[LOG 16:19:00.178] Load Cached PNG Texture: Squad/PartList/SimpleIcons/R&D_node_icon_experimentalaerodynamics
[LOG 16:19:00.179] Load Cached PNG Texture: Squad/PartList/SimpleIcons/R&D_node_icon_experimentalelectrics
[LOG 16:19:00.182] Load Cached PNG Texture: Squad/PartList/SimpleIcons/R&D_node_icon_experimentalmotors
[LOG 16:19:00.189] Load Cached PNG Texture: Squad/PartList/SimpleIcons/R&D_node_icon_experimentalrocketry
[LOG 16:19:00.194] Load Cached PNG Texture: Squad/PartList/SimpleIcons/R&D_node_icon_experimentalscience
[LOG 16:19:00.195] Load Cached PNG Texture: Squad/PartList/SimpleIcons/R&D_node_icon_fieldscience
[LOG 16:19:00.196] Load Cached PNG Texture: Squad/PartList/SimpleIcons/R&D_node_icon_flightcontrol
[LOG 16:19:00.201] Load Cached PNG Texture: Squad/PartList/SimpleIcons/R&D_node_icon_fuelsystems
[LOG 16:19:00.204] Load Cached PNG Texture: Squad/PartList/SimpleIcons/R&D_node_icon_generalconstruction
[LOG 16:19:00.209] Load Cached PNG Texture: Squad/PartList/SimpleIcons/R&D_node_icon_generalrocketry
[LOG 16:19:00.214] Load Cached PNG Texture: Squad/PartList/SimpleIcons/R&D_node_icon_generic
[LOG 16:19:00.220] Load Cached PNG Texture: Squad/PartList/SimpleIcons/R&D_node_icon_heavierrocketry
[LOG 16:19:00.221] Load Cached PNG Texture: Squad/PartList/SimpleIcons/R&D_node_icon_heavyaerodynamics
[LOG 16:19:00.221] Load Cached PNG Texture: Squad/PartList/SimpleIcons/R&D_node_icon_heavyrocketry
[LOG 16:19:00.222] Load Cached PNG Texture: Squad/PartList/SimpleIcons/R&D_node_icon_highaltitudeflight
[LOG 16:19:00.227] Load Cached PNG Texture: Squad/PartList/SimpleIcons/R&D_node_icon_highaltitudepropulsion
[LOG 16:19:00.232] Load Cached PNG Texture: Squad/PartList/SimpleIcons/R&D_node_icon_hypersonicflight
[LOG 16:19:00.233] Load Cached PNG Texture: Squad/PartList/SimpleIcons/R&D_node_icon_ionpropulsion
[LOG 16:19:00.233] Load Cached PNG Texture: Squad/PartList/SimpleIcons/R&D_node_icon_landing
[LOG 16:19:00.239] Load Cached PNG Texture: Squad/PartList/SimpleIcons/R&D_node_icon_largecontrol
[LOG 16:19:00.245] Load Cached PNG Texture: Squad/PartList/SimpleIcons/R&D_node_icon_largeelectrics
[LOG 16:19:00.248] Load Cached PNG Texture: Squad/PartList/SimpleIcons/R&D_node_icon_largeprobes
[LOG 16:19:00.248] Load Cached PNG Texture: Squad/PartList/SimpleIcons/R&D_node_icon_metamaterials
[LOG 16:19:00.249] Load Cached PNG Texture: Squad/PartList/SimpleIcons/R&D_node_icon_nanolathing
[LOG 16:19:00.250] Load Cached PNG Texture: Squad/PartList/SimpleIcons/R&D_node_icon_nuclearpropulsion
[LOG 16:19:00.255] Load Cached PNG Texture: Squad/PartList/SimpleIcons/R&D_node_icon_precisionengineering
[LOG 16:19:00.260] Load Cached PNG Texture: Squad/PartList/SimpleIcons/R&D_node_icon_robotics
[LOG 16:19:00.260] Load Cached PNG Texture: Squad/PartList/SimpleIcons/R&D_node_icon_sciencetech
[LOG 16:19:00.263] Load Cached PNG Texture: Squad/PartList/SimpleIcons/R&D_node_icon_specializedconstruction
[LOG 16:19:00.263] Load Cached PNG Texture: Squad/PartList/SimpleIcons/R&D_node_icon_specializedcontrol
[LOG 16:19:00.269] Load Cached PNG Texture: Squad/PartList/SimpleIcons/R&D_node_icon_specializedelectrics
[LOG 16:19:00.270] Load Cached PNG Texture: Squad/PartList/SimpleIcons/R&D_node_icon_stability
[LOG 16:19:00.271] Load Cached PNG Texture: Squad/PartList/SimpleIcons/R&D_node_icon_start
[LOG 16:19:00.276] Load Cached PNG Texture: Squad/PartList/SimpleIcons/R&D_node_icon_supersonicflight
[LOG 16:19:00.277] Load Cached PNG Texture: Squad/PartList/SimpleIcons/R&D_node_icon_survivability
[LOG 16:19:00.278] Load Cached PNG Texture: Squad/PartList/SimpleIcons/R&D_node_icon_unmannedtech
[LOG 16:19:00.282] Load Cached PNG Texture: Squad/PartList/SimpleIcons/R&D_node_icon_veryheavyrocketry
[LOG 16:19:00.288] Load Cached PNG Texture: Squad/PartList/SimpleIcons/rcsfx
[LOG 16:19:00.289] Load Cached PNG Texture: Squad/PartList/SimpleIcons/RDicon_aerospaceTech2
[LOG 16:19:00.290] Load Cached PNG Texture: Squad/PartList/SimpleIcons/RDicon_commandmodules
[LOG 16:19:00.290] Load Cached PNG Texture: Squad/PartList/SimpleIcons/RDicon_fuelSystems-advanced
[LOG 16:19:00.291] Load Cached PNG Texture: Squad/PartList/SimpleIcons/RDicon_fuelSystems-highPerformance
[LOG 16:19:00.296] Load Cached PNG Texture: Squad/PartList/SimpleIcons/RDicon_largeVolumeContainment
[LOG 16:19:00.297] Load Cached PNG Texture: Squad/PartList/SimpleIcons/RDicon_miniaturization
[LOG 16:19:00.303] Load Cached PNG Texture: Squad/PartList/SimpleIcons/RDicon_propulsion-precision
[LOG 16:19:00.308] Load Cached PNG Texture: Squad/PartList/SimpleIcons/RDicon_propulsionSystems
[LOG 16:19:00.313] Load Cached PNG Texture: Squad/PartList/SimpleIcons/RDicon_telescope
[LOG 16:19:00.314] Load Cached PNG Texture: Squad/PartList/SimpleIcons/robotic_controller
[LOG 16:19:00.320] Load Cached PNG Texture: Squad/PartList/SimpleIcons/robotic_rotation_servo
[LOG 16:19:00.326] Load Cached PNG Texture: Squad/PartList/SimpleIcons/robotic_servo_hinge
[LOG 16:19:00.331] Load Cached PNG Texture: Squad/PartList/SimpleIcons/robotic_servo_piston
[LOG 16:19:00.332] Load Cached PNG Texture: Squad/PartList/SimpleIcons/robotic_servo_rotor
[LOG 16:19:00.332] Load Cached PNG Texture: Squad/PartList/SimpleIcons/scanner_arm
[LOG 16:19:00.333] Load Cached PNG Texture: Squad/PartList/SimpleIcons/variant
[LOG 16:19:00.340] Load Cached PNG Texture: Squad/Parts/@thumbs/adapterSmallMiniShort_icon0
[LOG 16:19:00.349] Load Cached PNG Texture: Squad/Parts/@thumbs/adapterSmallMiniShort_icon1
[LOG 16:19:00.355] Load Cached PNG Texture: Squad/Parts/@thumbs/adapterSmallMiniTall_icon0
[LOG 16:19:00.362] Load Cached PNG Texture: Squad/Parts/@thumbs/adapterSmallMiniTall_icon1
[LOG 16:19:00.369] Load Cached PNG Texture: Squad/Parts/@thumbs/AdvancedCanard_icon
[LOG 16:19:00.376] Load Cached PNG Texture: Squad/Parts/@thumbs/advSasModule_icon
[LOG 16:19:00.382] Load Cached PNG Texture: Squad/Parts/@thumbs/airbrake1_icon
[LOG 16:19:00.389] Load Cached PNG Texture: Squad/Parts/@thumbs/airScoop_icon
[LOG 16:19:00.398] Load Cached PNG Texture: Squad/Parts/@thumbs/avionicsNoseCone_icon
[LOG 16:19:00.405] Load Cached PNG Texture: Squad/Parts/@thumbs/basicFin_icon
[LOG 16:19:00.411] Load Cached PNG Texture: Squad/Parts/@thumbs/batteryBankMini_icon
[LOG 16:19:00.418] Load Cached PNG Texture: Squad/Parts/@thumbs/batteryBank_icon
[LOG 16:19:00.424] Load Cached PNG Texture: Squad/Parts/@thumbs/batteryPack_icon
[LOG 16:19:00.437] Load Cached PNG Texture: Squad/Parts/@thumbs/cargoContainer_icon
[LOG 16:19:00.446] Load Cached PNG Texture: Squad/Parts/@thumbs/CargoStorageUnit_icon
[LOG 16:19:00.456] Load Cached PNG Texture: Squad/Parts/@thumbs/CircularIntake_icon
[LOG 16:19:00.467] Load Cached PNG Texture: Squad/Parts/@thumbs/commDish_icon
[LOG 16:19:00.475] Load Cached PNG Texture: Squad/Parts/@thumbs/Decoupler.0_icon0
[LOG 16:19:00.515] Load Cached PNG Texture: Squad/Parts/@thumbs/Decoupler.0_icon1
[LOG 16:19:00.536] Load Cached PNG Texture: Squad/Parts/@thumbs/Decoupler.1_icon0
[LOG 16:19:00.548] Load Cached PNG Texture: Squad/Parts/@thumbs/Decoupler.1_icon1
[LOG 16:19:00.554] Load Cached PNG Texture: Squad/Parts/@thumbs/dockingPort1_icon
[LOG 16:19:00.560] Load Cached PNG Texture: Squad/Parts/@thumbs/dockingPort2_icon
[LOG 16:19:00.568] Load Cached PNG Texture: Squad/Parts/@thumbs/dockingPort3_icon
[LOG 16:19:00.576] Load Cached PNG Texture: Squad/Parts/@thumbs/domeLight1_icon0
[LOG 16:19:00.582] Load Cached PNG Texture: Squad/Parts/@thumbs/domeLight1_icon1
[LOG 16:19:00.594] Load Cached PNG Texture: Squad/Parts/@thumbs/elevon2_icon
[LOG 16:19:00.606] Load Cached PNG Texture: Squad/Parts/@thumbs/elevon3_icon
[LOG 16:19:00.618] Load Cached PNG Texture: Squad/Parts/@thumbs/elevon5_icon
[LOG 16:19:00.623] Load Cached PNG Texture: Squad/Parts/@thumbs/evaChute_icon
[LOG 16:19:00.630] Load Cached PNG Texture: Squad/Parts/@thumbs/evaCylinder_icon
[LOG 16:19:00.638] Load Cached PNG Texture: Squad/Parts/@thumbs/evaJetpack_icon
[LOG 16:19:00.644] Load Cached PNG Texture: Squad/Parts/@thumbs/evaRepairKit_icon
[LOG 16:19:00.651] Load Cached PNG Texture: Squad/Parts/@thumbs/evaScienceKit_icon
[LOG 16:19:00.657] Load Cached PNG Texture: Squad/Parts/@thumbs/externalTankCapsule_icon0
[LOG 16:19:00.664] Load Cached PNG Texture: Squad/Parts/@thumbs/externalTankCapsule_icon1
[LOG 16:19:00.673] Load Cached PNG Texture: Squad/Parts/@thumbs/externalTankRound_icon0
[LOG 16:19:00.680] Load Cached PNG Texture: Squad/Parts/@thumbs/externalTankRound_icon1
[LOG 16:19:00.688] Load Cached PNG Texture: Squad/Parts/@thumbs/externalTankToroid_icon0
[LOG 16:19:00.695] Load Cached PNG Texture: Squad/Parts/@thumbs/externalTankToroid_icon1
[LOG 16:19:00.702] Load Cached PNG Texture: Squad/Parts/@thumbs/fireworksLauncherBig_icon
[LOG 16:19:00.712] Load Cached PNG Texture: Squad/Parts/@thumbs/fireworksLauncherSmall_icon
[LOG 16:19:00.718] Load Cached PNG Texture: Squad/Parts/@thumbs/foldingRadMed_icon
[LOG 16:19:00.725] Load Cached PNG Texture: Squad/Parts/@thumbs/foldingRadSmall_icon
[LOG 16:19:00.732] Load Cached PNG Texture: Squad/Parts/@thumbs/FuelCellArray_icon
[LOG 16:19:00.740] Load Cached PNG Texture: Squad/Parts/@thumbs/FuelCell_icon
[LOG 16:19:00.750] Load Cached PNG Texture: Squad/Parts/@thumbs/fuelTank.long_icon0
[LOG 16:19:00.757] Load Cached PNG Texture: Squad/Parts/@thumbs/fuelTankSmallFlat_icon0
[LOG 16:19:00.765] Load Cached PNG Texture: Squad/Parts/@thumbs/fuelTankSmallFlat_icon1
[LOG 16:19:00.771] Load Cached PNG Texture: Squad/Parts/@thumbs/fuelTankSmallFlat_icon2
[LOG 16:19:00.777] Load Cached PNG Texture: Squad/Parts/@thumbs/fuelTankSmallFlat_icon3
[LOG 16:19:00.783] Load Cached PNG Texture: Squad/Parts/@thumbs/fuelTankSmall_icon0
[LOG 16:19:00.790] Load Cached PNG Texture: Squad/Parts/@thumbs/fuelTankSmall_icon1
[LOG 16:19:00.804] Load Cached PNG Texture: Squad/Parts/@thumbs/fuelTankSmall_icon2
[LOG 16:19:00.809] Load Cached PNG Texture: Squad/Parts/@thumbs/fuelTankSmall_icon3
[LOG 16:19:00.815] Load Cached PNG Texture: Squad/Parts/@thumbs/fuelTank_icon0
[LOG 16:19:00.821] Load Cached PNG Texture: Squad/Parts/@thumbs/GearFixed_icon
[LOG 16:19:00.839] Load Cached PNG Texture: Squad/Parts/@thumbs/GearFree_icon
[LOG 16:19:00.844] Load Cached PNG Texture: Squad/Parts/@thumbs/GearSmall_icon
[LOG 16:19:00.856] Load Cached PNG Texture: Squad/Parts/@thumbs/GooExperiment_icon
[LOG 16:19:00.864] Load Cached PNG Texture: Squad/Parts/@thumbs/groundAnchor_icon
[LOG 16:19:00.869] Load Cached PNG Texture: Squad/Parts/@thumbs/groundLight1_icon
[LOG 16:19:00.876] Load Cached PNG Texture: Squad/Parts/@thumbs/groundLight2_icon
[LOG 16:19:00.883] Load Cached PNG Texture: Squad/Parts/@thumbs/HeatShield0_icon
[LOG 16:19:00.890] Load Cached PNG Texture: Squad/Parts/@thumbs/HeatShield1_icon
[LOG 16:19:00.901] Load Cached PNG Texture: Squad/Parts/@thumbs/HECS2.ProbeCore_icon
[LOG 16:19:00.911] Load Cached PNG Texture: Squad/Parts/@thumbs/HighGainAntenna5.v2_icon
[LOG 16:19:01.018] Load Cached PNG Texture: Squad/Parts/@thumbs/HighGainAntenna5_icon
[LOG 16:19:01.026] Load Cached PNG Texture: Squad/Parts/@thumbs/HighGainAntenna_icon
[LOG 16:19:01.039] Load Cached PNG Texture: Squad/Parts/@thumbs/IntakeRadialLong_icon
[LOG 16:19:01.045] Load Cached PNG Texture: Squad/Parts/@thumbs/ionEngine_icon
[LOG 16:19:01.051] Load Cached PNG Texture: Squad/Parts/@thumbs/ksp.r.largeBatteryPack_icon
[LOG 16:19:01.060] Load Cached PNG Texture: Squad/Parts/@thumbs/ladder1_icon
[LOG 16:19:01.066] Load Cached PNG Texture: Squad/Parts/@thumbs/landingLeg1-2_icon
[LOG 16:19:01.072] Load Cached PNG Texture: Squad/Parts/@thumbs/landingLeg1_icon
[LOG 16:19:01.078] Load Cached PNG Texture: Squad/Parts/@thumbs/LgRadialSolarPanel_icon
[LOG 16:19:01.085] Load Cached PNG Texture: Squad/Parts/@thumbs/linearRcs_icon
[LOG 16:19:01.091] Load Cached PNG Texture: Squad/Parts/@thumbs/liquidEngine2.v2_icon0
[LOG 16:19:01.098] Load Cached PNG Texture: Squad/Parts/@thumbs/liquidEngine3.v2_icon0
[LOG 16:19:01.104] Load Cached PNG Texture: Squad/Parts/@thumbs/liquidEngine3.v2_icon1
[LOG 16:19:01.110] Load Cached PNG Texture: Squad/Parts/@thumbs/liquidEngine3.v2_icon2
[LOG 16:19:01.117] Load Cached PNG Texture: Squad/Parts/@thumbs/liquidEngineMini.v2_icon0
[LOG 16:19:01.123] Load Cached PNG Texture: Squad/Parts/@thumbs/liquidEngineMini.v2_icon1
[LOG 16:19:01.132] Load Cached PNG Texture: Squad/Parts/@thumbs/liquidEngineMini.v2_icon2
[LOG 16:19:01.139] Load Cached PNG Texture: Squad/Parts/@thumbs/longAntenna_icon
[LOG 16:19:01.161] Load Cached PNG Texture: Squad/Parts/@thumbs/Magnetometer_icon
[LOG 16:19:01.167] Load Cached PNG Texture: Squad/Parts/@thumbs/mediumDishAntenna_icon
[LOG 16:19:01.174] Load Cached PNG Texture: Squad/Parts/@thumbs/microEngine.v2_icon0
[LOG 16:19:01.179] Load Cached PNG Texture: Squad/Parts/@thumbs/microEngine.v2_icon1
[LOG 16:19:01.189] Load Cached PNG Texture: Squad/Parts/@thumbs/MiniDrill_icon
[LOG 16:19:01.194] Load Cached PNG Texture: Squad/Parts/@thumbs/miniFuelTank_icon
[LOG 16:19:01.201] Load Cached PNG Texture: Squad/Parts/@thumbs/miniFuselage_icon
[LOG 16:19:01.211] Load Cached PNG Texture: Squad/Parts/@thumbs/miniIntake_icon
[LOG 16:19:01.221] Load Cached PNG Texture: Squad/Parts/@thumbs/miniJetEngine_icon
[LOG 16:19:01.228] Load Cached PNG Texture: Squad/Parts/@thumbs/miniLandingLeg_icon
[LOG 16:19:01.234] Load Cached PNG Texture: Squad/Parts/@thumbs/Mite_icon
[LOG 16:19:01.240] Load Cached PNG Texture: Squad/Parts/@thumbs/mk1pod.v2_icon0
[LOG 16:19:01.254] Load Cached PNG Texture: Squad/Parts/@thumbs/mk2DroneCore_icon
[LOG 16:19:01.260] Load Cached PNG Texture: Squad/Parts/@thumbs/mk2LanderCabin.v2_icon1
[LOG 16:19:01.266] Load Cached PNG Texture: Squad/Parts/@thumbs/MpoProbe_icon
[LOG 16:19:01.272] Load Cached PNG Texture: Squad/Parts/@thumbs/navLight1_icon0
[LOG 16:19:01.279] Load Cached PNG Texture: Squad/Parts/@thumbs/navLight1_icon1
[LOG 16:19:01.285] Load Cached PNG Texture: Squad/Parts/@thumbs/noseCone_icon0
[LOG 16:19:01.306] Load Cached PNG Texture: Squad/Parts/@thumbs/noseCone_icon1
[LOG 16:19:01.315] Load Cached PNG Texture: Squad/Parts/@thumbs/noseCone_icon2
[LOG 16:19:01.322] Load Cached PNG Texture: Squad/Parts/@thumbs/omsEngine_icon
[LOG 16:19:01.327] Load Cached PNG Texture: Squad/Parts/@thumbs/OrbitalScanner_icon
[LOG 16:19:01.339] Load Cached PNG Texture: Squad/Parts/@thumbs/parachuteDrogue_icon
[LOG 16:19:01.358] Load Cached PNG Texture: Squad/Parts/@thumbs/parachuteLarge_icon
[LOG 16:19:01.364] Load Cached PNG Texture: Squad/Parts/@thumbs/parachuteRadial_icon
[LOG 16:19:01.378] Load Cached PNG Texture: Squad/Parts/@thumbs/parachuteSingle_icon
[LOG 16:19:01.387] Load Cached PNG Texture: Squad/Parts/@thumbs/probeCoreCube_icon
[LOG 16:19:01.393] Load Cached PNG Texture: Squad/Parts/@thumbs/probeCoreHex.v2_icon
[LOG 16:19:01.400] Load Cached PNG Texture: Squad/Parts/@thumbs/probeCoreOcto.v2_icon
[LOG 16:19:01.407] Load Cached PNG Texture: Squad/Parts/@thumbs/probeCoreOcto2.v2_icon
[LOG 16:19:01.413] Load Cached PNG Texture: Squad/Parts/@thumbs/probeCoreSphere.v2_icon
[LOG 16:19:01.421] Load Cached PNG Texture: Squad/Parts/@thumbs/probeStackLarge_icon
[LOG 16:19:01.427] Load Cached PNG Texture: Squad/Parts/@thumbs/probeStackSmall_icon
[LOG 16:19:01.433] Load Cached PNG Texture: Squad/Parts/@thumbs/R8winglet_icon
[LOG 16:19:01.440] Load Cached PNG Texture: Squad/Parts/@thumbs/radialDecoupler1-2_icon
[LOG 16:19:01.446] Load Cached PNG Texture: Squad/Parts/@thumbs/radialDecoupler2_icon
[LOG 16:19:01.452] Load Cached PNG Texture: Squad/Parts/@thumbs/radialDecoupler_icon
[LOG 16:19:01.459] Load Cached PNG Texture: Squad/Parts/@thumbs/radialDrogue_icon
[LOG 16:19:01.464] Load Cached PNG Texture: Squad/Parts/@thumbs/radialEngineMini.v2_icon0
[LOG 16:19:01.471] Load Cached PNG Texture: Squad/Parts/@thumbs/radialEngineMini.v2_icon1
[LOG 16:19:01.478] Load Cached PNG Texture: Squad/Parts/@thumbs/radialLiquidEngine1-2_icon
[LOG 16:19:01.484] Load Cached PNG Texture: Squad/Parts/@thumbs/RadialOreTank_icon
[LOG 16:19:01.491] Load Cached PNG Texture: Squad/Parts/@thumbs/radialRCSTank_icon
[LOG 16:19:01.497] Load Cached PNG Texture: Squad/Parts/@thumbs/radPanelEdge_icon
[LOG 16:19:01.504] Load Cached PNG Texture: Squad/Parts/@thumbs/radPanelLg_icon
[LOG 16:19:01.510] Load Cached PNG Texture: Squad/Parts/@thumbs/radPanelSm_icon
[LOG 16:19:01.517] Load Cached PNG Texture: Squad/Parts/@thumbs/RCSblock.01.small_icon0
[LOG 16:19:01.525] Load Cached PNG Texture: Squad/Parts/@thumbs/RCSblock.01.small_icon1
[LOG 16:19:01.531] Load Cached PNG Texture: Squad/Parts/@thumbs/RCSblock.01.small_icon2
[LOG 16:19:01.537] Load Cached PNG Texture: Squad/Parts/@thumbs/RCSblock.01.small_icon3
[LOG 16:19:01.545] Load Cached PNG Texture: Squad/Parts/@thumbs/RCSblock.01.small_icon4
[LOG 16:19:01.560] Load Cached PNG Texture: Squad/Parts/@thumbs/RCSBlock.v2_icon
[LOG 16:19:01.567] Load Cached PNG Texture: Squad/Parts/@thumbs/RCSBlock.v2_icon0
[LOG 16:19:01.573] Load Cached PNG Texture: Squad/Parts/@thumbs/RCSBlock.v2_icon1
[LOG 16:19:01.580] Load Cached PNG Texture: Squad/Parts/@thumbs/RCSBlock.v2_icon2
[LOG 16:19:01.588] Load Cached PNG Texture: Squad/Parts/@thumbs/RCSBlock.v2_icon3
[LOG 16:19:01.594] Load Cached PNG Texture: Squad/Parts/@thumbs/RCSBlock.v2_icon4
[LOG 16:19:01.604] Load Cached PNG Texture: Squad/Parts/@thumbs/RCSFuelTank_icon
[LOG 16:19:01.610] Load Cached PNG Texture: Squad/Parts/@thumbs/RCSLinearSmall_icon
[LOG 16:19:01.617] Load Cached PNG Texture: Squad/Parts/@thumbs/rcsTankMini_icon
[LOG 16:19:01.625] Load Cached PNG Texture: Squad/Parts/@thumbs/RelayAntenna5_icon
[LOG 16:19:01.630] Load Cached PNG Texture: Squad/Parts/@thumbs/ReleaseValve_icon
[LOG 16:19:01.636] Load Cached PNG Texture: Squad/Parts/@thumbs/roverBody.v2_icon0
[LOG 16:19:01.642] Load Cached PNG Texture: Squad/Parts/@thumbs/roverBody.v2_icon1
[LOG 16:19:01.648] Load Cached PNG Texture: Squad/Parts/@thumbs/roverBody.v2_icon2
[LOG 16:19:01.676] Load Cached PNG Texture: Squad/Parts/@thumbs/roverWheel1_icon
[LOG 16:19:01.682] Load Cached PNG Texture: Squad/Parts/@thumbs/roverWheel2_icon
[LOG 16:19:01.688] Load Cached PNG Texture: Squad/Parts/@thumbs/rtg_icon
[LOG 16:19:01.695] Load Cached PNG Texture: Squad/Parts/@thumbs/sasModule_icon
[LOG 16:19:01.700] Load Cached PNG Texture: Squad/Parts/@thumbs/science.module_icon
[LOG 16:19:01.709] Load Cached PNG Texture: Squad/Parts/@thumbs/ScienceBox_icon
[LOG 16:19:01.715] Load Cached PNG Texture: Squad/Parts/@thumbs/seatExternalCmd_icon
[LOG 16:19:01.720] Load Cached PNG Texture: Squad/Parts/@thumbs/sensorAccelerometer_icon
[LOG 16:19:01.726] Load Cached PNG Texture: Squad/Parts/@thumbs/sensorAtmosphere_icon
[LOG 16:19:01.732] Load Cached PNG Texture: Squad/Parts/@thumbs/sensorBarometer_icon
[LOG 16:19:01.737] Load Cached PNG Texture: Squad/Parts/@thumbs/sensorGravimeter_icon
[LOG 16:19:01.744] Load Cached PNG Texture: Squad/Parts/@thumbs/sensorThermometer_icon
[LOG 16:19:01.750] Load Cached PNG Texture: Squad/Parts/@thumbs/Separator.0_icon0
[LOG 16:19:01.790] Load Cached PNG Texture: Squad/Parts/@thumbs/Separator.0_icon1
[LOG 16:19:01.807] Load Cached PNG Texture: Squad/Parts/@thumbs/Separator.1_icon0
[LOG 16:19:01.820] Load Cached PNG Texture: Squad/Parts/@thumbs/Separator.1_icon1
[LOG 16:19:01.826] Load Cached PNG Texture: Squad/Parts/@thumbs/sepMotor1_icon
[LOG 16:19:01.832] Load Cached PNG Texture: Squad/Parts/@thumbs/ServiceBay.125.v2_icon
[LOG 16:19:01.846] Load Cached PNG Texture: Squad/Parts/@thumbs/shockConeIntake_icon
[LOG 16:19:01.852] Load Cached PNG Texture: Squad/Parts/@thumbs/Shrimp_icon
[LOG 16:19:01.866] Load Cached PNG Texture: Squad/Parts/@thumbs/smallCargoContainer_icon
[LOG 16:19:01.872] Load Cached PNG Texture: Squad/Parts/@thumbs/smallClaw_icon0
[LOG 16:19:01.878] Load Cached PNG Texture: Squad/Parts/@thumbs/smallClaw_icon1
[LOG 16:19:01.892] Load Cached PNG Texture: Squad/Parts/@thumbs/smallCtrlSrf_icon
[LOG 16:19:01.898] Load Cached PNG Texture: Squad/Parts/@thumbs/SmallGearBay_icon
[LOG 16:19:01.913] Load Cached PNG Texture: Squad/Parts/@thumbs/smallHardpoint_icon
[LOG 16:19:01.918] Load Cached PNG Texture: Squad/Parts/@thumbs/smallRadialEngine.v2_icon0
[LOG 16:19:01.925] Load Cached PNG Texture: Squad/Parts/@thumbs/smallRadialEngine.v2_icon1
[LOG 16:19:01.930] Load Cached PNG Texture: Squad/Parts/@thumbs/solarPanelOX10C_icon
[LOG 16:19:01.936] Load Cached PNG Texture: Squad/Parts/@thumbs/solarPanelOX10L_icon
[LOG 16:19:01.942] Load Cached PNG Texture: Squad/Parts/@thumbs/solarPanels1_icon
[LOG 16:19:01.949] Load Cached PNG Texture: Squad/Parts/@thumbs/solarPanels2_icon
[LOG 16:19:01.957] Load Cached PNG Texture: Squad/Parts/@thumbs/solarPanels3_icon
[LOG 16:19:01.965] Load Cached PNG Texture: Squad/Parts/@thumbs/solarPanels4_icon
[LOG 16:19:01.970] Load Cached PNG Texture: Squad/Parts/@thumbs/solarPanels5_icon
[LOG 16:19:01.976] Load Cached PNG Texture: Squad/Parts/@thumbs/solarPanelSP10C_icon
[LOG 16:19:01.982] Load Cached PNG Texture: Squad/Parts/@thumbs/solarPanelSP10L_icon
[LOG 16:19:01.994] Load Cached PNG Texture: Squad/Parts/@thumbs/solidBooster.sm.v2_icon0
[LOG 16:19:02.001] Load Cached PNG Texture: Squad/Parts/@thumbs/solidBooster.v2_icon0
[LOG 16:19:02.007] Load Cached PNG Texture: Squad/Parts/@thumbs/spotLight1_icon
[LOG 16:19:02.013] Load Cached PNG Texture: Squad/Parts/@thumbs/spotLight2_icon
[LOG 16:19:02.020] Load Cached PNG Texture: Squad/Parts/@thumbs/spotLight3_icon0
[LOG 16:19:02.039] Load Cached PNG Texture: Squad/Parts/@thumbs/spotLight3_icon1
[LOG 16:19:02.046] Load Cached PNG Texture: Squad/Parts/@thumbs/stackPoint1_icon
[LOG 16:19:02.052] Load Cached PNG Texture: Squad/Parts/@thumbs/StandardCtrlSrf_icon
[LOG 16:19:02.057] Load Cached PNG Texture: Squad/Parts/@thumbs/standardNoseCone_icon
[LOG 16:19:02.065] Load Cached PNG Texture: Squad/Parts/@thumbs/stripLight1_icon0
[LOG 16:19:02.072] Load Cached PNG Texture: Squad/Parts/@thumbs/stripLight1_icon1
[LOG 16:19:02.080] Load Cached PNG Texture: Squad/Parts/@thumbs/structuralIBeam1_icon
[LOG 16:19:02.089] Load Cached PNG Texture: Squad/Parts/@thumbs/structuralIBeam3_icon
[LOG 16:19:02.094] Load Cached PNG Texture: Squad/Parts/@thumbs/structuralMiniNode_icon
[LOG 16:19:02.139] Load Cached PNG Texture: Squad/Parts/@thumbs/structuralPanel1_icon
[LOG 16:19:02.147] Load Cached PNG Texture: Squad/Parts/@thumbs/structuralPanel2_icon
[LOG 16:19:02.154] Load Cached PNG Texture: Squad/Parts/@thumbs/structuralWing4_icon
[LOG 16:19:02.160] Load Cached PNG Texture: Squad/Parts/@thumbs/strutCube_icon
[LOG 16:19:02.166] Load Cached PNG Texture: Squad/Parts/@thumbs/strutOcto_icon
[LOG 16:19:02.172] Load Cached PNG Texture: Squad/Parts/@thumbs/SurfaceScanner_icon
[LOG 16:19:02.184] Load Cached PNG Texture: Squad/Parts/@thumbs/SurfAntenna_icon
[LOG 16:19:02.191] Load Cached PNG Texture: Squad/Parts/@thumbs/telescopicLadderBay_icon
[LOG 16:19:02.198] Load Cached PNG Texture: Squad/Parts/@thumbs/telescopicLadder_icon
[LOG 16:19:02.204] Load Cached PNG Texture: Squad/Parts/@thumbs/toroidalAerospike_icon
[LOG 16:19:02.213] Load Cached PNG Texture: Squad/Parts/@thumbs/trussAdapter_icon
[LOG 16:19:02.219] Load Cached PNG Texture: Squad/Parts/@thumbs/trussPiece1x_icon
[LOG 16:19:02.225] Load Cached PNG Texture: Squad/Parts/@thumbs/trussPiece3x_icon
[LOG 16:19:02.231] Load Cached PNG Texture: Squad/Parts/@thumbs/vernierEngine_icon
[LOG 16:19:02.237] Load Cached PNG Texture: Squad/Parts/@thumbs/wheelMed_icon
[LOG 16:19:02.244] Load Cached PNG Texture: Squad/Parts/@thumbs/wingConnector4_icon
[LOG 16:19:02.254] Load Cached PNG Texture: Squad/Parts/@thumbs/wingConnector5_icon
[LOG 16:19:02.260] Load Cached PNG Texture: Squad/Parts/@thumbs/winglet3_icon
[LOG 16:19:02.269] Load Cached PNG Texture: Squad/Parts/@thumbs/winglet_icon
[LOG 16:19:02.277] Load Cached PNG Texture: Squad/Parts/@thumbs/wingShuttleElevon1_icon
[LOG 16:19:02.283] Load Cached PNG Texture: Squad/Parts/@thumbs/xenonTankLarge_icon
[LOG 16:19:02.288] Load Cached PNG Texture: Squad/Parts/@thumbs/xenonTankRadial_icon
[LOG 16:19:02.301] Load Cached PNG Texture: Squad/Parts/@thumbs/xenonTank_icon
[LOG 16:19:02.301] Load DDS texture: Squad/Parts/Aero/aerodynamicNoseCone/Rockomax_Adapters_diffuse
[LOG 16:19:02.302] Load DDS texture: Squad/Parts/Aero/aerodynamicNoseCone/Rockomax_Adapters_normal
[LOG 16:19:02.307] Load DDS texture: Squad/Parts/Aero/airbrake/airbrake
[LOG 16:19:02.314] Load DDS texture: Squad/Parts/Aero/airIntakeRadialXM-G50/RadialIntake
[LOG 16:19:02.323] Load DDS texture: Squad/Parts/Aero/airlinerWings/AirlinerWings
[LOG 16:19:02.330] Load DDS texture: Squad/Parts/Aero/airplaneFins/AirplaneFins
[LOG 16:19:02.339] Load DDS texture: Squad/Parts/Aero/basicFin/BasicFin
[LOG 16:19:02.344] Load DDS texture: Squad/Parts/Aero/circularIntake/CircluarIntakes
[LOG 16:19:02.349] Load DDS texture: Squad/Parts/Aero/circularIntake/CircluarIntakes_Heat
[LOG 16:19:02.355] Load DDS texture: Squad/Parts/Aero/cones/Assets/Cones
[LOG 16:19:02.361] Load DDS texture: Squad/Parts/Aero/cones/Assets/ConesDiffuse
[LOG 16:19:02.370] Load DDS texture: Squad/Parts/Aero/cones/Assets/ConesDiffuse_Orange
[LOG 16:19:02.375] Load DDS texture: Squad/Parts/Aero/cones/Assets/ConesDiffuse_White
[LOG 16:19:02.381] Load DDS texture: Squad/Parts/Aero/cones/Assets/ConesHeat
[LOG 16:19:02.387] Load DDS texture: Squad/Parts/Aero/cones/Assets/ConesHeat_Orange
[LOG 16:19:02.393] Load DDS texture: Squad/Parts/Aero/cones/Assets/ConesHeat_White
[LOG 16:19:02.399] Load DDS texture: Squad/Parts/Aero/cones/Assets/Cones_Heat
[LOG 16:19:02.407] Load Cached PNG Texture: Squad/Parts/Aero/cones/Assets/rocketNoseCones_O
[LOG 16:19:02.413] Load Cached PNG Texture: Squad/Parts/Aero/cones/Assets/rocketNoseCones_O_Normal
[LOG 16:19:02.424] Load DDS texture: Squad/Parts/Aero/cones/Assets/rocketNoseCones_W
[LOG 16:19:02.429] Load DDS texture: Squad/Parts/Aero/cones/Assets/Rockomax_Adapters_diffuse
[LOG 16:19:02.429] Load DDS texture: Squad/Parts/Aero/cones/Assets/Rockomax_Adapters_normal
[LOG 16:19:02.433] Load DDS texture: Squad/Parts/Aero/fairings/AutoTruss
[LOG 16:19:02.443] Load DDS texture: Squad/Parts/Aero/fairings/FairingBase
[LOG 16:19:02.449] Load DDS texture: Squad/Parts/Aero/fairings/FairingBaseNormals
[LOG 16:19:02.455] Load DDS texture: Squad/Parts/Aero/fairings/FairingBaseNormals_bw
[LOG 16:19:02.461] Load DDS texture: Squad/Parts/Aero/fairings/FairingBaseNormals_goldSilver
[LOG 16:19:02.468] Load DDS texture: Squad/Parts/Aero/fairings/FairingBaseNormals_orange
[LOG 16:19:02.475] Load Cached PNG Texture: Squad/Parts/Aero/fairings/FairingBase_black
[LOG 16:19:02.482] Load DDS texture: Squad/Parts/Aero/fairings/FairingBase_bw
[LOG 16:19:02.487] Load DDS texture: Squad/Parts/Aero/fairings/FairingBase_goldDiffuse
[LOG 16:19:02.493] Load DDS texture: Squad/Parts/Aero/fairings/FairingBase_goldSpecular
[LOG 16:19:02.499] Load DDS texture: Squad/Parts/Aero/fairings/FairingBase_orange
[LOG 16:19:02.504] Load DDS texture: Squad/Parts/Aero/fairings/FairingBase_silverDiffuse
[LOG 16:19:02.512] Load DDS texture: Squad/Parts/Aero/fairings/FairingBase_silverSpecular
[LOG 16:19:02.517] Load DDS texture: Squad/Parts/Aero/fairings/fairingsCap
[LOG 16:19:02.523] Load DDS texture: Squad/Parts/Aero/fairings/FairingsMat_silverSpecular
[LOG 16:19:02.530] Load DDS texture: Squad/Parts/Aero/fairings/fairings_diff
[LOG 16:19:02.535] Load DDS texture: Squad/Parts/Aero/fairings/fairings_diff_grey
[LOG 16:19:02.542] Load DDS texture: Squad/Parts/Aero/fairings/fairings_diff_orange
[LOG 16:19:02.548] Load DDS texture: Squad/Parts/Aero/fairings/fairings_grey_normals
[LOG 16:19:02.554] Load DDS texture: Squad/Parts/Aero/fairings/fairings_normals
[LOG 16:19:02.560] Load DDS texture: Squad/Parts/Aero/fairings/fairings_normals_silver
[LOG 16:19:02.566] Load DDS texture: Squad/Parts/Aero/fairings/fairings_orange_normals
[LOG 16:19:02.572] Load DDS texture: Squad/Parts/Aero/fairings/fairings_silverDiffuse
[LOG 16:19:02.583] Load DDS texture: Squad/Parts/Aero/HeatShield/Fairing
[LOG 16:19:02.588] Load DDS texture: Squad/Parts/Aero/HeatShield/heatshield
[LOG 16:19:02.596] Load DDS texture: Squad/Parts/Aero/InflatableHeatShield/HeatShield
[LOG 16:19:02.606] Load DDS texture: Squad/Parts/Aero/InflatableHeatShield/HeatShieldFairing
[LOG 16:19:02.611] Load DDS texture: Squad/Parts/Aero/InflatableHeatShield/HeatShield_NRM
[LOG 16:19:02.619] Load DDS texture: Squad/Parts/Aero/intakeRadialLong/Radial_long
[LOG 16:19:02.626] Load DDS texture: Squad/Parts/Aero/miniIntake/SmallIntake
[LOG 16:19:02.631] Load DDS texture: Squad/Parts/Aero/ramAirIntake/RampIntake
[LOG 16:19:02.639] Load DDS texture: Squad/Parts/Aero/ramAirIntake/RampIntake_Heat
[LOG 16:19:02.646] Load DDS texture: Squad/Parts/Aero/shuttleWings/ShuttleWings
[LOG 16:19:02.655] Load DDS texture: Squad/Parts/Aero/wingletAV-R8/model000
[LOG 16:19:02.662] Load DDS texture: Squad/Parts/Aero/wingletAV-R8/model001
[LOG 16:19:02.668] Load DDS texture: Squad/Parts/Aero/wingletAV-T1/model000
[LOG 16:19:02.674] Load DDS texture: Squad/Parts/Aero/wingletAV-T1/model001
[LOG 16:19:02.681] Load DDS texture: Squad/Parts/Aero/wingletDeltaDeluxe/model000
[LOG 16:19:02.687] Load DDS texture: Squad/Parts/Aero/wings/Wings
[LOG 16:19:02.692] Load DDS texture: Squad/Parts/Cargo/CargoContainers/cargoContainer_diff
[LOG 16:19:02.699] Load DDS texture: Squad/Parts/Cargo/CargoContainers/smallCargoContainer_diffuse
[LOG 16:19:02.705] Load DDS texture: Squad/Parts/Cargo/CargoContainers/smallCargoContainer_nrm
[LOG 16:19:02.710] Load DDS texture: Squad/Parts/Cargo/CargoContainers/smallCargoContainer_specular
[LOG 16:19:02.718] Load DDS texture: Squad/Parts/Cargo/Cylinder/EVAcylinder_diffuse
[LOG 16:19:02.726] Load DDS texture: Squad/Parts/Cargo/Cylinder/EVAcylinder_nrm
[LOG 16:19:02.732] Load DDS texture: Squad/Parts/Cargo/GroundAnchor/groundAnchor_diffuse
[LOG 16:19:02.739] Load DDS texture: Squad/Parts/Cargo/GroundAnchor/groundAnchor_nrm
[LOG 16:19:02.746] Load DDS texture: Squad/Parts/Cargo/Jetpack/EVAjetpack
[LOG 16:19:02.751] Load DDS texture: Squad/Parts/Cargo/Jetpack/EVAjetpackEmmisive
[LOG 16:19:02.757] Load DDS texture: Squad/Parts/Cargo/Jetpack/EVAjetpackNRM
[LOG 16:19:02.764] Load DDS texture: Squad/Parts/Cargo/Parachute/backpack_Diff
[LOG 16:19:02.773] Load DDS texture: Squad/Parts/Cargo/Parachute/backpack_NM
[LOG 16:19:02.781] Load DDS texture: Squad/Parts/Cargo/RepairKit/RepairKit_Diffuse
[LOG 16:19:02.787] Load DDS texture: Squad/Parts/Cargo/RepairKit/RepairKit_Normal
[LOG 16:19:02.793] Load DDS texture: Squad/Parts/Cargo/ScienceKit/ExperimentKit_Material_Diffuse
[LOG 16:19:02.801] Load DDS texture: Squad/Parts/Cargo/ScienceKit/ExperimentKit_Material_Emissive
[LOG 16:19:02.806] Load DDS texture: Squad/Parts/Cargo/ScienceKit/ExperimentKit_Material_Normal
[LOG 16:19:02.817] Load DDS texture: Squad/Parts/Cargo/StorageUnits/Assets/Cargo_Material_Diffuse
[LOG 16:19:02.826] Load DDS texture: Squad/Parts/Cargo/StorageUnits/Assets/Cargo_Material_Normal
[LOG 16:19:02.832] Load DDS texture: Squad/Parts/Command/advancedSasModuleLarge/model000
[LOG 16:19:02.851] Load DDS texture: Squad/Parts/Command/advancedSasModuleLarge/model001
[LOG 16:19:02.860] Load DDS texture: Squad/Parts/Command/cupola/cupola_Emissive
[LOG 16:19:02.865] Load DDS texture: Squad/Parts/Command/cupola/ksp_l_cupola_diff
[LOG 16:19:02.873] Load DDS texture: Squad/Parts/Command/cupola/ksp_l_cupola_normal
[LOG 16:19:02.874] Load DDS texture: Squad/Parts/Command/cupola/window
[LOG 16:19:02.880] Load DDS texture: Squad/Parts/Command/externalCommandSeat/model000
[LOG 16:19:02.888] Load DDS texture: Squad/Parts/Command/hitchhikerStorageContainer/cabin
[LOG 16:19:02.899] Load DDS texture: Squad/Parts/Command/hitchhikerStorageContainer/cabin_Illum
[LOG 16:19:02.906] Load DDS texture: Squad/Parts/Command/hitchhikerStorageContainer/cabin_n
[LOG 16:19:02.907] Load DDS texture: Squad/Parts/Command/hitchhikerStorageContainer/window
[LOG 16:19:02.913] Load DDS texture: Squad/Parts/Command/inlineAdvancedStabilizer/model000
[LOG 16:19:02.929] Load DDS texture: Squad/Parts/Command/inlineAdvancedStabilizer/model001
[LOG 16:19:02.935] Load DDS texture: Squad/Parts/Command/inlineReactionWheel/model000
[LOG 16:19:02.941] Load DDS texture: Squad/Parts/Command/inlineReactionWheel/model001
[LOG 16:19:02.946] Load DDS texture: Squad/Parts/Command/inlineReactionWheel/model002
[LOG 16:19:02.955] Load DDS texture: Squad/Parts/Command/Mk1-2Pod/mk 1-2 external shell Variant-Hatch
[LOG 16:19:02.961] Load DDS texture: Squad/Parts/Command/Mk1-3Pod/M1-3 Pod
[LOG 16:19:02.978] Load DDS texture: Squad/Parts/Command/Mk1-3Pod/M1-3 Pod_GLOW
[LOG 16:19:02.985] Load DDS texture: Squad/Parts/Command/mk1Cockpits/GLOW
[LOG 16:19:02.990] Load DDS texture: Squad/Parts/Command/mk1Cockpits/Mk1Cockpit
[LOG 16:19:03.000] Load DDS texture: Squad/Parts/Command/mk1LanderCan/ksp_s_landerCan_diff
[LOG 16:19:03.014] Load DDS texture: Squad/Parts/Command/mk1LanderCan/ksp_s_landerCan_normal
[LOG 16:19:03.025] Load DDS texture: Squad/Parts/Command/mk1LanderCan/ksp_s_landerCan_psd_illum
[LOG 16:19:03.033] Load DDS texture: Squad/Parts/Command/mk1pod/outer shell
[LOG 16:19:03.038] Load DDS texture: Squad/Parts/Command/mk1pod_v2/Mk1_v2
[LOG 16:19:03.044] Load DDS texture: Squad/Parts/Command/mk1pod_v2/Mk1_v2_GLOW
[LOG 16:19:03.051] Load DDS texture: Squad/Parts/Command/mk1pod_v2/Mk1_v2_GW
[LOG 16:19:03.059] Load DDS texture: Squad/Parts/Command/mk1pod_v2/Mk1_v2_N
[LOG 16:19:03.066] Load DDS texture: Squad/Parts/Command/mk1pod_v2/Mk1_v2_W
[LOG 16:19:03.071] Load DDS texture: Squad/Parts/Command/mk1pod_v2/Mk1_v2_W_N
[LOG 16:19:03.077] Load DDS texture: Squad/Parts/Command/mk2CockpitInline/Cockpit_inline_A
[LOG 16:19:03.085] Load DDS texture: Squad/Parts/Command/mk2CockpitInline/Cockpit_inline_Emissive
[LOG 16:19:03.092] Load DDS texture: Squad/Parts/Command/mk2CockpitInline/Cockpit_inline_normal
[LOG 16:19:03.099] Load DDS texture: Squad/Parts/Command/mk2CockpitStandard/Cockpit
[LOG 16:19:03.108] Load DDS texture: Squad/Parts/Command/mk2CockpitStandard/Cockpit_Lum
[LOG 16:19:03.115] Load DDS texture: Squad/Parts/Command/mk2CockpitStandard/Cockpit_NRM
[LOG 16:19:03.121] Load DDS texture: Squad/Parts/Command/mk2DroneCore/mk2Dronecore
[LOG 16:19:03.128] Load DDS texture: Squad/Parts/Command/mk2LanderCan/Illum
[LOG 16:19:03.129] Load DDS texture: Squad/Parts/Command/mk2LanderCan/ladder
[LOG 16:19:03.135] Load DDS texture: Squad/Parts/Command/mk2LanderCan/outershell
[LOG 16:19:03.156] Load DDS texture: Squad/Parts/Command/mk2LanderCan/outershell_n
[LOG 16:19:03.157] Load DDS texture: Squad/Parts/Command/mk2LanderCan/window
[LOG 16:19:03.163] Load DDS texture: Squad/Parts/Command/mk2LanderCan_v2/Mk2Can
[LOG 16:19:03.172] Load DDS texture: Squad/Parts/Command/mk2LanderCan_v2/Mk2Can_glow
[LOG 16:19:03.181] Load DDS texture: Squad/Parts/Command/mk3CockpitShuttle/Mk3CockpitShuttle
[LOG 16:19:03.194] Load DDS texture: Squad/Parts/Command/mk3CockpitShuttle/Mk3CockpitShuttle_LUM
[LOG 16:19:03.200] Load DDS texture: Squad/Parts/Command/MpoProbe/MpoProbe_diffuse
[LOG 16:19:03.208] Load DDS texture: Squad/Parts/Command/MpoProbe/MpoProbe_nrm
[LOG 16:19:03.215] Load DDS texture: Squad/Parts/Command/MpoProbe/MpoProbe_specular
[LOG 16:19:03.221] Load DDS texture: Squad/Parts/Command/MtmStage/mtmStage_diffuse
[LOG 16:19:03.226] Load DDS texture: Squad/Parts/Command/MtmStage/mtmStage_nrm
[LOG 16:19:03.233] Load DDS texture: Squad/Parts/Command/MtmStage/mtmStage_specular
[LOG 16:19:03.239] Load DDS texture: Squad/Parts/Command/probeCoreCube/QBE_New_diffuse
[LOG 16:19:03.245] Load Cached PNG Texture: Squad/Parts/Command/probeCoreCube/QBE_New_NRM
[LOG 16:19:03.252] Load DDS texture: Squad/Parts/Command/probeCoreCube/QBE_New_specular
[LOG 16:19:03.257] Load DDS texture: Squad/Parts/Command/probeCoreHex/ksp_m_hexProbe_diff
[LOG 16:19:03.276] Load DDS texture: Squad/Parts/Command/probeCoreHex/ksp_m_hexProbe_normal
[LOG 16:19:03.281] Load DDS texture: Squad/Parts/Command/probeCoreHex_v2/hecsDiffuse
[LOG 16:19:03.295] Load DDS texture: Squad/Parts/Command/probeCoreHex_v2/hecsNormal
[LOG 16:19:03.300] Load DDS texture: Squad/Parts/Command/probeCoreOcto2_v2/octoDiffuse
[LOG 16:19:03.301] Load DDS texture: Squad/Parts/Command/probeCoreOcto2_v2/octoNormal
[LOG 16:19:03.302] Load DDS texture: Squad/Parts/Command/probeCoreOcto2_v2/octoSpecular
[LOG 16:19:03.306] Load DDS texture: Squad/Parts/Command/probeCoreOcto_v2/octoDiffuse
[LOG 16:19:03.313] Load DDS texture: Squad/Parts/Command/probeCoreOcto_v2/octoNormal
[LOG 16:19:03.318] Load DDS texture: Squad/Parts/Command/probeCoreOcto_v2/octoSpecular
[LOG 16:19:03.326] Load DDS texture: Squad/Parts/Command/probeRoverBody/model000
[LOG 16:19:03.344] Load DDS texture: Squad/Parts/Command/probeRoverBody/model001
[LOG 16:19:03.350] Load DDS texture: Squad/Parts/Command/probeRoverBody_v2/probeRoverBody_v2_gold_diffuse
[LOG 16:19:03.355] Load Cached PNG Texture: Squad/Parts/Command/probeRoverBody_v2/probeRoverBody_v2_gold_NRM
[LOG 16:19:03.363] Load DDS texture: Squad/Parts/Command/probeRoverBody_v2/probeRoverBody_v2_gold_specular
[LOG 16:19:03.369] Load DDS texture: Squad/Parts/Command/probeRoverBody_v2/probeRoverBody_v2_silver_diffuse
[LOG 16:19:03.375] Load Cached PNG Texture: Squad/Parts/Command/probeRoverBody_v2/probeRoverBody_v2_silver_NRM
[LOG 16:19:03.382] Load DDS texture: Squad/Parts/Command/probeRoverBody_v2/probeRoverBody_v2_silver_specular
[LOG 16:19:03.383] Load DDS texture: Squad/Parts/Command/probeRoverBody_v2/QBE_New_diffuse
[LOG 16:19:03.384] Load DDS texture: Squad/Parts/Command/probeRoverBody_v2/QBE_New_NRM
[LOG 16:19:03.385] Load DDS texture: Squad/Parts/Command/probeRoverBody_v2/QBE_New_specular
[LOG 16:19:03.390] Load DDS texture: Squad/Parts/Command/probeStackLarge/model000
[LOG 16:19:03.397] Load DDS texture: Squad/Parts/Command/probeStackLarge/model001
[LOG 16:19:03.402] Load DDS texture: Squad/Parts/Command/probeStackSmall/model000
[LOG 16:19:03.410] Load DDS texture: Squad/Parts/Command/probeStackSmall/model001
[LOG 16:19:03.415] Load DDS texture: Squad/Parts/Command/probeStackSphere_v2/probeStackSphere_diffuse
[LOG 16:19:03.421] Load DDS texture: Squad/Parts/Command/probeStackSphere_v2/probeStackSphere_normal
[LOG 16:19:03.427] Load DDS texture: Squad/Parts/Command/probeStackSphere_v2/probeStackSphere_specular
[LOG 16:19:03.435] Load Cached PNG Texture: Squad/Parts/CompoundParts/@thumbs/fuelLine_icon0
[LOG 16:19:03.443] Load Cached PNG Texture: Squad/Parts/CompoundParts/@thumbs/fuelLine_icon1
[LOG 16:19:03.451] Load Cached PNG Texture: Squad/Parts/CompoundParts/@thumbs/strutConnector_icon0
[LOG 16:19:03.458] Load Cached PNG Texture: Squad/Parts/CompoundParts/@thumbs/strutConnector_icon1
[LOG 16:19:03.463] Load DDS texture: Squad/Parts/CompoundParts/FuelLine/FTX-2 External Fuel Duct
[LOG 16:19:03.470] Load DDS texture: Squad/Parts/CompoundParts/FuelLine/FTX-2 External Fuel Duct_ESA
[LOG 16:19:03.475] Load DDS texture: Squad/Parts/CompoundParts/strutConnector/EAS-4 Strut Connector
[LOG 16:19:03.480] Load DDS texture: Squad/Parts/CompoundParts/strutConnector/EAS-4 Strut Connector_white
[LOG 16:19:03.486] Load DDS texture: Squad/Parts/Coupling/Assets/Decouplers
[LOG 16:19:03.494] Load DDS texture: Squad/Parts/Coupling/Assets/Decouplers_N
[LOG 16:19:03.501] Load DDS texture: Squad/Parts/Coupling/Assets/Decouplers_whiteYellow
[LOG 16:19:03.508] Load DDS texture: Squad/Parts/Coupling/Assets/Decouplers_whiteYellow_N
[LOG 16:19:03.517] Load DDS texture: Squad/Parts/Electrical/10CSolarPanels/assets/circularSolarPanel_diffuse
[LOG 16:19:03.522] Load DDS texture: Squad/Parts/Electrical/10CSolarPanels/assets/circularSolarPanel_nrm
[LOG 16:19:03.528] Load DDS texture: Squad/Parts/Electrical/10LSolarPanels/assets/retractableSolarPanel_diffuse
[LOG 16:19:03.535] Load DDS texture: Squad/Parts/Electrical/10LSolarPanels/assets/retractableSolarPanel_nrm
[LOG 16:19:03.542] Load DDS texture: Squad/Parts/Electrical/1x6ShroudSolarPanels/model000
[LOG 16:19:03.550] Load DDS texture: Squad/Parts/Electrical/1x6ShroudSolarPanels/model001
[LOG 16:19:03.557] Load DDS texture: Squad/Parts/Electrical/1x6ShroudSolarPanels/model002
[LOG 16:19:03.562] Load DDS texture: Squad/Parts/Electrical/1x6SolarPanels/model000
[LOG 16:19:03.569] Load DDS texture: Squad/Parts/Electrical/1x6SolarPanels/model001
[LOG 16:19:03.574] Load DDS texture: Squad/Parts/Electrical/1x6SolarPanels/model002
[LOG 16:19:03.579] Load DDS texture: Squad/Parts/Electrical/3x2ShroudSolarPanels/model000
[LOG 16:19:03.585] Load DDS texture: Squad/Parts/Electrical/3x2ShroudSolarPanels/model001
[LOG 16:19:03.598] Load DDS texture: Squad/Parts/Electrical/3x2ShroudSolarPanels/model002
[LOG 16:19:03.603] Load DDS texture: Squad/Parts/Electrical/3x2SolarPanels/model000
[LOG 16:19:03.608] Load DDS texture: Squad/Parts/Electrical/3x2SolarPanels/model001
[LOG 16:19:03.621] Load DDS texture: Squad/Parts/Electrical/3x2SolarPanels/model002
[LOG 16:19:03.627] Load DDS texture: Squad/Parts/Electrical/gigantorXlSolarArray/panel
[LOG 16:19:03.632] Load DDS texture: Squad/Parts/Electrical/radialFlatSolarPanel/model000
[LOG 16:19:03.637] Load DDS texture: Squad/Parts/Electrical/RTG/model000
[LOG 16:19:03.643] Load DDS texture: Squad/Parts/Electrical/z-100Battery/model000
[LOG 16:19:03.648] Load DDS texture: Squad/Parts/Electrical/z-1kBattery/model000
[LOG 16:19:03.654] Load DDS texture: Squad/Parts/Electrical/z-1kBattery/model001
[LOG 16:19:03.660] Load DDS texture: Squad/Parts/Electrical/z-200Battery/ksp_m_batteryPack_diff
[LOG 16:19:03.666] Load DDS texture: Squad/Parts/Electrical/z-400Battery/model000
[LOG 16:19:03.671] Load DDS texture: Squad/Parts/Electrical/z-4kBattery/ksp_l_batteryPack_diff
[LOG 16:19:03.688] Load DDS texture: Squad/Parts/Electrical/z-4kBattery/ksp_l_batteryPack_normal
[LOG 16:19:03.694] Load DDS texture: Squad/Parts/Engine/ionEngine/model000
[LOG 16:19:03.700] Load DDS texture: Squad/Parts/Engine/jetEngines/Jet Engines
[LOG 16:19:03.705] Load DDS texture: Squad/Parts/Engine/jetEngines/Jet_Heat
[LOG 16:19:03.711] Load DDS texture: Squad/Parts/Engine/liquidEngine24-77/engine
[LOG 16:19:03.719] Load DDS texture: Squad/Parts/Engine/liquidEngine24-77_v2/Twitch
[LOG 16:19:03.725] Load DDS texture: Squad/Parts/Engine/liquidEngine24-77_v2/Twitch_G
[LOG 16:19:03.731] Load DDS texture: Squad/Parts/Engine/liquidEngine24-77_v2/Twitch_GLOW
[LOG 16:19:03.737] Load DDS texture: Squad/Parts/Engine/liquidEngine48-7S/ksp_m_liquidEngine_diff
[LOG 16:19:03.743] Load DDS texture: Squad/Parts/Engine/liquidEngine48-7S_v2/Spark
[LOG 16:19:03.749] Load DDS texture: Squad/Parts/Engine/liquidEngine48-7S_v2/Spark_Glow
[LOG 16:19:03.754] Load DDS texture: Squad/Parts/Engine/liquidEngineAerospike/Aerospike
[LOG 16:19:03.759] Load DDS texture: Squad/Parts/Engine/liquidEngineAerospike/Aerospike_Heat
[LOG 16:19:03.766] Load DDS texture: Squad/Parts/Engine/liquidEngineLV-1_v2/Assets/Ant_and_Spider_diffuse
[LOG 16:19:03.773] Load DDS texture: Squad/Parts/Engine/liquidEngineLV-1_v2/Assets/Ant_and_Spider_emissive
[LOG 16:19:03.780] Load DDS texture: Squad/Parts/Engine/liquidEngineLV-1_v2/Assets/Ant_and_Spider_normal
[LOG 16:19:03.822] Load DDS texture: Squad/Parts/Engine/liquidEngineLV-1_v2/Assets/Ant_and_Spider_specular
[LOG 16:19:03.829] Load DDS texture: Squad/Parts/Engine/liquidEngineLV-909_v2/Terrier
[LOG 16:19:03.967] Load DDS texture: Squad/Parts/Engine/liquidEngineLV-909_v2/TerrierFairing
[LOG 16:19:03.973] Load DDS texture: Squad/Parts/Engine/liquidEngineLV-909_v2/Terrier_glow
[LOG 16:19:03.980] Load DDS texture: Squad/Parts/Engine/liquidEngineLV-N/model000
[LOG 16:19:03.988] Load DDS texture: Squad/Parts/Engine/liquidEngineLV-N/model001
[LOG 16:19:03.994] Load DDS texture: Squad/Parts/Engine/liquidEngineLV-N/model002
[LOG 16:19:03.999] Load DDS texture: Squad/Parts/Engine/liquidEngineLV-N/model003
[LOG 16:19:04.006] Load DDS texture: Squad/Parts/Engine/liquidEngineLV-T30/model000
[LOG 16:19:04.025] Load DDS texture: Squad/Parts/Engine/liquidEngineLV-T30/model001
[LOG 16:19:04.031] Load DDS texture: Squad/Parts/Engine/liquidEngineLV-T30/model002
[LOG 16:19:04.039] Load DDS texture: Squad/Parts/Engine/liquidEngineLV-T30_v2/Engine_Emissive
[LOG 16:19:04.049] Load DDS texture: Squad/Parts/Engine/liquidEngineLV-T30_v2/Engine_Normal
[LOG 16:19:04.056] Load DDS texture: Squad/Parts/Engine/liquidEngineLV-T30_v2/Fairing
[LOG 16:19:04.063] Load DDS texture: Squad/Parts/Engine/liquidEngineLV-T30_v2/Reliant_v2-shroud_Diffuse
[LOG 16:19:04.072] Load DDS texture: Squad/Parts/Engine/liquidEngineLV-T30_v2/Reliant_v2_Diffuse
[LOG 16:19:04.079] Load DDS texture: Squad/Parts/Engine/liquidEngineLV-T45/model000
[LOG 16:19:04.086] Load DDS texture: Squad/Parts/Engine/liquidEngineLV-T45/model001
[LOG 16:19:04.095] Load DDS texture: Squad/Parts/Engine/liquidEngineLV-T45/model002
[LOG 16:19:04.113] Load DDS texture: Squad/Parts/Engine/liquidEngineLV-T45/model003
[LOG 16:19:04.121] Load DDS texture: Squad/Parts/Engine/liquidEngineLV-T45_v2/Engine_Emissive
[LOG 16:19:04.128] Load DDS texture: Squad/Parts/Engine/liquidEngineLV-T45_v2/Fairing
[LOG 16:19:04.137] Load DDS texture: Squad/Parts/Engine/liquidEngineLV-T45_v2/Swivel_v2_Diffuse
[LOG 16:19:04.146] Load DDS texture: Squad/Parts/Engine/liquidEngineLV-T45_v2/Swivel_v2_Normal
[LOG 16:19:04.160] Load DDS texture: Squad/Parts/Engine/liquidEngineMainsail_v2/mainsail_diffuse
[LOG 16:19:04.168] Load DDS texture: Squad/Parts/Engine/liquidEngineMainsail_v2/mainsail_emissive
[LOG 16:19:04.178] Load DDS texture: Squad/Parts/Engine/liquidEngineMainsail_v2/mainsail_nrm
[LOG 16:19:04.188] Load DDS texture: Squad/Parts/Engine/liquidEngineMainsail_v2/mainsail_specular
[LOG 16:19:04.195] Load DDS texture: Squad/Parts/Engine/liquidEngineMainsail_v2/Shroud
[LOG 16:19:04.203] Load DDS texture: Squad/Parts/Engine/liquidEngineMk55/Thud
[LOG 16:19:04.208] Load DDS texture: Squad/Parts/Engine/liquidEngineMk55/Thud_Heat
[LOG 16:19:04.214] Load DDS texture: Squad/Parts/Engine/liquidEnginePoodle_v2/poodle
[LOG 16:19:04.221] Load DDS texture: Squad/Parts/Engine/liquidEnginePoodle_v2/PoodleShroud
[LOG 16:19:04.226] Load DDS texture: Squad/Parts/Engine/liquidEnginePoodle_v2/poodle_Glow
[LOG 16:19:04.233] Load DDS texture: Squad/Parts/Engine/liquidEnginePoodle_v2/Poodle_SingleBell_Poodle_Diffuse
[LOG 16:19:04.238] Load DDS texture: Squad/Parts/Engine/liquidEnginePoodle_v2/Poodle_SingleBell_Poodle_Emissive
[LOG 16:19:04.245] Load DDS texture: Squad/Parts/Engine/liquidEnginePoodle_v2/Poodle_SingleBell_Poodle_Normal
[LOG 16:19:04.251] Load DDS texture: Squad/Parts/Engine/liquidEngineSkipper_v2/Shroud
[LOG 16:19:04.258] Load DDS texture: Squad/Parts/Engine/liquidEngineSkipper_v2/skipper_v2_diffuse
[LOG 16:19:04.272] Load DDS texture: Squad/Parts/Engine/liquidEngineSkipper_v2/skipper_v2_emissive
[LOG 16:19:04.280] Load DDS texture: Squad/Parts/Engine/liquidEngineSkipper_v2/skipper_v2_normal
[LOG 16:19:04.286] Load DDS texture: Squad/Parts/Engine/liquidEngineSSME/SSME
[LOG 16:19:04.294] Load DDS texture: Squad/Parts/Engine/liquidEngineSSME/SSME_GLOW
[LOG 16:19:04.307] Load DDS texture: Squad/Parts/Engine/liquidEngineSSME/SSME_NRM
[LOG 16:19:04.312] Load DDS texture: Squad/Parts/Engine/MassiveSRB/solid_booster_cm
[LOG 16:19:04.324] Load DDS texture: Squad/Parts/Engine/MassiveSRB/solid_booster_cm_esa
[LOG 16:19:04.329] Load DDS texture: Squad/Parts/Engine/MassiveSRB/solid_booster_em
[LOG 16:19:04.335] Load DDS texture: Squad/Parts/Engine/MassiveSRB/solid_booster_nm
[LOG 16:19:04.342] Load DDS texture: Squad/Parts/Engine/miniJet/SmallJet
[LOG 16:19:04.347] Load DDS texture: Squad/Parts/Engine/OMSEngine/Puff_diffuse
[LOG 16:19:04.357] Load DDS texture: Squad/Parts/Engine/OMSEngine/Puff_emissive
[LOG 16:19:04.362] Load DDS texture: Squad/Parts/Engine/OMSEngine/Puff_normal
[LOG 16:19:04.369] Load DDS texture: Squad/Parts/Engine/OMSEngine/Puff_specular
[LOG 16:19:04.374] Load DDS texture: Squad/Parts/Engine/rapierEngine/rapierDiffuse
[LOG 16:19:04.380] Load DDS texture: Squad/Parts/Engine/rapierEngine/rapieremit
[LOG 16:19:04.386] Load DDS texture: Squad/Parts/Engine/Size1_SRBs/SRB_O
[LOG 16:19:04.391] Load DDS texture: Squad/Parts/Engine/Size1_SRBs/SRB_W
[LOG 16:19:04.398] Load DDS texture: Squad/Parts/Engine/Size1_SRBs/SRB_Y
[LOG 16:19:04.405] Load DDS texture: Squad/Parts/Engine/Size2LFB/Size2LFBEmissive
[LOG 16:19:04.410] Load DDS texture: Squad/Parts/Engine/Size2LFB/twin_nozzle_booster_cm
[LOG 16:19:04.416] Load DDS texture: Squad/Parts/Engine/Size2LFB/twin_nozzle_booster_nm
[LOG 16:19:04.423] Load DDS texture: Squad/Parts/Engine/Size2LFB_v2/Size2LFBEmissive
[LOG 16:19:04.429] Load DDS texture: Squad/Parts/Engine/Size2LFB_v2/twin_nozzle_booster_cm
[LOG 16:19:04.435] Load DDS texture: Squad/Parts/Engine/Size2LFB_v2/twin_nozzle_booster_nm
[LOG 16:19:04.441] Load DDS texture: Squad/Parts/Engine/Size3AdvancedEngine/decoupler_and_adaptor_cm
[LOG 16:19:04.447] Load DDS texture: Squad/Parts/Engine/Size3AdvancedEngine/Size3AdvancedEngineDiffuse
[LOG 16:19:04.453] Load DDS texture: Squad/Parts/Engine/Size3AdvancedEngine/Size3AdvancedEngineEmissive
[LOG 16:19:04.458] Load DDS texture: Squad/Parts/Engine/Size3AdvancedEngine/Size3AdvancedEngineNormal
[LOG 16:19:04.475] Load DDS texture: Squad/Parts/Engine/Size3EngineCluster/ClusterEngineEmit
[LOG 16:19:04.481] Load DDS texture: Squad/Parts/Engine/Size3EngineCluster/four_nozzle_engine_cm
[LOG 16:19:04.491] Load DDS texture: Squad/Parts/Engine/Size3EngineCluster/four_nozzle_engine_nm
[LOG 16:19:04.497] Load DDS texture: Squad/Parts/Engine/solidBoosterBACC/model000
[LOG 16:19:04.504] Load DDS texture: Squad/Parts/Engine/solidBoosterBACC/model001
[LOG 16:19:04.509] Load DDS texture: Squad/Parts/Engine/solidBoosterBACC/model002
[LOG 16:19:04.516] Load DDS texture: Squad/Parts/Engine/solidBoosterRT-5/RT5
[LOG 16:19:04.531] Load DDS texture: Squad/Parts/Engine/solidBoosterS2-17/solidBoosterS2-17_diffuse
[LOG 16:19:04.550] Load DDS texture: Squad/Parts/Engine/solidBoosterS2-17/solidBoosterS2-17_emissive
[LOG 16:19:04.566] Load DDS texture: Squad/Parts/Engine/solidBoosterS2-17/solidBoosterS2-17_normal
[LOG 16:19:04.628] Load DDS texture: Squad/Parts/Engine/solidBoosterS2-33/solidBoosterS2-33_diffuse
[LOG 16:19:04.703] Load DDS texture: Squad/Parts/Engine/solidBoosterS2-33/solidBoosterS2-33_emissive
[LOG 16:19:04.730] Load DDS texture: Squad/Parts/Engine/solidBoosterS2-33/solidBoosterS2-33_normal
[LOG 16:19:04.790] Load DDS texture: Squad/Parts/Engine/solidBoosterSep/model000
[LOG 16:19:04.790] Load DDS texture: Squad/Parts/Engine/solidBoosterSep/motor
[LOG 16:19:04.790] Load DDS texture: Squad/Parts/Engine/SolidBoostersF/Assets/SolidBoosterF3S0_diffuse
[LOG 16:19:04.790] Load DDS texture: Squad/Parts/Engine/SolidBoostersF/Assets/SolidBoosterF3S0_emissive
[LOG 16:19:04.791] Load DDS texture: Squad/Parts/Engine/SolidBoostersF/Assets/SolidBoosterF3S0_normal
[LOG 16:19:04.792] Load DDS texture: Squad/Parts/FuelTank/adapterTanks/Mk3Adapters
[LOG 16:19:04.805] Load DDS texture: Squad/Parts/FuelTank/drainTankFTE-1/fuelValve_diffuse
[LOG 16:19:04.805] Load DDS texture: Squad/Parts/FuelTank/drainTankFTE-1/fuelValve_nrm
[LOG 16:19:04.805] Load DDS texture: Squad/Parts/FuelTank/FoilTanks/RadialTanks
[LOG 16:19:04.808] Load DDS texture: Squad/Parts/FuelTank/FoilTanks/RadialTanksGold_specular
[LOG 16:19:04.814] Load DDS texture: Squad/Parts/FuelTank/FoilTanks/RadialTanksSilver_specular
[LOG 16:19:04.820] Load DDS texture: Squad/Parts/FuelTank/FoilTanks/RadialTanks_N
[LOG 16:19:04.827] Load DDS texture: Squad/Parts/FuelTank/FoilTanks/RadialTanks_silver
[LOG 16:19:04.830] Load DDS texture: Squad/Parts/FuelTank/fuelTankOscarB/model000
[LOG 16:19:04.834] Load DDS texture: Squad/Parts/FuelTank/fuelTankOscarB/model001
[LOG 16:19:04.835] Load DDS texture: Squad/Parts/FuelTank/fuelTankOscarB/tank
[LOG 16:19:04.844] Load DDS texture: Squad/Parts/FuelTank/fuelTankOscarB/tank_n
[LOG 16:19:04.849] Load DDS texture: Squad/Parts/FuelTank/miniFuselage/Fuselage
[LOG 16:19:04.855] Load DDS texture: Squad/Parts/FuelTank/mk2Adapters/mk2adapters1m
[LOG 16:19:04.861] Load DDS texture: Squad/Parts/FuelTank/mk2FuselageLong/mk2Fuselage
[LOG 16:19:04.867] Load DDS texture: Squad/Parts/FuelTank/mk2FuselageShort/mk2FuselageShort
[LOG 16:19:04.873] Load DDS texture: Squad/Parts/FuelTank/mk3Fuselage/Mk3Fuselage
[LOG 16:19:04.881] Load DDS texture: Squad/Parts/FuelTank/mk3Fuselage/Mk3Fuselage_LUM
[LOG 16:19:04.886] Load DDS texture: Squad/Parts/FuelTank/RCSFuelTankR1/RCSFuelTankR1_01
[LOG 16:19:04.893] Load DDS texture: Squad/Parts/FuelTank/RCSFuelTankR1/RCSFuelTankR1_02
[LOG 16:19:04.901] Load DDS texture: Squad/Parts/FuelTank/RCSFuelTankR1/RCSFuelTankR1_N
[LOG 16:19:04.907] Load DDS texture: Squad/Parts/FuelTank/RCSFuelTankR10/ksp_m_rcsTank_diff
[LOG 16:19:04.929] Load DDS texture: Squad/Parts/FuelTank/RCSFuelTankR10/ksp_m_rcsTank_normal
[LOG 16:19:04.937] Load DDS texture: Squad/Parts/FuelTank/RCSFuelTankR25/FL-R25 RCS Fuel Tank_D
[LOG 16:19:04.947] Load DDS texture: Squad/Parts/FuelTank/RCSFuelTankR25/FL-R25 RCS Fuel Tank_N
[LOG 16:19:04.953] Load DDS texture: Squad/Parts/FuelTank/RCSTankRadial/model000
[LOG 16:19:04.958] Load DDS texture: Squad/Parts/FuelTank/RCStankRadialLong/ksp_r_rcsCylTank_diff
[LOG 16:19:04.967] Load DDS texture: Squad/Parts/FuelTank/RockomaxTanks/Assets/rockomax_16 [AlbedoM] BW
[LOG 16:19:04.977] Load DDS texture: Squad/Parts/FuelTank/RockomaxTanks/Assets/rockomax_16 [AlbedoM] ESA
[LOG 16:19:04.985] Load DDS texture: Squad/Parts/FuelTank/RockomaxTanks/Assets/rockomax_16 [AlbedoM] O
[LOG 16:19:04.994] Load DDS texture: Squad/Parts/FuelTank/RockomaxTanks/Assets/rockomax_16 [Normal] BW
[LOG 16:19:05.006] Load DDS texture: Squad/Parts/FuelTank/RockomaxTanks/Assets/rockomax_16 [Normal]ESA
[LOG 16:19:05.015] Load DDS texture: Squad/Parts/FuelTank/RockomaxTanks/Assets/rockomax_16 [Normal]O
[LOG 16:19:05.021] Load DDS texture: Squad/Parts/FuelTank/RockomaxTanks/Assets/rockomax_32 [AlbedoM] ESA
[LOG 16:19:05.027] Load DDS texture: Squad/Parts/FuelTank/RockomaxTanks/Assets/rockomax_32 [Normal]ESA
[LOG 16:19:05.037] Load DDS texture: Squad/Parts/FuelTank/Size1_Tanks/125Tanks_BW
[LOG 16:19:05.043] Load DDS texture: Squad/Parts/FuelTank/Size1_Tanks/125Tanks_D
[LOG 16:19:05.053] Load DDS texture: Squad/Parts/FuelTank/Size1_Tanks/125Tanks_N
[LOG 16:19:05.060] Load DDS texture: Squad/Parts/FuelTank/Size1_Tanks/125Tanks_O
[LOG 16:19:05.070] Load DDS texture: Squad/Parts/FuelTank/Size1_Tanks/125Tanks_W
[LOG 16:19:05.079] Load DDS texture: Squad/Parts/FuelTank/Size3Tanks/fueltTanks_cm
[LOG 16:19:05.085] Load Cached PNG Texture: Squad/Parts/FuelTank/Size3Tanks/Size3Tanks
[LOG 16:19:05.091] Load Cached PNG Texture: Squad/Parts/FuelTank/Size3Tanks/Size3Tanks_Norm
[LOG 16:19:05.098] Load Cached PNG Texture: Squad/Parts/FuelTank/Size3Tanks/Size3Tanks_Orange
[LOG 16:19:05.103] Load Cached PNG Texture: Squad/Parts/FuelTank/Size3Tanks/Size3Tanks_Orange_Norm
[LOG 16:19:05.110] Load DDS texture: Squad/Parts/FuelTank/xenonTank/model000
[LOG 16:19:05.115] Load DDS texture: Squad/Parts/FuelTank/xenonTank/model001
[LOG 16:19:05.121] Load DDS texture: Squad/Parts/FuelTank/xenonTankLarge/tank
[LOG 16:19:05.127] Load DDS texture: Squad/Parts/FuelTank/xenonTankRadial/ksp_r_xenonTank_diff
[LOG 16:19:05.133] Load DDS texture: Squad/Parts/Misc/AsteroidDay/CamSat
[LOG 16:19:05.150] Load DDS texture: Squad/Parts/Misc/AsteroidDay/CamSat_glow
[LOG 16:19:05.159] Load DDS texture: Squad/Parts/Misc/AsteroidDay/CamSat_N_NRM
[LOG 16:19:05.165] Load DDS texture: Squad/Parts/Misc/AsteroidDay/default
[LOG 16:19:05.166] Load DDS texture: Squad/Parts/Misc/AsteroidDay/hecsDiffuse
[LOG 16:19:05.174] Load DDS texture: Squad/Parts/Misc/AsteroidDay/hecsNormal
[LOG 16:19:05.180] Load DDS texture: Squad/Parts/Misc/AsteroidDay/hecsSpecular
[LOG 16:19:05.186] Load DDS texture: Squad/Parts/Misc/AsteroidDay/JumboHexProbe
[LOG 16:19:05.193] Load DDS texture: Squad/Parts/Misc/AsteroidDay/JumboHexProbe_NORM_NRM
[LOG 16:19:05.193] Load DDS texture: Squad/Parts/Resources/FuelCell/FCLamp
[LOG 16:19:05.199] Load DDS texture: Squad/Parts/Resources/FuelCell/FuelCellRack
[LOG 16:19:05.205] Load DDS texture: Squad/Parts/Resources/FuelCell/fuellcell
[LOG 16:19:05.213] Load DDS texture: Squad/Parts/Resources/ISRU/Processor_Large
[LOG 16:19:05.218] Load DDS texture: Squad/Parts/Resources/LargeTank/ksp_l_resourceContainer_diff
[LOG 16:19:05.224] Load DDS texture: Squad/Parts/Resources/LargeTank/ksp_l_resourceContainer_norm
[LOG 16:19:05.230] Load DDS texture: Squad/Parts/Resources/MiniDrill/DustParticle
[LOG 16:19:05.238] Load DDS texture: Squad/Parts/Resources/MiniDrill/ksp_r_rockProbe_diff
[LOG 16:19:05.244] Load DDS texture: Squad/Parts/Resources/MiniDrill/RockParticle
[LOG 16:19:05.251] Load DDS texture: Squad/Parts/Resources/MiniISRU/ksp_s_processorSmall_diff
[LOG 16:19:05.256] Load DDS texture: Squad/Parts/Resources/OrbitalScanner/detector
[LOG 16:19:05.262] Load DDS texture: Squad/Parts/Resources/RadialDrill/DustParticle
[LOG 16:19:05.268] Load DDS texture: Squad/Parts/Resources/RadialDrill/RockParticle
[LOG 16:19:05.274] Load DDS texture: Squad/Parts/Resources/RadialDrill/TriBitDrill
[LOG 16:19:05.280] Load DDS texture: Squad/Parts/Resources/RadialTank/ksp_r_resourceContainer_psd_2
[LOG 16:19:05.286] Load DDS texture: Squad/Parts/Resources/SmallTank/ksp_s_resourceContainer_diff
[LOG 16:19:05.292] Load DDS texture: Squad/Parts/Resources/SmallTank/ksp_s_resourceContainer_normal
[LOG 16:19:05.298] Load DDS texture: Squad/Parts/Resources/SurfaceScanner/ksp_r_samplerAir_diff
[LOG 16:19:05.307] Load DDS texture: Squad/Parts/Resources/SurveyScanner/dish
[LOG 16:19:05.312] Load DDS texture: Squad/Parts/Resources/SurveyScanner/dish_n
[LOG 16:19:05.318] Load DDS texture: Squad/Parts/Science/AtmosphereSensor/ksp_r_hydroscoop_diff
[LOG 16:19:05.324] Load DDS texture: Squad/Parts/Science/GooExperiment/GooExperiment
[LOG 16:19:05.331] Load DDS texture: Squad/Parts/Science/LargeCrewedLab/Large_Crewed_Lab
[LOG 16:19:05.338] Load DDS texture: Squad/Parts/Science/LargeCrewedLab/Large_Crewed_Lab_glow
[LOG 16:19:05.340] Load DDS texture: Squad/Parts/Science/LargeCrewedLab/window
[LOG 16:19:05.346] Load DDS texture: Squad/Parts/Science/Magnetometer/Magnetometer_diffuse
[LOG 16:19:05.352] Load DDS texture: Squad/Parts/Science/Magnetometer/Magnetometer_nrm
[LOG 16:19:05.357] Load DDS texture: Squad/Parts/Science/MaterialBay/science_module_small
[LOG 16:19:05.363] Load DDS texture: Squad/Parts/Science/MaterialBay/science_module_small_emit
[LOG 16:19:05.369] Load DDS texture: Squad/Parts/Science/MaterialBay/science_module_small_nrm
[LOG 16:19:05.375] Load DDS texture: Squad/Parts/Science/MaterialBay/wires
[LOG 16:19:05.380] Load DDS texture: Squad/Parts/Science/ScienceBox/Container
[LOG 16:19:05.385] Load DDS texture: Squad/Parts/Science/sensorAccelerometer/model000
[LOG 16:19:05.391] Load DDS texture: Squad/Parts/Science/sensorBarometer/model000
[LOG 16:19:05.398] Load DDS texture: Squad/Parts/Science/sensorGravimeter/model000
[LOG 16:19:05.403] Load DDS texture: Squad/Parts/Science/sensorThermometer/model000
[LOG 16:19:05.410] Load DDS texture: Squad/Parts/Structural/FLAdapters/Assets/FLA-Adapters_diffuse
[LOG 16:19:05.416] Load DDS texture: Squad/Parts/Structural/FLAdapters/Assets/FLA-Adapters_diffuse_O
[LOG 16:19:05.422] Load DDS texture: Squad/Parts/Structural/FLAdapters/Assets/FLA-Adapters_normal
[LOG 16:19:05.427] Load DDS texture: Squad/Parts/Structural/FLAdapters/Assets/FLA-Adapters_normal_O
[LOG 16:19:05.433] Load DDS texture: Squad/Parts/Structural/mk1Parts/Mk1Structural
[LOG 16:19:05.439] Load DDS texture: Squad/Parts/Structural/mk1Parts/Mk1StructuralHeat
[LOG 16:19:05.449] Load Cached PNG Texture: Squad/Parts/Structural/mk1Parts/@thumbs/MK1Fuselage_icon
[LOG 16:19:05.456] Load DDS texture: Squad/Parts/Structural/Size3To2Adapter_v2/Size2to3_BW_Diffuse
[LOG 16:19:05.461] Load DDS texture: Squad/Parts/Structural/Size3To2Adapter_v2/Size2to3_DUMMY_NRM
[LOG 16:19:05.466] Load DDS texture: Squad/Parts/Structural/Size3To2Adapter_v2/Size2to3_O_Diffuse
[LOG 16:19:05.474] Load DDS texture: Squad/Parts/Structural/Size3To2Adapter_v2/Size2to3_W_Diffuse
[LOG 16:19:05.484] Load DDS texture: Squad/Parts/Structural/Size3To2Adapter_v2/Size2to3_W_NRM
[LOG 16:19:05.491] Load DDS texture: Squad/Parts/Structural/stackAdapters/Assets/stackAdapters_diffuse
[LOG 16:19:05.497] Load DDS texture: Squad/Parts/Structural/stackAdapters/Assets/stackAdapters_diffuse_Dark
[LOG 16:19:05.503] Load DDS texture: Squad/Parts/Structural/stackAdapters/Assets/stackAdapters_diffuse_Orange
[LOG 16:19:05.509] Load DDS texture: Squad/Parts/Structural/stackAdapters/Assets/stackAdapters_normal
[LOG 16:19:05.516] Load DDS texture: Squad/Parts/Structural/stackAdapters/Assets/stackAdapters_normal_Orange
[LOG 16:19:05.522] Load DDS texture: Squad/Parts/Structural/stationHub/model000
[LOG 16:19:05.530] Load DDS texture: Squad/Parts/Structural/stationHub/model001
[LOG 16:19:05.539] Load DDS texture: Squad/Parts/Structural/structuralIBeam200/model000
[LOG 16:19:05.544] Load DDS texture: Squad/Parts/Structural/structuralIBeam200Pocket/model000
[LOG 16:19:05.549] Load DDS texture: Squad/Parts/Structural/structuralIBeam650/model000
[LOG 16:19:05.555] Load DDS texture: Squad/Parts/Structural/structuralMicronode/model000
[LOG 16:19:05.562] Load DDS texture: Squad/Parts/Structural/structuralPanel1x1/model000
[LOG 16:19:05.580] Load DDS texture: Squad/Parts/Structural/structuralPanel1x1/model001
[LOG 16:19:05.585] Load DDS texture: Squad/Parts/Structural/structuralPanel2x2/model000
[LOG 16:19:05.604] Load DDS texture: Squad/Parts/Structural/structuralPanel2x2/model001
[LOG 16:19:05.611] Load DDS texture: Squad/Parts/Structural/structuralPylons/Pylons
[LOG 16:19:05.619] Load DDS texture: Squad/Parts/Structural/strutCubicOcto/cubestrut
[LOG 16:19:05.623] Load DDS texture: Squad/Parts/Structural/strutOcto/model000
[LOG 16:19:05.629] Load DDS texture: Squad/Parts/Structural/trussGirderAdapter/model000
[LOG 16:19:05.634] Load DDS texture: Squad/Parts/Structural/trussGirderAdapter/model001
[LOG 16:19:05.640] Load DDS texture: Squad/Parts/Structural/trussGirderL/model000
[LOG 16:19:05.648] Load DDS texture: Squad/Parts/Structural/trussGirderXL/model000
[LOG 16:19:05.653] Load DDS texture: Squad/Parts/Thermal/FoldingRadiators/radiator
[LOG 16:19:05.659] Load DDS texture: Squad/Parts/Thermal/FoldingRadiators/radiator_N_NRM
[LOG 16:19:05.664] Load DDS texture: Squad/Parts/Thermal/RadiatorPanels/radPanel
[LOG 16:19:05.671] Load DDS texture: Squad/Parts/Thermal/RadiatorPanels/radPanel_N_NRM
[LOG 16:19:05.676] Load DDS texture: Squad/Parts/Utility/commDish88-88/comm_dish_array
[LOG 16:19:05.683] Load DDS texture: Squad/Parts/Utility/commDish88-88/comm_dish_v2_diff
[LOG 16:19:05.688] Load DDS texture: Squad/Parts/Utility/commDish88-88/model000
[LOG 16:19:05.693] Load DDS texture: Squad/Parts/Utility/commsAntennaDTS-M1/mediumDishAntenna
[LOG 16:19:05.701] Load DDS texture: Squad/Parts/Utility/commsAntennaDTS-M1/mediumDishAntenna_Emit
[LOG 16:19:05.707] Load DDS texture: Squad/Parts/Utility/commsDish16/model000
[LOG 16:19:05.713] Load DDS texture: Squad/Parts/Utility/decouplerRadialHDM/model000
[LOG 16:19:05.720] Load DDS texture: Squad/Parts/Utility/decouplerRadialTT-38K/model000
[LOG 16:19:05.726] Load DDS texture: Squad/Parts/Utility/decouplerRadialTT-38K/model001
[LOG 16:19:05.734] Load DDS texture: Squad/Parts/Utility/decouplerRadialTT-70/model000
[LOG 16:19:05.740] Load DDS texture: Squad/Parts/Utility/DirectAntennas/MiniAntenna
[LOG 16:19:05.741] Load DDS texture: Squad/Parts/Utility/dockingPort/Arrow Pointer
[LOG 16:19:05.749] Load DDS texture: Squad/Parts/Utility/dockingPort/DockingPorts_Clampotron_Diffuse
[LOG 16:19:05.755] Load DDS texture: Squad/Parts/Utility/dockingPort/DockingPorts_Clampotron_Emissive
[LOG 16:19:05.764] Load DDS texture: Squad/Parts/Utility/dockingPort/DockingPorts_Clampotron_Normal
[LOG 16:19:05.769] Load DDS texture: Squad/Parts/Utility/dockingPortInline/Arrow Pointer
[LOG 16:19:05.773] Load DDS texture: Squad/Parts/Utility/dockingPortInline/ClampotronLinear_ClampotronLinear_Diffuse
[LOG 16:19:05.780] Load DDS texture: Squad/Parts/Utility/dockingPortInline/ClampotronLinear_ClampotronLinear_Emissive
[LOG 16:19:05.789] Load DDS texture: Squad/Parts/Utility/dockingPortInline/ClampotronLinear_ClampotronLinear_Normal
[LOG 16:19:05.797] Load DDS texture: Squad/Parts/Utility/dockingPortInline/DockingPorts_Clampotron_Diffuse
[LOG 16:19:05.806] Load DDS texture: Squad/Parts/Utility/dockingPortInline/DockingPorts_Clampotron_Emissive
[LOG 16:19:05.813] Load DDS texture: Squad/Parts/Utility/dockingPortInline/DockingPorts_Clampotron_Normal
[LOG 16:19:05.819] Load DDS texture: Squad/Parts/Utility/dockingPortJr/Arrow Pointer
[LOG 16:19:05.822] Load DDS texture: Squad/Parts/Utility/dockingPortJr/DockingPorts_ClampotronJR_Diffuse
[LOG 16:19:05.828] Load DDS texture: Squad/Parts/Utility/dockingPortJr/DockingPorts_ClampotronJR_Normal
[LOG 16:19:05.834] Load DDS texture: Squad/Parts/Utility/dockingPortJr/model000
[LOG 16:19:05.837] Load DDS texture: Squad/Parts/Utility/dockingPortShielded/Arrow Pointer
[LOG 16:19:05.844] Load DDS texture: Squad/Parts/Utility/dockingPortShielded/Clamp-O-Tron Shielded Docking Port_ClampotronShielded_Diffuse
[LOG 16:19:05.853] Load DDS texture: Squad/Parts/Utility/dockingPortShielded/Clamp-O-Tron Shielded Docking Port_ClampotronShielded_Normal
[LOG 16:19:05.862] Load DDS texture: Squad/Parts/Utility/dockingPortShielded/DockingPorts_Clampotron_Diffuse
[LOG 16:19:05.871] Load DDS texture: Squad/Parts/Utility/dockingPortShielded/DockingPorts_Clampotron_Emissive
[LOG 16:19:05.877] Load DDS texture: Squad/Parts/Utility/dockingPortShielded/DockingPorts_Clampotron_Normal
[LOG 16:19:05.882] Load DDS texture: Squad/Parts/Utility/dockingPortSr/Arrow Pointer
[LOG 16:19:05.887] Load DDS texture: Squad/Parts/Utility/dockingPortSr/ClampotronSr_ClampotronSr_Diffuse
[LOG 16:19:05.896] Load DDS texture: Squad/Parts/Utility/dockingPortSr/ClampotronSr_ClampotronSr_Diffuse_gray
[LOG 16:19:05.903] Load DDS texture: Squad/Parts/Utility/dockingPortSr/ClampotronSr_ClampotronSr_Emissive
[LOG 16:19:05.912] Load DDS texture: Squad/Parts/Utility/dockingPortSr/ClampotronSr_ClampotronSr_Normal
[LOG 16:19:05.924] Load Cached PNG Texture: Squad/Parts/Utility/Fireworks/Assets/fireworks_launcher_big 1
[LOG 16:19:05.931] Load Cached PNG Texture: Squad/Parts/Utility/Fireworks/Assets/fireworks_launcher_big
[LOG 16:19:05.937] Load Cached PNG Texture: Squad/Parts/Utility/flags/backgroundTextures/dark_background
[LOG 16:19:05.946] Load Cached PNG Texture: Squad/Parts/Utility/flags/backgroundTextures/orange_background
[LOG 16:19:05.951] Load Cached PNG Texture: Squad/Parts/Utility/flags/backgroundTextures/white_background
[LOG 16:19:05.957] Load DDS texture: Squad/Parts/Utility/GrapplingDevice/grabberDiffuse
[LOG 16:19:05.963] Load DDS texture: Squad/Parts/Utility/GrapplingDevice/grabberDiffuse_dark
[LOG 16:19:05.969] Load DDS texture: Squad/Parts/Utility/GrapplingDevice/grabberNRM
[LOG 16:19:05.972] Load DDS texture: Squad/Parts/Utility/GrapplingDevice/window
[LOG 16:19:05.973] Load DDS texture: Squad/Parts/Utility/ladderRadial/model000
[LOG 16:19:05.981] Load DDS texture: Squad/Parts/Utility/ladderTelescopic/model000
[LOG 16:19:05.987] Load DDS texture: Squad/Parts/Utility/ladderTelescopic/model001
[LOG 16:19:05.992] Load DDS texture: Squad/Parts/Utility/ladderTelescopic/model002
[LOG 16:19:05.998] Load DDS texture: Squad/Parts/Utility/ladderTelescopicBay/model000
[LOG 16:19:06.004] Load DDS texture: Squad/Parts/Utility/ladderTelescopicBay/model001
[LOG 16:19:06.010] Load DDS texture: Squad/Parts/Utility/landingLegLT-1/ksp_r_landingStrut_diff
[LOG 16:19:06.017] Load DDS texture: Squad/Parts/Utility/landingLegLT-2/landingLeg
[LOG 16:19:06.022] Load DDS texture: Squad/Parts/Utility/landingLegLT-5/leg
[LOG 16:19:06.027] Load DDS texture: Squad/Parts/Utility/landingLegLT-5/model000
[LOG 16:19:06.033] Load DDS texture: Squad/Parts/Utility/launchClamp1/model000
[LOG 16:19:06.039] Load DDS texture: Squad/Parts/Utility/launchClamp1/model001
[LOG 16:19:06.044] Load DDS texture: Squad/Parts/Utility/launchEscapeSystem/LES_Diffuse
[LOG 16:19:06.051] Load DDS texture: Squad/Parts/Utility/Lights/Assets/Lights_Attacheable_Lights_Diffuse
[LOG 16:19:06.056] Load DDS texture: Squad/Parts/Utility/Lights/Assets/Lights_Attacheable_Lights_Diffuse_white
[LOG 16:19:06.062] Load DDS texture: Squad/Parts/Utility/Lights/Assets/Lights_Attacheable_Lights_Emissive
[LOG 16:19:06.068] Load DDS texture: Squad/Parts/Utility/Lights/Assets/Lights_Attacheable_Lights_Normal
[LOG 16:19:06.075] Load DDS texture: Squad/Parts/Utility/Lights/Assets/Lights_Rectangle_Light_Diffuse
[LOG 16:19:06.085] Load DDS texture: Squad/Parts/Utility/Lights/Assets/Lights_Rectangle_Light_Diffuse_white
[LOG 16:19:06.093] Load DDS texture: Squad/Parts/Utility/Lights/Assets/Lights_Rectangle_Light_Emissive
[LOG 16:19:06.101] Load DDS texture: Squad/Parts/Utility/Lights/Assets/Lights_Rectangle_Light_Normal
[LOG 16:19:06.112] Load DDS texture: Squad/Parts/Utility/Lights/Assets/Lights_Worklights_Diffuse
[LOG 16:19:06.118] Load DDS texture: Squad/Parts/Utility/Lights/Assets/Lights_Worklights_Emissive
[LOG 16:19:06.125] Load DDS texture: Squad/Parts/Utility/Lights/Assets/Lights_Worklights_Normal
[LOG 16:19:06.130] Load DDS texture: Squad/Parts/Utility/Lights/Assets/Spotlight_Attacheable_Lights_Diffuse
[LOG 16:19:06.136] Load DDS texture: Squad/Parts/Utility/Lights/Assets/Spotlight_Attacheable_Lights_Diffuse_white
[LOG 16:19:06.142] Load DDS texture: Squad/Parts/Utility/Lights/Assets/Spotlight_Attacheable_Lights_Emissive
[LOG 16:19:06.147] Load DDS texture: Squad/Parts/Utility/Lights/Assets/Spotlight_Attacheable_Lights_Normal
[LOG 16:19:06.153] Load DDS texture: Squad/Parts/Utility/linearVernorRCS/Assets/linear_vernor_diffuse
[LOG 16:19:06.159] Load DDS texture: Squad/Parts/Utility/linearVernorRCS/Assets/linear_vernor_emissive
[LOG 16:19:06.160] Load DDS texture: Squad/Parts/Utility/linearVernorRCS/Assets/linear_vernor_normalDummy
[LOG 16:19:06.165] Load DDS texture: Squad/Parts/Utility/linearVernorRCS/Assets/linear_vernor_specular
[LOG 16:19:06.171] Load DDS texture: Squad/Parts/Utility/mk2CargoBay/mk2CargoBay
[LOG 16:19:06.177] Load DDS texture: Squad/Parts/Utility/mk2CrewCabin/mk2CrewCabin
[LOG 16:19:06.182] Load DDS texture: Squad/Parts/Utility/mk2CrewCabin/mk2CrewCabin_LUM
[LOG 16:19:06.187] Load DDS texture: Squad/Parts/Utility/mk2DockingPort/Arrow Pointer
[LOG 16:19:06.192] Load DDS texture: Squad/Parts/Utility/mk2DockingPort/Mk2Clampotron_Caps_Diffuse
[LOG 16:19:06.198] Load DDS texture: Squad/Parts/Utility/mk2DockingPort/Mk2Clampotron_Caps_Emmisive
[LOG 16:19:06.203] Load DDS texture: Squad/Parts/Utility/mk2DockingPort/Mk2Clampotron_Caps_Normal
[LOG 16:19:06.212] Load DDS texture: Squad/Parts/Utility/mk2DockingPort/Mk2Clampotron_Mk2Clampotron_Diffuse
[LOG 16:19:06.222] Load DDS texture: Squad/Parts/Utility/mk2DockingPort/Mk2Clampotron_Mk2Clampotron_Emissive
[LOG 16:19:06.227] Load DDS texture: Squad/Parts/Utility/mk2DockingPort/Mk2Clampotron_Mk2Clampotron_Normal
[LOG 16:19:06.234] Load DDS texture: Squad/Parts/Utility/mk2DockingPort/mk2DockingPort
[LOG 16:19:06.242] Load DDS texture: Squad/Parts/Utility/mk3CargoBay/Mk3CargoBay
[LOG 16:19:06.248] Load DDS texture: Squad/Parts/Utility/parachuteMk1/model000
[LOG 16:19:06.253] Load DDS texture: Squad/Parts/Utility/parachuteMk1/model001
[LOG 16:19:06.259] Load DDS texture: Squad/Parts/Utility/parachuteMk12-R/model000
[LOG 16:19:06.264] Load DDS texture: Squad/Parts/Utility/parachuteMk12-R/model001
[LOG 16:19:06.269] Load DDS texture: Squad/Parts/Utility/parachuteMk16-XL/model000
[LOG 16:19:06.276] Load DDS texture: Squad/Parts/Utility/parachuteMk16-XL/model001
[LOG 16:19:06.284] Load DDS texture: Squad/Parts/Utility/parachuteMk2-R/model000
[LOG 16:19:06.293] Load DDS texture: Squad/Parts/Utility/parachuteMk2-R/model001
[LOG 16:19:06.299] Load DDS texture: Squad/Parts/Utility/parachuteMk25/model000
[LOG 16:19:06.305] Load DDS texture: Squad/Parts/Utility/parachuteMk25/model001
[LOG 16:19:06.323] Load DDS texture: Squad/Parts/Utility/radialAttachmentPoint/model000
[LOG 16:19:06.329] Load DDS texture: Squad/Parts/Utility/radialAttachmentPoint/model001
[LOG 16:19:06.335] Load DDS texture: Squad/Parts/Utility/rcsBlockRV-105_v2/rcsBlock_diffuse
[LOG 16:19:06.336] Load DDS texture: Squad/Parts/Utility/rcsBlockRV-105_v2/rcsThrusterBlock_normal
[LOG 16:19:06.342] Load DDS texture: Squad/Parts/Utility/rcsBlockRV-105_v2/rcsThruster_emissive
[LOG 16:19:06.347] Load DDS texture: Squad/Parts/Utility/rcsBlockRV-105_v2/rcsThruster_specular
[LOG 16:19:06.352] Load DDS texture: Squad/Parts/Utility/rcsBlockRV-105_v2/RCS_Block_Diffuse
[LOG 16:19:06.358] Load DDS texture: Squad/Parts/Utility/rcsBlockRV-105_v2/RCS_Block_Emissive
[LOG 16:19:06.372] Load DDS texture: Squad/Parts/Utility/rcsBlockRV-105_v2/RCS_Block_Normal
[LOG 16:19:06.378] Load DDS texture: Squad/Parts/Utility/rcsBlockRV-105_v2/RCS_Block_Specular
[LOG 16:19:06.384] Load DDS texture: Squad/Parts/Utility/rcsSmallLinear/Assets/RCS_Linear_Base_Diffuse
[LOG 16:19:06.393] Load DDS texture: Squad/Parts/Utility/rcsSmallLinear/Assets/RCS_Linear_Diffuse
[LOG 16:19:06.399] Load DDS texture: Squad/Parts/Utility/rcsSmallLinear/Assets/RCS_Linear_Emissive
[LOG 16:19:06.404] Load DDS texture: Squad/Parts/Utility/rcsSmallLinear/Assets/RCS_Linear_Normal
[LOG 16:19:06.410] Load DDS texture: Squad/Parts/Utility/rcsSmallLinear/Assets/RCS_Linear_Specular
[LOG 16:19:06.415] Load DDS texture: Squad/Parts/Utility/RelayAntennas/DishAntenna
[LOG 16:19:06.421] Load DDS texture: Squad/Parts/Utility/RelayAntennas/MiniAntenna
[LOG 16:19:06.427] Load DDS texture: Squad/Parts/Utility/rockomaxAdapters/Assets/Rockomax_Adapters_diffuse
[LOG 16:19:06.434] Load DDS texture: Squad/Parts/Utility/rockomaxAdapters/Assets/Rockomax_Adapters_diffuse_O
[LOG 16:19:06.440] Load DDS texture: Squad/Parts/Utility/rockomaxAdapters/Assets/Rockomax_Adapters_diffuse_W
[LOG 16:19:06.447] Load DDS texture: Squad/Parts/Utility/rockomaxAdapters/Assets/Rockomax_Adapters_normal
[LOG 16:19:06.453] Load DDS texture: Squad/Parts/Utility/rockomaxAdapters/Assets/Rockomax_Adapters_normal_O
[LOG 16:19:06.459] Load DDS texture: Squad/Parts/Utility/ServiceBay/ServiceBay
[LOG 16:19:06.466] Load Cached PNG Texture: Squad/Parts/Utility/ServiceBay_v2/Assets/Scratch
[LOG 16:19:06.471] Load Cached PNG Texture: Squad/Parts/Utility/ServiceBay_v2/Assets/ServiceBay_bump
[LOG 16:19:06.478] Load Cached PNG Texture: Squad/Parts/Utility/ServiceBay_v2/Assets/ServiceBay_v2
[LOG 16:19:06.483] Load DDS texture: Squad/Parts/Utility/smallClaw/grabberSmallDiffuse
[LOG 16:19:06.492] Load DDS texture: Squad/Parts/Utility/smallClaw/grabberSmallDiffuseDark
[LOG 16:19:06.498] Load DDS texture: Squad/Parts/Utility/smallClaw/grabberSmallNRM
[LOG 16:19:06.499] Load DDS texture: Squad/Parts/Utility/smallClaw/window
[LOG 16:19:06.504] Load DDS texture: Squad/Parts/Utility/spotLightMk1/light1
[LOG 16:19:06.510] Load DDS texture: Squad/Parts/Utility/spotLightMk1/light1_em
[LOG 16:19:06.517] Load DDS texture: Squad/Parts/Utility/spotLightMk1_v2/spotLightMk1_Diffuse
[LOG 16:19:06.524] Load DDS texture: Squad/Parts/Utility/spotLightMk1_v2/spotLightMk1_Diffuse_white
[LOG 16:19:06.530] Load DDS texture: Squad/Parts/Utility/spotLightMk1_v2/spotLightMk1_Emissive
[LOG 16:19:06.539] Load DDS texture: Squad/Parts/Utility/spotLightMk1_v2/spotLightMk1_Normal
[LOG 16:19:06.545] Load DDS texture: Squad/Parts/Utility/spotLightMk2/light2
[LOG 16:19:06.546] Load DDS texture: Squad/Parts/Utility/spotLightMk2/light2_em
[LOG 16:19:06.551] Load DDS texture: Squad/Parts/Utility/spotLightMk2_v2/spotLightMk2_Diffuse
[LOG 16:19:06.559] Load DDS texture: Squad/Parts/Utility/spotLightMk2_v2/spotLightMk2_Diffuse_white
[LOG 16:19:06.564] Load DDS texture: Squad/Parts/Utility/spotLightMk2_v2/spotLightMk2_Emissive
[LOG 16:19:06.570] Load DDS texture: Squad/Parts/Utility/spotLightMk2_v2/spotLightMk2_Normal
[LOG 16:19:06.575] Load DDS texture: Squad/Parts/Utility/stackCouplers/Assets/stackCouplersDiffuse
[LOG 16:19:06.582] Load DDS texture: Squad/Parts/Utility/stackCouplers/Assets/stackCouplersDiffuse_Dark
[LOG 16:19:06.587] Load DDS texture: Squad/Parts/Utility/stackCouplers/Assets/stackCouplersDiffuse_Orange
[LOG 16:19:06.595] Load DDS texture: Squad/Parts/Utility/stackCouplers/Assets/stackCouplers_NRM
[LOG 16:19:06.601] Load DDS texture: Squad/Parts/Utility/stackCouplers/Assets/stackCouplers_Orange_NRM
[LOG 16:19:06.607] Load DDS texture: Squad/Parts/Wheel/LandingGear/Flare
[LOG 16:19:06.612] Load DDS texture: Squad/Parts/Wheel/LandingGear/LandingGear
[LOG 16:19:06.625] Load DDS texture: Squad/Parts/Wheel/LandingGear/LandingGear_Emissive
[LOG 16:19:06.631] Load DDS texture: Squad/Parts/Wheel/roverWheelM1/model000
[LOG 16:19:06.637] Load DDS texture: Squad/Parts/Wheel/roverWheelM1/roverwheel1
[LOG 16:19:06.644] Load DDS texture: Squad/Parts/Wheel/roverWheelS2/model000
[LOG 16:19:06.671] Load DDS texture: Squad/Parts/Wheel/roverWheelS2/model001
[LOG 16:19:06.672] Load DDS texture: Squad/Parts/Wheel/roverWheelS2/roverwheel2
[LOG 16:19:06.705] Load DDS texture: Squad/Parts/Wheel/roverWheelS2/roverwheel2_n
[LOG 16:19:06.711] Load DDS texture: Squad/Parts/Wheel/roverWheelTR-2L/ksp_r_medWheel_diff
[LOG 16:19:06.717] Load DDS texture: Squad/Parts/Wheel/roverWheelTR-2L/ksp_r_medWheel_normal
[LOG 16:19:06.723] Load DDS texture: Squad/Parts/Wheel/roverWheelTR-2L/ksp_r_medWheel_wheel_diff
[LOG 16:19:06.728] Load DDS texture: Squad/Parts/Wheel/roverWheelTR-2L/ksp_r_medWheel_wheel_normal
[LOG 16:19:06.734] Load DDS texture: Squad/Parts/Wheel/roverWheelXL3/mount
[LOG 16:19:06.739] Load DDS texture: Squad/Parts/Wheel/roverWheelXL3/mount_n
[LOG 16:19:06.746] Load DDS texture: Squad/Parts/Wheel/roverWheelXL3/wheel
[LOG 16:19:06.763] Load DDS texture: Squad/Parts/Wheel/roverWheelXL3/wheel_n
[LOG 16:19:06.776] Load DDS texture: Squad/Props/AltimeterThreeHands/model000
[LOG 16:19:06.782] Load DDS texture: Squad/Props/AltimeterThreeHands/model001
[LOG 16:19:06.788] Load DDS texture: Squad/Props/AtmosphereDepth/model000
[LOG 16:19:06.794] Load DDS texture: Squad/Props/AtmosphereDepth/model001
[LOG 16:19:06.799] Load DDS texture: Squad/Props/AxisIndicator/model000
[LOG 16:19:06.830] Load DDS texture: Squad/Props/buttonsGeneric/ButtonsAndSwitches
[LOG 16:19:06.840] Load DDS texture: Squad/Props/ButtonSquare/model000
[LOG 16:19:06.846] Load DDS texture: Squad/Props/circularButton/model000
[LOG 16:19:06.853] Load DDS texture: Squad/Props/Compass/model000
[LOG 16:19:06.863] Load DDS texture: Squad/Props/directionalKnob/model000
[LOG 16:19:06.868] Load DDS texture: Squad/Props/directionalKnob2/model000
[LOG 16:19:06.874] Load DDS texture: Squad/Props/IndicatorPanel/model000
[LOG 16:19:06.881] Load DDS texture: Squad/Props/IndicatorPanel/model001
[LOG 16:19:06.885] Load DDS texture: Squad/Props/IVANavBall/Arrows8dir
[LOG 16:19:06.891] Load DDS texture: Squad/Props/IVANavBall/IVANavBall
[LOG 16:19:06.900] Load DDS texture: Squad/Props/IVANavBall/IVANavBall_Glow
[LOG 16:19:06.905] Load DDS texture: Squad/Props/IVANavBall/ManeuverNode_vectors
[LOG 16:19:06.912] Load DDS texture: Squad/Props/IVANavBall/navball2
[LOG 16:19:06.918] Load DDS texture: Squad/Props/IVANavBall/navBall_DV_IVA
[LOG 16:19:06.924] Load DDS texture: Squad/Props/IVANavBall/navBall_vectors_IVA
[LOG 16:19:06.931] Load Cached PNG Texture: Squad/Props/IVANavBallNoBase/Arrows8dir
[LOG 16:19:06.936] Load Cached PNG Texture: Squad/Props/IVANavBallNoBase/IVANavBall
[LOG 16:19:06.941] Load Cached PNG Texture: Squad/Props/IVANavBallNoBase/ManeuverNode_vectors
[LOG 16:19:06.946] Load Cached PNG Texture: Squad/Props/IVANavBallNoBase/navball2
[LOG 16:19:06.952] Load Cached PNG Texture: Squad/Props/IVANavBallNoBase/navBall_DV_IVA
[LOG 16:19:06.958] Load Cached PNG Texture: Squad/Props/IVANavBallNoBase/navBall_vectors_IVA
[LOG 16:19:06.964] Load DDS texture: Squad/Props/ledPanelSpeed/circularButton
[LOG 16:19:06.969] Load DDS texture: Squad/Props/ledPanelSpeed/ledPanel
[LOG 16:19:06.974] Load DDS texture: Squad/Props/Monitor/Emissives
[LOG 16:19:06.979] Load DDS texture: Squad/Props/Monitor/Emissives_glow
[LOG 16:19:06.991] Load DDS texture: Squad/Props/Monitor/Monitor
[LOG 16:19:06.995] Load DDS texture: Squad/Props/NavBall/GaugeGee
[LOG 16:19:07.001] Load DDS texture: Squad/Props/NavBall/GaugeThrottle
[LOG 16:19:07.006] Load DDS texture: Squad/Props/NavBall/model000
[LOG 16:19:07.011] Load DDS texture: Squad/Props/NavBall/model001
[LOG 16:19:07.016] Load DDS texture: Squad/Props/NavBall/model002
[LOG 16:19:07.023] Load DDS texture: Squad/Props/NavBall/model003
[LOG 16:19:07.031] Load DDS texture: Squad/Props/PropsGeneric/propsGeneric
[LOG 16:19:07.036] Load DDS texture: Squad/Props/pullSwitch/model000
[LOG 16:19:07.040] Load DDS texture: Squad/Props/pullSwitch/model001
[LOG 16:19:07.046] Load DDS texture: Squad/Props/radarAltitude/model000
[LOG 16:19:07.051] Load DDS texture: Squad/Props/squareButton/model000
[LOG 16:19:07.057] Load DDS texture: Squad/Props/standingSwitch/model000
[LOG 16:19:07.063] Load DDS texture: Squad/Props/standingSwitch/model001
[LOG 16:19:07.067] Load DDS texture: Squad/Props/switch/model000
[LOG 16:19:07.073] Load DDS texture: Squad/Props/switchGuard/model000
[LOG 16:19:07.079] Load DDS texture: Squad/Props/switchWithGuards/model000
[LOG 16:19:07.084] Load DDS texture: Squad/Props/switchWithGuards/model001
[LOG 16:19:07.091] Load DDS texture: Squad/Props/switchWithGuards/model002
[LOG 16:19:07.097] Load DDS texture: Squad/Props/throttle/model000
[LOG 16:19:07.103] Load DDS texture: Squad/Props/throttle/model001
[LOG 16:19:07.109] Load DDS texture: Squad/Props/VSI/model000
[LOG 16:19:07.109] Load DDS texture: Squad/Spaces/crewCabinInternals/model000
[LOG 16:19:07.119] Load DDS texture: Squad/Spaces/crewCabinInternals/model001
[LOG 16:19:07.125] Load DDS texture: Squad/Spaces/crewCabinInternals/model002
[LOG 16:19:07.131] Load DDS texture: Squad/Spaces/crewCabinInternals/model003
[LOG 16:19:07.132] Load DDS texture: Squad/Spaces/crewCabinInternals/model004
[LOG 16:19:07.137] Load DDS texture: Squad/Spaces/crewCabinInternals/model005
[LOG 16:19:07.144] Load DDS texture: Squad/Spaces/cupolaInternal/ksp_l_cupola_internal_diff
[LOG 16:19:07.152] Load DDS texture: Squad/Spaces/cupolaInternal/ksp_l_cupola_internal_normal
[LOG 16:19:07.159] Load DDS texture: Squad/Spaces/cupolaInternal/ksp_l_cupola_internal_windows_alpha
[LOG 16:19:07.167] Load DDS texture: Squad/Spaces/cupolaInternal/pilot Seat
[LOG 16:19:07.173] Load DDS texture: Squad/Spaces/GenericSpace1/model000
[LOG 16:19:07.178] Load DDS texture: Squad/Spaces/GenericSpace1/model001
[LOG 16:19:07.189] Load DDS texture: Squad/Spaces/GenericSpace1/model002
[LOG 16:19:07.194] Load DDS texture: Squad/Spaces/GenericSpace1/model003
[LOG 16:19:07.202] Load DDS texture: Squad/Spaces/GenericSpace1/model004
[LOG 16:19:07.207] Load DDS texture: Squad/Spaces/GenericSpace1/model005
[LOG 16:19:07.213] Load DDS texture: Squad/Spaces/GenericSpace3/model000
[LOG 16:19:07.228] Load DDS texture: Squad/Spaces/GenericSpace3/model001
[LOG 16:19:07.234] Load DDS texture: Squad/Spaces/GenericSpace3/model002
[LOG 16:19:07.243] Load DDS texture: Squad/Spaces/GenericSpace3/model003
[LOG 16:19:07.249] Load DDS texture: Squad/Spaces/GenericSpace3/model004
[LOG 16:19:07.255] Load DDS texture: Squad/Spaces/GenericSpace3/model005
[LOG 16:19:07.260] Load DDS texture: Squad/Spaces/GenericSpace3/model006
[LOG 16:19:07.267] Load DDS texture: Squad/Spaces/GenericSpace3/model007
[LOG 16:19:07.273] Load DDS texture: Squad/Spaces/landerCabinInternals/model000
[LOG 16:19:07.281] Load DDS texture: Squad/Spaces/landerCabinInternals/model001
[LOG 16:19:07.287] Load DDS texture: Squad/Spaces/landerCabinInternals/model002
[LOG 16:19:07.294] Load DDS texture: Squad/Spaces/landerCabinInternals/model003
[LOG 16:19:07.300] Load DDS texture: Squad/Spaces/landerCabinInternals/model004
[LOG 16:19:07.333] Load DDS texture: Squad/Spaces/landerCabinInternals/model005
[LOG 16:19:07.334] Load DDS texture: Squad/Spaces/landerCabinInternals/model006
[LOG 16:19:07.335] Load DDS texture: Squad/Spaces/landerCabinInternals/model007
[LOG 16:19:07.338] Load DDS texture: Squad/Spaces/landerCabinSmallInternal/ksp_s_landerCan_internal_diff
[LOG 16:19:07.349] Load DDS texture: Squad/Spaces/landerCabinSmallInternal/ksp_s_landerCan_internal_normal
[LOG 16:19:07.359] Load DDS texture: Squad/Spaces/landerCabinSmallInternal/ksp_s_landerCan_internal_window_alpha
[LOG 16:19:07.367] Load DDS texture: Squad/Spaces/landerCabinSmallInternal/pilot Seat
[LOG 16:19:07.375] Load DDS texture: Squad/Spaces/LargeCrewedLabInternals/Glass
[LOG 16:19:07.382] Load DDS texture: Squad/Spaces/LargeCrewedLabInternals/MPL_Int
[LOG 16:19:07.387] Load DDS texture: Squad/Spaces/LargeCrewedLabInternals/MPL_Int_n_NRM
[LOG 16:19:07.395] Load DDS texture: Squad/Spaces/Mk1-3/Mk1_3_IvaProps_Diffuse
[LOG 16:19:07.402] Load DDS texture: Squad/Spaces/Mk1-3/Mk1_3_IvaProps_Normal
[LOG 16:19:07.411] Load DDS texture: Squad/Spaces/Mk1-3/Mk1_3_IvaShell_Diffuse
[LOG 16:19:07.418] Load DDS texture: Squad/Spaces/Mk1-3/Mk1_3_IvaShell_Emissive
[LOG 16:19:07.426] Load DDS texture: Squad/Spaces/Mk1-3/Mk1_3_IvaShell_Normal
[LOG 16:19:07.436] Load DDS texture: Squad/Spaces/Mk1-3/pilot Seat
[LOG 16:19:07.443] Load DDS texture: Squad/Spaces/mk1CabinInternal/Cabin_Lightmap
[LOG 16:19:07.444] Load DDS texture: Squad/Spaces/mk1CabinInternal/CockpitGeneric
[LOG 16:19:07.445] Load DDS texture: Squad/Spaces/mk1CabinInternal/CockpitGeneric_NRM
[LOG 16:19:07.446] Load DDS texture: Squad/Spaces/mk1CockpitInternal/CockpitGeneric
[LOG 16:19:07.447] Load DDS texture: Squad/Spaces/mk1CockpitInternal/CockpitGeneric_NRM
[LOG 16:19:07.453] Load DDS texture: Squad/Spaces/mk1CockpitInternal/IVAMAP
[LOG 16:19:07.459] Load DDS texture: Squad/Spaces/mk1CockpitInternal/Windows
[LOG 16:19:07.482] Load DDS texture: Squad/Spaces/mk1InlineInternal/Canopy
[LOG 16:19:07.486] Load DDS texture: Squad/Spaces/mk1InlineInternal/CockpitGeneric
[LOG 16:19:07.486] Load DDS texture: Squad/Spaces/mk1InlineInternal/CockpitGeneric_NRM
[LOG 16:19:07.487] Load DDS texture: Squad/Spaces/mk1InlineInternal/Mk1Inline_Lightmap
[LOG 16:19:07.488] Load DDS texture: Squad/Spaces/mk1PodCockpit/model000
[LOG 16:19:07.495] Load DDS texture: Squad/Spaces/mk1PodCockpit/model001
[LOG 16:19:07.503] Load DDS texture: Squad/Spaces/mk1PodCockpit/model002
[LOG 16:19:07.511] Load DDS texture: Squad/Spaces/mk1PodCockpit/model003
[LOG 16:19:07.519] Load DDS texture: Squad/Spaces/mk1PodCockpit/model004
[LOG 16:19:07.536] Load DDS texture: Squad/Spaces/mk1PodCockpit/model005
[LOG 16:19:07.542] Load DDS texture: Squad/Spaces/mk1PodCockpit/model006
[LOG 16:19:07.545] Load DDS texture: Squad/Spaces/mk1PodCockpit/model007
[LOG 16:19:07.552] Load DDS texture: Squad/Spaces/mk1pod_IVA/mk1pod_iva_props_diffuse
[LOG 16:19:07.560] Load DDS texture: Squad/Spaces/mk1pod_IVA/mk1pod_iva_props_emissive
[LOG 16:19:07.569] Load DDS texture: Squad/Spaces/mk1pod_IVA/mk1pod_iva_props_normal
[LOG 16:19:07.577] Load DDS texture: Squad/Spaces/mk1pod_IVA/mk1pod_iva_shell_diffuse
[LOG 16:19:07.586] Load DDS texture: Squad/Spaces/mk1pod_IVA/mk1pod_iva_shell_normal
[LOG 16:19:07.595] Load MBM texture: Squad/Spaces/mk1pod_IVA/pilot Seat
[LOG 16:19:07.640] Load DDS texture: Squad/Spaces/mk2CockpitStandardInternal/CargoBagA
[LOG 16:19:07.640] Load DDS texture: Squad/Spaces/mk2CockpitStandardInternal/Mk2StandardIVA
[LOG 16:19:07.641] Load DDS texture: Squad/Spaces/mk2CockpitStandardInternal/Pilotseat
[LOG 16:19:07.641] Load DDS texture: Squad/Spaces/mk2CockpitStandardInternal/Windows
[LOG 16:19:07.641] Load DDS texture: Squad/Spaces/Mk2CrewCabinInternal/CargoBagA
[LOG 16:19:07.641] Load DDS texture: Squad/Spaces/Mk2CrewCabinInternal/Glass
[LOG 16:19:07.642] Load DDS texture: Squad/Spaces/Mk2CrewCabinInternal/Mk2StandardIVA
[LOG 16:19:07.642] Load DDS texture: Squad/Spaces/Mk2CrewCabinInternal/Pilotseat
[LOG 16:19:07.645] Load DDS texture: Squad/Spaces/mk2InlineInternal/CockpitGeneric
[LOG 16:19:07.652] Load DDS texture: Squad/Spaces/mk2InlineInternal/CockpitGeneric_NRM
[LOG 16:19:07.657] Load DDS texture: Squad/Spaces/mk2InlineInternal/Mk2InlineLightmap
[LOG 16:19:07.663] Load DDS texture: Squad/Spaces/mk2InlineInternal/propsGeneric
[LOG 16:19:07.671] Load DDS texture: Squad/Spaces/mk2LanderCanInternal/mk2LanderCan_props_diffuse
[LOG 16:19:07.679] Load DDS texture: Squad/Spaces/mk2LanderCanInternal/mk2LanderCan_props_normal
[LOG 16:19:07.688] Load DDS texture: Squad/Spaces/mk2LanderCanInternal/mk2LanderCan_shell_diffuse
[LOG 16:19:07.696] Load DDS texture: Squad/Spaces/mk2LanderCanInternal/mk2LanderCan_shell_normal
[LOG 16:19:07.706] Load MBM texture: Squad/Spaces/mk2LanderCanInternal/pilot Seat
[LOG 16:19:07.749] Load DDS texture: Squad/Spaces/MK3CockpitInternal/Glass
[LOG 16:19:07.749] Load DDS texture: Squad/Spaces/MK3CockpitInternal/Mk2StandardIVA
[LOG 16:19:07.749] Load DDS texture: Squad/Spaces/MK3_CrewCab_Int/Glass
[LOG 16:19:07.749] Load DDS texture: Squad/Spaces/MK3_CrewCab_Int/GlassMK3CC
[LOG 16:19:07.749] Load DDS texture: Squad/Spaces/MK3_CrewCab_Int/Mk2StandardIVA
[LOG 16:19:07.750] Load DDS texture: Squad/Spaces/MK3_CrewCab_Int/MK3_CrewCab_Int
[LOG 16:19:07.750] Load DDS texture: Squad/Spaces/MK3_CrewCab_Int/MK3_CrewCab_Int_n
[LOG 16:19:07.753] Load DDS texture: Squad/Spaces/MK3_CrewCab_Int/Pilotseat
[LOG 16:19:07.754] Load DDS texture: Squad/Spaces/Placeholder/PlaceholderIVA
[LOG 16:19:07.760] Load DDS texture: Squad/Spaces/PodCockpit/model000
[LOG 16:19:07.766] Load DDS texture: Squad/Spaces/PodCockpit/model001
[LOG 16:19:07.771] Load DDS texture: Squad/Spaces/PodCockpit/model002
[LOG 16:19:07.777] Load DDS texture: Squad/Spaces/PodCockpit/model003
[LOG 16:19:07.783] Load DDS texture: Squad/Spaces/PodCockpit/model004
[LOG 16:19:07.789] Load DDS texture: Squad/Spaces/PodCockpit/model005
[LOG 16:19:07.795] Load DDS texture: Squad/Spaces/PodCockpit/model006
[LOG 16:19:07.801] Load DDS texture: Squad/Spaces/PodCockpit/model007
[LOG 16:19:07.807] Load DDS texture: Squad/Spaces/sharedAssets/CockpitGeneric
[LOG 16:19:07.813] Load DDS texture: Squad/Spaces/sharedAssets/CockpitGeneric_NRM
[LOG 16:19:07.815] Load Cached PNG Texture: Squad/Strategies/Icons/AggressiveNegotiations
[LOG 16:19:07.821] Load Cached PNG Texture: Squad/Strategies/Icons/AppreciationCampaign
[LOG 16:19:07.822] Load Cached PNG Texture: Squad/Strategies/Icons/BailOutGrant
[LOG 16:19:07.823] Load Cached PNG Texture: Squad/Strategies/Icons/FundraisingCampaign
[LOG 16:19:07.824] Load Cached PNG Texture: Squad/Strategies/Icons/LeadershipInitiative
[LOG 16:19:07.825] Load Cached PNG Texture: Squad/Strategies/Icons/OpenSourceTechProgram
[LOG 16:19:07.825] Load Cached PNG Texture: Squad/Strategies/Icons/OutsourcedResearch
[LOG 16:19:07.826] Load Cached PNG Texture: Squad/Strategies/Icons/PatentsLicensing
[LOG 16:19:07.827] Load Cached PNG Texture: Squad/Strategies/Icons/RecoveryTransponderFitting
[LOG 16:19:07.832] Load Cached PNG Texture: Squad/Strategies/Icons/ResearchRightsSellOut
[LOG 16:19:07.837] Load Cached PNG Texture: Squad/Strategies/Icons/UnpaidResearchProgram
[LOG 16:19:07.838] Load Cached PNG Texture: Squad/Tutorials/ChuteColors
[LOG 16:19:07.840] Load DDS texture: Squad/Tutorials/EditorCoM
[LOG 16:19:07.845] Load Cached PNG Texture: Squad/Tutorials/EditorSnap
[LOG 16:19:07.850] Load Cached PNG Texture: Squad/Tutorials/EditorSnap4x
[LOG 16:19:07.855] Load Cached PNG Texture: Squad/Tutorials/EditorSymm
[LOG 16:19:07.856] Load Cached PNG Texture: Squad/Tutorials/StagingStack
[LOG 16:19:07.861] Load PNG texture: Squad/Tutorials/YPRDiagram
[WRN 16:19:07.862] Texture isn't eligible for DXT compression, width and height must be multiples of 4
[LOG 16:19:07.869] Load Cached PNG Texture: SquadExpansion/MakingHistory/Banners/Fail/default
[LOG 16:19:07.875] Load Cached PNG Texture: SquadExpansion/MakingHistory/Banners/Fail/fail01
[LOG 16:19:07.879] Load Cached PNG Texture: SquadExpansion/MakingHistory/Banners/Fail/fail02
[LOG 16:19:07.885] Load PNG texture: SquadExpansion/MakingHistory/Banners/Menu/default
[WRN 16:19:07.888] Texture isn't eligible for DXT compression, width and height must be multiples of 4
[LOG 16:19:07.890] Load PNG texture: SquadExpansion/MakingHistory/Banners/Menu/MBanner_01
[WRN 16:19:07.894] Texture isn't eligible for DXT compression, width and height must be multiples of 4
[LOG 16:19:07.903] Load PNG texture: SquadExpansion/MakingHistory/Banners/Menu/MBanner_02
[WRN 16:19:07.907] Texture isn't eligible for DXT compression, width and height must be multiples of 4
[LOG 16:19:07.908] Load PNG texture: SquadExpansion/MakingHistory/Banners/Menu/MBanner_03
[WRN 16:19:07.911] Texture isn't eligible for DXT compression, width and height must be multiples of 4
[LOG 16:19:07.913] Load Cached PNG Texture: SquadExpansion/MakingHistory/Banners/Success/default
[LOG 16:19:07.919] Load Cached PNG Texture: SquadExpansion/MakingHistory/Banners/Success/success01
[LOG 16:19:07.923] Load Cached PNG Texture: SquadExpansion/MakingHistory/Banners/Success/success02
[LOG 16:19:07.928] Load Cached PNG Texture: SquadExpansion/MakingHistory/Missions/Acapello 13/Banners/Fail/fail01
[LOG 16:19:07.937] Load PNG texture: SquadExpansion/MakingHistory/Missions/Acapello 13/Banners/Menu/Mun
[WRN 16:19:07.940] Texture isn't eligible for DXT compression, width and height must be multiples of 4
[LOG 16:19:07.943] Load Cached PNG Texture: SquadExpansion/MakingHistory/Missions/Acapello 13/Banners/Success/success01
[LOG 16:19:07.951] Load Cached PNG Texture: SquadExpansion/MakingHistory/Missions/Acapello 15/Banners/Fail/default
[LOG 16:19:07.956] Load Cached PNG Texture: SquadExpansion/MakingHistory/Missions/Acapello 15/Banners/Fail/fail02
[LOG 16:19:07.961] Load PNG texture: SquadExpansion/MakingHistory/Missions/Acapello 15/Banners/Menu/default
[WRN 16:19:07.963] Texture isn't eligible for DXT compression, width and height must be multiples of 4
[LOG 16:19:07.967] Load Cached PNG Texture: SquadExpansion/MakingHistory/Missions/Acapello 15/Banners/Success/default
[LOG 16:19:07.972] Load Cached PNG Texture: SquadExpansion/MakingHistory/Missions/Blue Mun/Banners/Fail/fail01
[LOG 16:19:07.978] Load PNG texture: SquadExpansion/MakingHistory/Missions/Blue Mun/Banners/Menu/default
[WRN 16:19:07.981] Texture isn't eligible for DXT compression, width and height must be multiples of 4
[LOG 16:19:07.983] Load Cached PNG Texture: SquadExpansion/MakingHistory/Missions/Blue Mun/Banners/Success/success02
[LOG 16:19:07.988] Load Cached PNG Texture: SquadExpansion/MakingHistory/Missions/Dawn of the Space Age/Banners/Fail/default
[LOG 16:19:07.994] Load PNG texture: SquadExpansion/MakingHistory/Missions/Dawn of the Space Age/Banners/Menu/default
[WRN 16:19:07.997] Texture isn't eligible for DXT compression, width and height must be multiples of 4
[LOG 16:19:08.000] Load Cached PNG Texture: SquadExpansion/MakingHistory/Missions/Dawn of the Space Age/Banners/Success/default
[LOG 16:19:08.005] Load Cached PNG Texture: SquadExpansion/MakingHistory/Missions/Meet Me in Zero G/Banners/Fail/default
[LOG 16:19:08.011] Load Cached PNG Texture: SquadExpansion/MakingHistory/Missions/Meet Me in Zero G/Banners/Fail/fail01
[LOG 16:19:08.015] Load PNG texture: SquadExpansion/MakingHistory/Missions/Meet Me in Zero G/Banners/Menu/default
[WRN 16:19:08.017] Texture isn't eligible for DXT compression, width and height must be multiples of 4
[LOG 16:19:08.020] Load Cached PNG Texture: SquadExpansion/MakingHistory/Missions/Meet Me in Zero G/Banners/Success/default
[LOG 16:19:08.025] Load Cached PNG Texture: SquadExpansion/MakingHistory/Missions/Meet Me in Zero G/Banners/Success/success02
[LOG 16:19:08.030] Load Cached PNG Texture: SquadExpansion/MakingHistory/Missions/Munar 1/Banners/Fail/default
[LOG 16:19:08.038] Load Cached PNG Texture: SquadExpansion/MakingHistory/Missions/Munar 1/Banners/Fail/fail02
[LOG 16:19:08.043] Load PNG texture: SquadExpansion/MakingHistory/Missions/Munar 1/Banners/Menu/default
[WRN 16:19:08.045] Texture isn't eligible for DXT compression, width and height must be multiples of 4
[LOG 16:19:08.049] Load Cached PNG Texture: SquadExpansion/MakingHistory/Missions/Munar 1/Banners/Success/default
[LOG 16:19:08.054] Load Cached PNG Texture: SquadExpansion/MakingHistory/Missions/Munar 1/Banners/Success/success01
[LOG 16:19:08.059] Load Cached PNG Texture: SquadExpansion/MakingHistory/Missions/Sally-Hut 1/Banners/Fail/default
[LOG 16:19:08.068] Load Cached PNG Texture: SquadExpansion/MakingHistory/Missions/Sally-Hut 1/Banners/Fail/fail01
[LOG 16:19:08.074] Load Cached PNG Texture: SquadExpansion/MakingHistory/Missions/Sally-Hut 1/Banners/Menu/bannerSatellite
[LOG 16:19:08.079] Load Cached PNG Texture: SquadExpansion/MakingHistory/Missions/Sally-Hut 1/Banners/Success/default
[LOG 16:19:08.089] Load Cached PNG Texture: SquadExpansion/MakingHistory/Missions/Sally-Hut 1/Banners/Success/success02
[LOG 16:19:08.094] Load Cached PNG Texture: SquadExpansion/MakingHistory/Missions/To the Mun Via Minmus/Banners/Fail/fail02
[LOG 16:19:08.098] Load PNG texture: SquadExpansion/MakingHistory/Missions/To the Mun Via Minmus/Banners/Menu/MissionBannerKerbin
[WRN 16:19:08.101] Texture isn't eligible for DXT compression, width and height must be multiples of 4
[LOG 16:19:08.105] Load Cached PNG Texture: SquadExpansion/MakingHistory/Missions/To the Mun Via Minmus/Banners/Success/success01
[LOG 16:19:08.110] Load Cached PNG Texture: SquadExpansion/MakingHistory/Missions/Trouble in the Void/Banners/Fail/fail01
[LOG 16:19:08.116] Load PNG texture: SquadExpansion/MakingHistory/Missions/Trouble in the Void/Banners/Menu/default
[WRN 16:19:08.118] Texture isn't eligible for DXT compression, width and height must be multiples of 4
[LOG 16:19:08.122] Load Cached PNG Texture: SquadExpansion/MakingHistory/Missions/Trouble in the Void/Banners/Success/success02
[LOG 16:19:08.127] Load Cached PNG Texture: SquadExpansion/MakingHistory/Missions/Ziggy Kerman and the Spiders from Duna/Banners/Fail/fail02
[LOG 16:19:08.132] Load Cached PNG Texture: SquadExpansion/MakingHistory/Missions/Ziggy Kerman and the Spiders from Duna/Banners/Menu/bannerSatellite
[LOG 16:19:08.137] Load Cached PNG Texture: SquadExpansion/MakingHistory/Missions/Ziggy Kerman and the Spiders from Duna/Banners/Success/success01
[LOG 16:19:08.145] Load Cached PNG Texture: SquadExpansion/MakingHistory/Parts/@thumbs/Decoupler.1p5_icon0
[LOG 16:19:08.152] Load Cached PNG Texture: SquadExpansion/MakingHistory/Parts/@thumbs/Decoupler.1p5_icon1
[LOG 16:19:08.183] Load Cached PNG Texture: SquadExpansion/MakingHistory/Parts/@thumbs/EquiTriangle0_icon0
[LOG 16:19:08.191] Load Cached PNG Texture: SquadExpansion/MakingHistory/Parts/@thumbs/EquiTriangle0_icon1
[LOG 16:19:08.198] Load Cached PNG Texture: SquadExpansion/MakingHistory/Parts/@thumbs/EquiTriangle0_icon2
[LOG 16:19:08.210] Load Cached PNG Texture: SquadExpansion/MakingHistory/Parts/@thumbs/EquiTriangle0_icon3
[LOG 16:19:08.229] Load Cached PNG Texture: SquadExpansion/MakingHistory/Parts/@thumbs/EquiTriangle1p5_icon0
[LOG 16:19:08.239] Load Cached PNG Texture: SquadExpansion/MakingHistory/Parts/@thumbs/EquiTriangle1p5_icon1
[LOG 16:19:08.247] Load Cached PNG Texture: SquadExpansion/MakingHistory/Parts/@thumbs/EquiTriangle1p5_icon2
[LOG 16:19:08.254] Load Cached PNG Texture: SquadExpansion/MakingHistory/Parts/@thumbs/EquiTriangle1p5_icon3
[LOG 16:19:08.261] Load Cached PNG Texture: SquadExpansion/MakingHistory/Parts/@thumbs/EquiTriangle1_icon0
[LOG 16:19:08.271] Load Cached PNG Texture: SquadExpansion/MakingHistory/Parts/@thumbs/EquiTriangle1_icon1
[LOG 16:19:08.279] Load Cached PNG Texture: SquadExpansion/MakingHistory/Parts/@thumbs/EquiTriangle1_icon2
[LOG 16:19:08.305] Load Cached PNG Texture: SquadExpansion/MakingHistory/Parts/@thumbs/EquiTriangle1_icon3
[LOG 16:19:08.312] Load Cached PNG Texture: SquadExpansion/MakingHistory/Parts/@thumbs/EquiTriangle2_icon0
[LOG 16:19:08.325] Load Cached PNG Texture: SquadExpansion/MakingHistory/Parts/@thumbs/EquiTriangle2_icon1
[LOG 16:19:08.332] Load Cached PNG Texture: SquadExpansion/MakingHistory/Parts/@thumbs/EquiTriangle2_icon2
[LOG 16:19:08.341] Load Cached PNG Texture: SquadExpansion/MakingHistory/Parts/@thumbs/EquiTriangle2_icon3
[LOG 16:19:08.347] Load Cached PNG Texture: SquadExpansion/MakingHistory/Parts/@thumbs/HeatShield1p5_icon
[LOG 16:19:08.353] Load Cached PNG Texture: SquadExpansion/MakingHistory/Parts/@thumbs/InflatableAirlock_icon
[LOG 16:19:08.366] Load Cached PNG Texture: SquadExpansion/MakingHistory/Parts/@thumbs/LiquidEngineRV-1_icon
[LOG 16:19:08.372] Load Cached PNG Texture: SquadExpansion/MakingHistory/Parts/@thumbs/monopropMiniSphere_icon
[LOG 16:19:08.379] Load Cached PNG Texture: SquadExpansion/MakingHistory/Parts/@thumbs/Panel0_icon0
[LOG 16:19:08.385] Load Cached PNG Texture: SquadExpansion/MakingHistory/Parts/@thumbs/Panel0_icon1
[LOG 16:19:08.392] Load Cached PNG Texture: SquadExpansion/MakingHistory/Parts/@thumbs/Panel0_icon2
[LOG 16:19:08.399] Load Cached PNG Texture: SquadExpansion/MakingHistory/Parts/@thumbs/Panel0_icon3
[LOG 16:19:08.405] Load Cached PNG Texture: SquadExpansion/MakingHistory/Parts/@thumbs/Panel1p5_icon0
[LOG 16:19:08.421] Load Cached PNG Texture: SquadExpansion/MakingHistory/Parts/@thumbs/Panel1p5_icon1
[LOG 16:19:08.428] Load Cached PNG Texture: SquadExpansion/MakingHistory/Parts/@thumbs/Panel1p5_icon2
[LOG 16:19:08.434] Load Cached PNG Texture: SquadExpansion/MakingHistory/Parts/@thumbs/Panel1p5_icon3
[LOG 16:19:08.442] Load Cached PNG Texture: SquadExpansion/MakingHistory/Parts/@thumbs/Panel1_icon0
[LOG 16:19:08.449] Load Cached PNG Texture: SquadExpansion/MakingHistory/Parts/@thumbs/Panel1_icon1
[LOG 16:19:08.455] Load Cached PNG Texture: SquadExpansion/MakingHistory/Parts/@thumbs/Panel1_icon2
[LOG 16:19:08.463] Load Cached PNG Texture: SquadExpansion/MakingHistory/Parts/@thumbs/Panel1_icon3
[LOG 16:19:08.473] Load Cached PNG Texture: SquadExpansion/MakingHistory/Parts/@thumbs/roverWheelM1-F_icon0
[LOG 16:19:08.479] Load Cached PNG Texture: SquadExpansion/MakingHistory/Parts/@thumbs/roverWheelM1-F_icon1
[LOG 16:19:08.486] Load Cached PNG Texture: SquadExpansion/MakingHistory/Parts/@thumbs/Separator.1p5_icon0
[LOG 16:19:08.497] Load Cached PNG Texture: SquadExpansion/MakingHistory/Parts/@thumbs/Separator.1p5_icon1
[LOG 16:19:08.505] Load Cached PNG Texture: SquadExpansion/MakingHistory/Parts/@thumbs/Size1p5.Strut.Decoupler_icon0
[LOG 16:19:08.513] Load Cached PNG Texture: SquadExpansion/MakingHistory/Parts/@thumbs/Size1p5.Strut.Decoupler_icon1
[LOG 16:19:08.519] Load Cached PNG Texture: SquadExpansion/MakingHistory/Parts/@thumbs/Size1to0ServiceModule_icon
[LOG 16:19:08.528] Load Cached PNG Texture: SquadExpansion/MakingHistory/Parts/@thumbs/Triangle0_icon0
[LOG 16:19:08.535] Load Cached PNG Texture: SquadExpansion/MakingHistory/Parts/@thumbs/Triangle0_icon1
[LOG 16:19:08.545] Load Cached PNG Texture: SquadExpansion/MakingHistory/Parts/@thumbs/Triangle0_icon2
[LOG 16:19:08.558] Load Cached PNG Texture: SquadExpansion/MakingHistory/Parts/@thumbs/Triangle0_icon3
[LOG 16:19:08.570] Load Cached PNG Texture: SquadExpansion/MakingHistory/Parts/@thumbs/Triangle1p5_icon0
[LOG 16:19:08.578] Load Cached PNG Texture: SquadExpansion/MakingHistory/Parts/@thumbs/Triangle1p5_icon1
[LOG 16:19:08.585] Load Cached PNG Texture: SquadExpansion/MakingHistory/Parts/@thumbs/Triangle1p5_icon2
[LOG 16:19:08.601] Load Cached PNG Texture: SquadExpansion/MakingHistory/Parts/@thumbs/Triangle1p5_icon3
[LOG 16:19:08.611] Load Cached PNG Texture: SquadExpansion/MakingHistory/Parts/@thumbs/Triangle1_icon0
[LOG 16:19:08.618] Load Cached PNG Texture: SquadExpansion/MakingHistory/Parts/@thumbs/Triangle1_icon1
[LOG 16:19:08.626] Load Cached PNG Texture: SquadExpansion/MakingHistory/Parts/@thumbs/Triangle1_icon2
[LOG 16:19:08.633] Load Cached PNG Texture: SquadExpansion/MakingHistory/Parts/@thumbs/Triangle1_icon3
[LOG 16:19:08.639] Load Cached PNG Texture: SquadExpansion/MakingHistory/Parts/@thumbs/Triangle2_icon0
[LOG 16:19:08.663] Load Cached PNG Texture: SquadExpansion/MakingHistory/Parts/@thumbs/Triangle2_icon1
[LOG 16:19:08.670] Load Cached PNG Texture: SquadExpansion/MakingHistory/Parts/@thumbs/Triangle2_icon2
[LOG 16:19:08.677] Load Cached PNG Texture: SquadExpansion/MakingHistory/Parts/@thumbs/Triangle2_icon3
[LOG 16:19:08.685] Load Cached PNG Texture: SquadExpansion/MakingHistory/Parts/@thumbs/Tube1_icon0
[LOG 16:19:08.693] Load Cached PNG Texture: SquadExpansion/MakingHistory/Parts/@thumbs/Tube1_icon1
[LOG 16:19:08.705] Load Cached PNG Texture: SquadExpansion/MakingHistory/Parts/@thumbs/Tube1_icon2
[LOG 16:19:08.713] Load Cached PNG Texture: SquadExpansion/MakingHistory/Parts/@thumbs/Tube1_icon3
[LOG 16:19:08.718] Load Cached PNG Texture: SquadExpansion/MakingHistory/Parts/@thumbs/Tube1_icon4
[LOG 16:19:08.724] Load Cached PNG Texture: SquadExpansion/MakingHistory/Parts/Aero/protectiveRocketNoseMk5A/s1p5_cone
[LOG 16:19:08.730] Load Cached PNG Texture: SquadExpansion/MakingHistory/Parts/Aero/protectiveRocketNoseMk5A/s1p5_cone_Orange
[LOG 16:19:08.735] Load DDS texture: SquadExpansion/MakingHistory/Parts/Coupling/Assets/airlock
[LOG 16:19:08.741] Load DDS texture: SquadExpansion/MakingHistory/Parts/Coupling/Assets/airlock_N
[LOG 16:19:08.746] Load DDS texture: SquadExpansion/MakingHistory/Parts/Coupling/Assets/EnginePlate
[LOG 16:19:08.752] Load DDS texture: SquadExpansion/MakingHistory/Parts/Coupling/Assets/Size1_5_Decoupler_grey
[LOG 16:19:08.757] Load DDS texture: SquadExpansion/MakingHistory/Parts/Coupling/Assets/Size1_5_Decoupler_orange
[LOG 16:19:08.763] Load DDS texture: SquadExpansion/MakingHistory/Parts/Engine/Assets/KE-1
[LOG 16:19:08.769] Load DDS texture: SquadExpansion/MakingHistory/Parts/Engine/Assets/KE-1_BASE
[LOG 16:19:08.774] Load DDS texture: SquadExpansion/MakingHistory/Parts/Engine/Assets/LV-T87
[LOG 16:19:08.781] Load DDS texture: SquadExpansion/MakingHistory/Parts/Engine/Assets/LV-T91
[LOG 16:19:08.788] Load DDS texture: SquadExpansion/MakingHistory/Parts/Engine/Assets/RE-I2
[LOG 16:19:08.794] Load DDS texture: SquadExpansion/MakingHistory/Parts/Engine/Assets/RE-J10
[LOG 16:19:08.800] Load DDS texture: SquadExpansion/MakingHistory/Parts/Engine/Assets/RE-J10_N
[LOG 16:19:08.807] Load DDS texture: SquadExpansion/MakingHistory/Parts/Engine/Assets/RK-7
[LOG 16:19:08.815] Load DDS texture: SquadExpansion/MakingHistory/Parts/Engine/Assets/RK-7_N
[LOG 16:19:08.823] Load DDS texture: SquadExpansion/MakingHistory/Parts/Engine/solidBoosterTHK/SolidBoosterS2-17_emissive
[LOG 16:19:08.831] Load DDS texture: SquadExpansion/MakingHistory/Parts/Engine/solidBoosterTHK/solidBoosterTHK_diffuse
[LOG 16:19:08.840] Load DDS texture: SquadExpansion/MakingHistory/Parts/FuelTank/Assets/Size1p5_02
[LOG 16:19:08.846] Load DDS texture: SquadExpansion/MakingHistory/Parts/FuelTank/Assets/Size1p5_02_ALT01
[LOG 16:19:08.854] Load DDS texture: SquadExpansion/MakingHistory/Parts/FuelTank/Assets/Size1p5_02_ALT02
[LOG 16:19:08.861] Load DDS texture: SquadExpansion/MakingHistory/Parts/FuelTank/Assets/Size1p5_02_ALT02_normal
[LOG 16:19:08.867] Load DDS texture: SquadExpansion/MakingHistory/Parts/FuelTank/Assets/Size1p5_mono
[LOG 16:19:08.873] Load DDS texture: SquadExpansion/MakingHistory/Parts/FuelTank/Assets/Size1p5_mono_2
[LOG 16:19:08.879] Load DDS texture: SquadExpansion/MakingHistory/Parts/FuelTank/Assets/Size1p5_mono_N
[LOG 16:19:08.885] Load DDS texture: SquadExpansion/MakingHistory/Parts/FuelTank/Assets/Size1_5_TankAdapters
[LOG 16:19:08.892] Load DDS texture: SquadExpansion/MakingHistory/Parts/FuelTank/Assets/Size1_5_TankAdapters_ALT01
[LOG 16:19:08.898] Load DDS texture: SquadExpansion/MakingHistory/Parts/FuelTank/Assets/Size1_5_TankAdapters_ALT02
[LOG 16:19:08.904] Load DDS texture: SquadExpansion/MakingHistory/Parts/FuelTank/Assets/Size1_5_TankAdapters_ALT02nm
[LOG 16:19:08.910] Load DDS texture: SquadExpansion/MakingHistory/Parts/FuelTank/Assets/Size1_5_TankAdapters_N
[LOG 16:19:08.916] Load DDS texture: SquadExpansion/MakingHistory/Parts/FuelTank/Assets/Size1_5_Tanks
[LOG 16:19:08.922] Load DDS texture: SquadExpansion/MakingHistory/Parts/FuelTank/Assets/Size1_5_Tanks_ALT02
[LOG 16:19:08.929] Load DDS texture: SquadExpansion/MakingHistory/Parts/FuelTank/Assets/Size1_5_Tanks_ALT02_nm
[LOG 16:19:08.935] Load DDS texture: SquadExpansion/MakingHistory/Parts/FuelTank/Assets/Size1_5_Tanks_grey
[LOG 16:19:08.942] Load DDS texture: SquadExpansion/MakingHistory/Parts/FuelTank/Assets/Size4_Tanks
[LOG 16:19:08.954] Load DDS texture: SquadExpansion/MakingHistory/Parts/FuelTank/Assets/Size4_Tanks_N
[LOG 16:19:08.962] Load DDS texture: SquadExpansion/MakingHistory/Parts/Ground/Assets/RoverWheel
[LOG 16:19:08.969] Load DDS texture: SquadExpansion/MakingHistory/Parts/Ground/Assets/RoverWheelG
[LOG 16:19:08.974] Load DDS texture: SquadExpansion/MakingHistory/Parts/Payload/Assets/Size1to0ServiceBay
[LOG 16:19:08.981] Load DDS texture: SquadExpansion/MakingHistory/Parts/Payload/Assets/Size1to0ServiceBay_n
[LOG 16:19:08.988] Load DDS texture: SquadExpansion/MakingHistory/Parts/Payload/Assets/SM18_diffuse
[LOG 16:19:08.998] Load Cached PNG Texture: SquadExpansion/MakingHistory/Parts/Payload/Assets/SM18_NRM
[LOG 16:19:09.006] Load DDS texture: SquadExpansion/MakingHistory/Parts/Payload/Assets/SM18_specular
[LOG 16:19:09.013] Load DDS texture: SquadExpansion/MakingHistory/Parts/Payload/Assets/SM25_diffuse
[LOG 16:19:09.019] Load DDS texture: SquadExpansion/MakingHistory/Parts/Payload/Assets/SM25_normals
[LOG 16:19:09.025] Load DDS texture: SquadExpansion/MakingHistory/Parts/Pods/Assets/KV1
[LOG 16:19:09.031] Load DDS texture: SquadExpansion/MakingHistory/Parts/Pods/Assets/KV1_GLOW
[LOG 16:19:09.041] Load DDS texture: SquadExpansion/MakingHistory/Parts/Pods/Assets/KV2
[LOG 16:19:09.047] Load DDS texture: SquadExpansion/MakingHistory/Parts/Pods/Assets/KV3
[LOG 16:19:09.053] Load DDS texture: SquadExpansion/MakingHistory/Parts/Pods/Assets/Mk2Pod
[LOG 16:19:09.059] Load DDS texture: SquadExpansion/MakingHistory/Parts/Pods/Assets/Mk2Pod_GLOW
[LOG 16:19:09.065] Load DDS texture: SquadExpansion/MakingHistory/Parts/Pods/Assets/Mk2Pod_n
[LOG 16:19:09.071] Load DDS texture: SquadExpansion/MakingHistory/Parts/Pods/Assets/Size1_5_Lander
[LOG 16:19:09.081] Load DDS texture: SquadExpansion/MakingHistory/Parts/Pods/Assets/Size1_5_Lander_GLOW
[LOG 16:19:09.087] Load DDS texture: SquadExpansion/MakingHistory/Parts/SharedAssets/Shrouds
[LOG 16:19:09.093] Load DDS texture: SquadExpansion/MakingHistory/Parts/SharedAssets/Shrouds_N
[LOG 16:19:09.099] Load DDS texture: SquadExpansion/MakingHistory/Parts/Structural/Assets/NormalMap
[LOG 16:19:09.106] Load DDS texture: SquadExpansion/MakingHistory/Parts/Structural/Assets/Panels
[LOG 16:19:09.116] Load DDS texture: SquadExpansion/MakingHistory/Parts/Structural/Assets/Panels_Dark_D
[LOG 16:19:09.124] Load DDS texture: SquadExpansion/MakingHistory/Parts/Structural/Assets/Panels_Gold_D
[LOG 16:19:09.131] Load Cached PNG Texture: SquadExpansion/MakingHistory/Parts/Structural/Assets/Panels_Gold_NRM
[LOG 16:19:09.138] Load DDS texture: SquadExpansion/MakingHistory/Parts/Structural/Assets/Panels_Gold_S
[LOG 16:19:09.146] Load DDS texture: SquadExpansion/MakingHistory/Parts/Structural/Assets/Panels_Silver_D
[LOG 16:19:09.152] Load DDS texture: SquadExpansion/MakingHistory/Parts/Structural/Assets/Panels_Silver_S
[LOG 16:19:09.159] Load Cached PNG Texture: SquadExpansion/MakingHistory/Ships/@thumbs/VAB/Acapello
[LOG 16:19:09.164] Load Cached PNG Texture: SquadExpansion/MakingHistory/Ships/@thumbs/VAB/Beta Centaurus
[LOG 16:19:09.169] Load Cached PNG Texture: SquadExpansion/MakingHistory/Ships/@thumbs/VAB/Goliath II HLV
[LOG 16:19:09.175] Load Cached PNG Texture: SquadExpansion/MakingHistory/Ships/@thumbs/VAB/Muna 1
[LOG 16:19:09.184] Load Cached PNG Texture: SquadExpansion/MakingHistory/Ships/@thumbs/VAB/Sally-Hut 1
[LOG 16:19:09.192] Load Cached PNG Texture: SquadExpansion/MakingHistory/Ships/@thumbs/VAB/SWM-94 Communications Satellite
[LOG 16:19:09.197] Load Cached PNG Texture: SquadExpansion/MakingHistory/Ships/@thumbs/VAB/Valshkod 2
[LOG 16:19:09.203] Load DDS texture: SquadExpansion/MakingHistory/Spaces/KVPods/airlock
[LOG 16:19:09.208] Load DDS texture: SquadExpansion/MakingHistory/Spaces/KVPods/airlock_N
[LOG 16:19:09.215] Load DDS texture: SquadExpansion/MakingHistory/Spaces/KVPods/KV1_Props_Diffuse
[LOG 16:19:09.225] Load DDS texture: SquadExpansion/MakingHistory/Spaces/KVPods/KV1_Props_Normal
[LOG 16:19:09.234] Load DDS texture: SquadExpansion/MakingHistory/Spaces/KVPods/KV1_Shell_Diffuse
[LOG 16:19:09.241] Load DDS texture: SquadExpansion/MakingHistory/Spaces/KVPods/KV1_Shell_Emissive
[LOG 16:19:09.249] Load DDS texture: SquadExpansion/MakingHistory/Spaces/KVPods/KV1_Shell_Normal
[LOG 16:19:09.256] Load DDS texture: SquadExpansion/MakingHistory/Spaces/KVPods/KV1_Vzor_Diffuse
[LOG 16:19:09.263] Load DDS texture: SquadExpansion/MakingHistory/Spaces/KVPods/KV2_Props_Diffuse
[LOG 16:19:09.272] Load DDS texture: SquadExpansion/MakingHistory/Spaces/KVPods/KV2_Props_Emissive
[LOG 16:19:09.281] Load DDS texture: SquadExpansion/MakingHistory/Spaces/KVPods/KV2_Props_Normal
[LOG 16:19:09.289] Load DDS texture: SquadExpansion/MakingHistory/Spaces/KVPods/KV2_Shell_Diffuse
[LOG 16:19:09.299] Load DDS texture: SquadExpansion/MakingHistory/Spaces/KVPods/KV2_Shell_Normal
[LOG 16:19:09.307] Load DDS texture: SquadExpansion/MakingHistory/Spaces/KVPods/KV3_Props_Diffuse
[LOG 16:19:09.315] Load DDS texture: SquadExpansion/MakingHistory/Spaces/KVPods/KV3_Props_Normal
[LOG 16:19:09.323] Load DDS texture: SquadExpansion/MakingHistory/Spaces/KVPods/KV3_Shell_Diffuse
[LOG 16:19:09.331] Load DDS texture: SquadExpansion/MakingHistory/Spaces/KVPods/KV3_Shell_Normal
[LOG 16:19:09.356] Load DDS texture: SquadExpansion/MakingHistory/Spaces/KVPods/motor
[LOG 16:19:09.361] Load DDS texture: SquadExpansion/MakingHistory/Spaces/KVPods/pilot Seat
[LOG 16:19:09.370] Load DDS texture: SquadExpansion/MakingHistory/Spaces/MEM/PANELS_AO
[LOG 16:19:09.377] Load DDS texture: SquadExpansion/MakingHistory/Spaces/MEM/PANELS_EMISSIVE
[LOG 16:19:09.385] Load DDS texture: SquadExpansion/MakingHistory/Spaces/MEM/PANELS_NORMAL
[LOG 16:19:09.390] Load DDS texture: SquadExpansion/MakingHistory/Spaces/MEM/pilot Seat
[LOG 16:19:09.397] Load DDS texture: SquadExpansion/MakingHistory/Spaces/MEM/propsGeneric
[LOG 16:19:09.405] Load DDS texture: SquadExpansion/MakingHistory/Spaces/MEM/PROPS_AO
[LOG 16:19:09.414] Load DDS texture: SquadExpansion/MakingHistory/Spaces/MEM/PROPS_EMISSIVE
[LOG 16:19:09.420] Load DDS texture: SquadExpansion/MakingHistory/Spaces/MEM/PROPS_NORMAL
[LOG 16:19:09.428] Load DDS texture: SquadExpansion/MakingHistory/Spaces/Mk2Pod/DIfuse_controlboard
[LOG 16:19:09.436] Load DDS texture: SquadExpansion/MakingHistory/Spaces/Mk2Pod/Normal_controlbard
[LOG 16:19:09.445] Load DDS texture: SquadExpansion/MakingHistory/Spaces/Mk2Pod/Outershell_Base_Color
[LOG 16:19:09.453] Load DDS texture: SquadExpansion/MakingHistory/Spaces/Mk2Pod/Outershell_Normal
[LOG 16:19:09.460] Load DDS texture: SquadExpansion/MakingHistory/Spaces/Mk2Pod/pilot Seat
[LOG 16:19:09.466] Load Cached PNG Texture: SquadExpansion/Serenity/Parts/@thumbs/controller1000_icon
[LOG 16:19:09.472] Load Cached PNG Texture: SquadExpansion/Serenity/Parts/@thumbs/DeployedCentralStation_icon
[LOG 16:19:09.485] Load Cached PNG Texture: SquadExpansion/Serenity/Parts/@thumbs/DeployedGoExOb_icon
[LOG 16:19:09.495] Load Cached PNG Texture: SquadExpansion/Serenity/Parts/@thumbs/DeployedIONExp_icon
[LOG 16:19:09.528] Load Cached PNG Texture: SquadExpansion/Serenity/Parts/@thumbs/DeployedRTG_icon
[LOG 16:19:09.534] Load Cached PNG Texture: SquadExpansion/Serenity/Parts/@thumbs/DeployedSatDish_icon
[LOG 16:19:09.540] Load Cached PNG Texture: SquadExpansion/Serenity/Parts/@thumbs/DeployedSeismicSensor_icon
[LOG 16:19:09.562] Load Cached PNG Texture: SquadExpansion/Serenity/Parts/@thumbs/DeployedSolarPanel_icon
[LOG 16:19:09.573] Load Cached PNG Texture: SquadExpansion/Serenity/Parts/@thumbs/DeployedWeatherStn_icon
[LOG 16:19:09.582] Load Cached PNG Texture: SquadExpansion/Serenity/Parts/@thumbs/FanShroud.01_icon0
[LOG 16:19:09.589] Load Cached PNG Texture: SquadExpansion/Serenity/Parts/@thumbs/FanShroud.01_icon1
[LOG 16:19:09.595] Load Cached PNG Texture: SquadExpansion/Serenity/Parts/@thumbs/FanShroud.02_icon0
[LOG 16:19:09.602] Load Cached PNG Texture: SquadExpansion/Serenity/Parts/@thumbs/FanShroud.02_icon1
[LOG 16:19:09.610] Load Cached PNG Texture: SquadExpansion/Serenity/Parts/@thumbs/hinge.01.s_icon0
[LOG 16:19:09.617] Load Cached PNG Texture: SquadExpansion/Serenity/Parts/@thumbs/hinge.01.s_icon1
[LOG 16:19:09.623] Load Cached PNG Texture: SquadExpansion/Serenity/Parts/@thumbs/hinge.01_icon0
[LOG 16:19:09.629] Load Cached PNG Texture: SquadExpansion/Serenity/Parts/@thumbs/hinge.01_icon1
[LOG 16:19:09.635] Load Cached PNG Texture: SquadExpansion/Serenity/Parts/@thumbs/hinge.03.s_icon0
[LOG 16:19:09.643] Load Cached PNG Texture: SquadExpansion/Serenity/Parts/@thumbs/hinge.03.s_icon1
[LOG 16:19:09.656] Load Cached PNG Texture: SquadExpansion/Serenity/Parts/@thumbs/hinge.03_icon0
[LOG 16:19:09.662] Load Cached PNG Texture: SquadExpansion/Serenity/Parts/@thumbs/hinge.03_icon1
[LOG 16:19:09.670] Load Cached PNG Texture: SquadExpansion/Serenity/Parts/@thumbs/largeFanBlade_icon0
[LOG 16:19:09.679] Load Cached PNG Texture: SquadExpansion/Serenity/Parts/@thumbs/largeFanBlade_icon1
[LOG 16:19:09.751] Load Cached PNG Texture: SquadExpansion/Serenity/Parts/@thumbs/largePropeller_icon0
[LOG 16:19:09.774] Load Cached PNG Texture: SquadExpansion/Serenity/Parts/@thumbs/largePropeller_icon1
[LOG 16:19:09.781] Load Cached PNG Texture: SquadExpansion/Serenity/Parts/@thumbs/lGripPad_icon0
[LOG 16:19:09.788] Load Cached PNG Texture: SquadExpansion/Serenity/Parts/@thumbs/lGripPad_icon1
[LOG 16:19:09.795] Load Cached PNG Texture: SquadExpansion/Serenity/Parts/@thumbs/lGripStrip_icon
[LOG 16:19:09.806] Load Cached PNG Texture: SquadExpansion/Serenity/Parts/@thumbs/mediumFanBlade_icon0
[LOG 16:19:09.815] Load Cached PNG Texture: SquadExpansion/Serenity/Parts/@thumbs/mediumFanBlade_icon1
[LOG 16:19:09.822] Load Cached PNG Texture: SquadExpansion/Serenity/Parts/@thumbs/mediumPropeller_icon0
[LOG 16:19:09.835] Load Cached PNG Texture: SquadExpansion/Serenity/Parts/@thumbs/mediumPropeller_icon1
[LOG 16:19:09.842] Load Cached PNG Texture: SquadExpansion/Serenity/Parts/@thumbs/mGripPad_icon0
[LOG 16:19:09.854] Load Cached PNG Texture: SquadExpansion/Serenity/Parts/@thumbs/mGripPad_icon1
[LOG 16:19:09.861] Load Cached PNG Texture: SquadExpansion/Serenity/Parts/@thumbs/noseconeTiny_icon
[LOG 16:19:09.868] Load Cached PNG Texture: SquadExpansion/Serenity/Parts/@thumbs/noseconeVS_icon
[LOG 16:19:09.874] Load Cached PNG Texture: SquadExpansion/Serenity/Parts/@thumbs/piston.01_icon0
[LOG 16:19:09.880] Load Cached PNG Texture: SquadExpansion/Serenity/Parts/@thumbs/piston.01_icon1
[LOG 16:19:09.886] Load Cached PNG Texture: SquadExpansion/Serenity/Parts/@thumbs/piston.02_icon0
[LOG 16:19:09.892] Load Cached PNG Texture: SquadExpansion/Serenity/Parts/@thumbs/piston.02_icon1
[LOG 16:19:09.898] Load Cached PNG Texture: SquadExpansion/Serenity/Parts/@thumbs/piston.03_icon0
[LOG 16:19:09.904] Load Cached PNG Texture: SquadExpansion/Serenity/Parts/@thumbs/piston.03_icon1
[LOG 16:19:09.910] Load Cached PNG Texture: SquadExpansion/Serenity/Parts/@thumbs/piston.04_icon0
[LOG 16:19:09.916] Load Cached PNG Texture: SquadExpansion/Serenity/Parts/@thumbs/piston.04_icon1
[LOG 16:19:09.924] Load Cached PNG Texture: SquadExpansion/Serenity/Parts/@thumbs/RobotArmScanner.S1_icon
[LOG 16:19:09.941] Load Cached PNG Texture: SquadExpansion/Serenity/Parts/@thumbs/RobotArmScanner.S2_icon
[LOG 16:19:09.958] Load Cached PNG Texture: SquadExpansion/Serenity/Parts/@thumbs/RobotArmScanner.S3_icon
[LOG 16:19:09.969] Load Cached PNG Texture: SquadExpansion/Serenity/Parts/@thumbs/rotor.01s_icon0
[LOG 16:19:09.980] Load Cached PNG Texture: SquadExpansion/Serenity/Parts/@thumbs/rotor.01s_icon1
[LOG 16:19:10.020] Load Cached PNG Texture: SquadExpansion/Serenity/Parts/@thumbs/rotor.01_icon0
[LOG 16:19:10.054] Load Cached PNG Texture: SquadExpansion/Serenity/Parts/@thumbs/rotor.01_icon1
[LOG 16:19:10.083] Load Cached PNG Texture: SquadExpansion/Serenity/Parts/@thumbs/rotor.02s_icon0
[LOG 16:19:10.114] Load Cached PNG Texture: SquadExpansion/Serenity/Parts/@thumbs/rotor.02s_icon1
[LOG 16:19:10.142] Load Cached PNG Texture: SquadExpansion/Serenity/Parts/@thumbs/rotor.02_icon0
[LOG 16:19:10.171] Load Cached PNG Texture: SquadExpansion/Serenity/Parts/@thumbs/rotor.02_icon1
[LOG 16:19:10.187] Load Cached PNG Texture: SquadExpansion/Serenity/Parts/@thumbs/RotorEngine.02_icon
[LOG 16:19:10.192] Load Cached PNG Texture: SquadExpansion/Serenity/Parts/@thumbs/rotoServo.00_icon0
[LOG 16:19:10.198] Load Cached PNG Texture: SquadExpansion/Serenity/Parts/@thumbs/rotoServo.00_icon1
[LOG 16:19:10.208] Load Cached PNG Texture: SquadExpansion/Serenity/Parts/@thumbs/rotoServo.02_icon0
[LOG 16:19:10.217] Load Cached PNG Texture: SquadExpansion/Serenity/Parts/@thumbs/rotoServo.02_icon1
[LOG 16:19:10.223] Load Cached PNG Texture: SquadExpansion/Serenity/Parts/@thumbs/rotoServo.03_icon0
[LOG 16:19:10.228] Load Cached PNG Texture: SquadExpansion/Serenity/Parts/@thumbs/rotoServo.03_icon1
[LOG 16:19:10.235] Load Cached PNG Texture: SquadExpansion/Serenity/Parts/@thumbs/sGripPad_icon0
[LOG 16:19:10.241] Load Cached PNG Texture: SquadExpansion/Serenity/Parts/@thumbs/sGripPad_icon1
[LOG 16:19:10.250] Load Cached PNG Texture: SquadExpansion/Serenity/Parts/@thumbs/sGripStrip_icon
[LOG 16:19:10.257] Load Cached PNG Texture: SquadExpansion/Serenity/Parts/@thumbs/smallFanBlade_icon0
[LOG 16:19:10.264] Load Cached PNG Texture: SquadExpansion/Serenity/Parts/@thumbs/smallFanBlade_icon1
[LOG 16:19:10.270] Load Cached PNG Texture: SquadExpansion/Serenity/Parts/@thumbs/smallHeliBlade_icon0
[LOG 16:19:10.291] Load Cached PNG Texture: SquadExpansion/Serenity/Parts/@thumbs/smallHeliBlade_icon1
[LOG 16:19:10.299] Load Cached PNG Texture: SquadExpansion/Serenity/Parts/@thumbs/smallPropeller_icon0
[LOG 16:19:10.306] Load Cached PNG Texture: SquadExpansion/Serenity/Parts/@thumbs/smallPropeller_icon1
[LOG 16:19:10.308] Load DDS texture: SquadExpansion/Serenity/Parts/Aero/Assets/copterBlades_diffuse
[LOG 16:19:10.317] Load DDS texture: SquadExpansion/Serenity/Parts/Aero/Assets/shroudsDiffuse_color
[LOG 16:19:10.322] Load DDS texture: SquadExpansion/Serenity/Parts/Aero/Assets/shroudsDiffuse_plain
[LOG 16:19:10.323] Load Cached PNG Texture: SquadExpansion/Serenity/Parts/DeployedScience/MockupTexture
[LOG 16:19:10.329] Load DDS texture: SquadExpansion/Serenity/Parts/DeployedScience/Assets/centralStation_diffuse
[LOG 16:19:10.350] Load DDS texture: SquadExpansion/Serenity/Parts/DeployedScience/Assets/centralStation_emissive
[LOG 16:19:10.374] Load DDS texture: SquadExpansion/Serenity/Parts/DeployedScience/Assets/GenericParts_diffuse
[LOG 16:19:10.375] Load DDS texture: SquadExpansion/Serenity/Parts/DeployedScience/Assets/GenericParts_emissive
[LOG 16:19:10.379] Load DDS texture: SquadExpansion/Serenity/Parts/DeployedScience/Assets/GenericParts_normal
[LOG 16:19:10.381] Load DDS texture: SquadExpansion/Serenity/Parts/DeployedScience/Assets/goex_diffuse
[LOG 16:19:10.388] Load DDS texture: SquadExpansion/Serenity/Parts/DeployedScience/Assets/goex_specMapped
[LOG 16:19:10.394] Load DDS texture: SquadExpansion/Serenity/Parts/DeployedScience/Assets/Grid
[LOG 16:19:10.400] Load DDS texture: SquadExpansion/Serenity/Parts/DeployedScience/Assets/IonExperiment_diffuse
[LOG 16:19:10.405] Load DDS texture: SquadExpansion/Serenity/Parts/DeployedScience/Assets/RTGCask_diffuse
[LOG 16:19:10.413] Load DDS texture: SquadExpansion/Serenity/Parts/DeployedScience/Assets/satDish_diffuse
[LOG 16:19:10.418] Load Cached PNG Texture: SquadExpansion/Serenity/Parts/DeployedScience/Assets/Scratch
[LOG 16:19:10.425] Load DDS texture: SquadExpansion/Serenity/Parts/DeployedScience/Assets/Screen2
[LOG 16:19:10.430] Load DDS texture: SquadExpansion/Serenity/Parts/DeployedScience/Assets/Screen3
[LOG 16:19:10.435] Load DDS texture: SquadExpansion/Serenity/Parts/DeployedScience/Assets/ScreenReadout
[LOG 16:19:10.441] Load DDS texture: SquadExpansion/Serenity/Parts/DeployedScience/Assets/seismicSensor_diffuse
[LOG 16:19:10.450] Load DDS texture: SquadExpansion/Serenity/Parts/DeployedScience/Assets/seismicSensor_nrm
[LOG 16:19:10.455] Load DDS texture: SquadExpansion/Serenity/Parts/DeployedScience/Assets/seismicSensor_specularMapped
[LOG 16:19:10.461] Load DDS texture: SquadExpansion/Serenity/Parts/DeployedScience/Assets/SolarGraph
[LOG 16:19:10.467] Load DDS texture: SquadExpansion/Serenity/Parts/DeployedScience/Assets/solarPanel_diffuse
[LOG 16:19:10.473] Load DDS texture: SquadExpansion/Serenity/Parts/DeployedScience/Assets/Waveleght3
[LOG 16:19:10.481] Load DDS texture: SquadExpansion/Serenity/Parts/DeployedScience/Assets/Wavelenght
[LOG 16:19:10.487] Load DDS texture: SquadExpansion/Serenity/Parts/DeployedScience/Assets/Wavelenght2
[LOG 16:19:10.493] Load DDS texture: SquadExpansion/Serenity/Parts/DeployedScience/Assets/wavelenght4
[LOG 16:19:10.498] Load DDS texture: SquadExpansion/Serenity/Parts/DeployedScience/Assets/wavelenght5
[LOG 16:19:10.518] Load DDS texture: SquadExpansion/Serenity/Parts/DeployedScience/Assets/WeatherStation [Normal]
[LOG 16:19:10.542] Load DDS texture: SquadExpansion/Serenity/Parts/DeployedScience/Assets/Weather_Station_diffuse
[LOG 16:19:10.550] Load DDS texture: SquadExpansion/Serenity/Parts/DeployedScience/Assets/Weather_Station_normal
[LOG 16:19:10.556] Load DDS texture: SquadExpansion/Serenity/Parts/Propellers/Assets/blade_diffuse
[LOG 16:19:10.557] Load DDS texture: SquadExpansion/Serenity/Parts/Propellers/Assets/copterBlades_diffuse
[LOG 16:19:10.563] Load DDS texture: SquadExpansion/Serenity/Parts/Propellers/Assets/fan_diffuse
[LOG 16:19:10.568] Load DDS texture: SquadExpansion/Serenity/Parts/Robotics/Assets/hinges-03-s_diffuse_Color
[LOG 16:19:10.574] Load DDS texture: SquadExpansion/Serenity/Parts/Robotics/Assets/hinges-03_diffuse_color
[LOG 16:19:10.580] Load DDS texture: SquadExpansion/Serenity/Parts/Robotics/Assets/hinges-03_diffuse_plain
[LOG 16:19:10.587] Load DDS texture: SquadExpansion/Serenity/Parts/Robotics/Assets/hinges_diffuse
[LOG 16:19:10.592] Load DDS texture: SquadExpansion/Serenity/Parts/Robotics/Assets/Hinge_diffuse_G-00_Color
[LOG 16:19:10.597] Load DDS texture: SquadExpansion/Serenity/Parts/Robotics/Assets/Hinge_diffuse_G-11_Color
[LOG 16:19:10.604] Load DDS texture: SquadExpansion/Serenity/Parts/Robotics/Assets/Hinge_diffuse_G-11_plain
[LOG 16:19:10.609] Load DDS texture: SquadExpansion/Serenity/Parts/Robotics/Assets/Hinge_normal
[LOG 16:19:10.760] Load DDS texture: SquadExpansion/Serenity/Parts/Robotics/Assets/RotorEngine_02_diffuse
[LOG 16:19:10.770] Load DDS texture: SquadExpansion/Serenity/Parts/Robotics/Assets/RotorEngine_03_diffuse
[LOG 16:19:10.776] Load DDS texture: SquadExpansion/Serenity/Parts/Robotics/Assets/RotorEngine_03_normal
[LOG 16:19:10.782] Load DDS texture: SquadExpansion/Serenity/Parts/Robotics/Assets/Rotor_01_diffuse_color
[LOG 16:19:10.787] Load DDS texture: SquadExpansion/Serenity/Parts/Robotics/Assets/Rotor_01_diffuse_plain
[LOG 16:19:10.792] Load DDS texture: SquadExpansion/Serenity/Parts/Robotics/Assets/Rotor_01_normal
[LOG 16:19:10.798] Load DDS texture: SquadExpansion/Serenity/Parts/Robotics/Assets/Rotor_01_specular_D
[LOG 16:19:10.804] Load DDS texture: SquadExpansion/Serenity/Parts/Robotics/Assets/Rotor_02_diffuse_color
[LOG 16:19:10.810] Load DDS texture: SquadExpansion/Serenity/Parts/Robotics/Assets/Rotor_03_diffuse_color
[LOG 16:19:10.819] Load DDS texture: SquadExpansion/Serenity/Parts/Robotics/Assets/Rotor_03_diffuse_plain
[LOG 16:19:10.824] Load DDS texture: SquadExpansion/Serenity/Parts/Robotics/Assets/Rotor_03_normal
[LOG 16:19:10.830] Load DDS texture: SquadExpansion/Serenity/Parts/Robotics/Assets/rotoServos_diffuse_color
[LOG 16:19:10.836] Load DDS texture: SquadExpansion/Serenity/Parts/Robotics/Assets/rotoServos_diffuse_plain
[LOG 16:19:10.843] Load DDS texture: SquadExpansion/Serenity/Parts/Robotics/Assets/rotoServos_nrm
[LOG 16:19:10.853] Load DDS texture: SquadExpansion/Serenity/Parts/Robotics/Controllers/roboController_diffuse
[LOG 16:19:10.858] Load DDS texture: SquadExpansion/Serenity/Parts/Robotics/Controllers/roboController_emissive
[LOG 16:19:10.863] Load Cached PNG Texture: SquadExpansion/Serenity/Parts/Science/RobotArmScanner/Assets/DrillBits
[LOG 16:19:10.871] Load DDS texture: SquadExpansion/Serenity/Parts/Science/RobotArmScanner/Assets/DustParticle
[WRN 16:19:10.876] Duplicate PNG texture 'SquadExpansion/Serenity/Parts/Science/RobotArmScanner/Assets/DustParticle' with extension 'png' won't be loaded
[LOG 16:19:10.884] Load DDS texture: SquadExpansion/Serenity/Parts/Science/RobotArmScanner/Assets/GenericParts_diffuse
[LOG 16:19:10.892] Load DDS texture: SquadExpansion/Serenity/Parts/Science/RobotArmScanner/Assets/GenericParts_normal
[LOG 16:19:10.901] Load DDS texture: SquadExpansion/Serenity/Parts/Science/RobotArmScanner/Assets/ROCArm3_diffuse
[LOG 16:19:10.912] Load DDS texture: SquadExpansion/Serenity/Parts/Science/RobotArmScanner/Assets/ROCArm3_normal
[LOG 16:19:10.919] Load DDS texture: SquadExpansion/Serenity/Parts/Science/RobotArmScanner/Assets/ROCArm_2_diffuse
[LOG 16:19:10.925] Load DDS texture: SquadExpansion/Serenity/Parts/Science/RobotArmScanner/Assets/ROCArm_2_normal
[LOG 16:19:10.939] Load Cached PNG Texture: SquadExpansion/Serenity/Parts/Science/RobotArmScanner/Assets/Scratch
[LOG 16:19:10.945] Load DDS texture: SquadExpansion/Serenity/Parts/Science/RobotArmScanner/Assets/SmallArm_diffuse
[LOG 16:19:10.957] Load DDS texture: SquadExpansion/Serenity/Parts/Science/RobotArmScanner/Assets/SmallArm_normal
[LOG 16:19:10.964] Load DDS texture: SquadExpansion/Serenity/Parts/Structural/gripPads/Assets/gripPads_diffuse
[LOG 16:19:10.971] Load DDS texture: SquadExpansion/Serenity/Parts/Structural/gripPads/Assets/gripPads_nrm
[LOG 16:19:10.979] Load Cached PNG Texture: SquadExpansion/Serenity/Ships/@thumbs/SPH/Arrow-E
[LOG 16:19:10.985] Load Cached PNG Texture: SquadExpansion/Serenity/Ships/@thumbs/SPH/Butterfly Rover
[LOG 16:19:10.991] Load Cached PNG Texture: SquadExpansion/Serenity/Ships/@thumbs/SPH/Jeb_s Quadtaxi
[LOG 16:19:10.998] Load Cached PNG Texture: SquadExpansion/Serenity/Ships/@thumbs/SPH/Kerbodyne Rotodyne
[LOG 16:19:11.006] Load Cached PNG Texture: SquadExpansion/Serenity/Ships/@thumbs/SPH/Seahawk
[LOG 16:19:11.017] Load Cached PNG Texture: SquadExpansion/Serenity/Ships/@thumbs/SPH/Val-Thopter
[LOG 16:19:11.026] Load MU model: Squad/FX/afterburner_flame
[LOG 16:19:11.034] Load MU model: Squad/FX/afterburner_shock
[LOG 16:19:11.035] Load MU model: Squad/FX/diamondBlue
[LOG 16:19:11.035] Load MU model: Squad/FX/exhaustFlames_blue
[LOG 16:19:11.147] Load MU model: Squad/FX/hydroLOXFlame
[LOG 16:19:11.148] Load MU model: Squad/FX/IonPlume
[LOG 16:19:11.149] Load MU model: Squad/FX/ks1_Exhaust
[LOG 16:19:11.149] Load MU model: Squad/FX/ks25_Exhaust
[LOG 16:19:11.149] Load MU model: Squad/FX/ksX_Exhaust
[LOG 16:19:11.150] Load MU model: Squad/FX/LES_Thruster
[LOG 16:19:11.150] Load MU model: Squad/FX/Monoprop_big
[LOG 16:19:11.150] Load MU model: Squad/FX/Monoprop_medium
[LOG 16:19:11.151] Load MU model: Squad/FX/Monoprop_small
[LOG 16:19:11.151] Load MU model: Squad/FX/shockExhaust_blue
[LOG 16:19:11.152] Load MU model: Squad/FX/shockExhaust_blue_small
[LOG 16:19:11.152] Load MU model: Squad/FX/shockExhaust_red_small
[LOG 16:19:11.153] Load MU model: Squad/FX/SRB_Large
[LOG 16:19:11.153] Load MU model: Squad/FX/SRB_LargeSparks
[LOG 16:19:11.154] Load MU model: Squad/Parts/Aero/aerodynamicNoseCone/aerodynamicNoseCone
[LOG 16:19:11.157] Load MU model: Squad/Parts/Aero/airbrake/Airbrake
[LOG 16:19:11.157] Load MU model: Squad/Parts/Aero/airIntakeRadialXM-G50/RadialIntake
[LOG 16:19:11.158] Load MU model: Squad/Parts/Aero/airlinerWings/ControlSurface
[LOG 16:19:11.158] Load MU model: Squad/Parts/Aero/airlinerWings/MainWing
[LOG 16:19:11.158] Load MU model: Squad/Parts/Aero/airlinerWings/TailFin
[LOG 16:19:11.160] Load MU model: Squad/Parts/Aero/airplaneFins/AdvCanard
[LOG 16:19:11.160] Load MU model: Squad/Parts/Aero/airplaneFins/Canard
[LOG 16:19:11.161] Load MU model: Squad/Parts/Aero/airplaneFins/Swept
[LOG 16:19:11.161] Load MU model: Squad/Parts/Aero/airplaneFins/TailFin
[LOG 16:19:11.161] Load MU model: Squad/Parts/Aero/basicFin/basicFin
[LOG 16:19:11.161] Load MU model: Squad/Parts/Aero/circularIntake/CircularIntake
[LOG 16:19:11.163] Load MU model: Squad/Parts/Aero/circularIntake/ConeIntake
[LOG 16:19:11.163] Load MU model: Squad/Parts/Aero/cones/Assets/AvioCone
[LOG 16:19:11.164] Load MU model: Squad/Parts/Aero/cones/Assets/ConeA
[LOG 16:19:11.164] Load MU model: Squad/Parts/Aero/cones/Assets/ConeB
[LOG 16:19:11.164] Load MU model: Squad/Parts/Aero/cones/Assets/NCS
[LOG 16:19:11.165] Load MU model: Squad/Parts/Aero/cones/Assets/orangeNoseCone
[LOG 16:19:11.166] Load MU model: Squad/Parts/Aero/cones/Assets/rocketNoseCone
[LOG 16:19:11.172] Load MU model: Squad/Parts/Aero/cones/Assets/rocketNoseCone_v2
[LOG 16:19:11.179] Load MU model: Squad/Parts/Aero/cones/Assets/rocketNoseCone_v3
[LOG 16:19:11.187] Load MU model: Squad/Parts/Aero/cones/Assets/TailA
[LOG 16:19:11.192] Load MU model: Squad/Parts/Aero/cones/Assets/TailB
[LOG 16:19:11.201] Load MU model: Squad/Parts/Aero/cones/Assets/TinyCone
[LOG 16:19:11.206] Load MU model: Squad/Parts/Aero/fairings/AutoTruss
[LOG 16:19:11.210] Load MU model: Squad/Parts/Aero/fairings/fairingSize1
[LOG 16:19:11.216] Load MU model: Squad/Parts/Aero/fairings/fairingSize2
[LOG 16:19:11.221] Load MU model: Squad/Parts/Aero/fairings/fairingSize3
[LOG 16:19:11.227] Load MU model: Squad/Parts/Aero/HeatShield/HeatShield0
[LOG 16:19:11.232] Load MU model: Squad/Parts/Aero/HeatShield/HeatShield1
[LOG 16:19:11.239] Load MU model: Squad/Parts/Aero/HeatShield/HeatShield2
[LOG 16:19:11.243] Load MU model: Squad/Parts/Aero/HeatShield/HeatShield3
[LOG 16:19:11.250] Load MU model: Squad/Parts/Aero/InflatableHeatShield/HeatShield
[LOG 16:19:11.255] Load MU model: Squad/Parts/Aero/intakeRadialLong/IntakeRadial
[LOG 16:19:11.264] Load MU model: Squad/Parts/Aero/miniIntake/SmallIntake
[LOG 16:19:11.269] Load MU model: Squad/Parts/Aero/ramAirIntake/RampIntake
[LOG 16:19:11.276] Load MU model: Squad/Parts/Aero/shuttleWings/ShuttleDeltaWing
[LOG 16:19:11.284] Load MU model: Squad/Parts/Aero/shuttleWings/ShuttleElevonA
[LOG 16:19:11.289] Load MU model: Squad/Parts/Aero/shuttleWings/ShuttleElevonB
[LOG 16:19:11.293] Load MU model: Squad/Parts/Aero/shuttleWings/ShuttleRudder
[LOG 16:19:11.302] Load MU model: Squad/Parts/Aero/shuttleWings/ShuttleStrake
[LOG 16:19:11.302] Load MU model: Squad/Parts/Aero/wingletAV-R8/model
[LOG 16:19:11.307] Load MU model: Squad/Parts/Aero/wingletAV-T1/model
[LOG 16:19:11.313] Load MU model: Squad/Parts/Aero/wingletDeltaDeluxe/model
[LOG 16:19:11.314] Load MU model: Squad/Parts/Aero/wings/connector1
[LOG 16:19:11.315] Load MU model: Squad/Parts/Aero/wings/connector2
[LOG 16:19:11.315] Load MU model: Squad/Parts/Aero/wings/connector3
[LOG 16:19:11.320] Load MU model: Squad/Parts/Aero/wings/connector4
[LOG 16:19:11.325] Load MU model: Squad/Parts/Aero/wings/connector5
[LOG 16:19:11.326] Load MU model: Squad/Parts/Aero/wings/delta
[LOG 16:19:11.326] Load MU model: Squad/Parts/Aero/wings/delta_small
[LOG 16:19:11.327] Load MU model: Squad/Parts/Aero/wings/elevon1
[LOG 16:19:11.328] Load MU model: Squad/Parts/Aero/wings/elevon2
[LOG 16:19:11.334] Load MU model: Squad/Parts/Aero/wings/elevon3
[LOG 16:19:11.340] Load MU model: Squad/Parts/Aero/wings/elevon4
[LOG 16:19:11.348] Load MU model: Squad/Parts/Aero/wings/elevon5
[LOG 16:19:11.351] Load MU model: Squad/Parts/Aero/wings/strake
[LOG 16:19:11.351] Load MU model: Squad/Parts/Aero/wings/structural1
[LOG 16:19:11.352] Load MU model: Squad/Parts/Aero/wings/structural2
[LOG 16:19:11.357] Load MU model: Squad/Parts/Aero/wings/structural3
[LOG 16:19:11.358] Load MU model: Squad/Parts/Aero/wings/structural4
[LOG 16:19:11.363] Load MU model: Squad/Parts/Aero/wings/swept1
[LOG 16:19:11.370] Load MU model: Squad/Parts/Aero/wings/swept2
[LOG 16:19:11.376] Load MU model: Squad/Parts/Cargo/CargoContainers/cargoContainer
[LOG 16:19:11.382] Load MU model: Squad/Parts/Cargo/CargoContainers/smallCargoContainer
[LOG 16:19:11.387] Load MU model: Squad/Parts/Cargo/Cylinder/EVAcylinder
[LOG 16:19:11.392] Load MU model: Squad/Parts/Cargo/GroundAnchor/groundAnchor
[LOG 16:19:11.412] Load MU model: Squad/Parts/Cargo/Jetpack/Jetpack
[LOG 16:19:11.421] Load MU model: Squad/Parts/Cargo/Parachute/Parachute
[LOG 16:19:11.426] Load MU model: Squad/Parts/Cargo/RepairKit/RepairKit
[LOG 16:19:11.443] Load MU model: Squad/Parts/Cargo/ScienceKit/ExperimentKit
[LOG 16:19:11.444] Load MU model: Squad/Parts/Cargo/StorageUnits/Assets/CargoStorageUnit
[LOG 16:19:11.445] Load MU model: Squad/Parts/Cargo/StorageUnits/Assets/ConformalStorageUnit
[LOG 16:19:11.447] Load MU model: Squad/Parts/Command/advancedSasModuleLarge/model
[LOG 16:19:11.453] Load MU model: Squad/Parts/Command/cupola/model
[LOG 16:19:11.459] Load MU model: Squad/Parts/Command/externalCommandSeat/model
[LOG 16:19:11.465] Load MU model: Squad/Parts/Command/hitchhikerStorageContainer/model
[LOG 16:19:11.470] Load MU model: Squad/Parts/Command/inlineAdvancedStabilizer/model
[LOG 16:19:11.479] Load MU model: Squad/Parts/Command/inlineReactionWheel/model
[LOG 16:19:11.485] Load MU model: Squad/Parts/Command/Mk1-3Pod/Mk1-3
[LOG 16:19:11.492] Load MU model: Squad/Parts/Command/mk1Cockpits/Cabin
[LOG 16:19:11.497] Load MU model: Squad/Parts/Command/mk1Cockpits/CockpitInline
[LOG 16:19:11.503] Load MU model: Squad/Parts/Command/mk1Cockpits/CockpitStandard
[LOG 16:19:11.521] Load MU model: Squad/Parts/Command/mk1LanderCan/model
[LOG 16:19:11.522] Load MU model: Squad/Parts/Command/mk1pod_v2/Mk1Pod_v2
[LOG 16:19:11.522] Load MU model: Squad/Parts/Command/mk2CockpitInline/model
[LOG 16:19:11.524] Load MU model: Squad/Parts/Command/mk2CockpitStandard/model
[LOG 16:19:11.529] Load MU model: Squad/Parts/Command/mk2DroneCore/model
[LOG 16:19:11.534] Load MU model: Squad/Parts/Command/mk2LanderCan/model
[LOG 16:19:11.539] Load MU model: Squad/Parts/Command/mk2LanderCan_v2/mk2LanderCan
[LOG 16:19:11.544] Load MU model: Squad/Parts/Command/mk3CockpitShuttle/model
[LOG 16:19:11.549] Load MU model: Squad/Parts/Command/MpoProbe/MpoProbe
[LOG 16:19:11.553] Load MU model: Squad/Parts/Command/MtmStage/MTM_Stage
[LOG 16:19:11.560] Load MU model: Squad/Parts/Command/probeCoreCube/probeCoreCube
[LOG 16:19:11.564] Load MU model: Squad/Parts/Command/probeCoreHex/model
[LOG 16:19:11.571] Load MU model: Squad/Parts/Command/probeCoreHex_v2/model
[LOG 16:19:11.575] Load MU model: Squad/Parts/Command/probeCoreOcto2_v2/probeCoreOcto2_v2
[LOG 16:19:11.581] Load MU model: Squad/Parts/Command/probeCoreOcto_v2/probeCoreOcto_v2
[LOG 16:19:11.585] Load MU model: Squad/Parts/Command/probeRoverBody/model
[LOG 16:19:11.590] Load MU model: Squad/Parts/Command/probeRoverBody_v2/probeRoverBody_v2
[LOG 16:19:11.597] Load MU model: Squad/Parts/Command/probeStackLarge/model
[LOG 16:19:11.604] Load MU model: Squad/Parts/Command/probeStackSmall/model
[LOG 16:19:11.609] Load MU model: Squad/Parts/Command/probeStackSphere_v2/probeStackSphere_v2
[LOG 16:19:11.614] Load MU model: Squad/Parts/CompoundParts/FuelLine/model
[LOG 16:19:11.619] Load MU model: Squad/Parts/CompoundParts/strutConnector/model
[LOG 16:19:11.624] Load MU model: Squad/Parts/Coupling/Assets/Decoupler_0
[LOG 16:19:11.632] Load MU model: Squad/Parts/Coupling/Assets/Decoupler_1
[LOG 16:19:11.636] Load MU model: Squad/Parts/Coupling/Assets/Decoupler_1p5
[LOG 16:19:11.643] Load MU model: Squad/Parts/Coupling/Assets/Decoupler_2
[LOG 16:19:11.649] Load MU model: Squad/Parts/Coupling/Assets/Decoupler_3
[LOG 16:19:11.654] Load MU model: Squad/Parts/Coupling/Assets/Decoupler_4
[LOG 16:19:11.659] Load MU model: Squad/Parts/Coupling/Assets/Separator_0
[LOG 16:19:11.664] Load MU model: Squad/Parts/Coupling/Assets/Separator_1
[LOG 16:19:11.670] Load MU model: Squad/Parts/Coupling/Assets/Separator_1p5
[LOG 16:19:11.675] Load MU model: Squad/Parts/Coupling/Assets/Separator_2
[LOG 16:19:11.680] Load MU model: Squad/Parts/Coupling/Assets/Separator_3
[LOG 16:19:11.685] Load MU model: Squad/Parts/Coupling/Assets/Separator_4
[LOG 16:19:11.690] Load MU model: Squad/Parts/Electrical/10CSolarPanels/assets/OX-10C
[LOG 16:19:11.695] Load MU model: Squad/Parts/Electrical/10CSolarPanels/assets/SP-10C
[LOG 16:19:11.701] Load MU model: Squad/Parts/Electrical/10LSolarPanels/assets/OX-10L
[LOG 16:19:11.706] Load MU model: Squad/Parts/Electrical/10LSolarPanels/assets/SP-10L
[LOG 16:19:11.712] Load MU model: Squad/Parts/Electrical/1x6ShroudSolarPanels/model
[LOG 16:19:11.717] Load MU model: Squad/Parts/Electrical/1x6SolarPanels/model
[LOG 16:19:11.722] Load MU model: Squad/Parts/Electrical/3x2ShroudSolarPanels/model
[LOG 16:19:11.732] Load MU model: Squad/Parts/Electrical/3x2SolarPanels/model
[LOG 16:19:11.738] Load MU model: Squad/Parts/Electrical/gigantorXlSolarArray/model
[LOG 16:19:11.739] Load MU model: Squad/Parts/Electrical/radialFlatSolarPanel/model
[LOG 16:19:11.744] Load MU model: Squad/Parts/Electrical/RTG/model
[LOG 16:19:11.750] Load MU model: Squad/Parts/Electrical/z-100Battery/model
[LOG 16:19:11.756] Load MU model: Squad/Parts/Electrical/z-1kBattery/model
[LOG 16:19:11.761] Load MU model: Squad/Parts/Electrical/z-200Battery/model
[LOG 16:19:11.766] Load MU model: Squad/Parts/Electrical/z-400Battery/model
[LOG 16:19:11.772] Load MU model: Squad/Parts/Electrical/z-4kBattery/model
[LOG 16:19:11.785] Load MU model: Squad/Parts/Engine/ionEngine/model
[LOG 16:19:11.791] Load MU model: Squad/Parts/Engine/jetEngines/turbineInside
[LOG 16:19:11.796] Load MU model: Squad/Parts/Engine/jetEngines/turboFanSize1
[LOG 16:19:11.804] Load MU model: Squad/Parts/Engine/jetEngines/turboFanSize2
[LOG 16:19:11.809] Load MU model: Squad/Parts/Engine/jetEngines/turboJet
[LOG 16:19:11.814] Load MU model: Squad/Parts/Engine/jetEngines/turboRamJet
[LOG 16:19:11.820] Load MU model: Squad/Parts/Engine/liquidEngine24-77/model
[LOG 16:19:11.826] Load MU model: Squad/Parts/Engine/liquidEngine24-77_v2/Twitch_v2
[LOG 16:19:11.831] Load MU model: Squad/Parts/Engine/liquidEngine48-7S_v2/SparkV2
[LOG 16:19:11.836] Load MU model: Squad/Parts/Engine/liquidEngineAerospike/AeroSpike
[LOG 16:19:11.842] Load MU model: Squad/Parts/Engine/liquidEngineLV-1_v2/Assets/Ant
[LOG 16:19:11.849] Load MU model: Squad/Parts/Engine/liquidEngineLV-1_v2/Assets/Spider
[LOG 16:19:11.987] Load MU model: Squad/Parts/Engine/liquidEngineLV-909_v2/TerrierV2
[LOG 16:19:11.992] Load MU model: Squad/Parts/Engine/liquidEngineLV-N/model
[LOG 16:19:11.998] Load MU model: Squad/Parts/Engine/liquidEngineLV-T30/model
[LOG 16:19:12.003] Load MU model: Squad/Parts/Engine/liquidEngineLV-T30_v2/Reliant_v2
[LOG 16:19:12.009] Load MU model: Squad/Parts/Engine/liquidEngineLV-T45/model
[LOG 16:19:12.015] Load MU model: Squad/Parts/Engine/liquidEngineLV-T45_v2/Swivel_v2
[LOG 16:19:12.021] Load MU model: Squad/Parts/Engine/liquidEngineMainsail_v2/liquidEngineMainsail_v2
[LOG 16:19:12.029] Load MU model: Squad/Parts/Engine/liquidEngineMk55/Thud
[LOG 16:19:12.035] Load MU model: Squad/Parts/Engine/liquidEnginePoodle_v2/LqdEnginePoodle_v2
[LOG 16:19:12.040] Load MU model: Squad/Parts/Engine/liquidEngineSkipper_v2/skipper_v2
[LOG 16:19:12.046] Load MU model: Squad/Parts/Engine/liquidEngineSSME/SSME
[LOG 16:19:12.053] Load MU model: Squad/Parts/Engine/MassiveSRB/MassiveSRB
[LOG 16:19:12.063] Load MU model: Squad/Parts/Engine/miniJet/SmallJet
[LOG 16:19:12.068] Load MU model: Squad/Parts/Engine/OMSEngine/Puff_v2
[LOG 16:19:12.073] Load MU model: Squad/Parts/Engine/rapierEngine/rapier
[LOG 16:19:12.078] Load MU model: Squad/Parts/Engine/Size1_SRBs/SRB10
[LOG 16:19:12.083] Load MU model: Squad/Parts/Engine/Size1_SRBs/SRB5
[LOG 16:19:12.089] Load MU model: Squad/Parts/Engine/Size2LFB/Size2LFB
[LOG 16:19:12.094] Load MU model: Squad/Parts/Engine/Size2LFB_v2/Size2LFB_v2
[LOG 16:19:12.100] Load MU model: Squad/Parts/Engine/Size3AdvancedEngine/Size3AdvancedEngine
[LOG 16:19:12.108] Load MU model: Squad/Parts/Engine/Size3EngineCluster/Size3EngineCluster
[LOG 16:19:12.113] Load MU model: Squad/Parts/Engine/solidBoosterBACC/model
[LOG 16:19:12.119] Load MU model: Squad/Parts/Engine/solidBoosterS2-17/solidBoosterS2-17
[LOG 16:19:12.126] Load MU model: Squad/Parts/Engine/solidBoosterS2-33/solidBoosterS2-33
[LOG 16:19:12.133] Load MU model: Squad/Parts/Engine/solidBoosterSep/model
[LOG 16:19:12.138] Load MU model: Squad/Parts/Engine/SolidBoostersF/Assets/SolidBoosterF3S0
[LOG 16:19:12.146] Load MU model: Squad/Parts/Engine/SolidBoostersF/Assets/SolidBoosterFM1
[LOG 16:19:12.151] Load MU model: Squad/Parts/FuelTank/adapterTanks/Mk3-Mk2
[LOG 16:19:12.156] Load MU model: Squad/Parts/FuelTank/adapterTanks/Mk3-Size2
[LOG 16:19:12.163] Load MU model: Squad/Parts/FuelTank/adapterTanks/Mk3-Size2Slant
[LOG 16:19:12.168] Load MU model: Squad/Parts/FuelTank/adapterTanks/ShuttleAdapter
[LOG 16:19:12.173] Load MU model: Squad/Parts/FuelTank/adapterTanks/Size2-Mk2
[LOG 16:19:12.178] Load MU model: Squad/Parts/FuelTank/adapterTanks/Size2-Size1
[LOG 16:19:12.184] Load MU model: Squad/Parts/FuelTank/adapterTanks/Size2-Size1Slant
[LOG 16:19:12.189] Load MU model: Squad/Parts/FuelTank/adapterTanks/Size3-Mk3
[LOG 16:19:12.194] Load MU model: Squad/Parts/FuelTank/drainTankFTE-1/fuelValve
[LOG 16:19:12.199] Load MU model: Squad/Parts/FuelTank/FoilTanks/RadialTank_Capsule
[LOG 16:19:12.204] Load MU model: Squad/Parts/FuelTank/FoilTanks/RadialTank_Round
[LOG 16:19:12.210] Load MU model: Squad/Parts/FuelTank/FoilTanks/ToroidTank
[LOG 16:19:12.215] Load MU model: Squad/Parts/FuelTank/fuelTankOscarB/model
[LOG 16:19:12.221] Load MU model: Squad/Parts/FuelTank/miniFuselage/Fuselage
[LOG 16:19:12.227] Load MU model: Squad/Parts/FuelTank/mk2Adapters/bicoupler
[LOG 16:19:12.234] Load MU model: Squad/Parts/FuelTank/mk2Adapters/long
[LOG 16:19:12.242] Load MU model: Squad/Parts/FuelTank/mk2Adapters/standard
[LOG 16:19:12.247] Load MU model: Squad/Parts/FuelTank/mk2FuselageLong/FuselageLongLFO
[LOG 16:19:12.253] Load MU model: Squad/Parts/FuelTank/mk2FuselageLong/FuselageLongLiquid
[LOG 16:19:12.258] Load MU model: Squad/Parts/FuelTank/mk2FuselageShort/FuselageShortLFO
[LOG 16:19:12.264] Load MU model: Squad/Parts/FuelTank/mk2FuselageShort/FuselageShortLiquid
[LOG 16:19:12.269] Load MU model: Squad/Parts/FuelTank/mk2FuselageShort/FuselageShortMono
[LOG 16:19:12.275] Load MU model: Squad/Parts/FuelTank/mk3Fuselage/CREW
[LOG 16:19:12.280] Load MU model: Squad/Parts/FuelTank/mk3Fuselage/LFO_100
[LOG 16:19:12.285] Load MU model: Squad/Parts/FuelTank/mk3Fuselage/LFO_25
[LOG 16:19:12.291] Load MU model: Squad/Parts/FuelTank/mk3Fuselage/LFO_50
[LOG 16:19:12.295] Load MU model: Squad/Parts/FuelTank/mk3Fuselage/LF_100
[LOG 16:19:12.305] Load MU model: Squad/Parts/FuelTank/mk3Fuselage/LF_25
[LOG 16:19:12.311] Load MU model: Squad/Parts/FuelTank/mk3Fuselage/LF_50
[LOG 16:19:12.315] Load MU model: Squad/Parts/FuelTank/mk3Fuselage/MONO
[LOG 16:19:12.321] Load MU model: Squad/Parts/FuelTank/RCSFuelTankR1/RCSFuelTankR1_01
[LOG 16:19:12.329] Load MU model: Squad/Parts/FuelTank/RCSFuelTankR10/model
[LOG 16:19:12.334] Load MU model: Squad/Parts/FuelTank/RCSFuelTankR25/RCSFuelTankR25
[LOG 16:19:12.339] Load MU model: Squad/Parts/FuelTank/RCSTankRadial/model
[LOG 16:19:12.344] Load MU model: Squad/Parts/FuelTank/RCStankRadialLong/model
[LOG 16:19:12.348] Load MU model: Squad/Parts/FuelTank/RockomaxTanks/Assets/Rockomax16
[LOG 16:19:12.354] Load MU model: Squad/Parts/FuelTank/RockomaxTanks/Assets/Rockomax32
[LOG 16:19:12.361] Load MU model: Squad/Parts/FuelTank/RockomaxTanks/Assets/Rockomax64
[LOG 16:19:12.367] Load MU model: Squad/Parts/FuelTank/RockomaxTanks/Assets/Rockomax8
[LOG 16:19:12.374] Load MU model: Squad/Parts/FuelTank/Size1_Tanks/Size1Tank_01
[LOG 16:19:12.379] Load MU model: Squad/Parts/FuelTank/Size1_Tanks/Size1Tank_02
[LOG 16:19:12.384] Load MU model: Squad/Parts/FuelTank/Size1_Tanks/Size1Tank_03
[LOG 16:19:12.390] Load MU model: Squad/Parts/FuelTank/Size1_Tanks/Size1Tank_04
[LOG 16:19:12.395] Load MU model: Squad/Parts/FuelTank/Size3Tanks/Size3LargeTank
[LOG 16:19:12.401] Load MU model: Squad/Parts/FuelTank/Size3Tanks/Size3MediumTank
[LOG 16:19:12.407] Load MU model: Squad/Parts/FuelTank/Size3Tanks/Size3SmallTank
[LOG 16:19:12.411] Load MU model: Squad/Parts/FuelTank/xenonTank/model
[LOG 16:19:12.417] Load MU model: Squad/Parts/FuelTank/xenonTankLarge/model
[LOG 16:19:12.422] Load MU model: Squad/Parts/FuelTank/xenonTankRadial/model
[LOG 16:19:12.428] Load MU model: Squad/Parts/Misc/AsteroidDay/CamSat
[LOG 16:19:12.433] Load MU model: Squad/Parts/Misc/AsteroidDay/HECS2
[LOG 16:19:12.438] Load MU model: Squad/Parts/Misc/AsteroidDay/HighGainAntenna
[LOG 16:19:12.444] Load MU model: Squad/Parts/Misc/AsteroidDay/LgRadialSolar
[LOG 16:19:12.447] Load MU model: Squad/Parts/Misc/PotatoComet/Cube
[LOG 16:19:12.448] Load MU model: Squad/Parts/Misc/PotatoRoid/Cube
[LOG 16:19:12.452] Load MU model: Squad/Parts/Resources/FuelCell/FuelCell
[LOG 16:19:12.458] Load MU model: Squad/Parts/Resources/FuelCell/FuelCellArray
[LOG 16:19:12.463] Load MU model: Squad/Parts/Resources/ISRU/ISRU
[LOG 16:19:12.468] Load MU model: Squad/Parts/Resources/LargeTank/LargeTank
[LOG 16:19:12.474] Load MU model: Squad/Parts/Resources/MiniDrill/MiniDrill
[LOG 16:19:12.479] Load MU model: Squad/Parts/Resources/MiniISRU/MiniISRU
[LOG 16:19:12.484] Load MU model: Squad/Parts/Resources/OrbitalScanner/OrbitalScanner
[LOG 16:19:12.490] Load MU model: Squad/Parts/Resources/RadialDrill/TriBitDrill
[LOG 16:19:12.494] Load MU model: Squad/Parts/Resources/RadialTank/RadialOreTank
[LOG 16:19:12.500] Load MU model: Squad/Parts/Resources/SmallTank/SmallTank
[LOG 16:19:12.504] Load MU model: Squad/Parts/Resources/SurfaceScanner/SurfaceScanner
[LOG 16:19:12.512] Load MU model: Squad/Parts/Resources/SurveyScanner/SurveyScanner
[LOG 16:19:12.516] Load MU model: Squad/Parts/Science/AtmosphereSensor/model
[LOG 16:19:12.522] Load MU model: Squad/Parts/Science/GooExperiment/GooExperiment
[LOG 16:19:12.527] Load MU model: Squad/Parts/Science/LargeCrewedLab/large_crewed_lab
[LOG 16:19:12.534] Load MU model: Squad/Parts/Science/Magnetometer/Magnetometer
[LOG 16:19:12.539] Load MU model: Squad/Parts/Science/MaterialBay/science_module_small
[LOG 16:19:12.544] Load MU model: Squad/Parts/Science/ScienceBox/ScienceBox
[LOG 16:19:12.549] Load MU model: Squad/Parts/Science/sensorAccelerometer/model
[LOG 16:19:12.554] Load MU model: Squad/Parts/Science/sensorBarometer/model
[LOG 16:19:12.562] Load MU model: Squad/Parts/Science/sensorGravimeter/model
[LOG 16:19:12.562] Load MU model: Squad/Parts/Science/sensorThermometer/model
[LOG 16:19:12.567] Load MU model: Squad/Parts/Structural/FLAdapters/Assets/adapterSmallMiniShort_v2
[LOG 16:19:12.575] Load MU model: Squad/Parts/Structural/FLAdapters/Assets/adapterSmallMiniTall_v2
[LOG 16:19:12.584] Load MU model: Squad/Parts/Structural/mk1Parts/Fuselage
[LOG 16:19:12.590] Load MU model: Squad/Parts/Structural/mk1Parts/IntakeFuselage
[LOG 16:19:12.595] Load MU model: Squad/Parts/Structural/mk1Parts/Nacelle1
[LOG 16:19:12.601] Load MU model: Squad/Parts/Structural/mk1Parts/Nacelle2
[LOG 16:19:12.606] Load MU model: Squad/Parts/Structural/mk1Parts/Structural
[LOG 16:19:12.611] Load MU model: Squad/Parts/Structural/mk1Parts/StructuralHollow
[LOG 16:19:12.616] Load MU model: Squad/Parts/Structural/Size3To2Adapter_v2/Size2to3_v2
[LOG 16:19:12.622] Load MU model: Squad/Parts/Structural/stackAdapters/Assets/adapterLargeSmallBi
[LOG 16:19:12.627] Load MU model: Squad/Parts/Structural/stackAdapters/Assets/adapterLargeSmallQuad
[LOG 16:19:12.631] Load MU model: Squad/Parts/Structural/stackAdapters/Assets/adapterLargeSmallTri
[LOG 16:19:12.637] Load MU model: Squad/Parts/Structural/stationHub/model
[LOG 16:19:12.646] Load MU model: Squad/Parts/Structural/structuralIBeam200/model
[LOG 16:19:12.647] Load MU model: Squad/Parts/Structural/structuralIBeam200Pocket/model
[LOG 16:19:12.652] Load MU model: Squad/Parts/Structural/structuralIBeam650/model
[LOG 16:19:12.653] Load MU model: Squad/Parts/Structural/structuralMicronode/model
[LOG 16:19:12.659] Load MU model: Squad/Parts/Structural/structuralPanel1x1/model
[LOG 16:19:12.664] Load MU model: Squad/Parts/Structural/structuralPanel2x2/model
[LOG 16:19:12.671] Load MU model: Squad/Parts/Structural/structuralPylons/PylonBig
[LOG 16:19:12.678] Load MU model: Squad/Parts/Structural/structuralPylons/PylonSmall
[LOG 16:19:12.682] Load MU model: Squad/Parts/Structural/strutCubicOcto/model
[LOG 16:19:12.688] Load MU model: Squad/Parts/Structural/strutOcto/model
[LOG 16:19:12.693] Load MU model: Squad/Parts/Structural/trussGirderAdapter/model
[LOG 16:19:12.699] Load MU model: Squad/Parts/Structural/trussGirderL/model
[LOG 16:19:12.704] Load MU model: Squad/Parts/Structural/trussGirderXL/model
[LOG 16:19:12.709] Load MU model: Squad/Parts/Thermal/FoldingRadiators/foldingRadLarge
[LOG 16:19:12.715] Load MU model: Squad/Parts/Thermal/FoldingRadiators/foldingRadMed
[LOG 16:19:12.721] Load MU model: Squad/Parts/Thermal/FoldingRadiators/foldingRadSmall
[LOG 16:19:12.723] Load MU model: Squad/Parts/Thermal/RadiatorPanels/radPanelEdge
[LOG 16:19:12.727] Load MU model: Squad/Parts/Thermal/RadiatorPanels/radPanelLg
[LOG 16:19:12.733] Load MU model: Squad/Parts/Thermal/RadiatorPanels/radPanelSm
[LOG 16:19:12.738] Load MU model: Squad/Parts/Utility/commDish88-88/model
[LOG 16:19:12.744] Load MU model: Squad/Parts/Utility/commsAntennaDTS-M1/mediumDishAntenna
[LOG 16:19:12.749] Load MU model: Squad/Parts/Utility/commsDish16/model
[LOG 16:19:12.754] Load MU model: Squad/Parts/Utility/decouplerRadialHDM/model
[LOG 16:19:12.763] Load MU model: Squad/Parts/Utility/decouplerRadialTT-38K/model
[LOG 16:19:12.767] Load MU model: Squad/Parts/Utility/decouplerRadialTT-70/model
[LOG 16:19:12.772] Load MU model: Squad/Parts/Utility/DirectAntennas/HGAntenna
[LOG 16:19:12.778] Load MU model: Squad/Parts/Utility/DirectAntennas/HGAntenna_v2
[LOG 16:19:12.779] Load MU model: Squad/Parts/Utility/DirectAntennas/SurfAntenna
[LOG 16:19:12.784] Load MU model: Squad/Parts/Utility/dockingPort/dockingPort
[LOG 16:19:12.793] Load MU model: Squad/Parts/Utility/dockingPortInline/dockingPortInline
[LOG 16:19:12.798] Load MU model: Squad/Parts/Utility/dockingPortJr/dockingPortJr
[LOG 16:19:12.805] Load MU model: Squad/Parts/Utility/dockingPortShielded/dockingPortShielded
[LOG 16:19:12.810] Load MU model: Squad/Parts/Utility/dockingPortSr/dockingPortSr
[LOG 16:19:12.815] Load MU model: Squad/Parts/Utility/Fireworks/Assets/fireworksLauncherBig
[LOG 16:19:12.821] Load MU model: Squad/Parts/Utility/Fireworks/Assets/fireworksLauncherSmall
[LOG 16:19:12.825] Load MU model: Squad/Parts/Utility/flags/flagFlat/flagFlatMeshes
[LOG 16:19:12.831] Load MU model: Squad/Parts/Utility/flags/flagSize0/flagSize0Meshes
[LOG 16:19:12.836] Load MU model: Squad/Parts/Utility/flags/flagSize1/flagSize1Meshes
[LOG 16:19:12.842] Load MU model: Squad/Parts/Utility/flags/flagSize2/flagSize2Meshes
[LOG 16:19:12.847] Load MU model: Squad/Parts/Utility/flags/flagSize3/flagSize3Meshes
[LOG 16:19:12.852] Load MU model: Squad/Parts/Utility/GrapplingDevice/GrapplingArm
[LOG 16:19:12.857] Load MU model: Squad/Parts/Utility/ladderRadial/model
[LOG 16:19:12.862] Load MU model: Squad/Parts/Utility/ladderTelescopic/model
[LOG 16:19:12.869] Load MU model: Squad/Parts/Utility/ladderTelescopicBay/model
[LOG 16:19:12.874] Load MU model: Squad/Parts/Utility/landingLegLT-1/model
[LOG 16:19:12.881] Load MU model: Squad/Parts/Utility/landingLegLT-2/model
[LOG 16:19:12.887] Load MU model: Squad/Parts/Utility/landingLegLT-5/model
[WRN 16:19:12.888] WheelCollider requires an attached Rigidbody to function.
[WRN 16:19:12.888] WheelCollider requires an attached Rigidbody to function.
[LOG 16:19:12.891] Load MU model: Squad/Parts/Utility/launchClamp1/model
[LOG 16:19:12.898] Load MU model: Squad/Parts/Utility/launchEscapeSystem/LaunchEscapeSystem
[LOG 16:19:12.903] Load MU model: Squad/Parts/Utility/Lights/Assets/light_02
[LOG 16:19:12.912] Load MU model: Squad/Parts/Utility/Lights/Assets/light_03
[LOG 16:19:12.919] Load MU model: Squad/Parts/Utility/Lights/Assets/light_04
[LOG 16:19:12.924] Load MU model: Squad/Parts/Utility/Lights/Assets/light_07
[LOG 16:19:12.929] Load MU model: Squad/Parts/Utility/Lights/Assets/light_08
[LOG 16:19:12.934] Load MU model: Squad/Parts/Utility/Lights/Assets/light_12
[LOG 16:19:12.940] Load MU model: Squad/Parts/Utility/linearVernorRCS/Assets/linearRCS
[LOG 16:19:12.945] Load MU model: Squad/Parts/Utility/linearVernorRCS/Assets/vernorEngine
[LOG 16:19:12.950] Load MU model: Squad/Parts/Utility/mk2CargoBay/BayLarge
[LOG 16:19:12.956] Load MU model: Squad/Parts/Utility/mk2CargoBay/BaySmall
[LOG 16:19:12.961] Load MU model: Squad/Parts/Utility/mk2CrewCabin/model
[LOG 16:19:12.967] Load MU model: Squad/Parts/Utility/mk2DockingPort/mk2Dockingport
[LOG 16:19:12.973] Load MU model: Squad/Parts/Utility/mk3CargoBay/long
[LOG 16:19:12.979] Load MU model: Squad/Parts/Utility/mk3CargoBay/medium
[LOG 16:19:12.984] Load MU model: Squad/Parts/Utility/mk3CargoBay/ramp
[LOG 16:19:12.992] Load MU model: Squad/Parts/Utility/mk3CargoBay/short
[LOG 16:19:12.997] Load MU model: Squad/Parts/Utility/parachuteMk1/model
[LOG 16:19:13.002] Load MU model: Squad/Parts/Utility/parachuteMk12-R/model
[LOG 16:19:13.008] Load MU model: Squad/Parts/Utility/parachuteMk16-XL/model
[LOG 16:19:13.013] Load MU model: Squad/Parts/Utility/parachuteMk2-R/model
[LOG 16:19:13.018] Load MU model: Squad/Parts/Utility/parachuteMk25/model
[LOG 16:19:13.023] Load MU model: Squad/Parts/Utility/radialAttachmentPoint/model
[LOG 16:19:13.027] Load MU model: Squad/Parts/Utility/rcsBlockRV-105_v2/rcsBlock105
[LOG 16:19:13.033] Load MU model: Squad/Parts/Utility/rcsSmallLinear/Assets/RCSLinearSmall
[LOG 16:19:13.038] Load MU model: Squad/Parts/Utility/RelayAntennas/HGAntenna
[LOG 16:19:13.044] Load MU model: Squad/Parts/Utility/RelayAntennas/RA-100
[LOG 16:19:13.049] Load MU model: Squad/Parts/Utility/RelayAntennas/RA-5
[LOG 16:19:13.054] Load MU model: Squad/Parts/Utility/RelayAntennas/RA-50
[LOG 16:19:13.060] Load MU model: Squad/Parts/Utility/rockomaxAdapters/Assets/brandAdapter
[LOG 16:19:13.064] Load MU model: Squad/Parts/Utility/rockomaxAdapters/Assets/brandAdapter02
[LOG 16:19:13.070] Load MU model: Squad/Parts/Utility/ServiceBay_v2/Assets/ServiceBay_125_v2
[LOG 16:19:13.076] Load MU model: Squad/Parts/Utility/ServiceBay_v2/Assets/ServiceBay_250_v2
[LOG 16:19:13.081] Load MU model: Squad/Parts/Utility/smallClaw/smallClaw
[LOG 16:19:13.087] Load MU model: Squad/Parts/Utility/spotLightMk1/model
[LOG 16:19:13.093] Load MU model: Squad/Parts/Utility/spotLightMk1_v2/model
[LOG 16:19:13.097] Load MU model: Squad/Parts/Utility/spotLightMk2/model
[LOG 16:19:13.103] Load MU model: Squad/Parts/Utility/spotLightMk2_v2/model
[LOG 16:19:13.108] Load MU model: Squad/Parts/Utility/stackCouplers/Assets/stackBiCoupler_v2
[LOG 16:19:13.114] Load MU model: Squad/Parts/Utility/stackCouplers/Assets/stackQuadCoupler
[LOG 16:19:13.121] Load MU model: Squad/Parts/Utility/stackCouplers/Assets/stackTriCoupler_v2
[LOG 16:19:13.126] Load MU model: Squad/Parts/Wheel/LandingGear/GearExtraLarge
[WRN 16:19:13.128] WheelCollider requires an attached Rigidbody to function.
[WRN 16:19:13.128] WheelCollider requires an attached Rigidbody to function.
[LOG 16:19:13.132] Load MU model: Squad/Parts/Wheel/LandingGear/GearFixed
[WRN 16:19:13.132] WheelCollider requires an attached Rigidbody to function.
[WRN 16:19:13.132] WheelCollider requires an attached Rigidbody to function.
[LOG 16:19:13.137] Load MU model: Squad/Parts/Wheel/LandingGear/GearFree
[WRN 16:19:13.137] WheelCollider requires an attached Rigidbody to function.
[WRN 16:19:13.137] WheelCollider requires an attached Rigidbody to function.
[LOG 16:19:13.143] Load MU model: Squad/Parts/Wheel/LandingGear/GearLarge
[WRN 16:19:13.143] WheelCollider requires an attached Rigidbody to function.
[WRN 16:19:13.143] WheelCollider requires an attached Rigidbody to function.
[LOG 16:19:13.149] Load MU model: Squad/Parts/Wheel/LandingGear/GearMedium
[WRN 16:19:13.149] WheelCollider requires an attached Rigidbody to function.
[WRN 16:19:13.150] WheelCollider requires an attached Rigidbody to function.
[LOG 16:19:13.156] Load MU model: Squad/Parts/Wheel/LandingGear/GearSmall
[WRN 16:19:13.156] WheelCollider requires an attached Rigidbody to function.
[WRN 16:19:13.156] WheelCollider requires an attached Rigidbody to function.
[LOG 16:19:13.160] Load MU model: Squad/Parts/Wheel/roverWheelM1/model
[WRN 16:19:13.161] WheelCollider requires an attached Rigidbody to function.
[WRN 16:19:13.161] WheelCollider requires an attached Rigidbody to function.
[LOG 16:19:13.166] Load MU model: Squad/Parts/Wheel/roverWheelS2/model
[WRN 16:19:13.166] WheelCollider requires an attached Rigidbody to function.
[WRN 16:19:13.166] WheelCollider requires an attached Rigidbody to function.
[LOG 16:19:13.180] Load MU model: Squad/Parts/Wheel/roverWheelTR-2L/model
[WRN 16:19:13.180] WheelCollider requires an attached Rigidbody to function.
[WRN 16:19:13.180] WheelCollider requires an attached Rigidbody to function.
[LOG 16:19:13.185] Load MU model: Squad/Parts/Wheel/roverWheelXL3/model
[WRN 16:19:13.186] WheelCollider requires an attached Rigidbody to function.
[WRN 16:19:13.186] WheelCollider requires an attached Rigidbody to function.
[LOG 16:19:13.192] Load MU model: Squad/Props/AltimeterThreeHands/model
[LOG 16:19:13.196] Load MU model: Squad/Props/AtmosphereDepth/model
[LOG 16:19:13.202] Load MU model: Squad/Props/AxisIndicator/model
[LOG 16:19:13.207] Load MU model: Squad/Props/buttonsGeneric/circularButton
[LOG 16:19:13.212] Load MU model: Squad/Props/buttonsGeneric/clusterButtons
[LOG 16:19:13.217] Load MU model: Squad/Props/buttonsGeneric/clusterButtons2
[LOG 16:19:13.222] Load MU model: Squad/Props/buttonsGeneric/clusterKnob
[LOG 16:19:13.227] Load MU model: Squad/Props/buttonsGeneric/clusterKnob2
[LOG 16:19:13.232] Load MU model: Squad/Props/buttonsGeneric/clusterMixed
[LOG 16:19:13.238] Load MU model: Squad/Props/buttonsGeneric/clusterSwitches01
[LOG 16:19:13.243] Load MU model: Squad/Props/buttonsGeneric/clusterSwitches02
[LOG 16:19:13.249] Load MU model: Squad/Props/buttonsGeneric/clusterSwitches03
[LOG 16:19:13.253] Load MU model: Squad/Props/buttonsGeneric/clusterSwitches04
[LOG 16:19:13.263] Load MU model: Squad/Props/buttonsGeneric/clusterSwitches05
[LOG 16:19:13.268] Load MU model: Squad/Props/buttonsGeneric/clusterSwitches06
[LOG 16:19:13.273] Load MU model: Squad/Props/buttonsGeneric/clusterSwitches07
[LOG 16:19:13.278] Load MU model: Squad/Props/buttonsGeneric/directionalKnob
[LOG 16:19:13.286] Load MU model: Squad/Props/buttonsGeneric/directionalKnob2
[LOG 16:19:13.291] Load MU model: Squad/Props/buttonsGeneric/pullSwitch
[LOG 16:19:13.292] Load MU model: Squad/Props/buttonsGeneric/squareButton
[LOG 16:19:13.296] Load MU model: Squad/Props/buttonsGeneric/standingSwitch
[LOG 16:19:13.303] Load MU model: Squad/Props/buttonsGeneric/switch
[LOG 16:19:13.310] Load MU model: Squad/Props/buttonsGeneric/switchWithGuards
[LOG 16:19:13.311] Load MU model: Squad/Props/ButtonSquare/model
[LOG 16:19:13.316] Load MU model: Squad/Props/circularButton/model
[LOG 16:19:13.321] Load MU model: Squad/Props/Compass/model
[LOG 16:19:13.326] Load MU model: Squad/Props/directionalKnob/model
[LOG 16:19:13.331] Load MU model: Squad/Props/directionalKnob2/model
[LOG 16:19:13.337] Load MU model: Squad/Props/IndicatorPanel/model
[LOG 16:19:13.342] Load MU model: Squad/Props/IVANavBall/model
[LOG 16:19:13.347] Load MU model: Squad/Props/IVANavBallNoBase/model
[LOG 16:19:13.352] Load MU model: Squad/Props/ledPanelSpeed/model
[LOG 16:19:13.357] Load MU model: Squad/Props/Monitor/MonitorDockingMode
[LOG 16:19:13.362] Load MU model: Squad/Props/NavBall/model
[LOG 16:19:13.367] Load MU model: Squad/Props/PropsGeneric/Button_DockingMode
[LOG 16:19:13.372] Load MU model: Squad/Props/PropsGeneric/CargoBagA
[LOG 16:19:13.379] Load MU model: Squad/Props/PropsGeneric/CargoBagB
[LOG 16:19:13.387] Load MU model: Squad/Props/PropsGeneric/CargoBagC
[LOG 16:19:13.394] Load MU model: Squad/Props/PropsGeneric/Hatch_Plane
[LOG 16:19:13.399] Load MU model: Squad/Props/PropsGeneric/Hatch_Plane_Curve90
[LOG 16:19:13.404] Load MU model: Squad/Props/PropsGeneric/Hatch_Plane_Frame
[LOG 16:19:13.411] Load MU model: Squad/Props/PropsGeneric/Seat_Passenger
[LOG 16:19:13.416] Load MU model: Squad/Props/PropsGeneric/Seat_Pilot
[LOG 16:19:13.421] Load MU model: Squad/Props/PropsGeneric/Seat_Pilot_Helmet
[LOG 16:19:13.426] Load MU model: Squad/Props/PropsGeneric/SideStick
[LOG 16:19:13.432] Load MU model: Squad/Props/pullSwitch/model
[LOG 16:19:13.438] Load MU model: Squad/Props/radarAltitude/model
[LOG 16:19:13.443] Load MU model: Squad/Props/squareButton/model
[LOG 16:19:13.444] Load MU model: Squad/Props/standingSwitch/model
[LOG 16:19:13.444] Load MU model: Squad/Props/switch/model
[LOG 16:19:13.450] Load MU model: Squad/Props/switchGuard/model
[LOG 16:19:13.455] Load MU model: Squad/Props/switchWithGuards/model
[LOG 16:19:13.459] Load MU model: Squad/Props/throttle/model
[LOG 16:19:13.465] Load MU model: Squad/Props/VSI/model
[LOG 16:19:13.470] Load MU model: Squad/Spaces/crewCabinInternals/model
[LOG 16:19:13.476] Load MU model: Squad/Spaces/cupolaInternal/model
[LOG 16:19:13.482] Load MU model: Squad/Spaces/GenericSpace1/model
[LOG 16:19:13.487] Load MU model: Squad/Spaces/GenericSpace3/model
[LOG 16:19:13.492] Load MU model: Squad/Spaces/landerCabinInternals/model
[LOG 16:19:13.498] Load MU model: Squad/Spaces/landerCabinSmallInternal/model
[LOG 16:19:13.503] Load MU model: Squad/Spaces/LargeCrewedLabInternals/Large_Crewed_lab_Int
[LOG 16:19:13.512] Load MU model: Squad/Spaces/Mk1-3/model
[LOG 16:19:13.517] Load MU model: Squad/Spaces/mk1CabinInternal/mk1cabin
[LOG 16:19:13.522] Load MU model: Squad/Spaces/mk1CockpitInternal/Mk1StandardIVA
[LOG 16:19:13.529] Load MU model: Squad/Spaces/mk1InlineInternal/Mk1InlineIVA
[LOG 16:19:13.535] Load MU model: Squad/Spaces/mk1PodCockpit/model
[LOG 16:19:13.553] Load MU model: Squad/Spaces/mk1pod_IVA/mk1pod_IVA
[LOG 16:19:13.560] Load MU model: Squad/Spaces/mk2CockpitStandardInternal/model
[LOG 16:19:13.565] Load MU model: Squad/Spaces/Mk2CrewCabinInternal/MK2_CrewCab_Int
[LOG 16:19:13.571] Load MU model: Squad/Spaces/mk2InlineInternal/mk2InlineIVA
[LOG 16:19:13.577] Load MU model: Squad/Spaces/mk2LanderCanInternal/mk2LanderCanInternal
[LOG 16:19:13.582] Load MU model: Squad/Spaces/MK3CockpitInternal/MK3_Cockpit_Int
[LOG 16:19:13.588] Load MU model: Squad/Spaces/MK3_CrewCab_Int/MK3_CrewCab_Int
[LOG 16:19:13.597] Load MU model: Squad/Spaces/OverlayMasks/CupolaMask
[LOG 16:19:13.602] Load MU model: Squad/Spaces/OverlayMasks/HitchhikerBorder
[LOG 16:19:13.607] Load MU model: Squad/Spaces/OverlayMasks/HitchhikerMask
[LOG 16:19:13.613] Load MU model: Squad/Spaces/OverlayMasks/LargeLabBorder
[LOG 16:19:13.617] Load MU model: Squad/Spaces/OverlayMasks/LargeLabMask
[LOG 16:19:13.623] Load MU model: Squad/Spaces/OverlayMasks/Mk1CabinBorder
[LOG 16:19:13.627] Load MU model: Squad/Spaces/OverlayMasks/Mk1CabinMask
[LOG 16:19:13.633] Load MU model: Squad/Spaces/OverlayMasks/Mk1InlineMask
[LOG 16:19:13.638] Load MU model: Squad/Spaces/OverlayMasks/Mk1InlineMask2
[LOG 16:19:13.646] Load MU model: Squad/Spaces/OverlayMasks/Mk1StandardBorder2
[LOG 16:19:13.651] Load MU model: Squad/Spaces/OverlayMasks/Mk1StandardBorder3
[LOG 16:19:13.656] Load MU model: Squad/Spaces/OverlayMasks/Mk1StandardMask
[LOG 16:19:13.662] Load MU model: Squad/Spaces/OverlayMasks/Mk1StandardMask2
[LOG 16:19:13.667] Load MU model: Squad/Spaces/OverlayMasks/Mk1StandardMask3
[LOG 16:19:13.668] Load MU model: Squad/Spaces/OverlayMasks/Mk2CabinBorder
[LOG 16:19:13.674] Load MU model: Squad/Spaces/OverlayMasks/Mk2CabinMask
[LOG 16:19:13.679] Load MU model: Squad/Spaces/OverlayMasks/Mk2InlineBorder
[LOG 16:19:13.685] Load MU model: Squad/Spaces/OverlayMasks/Mk2InlineMask
[LOG 16:19:13.689] Load MU model: Squad/Spaces/OverlayMasks/Mk2StandardBorder
[LOG 16:19:13.695] Load MU model: Squad/Spaces/OverlayMasks/Mk2StandardMask
[LOG 16:19:13.700] Load MU model: Squad/Spaces/OverlayMasks/Mk3CabinBorder
[LOG 16:19:13.701] Load MU model: Squad/Spaces/OverlayMasks/Mk3CabinMask
[LOG 16:19:13.706] Load MU model: Squad/Spaces/OverlayMasks/Mk3CabinMask2
[LOG 16:19:13.713] Load MU model: Squad/Spaces/OverlayMasks/Mk3ShuttleBorder
[LOG 16:19:13.717] Load MU model: Squad/Spaces/OverlayMasks/Mk3ShuttleMask
[LOG 16:19:13.723] Load MU model: Squad/Spaces/OverlayMasks/Size1LanderBorder
[LOG 16:19:13.732] Load MU model: Squad/Spaces/OverlayMasks/Size1LanderMask
[LOG 16:19:13.733] Load MU model: Squad/Spaces/OverlayMasks/Size1PodBorder
[LOG 16:19:13.737] Load MU model: Squad/Spaces/OverlayMasks/Size1PodMask
[LOG 16:19:13.744] Load MU model: Squad/Spaces/OverlayMasks/Size2LanderBorder
[LOG 16:19:13.750] Load MU model: Squad/Spaces/OverlayMasks/Size2LanderMask
[LOG 16:19:13.755] Load MU model: Squad/Spaces/OverlayMasks/Size2PodBorder
[LOG 16:19:13.760] Load MU model: Squad/Spaces/OverlayMasks/Size2PodMask
[LOG 16:19:13.766] Load MU model: Squad/Spaces/Placeholder/PlaceholderIVA
[LOG 16:19:13.774] Load MU model: Squad/Spaces/PodCockpit/model
[LOG 16:19:13.780] Load MU model: SquadExpansion/MakingHistory/Parts/Aero/protectiveRocketNoseMk5A/Size_1_5_Cone
[LOG 16:19:13.785] Load MU model: SquadExpansion/MakingHistory/Parts/Coupling/Assets/EnginePlate
[LOG 16:19:13.790] Load MU model: SquadExpansion/MakingHistory/Parts/Coupling/Assets/InflatableAirlock
[LOG 16:19:13.797] Load MU model: SquadExpansion/MakingHistory/Parts/Coupling/Assets/Size1_5_Decoupler
[LOG 16:19:13.802] Load MU model: SquadExpansion/MakingHistory/Parts/Engine/Assets/KE-1
[LOG 16:19:13.808] Load MU model: SquadExpansion/MakingHistory/Parts/Engine/Assets/LV-T87
[LOG 16:19:13.816] Load MU model: SquadExpansion/MakingHistory/Parts/Engine/Assets/LV-T91
[LOG 16:19:13.822] Load MU model: SquadExpansion/MakingHistory/Parts/Engine/Assets/RE-I2
[LOG 16:19:13.829] Load MU model: SquadExpansion/MakingHistory/Parts/Engine/Assets/RE-J10
[LOG 16:19:13.833] Load MU model: SquadExpansion/MakingHistory/Parts/Engine/Assets/RK-7
[LOG 16:19:13.838] Load MU model: SquadExpansion/MakingHistory/Parts/Engine/Assets/RV-1
[LOG 16:19:13.847] Load MU model: SquadExpansion/MakingHistory/Parts/Engine/solidBoosterTHK/solidBoosterTHK
[LOG 16:19:13.854] Load MU model: SquadExpansion/MakingHistory/Parts/FuelTank/Assets/MiniMonoTank
[LOG 16:19:13.859] Load MU model: SquadExpansion/MakingHistory/Parts/FuelTank/Assets/Size1_5_Size0_Adapter_01
[LOG 16:19:13.866] Load MU model: SquadExpansion/MakingHistory/Parts/FuelTank/Assets/Size1_5_Size1_Adapter_01
[LOG 16:19:13.870] Load MU model: SquadExpansion/MakingHistory/Parts/FuelTank/Assets/Size1_5_Size1_Adapter_02
[LOG 16:19:13.876] Load MU model: SquadExpansion/MakingHistory/Parts/FuelTank/Assets/Size1_5_Size2_Adapter_01
[LOG 16:19:13.885] Load MU model: SquadExpansion/MakingHistory/Parts/FuelTank/Assets/Size1_5_Tank_01
[LOG 16:19:13.889] Load MU model: SquadExpansion/MakingHistory/Parts/FuelTank/Assets/Size1_5_Tank_02
[LOG 16:19:13.899] Load MU model: SquadExpansion/MakingHistory/Parts/FuelTank/Assets/Size1_5_Tank_03
[LOG 16:19:13.904] Load MU model: SquadExpansion/MakingHistory/Parts/FuelTank/Assets/Size1_5_Tank_04
[LOG 16:19:13.910] Load MU model: SquadExpansion/MakingHistory/Parts/FuelTank/Assets/Size1_5_Tank_05
[LOG 16:19:13.915] Load MU model: SquadExpansion/MakingHistory/Parts/FuelTank/Assets/Size3_Size4_Adapter_01
[LOG 16:19:13.919] Load MU model: SquadExpansion/MakingHistory/Parts/FuelTank/Assets/Size4_EngineAdapter_01
[LOG 16:19:13.929] Load MU model: SquadExpansion/MakingHistory/Parts/FuelTank/Assets/Size4_Tank_01
[LOG 16:19:13.936] Load MU model: SquadExpansion/MakingHistory/Parts/FuelTank/Assets/Size4_Tank_02
[LOG 16:19:13.941] Load MU model: SquadExpansion/MakingHistory/Parts/FuelTank/Assets/Size4_Tank_03
[LOG 16:19:13.947] Load MU model: SquadExpansion/MakingHistory/Parts/FuelTank/Assets/Size4_Tank_04
[LOG 16:19:13.953] Load MU model: SquadExpansion/MakingHistory/Parts/FuelTank/Assets/Size_1p5_Monoprop
[LOG 16:19:13.958] Load MU model: SquadExpansion/MakingHistory/Parts/Ground/Assets/RoverWheel
[WRN 16:19:13.959] WheelCollider requires an attached Rigidbody to function.
[WRN 16:19:13.959] WheelCollider requires an attached Rigidbody to function.
[LOG 16:19:13.964] Load MU model: SquadExpansion/MakingHistory/Parts/Payload/Assets/ServiceModule18
[LOG 16:19:13.970] Load MU model: SquadExpansion/MakingHistory/Parts/Payload/Assets/ServiceModule25
[LOG 16:19:13.976] Load MU model: SquadExpansion/MakingHistory/Parts/Payload/Assets/Size1to0ServiceModule
[LOG 16:19:13.981] Load MU model: SquadExpansion/MakingHistory/Parts/Pods/Assets/Mk2Pod
[LOG 16:19:13.985] Load MU model: SquadExpansion/MakingHistory/Parts/Pods/Assets/RoundPod
[LOG 16:19:13.992] Load MU model: SquadExpansion/MakingHistory/Parts/Pods/Assets/Size1_5_Lander
[LOG 16:19:13.997] Load MU model: SquadExpansion/MakingHistory/Parts/SharedAssets/Shroud1p5x0
[LOG 16:19:14.004] Load MU model: SquadExpansion/MakingHistory/Parts/SharedAssets/Shroud1p5x1
[LOG 16:19:14.010] Load MU model: SquadExpansion/MakingHistory/Parts/SharedAssets/Shroud1p5x2
[LOG 16:19:14.014] Load MU model: SquadExpansion/MakingHistory/Parts/SharedAssets/Shroud1p5x3
[LOG 16:19:14.023] Load MU model: SquadExpansion/MakingHistory/Parts/SharedAssets/Shroud1p5x4
[LOG 16:19:14.027] Load MU model: SquadExpansion/MakingHistory/Parts/SharedAssets/Shroud1x0
[LOG 16:19:14.032] Load MU model: SquadExpansion/MakingHistory/Parts/SharedAssets/Shroud1x1
[LOG 16:19:14.038] Load MU model: SquadExpansion/MakingHistory/Parts/SharedAssets/Shroud1x2
[LOG 16:19:14.043] Load MU model: SquadExpansion/MakingHistory/Parts/SharedAssets/Shroud1x3
[LOG 16:19:14.048] Load MU model: SquadExpansion/MakingHistory/Parts/SharedAssets/Shroud1x4
[LOG 16:19:14.053] Load MU model: SquadExpansion/MakingHistory/Parts/SharedAssets/Shroud2x0
[LOG 16:19:14.058] Load MU model: SquadExpansion/MakingHistory/Parts/SharedAssets/Shroud2x1
[LOG 16:19:14.064] Load MU model: SquadExpansion/MakingHistory/Parts/SharedAssets/Shroud2x2
[LOG 16:19:14.069] Load MU model: SquadExpansion/MakingHistory/Parts/SharedAssets/Shroud2x3
[LOG 16:19:14.074] Load MU model: SquadExpansion/MakingHistory/Parts/SharedAssets/Shroud2x4
[LOG 16:19:14.080] Load MU model: SquadExpansion/MakingHistory/Parts/SharedAssets/Shroud3x0
[LOG 16:19:14.084] Load MU model: SquadExpansion/MakingHistory/Parts/SharedAssets/Shroud3x1
[LOG 16:19:14.090] Load MU model: SquadExpansion/MakingHistory/Parts/SharedAssets/Shroud3x2
[LOG 16:19:14.094] Load MU model: SquadExpansion/MakingHistory/Parts/SharedAssets/Shroud3x3
[LOG 16:19:14.099] Load MU model: SquadExpansion/MakingHistory/Parts/SharedAssets/Shroud3x4
[LOG 16:19:14.104] Load MU model: SquadExpansion/MakingHistory/Parts/SharedAssets/Shroud4x0
[LOG 16:19:14.111] Load MU model: SquadExpansion/MakingHistory/Parts/SharedAssets/Shroud4x1
[LOG 16:19:14.119] Load MU model: SquadExpansion/MakingHistory/Parts/SharedAssets/Shroud4x2
[LOG 16:19:14.125] Load MU model: SquadExpansion/MakingHistory/Parts/SharedAssets/Shroud4x3
[LOG 16:19:14.130] Load MU model: SquadExpansion/MakingHistory/Parts/SharedAssets/Shroud4x4
[LOG 16:19:14.135] Load MU model: SquadExpansion/MakingHistory/Parts/SharedAssets/ShroudCollider0
[LOG 16:19:14.136] Load MU model: SquadExpansion/MakingHistory/Parts/SharedAssets/ShroudCollider1
[LOG 16:19:14.136] Load MU model: SquadExpansion/MakingHistory/Parts/SharedAssets/ShroudCollider1p5
[LOG 16:19:14.137] Load MU model: SquadExpansion/MakingHistory/Parts/SharedAssets/ShroudCollider2
[LOG 16:19:14.143] Load MU model: SquadExpansion/MakingHistory/Parts/SharedAssets/ShroudCollider3
[LOG 16:19:14.143] Load MU model: SquadExpansion/MakingHistory/Parts/SharedAssets/ShroudCollider4
[LOG 16:19:14.148] Load MU model: SquadExpansion/MakingHistory/Parts/Structural/Assets/EquiTriangle0
[LOG 16:19:14.150] Load MU model: SquadExpansion/MakingHistory/Parts/Structural/Assets/EquiTriangle1
[LOG 16:19:14.157] Load MU model: SquadExpansion/MakingHistory/Parts/Structural/Assets/EquiTriangle1p5
[LOG 16:19:14.158] Load MU model: SquadExpansion/MakingHistory/Parts/Structural/Assets/EquiTriangle2
[LOG 16:19:14.162] Load MU model: SquadExpansion/MakingHistory/Parts/Structural/Assets/Panel0
[LOG 16:19:14.162] Load MU model: SquadExpansion/MakingHistory/Parts/Structural/Assets/Panel1
[LOG 16:19:14.167] Load MU model: SquadExpansion/MakingHistory/Parts/Structural/Assets/Panel1p5
[LOG 16:19:14.167] Load MU model: SquadExpansion/MakingHistory/Parts/Structural/Assets/Panel2
[LOG 16:19:14.168] Load MU model: SquadExpansion/MakingHistory/Parts/Structural/Assets/Triangle0
[LOG 16:19:14.169] Load MU model: SquadExpansion/MakingHistory/Parts/Structural/Assets/Triangle1
[LOG 16:19:14.174] Load MU model: SquadExpansion/MakingHistory/Parts/Structural/Assets/Triangle1p5
[LOG 16:19:14.175] Load MU model: SquadExpansion/MakingHistory/Parts/Structural/Assets/Triangle2
[LOG 16:19:14.180] Load MU model: SquadExpansion/MakingHistory/Parts/Utility/flags/flagSize1p5/flagSize1p5Meshes
[LOG 16:19:14.186] Load MU model: SquadExpansion/MakingHistory/Parts/Utility/flags/flagSize4/flagSize4Meshes
[LOG 16:19:14.192] Load MU model: SquadExpansion/MakingHistory/Spaces/KVPods/Airlock_IVA
[LOG 16:19:14.197] Load MU model: SquadExpansion/MakingHistory/Spaces/KVPods/KV1_IVA
[LOG 16:19:14.203] Load MU model: SquadExpansion/MakingHistory/Spaces/KVPods/KV2_IVA
[LOG 16:19:14.208] Load MU model: SquadExpansion/MakingHistory/Spaces/KVPods/KV3_IVA
[LOG 16:19:14.214] Load MU model: SquadExpansion/MakingHistory/Spaces/MEM/MEM_IVA
[LOG 16:19:14.219] Load MU model: SquadExpansion/MakingHistory/Spaces/Mk2Pod/MK2POD_IVA
[LOG 16:19:14.224] Load MU model: SquadExpansion/Serenity/Parts/Aero/Assets/FanShroud_01
[LOG 16:19:14.230] Load MU model: SquadExpansion/Serenity/Parts/Aero/Assets/FanShroud_02
[LOG 16:19:14.235] Load MU model: SquadExpansion/Serenity/Parts/Aero/Assets/FanShroud_03
[LOG 16:19:14.241] Load MU model: SquadExpansion/Serenity/Parts/Aero/Assets/noseconeTiny
[LOG 16:19:14.246] Load MU model: SquadExpansion/Serenity/Parts/Aero/Assets/noseconeVS
[LOG 16:19:14.251] Load MU model: SquadExpansion/Serenity/Parts/DeployedScience/Assets/CentralStation
[LOG 16:19:14.256] Load MU model: SquadExpansion/Serenity/Parts/DeployedScience/Assets/GoExOb
[LOG 16:19:14.265] Load MU model: SquadExpansion/Serenity/Parts/DeployedScience/Assets/IonExperiment
[LOG 16:19:14.270] Load MU model: SquadExpansion/Serenity/Parts/DeployedScience/Assets/RTGCask
[LOG 16:19:14.276] Load MU model: SquadExpansion/Serenity/Parts/DeployedScience/Assets/satDish
[LOG 16:19:14.281] Load MU model: SquadExpansion/Serenity/Parts/DeployedScience/Assets/seismicSensor
[LOG 16:19:14.286] Load MU model: SquadExpansion/Serenity/Parts/DeployedScience/Assets/solarPanel
[LOG 16:19:14.292] Load MU model: SquadExpansion/Serenity/Parts/DeployedScience/Assets/WeatherStation
[LOG 16:19:14.302] Load MU model: SquadExpansion/Serenity/Parts/Propellers/Assets/largeFanBlade
[LOG 16:19:14.307] Load MU model: SquadExpansion/Serenity/Parts/Propellers/Assets/largeHeliBlade
[LOG 16:19:14.313] Load MU model: SquadExpansion/Serenity/Parts/Propellers/Assets/largePropeller
[LOG 16:19:14.317] Load MU model: SquadExpansion/Serenity/Parts/Propellers/Assets/mediumFanBlade
[LOG 16:19:14.322] Load MU model: SquadExpansion/Serenity/Parts/Propellers/Assets/mediumHeliBlade
[LOG 16:19:14.327] Load MU model: SquadExpansion/Serenity/Parts/Propellers/Assets/mediumPropeller
[LOG 16:19:14.333] Load MU model: SquadExpansion/Serenity/Parts/Propellers/Assets/smallFanBlade
[LOG 16:19:14.338] Load MU model: SquadExpansion/Serenity/Parts/Propellers/Assets/smallHeliBlade
[LOG 16:19:14.344] Load MU model: SquadExpansion/Serenity/Parts/Propellers/Assets/smallPropeller
[LOG 16:19:14.350] Load MU model: SquadExpansion/Serenity/Parts/Robotics/Assets/hinge_01
[LOG 16:19:14.356] Load MU model: SquadExpansion/Serenity/Parts/Robotics/Assets/hinge_01_s
[LOG 16:19:14.360] Load MU model: SquadExpansion/Serenity/Parts/Robotics/Assets/hinge_03
[LOG 16:19:14.365] Load MU model: SquadExpansion/Serenity/Parts/Robotics/Assets/hinge_03_s
[LOG 16:19:14.374] Load MU model: SquadExpansion/Serenity/Parts/Robotics/Assets/hinge_04
[LOG 16:19:14.380] Load MU model: SquadExpansion/Serenity/Parts/Robotics/Assets/piston_01
[LOG 16:19:14.386] Load MU model: SquadExpansion/Serenity/Parts/Robotics/Assets/piston_02
[LOG 16:19:14.391] Load MU model: SquadExpansion/Serenity/Parts/Robotics/Assets/piston_03
[LOG 16:19:14.396] Load MU model: SquadExpansion/Serenity/Parts/Robotics/Assets/piston_04
[LOG 16:19:14.401] Load MU model: SquadExpansion/Serenity/Parts/Robotics/Assets/RotorEngine_02
[LOG 16:19:14.407] Load MU model: SquadExpansion/Serenity/Parts/Robotics/Assets/RotorEngine_03
[LOG 16:19:14.413] Load MU model: SquadExpansion/Serenity/Parts/Robotics/Assets/rotor_01
[LOG 16:19:14.447] Load MU model: SquadExpansion/Serenity/Parts/Robotics/Assets/rotor_01s
[LOG 16:19:14.453] Load MU model: SquadExpansion/Serenity/Parts/Robotics/Assets/rotor_02
[LOG 16:19:14.460] Load MU model: SquadExpansion/Serenity/Parts/Robotics/Assets/rotor_02s
[LOG 16:19:14.464] Load MU model: SquadExpansion/Serenity/Parts/Robotics/Assets/rotor_03
[LOG 16:19:14.469] Load MU model: SquadExpansion/Serenity/Parts/Robotics/Assets/rotor_03s
[LOG 16:19:14.474] Load MU model: SquadExpansion/Serenity/Parts/Robotics/Assets/RotoServo_00
[LOG 16:19:14.479] Load MU model: SquadExpansion/Serenity/Parts/Robotics/Assets/RotoServo_02
[LOG 16:19:14.485] Load MU model: SquadExpansion/Serenity/Parts/Robotics/Assets/RotoServo_03
[LOG 16:19:14.492] Load MU model: SquadExpansion/Serenity/Parts/Robotics/Assets/RotoServo_04
[LOG 16:19:14.500] Load MU model: SquadExpansion/Serenity/Parts/Robotics/Controllers/controller1000
[LOG 16:19:14.505] Load MU model: SquadExpansion/Serenity/Parts/Science/RobotArmScanner/Assets/ROCArm_01
[LOG 16:19:14.510] Load MU model: SquadExpansion/Serenity/Parts/Science/RobotArmScanner/Assets/ROCArm_02
[LOG 16:19:14.517] Load MU model: SquadExpansion/Serenity/Parts/Science/RobotArmScanner/Assets/ROCArm_03
[LOG 16:19:14.523] Load MU model: SquadExpansion/Serenity/Parts/Structural/gripPads/Assets/lGripPad
[LOG 16:19:14.528] Load MU model: SquadExpansion/Serenity/Parts/Structural/gripPads/Assets/lGripStrip
[LOG 16:19:14.533] Load MU model: SquadExpansion/Serenity/Parts/Structural/gripPads/Assets/mGripPad
[LOG 16:19:14.538] Load MU model: SquadExpansion/Serenity/Parts/Structural/gripPads/Assets/sGripPad
[LOG 16:19:14.543] Load MU model: SquadExpansion/Serenity/Parts/Structural/gripPads/Assets/sGripStrip
[LOG 16:19:14.544] Loading Asset Bundle Definitions
[LOG 16:19:14.545] AssetLoader: Loading bundle definitions
[LOG 16:19:14.679] AssetLoader: Loaded bundle 'squadcore'
[LOG 16:19:14.680] AssetLoader: Loaded bundle 'squadcorefx'
[LOG 16:19:14.680] AssetLoader: Loaded mod bundle 'kspedia'
[LOG 16:19:14.681] AssetLoader: Loaded mod bundle 'kspedia_actionsets'
[LOG 16:19:14.681] AssetLoader: Loaded mod bundle 'kspedia_aircraft'
[LOG 16:19:14.681] AssetLoader: Loaded mod bundle 'kspedia_aircraftbasics'
[LOG 16:19:14.682] AssetLoader: Loaded mod bundle 'kspedia_aircraftbasicsbalance'
[LOG 16:19:14.682] AssetLoader: Loaded mod bundle 'kspedia_aircraftbasicsbalance2'
[LOG 16:19:14.682] AssetLoader: Loaded mod bundle 'kspedia_aircraftbasicscol'
[LOG 16:19:14.683] AssetLoader: Loaded mod bundle 'kspedia_aircraftbasicscontrol'
[LOG 16:19:14.683] AssetLoader: Loaded mod bundle 'kspedia_aircraftbasicscontrolsurfaces'
[LOG 16:19:14.683] AssetLoader: Loaded mod bundle 'kspedia_aircraftbasicsdrag'
[LOG 16:19:14.684] AssetLoader: Loaded mod bundle 'kspedia_aircraftbasicsengines'
[LOG 16:19:14.684] AssetLoader: Loaded mod bundle 'kspedia_aircraftbasicsforces'
[LOG 16:19:14.684] AssetLoader: Loaded mod bundle 'kspedia_aircraftbasicsintakes'
[LOG 16:19:14.684] AssetLoader: Loaded mod bundle 'kspedia_aircraftbasicslandinggear'
[LOG 16:19:14.685] AssetLoader: Loaded mod bundle 'kspedia_aircraftbasicslift'
[LOG 16:19:14.685] AssetLoader: Loaded mod bundle 'kspedia_axisgroups'
[LOG 16:19:14.685] AssetLoader: Loaded mod bundle 'kspedia_career'
[LOG 16:19:14.686] AssetLoader: Loaded mod bundle 'kspedia_careerbasicscontracts'
[LOG 16:19:14.686] AssetLoader: Loaded mod bundle 'kspedia_careerbasicscrew'
[LOG 16:19:14.686] AssetLoader: Loaded mod bundle 'kspedia_careerbasicscurrencies'
[LOG 16:19:14.686] AssetLoader: Loaded mod bundle 'kspedia_careerbasicsexperience'
[LOG 16:19:14.687] AssetLoader: Loaded mod bundle 'kspedia_careerbasicsfacilities'
[LOG 16:19:14.687] AssetLoader: Loaded mod bundle 'kspedia_careerbasicsstrategies'
[LOG 16:19:14.687] AssetLoader: Loaded mod bundle 'kspedia_careerbasicstechnology'
[LOG 16:19:14.688] AssetLoader: Loaded mod bundle 'kspedia_careerui-ac'
[LOG 16:19:14.688] AssetLoader: Loaded mod bundle 'kspedia_careerui-admin'
[LOG 16:19:14.688] AssetLoader: Loaded mod bundle 'kspedia_careerui-ksc'
[LOG 16:19:14.688] AssetLoader: Loaded mod bundle 'kspedia_careerui-mc'
[LOG 16:19:14.689] AssetLoader: Loaded mod bundle 'kspedia_careerui-sciencearchives'
[LOG 16:19:14.689] AssetLoader: Loaded mod bundle 'kspedia_careerui-techtree'
[LOG 16:19:14.689] AssetLoader: Loaded mod bundle 'kspedia_careerui-ts'
[LOG 16:19:14.689] AssetLoader: Loaded mod bundle 'kspedia_careerui'
[LOG 16:19:14.690] AssetLoader: Loaded mod bundle 'kspedia_cargoapp'
[LOG 16:19:14.690] AssetLoader: Loaded mod bundle 'kspedia_cargomode'
[LOG 16:19:14.690] AssetLoader: Loaded mod bundle 'kspedia_cargosystem-placeableparts'
[LOG 16:19:14.691] AssetLoader: Loaded mod bundle 'kspedia_cargosystem'
[LOG 16:19:14.691] AssetLoader: Loaded mod bundle 'kspedia_chute'
[LOG 16:19:14.691] AssetLoader: Loaded mod bundle 'kspedia_commnet'
[LOG 16:19:14.691] AssetLoader: Loaded mod bundle 'kspedia_commnetbasics'
[LOG 16:19:14.692] AssetLoader: Loaded mod bundle 'kspedia_commnetbuildingeffectivenetworks'
[LOG 16:19:14.692] AssetLoader: Loaded mod bundle 'kspedia_commnetcalculatingrange'
[LOG 16:19:14.692] AssetLoader: Loaded mod bundle 'kspedia_commnetcontrollevels'
[LOG 16:19:14.692] AssetLoader: Loaded mod bundle 'kspedia_commnetcontrollinks'
[LOG 16:19:14.692] AssetLoader: Loaded mod bundle 'kspedia_commnetcontrolpoints'
[LOG 16:19:14.693] AssetLoader: Loaded mod bundle 'kspedia_commnetgui'
[LOG 16:19:14.693] AssetLoader: Loaded mod bundle 'kspedia_commnetgui01'
[LOG 16:19:14.693] AssetLoader: Loaded mod bundle 'kspedia_commnetgui02'
[LOG 16:19:14.693] AssetLoader: Loaded mod bundle 'kspedia_commnetrange'
[LOG 16:19:14.694] AssetLoader: Loaded mod bundle 'kspedia_commnetrelays'
[LOG 16:19:14.694] AssetLoader: Loaded mod bundle 'kspedia_commnetsciencetransmission'
[LOG 16:19:14.694] AssetLoader: Loaded mod bundle 'kspedia_commnetsignalstrength'
[LOG 16:19:14.694] AssetLoader: Loaded mod bundle 'kspedia_commnettransmission'
[LOG 16:19:14.694] AssetLoader: Loaded mod bundle 'kspedia_constructionui-actiongroups'
[LOG 16:19:14.695] AssetLoader: Loaded mod bundle 'kspedia_constructionui-applauncher'
[LOG 16:19:14.695] AssetLoader: Loaded mod bundle 'kspedia_constructionui-crew'
[LOG 16:19:14.695] AssetLoader: Loaded mod bundle 'kspedia_constructionui-engineersreport'
[LOG 16:19:14.696] AssetLoader: Loaded mod bundle 'kspedia_constructionui-gizmos'
[LOG 16:19:14.696] AssetLoader: Loaded mod bundle 'kspedia_constructionui-infos'
[LOG 16:19:14.696] AssetLoader: Loaded mod bundle 'kspedia_constructionui-partdetails'
[LOG 16:19:14.696] AssetLoader: Loaded mod bundle 'kspedia_constructionui-parts'
[LOG 16:19:14.697] AssetLoader: Loaded mod bundle 'kspedia_constructionui-symmetry'
[LOG 16:19:14.697] AssetLoader: Loaded mod bundle 'kspedia_constructionui-vesseldetails'
[LOG 16:19:14.697] AssetLoader: Loaded mod bundle 'kspedia_constructionui'
[LOG 16:19:14.698] AssetLoader: Loaded mod bundle 'kspedia_controls-dockingmode'
[LOG 16:19:14.698] AssetLoader: Loaded mod bundle 'kspedia_controls-editor'
[LOG 16:19:14.698] AssetLoader: Loaded mod bundle 'kspedia_controls-editorgizmos'
[LOG 16:19:14.698] AssetLoader: Loaded mod bundle 'kspedia_controls-eva'
[LOG 16:19:14.699] AssetLoader: Loaded mod bundle 'kspedia_controls-flight'
[LOG 16:19:14.699] AssetLoader: Loaded mod bundle 'kspedia_controls-flightactivities'
[LOG 16:19:14.699] AssetLoader: Loaded mod bundle 'kspedia_controls-flightdirections'
[LOG 16:19:14.699] AssetLoader: Loaded mod bundle 'kspedia_controls-general'
[LOG 16:19:14.700] AssetLoader: Loaded mod bundle 'kspedia_controls-mapandtime'
[LOG 16:19:14.700] AssetLoader: Loaded mod bundle 'kspedia_controls-mouseconstruction'
[LOG 16:19:14.700] AssetLoader: Loaded mod bundle 'kspedia_controls-mouseflight'
[LOG 16:19:14.701] AssetLoader: Loaded mod bundle 'kspedia_controls-rcs'
[LOG 16:19:14.701] AssetLoader: Loaded mod bundle 'kspedia_controls'
[LOG 16:19:14.701] AssetLoader: Loaded mod bundle 'kspedia_eastereggs'
[LOG 16:19:14.701] AssetLoader: Loaded mod bundle 'kspedia_evaconstructionmode'
[LOG 16:19:14.702] AssetLoader: Loaded mod bundle 'kspedia_facilities-ac'
[LOG 16:19:14.702] AssetLoader: Loaded mod bundle 'kspedia_facilities-admin'
[LOG 16:19:14.702] AssetLoader: Loaded mod bundle 'kspedia_facilities-context'
[LOG 16:19:14.702] AssetLoader: Loaded mod bundle 'kspedia_facilities-ksc'
[LOG 16:19:14.703] AssetLoader: Loaded mod bundle 'kspedia_facilities-launchpad'
[LOG 16:19:14.703] AssetLoader: Loaded mod bundle 'kspedia_facilities-mc'
[LOG 16:19:14.703] AssetLoader: Loaded mod bundle 'kspedia_facilities-randd'
[LOG 16:19:14.703] AssetLoader: Loaded mod bundle 'kspedia_facilities-runway'
[LOG 16:19:14.704] AssetLoader: Loaded mod bundle 'kspedia_facilities-sph'
[LOG 16:19:14.704] AssetLoader: Loaded mod bundle 'kspedia_facilities-ts'
[LOG 16:19:14.704] AssetLoader: Loaded mod bundle 'kspedia_facilities-vab'
[LOG 16:19:14.704] AssetLoader: Loaded mod bundle 'kspedia_flightui-altimeter'
[LOG 16:19:14.705] AssetLoader: Loaded mod bundle 'kspedia_flightui-applauncher'
[LOG 16:19:14.705] AssetLoader: Loaded mod bundle 'kspedia_flightui-evaactivities'
[LOG 16:19:14.705] AssetLoader: Loaded mod bundle 'kspedia_flightui-maneuvermodeeditor'
[LOG 16:19:14.706] AssetLoader: Loaded mod bundle 'kspedia_flightui-maneuvermodeeditorcont'
[LOG 16:19:14.706] AssetLoader: Loaded mod bundle 'kspedia_flightui-maneuvermodeorbit'
[LOG 16:19:14.706] AssetLoader: Loaded mod bundle 'kspedia_flightui-maneuvertoolinfo'
[LOG 16:19:14.706] AssetLoader: Loaded mod bundle 'kspedia_flightui-maneuvertoolmain'
[LOG 16:19:14.707] AssetLoader: Loaded mod bundle 'kspedia_flightui-modecontrol'
[LOG 16:19:14.707] AssetLoader: Loaded mod bundle 'kspedia_flightui-navball'
[LOG 16:19:14.707] AssetLoader: Loaded mod bundle 'kspedia_flightui-partrepairs'
[LOG 16:19:14.707] AssetLoader: Loaded mod bundle 'kspedia_flightui-portraits'
[LOG 16:19:14.708] AssetLoader: Loaded mod bundle 'kspedia_flightui-staging'
[LOG 16:19:14.708] AssetLoader: Loaded mod bundle 'kspedia_flightui-timeandaction'
[LOG 16:19:14.708] AssetLoader: Loaded mod bundle 'kspedia_flightui'
[LOG 16:19:14.708] AssetLoader: Loaded mod bundle 'kspedia_heat'
[LOG 16:19:14.709] AssetLoader: Loaded mod bundle 'kspedia_heatactiveradiators'
[LOG 16:19:14.709] AssetLoader: Loaded mod bundle 'kspedia_heatengines'
[LOG 16:19:14.710] AssetLoader: Loaded mod bundle 'kspedia_heatflow'
[LOG 16:19:14.710] AssetLoader: Loaded mod bundle 'kspedia_heatpart'
[LOG 16:19:14.710] AssetLoader: Loaded mod bundle 'kspedia_heatpassiveradiators'
[LOG 16:19:14.710] AssetLoader: Loaded mod bundle 'kspedia_heatshields'
[LOG 16:19:14.711] AssetLoader: Loaded mod bundle 'kspedia_kerbnet'
[LOG 16:19:14.711] AssetLoader: Loaded mod bundle 'kspedia_kerbnetinterface'
[LOG 16:19:14.711] AssetLoader: Loaded mod bundle 'kspedia_kerbnetmodes'
[LOG 16:19:14.711] AssetLoader: Loaded mod bundle 'kspedia_kerbnetwaypoints'
[LOG 16:19:14.712] AssetLoader: Loaded mod bundle 'kspedia_locations'
[LOG 16:19:14.712] AssetLoader: Loaded mod bundle 'kspedia_manual'
[LOG 16:19:14.712] AssetLoader: Loaded mod bundle 'kspedia_mapui-alarmclockcreation'
[LOG 16:19:14.713] AssetLoader: Loaded mod bundle 'kspedia_mapui-alarmclockmain'
[LOG 16:19:14.713] AssetLoader: Loaded mod bundle 'kspedia_mapui-burnindicator'
[LOG 16:19:14.713] AssetLoader: Loaded mod bundle 'kspedia_mapui-dvtoolsflight'
[LOG 16:19:14.713] AssetLoader: Loaded mod bundle 'kspedia_mapui-dvtoolsvab'
[LOG 16:19:14.714] AssetLoader: Loaded mod bundle 'kspedia_mapui-mannodes'
[LOG 16:19:14.714] AssetLoader: Loaded mod bundle 'kspedia_mapui-orbitnodes'
[LOG 16:19:14.714] AssetLoader: Loaded mod bundle 'kspedia_mapui-orbitnodes2'
[LOG 16:19:14.715] AssetLoader: Loaded mod bundle 'kspedia_mapui'
[LOG 16:19:14.715] AssetLoader: Loaded mod bundle 'kspedia_orbitalbasics-atmosphere'
[LOG 16:19:14.715] AssetLoader: Loaded mod bundle 'kspedia_orbitalbasics-gettingbackdown'
[LOG 16:19:14.715] AssetLoader: Loaded mod bundle 'kspedia_orbitalbasics-gettingupthere'
[LOG 16:19:14.716] AssetLoader: Loaded mod bundle 'kspedia_orbitalbasics-gravityturn'
[LOG 16:19:14.716] AssetLoader: Loaded mod bundle 'kspedia_orbitalbasics-orbits'
[LOG 16:19:14.716] AssetLoader: Loaded mod bundle 'kspedia_orbitalbasics-stayingupthere'
[LOG 16:19:14.716] AssetLoader: Loaded mod bundle 'kspedia_orbitalbasics'
[LOG 16:19:14.717] AssetLoader: Loaded mod bundle 'kspedia_orbitaldefinitions-appe'
[LOG 16:19:14.717] AssetLoader: Loaded mod bundle 'kspedia_orbitaldefinitions-dirandinc'
[LOG 16:19:14.717] AssetLoader: Loaded mod bundle 'kspedia_orbitaldefinitions-directions'
[LOG 16:19:14.721] AssetLoader: Loaded mod bundle 'kspedia_orbitaldefinitions-eccentricity'
[LOG 16:19:14.721] AssetLoader: Loaded mod bundle 'kspedia_orbitaldefinitions'
[LOG 16:19:14.721] AssetLoader: Loaded mod bundle 'kspedia_orbitalmaneuvers-adjustinginclination'
[LOG 16:19:14.722] AssetLoader: Loaded mod bundle 'kspedia_orbitalmaneuvers-deltav'
[LOG 16:19:14.722] AssetLoader: Loaded mod bundle 'kspedia_orbitalmaneuvers-efficiency'
[LOG 16:19:14.722] AssetLoader: Loaded mod bundle 'kspedia_orbitalmaneuvers-hohmanntransfer'
[LOG 16:19:14.722] AssetLoader: Loaded mod bundle 'kspedia_orbitalmaneuvers-hohmanntransfer2'
[LOG 16:19:14.723] AssetLoader: Loaded mod bundle 'kspedia_orbitalmaneuvers-orbittypes'
[LOG 16:19:14.723] AssetLoader: Loaded mod bundle 'kspedia_orbitalmaneuvers-radandantirad'
[LOG 16:19:14.723] AssetLoader: Loaded mod bundle 'kspedia_orbitalmaneuvers-shapingup'
[LOG 16:19:14.723] AssetLoader: Loaded mod bundle 'kspedia_orbitalmaneuvers'
[LOG 16:19:14.724] AssetLoader: Loaded mod bundle 'kspedia_planets-dres'
[LOG 16:19:14.724] AssetLoader: Loaded mod bundle 'kspedia_planets-duna'
[LOG 16:19:14.724] AssetLoader: Loaded mod bundle 'kspedia_planets-eeloo'
[LOG 16:19:14.725] AssetLoader: Loaded mod bundle 'kspedia_planets-eve'
[LOG 16:19:14.725] AssetLoader: Loaded mod bundle 'kspedia_planets-jool'
[LOG 16:19:14.725] AssetLoader: Loaded mod bundle 'kspedia_planets-kerbin'
[LOG 16:19:14.725] AssetLoader: Loaded mod bundle 'kspedia_planets-moho'
[LOG 16:19:14.725] AssetLoader: Loaded mod bundle 'kspedia_planets-sun'
[LOG 16:19:14.726] AssetLoader: Loaded mod bundle 'kspedia_planets-system'
[LOG 16:19:14.726] AssetLoader: Loaded mod bundle 'kspedia_resources-asteroidmining'
[LOG 16:19:14.726] AssetLoader: Loaded mod bundle 'kspedia_resources-conversionmanagement'
[LOG 16:19:14.727] AssetLoader: Loaded mod bundle 'kspedia_resources-drilling'
[LOG 16:19:14.727] AssetLoader: Loaded mod bundle 'kspedia_resources-findingit'
[LOG 16:19:14.727] AssetLoader: Loaded mod bundle 'kspedia_resources-findingit2'
[LOG 16:19:14.727] AssetLoader: Loaded mod bundle 'kspedia_resources-storageandconversion'
[LOG 16:19:14.728] AssetLoader: Loaded mod bundle 'kspedia_resources'
[LOG 16:19:14.728] AssetLoader: Loaded mod bundle 'kspedia_rocketry'
[LOG 16:19:14.728] AssetLoader: Loaded mod bundle 'kspedia_rocketryadvanced-fairings'
[LOG 16:19:14.728] AssetLoader: Loaded mod bundle 'kspedia_rocketryadvanced-girders'
[LOG 16:19:14.729] AssetLoader: Loaded mod bundle 'kspedia_rocketryadvanced'
[LOG 16:19:14.729] AssetLoader: Loaded mod bundle 'kspedia_rocketrybasics'
[LOG 16:19:14.730] AssetLoader: Loaded mod bundle 'kspedia_rocketrybasicsaero'
[LOG 16:19:14.730] AssetLoader: Loaded mod bundle 'kspedia_rocketrybasicscentered'
[LOG 16:19:14.730] AssetLoader: Loaded mod bundle 'kspedia_rocketrybasicschutes'
[LOG 16:19:14.731] AssetLoader: Loaded mod bundle 'kspedia_rocketrybasicscontrol'
[LOG 16:19:14.731] AssetLoader: Loaded mod bundle 'kspedia_rocketrybasicsecrecharging'
[LOG 16:19:14.731] AssetLoader: Loaded mod bundle 'kspedia_rocketrybasicsengines'
[LOG 16:19:14.732] AssetLoader: Loaded mod bundle 'kspedia_rocketrybasicsforces'
[LOG 16:19:14.732] AssetLoader: Loaded mod bundle 'kspedia_rocketrybasicshatchesandladders'
[LOG 16:19:14.732] AssetLoader: Loaded mod bundle 'kspedia_rocketrybasicshibernation'
[LOG 16:19:14.733] AssetLoader: Loaded mod bundle 'kspedia_rocketrybasicsresources'
[LOG 16:19:14.733] AssetLoader: Loaded mod bundle 'kspedia_rocketrybasicsservicecontainers'
[LOG 16:19:14.733] AssetLoader: Loaded mod bundle 'kspedia_rocketrybasicsstability'
[LOG 16:19:14.734] AssetLoader: Loaded mod bundle 'kspedia_rocketrybasicsstabilityassist'
[LOG 16:19:14.734] AssetLoader: Loaded mod bundle 'kspedia_rocketrybasicsstaging'
[LOG 16:19:14.734] AssetLoader: Loaded mod bundle 'kspedia_rocketrybasicssymmetry'
[LOG 16:19:14.735] AssetLoader: Loaded mod bundle 'kspedia_science'
[LOG 16:19:14.735] AssetLoader: Loaded mod bundle 'kspedia_sciencedata'
[LOG 16:19:14.735] AssetLoader: Loaded mod bundle 'kspedia_scienceexperiments'
[LOG 16:19:14.736] AssetLoader: Loaded mod bundle 'kspedia_sciencelab'
[LOG 16:19:14.736] AssetLoader: Loaded mod bundle 'kspedia_sciencetransmitted'
[LOG 16:19:14.736] AssetLoader: Loaded mod bundle 'kspedia_spacetravel'
[LOG 16:19:14.737] AssetLoader: Loaded mod bundle 'kspedia_variantswitcher'
[LOG 16:19:14.737] AssetLoader: Loaded mod bundle 'kspfonts'
[LOG 16:19:14.891] AssetLoader: Loaded bundle 'squadcore'
[LOG 16:19:14.892] AssetLoader: Loaded bundle 'squadcorefx'
[LOG 16:19:14.892] AssetLoader: Loaded mod bundle 'kspedia_builder'
[LOG 16:19:14.892] AssetLoader: Loaded mod bundle 'kspedia_buildertoolbar'
[LOG 16:19:14.893] AssetLoader: Loaded mod bundle 'kspedia_canvas'
[LOG 16:19:14.893] AssetLoader: Loaded mod bundle 'kspedia_exportingvalidation'
[LOG 16:19:14.893] AssetLoader: Loaded mod bundle 'kspedia_flight'
[LOG 16:19:14.893] AssetLoader: Loaded mod bundle 'kspedia_flightapp'
[LOG 16:19:14.894] AssetLoader: Loaded mod bundle 'kspedia_gap'
[LOG 16:19:14.894] AssetLoader: Loaded mod bundle 'kspedia_gaptools'
[LOG 16:19:14.894] AssetLoader: Loaded mod bundle 'kspedia_makinghistory'
[LOG 16:19:14.895] AssetLoader: Loaded mod bundle 'kspedia_missionbriefing'
[LOG 16:19:14.895] AssetLoader: Loaded mod bundle 'kspedia_nodedocking'
[LOG 16:19:14.895] AssetLoader: Loaded mod bundle 'kspedia_nodesconnectors'
[LOG 16:19:14.895] AssetLoader: Loaded mod bundle 'kspedia_sap'
[LOG 16:19:14.896] AssetLoader: Loaded mod bundle 'kspedia_sidebar'
[LOG 16:19:14.896] AssetLoader: Loaded mod bundle 'kspedia_testingcheckpoints'
[LOG 16:19:14.896] AssetLoader: Loaded bundle 'makinghistory'
[LOG 16:19:14.897] AssetLoader: Loaded mod bundle 'kspedia_bladecyclic-collective-behaviour'
[LOG 16:19:14.897] AssetLoader: Loaded mod bundle 'kspedia_bladecyclic-collective-controls'
[LOG 16:19:14.897] AssetLoader: Loaded mod bundle 'kspedia_deployedscience-experiments'
[LOG 16:19:14.897] AssetLoader: Loaded mod bundle 'kspedia_deployedscience'
[LOG 16:19:14.898] AssetLoader: Loaded mod bundle 'kspedia_grippads'
[LOG 16:19:14.898] AssetLoader: Loaded mod bundle 'kspedia_layindtracks'
[LOG 16:19:14.898] AssetLoader: Loaded mod bundle 'kspedia_propellers'
[LOG 16:19:14.899] AssetLoader: Loaded mod bundle 'kspedia_propellersaerodynamics'
[LOG 16:19:14.899] AssetLoader: Loaded mod bundle 'kspedia_roboticcontroller'
[LOG 16:19:14.899] AssetLoader: Loaded mod bundle 'kspedia_roboticparts'
[LOG 16:19:14.900] AssetLoader: Loaded mod bundle 'kspedia_surface features-overview'
[LOG 16:19:14.900] AssetLoader: Loaded mod bundle 'kspedia_surface features-roverarmdetails'
[LOG 16:19:14.900] AssetLoader: Loaded mod bundle 'kspedia_trackeditor'
[LOG 16:19:14.900] AssetLoader: Loaded mod bundle 'kspedia_trackeditortoolbar'
[LOG 16:19:14.901] AssetLoader: Loaded mod bundle 'serenity'
[LOG 16:19:14.902] AssetLoader: Finished loading. 226 bundle definitions loaded.
[LOG 16:19:14.902] Compiling Configs:
[LOG 16:19:14.902] Config(PHYSICSGLOBALS) /Physics/PHYSICSGLOBALS
[LOG 16:19:14.902] Config(KSP_COMMUNITY_FIXES) KSPCommunityFixes/Settings/KSP_COMMUNITY_FIXES
[LOG 16:19:14.903] Config(Localization) KSPCommunityFixes/Localization/en-us/Localization
[LOG 16:19:14.903] Config(Localization) KSPCommunityFixes/Localization/fr-fr/Localization
[LOG 16:19:14.903] Config(Localization) KSPCommunityFixes/Localization/ru/Localization
[LOG 16:19:14.903] Config(Localization) KSPCommunityFixes/Localization/zh-cn/Localization
[LOG 16:19:14.903] Config(@PART[*]:HAS[@MODULE[ModuleDockingNodeFixed]]:NEEDS[FixDockingNodes]:FINAL) KSPCommunityFixes/MMPatches/ModSupport/FixDockingNodes/@PART[*]:HAS[@MODULE[ModuleDockingNodeFixed]]:NEEDS[FixDockingNodes]:FINAL
[LOG 16:19:14.903] Config(@PART[*]:HAS[@MODULE[Refunding]]:LAST[999_KSP-Recall]) KSPCommunityFixes/MMPatches/ModSupport/KSPRecall/@PART[*]:HAS[@MODULE[Refunding]]:LAST[999_KSP-Recall]
[LOG 16:19:14.903] Config(@PART[*]:HAS[#hasRefundingOnRecovery[?rue]]:LAST[999_KSP-Recall]) KSPCommunityFixes/MMPatches/ModSupport/KSPRecall/@PART[*]:HAS[#hasRefundingOnRecovery[?rue]]:LAST[999_KSP-Recall]
[LOG 16:19:14.903] Config(@PART[*]:HAS[#hasRefundingOnRecovery]:LAST[999_KSP-Recall]) KSPCommunityFixes/MMPatches/ModSupport/KSPRecall/@PART[*]:HAS[#hasRefundingOnRecovery]:LAST[999_KSP-Recall]
[LOG 16:19:14.903] Config(@KSP-Recall:LAST[999_KSP-Recall]) KSPCommunityFixes/MMPatches/ModSupport/KSPRecall/@KSP-Recall:LAST[999_KSP-Recall]
[LOG 16:19:14.903] Config(@KSP-Recall:HAS[#hasRefundingOnRecovery[?rue]]:LAST[999_KSP-Recall]) KSPCommunityFixes/MMPatches/ModSupport/KSPRecall/@KSP-Recall:HAS[#hasRefundingOnRecovery[?rue]]:LAST[999_KSP-Recall]
[LOG 16:19:14.903] Config(@KSP-Recall:HAS[#hasRefundingOnRecovery]:LAST[999_KSP-Recall]) KSPCommunityFixes/MMPatches/ModSupport/KSPRecall/@KSP-Recall:HAS[#hasRefundingOnRecovery]:LAST[999_KSP-Recall]
[LOG 16:19:14.903] Config(@KSP_COMMUNITY_FIXES:NEEDS[AttachedOnEditor]) KSPCommunityFixes/MMPatches/ModSupport/KSPRecall/@KSP_COMMUNITY_FIXES:NEEDS[AttachedOnEditor]
[LOG 16:19:14.903] Config(@KSP_COMMUNITY_FIXES:NEEDS[UniversalStorage2]) KSPCommunityFixes/MMPatches/ModSupport/UniversalStorage/@KSP_COMMUNITY_FIXES:NEEDS[UniversalStorage2]
[LOG 16:19:14.903] Config(@PART[telescopicLadderBay]:FIRST) KSPCommunityFixes/MMPatches/StockTweaks/LadderToggleableLight/@PART[telescopicLadderBay]:FIRST
[LOG 16:19:14.903] Config(@PART[telescopicLadderBay]:HAS[#LadderToggleableLight[?rue]]:FIRST) KSPCommunityFixes/MMPatches/StockTweaks/LadderToggleableLight/@PART[telescopicLadderBay]:HAS[#LadderToggleableLight[?rue]]:FIRST
[LOG 16:19:14.903] Config(@PART[telescopicLadderBay]:HAS[#LadderToggleableLight]:FIRST) KSPCommunityFixes/MMPatches/StockTweaks/LadderToggleableLight/@PART[telescopicLadderBay]:HAS[#LadderToggleableLight]:FIRST
[LOG 16:19:14.903] Config(@PART[GearSmall]:FIRST) KSPCommunityFixes/MMPatches/StockTweaks/LandingGearLights/@PART[GearSmall]:FIRST
[LOG 16:19:14.903] Config(@PART[SmallGearBay]:FIRST) KSPCommunityFixes/MMPatches/StockTweaks/LandingGearLights/@PART[SmallGearBay]:FIRST
[LOG 16:19:14.903] Config(@PART[sasModule]:FOR[KSPCommunityFixes]) KSPCommunityFixes/MMPatches/StockTweaks/ManufacturerFixes/@PART[sasModule]:FOR[KSPCommunityFixes]
[LOG 16:19:14.903] Config(@PART[xenonTankRadial]:FOR[KSPCommunityFixes]) KSPCommunityFixes/MMPatches/StockTweaks/ManufacturerFixes/@PART[xenonTankRadial]:FOR[KSPCommunityFixes]
[LOG 16:19:14.903] Config(@PART[winglet|fireworksLauncherSmall|fireworksLauncherBig]:FOR[KSPCommunityFixes]) KSPCommunityFixes/MMPatches/StockTweaks/ManufacturerFixes/@PART[winglet|fireworksLauncherSmall|fireworksLauncherBig]:FOR[KSPCommunityFixes]
[LOG 16:19:14.903] Config(@PART[solidBooster_sm_v2|solidBooster_v2]:FOR[KSPCommunityFixes]) KSPCommunityFixes/MMPatches/StockTweaks/ManufacturerFixes/@PART[solidBooster_sm_v2|solidBooster_v2]:FOR[KSPCommunityFixes]
[LOG 16:19:14.903] Config(@PART[ServiceBay_125_v2|ServiceBay_250_v2]:FOR[KSPCommunityFixes]) KSPCommunityFixes/MMPatches/StockTweaks/ManufacturerFixes/@PART[ServiceBay_125_v2|ServiceBay_250_v2]:FOR[KSPCommunityFixes]
[LOG 16:19:14.903] Config(@PART[externalTankCapsule]:FOR[KSPCommunityFixes]) KSPCommunityFixes/MMPatches/StockTweaks/ManufacturerFixes/@PART[externalTankCapsule]:FOR[KSPCommunityFixes]
[LOG 16:19:14.903] Config(@PART[RCSFuelTank|rcsTankMini|RCSTank1-2]:FOR[KSPCommunityFixes]) KSPCommunityFixes/MMPatches/StockTweaks/ManufacturerFixes/@PART[RCSFuelTank|rcsTankMini|RCSTank1-2]:FOR[KSPCommunityFixes]
[LOG 16:19:14.903] Config(@PART[landerCabinSmall]:FOR[KSPCommunityFixes]) KSPCommunityFixes/MMPatches/StockTweaks/ManufacturerFixes/@PART[landerCabinSmall]:FOR[KSPCommunityFixes]
[LOG 16:19:14.904] Config(@PART[dockingPortLateral]:FOR[KSPCommunityFixes]) KSPCommunityFixes/MMPatches/StockTweaks/ManufacturerFixes/@PART[dockingPortLateral]:FOR[KSPCommunityFixes]
[LOG 16:19:14.904] Config(@PART[EnginePlate4]:FOR[KSPCommunityFixes]:NEEDS[SquadExpansion/MakingHistory]) KSPCommunityFixes/MMPatches/StockTweaks/ManufacturerFixes/@PART[EnginePlate4]:FOR[KSPCommunityFixes]:NEEDS[SquadExpansion/MakingHistory]
[LOG 16:19:14.904] Config(@PART[Mk2Pod]:FOR[KSPCommunityFixes]:NEEDS[SquadExpansion/MakingHistory]) KSPCommunityFixes/MMPatches/StockTweaks/ManufacturerFixes/@PART[Mk2Pod]:FOR[KSPCommunityFixes]:NEEDS[SquadExpansion/MakingHistory]
[LOG 16:19:14.904] Config(@PART[evaChute|parachuteSingle|parachuteRadial|radialDrogue|parachuteLarge|parachuteDrogue]:FOR[KSPCommunityFixes]) KSPCommunityFixes/MMPatches/StockTweaks/ManufacturerFixes/@PART[evaChute|parachuteSingle|parachuteRadial|radialDrogue|parachuteLarge|parachuteDrogue]:FOR[KSPCommunityFixes]
[LOG 16:19:14.904] Config(@PART[stackPoint1|dockingPort1|dockingPort2|dockingPort3|dockingPortLarge]:FOR[KSPCommunityFixes]) KSPCommunityFixes/MMPatches/StockTweaks/ManufacturerFixes/@PART[stackPoint1|dockingPort1|dockingPort2|dockingPort3|dockingPortLarge]:FOR[KSPCommunityFixes]
[LOG 16:19:14.904] Config(AGENT) KSPCommunityFixes/MMPatches/StockTweaks/ManufacturerFixes/Clamp-O-Tron
[LOG 16:19:14.904] Config(AGENT) KSPCommunityFixes/MMPatches/StockTweaks/ManufacturerFixes/FreeFall Parachutes
[LOG 16:19:14.904] Config(AGENT) KSPCommunityFixes/MMPatches/StockTweaks/ManufacturerFixes/LightYear Tire Company
[LOG 16:19:14.904] Config(AGENT) KSPCommunityFixes/MMPatches/StockTweaks/ManufacturerFixes/Stratus Corporation
[LOG 16:19:14.904] Config(Localization) KSPCommunityFixes/MMPatches/StockTweaks/ManufacturerFixes/Localization
[LOG 16:19:14.904] Config(AGENT) Squad/Agencies/Agents/C7 Aerospace Division
[LOG 16:19:14.904] Config(AGENT) Squad/Agencies/Agents/Dinkelstein Kerman's Construction Emporium
[LOG 16:19:14.904] Config(AGENT) Squad/Agencies/Agents/Experimental Engineering Group
[LOG 16:19:14.904] Config(AGENT) Squad/Agencies/Agents/FLOOYD Dynamics Research Labs
[LOG 16:19:14.904] Config(AGENT) Squad/Agencies/Agents/Goliath National Products
[LOG 16:19:14.904] Config(AGENT) Squad/Agencies/Agents/Integrated Integrals
[LOG 16:19:14.904] Config(AGENT) Squad/Agencies/Agents/Ionic Symphonic Protonic Electronics
[LOG 16:19:14.904] Config(AGENT) Squad/Agencies/Agents/Jebediah Kerman's Junkyard and Spacecraft Parts Co
[LOG 16:19:14.904] Config(AGENT) Squad/Agencies/Agents/Kerbal Motion LLC
[LOG 16:19:14.904] Config(AGENT) Squad/Agencies/Agents/Kerbin World-Firsts Record-Keeping Society
[LOG 16:19:14.904] Config(AGENT) Squad/Agencies/Agents/Kerbodyne
[LOG 16:19:14.904] Config(AGENT) Squad/Agencies/Agents/Kerlington Model Rockets and Paper Products Inc
[LOG 16:19:14.904] Config(AGENT) Squad/Agencies/Agents/Maxo Construction Toys
[LOG 16:19:14.904] Config(AGENT) Squad/Agencies/Agents/Moving Parts Experts Group
[LOG 16:19:14.904] Config(AGENT) Squad/Agencies/Agents/O.M.B. Demolition Enterprises
[LOG 16:19:14.904] Config(AGENT) Squad/Agencies/Agents/Periapsis Rocket Supplies Co
[LOG 16:19:14.904] Config(AGENT) Squad/Agencies/Agents/Probodobodyne Inc
[LOG 16:19:14.904] Config(AGENT) Squad/Agencies/Agents/Research & Development Department
[LOG 16:19:14.904] Config(AGENT) Squad/Agencies/Agents/Reaction Systems Ltd
[LOG 16:19:14.904] Config(AGENT) Squad/Agencies/Agents/Rockomax Conglomerate
[LOG 16:19:14.905] Config(AGENT) Squad/Agencies/Agents/Rokea Inc
[LOG 16:19:14.905] Config(AGENT) Squad/Agencies/Agents/Sean's Cannery
[LOG 16:19:14.905] Config(AGENT) Squad/Agencies/Agents/STEADLER Engineering Corps
[LOG 16:19:14.905] Config(AGENT) Squad/Agencies/Agents/StrutCo
[LOG 16:19:14.905] Config(AGENT) Squad/Agencies/Agents/Vac-Co Advanced Suction Systems
[LOG 16:19:14.905] Config(AGENT) Squad/Agencies/Agents/WinterOwl Aircraft Emporium
[LOG 16:19:14.905] Config(AGENT) Squad/Agencies/Agents/Zaltonic Electronics
[LOG 16:19:14.905] Config(CONTRACT_CONSTRUCTION_PARTS) Squad/Contracts/constructionContractParts/CONTRACT_CONSTRUCTION_PARTS
[LOG 16:19:14.905] Config(Contracts) Squad/Contracts/Contracts/Contracts
[LOG 16:19:14.905] Config(CONTRACTCRAFT) Squad/Contracts/PrebuiltCraft/prebuiltData/CONTRACTCRAFT
[LOG 16:19:14.905] Config(CONTRACTCRAFT) Squad/Contracts/PrebuiltCraft/OrbitalConstructionContract/orbitalConstructionContractCraft/CONTRACTCRAFT
[LOG 16:19:14.905] Config(CONTRACTCRAFT) Squad/Contracts/PrebuiltCraft/RepairContract/repairContractCraft/CONTRACTCRAFT
[LOG 16:19:14.905] Config(CONTRACTCRAFT) Squad/Contracts/PrebuiltCraft/RoverContract/roverContractCraft/CONTRACTCRAFT
[LOG 16:19:14.905] Config(KEYBOARD_LAYOUT) Squad/Controls/Azerty/#autoLOC_6001233
[LOG 16:19:14.905] Config(PITCH_DOWN) Squad/Controls/Azerty/PITCH_DOWN
[LOG 16:19:14.905] Config(PITCH_UP) Squad/Controls/Azerty/PITCH_UP
[LOG 16:19:14.905] Config(YAW_LEFT) Squad/Controls/Azerty/YAW_LEFT
[LOG 16:19:14.905] Config(YAW_RIGHT) Squad/Controls/Azerty/YAW_RIGHT
[LOG 16:19:14.905] Config(ROLL_LEFT) Squad/Controls/Azerty/ROLL_LEFT
[LOG 16:19:14.905] Config(ROLL_RIGHT) Squad/Controls/Azerty/ROLL_RIGHT
[LOG 16:19:14.905] Config(THROTTLE_UP) Squad/Controls/Azerty/THROTTLE_UP
[LOG 16:19:14.905] Config(THROTTLE_DOWN) Squad/Controls/Azerty/THROTTLE_DOWN
[LOG 16:19:14.905] Config(SAS_HOLD) Squad/Controls/Azerty/SAS_HOLD
[LOG 16:19:14.905] Config(SAS_TOGGLE) Squad/Controls/Azerty/SAS_TOGGLE
[LOG 16:19:14.905] Config(LAUNCH_STAGES) Squad/Controls/Azerty/LAUNCH_STAGES
[LOG 16:19:14.905] Config(Docking_toggleRotLin) Squad/Controls/Azerty/Docking_toggleRotLin
[LOG 16:19:14.905] Config(CAMERA_MODE) Squad/Controls/Azerty/CAMERA_MODE
[LOG 16:19:14.905] Config(CAMERA_NEXT) Squad/Controls/Azerty/CAMERA_NEXT
[LOG 16:19:14.906] Config(PAUSE) Squad/Controls/Azerty/PAUSE
[LOG 16:19:14.906] Config(PRECISION_CTRL) Squad/Controls/Azerty/PRECISION_CTRL
[LOG 16:19:14.906] Config(ZOOM_IN) Squad/Controls/Azerty/ZOOM_IN
[LOG 16:19:14.906] Config(ZOOM_OUT) Squad/Controls/Azerty/ZOOM_OUT
[LOG 16:19:14.906] Config(SCROLL_VIEW_UP) Squad/Controls/Azerty/SCROLL_VIEW_UP
[LOG 16:19:14.906] Config(SCROLL_VIEW_DOWN) Squad/Controls/Azerty/SCROLL_VIEW_DOWN
[LOG 16:19:14.906] Config(SCROLL_ICONS_UP) Squad/Controls/Azerty/SCROLL_ICONS_UP
[LOG 16:19:14.906] Config(SCROLL_ICONS_DOWN) Squad/Controls/Azerty/SCROLL_ICONS_DOWN
[LOG 16:19:14.906] Config(CAMERA_ORBIT_UP) Squad/Controls/Azerty/CAMERA_ORBIT_UP
[LOG 16:19:14.906] Config(CAMERA_ORBIT_DOWN) Squad/Controls/Azerty/CAMERA_ORBIT_DOWN
[LOG 16:19:14.906] Config(CAMERA_ORBIT_LEFT) Squad/Controls/Azerty/CAMERA_ORBIT_LEFT
[LOG 16:19:14.906] Config(CAMERA_ORBIT_RIGHT) Squad/Controls/Azerty/CAMERA_ORBIT_RIGHT
[LOG 16:19:14.906] Config(CAMERA_RESET) Squad/Controls/Azerty/CAMERA_RESET
[LOG 16:19:14.906] Config(CAMERA_MOUSE_TOGGLE) Squad/Controls/Azerty/CAMERA_MOUSE_TOGGLE
[LOG 16:19:14.906] Config(TIME_WARP_INCREASE) Squad/Controls/Azerty/TIME_WARP_INCREASE
[LOG 16:19:14.906] Config(TIME_WARP_DECREASE) Squad/Controls/Azerty/TIME_WARP_DECREASE
[LOG 16:19:14.906] Config(TIME_WARP_STOP) Squad/Controls/Azerty/TIME_WARP_STOP
[LOG 16:19:14.906] Config(MAP_VIEW_TOGGLE) Squad/Controls/Azerty/MAP_VIEW_TOGGLE
[LOG 16:19:14.906] Config(NAVBALL_TOGGLE) Squad/Controls/Azerty/NAVBALL_TOGGLE
[LOG 16:19:14.906] Config(UIMODE_STAGING) Squad/Controls/Azerty/UIMODE_STAGING
[LOG 16:19:14.906] Config(UIMODE_DOCKING) Squad/Controls/Azerty/UIMODE_DOCKING
[LOG 16:19:14.906] Config(TRANSLATE_DOWN) Squad/Controls/Azerty/TRANSLATE_DOWN
[LOG 16:19:14.906] Config(TRANSLATE_UP) Squad/Controls/Azerty/TRANSLATE_UP
[LOG 16:19:14.906] Config(TRANSLATE_LEFT) Squad/Controls/Azerty/TRANSLATE_LEFT
[LOG 16:19:14.906] Config(TRANSLATE_RIGHT) Squad/Controls/Azerty/TRANSLATE_RIGHT
[LOG 16:19:14.906] Config(TRANSLATE_FWD) Squad/Controls/Azerty/TRANSLATE_FWD
[LOG 16:19:14.906] Config(TRANSLATE_BACK) Squad/Controls/Azerty/TRANSLATE_BACK
[LOG 16:19:14.906] Config(RCS_TOGGLE) Squad/Controls/Azerty/RCS_TOGGLE
[LOG 16:19:14.906] Config(FOCUS_NEXT_VESSEL) Squad/Controls/Azerty/FOCUS_NEXT_VESSEL
[LOG 16:19:14.906] Config(FOCUS_PREV_VESSEL) Squad/Controls/Azerty/FOCUS_PREV_VESSEL
[LOG 16:19:14.906] Config(TOGGLE_UI) Squad/Controls/Azerty/TOGGLE_UI
[LOG 16:19:14.907] Config(TOGGLE_STATUS_SCREEN) Squad/Controls/Azerty/TOGGLE_STATUS_SCREEN
[LOG 16:19:14.907] Config(TAKE_SCREENSHOT) Squad/Controls/Azerty/TAKE_SCREENSHOT
[LOG 16:19:14.907] Config(TOGGLE_LABELS) Squad/Controls/Azerty/TOGGLE_LABELS
[LOG 16:19:14.907] Config(TOGGLE_TEMP_GAUGES) Squad/Controls/Azerty/TOGGLE_TEMP_GAUGES
[LOG 16:19:14.907] Config(TOGGLE_TEMP_OVERLAY) Squad/Controls/Azerty/TOGGLE_TEMP_OVERLAY
[LOG 16:19:14.907] Config(TOGGLE_FLIGHT_FORCES) Squad/Controls/Azerty/TOGGLE_FLIGHT_FORCES
[LOG 16:19:14.907] Config(QUICKSAVE) Squad/Controls/Azerty/QUICKSAVE
[LOG 16:19:14.907] Config(QUICKLOAD) Squad/Controls/Azerty/QUICKLOAD
[LOG 16:19:14.907] Config(THROTTLE_CUTOFF) Squad/Controls/Azerty/THROTTLE_CUTOFF
[LOG 16:19:14.907] Config(THROTTLE_FULL) Squad/Controls/Azerty/THROTTLE_FULL
[LOG 16:19:14.907] Config(LANDING_GEAR) Squad/Controls/Azerty/LANDING_GEAR
[LOG 16:19:14.907] Config(HEADLIGHT_TOGGLE) Squad/Controls/Azerty/HEADLIGHT_TOGGLE
[LOG 16:19:14.907] Config(BRAKES) Squad/Controls/Azerty/BRAKES
[LOG 16:19:14.907] Config(TOGGLE_SPACENAV_FLIGHT_CONTROL) Squad/Controls/Azerty/TOGGLE_SPACENAV_FLIGHT_CONTROL
[LOG 16:19:14.907] Config(TOGGLE_SPACENAV_ROLL_LOCK) Squad/Controls/Azerty/TOGGLE_SPACENAV_ROLL_LOCK
[LOG 16:19:14.907] Config(WHEEL_STEER_LEFT) Squad/Controls/Azerty/WHEEL_STEER_LEFT
[LOG 16:19:14.907] Config(WHEEL_STEER_RIGHT) Squad/Controls/Azerty/WHEEL_STEER_RIGHT
[LOG 16:19:14.907] Config(WHEEL_THROTTLE_DOWN) Squad/Controls/Azerty/WHEEL_THROTTLE_DOWN
[LOG 16:19:14.907] Config(WHEEL_THROTTLE_UP) Squad/Controls/Azerty/WHEEL_THROTTLE_UP
[LOG 16:19:14.907] Config(EVA_forward) Squad/Controls/Azerty/EVA_forward
[LOG 16:19:14.907] Config(EVA_back) Squad/Controls/Azerty/EVA_back
[LOG 16:19:14.907] Config(EVA_left) Squad/Controls/Azerty/EVA_left
[LOG 16:19:14.907] Config(EVA_right) Squad/Controls/Azerty/EVA_right
[LOG 16:19:14.907] Config(EVA_yaw_left) Squad/Controls/Azerty/EVA_yaw_left
[LOG 16:19:14.907] Config(EVA_yaw_right) Squad/Controls/Azerty/EVA_yaw_right
[LOG 16:19:14.907] Config(EVA_Pack_forward) Squad/Controls/Azerty/EVA_Pack_forward
[LOG 16:19:14.907] Config(EVA_Pack_back) Squad/Controls/Azerty/EVA_Pack_back
[LOG 16:19:14.907] Config(EVA_Pack_left) Squad/Controls/Azerty/EVA_Pack_left
[LOG 16:19:14.907] Config(EVA_Pack_right) Squad/Controls/Azerty/EVA_Pack_right
[LOG 16:19:14.907] Config(EVA_Pack_up) Squad/Controls/Azerty/EVA_Pack_up
[LOG 16:19:14.907] Config(EVA_Pack_down) Squad/Controls/Azerty/EVA_Pack_down
[LOG 16:19:14.907] Config(EVA_Jump) Squad/Controls/Azerty/EVA_Jump
[LOG 16:19:14.908] Config(EVA_Run) Squad/Controls/Azerty/EVA_Run
[LOG 16:19:14.908] Config(EVA_ToggleMovementMode) Squad/Controls/Azerty/EVA_ToggleMovementMode
[LOG 16:19:14.908] Config(EVA_TogglePack) Squad/Controls/Azerty/EVA_TogglePack
[LOG 16:19:14.908] Config(EVA_Use) Squad/Controls/Azerty/EVA_Use
[LOG 16:19:14.908] Config(EVA_Board) Squad/Controls/Azerty/EVA_Board
[LOG 16:19:14.908] Config(EVA_Orient) Squad/Controls/Azerty/EVA_Orient
[LOG 16:19:14.908] Config(EVA_Lights) Squad/Controls/Azerty/EVA_Lights
[LOG 16:19:14.908] Config(EVA_ChuteDeploy) Squad/Controls/Azerty/EVA_ChuteDeploy
[LOG 16:19:14.908] Config(Editor_pitchUp) Squad/Controls/Azerty/Editor_pitchUp
[LOG 16:19:14.908] Config(Editor_pitchDown) Squad/Controls/Azerty/Editor_pitchDown
[LOG 16:19:14.908] Config(Editor_yawLeft) Squad/Controls/Azerty/Editor_yawLeft
[LOG 16:19:14.908] Config(Editor_yawRight) Squad/Controls/Azerty/Editor_yawRight
[LOG 16:19:14.908] Config(Editor_rollLeft) Squad/Controls/Azerty/Editor_rollLeft
[LOG 16:19:14.908] Config(Editor_rollRight) Squad/Controls/Azerty/Editor_rollRight
[LOG 16:19:14.908] Config(Editor_resetRotation) Squad/Controls/Azerty/Editor_resetRotation
[LOG 16:19:14.908] Config(Editor_modePlace) Squad/Controls/Azerty/Editor_modePlace
[LOG 16:19:14.908] Config(Editor_modeOffset) Squad/Controls/Azerty/Editor_modeOffset
[LOG 16:19:14.908] Config(Editor_modeRotate) Squad/Controls/Azerty/Editor_modeRotate
[LOG 16:19:14.908] Config(Editor_modeRoot) Squad/Controls/Azerty/Editor_modeRoot
[LOG 16:19:14.908] Config(Editor_coordSystem) Squad/Controls/Azerty/Editor_coordSystem
[LOG 16:19:14.908] Config(Editor_toggleSymMethod) Squad/Controls/Azerty/Editor_toggleSymMethod
[LOG 16:19:14.908] Config(Editor_toggleSymMode) Squad/Controls/Azerty/Editor_toggleSymMode
[LOG 16:19:14.908] Config(Editor_toggleAngleSnap) Squad/Controls/Azerty/Editor_toggleAngleSnap
[LOG 16:19:14.908] Config(Editor_fineTweak) Squad/Controls/Azerty/Editor_fineTweak
[LOG 16:19:14.908] Config(Editor_partSearch) Squad/Controls/Azerty/Editor_partSearch
[LOG 16:19:14.908] Config(Editor_zoomScrollModifier) Squad/Controls/Azerty/Editor_zoomScrollModifier
[LOG 16:19:14.908] Config(MODIFIER_KEY) Squad/Controls/Azerty/MODIFIER_KEY
[LOG 16:19:14.908] Config(AbortActionGroup) Squad/Controls/Azerty/AbortActionGroup
[LOG 16:19:14.908] Config(CustomActionGroup1) Squad/Controls/Azerty/CustomActionGroup1
[LOG 16:19:14.908] Config(CustomActionGroup2) Squad/Controls/Azerty/CustomActionGroup2
[LOG 16:19:14.908] Config(CustomActionGroup3) Squad/Controls/Azerty/CustomActionGroup3
[LOG 16:19:14.909] Config(CustomActionGroup4) Squad/Controls/Azerty/CustomActionGroup4
[LOG 16:19:14.909] Config(CustomActionGroup5) Squad/Controls/Azerty/CustomActionGroup5
[LOG 16:19:14.909] Config(CustomActionGroup6) Squad/Controls/Azerty/CustomActionGroup6
[LOG 16:19:14.909] Config(CustomActionGroup7) Squad/Controls/Azerty/CustomActionGroup7
[LOG 16:19:14.909] Config(CustomActionGroup8) Squad/Controls/Azerty/CustomActionGroup8
[LOG 16:19:14.909] Config(CustomActionGroup9) Squad/Controls/Azerty/CustomActionGroup9
[LOG 16:19:14.909] Config(CustomActionGroup10) Squad/Controls/Azerty/CustomActionGroup10
[LOG 16:19:14.909] Config(KEY_MAP) Squad/Controls/Azerty/KEY_MAP
[LOG 16:19:14.909] Config(KEYBOARD_LAYOUT) Squad/Controls/Dvorak/#autoLOC_6001234
[LOG 16:19:14.909] Config(PITCH_DOWN) Squad/Controls/Dvorak/PITCH_DOWN
[LOG 16:19:14.909] Config(PITCH_UP) Squad/Controls/Dvorak/PITCH_UP
[LOG 16:19:14.909] Config(YAW_LEFT) Squad/Controls/Dvorak/YAW_LEFT
[LOG 16:19:14.909] Config(YAW_RIGHT) Squad/Controls/Dvorak/YAW_RIGHT
[LOG 16:19:14.909] Config(ROLL_LEFT) Squad/Controls/Dvorak/ROLL_LEFT
[LOG 16:19:14.909] Config(ROLL_RIGHT) Squad/Controls/Dvorak/ROLL_RIGHT
[LOG 16:19:14.909] Config(THROTTLE_UP) Squad/Controls/Dvorak/THROTTLE_UP
[LOG 16:19:14.909] Config(THROTTLE_DOWN) Squad/Controls/Dvorak/THROTTLE_DOWN
[LOG 16:19:14.909] Config(SAS_HOLD) Squad/Controls/Dvorak/SAS_HOLD
[LOG 16:19:14.909] Config(SAS_TOGGLE) Squad/Controls/Dvorak/SAS_TOGGLE
[LOG 16:19:14.909] Config(LAUNCH_STAGES) Squad/Controls/Dvorak/LAUNCH_STAGES
[LOG 16:19:14.909] Config(Docking_toggleRotLin) Squad/Controls/Dvorak/Docking_toggleRotLin
[LOG 16:19:14.909] Config(CAMERA_MODE) Squad/Controls/Dvorak/CAMERA_MODE
[LOG 16:19:14.909] Config(CAMERA_NEXT) Squad/Controls/Dvorak/CAMERA_NEXT
[LOG 16:19:14.909] Config(PAUSE) Squad/Controls/Dvorak/PAUSE
[LOG 16:19:14.909] Config(PRECISION_CTRL) Squad/Controls/Dvorak/PRECISION_CTRL
[LOG 16:19:14.909] Config(ZOOM_IN) Squad/Controls/Dvorak/ZOOM_IN
[LOG 16:19:14.909] Config(ZOOM_OUT) Squad/Controls/Dvorak/ZOOM_OUT
[LOG 16:19:14.909] Config(SCROLL_VIEW_UP) Squad/Controls/Dvorak/SCROLL_VIEW_UP
[LOG 16:19:14.909] Config(SCROLL_VIEW_DOWN) Squad/Controls/Dvorak/SCROLL_VIEW_DOWN
[LOG 16:19:14.910] Config(SCROLL_ICONS_UP) Squad/Controls/Dvorak/SCROLL_ICONS_UP
[LOG 16:19:14.910] Config(SCROLL_ICONS_DOWN) Squad/Controls/Dvorak/SCROLL_ICONS_DOWN
[LOG 16:19:14.910] Config(CAMERA_ORBIT_UP) Squad/Controls/Dvorak/CAMERA_ORBIT_UP
[LOG 16:19:14.910] Config(CAMERA_ORBIT_DOWN) Squad/Controls/Dvorak/CAMERA_ORBIT_DOWN
[LOG 16:19:14.910] Config(CAMERA_ORBIT_LEFT) Squad/Controls/Dvorak/CAMERA_ORBIT_LEFT
[LOG 16:19:14.910] Config(CAMERA_ORBIT_RIGHT) Squad/Controls/Dvorak/CAMERA_ORBIT_RIGHT
[LOG 16:19:14.910] Config(CAMERA_RESET) Squad/Controls/Dvorak/CAMERA_RESET
[LOG 16:19:14.910] Config(CAMERA_MOUSE_TOGGLE) Squad/Controls/Dvorak/CAMERA_MOUSE_TOGGLE
[LOG 16:19:14.910] Config(TIME_WARP_INCREASE) Squad/Controls/Dvorak/TIME_WARP_INCREASE
[LOG 16:19:14.910] Config(TIME_WARP_DECREASE) Squad/Controls/Dvorak/TIME_WARP_DECREASE
[LOG 16:19:14.910] Config(TIME_WARP_STOP) Squad/Controls/Dvorak/TIME_WARP_STOP
[LOG 16:19:14.910] Config(MAP_VIEW_TOGGLE) Squad/Controls/Dvorak/MAP_VIEW_TOGGLE
[LOG 16:19:14.910] Config(NAVBALL_TOGGLE) Squad/Controls/Dvorak/NAVBALL_TOGGLE
[LOG 16:19:14.910] Config(UIMODE_STAGING) Squad/Controls/Dvorak/UIMODE_STAGING
[LOG 16:19:14.910] Config(UIMODE_DOCKING) Squad/Controls/Dvorak/UIMODE_DOCKING
[LOG 16:19:14.910] Config(TRANSLATE_DOWN) Squad/Controls/Dvorak/TRANSLATE_DOWN
[LOG 16:19:14.910] Config(TRANSLATE_UP) Squad/Controls/Dvorak/TRANSLATE_UP
[LOG 16:19:14.910] Config(TRANSLATE_LEFT) Squad/Controls/Dvorak/TRANSLATE_LEFT
[LOG 16:19:14.910] Config(TRANSLATE_RIGHT) Squad/Controls/Dvorak/TRANSLATE_RIGHT
[LOG 16:19:14.910] Config(TRANSLATE_FWD) Squad/Controls/Dvorak/TRANSLATE_FWD
[LOG 16:19:14.910] Config(TRANSLATE_BACK) Squad/Controls/Dvorak/TRANSLATE_BACK
[LOG 16:19:14.910] Config(RCS_TOGGLE) Squad/Controls/Dvorak/RCS_TOGGLE
[LOG 16:19:14.910] Config(FOCUS_NEXT_VESSEL) Squad/Controls/Dvorak/FOCUS_NEXT_VESSEL
[LOG 16:19:14.910] Config(FOCUS_PREV_VESSEL) Squad/Controls/Dvorak/FOCUS_PREV_VESSEL
[LOG 16:19:14.910] Config(TOGGLE_UI) Squad/Controls/Dvorak/TOGGLE_UI
[LOG 16:19:14.910] Config(TOGGLE_STATUS_SCREEN) Squad/Controls/Dvorak/TOGGLE_STATUS_SCREEN
[LOG 16:19:14.910] Config(TAKE_SCREENSHOT) Squad/Controls/Dvorak/TAKE_SCREENSHOT
[LOG 16:19:14.910] Config(TOGGLE_LABELS) Squad/Controls/Dvorak/TOGGLE_LABELS
[LOG 16:19:14.910] Config(TOGGLE_TEMP_GAUGES) Squad/Controls/Dvorak/TOGGLE_TEMP_GAUGES
[LOG 16:19:14.911] Config(TOGGLE_TEMP_OVERLAY) Squad/Controls/Dvorak/TOGGLE_TEMP_OVERLAY
[LOG 16:19:14.911] Config(TOGGLE_FLIGHT_FORCES) Squad/Controls/Dvorak/TOGGLE_FLIGHT_FORCES
[LOG 16:19:14.911] Config(QUICKSAVE) Squad/Controls/Dvorak/QUICKSAVE
[LOG 16:19:14.911] Config(QUICKLOAD) Squad/Controls/Dvorak/QUICKLOAD
[LOG 16:19:14.911] Config(THROTTLE_CUTOFF) Squad/Controls/Dvorak/THROTTLE_CUTOFF
[LOG 16:19:14.911] Config(THROTTLE_FULL) Squad/Controls/Dvorak/THROTTLE_FULL
[LOG 16:19:14.911] Config(LANDING_GEAR) Squad/Controls/Dvorak/LANDING_GEAR
[LOG 16:19:14.911] Config(HEADLIGHT_TOGGLE) Squad/Controls/Dvorak/HEADLIGHT_TOGGLE
[LOG 16:19:14.911] Config(BRAKES) Squad/Controls/Dvorak/BRAKES
[LOG 16:19:14.911] Config(TOGGLE_SPACENAV_FLIGHT_CONTROL) Squad/Controls/Dvorak/TOGGLE_SPACENAV_FLIGHT_CONTROL
[LOG 16:19:14.911] Config(TOGGLE_SPACENAV_ROLL_LOCK) Squad/Controls/Dvorak/TOGGLE_SPACENAV_ROLL_LOCK
[LOG 16:19:14.911] Config(WHEEL_STEER_LEFT) Squad/Controls/Dvorak/WHEEL_STEER_LEFT
[LOG 16:19:14.911] Config(WHEEL_STEER_RIGHT) Squad/Controls/Dvorak/WHEEL_STEER_RIGHT
[LOG 16:19:14.911] Config(WHEEL_THROTTLE_DOWN) Squad/Controls/Dvorak/WHEEL_THROTTLE_DOWN
[LOG 16:19:14.911] Config(WHEEL_THROTTLE_UP) Squad/Controls/Dvorak/WHEEL_THROTTLE_UP
[LOG 16:19:14.911] Config(EVA_forward) Squad/Controls/Dvorak/EVA_forward
[LOG 16:19:14.911] Config(EVA_back) Squad/Controls/Dvorak/EVA_back
[LOG 16:19:14.911] Config(EVA_left) Squad/Controls/Dvorak/EVA_left
[LOG 16:19:14.911] Config(EVA_right) Squad/Controls/Dvorak/EVA_right
[LOG 16:19:14.911] Config(EVA_yaw_left) Squad/Controls/Dvorak/EVA_yaw_left
[LOG 16:19:14.911] Config(EVA_yaw_right) Squad/Controls/Dvorak/EVA_yaw_right
[LOG 16:19:14.911] Config(EVA_Pack_forward) Squad/Controls/Dvorak/EVA_Pack_forward
[LOG 16:19:14.911] Config(EVA_Pack_back) Squad/Controls/Dvorak/EVA_Pack_back
[LOG 16:19:14.911] Config(EVA_Pack_left) Squad/Controls/Dvorak/EVA_Pack_left
[LOG 16:19:14.911] Config(EVA_Pack_right) Squad/Controls/Dvorak/EVA_Pack_right
[LOG 16:19:14.911] Config(EVA_Pack_up) Squad/Controls/Dvorak/EVA_Pack_up
[LOG 16:19:14.911] Config(EVA_Pack_down) Squad/Controls/Dvorak/EVA_Pack_down
[LOG 16:19:14.911] Config(EVA_Jump) Squad/Controls/Dvorak/EVA_Jump
[LOG 16:19:14.911] Config(EVA_Run) Squad/Controls/Dvorak/EVA_Run
[LOG 16:19:14.911] Config(EVA_ToggleMovementMode) Squad/Controls/Dvorak/EVA_ToggleMovementMode
[LOG 16:19:14.912] Config(EVA_TogglePack) Squad/Controls/Dvorak/EVA_TogglePack
[LOG 16:19:14.912] Config(EVA_Use) Squad/Controls/Dvorak/EVA_Use
[LOG 16:19:14.912] Config(EVA_Board) Squad/Controls/Dvorak/EVA_Board
[LOG 16:19:14.912] Config(EVA_Orient) Squad/Controls/Dvorak/EVA_Orient
[LOG 16:19:14.912] Config(EVA_Lights) Squad/Controls/Dvorak/EVA_Lights
[LOG 16:19:14.912] Config(EVA_ChuteDeploy) Squad/Controls/Dvorak/EVA_ChuteDeploy
[LOG 16:19:14.912] Config(Editor_pitchUp) Squad/Controls/Dvorak/Editor_pitchUp
[LOG 16:19:14.912] Config(Editor_pitchDown) Squad/Controls/Dvorak/Editor_pitchDown
[LOG 16:19:14.912] Config(Editor_yawLeft) Squad/Controls/Dvorak/Editor_yawLeft
[LOG 16:19:14.912] Config(Editor_yawRight) Squad/Controls/Dvorak/Editor_yawRight
[LOG 16:19:14.912] Config(Editor_rollLeft) Squad/Controls/Dvorak/Editor_rollLeft
[LOG 16:19:14.912] Config(Editor_rollRight) Squad/Controls/Dvorak/Editor_rollRight
[LOG 16:19:14.912] Config(Editor_resetRotation) Squad/Controls/Dvorak/Editor_resetRotation
[LOG 16:19:14.912] Config(Editor_modePlace) Squad/Controls/Dvorak/Editor_modePlace
[LOG 16:19:14.912] Config(Editor_modeOffset) Squad/Controls/Dvorak/Editor_modeOffset
[LOG 16:19:14.912] Config(Editor_modeRotate) Squad/Controls/Dvorak/Editor_modeRotate
[LOG 16:19:14.912] Config(Editor_modeRoot) Squad/Controls/Dvorak/Editor_modeRoot
[LOG 16:19:14.912] Config(Editor_coordSystem) Squad/Controls/Dvorak/Editor_coordSystem
[LOG 16:19:14.912] Config(Editor_toggleSymMethod) Squad/Controls/Dvorak/Editor_toggleSymMethod
[LOG 16:19:14.912] Config(Editor_toggleSymMode) Squad/Controls/Dvorak/Editor_toggleSymMode
[LOG 16:19:14.912] Config(Editor_toggleAngleSnap) Squad/Controls/Dvorak/Editor_toggleAngleSnap
[LOG 16:19:14.912] Config(Editor_fineTweak) Squad/Controls/Dvorak/Editor_fineTweak
[LOG 16:19:14.912] Config(Editor_partSearch) Squad/Controls/Dvorak/Editor_partSearch
[LOG 16:19:14.912] Config(Editor_zoomScrollModifier) Squad/Controls/Dvorak/Editor_zoomScrollModifier
[LOG 16:19:14.912] Config(MODIFIER_KEY) Squad/Controls/Dvorak/MODIFIER_KEY
[LOG 16:19:14.912] Config(AbortActionGroup) Squad/Controls/Dvorak/AbortActionGroup
[LOG 16:19:14.912] Config(CustomActionGroup1) Squad/Controls/Dvorak/CustomActionGroup1
[LOG 16:19:14.913] Config(CustomActionGroup2) Squad/Controls/Dvorak/CustomActionGroup2
[LOG 16:19:14.913] Config(CustomActionGroup3) Squad/Controls/Dvorak/CustomActionGroup3
[LOG 16:19:14.913] Config(CustomActionGroup4) Squad/Controls/Dvorak/CustomActionGroup4
[LOG 16:19:14.913] Config(CustomActionGroup5) Squad/Controls/Dvorak/CustomActionGroup5
[LOG 16:19:14.913] Config(CustomActionGroup6) Squad/Controls/Dvorak/CustomActionGroup6
[LOG 16:19:14.913] Config(CustomActionGroup7) Squad/Controls/Dvorak/CustomActionGroup7
[LOG 16:19:14.913] Config(CustomActionGroup8) Squad/Controls/Dvorak/CustomActionGroup8
[LOG 16:19:14.913] Config(CustomActionGroup9) Squad/Controls/Dvorak/CustomActionGroup9
[LOG 16:19:14.913] Config(CustomActionGroup10) Squad/Controls/Dvorak/CustomActionGroup10
[LOG 16:19:14.913] Config(KEY_MAP) Squad/Controls/Dvorak/KEY_MAP
[LOG 16:19:14.913] Config(KEYBOARD_LAYOUT) Squad/Controls/Qwerty/#autoLOC_6001227
[LOG 16:19:14.913] Config(PITCH_DOWN) Squad/Controls/Qwerty/PITCH_DOWN
[LOG 16:19:14.913] Config(PITCH_UP) Squad/Controls/Qwerty/PITCH_UP
[LOG 16:19:14.913] Config(YAW_LEFT) Squad/Controls/Qwerty/YAW_LEFT
[LOG 16:19:14.913] Config(YAW_RIGHT) Squad/Controls/Qwerty/YAW_RIGHT
[LOG 16:19:14.913] Config(ROLL_LEFT) Squad/Controls/Qwerty/ROLL_LEFT
[LOG 16:19:14.913] Config(ROLL_RIGHT) Squad/Controls/Qwerty/ROLL_RIGHT
[LOG 16:19:14.913] Config(THROTTLE_UP) Squad/Controls/Qwerty/THROTTLE_UP
[LOG 16:19:14.913] Config(THROTTLE_DOWN) Squad/Controls/Qwerty/THROTTLE_DOWN
[LOG 16:19:14.913] Config(SAS_HOLD) Squad/Controls/Qwerty/SAS_HOLD
[LOG 16:19:14.913] Config(SAS_TOGGLE) Squad/Controls/Qwerty/SAS_TOGGLE
[LOG 16:19:14.913] Config(LAUNCH_STAGES) Squad/Controls/Qwerty/LAUNCH_STAGES
[LOG 16:19:14.913] Config(Docking_toggleRotLin) Squad/Controls/Qwerty/Docking_toggleRotLin
[LOG 16:19:14.913] Config(CAMERA_MODE) Squad/Controls/Qwerty/CAMERA_MODE
[LOG 16:19:14.913] Config(CAMERA_NEXT) Squad/Controls/Qwerty/CAMERA_NEXT
[LOG 16:19:14.913] Config(PAUSE) Squad/Controls/Qwerty/PAUSE
[LOG 16:19:14.913] Config(PRECISION_CTRL) Squad/Controls/Qwerty/PRECISION_CTRL
[LOG 16:19:14.913] Config(ZOOM_IN) Squad/Controls/Qwerty/ZOOM_IN
[LOG 16:19:14.914] Config(ZOOM_OUT) Squad/Controls/Qwerty/ZOOM_OUT
[LOG 16:19:14.914] Config(SCROLL_VIEW_UP) Squad/Controls/Qwerty/SCROLL_VIEW_UP
[LOG 16:19:14.914] Config(SCROLL_VIEW_DOWN) Squad/Controls/Qwerty/SCROLL_VIEW_DOWN
[LOG 16:19:14.914] Config(SCROLL_ICONS_UP) Squad/Controls/Qwerty/SCROLL_ICONS_UP
[LOG 16:19:14.914] Config(SCROLL_ICONS_DOWN) Squad/Controls/Qwerty/SCROLL_ICONS_DOWN
[LOG 16:19:14.914] Config(CAMERA_ORBIT_UP) Squad/Controls/Qwerty/CAMERA_ORBIT_UP
[LOG 16:19:14.914] Config(CAMERA_ORBIT_DOWN) Squad/Controls/Qwerty/CAMERA_ORBIT_DOWN
[LOG 16:19:14.914] Config(CAMERA_ORBIT_LEFT) Squad/Controls/Qwerty/CAMERA_ORBIT_LEFT
[LOG 16:19:14.914] Config(CAMERA_ORBIT_RIGHT) Squad/Controls/Qwerty/CAMERA_ORBIT_RIGHT
[LOG 16:19:14.914] Config(CAMERA_RESET) Squad/Controls/Qwerty/CAMERA_RESET
[LOG 16:19:14.914] Config(CAMERA_MOUSE_TOGGLE) Squad/Controls/Qwerty/CAMERA_MOUSE_TOGGLE
[LOG 16:19:14.914] Config(TIME_WARP_INCREASE) Squad/Controls/Qwerty/TIME_WARP_INCREASE
[LOG 16:19:14.914] Config(TIME_WARP_DECREASE) Squad/Controls/Qwerty/TIME_WARP_DECREASE
[LOG 16:19:14.914] Config(TIME_WARP_STOP) Squad/Controls/Qwerty/TIME_WARP_STOP
[LOG 16:19:14.914] Config(MAP_VIEW_TOGGLE) Squad/Controls/Qwerty/MAP_VIEW_TOGGLE
[LOG 16:19:14.914] Config(NAVBALL_TOGGLE) Squad/Controls/Qwerty/NAVBALL_TOGGLE
[LOG 16:19:14.914] Config(UIMODE_STAGING) Squad/Controls/Qwerty/UIMODE_STAGING
[LOG 16:19:14.914] Config(UIMODE_DOCKING) Squad/Controls/Qwerty/UIMODE_DOCKING
[LOG 16:19:14.914] Config(TRANSLATE_DOWN) Squad/Controls/Qwerty/TRANSLATE_DOWN
[LOG 16:19:14.914] Config(TRANSLATE_UP) Squad/Controls/Qwerty/TRANSLATE_UP
[LOG 16:19:14.914] Config(TRANSLATE_LEFT) Squad/Controls/Qwerty/TRANSLATE_LEFT
[LOG 16:19:14.914] Config(TRANSLATE_RIGHT) Squad/Controls/Qwerty/TRANSLATE_RIGHT
[LOG 16:19:14.914] Config(TRANSLATE_FWD) Squad/Controls/Qwerty/TRANSLATE_FWD
[LOG 16:19:14.914] Config(TRANSLATE_BACK) Squad/Controls/Qwerty/TRANSLATE_BACK
[LOG 16:19:14.914] Config(RCS_TOGGLE) Squad/Controls/Qwerty/RCS_TOGGLE
[LOG 16:19:14.914] Config(FOCUS_NEXT_VESSEL) Squad/Controls/Qwerty/FOCUS_NEXT_VESSEL
[LOG 16:19:14.914] Config(FOCUS_PREV_VESSEL) Squad/Controls/Qwerty/FOCUS_PREV_VESSEL
[LOG 16:19:14.914] Config(TOGGLE_UI) Squad/Controls/Qwerty/TOGGLE_UI
[LOG 16:19:14.914] Config(TOGGLE_STATUS_SCREEN) Squad/Controls/Qwerty/TOGGLE_STATUS_SCREEN
[LOG 16:19:14.914] Config(TAKE_SCREENSHOT) Squad/Controls/Qwerty/TAKE_SCREENSHOT
[LOG 16:19:14.914] Config(TOGGLE_LABELS) Squad/Controls/Qwerty/TOGGLE_LABELS
[LOG 16:19:14.914] Config(TOGGLE_TEMP_GAUGES) Squad/Controls/Qwerty/TOGGLE_TEMP_GAUGES
[LOG 16:19:14.914] Config(TOGGLE_TEMP_OVERLAY) Squad/Controls/Qwerty/TOGGLE_TEMP_OVERLAY
[LOG 16:19:14.915] Config(TOGGLE_FLIGHT_FORCES) Squad/Controls/Qwerty/TOGGLE_FLIGHT_FORCES
[LOG 16:19:14.915] Config(QUICKSAVE) Squad/Controls/Qwerty/QUICKSAVE
[LOG 16:19:14.915] Config(QUICKLOAD) Squad/Controls/Qwerty/QUICKLOAD
[LOG 16:19:14.915] Config(THROTTLE_CUTOFF) Squad/Controls/Qwerty/THROTTLE_CUTOFF
[LOG 16:19:14.915] Config(THROTTLE_FULL) Squad/Controls/Qwerty/THROTTLE_FULL
[LOG 16:19:14.915] Config(LANDING_GEAR) Squad/Controls/Qwerty/LANDING_GEAR
[LOG 16:19:14.915] Config(HEADLIGHT_TOGGLE) Squad/Controls/Qwerty/HEADLIGHT_TOGGLE
[LOG 16:19:14.915] Config(BRAKES) Squad/Controls/Qwerty/BRAKES
[LOG 16:19:14.915] Config(TOGGLE_SPACENAV_FLIGHT_CONTROL) Squad/Controls/Qwerty/TOGGLE_SPACENAV_FLIGHT_CONTROL
[LOG 16:19:14.915] Config(TOGGLE_SPACENAV_ROLL_LOCK) Squad/Controls/Qwerty/TOGGLE_SPACENAV_ROLL_LOCK
[LOG 16:19:14.915] Config(WHEEL_STEER_LEFT) Squad/Controls/Qwerty/WHEEL_STEER_LEFT
[LOG 16:19:14.915] Config(WHEEL_STEER_RIGHT) Squad/Controls/Qwerty/WHEEL_STEER_RIGHT
[LOG 16:19:14.915] Config(WHEEL_THROTTLE_DOWN) Squad/Controls/Qwerty/WHEEL_THROTTLE_DOWN
[LOG 16:19:14.915] Config(WHEEL_THROTTLE_UP) Squad/Controls/Qwerty/WHEEL_THROTTLE_UP
[LOG 16:19:14.915] Config(EVA_forward) Squad/Controls/Qwerty/EVA_forward
[LOG 16:19:14.915] Config(EVA_back) Squad/Controls/Qwerty/EVA_back
[LOG 16:19:14.915] Config(EVA_left) Squad/Controls/Qwerty/EVA_left
[LOG 16:19:14.915] Config(EVA_right) Squad/Controls/Qwerty/EVA_right
[LOG 16:19:14.915] Config(EVA_yaw_left) Squad/Controls/Qwerty/EVA_yaw_left
[LOG 16:19:14.915] Config(EVA_yaw_right) Squad/Controls/Qwerty/EVA_yaw_right
[LOG 16:19:14.915] Config(EVA_Pack_forward) Squad/Controls/Qwerty/EVA_Pack_forward
[LOG 16:19:14.915] Config(EVA_Pack_back) Squad/Controls/Qwerty/EVA_Pack_back
[LOG 16:19:14.915] Config(EVA_Pack_left) Squad/Controls/Qwerty/EVA_Pack_left
[LOG 16:19:14.915] Config(EVA_Pack_right) Squad/Controls/Qwerty/EVA_Pack_right
[LOG 16:19:14.915] Config(EVA_Pack_up) Squad/Controls/Qwerty/EVA_Pack_up
[LOG 16:19:14.915] Config(EVA_Pack_down) Squad/Controls/Qwerty/EVA_Pack_down
[LOG 16:19:14.915] Config(EVA_Jump) Squad/Controls/Qwerty/EVA_Jump
[LOG 16:19:14.915] Config(EVA_Run) Squad/Controls/Qwerty/EVA_Run
[LOG 16:19:14.915] Config(EVA_ToggleMovementMode) Squad/Controls/Qwerty/EVA_ToggleMovementMode
[LOG 16:19:14.915] Config(EVA_TogglePack) Squad/Controls/Qwerty/EVA_TogglePack
[LOG 16:19:14.915] Config(EVA_Use) Squad/Controls/Qwerty/EVA_Use
[LOG 16:19:14.916] Config(EVA_Board) Squad/Controls/Qwerty/EVA_Board
[LOG 16:19:14.916] Config(EVA_Orient) Squad/Controls/Qwerty/EVA_Orient
[LOG 16:19:14.916] Config(EVA_Lights) Squad/Controls/Qwerty/EVA_Lights
[LOG 16:19:14.916] Config(EVA_ChuteDeploy) Squad/Controls/Qwerty/EVA_ChuteDeploy
[LOG 16:19:14.916] Config(Editor_pitchUp) Squad/Controls/Qwerty/Editor_pitchUp
[LOG 16:19:14.916] Config(Editor_pitchDown) Squad/Controls/Qwerty/Editor_pitchDown
[LOG 16:19:14.916] Config(Editor_yawLeft) Squad/Controls/Qwerty/Editor_yawLeft
[LOG 16:19:14.916] Config(Editor_yawRight) Squad/Controls/Qwerty/Editor_yawRight
[LOG 16:19:14.916] Config(Editor_rollLeft) Squad/Controls/Qwerty/Editor_rollLeft
[LOG 16:19:14.916] Config(Editor_rollRight) Squad/Controls/Qwerty/Editor_rollRight
[LOG 16:19:14.916] Config(Editor_resetRotation) Squad/Controls/Qwerty/Editor_resetRotation
[LOG 16:19:14.916] Config(Editor_modePlace) Squad/Controls/Qwerty/Editor_modePlace
[LOG 16:19:14.916] Config(Editor_modeOffset) Squad/Controls/Qwerty/Editor_modeOffset
[LOG 16:19:14.916] Config(Editor_modeRotate) Squad/Controls/Qwerty/Editor_modeRotate
[LOG 16:19:14.916] Config(Editor_modeRoot) Squad/Controls/Qwerty/Editor_modeRoot
[LOG 16:19:14.916] Config(Editor_coordSystem) Squad/Controls/Qwerty/Editor_coordSystem
[LOG 16:19:14.916] Config(Editor_toggleSymMethod) Squad/Controls/Qwerty/Editor_toggleSymMethod
[LOG 16:19:14.916] Config(Editor_toggleSymMode) Squad/Controls/Qwerty/Editor_toggleSymMode
[LOG 16:19:14.916] Config(Editor_toggleAngleSnap) Squad/Controls/Qwerty/Editor_toggleAngleSnap
[LOG 16:19:14.916] Config(Editor_fineTweak) Squad/Controls/Qwerty/Editor_fineTweak
[LOG 16:19:14.916] Config(Editor_partSearch) Squad/Controls/Qwerty/Editor_partSearch
[LOG 16:19:14.916] Config(Editor_zoomScrollModifier) Squad/Controls/Qwerty/Editor_zoomScrollModifier
[LOG 16:19:14.916] Config(MODIFIER_KEY) Squad/Controls/Qwerty/MODIFIER_KEY
[LOG 16:19:14.916] Config(AbortActionGroup) Squad/Controls/Qwerty/AbortActionGroup
[LOG 16:19:14.916] Config(CustomActionGroup1) Squad/Controls/Qwerty/CustomActionGroup1
[LOG 16:19:14.916] Config(CustomActionGroup2) Squad/Controls/Qwerty/CustomActionGroup2
[LOG 16:19:14.916] Config(CustomActionGroup3) Squad/Controls/Qwerty/CustomActionGroup3
[LOG 16:19:14.916] Config(CustomActionGroup4) Squad/Controls/Qwerty/CustomActionGroup4
[LOG 16:19:14.916] Config(CustomActionGroup5) Squad/Controls/Qwerty/CustomActionGroup5
[LOG 16:19:14.916] Config(CustomActionGroup6) Squad/Controls/Qwerty/CustomActionGroup6
[LOG 16:19:14.916] Config(CustomActionGroup7) Squad/Controls/Qwerty/CustomActionGroup7
[LOG 16:19:14.916] Config(CustomActionGroup8) Squad/Controls/Qwerty/CustomActionGroup8
[LOG 16:19:14.917] Config(CustomActionGroup9) Squad/Controls/Qwerty/CustomActionGroup9
[LOG 16:19:14.917] Config(CustomActionGroup10) Squad/Controls/Qwerty/CustomActionGroup10
[LOG 16:19:14.917] Config(KEY_MAP) Squad/Controls/Qwerty/KEY_MAP
[LOG 16:19:14.917] Config(KEYBOARD_LAYOUT) Squad/Controls/Qwerty_en-GB/#autoLOC_6001228
[LOG 16:19:14.917] Config(KEY_MAP) Squad/Controls/Qwerty_en-GB/KEY_MAP
[LOG 16:19:14.917] Config(KEYBOARD_LAYOUT) Squad/Controls/Qwerty_es-LA/#autoLOC_6001229
[LOG 16:19:14.917] Config(CAMERA_MOUSE_TOGGLE) Squad/Controls/Qwerty_es-LA/CAMERA_MOUSE_TOGGLE
[LOG 16:19:14.917] Config(TIME_WARP_STOP) Squad/Controls/Qwerty_es-LA/TIME_WARP_STOP
[LOG 16:19:14.917] Config(FOCUS_NEXT_VESSEL) Squad/Controls/Qwerty_es-LA/FOCUS_NEXT_VESSEL
[LOG 16:19:14.917] Config(FOCUS_PREV_VESSEL) Squad/Controls/Qwerty_es-LA/FOCUS_PREV_VESSEL
[LOG 16:19:14.917] Config(CAMERA_RESET) Squad/Controls/Qwerty_es-LA/CAMERA_RESET
[LOG 16:19:14.917] Config(Editor_partSearch) Squad/Controls/Qwerty_es-LA/Editor_partSearch
[LOG 16:19:14.917] Config(KEY_MAP) Squad/Controls/Qwerty_es-LA/KEY_MAP
[LOG 16:19:14.917] Config(KEYBOARD_LAYOUT) Squad/Controls/Qwerty_it-IT/#autoLOC_6001230
[LOG 16:19:14.917] Config(FOCUS_NEXT_VESSEL) Squad/Controls/Qwerty_it-IT/FOCUS_NEXT_VESSEL
[LOG 16:19:14.917] Config(FOCUS_PREV_VESSEL) Squad/Controls/Qwerty_it-IT/FOCUS_PREV_VESSEL
[LOG 16:19:14.917] Config(CAMERA_MOUSE_TOGGLE) Squad/Controls/Qwerty_it-IT/CAMERA_MOUSE_TOGGLE
[LOG 16:19:14.917] Config(TIME_WARP_STOP) Squad/Controls/Qwerty_it-IT/TIME_WARP_STOP
[LOG 16:19:14.917] Config(CAMERA_RESET) Squad/Controls/Qwerty_it-IT/CAMERA_RESET
[LOG 16:19:14.917] Config(Editor_partSearch) Squad/Controls/Qwerty_it-IT/Editor_partSearch
[LOG 16:19:14.917] Config(KEY_MAP) Squad/Controls/Qwerty_it-IT/KEY_MAP
[LOG 16:19:14.917] Config(KEYBOARD_LAYOUT) Squad/Controls/Qwerty_ja-JP/#autoLOC_6001231
[LOG 16:19:14.917] Config(FOCUS_NEXT_VESSEL) Squad/Controls/Qwerty_ja-JP/FOCUS_NEXT_VESSEL
[LOG 16:19:14.917] Config(FOCUS_PREV_VESSEL) Squad/Controls/Qwerty_ja-JP/FOCUS_PREV_VESSEL
[LOG 16:19:14.917] Config(PRECISION_CTRL) Squad/Controls/Qwerty_ja-JP/PRECISION_CTRL
[LOG 16:19:14.917] Config(CAMERA_MOUSE_TOGGLE) Squad/Controls/Qwerty_ja-JP/CAMERA_MOUSE_TOGGLE
[LOG 16:19:14.917] Config(Editor_partSearch) Squad/Controls/Qwerty_ja-JP/Editor_partSearch
[LOG 16:19:14.917] Config(CAMERA_RESET) Squad/Controls/Qwerty_ja-JP/CAMERA_RESET
[LOG 16:19:14.917] Config(KEY_MAP) Squad/Controls/Qwerty_ja-JP/KEY_MAP
[LOG 16:19:14.917] Config(KEYBOARD_LAYOUT) Squad/Controls/Qwerty_pt-PT/#autoLOC_6001230
[LOG 16:19:14.918] Config(FOCUS_NEXT_VESSEL) Squad/Controls/Qwerty_pt-PT/FOCUS_NEXT_VESSEL
[LOG 16:19:14.918] Config(FOCUS_PREV_VESSEL) Squad/Controls/Qwerty_pt-PT/FOCUS_PREV_VESSEL
[LOG 16:19:14.918] Config(CAMERA_MOUSE_TOGGLE) Squad/Controls/Qwerty_pt-PT/CAMERA_MOUSE_TOGGLE
[LOG 16:19:14.918] Config(TIME_WARP_STOP) Squad/Controls/Qwerty_pt-PT/TIME_WARP_STOP
[LOG 16:19:14.918] Config(CAMERA_RESET) Squad/Controls/Qwerty_pt-PT/CAMERA_RESET
[LOG 16:19:14.918] Config(Editor_partSearch) Squad/Controls/Qwerty_pt-PT/Editor_partSearch
[LOG 16:19:14.918] Config(KEY_MAP) Squad/Controls/Qwerty_pt-PT/KEY_MAP
[LOG 16:19:14.918] Config(KEYBOARD_LAYOUT) Squad/Controls/Qwertz/#autoLOC_6001232
[LOG 16:19:14.918] Config(PITCH_DOWN) Squad/Controls/Qwertz/PITCH_DOWN
[LOG 16:19:14.918] Config(PITCH_UP) Squad/Controls/Qwertz/PITCH_UP
[LOG 16:19:14.918] Config(YAW_LEFT) Squad/Controls/Qwertz/YAW_LEFT
[LOG 16:19:14.918] Config(YAW_RIGHT) Squad/Controls/Qwertz/YAW_RIGHT
[LOG 16:19:14.918] Config(ROLL_LEFT) Squad/Controls/Qwertz/ROLL_LEFT
[LOG 16:19:14.918] Config(ROLL_RIGHT) Squad/Controls/Qwertz/ROLL_RIGHT
[LOG 16:19:14.918] Config(THROTTLE_UP) Squad/Controls/Qwertz/THROTTLE_UP
[LOG 16:19:14.918] Config(THROTTLE_DOWN) Squad/Controls/Qwertz/THROTTLE_DOWN
[LOG 16:19:14.918] Config(SAS_HOLD) Squad/Controls/Qwertz/SAS_HOLD
[LOG 16:19:14.918] Config(SAS_TOGGLE) Squad/Controls/Qwertz/SAS_TOGGLE
[LOG 16:19:14.918] Config(LAUNCH_STAGES) Squad/Controls/Qwertz/LAUNCH_STAGES
[LOG 16:19:14.918] Config(Docking_toggleRotLin) Squad/Controls/Qwertz/Docking_toggleRotLin
[LOG 16:19:14.918] Config(CAMERA_MODE) Squad/Controls/Qwertz/CAMERA_MODE
[LOG 16:19:14.918] Config(CAMERA_NEXT) Squad/Controls/Qwertz/CAMERA_NEXT
[LOG 16:19:14.918] Config(PAUSE) Squad/Controls/Qwertz/PAUSE
[LOG 16:19:14.918] Config(PRECISION_CTRL) Squad/Controls/Qwertz/PRECISION_CTRL
[LOG 16:19:14.918] Config(ZOOM_IN) Squad/Controls/Qwertz/ZOOM_IN
[LOG 16:19:14.918] Config(ZOOM_OUT) Squad/Controls/Qwertz/ZOOM_OUT
[LOG 16:19:14.918] Config(SCROLL_VIEW_UP) Squad/Controls/Qwertz/SCROLL_VIEW_UP
[LOG 16:19:14.918] Config(SCROLL_VIEW_DOWN) Squad/Controls/Qwertz/SCROLL_VIEW_DOWN
[LOG 16:19:14.918] Config(SCROLL_ICONS_UP) Squad/Controls/Qwertz/SCROLL_ICONS_UP
[LOG 16:19:14.918] Config(SCROLL_ICONS_DOWN) Squad/Controls/Qwertz/SCROLL_ICONS_DOWN
[LOG 16:19:14.918] Config(CAMERA_ORBIT_UP) Squad/Controls/Qwertz/CAMERA_ORBIT_UP
[LOG 16:19:14.918] Config(CAMERA_ORBIT_DOWN) Squad/Controls/Qwertz/CAMERA_ORBIT_DOWN
[LOG 16:19:14.919] Config(CAMERA_ORBIT_LEFT) Squad/Controls/Qwertz/CAMERA_ORBIT_LEFT
[LOG 16:19:14.919] Config(CAMERA_ORBIT_RIGHT) Squad/Controls/Qwertz/CAMERA_ORBIT_RIGHT
[LOG 16:19:14.919] Config(CAMERA_RESET) Squad/Controls/Qwertz/CAMERA_RESET
[LOG 16:19:14.919] Config(CAMERA_MOUSE_TOGGLE) Squad/Controls/Qwertz/CAMERA_MOUSE_TOGGLE
[LOG 16:19:14.919] Config(TIME_WARP_INCREASE) Squad/Controls/Qwertz/TIME_WARP_INCREASE
[LOG 16:19:14.919] Config(TIME_WARP_DECREASE) Squad/Controls/Qwertz/TIME_WARP_DECREASE
[LOG 16:19:14.919] Config(TIME_WARP_STOP) Squad/Controls/Qwertz/TIME_WARP_STOP
[LOG 16:19:14.919] Config(MAP_VIEW_TOGGLE) Squad/Controls/Qwertz/MAP_VIEW_TOGGLE
[LOG 16:19:14.919] Config(NAVBALL_TOGGLE) Squad/Controls/Qwertz/NAVBALL_TOGGLE
[LOG 16:19:14.919] Config(UIMODE_STAGING) Squad/Controls/Qwertz/UIMODE_STAGING
[LOG 16:19:14.919] Config(UIMODE_DOCKING) Squad/Controls/Qwertz/UIMODE_DOCKING
[LOG 16:19:14.919] Config(TRANSLATE_DOWN) Squad/Controls/Qwertz/TRANSLATE_DOWN
[LOG 16:19:14.919] Config(TRANSLATE_UP) Squad/Controls/Qwertz/TRANSLATE_UP
[LOG 16:19:14.919] Config(TRANSLATE_LEFT) Squad/Controls/Qwertz/TRANSLATE_LEFT
[LOG 16:19:14.919] Config(TRANSLATE_RIGHT) Squad/Controls/Qwertz/TRANSLATE_RIGHT
[LOG 16:19:14.919] Config(TRANSLATE_FWD) Squad/Controls/Qwertz/TRANSLATE_FWD
[LOG 16:19:14.919] Config(TRANSLATE_BACK) Squad/Controls/Qwertz/TRANSLATE_BACK
[LOG 16:19:14.919] Config(RCS_TOGGLE) Squad/Controls/Qwertz/RCS_TOGGLE
[LOG 16:19:14.919] Config(FOCUS_NEXT_VESSEL) Squad/Controls/Qwertz/FOCUS_NEXT_VESSEL
[LOG 16:19:14.919] Config(FOCUS_PREV_VESSEL) Squad/Controls/Qwertz/FOCUS_PREV_VESSEL
[LOG 16:19:14.919] Config(TOGGLE_UI) Squad/Controls/Qwertz/TOGGLE_UI
[LOG 16:19:14.919] Config(TOGGLE_STATUS_SCREEN) Squad/Controls/Qwertz/TOGGLE_STATUS_SCREEN
[LOG 16:19:14.919] Config(TAKE_SCREENSHOT) Squad/Controls/Qwertz/TAKE_SCREENSHOT
[LOG 16:19:14.919] Config(TOGGLE_LABELS) Squad/Controls/Qwertz/TOGGLE_LABELS
[LOG 16:19:14.919] Config(TOGGLE_TEMP_GAUGES) Squad/Controls/Qwertz/TOGGLE_TEMP_GAUGES
[LOG 16:19:14.919] Config(TOGGLE_TEMP_OVERLAY) Squad/Controls/Qwertz/TOGGLE_TEMP_OVERLAY
[LOG 16:19:14.919] Config(TOGGLE_FLIGHT_FORCES) Squad/Controls/Qwertz/TOGGLE_FLIGHT_FORCES
[LOG 16:19:14.919] Config(QUICKSAVE) Squad/Controls/Qwertz/QUICKSAVE
[LOG 16:19:14.919] Config(QUICKLOAD) Squad/Controls/Qwertz/QUICKLOAD
[LOG 16:19:14.919] Config(THROTTLE_CUTOFF) Squad/Controls/Qwertz/THROTTLE_CUTOFF
[LOG 16:19:14.919] Config(THROTTLE_FULL) Squad/Controls/Qwertz/THROTTLE_FULL
[LOG 16:19:14.920] Config(LANDING_GEAR) Squad/Controls/Qwertz/LANDING_GEAR
[LOG 16:19:14.920] Config(HEADLIGHT_TOGGLE) Squad/Controls/Qwertz/HEADLIGHT_TOGGLE
[LOG 16:19:14.920] Config(BRAKES) Squad/Controls/Qwertz/BRAKES
[LOG 16:19:14.920] Config(TOGGLE_SPACENAV_FLIGHT_CONTROL) Squad/Controls/Qwertz/TOGGLE_SPACENAV_FLIGHT_CONTROL
[LOG 16:19:14.920] Config(TOGGLE_SPACENAV_ROLL_LOCK) Squad/Controls/Qwertz/TOGGLE_SPACENAV_ROLL_LOCK
[LOG 16:19:14.920] Config(WHEEL_STEER_LEFT) Squad/Controls/Qwertz/WHEEL_STEER_LEFT
[LOG 16:19:14.920] Config(WHEEL_STEER_RIGHT) Squad/Controls/Qwertz/WHEEL_STEER_RIGHT
[LOG 16:19:14.920] Config(WHEEL_THROTTLE_DOWN) Squad/Controls/Qwertz/WHEEL_THROTTLE_DOWN
[LOG 16:19:14.920] Config(WHEEL_THROTTLE_UP) Squad/Controls/Qwertz/WHEEL_THROTTLE_UP
[LOG 16:19:14.920] Config(EVA_forward) Squad/Controls/Qwertz/EVA_forward
[LOG 16:19:14.920] Config(EVA_back) Squad/Controls/Qwertz/EVA_back
[LOG 16:19:14.920] Config(EVA_left) Squad/Controls/Qwertz/EVA_left
[LOG 16:19:14.920] Config(EVA_right) Squad/Controls/Qwertz/EVA_right
[LOG 16:19:14.920] Config(EVA_yaw_left) Squad/Controls/Qwertz/EVA_yaw_left
[LOG 16:19:14.920] Config(EVA_yaw_right) Squad/Controls/Qwertz/EVA_yaw_right
[LOG 16:19:14.920] Config(EVA_Pack_forward) Squad/Controls/Qwertz/EVA_Pack_forward
[LOG 16:19:14.920] Config(EVA_Pack_back) Squad/Controls/Qwertz/EVA_Pack_back
[LOG 16:19:14.920] Config(EVA_Pack_left) Squad/Controls/Qwertz/EVA_Pack_left
[LOG 16:19:14.920] Config(EVA_Pack_right) Squad/Controls/Qwertz/EVA_Pack_right
[LOG 16:19:14.920] Config(EVA_Pack_up) Squad/Controls/Qwertz/EVA_Pack_up
[LOG 16:19:14.920] Config(EVA_Pack_down) Squad/Controls/Qwertz/EVA_Pack_down
[LOG 16:19:14.920] Config(EVA_Jump) Squad/Controls/Qwertz/EVA_Jump
[LOG 16:19:14.920] Config(EVA_Run) Squad/Controls/Qwertz/EVA_Run
[LOG 16:19:14.920] Config(EVA_ToggleMovementMode) Squad/Controls/Qwertz/EVA_ToggleMovementMode
[LOG 16:19:14.920] Config(EVA_TogglePack) Squad/Controls/Qwertz/EVA_TogglePack
[LOG 16:19:14.920] Config(EVA_Use) Squad/Controls/Qwertz/EVA_Use
[LOG 16:19:14.920] Config(EVA_Board) Squad/Controls/Qwertz/EVA_Board
[LOG 16:19:14.920] Config(EVA_Orient) Squad/Controls/Qwertz/EVA_Orient
[LOG 16:19:14.920] Config(EVA_Lights) Squad/Controls/Qwertz/EVA_Lights
[LOG 16:19:14.920] Config(Editor_pitchUp) Squad/Controls/Qwertz/Editor_pitchUp
[LOG 16:19:14.920] Config(Editor_pitchDown) Squad/Controls/Qwertz/Editor_pitchDown
[LOG 16:19:14.921] Config(Editor_yawLeft) Squad/Controls/Qwertz/Editor_yawLeft
[LOG 16:19:14.921] Config(Editor_yawRight) Squad/Controls/Qwertz/Editor_yawRight
[LOG 16:19:14.921] Config(Editor_rollLeft) Squad/Controls/Qwertz/Editor_rollLeft
[LOG 16:19:14.921] Config(Editor_rollRight) Squad/Controls/Qwertz/Editor_rollRight
[LOG 16:19:14.921] Config(Editor_resetRotation) Squad/Controls/Qwertz/Editor_resetRotation
[LOG 16:19:14.921] Config(Editor_modePlace) Squad/Controls/Qwertz/Editor_modePlace
[LOG 16:19:14.921] Config(Editor_modeOffset) Squad/Controls/Qwertz/Editor_modeOffset
[LOG 16:19:14.921] Config(Editor_modeRotate) Squad/Controls/Qwertz/Editor_modeRotate
[LOG 16:19:14.921] Config(Editor_modeRoot) Squad/Controls/Qwertz/Editor_modeRoot
[LOG 16:19:14.921] Config(Editor_coordSystem) Squad/Controls/Qwertz/Editor_coordSystem
[LOG 16:19:14.921] Config(Editor_toggleSymMethod) Squad/Controls/Qwertz/Editor_toggleSymMethod
[LOG 16:19:14.921] Config(Editor_toggleSymMode) Squad/Controls/Qwertz/Editor_toggleSymMode
[LOG 16:19:14.921] Config(Editor_toggleAngleSnap) Squad/Controls/Qwertz/Editor_toggleAngleSnap
[LOG 16:19:14.921] Config(Editor_fineTweak) Squad/Controls/Qwertz/Editor_fineTweak
[LOG 16:19:14.921] Config(Editor_partSearch) Squad/Controls/Qwertz/Editor_partSearch
[LOG 16:19:14.921] Config(Editor_zoomScrollModifier) Squad/Controls/Qwertz/Editor_zoomScrollModifier
[LOG 16:19:14.921] Config(MODIFIER_KEY) Squad/Controls/Qwertz/MODIFIER_KEY
[LOG 16:19:14.921] Config(AbortActionGroup) Squad/Controls/Qwertz/AbortActionGroup
[LOG 16:19:14.921] Config(CustomActionGroup1) Squad/Controls/Qwertz/CustomActionGroup1
[LOG 16:19:14.921] Config(CustomActionGroup2) Squad/Controls/Qwertz/CustomActionGroup2
[LOG 16:19:14.921] Config(CustomActionGroup3) Squad/Controls/Qwertz/CustomActionGroup3
[LOG 16:19:14.921] Config(CustomActionGroup4) Squad/Controls/Qwertz/CustomActionGroup4
[LOG 16:19:14.921] Config(CustomActionGroup5) Squad/Controls/Qwertz/CustomActionGroup5
[LOG 16:19:14.921] Config(CustomActionGroup6) Squad/Controls/Qwertz/CustomActionGroup6
[LOG 16:19:14.921] Config(CustomActionGroup7) Squad/Controls/Qwertz/CustomActionGroup7
[LOG 16:19:14.921] Config(CustomActionGroup8) Squad/Controls/Qwertz/CustomActionGroup8
[LOG 16:19:14.921] Config(CustomActionGroup9) Squad/Controls/Qwertz/CustomActionGroup9
[LOG 16:19:14.921] Config(CustomActionGroup10) Squad/Controls/Qwertz/CustomActionGroup10
[LOG 16:19:14.921] Config(KEY_MAP) Squad/Controls/Qwertz/KEY_MAP
[LOG 16:19:14.921] Config(EXPERIENCE_TRAIT) Squad/Experience/Traits/Pilot
[LOG 16:19:14.921] Config(EXPERIENCE_TRAIT) Squad/Experience/Traits/Engineer
[LOG 16:19:14.922] Config(EXPERIENCE_TRAIT) Squad/Experience/Traits/Scientist
[LOG 16:19:14.922] Config(EXPERIENCE_TRAIT) Squad/Experience/Traits/Tourist
[LOG 16:19:14.922] Config(Localization) Squad/Localization/dictionary/Localization
[LOG 16:19:14.922] Config(MISSIONPACK) Squad/Missions/MissionPacks/squad_ESA
[LOG 16:19:14.922] Config(VARIANTTHEME) Squad/Parts/VariantThemes/White
[LOG 16:19:14.922] Config(VARIANTTHEME) Squad/Parts/VariantThemes/BlackAndWhite
[LOG 16:19:14.922] Config(VARIANTTHEME) Squad/Parts/VariantThemes/GrayAndOrange
[LOG 16:19:14.922] Config(VARIANTTHEME) Squad/Parts/VariantThemes/Dark
[LOG 16:19:14.922] Config(VARIANTTHEME) Squad/Parts/VariantThemes/Gray
[LOG 16:19:14.922] Config(VARIANTTHEME) Squad/Parts/VariantThemes/Orange
[LOG 16:19:14.922] Config(VARIANTTHEME) Squad/Parts/VariantThemes/Gold
[LOG 16:19:14.922] Config(VARIANTTHEME) Squad/Parts/VariantThemes/Bare
[LOG 16:19:14.922] Config(VARIANTTHEME) Squad/Parts/VariantThemes/Shroud
[LOG 16:19:14.922] Config(VARIANTTHEME) Squad/Parts/VariantThemes/GrayAndWhite
[LOG 16:19:14.922] Config(VARIANTTHEME) Squad/Parts/VariantThemes/YellowAndWhite
[LOG 16:19:14.922] Config(VARIANTTHEME) Squad/Parts/VariantThemes/Silver
[LOG 16:19:14.922] Config(VARIANTTHEME) Squad/Parts/VariantThemes/Gray with Stripes
[LOG 16:19:14.922] Config(PART) Squad/Parts/Aero/aerodynamicNoseCone/aerodynamicNoseCone/noseCone
[LOG 16:19:14.922] Config(PART) Squad/Parts/Aero/airbrake/Airbrake/airbrake1
[LOG 16:19:14.922] Config(PART) Squad/Parts/Aero/airIntakeRadialXM-G50/airIntakeRadialXM-G50/airScoop
[LOG 16:19:14.922] Config(PART) Squad/Parts/Aero/airlinerWings/ControlSurface/airlinerCtrlSrf
[LOG 16:19:14.922] Config(PART) Squad/Parts/Aero/airlinerWings/MainWing/airlinerMainWing
[LOG 16:19:14.922] Config(PART) Squad/Parts/Aero/airlinerWings/TailFin/airlinerTailFin
[LOG 16:19:14.922] Config(PART) Squad/Parts/Aero/airplaneFins/advancedCanard/AdvancedCanard
[LOG 16:19:14.923] Config(PART) Squad/Parts/Aero/airplaneFins/standardCanard/CanardController
[LOG 16:19:14.923] Config(PART) Squad/Parts/Aero/airplaneFins/sweptWing/sweptWing
[LOG 16:19:14.923] Config(PART) Squad/Parts/Aero/airplaneFins/tailfin/tailfin
[LOG 16:19:14.923] Config(PART) Squad/Parts/Aero/basicFin/basicFin/basicFin
[LOG 16:19:14.923] Config(PART) Squad/Parts/Aero/circularIntake/circularIntake/CircularIntake
[LOG 16:19:14.923] Config(PART) Squad/Parts/Aero/circularIntake/intakeShockCone/shockConeIntake
[LOG 16:19:14.923] Config(PART) Squad/Parts/Aero/cones/avionicsNoseCone/avionicsNoseCone
[LOG 16:19:14.923] Config(PART) Squad/Parts/Aero/cones/ConeA/pointyNoseConeA
[LOG 16:19:14.923] Config(PART) Squad/Parts/Aero/cones/ConeB/pointyNoseConeB
[LOG 16:19:14.923] Config(PART) Squad/Parts/Aero/cones/noseConeAdapter/noseConeAdapter
[LOG 16:19:14.923] Config(PART) Squad/Parts/Aero/cones/protectiveRocketNoseMk7_v2/rocketNoseCone_v2
[LOG 16:19:14.923] Config(PART) Squad/Parts/Aero/cones/protectiveRocketNoseMk7_v3/rocketNoseCone_v3
[LOG 16:19:14.923] Config(PART) Squad/Parts/Aero/cones/rocketNoseCone_size3/rocketNoseConeSize3
[LOG 16:19:14.923] Config(PART) Squad/Parts/Aero/cones/smallNoseCone/standardNoseCone
[LOG 16:19:14.923] Config(PART) Squad/Parts/Aero/cones/tailConnectorA/airplaneTail
[LOG 16:19:14.923] Config(PART) Squad/Parts/Aero/cones/tailConnectorB/airplaneTailB
[LOG 16:19:14.923] Config(PART) Squad/Parts/Aero/fairings/fairingSize1/fairingSize1
[LOG 16:19:14.923] Config(PART) Squad/Parts/Aero/fairings/fairingSize2/fairingSize2
[LOG 16:19:14.923] Config(PART) Squad/Parts/Aero/fairings/fairingSize3/fairingSize3
[LOG 16:19:14.923] Config(PART) Squad/Parts/Aero/HeatShield/HeatShield0/HeatShield0
[LOG 16:19:14.923] Config(PART) Squad/Parts/Aero/HeatShield/HeatShield1/HeatShield1
[LOG 16:19:14.923] Config(PART) Squad/Parts/Aero/HeatShield/HeatShield2/HeatShield2
[LOG 16:19:14.923] Config(PART) Squad/Parts/Aero/HeatShield/HeatShield3/HeatShield3
[LOG 16:19:14.923] Config(PART) Squad/Parts/Aero/InflatableHeatShield/HeatShield/InflatableHeatShield
[LOG 16:19:14.923] Config(PART) Squad/Parts/Aero/intakeRadialLong/intakeRadialLong/IntakeRadialLong
[LOG 16:19:14.924] Config(PART) Squad/Parts/Aero/miniIntake/SmallIntake/miniIntake
[LOG 16:19:14.924] Config(PART) Squad/Parts/Aero/ramAirIntake/ramAirIntake/ramAirIntake
[LOG 16:19:14.924] Config(PART) Squad/Parts/Aero/shuttleWings/delta/wingShuttleDelta
[LOG 16:19:14.924] Config(PART) Squad/Parts/Aero/shuttleWings/elevon1/wingShuttleElevon1
[LOG 16:19:14.924] Config(PART) Squad/Parts/Aero/shuttleWings/elevon2/wingShuttleElevon2
[LOG 16:19:14.924] Config(PART) Squad/Parts/Aero/shuttleWings/rudder/wingShuttleRudder
[LOG 16:19:14.924] Config(PART) Squad/Parts/Aero/shuttleWings/strake/wingShuttleStrake
[LOG 16:19:14.924] Config(PART) Squad/Parts/Aero/wingletAV-R8/wingletAV-R8/R8winglet
[LOG 16:19:14.924] Config(PART) Squad/Parts/Aero/wingletAV-T1/wingletAV-T1/winglet
[LOG 16:19:14.924] Config(PART) Squad/Parts/Aero/wingletDeltaDeluxe/wingletDeltaDeluxe/winglet3
[LOG 16:19:14.924] Config(PART) Squad/Parts/Aero/wings/connector1/wingConnector
[LOG 16:19:14.924] Config(PART) Squad/Parts/Aero/wings/connector2/wingConnector2
[LOG 16:19:14.924] Config(PART) Squad/Parts/Aero/wings/connector3/wingConnector3
[LOG 16:19:14.924] Config(PART) Squad/Parts/Aero/wings/connector4/wingConnector4
[LOG 16:19:14.924] Config(PART) Squad/Parts/Aero/wings/connector5/wingConnector5
[LOG 16:19:14.924] Config(PART) Squad/Parts/Aero/wings/delta/deltaWing
[LOG 16:19:14.924] Config(PART) Squad/Parts/Aero/wings/delta_small/delta_small
[LOG 16:19:14.924] Config(PART) Squad/Parts/Aero/wings/elevon1/StandardCtrlSrf
[LOG 16:19:14.924] Config(PART) Squad/Parts/Aero/wings/elevon2/elevon2
[LOG 16:19:14.924] Config(PART) Squad/Parts/Aero/wings/elevon3/elevon3
[LOG 16:19:14.924] Config(PART) Squad/Parts/Aero/wings/elevon4/smallCtrlSrf
[LOG 16:19:14.924] Config(PART) Squad/Parts/Aero/wings/elevon5/elevon5
[LOG 16:19:14.924] Config(PART) Squad/Parts/Aero/wings/strake/wingStrake
[LOG 16:19:14.924] Config(PART) Squad/Parts/Aero/wings/structural1/structuralWing
[LOG 16:19:14.924] Config(PART) Squad/Parts/Aero/wings/structural2/structuralWing2
[LOG 16:19:14.924] Config(PART) Squad/Parts/Aero/wings/structural3/structuralWing3
[LOG 16:19:14.924] Config(PART) Squad/Parts/Aero/wings/structural4/structuralWing4
[LOG 16:19:14.924] Config(PART) Squad/Parts/Aero/wings/swept1/sweptWing1
[LOG 16:19:14.924] Config(PART) Squad/Parts/Aero/wings/swept2/sweptWing2
[LOG 16:19:14.925] Config(PART) Squad/Parts/Cargo/CargoContainers/cargoContainer/cargoContainer
[LOG 16:19:14.925] Config(PART) Squad/Parts/Cargo/CargoContainers/smallCargoContainer/smallCargoContainer
[LOG 16:19:14.925] Config(PART) Squad/Parts/Cargo/Cylinder/Cylinder/evaCylinder
[LOG 16:19:14.925] Config(PART) Squad/Parts/Cargo/GroundAnchor/groundAnchor/groundAnchor
[LOG 16:19:14.925] Config(PART) Squad/Parts/Cargo/Jetpack/Jetpack/evaJetpack
[LOG 16:19:14.925] Config(PART) Squad/Parts/Cargo/Parachute/Parachute/evaChute
[LOG 16:19:14.925] Config(PART) Squad/Parts/Cargo/RepairKit/RepairKit/evaRepairKit
[LOG 16:19:14.925] Config(PART) Squad/Parts/Cargo/ScienceKit/evaScienceKit/evaScienceKit
[LOG 16:19:14.925] Config(PART) Squad/Parts/Cargo/StorageUnits/CargoStorageUnit/CargoStorageUnit
[LOG 16:19:14.925] Config(PART) Squad/Parts/Cargo/StorageUnits/ConformalStorageUnit/ConformalStorageUnit
[LOG 16:19:14.925] Config(PART) Squad/Parts/Command/advancedSasModuleLarge/advSasModuleLarge/asasmodule1-2
[LOG 16:19:14.925] Config(PART) Squad/Parts/Command/cupola/cupola/cupola
[LOG 16:19:14.925] Config(PART) Squad/Parts/Command/externalCommandSeat/externalCommandSeat/seatExternalCmd
[LOG 16:19:14.925] Config(PART) Squad/Parts/Command/hitchhikerStorageContainer/hitchikerStorageContainer/crewCabin
[LOG 16:19:14.925] Config(PART) Squad/Parts/Command/inlineAdvancedStabilizer/inlineAdvancedStabilizer/advSasModule
[LOG 16:19:14.925] Config(PART) Squad/Parts/Command/inlineReactionWheel/inlineReactionWheel/sasModule
[LOG 16:19:14.925] Config(PART) Squad/Parts/Command/Mk1-3Pod/mk1-3/mk1-3pod
[LOG 16:19:14.925] Config(PART) Squad/Parts/Command/mk1Cockpits/mk1Cockpit/Mark1Cockpit
[LOG 16:19:14.925] Config(PART) Squad/Parts/Command/mk1Cockpits/mk1CrewCabin/MK1CrewCabin
[LOG 16:19:14.925] Config(PART) Squad/Parts/Command/mk1Cockpits/mk1InlineCockpit/Mark2Cockpit
[LOG 16:19:14.925] Config(PART) Squad/Parts/Command/mk1LanderCan/mk1LanderCan/landerCabinSmall
[LOG 16:19:14.925] Config(PART) Squad/Parts/Command/mk1pod_v2/mk1Pod_v2/mk1pod_v2
[LOG 16:19:14.925] Config(PART) Squad/Parts/Command/mk2CockpitInline/mk2CockpitInline/mk2Cockpit_Inline
[LOG 16:19:14.925] Config(PART) Squad/Parts/Command/mk2CockpitStandard/mk2CockpitStandard/mk2Cockpit_Standard
[LOG 16:19:14.925] Config(PART) Squad/Parts/Command/mk2DroneCore/mk2Dronecore/mk2DroneCore
[LOG 16:19:14.925] Config(PART) Squad/Parts/Command/mk2LanderCan/mk2LanderCan/mk2LanderCabin
[LOG 16:19:14.925] Config(PART) Squad/Parts/Command/mk2LanderCan_v2/mk2LanderCan_v2/mk2LanderCabin_v2
[LOG 16:19:14.926] Config(PART) Squad/Parts/Command/mk3CockpitShuttle/mk3CockpitShuttle/mk3Cockpit_Shuttle
[LOG 16:19:14.926] Config(PART) Squad/Parts/Command/MpoProbe/MpoProbe/MpoProbe
[LOG 16:19:14.926] Config(PART) Squad/Parts/Command/MtmStage/MTM_Stage/MtmStage
[LOG 16:19:14.926] Config(PART) Squad/Parts/Command/probeCoreCube/probeCoreCube/probeCoreCube
[LOG 16:19:14.926] Config(PART) Squad/Parts/Command/probeCoreHex/probeCoreHex/probeCoreHex
[LOG 16:19:14.926] Config(PART) Squad/Parts/Command/probeCoreHex_v2/probeCoreHex_v2/probeCoreHex_v2
[LOG 16:19:14.926] Config(PART) Squad/Parts/Command/probeCoreOcto2_v2/probeCoreOcto2_v2/probeCoreOcto2_v2
[LOG 16:19:14.926] Config(PART) Squad/Parts/Command/probeCoreOcto_v2/probeCoreOcto_v2/probeCoreOcto_v2
[LOG 16:19:14.926] Config(PART) Squad/Parts/Command/probeRoverBody/probeRoverBody/roverBody
[LOG 16:19:14.926] Config(PART) Squad/Parts/Command/probeRoverBody_v2/probeRoverBody_v2/roverBody_v2
[LOG 16:19:14.926] Config(PART) Squad/Parts/Command/probeStackLarge/probeStackLarge/probeStackLarge
[LOG 16:19:14.926] Config(PART) Squad/Parts/Command/probeStackSmall/probeStackSmall/probeStackSmall
[LOG 16:19:14.926] Config(PART) Squad/Parts/Command/probeStackSphere_v2/probeStackSphere_v2/probeCoreSphere_v2
[LOG 16:19:14.926] Config(PART) Squad/Parts/CompoundParts/FuelLine/fuelLine/fuelLine
[LOG 16:19:14.926] Config(PART) Squad/Parts/CompoundParts/strutConnector/strutConnector/strutConnector
[LOG 16:19:14.926] Config(PART) Squad/Parts/Coupling/Decoupler_0/Decoupler_0
[LOG 16:19:14.926] Config(PART) Squad/Parts/Coupling/Decoupler_1/Decoupler_1
[LOG 16:19:14.926] Config(PART) Squad/Parts/Coupling/Decoupler_2/Decoupler_2
[LOG 16:19:14.926] Config(PART) Squad/Parts/Coupling/Decoupler_3/Decoupler_3
[LOG 16:19:14.926] Config(PART) Squad/Parts/Coupling/Separator_0/Separator_0
[LOG 16:19:14.926] Config(PART) Squad/Parts/Coupling/Separator_1/Separator_1
[LOG 16:19:14.926] Config(PART) Squad/Parts/Coupling/Separator_2/Separator_2
[LOG 16:19:14.926] Config(PART) Squad/Parts/Coupling/Separator_3/Separator_3
[LOG 16:19:14.926] Config(PART) Squad/Parts/Electrical/10CSolarPanels/OX-10C/solarPanelOX10C
[LOG 16:19:14.926] Config(PART) Squad/Parts/Electrical/10CSolarPanels/SP-10C/solarPanelSP10C
[LOG 16:19:14.926] Config(PART) Squad/Parts/Electrical/10LSolarPanels/OX-10L/solarPanelOX10L
[LOG 16:19:14.927] Config(PART) Squad/Parts/Electrical/10LSolarPanels/SP-10L/solarPanelSP10L
[LOG 16:19:14.927] Config(PART) Squad/Parts/Electrical/1x6ShroudSolarPanels/1x6ShroudSolarPanels/solarPanels2
[LOG 16:19:14.927] Config(PART) Squad/Parts/Electrical/1x6SolarPanels/1x6SolarPanels/solarPanels4
[LOG 16:19:14.927] Config(PART) Squad/Parts/Electrical/3x2ShroudSolarPanels/3x2ShroudSolarPanels/solarPanels1
[LOG 16:19:14.927] Config(PART) Squad/Parts/Electrical/3x2SolarPanels/3x2SolarPanels/solarPanels3
[LOG 16:19:14.927] Config(PART) Squad/Parts/Electrical/gigantorXlSolarArray/gigantorXlSolarArray/largeSolarPanel
[LOG 16:19:14.927] Config(PART) Squad/Parts/Electrical/radialFlatSolarPanel/radialFlatSolarPanel/solarPanels5
[LOG 16:19:14.927] Config(PART) Squad/Parts/Electrical/RTG/RTG/rtg
[LOG 16:19:14.927] Config(PART) Squad/Parts/Electrical/z-100Battery/z-100Battery/batteryPack
[LOG 16:19:14.927] Config(PART) Squad/Parts/Electrical/z-1kBattery/z-1kBattery/batteryBank
[LOG 16:19:14.927] Config(PART) Squad/Parts/Electrical/z-200Battery/z-200Battery/batteryBankMini
[LOG 16:19:14.927] Config(PART) Squad/Parts/Electrical/z-400Battery/z-400Battery/ksp_r_largeBatteryPack
[LOG 16:19:14.927] Config(PART) Squad/Parts/Electrical/z-4kBattery/z-4kBattery/batteryBankLarge
[LOG 16:19:14.927] Config(PART) Squad/Parts/Engine/ionEngine/ionEngine/ionEngine
[LOG 16:19:14.927] Config(PART) Squad/Parts/Engine/jetEngines/jetEngineAfterburning/turboJet
[LOG 16:19:14.927] Config(PART) Squad/Parts/Engine/jetEngines/jetEngineBasic/JetEngine
[LOG 16:19:14.927] Config(PART) Squad/Parts/Engine/jetEngines/jetEngineBig/turboFanSize2
[LOG 16:19:14.927] Config(PART) Squad/Parts/Engine/jetEngines/jetEngineTurbo/turboFanEngine
[LOG 16:19:14.927] Config(PART) Squad/Parts/Engine/liquidEngine24-77/liquidEngine24-77/smallRadialEngine
[LOG 16:19:14.927] Config(PART) Squad/Parts/Engine/liquidEngine24-77_v2/liquidEngine24-77_v2/smallRadialEngine_v2
[LOG 16:19:14.927] Config(PART) Squad/Parts/Engine/liquidEngine48-7S_v2/liquidEngine48-7S_v2/liquidEngineMini_v2
[LOG 16:19:14.927] Config(PART) Squad/Parts/Engine/liquidEngineAerospike/liquidEngineAerospike/toroidalAerospike
[LOG 16:19:14.927] Config(PART) Squad/Parts/Engine/liquidEngineLV-1_v2/liquidEngineLV-1R _v2/radialEngineMini_v2
[LOG 16:19:14.927] Config(PART) Squad/Parts/Engine/liquidEngineLV-1_v2/liquidEngineLV-1_v2/microEngine_v2
[LOG 16:19:14.927] Config(PART) Squad/Parts/Engine/liquidEngineLV-909_v2/liquidEngineLV-909_v2/liquidEngine3_v2
[LOG 16:19:14.928] Config(PART) Squad/Parts/Engine/liquidEngineLV-N/liquidEngineLV-N/nuclearEngine
[LOG 16:19:14.928] Config(PART) Squad/Parts/Engine/liquidEngineLV-T30/liquidEngineLV-T30/liquidEngine
[LOG 16:19:14.928] Config(PART) Squad/Parts/Engine/liquidEngineLV-T30_v2/liquidEngineLV-T30_v2/liquidEngine_v2
[LOG 16:19:14.928] Config(PART) Squad/Parts/Engine/liquidEngineLV-T45/liquidEngineLV-T45/liquidEngine2
[LOG 16:19:14.928] Config(PART) Squad/Parts/Engine/liquidEngineLV-T45_v2/liquidEngineLV-T45_v2/liquidEngine2_v2
[LOG 16:19:14.928] Config(PART) Squad/Parts/Engine/liquidEngineMainsail_v2/liquidEngineMainsail_v2/liquidEngineMainsail_v2
[LOG 16:19:14.928] Config(PART) Squad/Parts/Engine/liquidEngineMk55/liquidEngineMk55/radialLiquidEngine1-2
[LOG 16:19:14.928] Config(PART) Squad/Parts/Engine/liquidEnginePoodle_v2/liquidEnginePoodle_v2/liquidEngine2-2_v2
[LOG 16:19:14.928] Config(PART) Squad/Parts/Engine/liquidEngineSkipper_v2/skipperLiquidEngine_v2/engineLargeSkipper_v2
[LOG 16:19:14.928] Config(PART) Squad/Parts/Engine/liquidEngineSSME/SSME/SSME
[LOG 16:19:14.928] Config(PART) Squad/Parts/Engine/MassiveSRB/part/MassiveBooster
[LOG 16:19:14.928] Config(PART) Squad/Parts/Engine/miniJet/SmallJetEngine/miniJetEngine
[LOG 16:19:14.928] Config(PART) Squad/Parts/Engine/OMSEngine/omsEngine/omsEngine
[LOG 16:19:14.928] Config(PART) Squad/Parts/Engine/rapierEngine/rapierEngine/RAPIER
[LOG 16:19:14.928] Config(PART) Squad/Parts/Engine/Size1_SRBs/solidBoosterRT-10_v2/solidBooster_v2
[LOG 16:19:14.928] Config(PART) Squad/Parts/Engine/Size1_SRBs/solidBoosterRT-5_v2/solidBooster_sm_v2
[LOG 16:19:14.928] Config(PART) Squad/Parts/Engine/Size2LFB/part/Size2LFB
[LOG 16:19:14.928] Config(PART) Squad/Parts/Engine/Size2LFB_v2/part/Size2LFB_v2
[LOG 16:19:14.928] Config(PART) Squad/Parts/Engine/Size3AdvancedEngine/part/Size3AdvancedEngine
[LOG 16:19:14.928] Config(PART) Squad/Parts/Engine/Size3EngineCluster/part/Size3EngineCluster
[LOG 16:19:14.928] Config(PART) Squad/Parts/Engine/solidBoosterBACC/solidBoosterBACC/solidBooster1-1
[LOG 16:19:14.928] Config(PART) Squad/Parts/Engine/solidBoosterS2-17/solidBoosterS2-17/Thoroughbred
[LOG 16:19:14.928] Config(PART) Squad/Parts/Engine/solidBoosterS2-33/solidBoosterS2-33/Clydesdale
[LOG 16:19:14.929] Config(PART) Squad/Parts/Engine/solidBoosterSep/solidBoosterSep/sepMotor1
[LOG 16:19:14.929] Config(PART) Squad/Parts/Engine/SolidBoostersF/SolidBoosterF3S0/Shrimp
[LOG 16:19:14.929] Config(PART) Squad/Parts/Engine/SolidBoostersF/SolidBoosterFM1/Mite
[LOG 16:19:14.929] Config(PART) Squad/Parts/FuelTank/adapterTanks/Mk3-Mk2/adapterMk3-Mk2
[LOG 16:19:14.929] Config(PART) Squad/Parts/FuelTank/adapterTanks/Mk3-ShuttleAdapter/adapterEngines
[LOG 16:19:14.929] Config(PART) Squad/Parts/FuelTank/adapterTanks/Mk3-Size2/adapterMk3-Size2
[LOG 16:19:14.929] Config(PART) Squad/Parts/FuelTank/adapterTanks/Mk3-Size2Slant/adapterMk3-Size2Slant
[LOG 16:19:14.929] Config(PART) Squad/Parts/FuelTank/adapterTanks/Size2-Mk2/adapterSize2-Mk2
[LOG 16:19:14.929] Config(PART) Squad/Parts/FuelTank/adapterTanks/Size2-Size1/adapterSize2-Size1
[LOG 16:19:14.929] Config(PART) Squad/Parts/FuelTank/adapterTanks/Size2-Size1Slant/adapterSize2-Size1Slant
[LOG 16:19:14.929] Config(PART) Squad/Parts/FuelTank/adapterTanks/Size3-Mk3/adapterSize3-Mk3
[LOG 16:19:14.929] Config(PART) Squad/Parts/FuelTank/drainTankFTE-1/ReleaseValve/ReleaseValve
[LOG 16:19:14.929] Config(PART) Squad/Parts/FuelTank/FoilTanks/RadialTank_Capsule/externalTankCapsule
[LOG 16:19:14.929] Config(PART) Squad/Parts/FuelTank/FoilTanks/RadialTank_Round/externalTankRound
[LOG 16:19:14.929] Config(PART) Squad/Parts/FuelTank/FoilTanks/ToroidTank/externalTankToroid
[LOG 16:19:14.929] Config(PART) Squad/Parts/FuelTank/fuelTankOscarB/fuelTankOscarB/miniFuelTank
[LOG 16:19:14.929] Config(PART) Squad/Parts/FuelTank/miniFuselage/miniFuselage/miniFuselage
[LOG 16:19:14.929] Config(PART) Squad/Parts/FuelTank/mk2Adapters/bicoupler/mk2_1m_Bicoupler
[LOG 16:19:14.929] Config(PART) Squad/Parts/FuelTank/mk2Adapters/long/mk2_1m_AdapterLong
[LOG 16:19:14.929] Config(PART) Squad/Parts/FuelTank/mk2Adapters/standard/mk2SpacePlaneAdapter
[LOG 16:19:14.929] Config(PART) Squad/Parts/FuelTank/mk2FuselageLong/LFO_long/mk2FuselageLongLFO
[LOG 16:19:14.929] Config(PART) Squad/Parts/FuelTank/mk2FuselageLong/L_long/mk2Fuselage
[LOG 16:19:14.929] Config(PART) Squad/Parts/FuelTank/mk2FuselageShort/LFO_short/mk2FuselageShortLFO
[LOG 16:19:14.929] Config(PART) Squad/Parts/FuelTank/mk2FuselageShort/L_short/mk2FuselageShortLiquid
[LOG 16:19:14.929] Config(PART) Squad/Parts/FuelTank/mk2FuselageShort/Mono_short/mk2FuselageShortMono
[LOG 16:19:14.929] Config(PART) Squad/Parts/FuelTank/mk3Fuselage/CREW/mk3CrewCabin
[LOG 16:19:14.929] Config(PART) Squad/Parts/FuelTank/mk3Fuselage/LFO_100/mk3FuselageLFO_100
[LOG 16:19:14.929] Config(PART) Squad/Parts/FuelTank/mk3Fuselage/LFO_25/mk3FuselageLFO_25
[LOG 16:19:14.930] Config(PART) Squad/Parts/FuelTank/mk3Fuselage/LFO_50/mk3FuselageLFO_50
[LOG 16:19:14.930] Config(PART) Squad/Parts/FuelTank/mk3Fuselage/LF_100/mk3FuselageLF_100
[LOG 16:19:14.930] Config(PART) Squad/Parts/FuelTank/mk3Fuselage/LF_25/mk3FuselageLF_25
[LOG 16:19:14.930] Config(PART) Squad/Parts/FuelTank/mk3Fuselage/LF_50/mk3FuselageLF_50
[LOG 16:19:14.930] Config(PART) Squad/Parts/FuelTank/mk3Fuselage/MONO/mk3FuselageMONO
[LOG 16:19:14.930] Config(PART) Squad/Parts/FuelTank/RCSFuelTankR1/RCSFuelTankR1/RCSTank1-2
[LOG 16:19:14.930] Config(PART) Squad/Parts/FuelTank/RCSFuelTankR10/RCSFuelTankR10/rcsTankMini
[LOG 16:19:14.930] Config(PART) Squad/Parts/FuelTank/RCSFuelTankR25/RCSFuelTankR25/RCSFuelTank
[LOG 16:19:14.930] Config(PART) Squad/Parts/FuelTank/RCSTankRadial/radialRCSTank/radialRCSTank
[LOG 16:19:14.930] Config(PART) Squad/Parts/FuelTank/RCStankRadialLong/RCSTankRadialLong/rcsTankRadialLong
[LOG 16:19:14.930] Config(PART) Squad/Parts/FuelTank/RockomaxTanks/Rockomax16/Rockomax16_BW
[LOG 16:19:14.930] Config(PART) Squad/Parts/FuelTank/RockomaxTanks/Rockomax32/Rockomax32_BW
[LOG 16:19:14.930] Config(PART) Squad/Parts/FuelTank/RockomaxTanks/Rockomax64/Rockomax64_BW
[LOG 16:19:14.930] Config(PART) Squad/Parts/FuelTank/RockomaxTanks/Rockomax8/Rockomax8BW
[LOG 16:19:14.930] Config(PART) Squad/Parts/FuelTank/Size1_Tanks/fuelTankT100/fuelTankSmallFlat
[LOG 16:19:14.930] Config(PART) Squad/Parts/FuelTank/Size1_Tanks/fuelTankT200/fuelTankSmall
[LOG 16:19:14.930] Config(PART) Squad/Parts/FuelTank/Size1_Tanks/fuelTankT400/fuelTank
[LOG 16:19:14.930] Config(PART) Squad/Parts/FuelTank/Size1_Tanks/fuelTankT800/fuelTank_long
[LOG 16:19:14.930] Config(PART) Squad/Parts/FuelTank/Size3Tanks/large/Size3LargeTank
[LOG 16:19:14.930] Config(PART) Squad/Parts/FuelTank/Size3Tanks/medium/Size3MediumTank
[LOG 16:19:14.930] Config(PART) Squad/Parts/FuelTank/Size3Tanks/small/Size3SmallTank
[LOG 16:19:14.930] Config(PART) Squad/Parts/FuelTank/xenonTank/xenonTank/xenonTank
[LOG 16:19:14.930] Config(PART) Squad/Parts/FuelTank/xenonTankLarge/xenonTankLarge/xenonTankLarge
[LOG 16:19:14.930] Config(PART) Squad/Parts/FuelTank/xenonTankRadial/xenonTankRadial/xenonTankRadial
[LOG 16:19:14.930] Config(PART) Squad/Parts/Misc/AsteroidDay/CamSat/InfraredTelescope
[LOG 16:19:14.930] Config(PART) Squad/Parts/Misc/AsteroidDay/HECS2/HECS2_ProbeCore
[LOG 16:19:14.930] Config(PART) Squad/Parts/Misc/AsteroidDay/HighGainAntenna/HighGainAntenna
[LOG 16:19:14.930] Config(PART) Squad/Parts/Misc/AsteroidDay/LgRadialSolar/LgRadialSolarPanel
[LOG 16:19:14.931] Config(PART) Squad/Parts/Misc/PotatoComet/part/PotatoComet
[LOG 16:19:14.931] Config(PART) Squad/Parts/Misc/PotatoRoid/part/PotatoRoid
[LOG 16:19:14.931] Config(PART) Squad/Parts/Prebuilt/flag/flag
[LOG 16:19:14.931] Config(PART) Squad/Parts/Prebuilt/kerbalEVA/kerbalEVA
[LOG 16:19:14.931] Config(PART) Squad/Parts/Prebuilt/kerbalEVAfemale/kerbalEVAfemale
[LOG 16:19:14.931] Config(PART) Squad/Parts/Prebuilt/kerbalEVASlimSuit/kerbalEVASlimSuit
[LOG 16:19:14.931] Config(PART) Squad/Parts/Prebuilt/kerbalEVASlimSuitFemale/kerbalEVASlimSuitFemale
[LOG 16:19:14.931] Config(PART) Squad/Parts/Resources/FuelCell/FuelCell/FuelCell
[LOG 16:19:14.931] Config(PART) Squad/Parts/Resources/FuelCell/FuelCellArray/FuelCellArray
[LOG 16:19:14.931] Config(PART) Squad/Parts/Resources/ISRU/ISRU/ISRU
[LOG 16:19:14.931] Config(PART) Squad/Parts/Resources/LargeTank/LargeTank/LargeTank
[LOG 16:19:14.931] Config(PART) Squad/Parts/Resources/MiniDrill/MiniDrill/MiniDrill
[LOG 16:19:14.931] Config(PART) Squad/Parts/Resources/MiniISRU/MiniISRU/MiniISRU
[LOG 16:19:14.931] Config(PART) Squad/Parts/Resources/OrbitalScanner/OrbitalScanner/OrbitalScanner
[LOG 16:19:14.931] Config(PART) Squad/Parts/Resources/RadialDrill/RadialDrill/RadialDrill
[LOG 16:19:14.931] Config(PART) Squad/Parts/Resources/RadialTank/RadialTank/RadialOreTank
[LOG 16:19:14.931] Config(PART) Squad/Parts/Resources/SmallTank/SmallTank/SmallTank
[LOG 16:19:14.931] Config(PART) Squad/Parts/Resources/SurfaceScanner/SurfaceScanner/SurfaceScanner
[LOG 16:19:14.931] Config(PART) Squad/Parts/Resources/SurveyScanner/SurveyScanner/SurveyScanner
[LOG 16:19:14.931] Config(PART) Squad/Parts/Science/AtmosphereSensor/sensorAtmosphere/sensorAtmosphere
[LOG 16:19:14.931] Config(PART) Squad/Parts/Science/GooExperiment/gooExperiment/GooExperiment
[LOG 16:19:14.931] Config(PART) Squad/Parts/Science/LargeCrewedLab/largeCrewedLab/Large_Crewed_Lab
[LOG 16:19:14.931] Config(PART) Squad/Parts/Science/Magnetometer/Magnetometer/Magnetometer
[LOG 16:19:14.931] Config(PART) Squad/Parts/Science/MaterialBay/materialBay/science_module
[LOG 16:19:14.931] Config(PART) Squad/Parts/Science/ScienceBox/ScienceBox/ScienceBox
[LOG 16:19:14.931] Config(PART) Squad/Parts/Science/sensorAccelerometer/sensorAccelerometer/sensorAccelerometer
[LOG 16:19:14.931] Config(PART) Squad/Parts/Science/sensorBarometer/sensorBarometer/sensorBarometer
[LOG 16:19:14.932] Config(PART) Squad/Parts/Science/sensorGravimeter/sensorGravimeter/sensorGravimeter
[LOG 16:19:14.932] Config(PART) Squad/Parts/Science/sensorThermometer/sensorThermometer/sensorThermometer
[LOG 16:19:14.932] Config(PART) Squad/Parts/Structural/FLAdapters/adapterSmallMiniShort/adapterSmallMiniShort
[LOG 16:19:14.932] Config(PART) Squad/Parts/Structural/FLAdapters/adapterSmallMiniTall/adapterSmallMiniTall
[LOG 16:19:14.932] Config(PART) Squad/Parts/Structural/mk1Parts/engineBodyRadial/radialEngineBody
[LOG 16:19:14.932] Config(PART) Squad/Parts/Structural/mk1Parts/engineNacelle/nacelleBody
[LOG 16:19:14.932] Config(PART) Squad/Parts/Structural/mk1Parts/mk1Fuselage/MK1Fuselage
[LOG 16:19:14.932] Config(PART) Squad/Parts/Structural/mk1Parts/mk1FuselageIntake/MK1IntakeFuselage
[LOG 16:19:14.932] Config(PART) Squad/Parts/Structural/mk1Parts/mk1Structural/Mk1FuselageStructural
[LOG 16:19:14.932] Config(PART) Squad/Parts/Structural/Size3To2Adapter_v2/Size2to3_v2/Size3To2Adapter_v2
[LOG 16:19:14.932] Config(PART) Squad/Parts/Structural/stackAdapters/adapterLargeSmallBi/adapterLargeSmallBi
[LOG 16:19:14.932] Config(PART) Squad/Parts/Structural/stackAdapters/adapterLargeSmallQuad/adapterLargeSmallQuad
[LOG 16:19:14.932] Config(PART) Squad/Parts/Structural/stackAdapters/adapterLargeSmallTri/adapterLargeSmallTri
[LOG 16:19:14.932] Config(PART) Squad/Parts/Structural/stationHub/stationHub/stationHub
[LOG 16:19:14.932] Config(PART) Squad/Parts/Structural/structuralIBeam200/structuralIBeam200/structuralIBeam2
[LOG 16:19:14.932] Config(PART) Squad/Parts/Structural/structuralIBeam200Pocket/structuralIBeam200Pocket/structuralIBeam3
[LOG 16:19:14.932] Config(PART) Squad/Parts/Structural/structuralIBeam650/structuralIBeam650/structuralIBeam1
[LOG 16:19:14.932] Config(PART) Squad/Parts/Structural/structuralMicronode/structuralMicronode/structuralMiniNode
[LOG 16:19:14.932] Config(PART) Squad/Parts/Structural/structuralPanel1x1/structuralPanel1x1/structuralPanel1
[LOG 16:19:14.932] Config(PART) Squad/Parts/Structural/structuralPanel2x2/structuralPanel2x2/structuralPanel2
[LOG 16:19:14.932] Config(PART) Squad/Parts/Structural/structuralPylons/smallHardpoint/smallHardpoint
[LOG 16:19:14.932] Config(PART) Squad/Parts/Structural/structuralPylons/structuralPylon/structuralPylon
[LOG 16:19:14.932] Config(PART) Squad/Parts/Structural/strutCubicOcto/strutCubicOcto/strutCube
[LOG 16:19:14.932] Config(PART) Squad/Parts/Structural/strutOcto/strutOcto/strutOcto
[LOG 16:19:14.932] Config(PART) Squad/Parts/Structural/trussGirderAdapter/trussGirderAdapter/trussAdapter
[LOG 16:19:14.932] Config(PART) Squad/Parts/Structural/trussGirderL/trussGirderL/trussPiece1x
[LOG 16:19:14.932] Config(PART) Squad/Parts/Structural/trussGirderXL/trussGirderXL/trussPiece3x
[LOG 16:19:14.932] Config(PART) Squad/Parts/Thermal/FoldingRadiators/foldingRadLarge/foldingRadLarge
[LOG 16:19:14.933] Config(PART) Squad/Parts/Thermal/FoldingRadiators/foldingRadMed/foldingRadMed
[LOG 16:19:14.933] Config(PART) Squad/Parts/Thermal/FoldingRadiators/foldingRadSmall/foldingRadSmall
[LOG 16:19:14.933] Config(PART) Squad/Parts/Thermal/RadiatorPanels/radPanelEdge/radPanelEdge
[LOG 16:19:14.933] Config(PART) Squad/Parts/Thermal/RadiatorPanels/radPanelLg/radPanelLg
[LOG 16:19:14.933] Config(PART) Squad/Parts/Thermal/RadiatorPanels/radPanelSm/radPanelSm
[LOG 16:19:14.933] Config(PART) Squad/Parts/Utility/commDish88-88/commDish88-88/commDish
[LOG 16:19:14.933] Config(PART) Squad/Parts/Utility/commsAntennaDTS-M1/commsAntennaDTS-M1/mediumDishAntenna
[LOG 16:19:14.933] Config(PART) Squad/Parts/Utility/commsDish16/commsAntenna16/longAntenna
[LOG 16:19:14.933] Config(PART) Squad/Parts/Utility/decouplerRadialHDM/decouplerRadialHDM/radialDecoupler1-2
[LOG 16:19:14.933] Config(PART) Squad/Parts/Utility/decouplerRadialTT-38K/decouplerRadialTT-38K/radialDecoupler
[LOG 16:19:14.933] Config(PART) Squad/Parts/Utility/decouplerRadialTT-70/decouplerRadialTT-70/radialDecoupler2
[LOG 16:19:14.933] Config(PART) Squad/Parts/Utility/DirectAntennas/C16S/SurfAntenna
[LOG 16:19:14.933] Config(PART) Squad/Parts/Utility/DirectAntennas/HG-5/HighGainAntenna5
[LOG 16:19:14.933] Config(PART) Squad/Parts/Utility/DirectAntennas/HG-5_v2/HighGainAntenna5_v2
[LOG 16:19:14.933] Config(PART) Squad/Parts/Utility/dockingPort/dockingPort/dockingPort2
[LOG 16:19:14.933] Config(PART) Squad/Parts/Utility/dockingPortInline/dockingPortInline/dockingPortLateral
[LOG 16:19:14.933] Config(PART) Squad/Parts/Utility/dockingPortJr/dockingPortJr/dockingPort3
[LOG 16:19:14.933] Config(PART) Squad/Parts/Utility/dockingPortShielded/dockingPortShielded/dockingPort1
[LOG 16:19:14.933] Config(PART) Squad/Parts/Utility/dockingPortSr/dockingPortSr/dockingPortLarge
[LOG 16:19:14.933] Config(PART) Squad/Parts/Utility/Fireworks/fireworksLauncherBig/fireworksLauncherBig
[LOG 16:19:14.933] Config(PART) Squad/Parts/Utility/Fireworks/fireworksLauncherSmall/fireworksLauncherSmall
[LOG 16:19:14.933] Config(PART) Squad/Parts/Utility/flags/flagFlat/flagFlat/flagPartFlat
[LOG 16:19:14.933] Config(PART) Squad/Parts/Utility/flags/flagSize0/flagSize0/flagPartSize0
[LOG 16:19:14.933] Config(PART) Squad/Parts/Utility/flags/flagSize1/flagSize1/flagPartSize1
[LOG 16:19:14.933] Config(PART) Squad/Parts/Utility/flags/flagSize2/flagSize2/flagPartSize2
[LOG 16:19:14.933] Config(PART) Squad/Parts/Utility/flags/flagSize3/flagSize3/flagPartSize3
[LOG 16:19:14.933] Config(PART) Squad/Parts/Utility/GrapplingDevice/part/GrapplingDevice
[LOG 16:19:14.934] Config(PART) Squad/Parts/Utility/ladderRadial/ladderRadial/ladder1
[LOG 16:19:14.934] Config(PART) Squad/Parts/Utility/ladderTelescopic/ladderTelescopic/telescopicLadder
[LOG 16:19:14.934] Config(PART) Squad/Parts/Utility/ladderTelescopicBay/ladderTelescopicBay/telescopicLadderBay
[LOG 16:19:14.934] Config(PART) Squad/Parts/Utility/landingLegLT-1/landingLegLT-1/landingLeg1
[LOG 16:19:14.934] Config(PART) Squad/Parts/Utility/landingLegLT-2/landingLegLT-2/landingLeg1-2
[LOG 16:19:14.934] Config(PART) Squad/Parts/Utility/landingLegLT-5/landingLegLT-5/miniLandingLeg
[LOG 16:19:14.934] Config(PART) Squad/Parts/Utility/launchClamp1/launchClamp1/launchClamp1
[LOG 16:19:14.934] Config(PART) Squad/Parts/Utility/launchEscapeSystem/part/LaunchEscapeSystem
[LOG 16:19:14.934] Config(PART) Squad/Parts/Utility/Lights/domeLight1/domeLight1
[LOG 16:19:14.934] Config(PART) Squad/Parts/Utility/Lights/groundLight1/groundLight1
[LOG 16:19:14.934] Config(PART) Squad/Parts/Utility/Lights/groundLight2/groundLight2
[LOG 16:19:14.934] Config(PART) Squad/Parts/Utility/Lights/navLight1/navLight1
[LOG 16:19:14.934] Config(PART) Squad/Parts/Utility/Lights/spotLight1/spotLight3
[LOG 16:19:14.934] Config(PART) Squad/Parts/Utility/Lights/stripLight1/stripLight1
[LOG 16:19:14.934] Config(PART) Squad/Parts/Utility/linearVernorRCS/linearRCS/linearRcs
[LOG 16:19:14.934] Config(PART) Squad/Parts/Utility/linearVernorRCS/vernorEngine/vernierEngine
[LOG 16:19:14.934] Config(PART) Squad/Parts/Utility/mk2CargoBay/BayL/mk2CargoBayL
[LOG 16:19:14.934] Config(PART) Squad/Parts/Utility/mk2CargoBay/BayS/mk2CargoBayS
[LOG 16:19:14.934] Config(PART) Squad/Parts/Utility/mk2CrewCabin/mk2CrewCabin/mk2CrewCabin
[LOG 16:19:14.934] Config(PART) Squad/Parts/Utility/mk2DockingPort/mk2DockingPort/mk2DockingPort
[LOG 16:19:14.934] Config(PART) Squad/Parts/Utility/mk3CargoBay/long/mk3CargoBayL
[LOG 16:19:14.934] Config(PART) Squad/Parts/Utility/mk3CargoBay/medium/mk3CargoBayM
[LOG 16:19:14.934] Config(PART) Squad/Parts/Utility/mk3CargoBay/ramp/mk3CargoRamp
[LOG 16:19:14.934] Config(PART) Squad/Parts/Utility/mk3CargoBay/short/mk3CargoBayS
[LOG 16:19:14.934] Config(PART) Squad/Parts/Utility/parachuteMk1/parachuteMk1/parachuteSingle
[LOG 16:19:14.934] Config(PART) Squad/Parts/Utility/parachuteMk12-R/parachuteMk12-R/radialDrogue
[LOG 16:19:14.934] Config(PART) Squad/Parts/Utility/parachuteMk16-XL/parachuteMk16-XL/parachuteLarge
[LOG 16:19:14.935] Config(PART) Squad/Parts/Utility/parachuteMk2-R/parachuteMk2-R/parachuteRadial
[LOG 16:19:14.935] Config(PART) Squad/Parts/Utility/parachuteMk25/parachuteMk25/parachuteDrogue
[LOG 16:19:14.935] Config(PART) Squad/Parts/Utility/radialAttachmentPoint/radialAttachmentPoint/stackPoint1
[LOG 16:19:14.935] Config(PART) Squad/Parts/Utility/rcsBlockRV-105_v2/rcsBlockRV-105/RCSBlock_v2
[LOG 16:19:14.935] Config(PART) Squad/Parts/Utility/rcsBlockRV-105_v2/RCSblock_01_small/RCSblock_01_small
[LOG 16:19:14.935] Config(PART) Squad/Parts/Utility/rcsSmallLinear/RCSLinearSmall/RCSLinearSmall
[LOG 16:19:14.935] Config(PART) Squad/Parts/Utility/RelayAntennas/RA-100/RelayAntenna100
[LOG 16:19:14.935] Config(PART) Squad/Parts/Utility/RelayAntennas/RA-5/RelayAntenna5
[LOG 16:19:14.935] Config(PART) Squad/Parts/Utility/RelayAntennas/RA-50/RelayAntenna50
[LOG 16:19:14.935] Config(PART) Squad/Parts/Utility/rockomaxAdapters/largeAdapter/largeAdapter
[LOG 16:19:14.935] Config(PART) Squad/Parts/Utility/rockomaxAdapters/largeAdapterShort/largeAdapter2
[LOG 16:19:14.935] Config(PART) Squad/Parts/Utility/ServiceBay_v2/ServiceBay_125_v2/ServiceBay_125_v2
[LOG 16:19:14.935] Config(PART) Squad/Parts/Utility/ServiceBay_v2/ServiceBay_250_v2/ServiceBay_250_v2
[LOG 16:19:14.935] Config(PART) Squad/Parts/Utility/smallClaw/smallClaw/smallClaw
[LOG 16:19:14.935] Config(PART) Squad/Parts/Utility/spotLightMk1/spotLightMk1/spotLight1
[LOG 16:19:14.935] Config(PART) Squad/Parts/Utility/spotLightMk1_v2/spotLightMk1_v2/spotLight1_v2
[LOG 16:19:14.935] Config(PART) Squad/Parts/Utility/spotLightMk2/spotLightMk2/spotLight2
[LOG 16:19:14.935] Config(PART) Squad/Parts/Utility/spotLightMk2_v2/spotLightMk2_v2/spotLight2_v2
[LOG 16:19:14.935] Config(PART) Squad/Parts/Utility/stackCouplers/stackBiCoupler_v2/stackBiCoupler_v2
[LOG 16:19:14.935] Config(PART) Squad/Parts/Utility/stackCouplers/stackQuadCoupler/stackQuadCoupler
[LOG 16:19:14.935] Config(PART) Squad/Parts/Utility/stackCouplers/stackTriCoupler_v2/stackTriCoupler_v2
[LOG 16:19:14.935] Config(PART) Squad/Parts/Wheel/LandingGear/GearExtraLarge/GearLarge
[LOG 16:19:14.935] Config(PART) Squad/Parts/Wheel/LandingGear/GearFixed/GearFixed
[LOG 16:19:14.935] Config(PART) Squad/Parts/Wheel/LandingGear/GearFree/GearFree
[LOG 16:19:14.935] Config(PART) Squad/Parts/Wheel/LandingGear/GearLarge/GearMedium
[LOG 16:19:14.935] Config(PART) Squad/Parts/Wheel/LandingGear/GearMedium/GearSmall
[LOG 16:19:14.935] Config(PART) Squad/Parts/Wheel/LandingGear/GearSmall/SmallGearBay
[LOG 16:19:14.936] Config(PART) Squad/Parts/Wheel/roverWheelM1/roverWheelM1/roverWheel1
[LOG 16:19:14.936] Config(PART) Squad/Parts/Wheel/roverWheelS2/roverWheelS2/roverWheel2
[LOG 16:19:14.936] Config(PART) Squad/Parts/Wheel/roverWheelTR-2L/roverWheelTR-2L/wheelMed
[LOG 16:19:14.936] Config(PART) Squad/Parts/Wheel/roverWheelXL3/roverWheelXL3/roverWheel3
[LOG 16:19:14.936] Config(PROP) Squad/Props/AltimeterThreeHands/prop/AltimeterThreeHands
[LOG 16:19:14.936] Config(PROP) Squad/Props/AtmosphereDepth/prop/AtmosphereDepth
[LOG 16:19:14.936] Config(PROP) Squad/Props/AxisIndicator/pitchConfig/AxisIndicatorPitch
[LOG 16:19:14.936] Config(PROP) Squad/Props/AxisIndicator/rollConfig/AxisIndicatorRoll
[LOG 16:19:14.936] Config(PROP) Squad/Props/AxisIndicator/yawConfig/AxisIndicatorYaw
[LOG 16:19:14.936] Config(PROP) Squad/Props/buttonsGeneric/circularButton/genericCircularButton
[LOG 16:19:14.936] Config(PROP) Squad/Props/buttonsGeneric/clusterButtons/genericClusterButtons
[LOG 16:19:14.936] Config(PROP) Squad/Props/buttonsGeneric/clusterButtons2/genericClusterButtons2
[LOG 16:19:14.936] Config(PROP) Squad/Props/buttonsGeneric/clusterKnob/genericClusterKnobs
[LOG 16:19:14.936] Config(PROP) Squad/Props/buttonsGeneric/clusterKnob2/genericClusterKnobs2
[LOG 16:19:14.936] Config(PROP) Squad/Props/buttonsGeneric/clusterMixed/genericClusterMixed
[LOG 16:19:14.936] Config(PROP) Squad/Props/buttonsGeneric/clusterSwitches01/genericClusterSwitches01
[LOG 16:19:14.936] Config(PROP) Squad/Props/buttonsGeneric/clusterSwitches02/genericClusterSwitches02
[LOG 16:19:14.936] Config(PROP) Squad/Props/buttonsGeneric/clusterSwitches03/genericClusterSwitches03
[LOG 16:19:14.936] Config(PROP) Squad/Props/buttonsGeneric/clusterSwitches04/genericClusterSwitches04
[LOG 16:19:14.936] Config(PROP) Squad/Props/buttonsGeneric/clusterSwitches05/genericClusterSwitches05
[LOG 16:19:14.936] Config(PROP) Squad/Props/buttonsGeneric/clusterSwitches06/genericClusterSwitches06
[LOG 16:19:14.936] Config(PROP) Squad/Props/buttonsGeneric/clusterSwitches07/genericClusterSwitches07
[LOG 16:19:14.936] Config(PROP) Squad/Props/buttonsGeneric/directionalKnob/genericDirectionalKnob
[LOG 16:19:14.936] Config(PROP) Squad/Props/buttonsGeneric/directionalKnob2/genericDirectionalKnob2
[LOG 16:19:14.936] Config(PROP) Squad/Props/buttonsGeneric/pullSwitch/genericPullSwitch
[LOG 16:19:14.936] Config(PROP) Squad/Props/buttonsGeneric/squareButton/genericSquareButton
[LOG 16:19:14.936] Config(PROP) Squad/Props/buttonsGeneric/standingSwitch/genericStandingSwitch
[LOG 16:19:14.936] Config(PROP) Squad/Props/buttonsGeneric/switch/genericSwitch
[LOG 16:19:14.936] Config(PROP) Squad/Props/buttonsGeneric/switchWithGuards/genericSwitchWithGuards
[LOG 16:19:14.936] Config(PROP) Squad/Props/ButtonSquare/prop/ButtonSquare
[LOG 16:19:14.937] Config(PROP) Squad/Props/circularButton/prop/circularButton
[LOG 16:19:14.937] Config(PROP) Squad/Props/Compass/prop/Compass
[LOG 16:19:14.937] Config(PROP) Squad/Props/directionalKnob/prop/directionalKnob
[LOG 16:19:14.937] Config(PROP) Squad/Props/directionalKnob2/prop/directionalKnob2
[LOG 16:19:14.937] Config(PROP) Squad/Props/IndicatorPanel/prop/IndicatorPanel
[LOG 16:19:14.937] Config(PROP) Squad/Props/IVANavBall/prop/NavBall
[LOG 16:19:14.937] Config(PROP) Squad/Props/IVANavBallNoBase/prop/NavBallNoBase
[LOG 16:19:14.937] Config(PROP) Squad/Props/ledPanelSpeed/prop/ledPanelSpeed
[LOG 16:19:14.937] Config(PROP) Squad/Props/Monitor/DockingMode/MonitorDockingMode
[LOG 16:19:14.937] Config(PROP) Squad/Props/NavBall/prop/NavBall
[LOG 16:19:14.937] Config(PROP) Squad/Props/PropsGeneric/Button_DockingMode/Button_DockingMode
[LOG 16:19:14.937] Config(PROP) Squad/Props/PropsGeneric/CargoBagA/CargoBagA
[LOG 16:19:14.937] Config(PROP) Squad/Props/PropsGeneric/CargoBagB/CargoBagB
[LOG 16:19:14.937] Config(PROP) Squad/Props/PropsGeneric/CargoBagC/CargoBagC
[LOG 16:19:14.937] Config(PROP) Squad/Props/PropsGeneric/Hatch_Plane/Hatch_Plane
[LOG 16:19:14.937] Config(PROP) Squad/Props/PropsGeneric/Hatch_Plane_Curve90/Hatch_Plane_Curve90
[LOG 16:19:14.937] Config(PROP) Squad/Props/PropsGeneric/Hatch_Plane_Frame/Hatch_Plane_Frame
[LOG 16:19:14.937] Config(PROP) Squad/Props/PropsGeneric/Seat_Passenger/Seat_Passenger
[LOG 16:19:14.937] Config(PROP) Squad/Props/PropsGeneric/Seat_Pilot/Seat_Pilot
[LOG 16:19:14.937] Config(PROP) Squad/Props/PropsGeneric/Seat_Pilot_Helmet/Seat_Pilot_Helmet
[LOG 16:19:14.937] Config(PROP) Squad/Props/PropsGeneric/SideStick/SideStick
[LOG 16:19:14.937] Config(PROP) Squad/Props/pullSwitch/prop/pullSwitch
[LOG 16:19:14.937] Config(PROP) Squad/Props/radarAltitude/prop/RadarAltimeter
[LOG 16:19:14.937] Config(PROP) Squad/Props/squareButton/prop/squareButton
[LOG 16:19:14.937] Config(PROP) Squad/Props/standingSwitch/prop/standingSwitch
[LOG 16:19:14.937] Config(PROP) Squad/Props/switch/prop/switch
[LOG 16:19:14.937] Config(PROP) Squad/Props/switchGuard/prop/switchGuard
[LOG 16:19:14.937] Config(PROP) Squad/Props/switchWithGuards/prop/switchWithGuards
[LOG 16:19:14.937] Config(PROP) Squad/Props/throttle/prop/throttle
[LOG 16:19:14.938] Config(PROP) Squad/Props/VSI/prop/VSI
[LOG 16:19:14.938] Config(SPACEOBJECTS_LIMITS) Squad/Resources/CometDefs/SPACEOBJECTS_LIMITS
[LOG 16:19:14.938] Config(COMET_MANAGER) Squad/Resources/CometDefs/COMET_MANAGER
[LOG 16:19:14.938] Config(COMET_ORBIT_TYPE) Squad/Resources/CometDefs/short
[LOG 16:19:14.938] Config(COMET_ORBIT_TYPE) Squad/Resources/CometDefs/intermediate
[LOG 16:19:14.938] Config(COMET_ORBIT_TYPE) Squad/Resources/CometDefs/long
[LOG 16:19:14.938] Config(COMET_ORBIT_TYPE) Squad/Resources/CometDefs/interstellar
[LOG 16:19:14.938] Config(FIREWORKFX_DEFINITION) Squad/Resources/FireworkFXDefinitions/classicTrail
[LOG 16:19:14.938] Config(FIREWORKFX_DEFINITION) Squad/Resources/FireworkFXDefinitions/whirlyTrail
[LOG 16:19:14.938] Config(FIREWORKFX_DEFINITION) Squad/Resources/FireworkFXDefinitions/strobeTrail
[LOG 16:19:14.938] Config(FIREWORKFX_DEFINITION) Squad/Resources/FireworkFXDefinitions/bareTrail
[LOG 16:19:14.938] Config(FIREWORKFX_DEFINITION) Squad/Resources/FireworkFXDefinitions/classicBurst
[LOG 16:19:14.938] Config(FIREWORKFX_DEFINITION) Squad/Resources/FireworkFXDefinitions/chrysBurst
[LOG 16:19:14.938] Config(FIREWORKFX_DEFINITION) Squad/Resources/FireworkFXDefinitions/palmBurst
[LOG 16:19:14.938] Config(FIREWORKFX_DEFINITION) Squad/Resources/FireworkFXDefinitions/ringBurst
[LOG 16:19:14.938] Config(FIREWORKFX_DEFINITION) Squad/Resources/FireworkFXDefinitions/crosetteBurst
[LOG 16:19:14.938] Config(FIREWORKFX_DEFINITION) Squad/Resources/FireworkFXDefinitions/willowBurst
[LOG 16:19:14.938] Config(FIREWORKFX_DEFINITION) Squad/Resources/FireworkFXDefinitions/crackeBurst
[LOG 16:19:14.938] Config(FIREWORKFX_DEFINITION) Squad/Resources/FireworkFXDefinitions/palmCrackleBurst
[LOG 16:19:14.938] Config(FIREWORKFX_DEFINITION) Squad/Resources/FireworkFXDefinitions/dragonBurst
[LOG 16:19:14.938] Config(GLOBAL_RESOURCE) Squad/Resources/Ore/GLOBAL_RESOURCE
[LOG 16:19:14.938] Config(PLANETARY_RESOURCE) Squad/Resources/Ore/PLANETARY_RESOURCE
[LOG 16:19:14.938] Config(PLANETARY_RESOURCE) Squad/Resources/Ore/PLANETARY_RESOURCE
[LOG 16:19:14.938] Config(RESOURCE_OVERLAY_CONFIGURATION_SOLID) Squad/Resources/Overlay/RESOURCE_OVERLAY_CONFIGURATION_SOLID
[LOG 16:19:14.938] Config(RESOURCE_OVERLAY_CONFIGURATION_LINES) Squad/Resources/Overlay/RESOURCE_OVERLAY_CONFIGURATION_LINES
[LOG 16:19:14.938] Config(RESOURCE_OVERLAY_CONFIGURATION_DOTS) Squad/Resources/Overlay/RESOURCE_OVERLAY_CONFIGURATION_DOTS
[LOG 16:19:14.938] Config(RESOURCE_CONFIGURATION) Squad/Resources/ResourceDefaults/RESOURCE_CONFIGURATION
[LOG 16:19:14.938] Config(RESOURCE_DEFINITION) Squad/Resources/ResourcesGeneric/LiquidFuel
[LOG 16:19:14.938] Config(RESOURCE_DEFINITION) Squad/Resources/ResourcesGeneric/Oxidizer
[LOG 16:19:14.939] Config(RESOURCE_DEFINITION) Squad/Resources/ResourcesGeneric/SolidFuel
[LOG 16:19:14.939] Config(RESOURCE_DEFINITION) Squad/Resources/ResourcesGeneric/MonoPropellant
[LOG 16:19:14.939] Config(RESOURCE_DEFINITION) Squad/Resources/ResourcesGeneric/XenonGas
[LOG 16:19:14.939] Config(RESOURCE_DEFINITION) Squad/Resources/ResourcesGeneric/ElectricCharge
[LOG 16:19:14.939] Config(RESOURCE_DEFINITION) Squad/Resources/ResourcesGeneric/IntakeAir
[LOG 16:19:14.939] Config(RESOURCE_DEFINITION) Squad/Resources/ResourcesGeneric/EVA Propellant
[LOG 16:19:14.939] Config(RESOURCE_DEFINITION) Squad/Resources/ResourcesGeneric/Ore
[LOG 16:19:14.939] Config(RESOURCE_DEFINITION) Squad/Resources/ResourcesGeneric/Ablator
[LOG 16:19:14.939] Config(EXPERIMENT_DEFINITION) Squad/Resources/ScienceDefs/EXPERIMENT_DEFINITION
[LOG 16:19:14.939] Config(EXPERIMENT_DEFINITION) Squad/Resources/ScienceDefs/EXPERIMENT_DEFINITION
[LOG 16:19:14.939] Config(EXPERIMENT_DEFINITION) Squad/Resources/ScienceDefs/EXPERIMENT_DEFINITION
[LOG 16:19:14.939] Config(EXPERIMENT_DEFINITION) Squad/Resources/ScienceDefs/EXPERIMENT_DEFINITION
[LOG 16:19:14.939] Config(EXPERIMENT_DEFINITION) Squad/Resources/ScienceDefs/EXPERIMENT_DEFINITION
[LOG 16:19:14.939] Config(EXPERIMENT_DEFINITION) Squad/Resources/ScienceDefs/EXPERIMENT_DEFINITION
[LOG 16:19:14.939] Config(EXPERIMENT_DEFINITION) Squad/Resources/ScienceDefs/EXPERIMENT_DEFINITION
[LOG 16:19:14.939] Config(EXPERIMENT_DEFINITION) Squad/Resources/ScienceDefs/EXPERIMENT_DEFINITION
[LOG 16:19:14.939] Config(EXPERIMENT_DEFINITION) Squad/Resources/ScienceDefs/EXPERIMENT_DEFINITION
[LOG 16:19:14.939] Config(EXPERIMENT_DEFINITION) Squad/Resources/ScienceDefs/EXPERIMENT_DEFINITION
[LOG 16:19:14.939] Config(EXPERIMENT_DEFINITION) Squad/Resources/ScienceDefs/EXPERIMENT_DEFINITION
[LOG 16:19:14.939] Config(EXPERIMENT_DEFINITION) Squad/Resources/ScienceDefs/EXPERIMENT_DEFINITION
[LOG 16:19:14.940] Config(EXPERIMENT_DEFINITION) Squad/Resources/ScienceDefs/EXPERIMENT_DEFINITION
[LOG 16:19:14.940] Config(EXPERIMENT_DEFINITION) Squad/Resources/ScienceDefs/EXPERIMENT_DEFINITION
[LOG 16:19:14.940] Config(EXPERIMENT_DEFINITION) Squad/Resources/ScienceDefs/EXPERIMENT_DEFINITION
[LOG 16:19:14.940] Config(EXPERIMENT_DEFINITION) Squad/Resources/ScienceDefs/EXPERIMENT_DEFINITION
[LOG 16:19:14.940] Config(EXPERIMENT_DEFINITION) Squad/Resources/ScienceDefs/EXPERIMENT_DEFINITION
[LOG 16:19:14.940] Config(EXPERIMENT_DEFINITION) Squad/Resources/ScienceDefs/EXPERIMENT_DEFINITION
[LOG 16:19:14.940] Config(STORY_DEF) Squad/Resources/StoryDefs/STORY_DEF
[LOG 16:19:14.940] Config(TechTree) Squad/Resources/TechTree/TechTree
[LOG 16:19:14.940] Config(INTERNAL) Squad/Spaces/crewCabinInternals/internal/crewCabinInternals
[LOG 16:19:14.940] Config(INTERNAL) Squad/Spaces/cupolaInternal/internal/cupolaInternal
[LOG 16:19:14.940] Config(INTERNAL) Squad/Spaces/GenericSpace1/internal/GenericSpace1
[LOG 16:19:14.940] Config(INTERNAL) Squad/Spaces/GenericSpace3/internal/GenericSpace3
[LOG 16:19:14.940] Config(INTERNAL) Squad/Spaces/landerCabinInternals/internal/landerCabinInternals
[LOG 16:19:14.940] Config(INTERNAL) Squad/Spaces/landerCabinSmallInternal/internal/landerCabinSmallInternal
[LOG 16:19:14.940] Config(INTERNAL) Squad/Spaces/LargeCrewedLabInternals/internal/Mobile_Processing_Lab_Int
[LOG 16:19:14.940] Config(INTERNAL) Squad/Spaces/Mk1-3/internal/Mk1-3
[LOG 16:19:14.940] Config(INTERNAL) Squad/Spaces/mk1CabinInternal/internal/mk1CabinInternal
[LOG 16:19:14.940] Config(INTERNAL) Squad/Spaces/mk1CockpitInternal/internal/mk1CockpitInternal
[LOG 16:19:14.940] Config(INTERNAL) Squad/Spaces/mk1InlineInternal/internal/mk1InlineInternal
[LOG 16:19:14.940] Config(INTERNAL) Squad/Spaces/mk1PodCockpit/internal/mk1PodCockpit
[LOG 16:19:14.940] Config(INTERNAL) Squad/Spaces/mk1pod_IVA/mk1pod_Internal/mk1pod_IVA
[LOG 16:19:14.940] Config(INTERNAL) Squad/Spaces/mk2CockpitStandardInternal/internal/mk2CockpitStandardInternals
[LOG 16:19:14.940] Config(INTERNAL) Squad/Spaces/Mk2CrewCabinInternal/internal_MK2_CrewCab/MK2_CrewCab_Int
[LOG 16:19:14.940] Config(INTERNAL) Squad/Spaces/mk2InlineInternal/internal/mk2InlineInternal
[LOG 16:19:14.940] Config(INTERNAL) Squad/Spaces/mk2LanderCanInternal/internal/mk2LanderCanInternal
[LOG 16:19:14.940] Config(INTERNAL) Squad/Spaces/MK3CockpitInternal/internal_MK3/MK3_Cockpit_Int
[LOG 16:19:14.941] Config(INTERNAL) Squad/Spaces/MK3_CrewCab_Int/internal_MK3_CrewCab/MK3_CrewCab_Int
[LOG 16:19:14.941] Config(INTERNAL) Squad/Spaces/Placeholder/internal/Placeholder
[LOG 16:19:14.941] Config(INTERNAL) Squad/Spaces/PodCockpit/internal/PodCockpit
[LOG 16:19:14.941] Config(STRATEGY_DEPARTMENT) Squad/Strategies/Departments/Finances
[LOG 16:19:14.941] Config(STRATEGY_DEPARTMENT) Squad/Strategies/Departments/Science
[LOG 16:19:14.941] Config(STRATEGY_DEPARTMENT) Squad/Strategies/Departments/Public Relations
[LOG 16:19:14.941] Config(STRATEGY_DEPARTMENT) Squad/Strategies/Departments/Operations
[LOG 16:19:14.941] Config(STRATEGY) Squad/Strategies/Strategies/AppreciationCampaignCfg
[LOG 16:19:14.941] Config(STRATEGY) Squad/Strategies/Strategies/FundraisingCampaignCfg
[LOG 16:19:14.941] Config(STRATEGY) Squad/Strategies/Strategies/OpenSourceTechProgramCfg
[LOG 16:19:14.941] Config(STRATEGY) Squad/Strategies/Strategies/UnpaidResearchProgramCfg
[LOG 16:19:14.941] Config(STRATEGY) Squad/Strategies/Strategies/OutsourcedResearchCfg
[LOG 16:19:14.941] Config(STRATEGY) Squad/Strategies/Strategies/PatentsLicensingCfg
[LOG 16:19:14.941] Config(STRATEGY) Squad/Strategies/Strategies/AgressiveNegotiations
[LOG 16:19:14.941] Config(STRATEGY) Squad/Strategies/Strategies/RecoveryTransponders
[LOG 16:19:14.941] Config(STRATEGY) Squad/Strategies/Strategies/BailoutGrant
[LOG 16:19:14.941] Config(STRATEGY) Squad/Strategies/Strategies/researchIPsellout
[LOG 16:19:14.941] Config(STRATEGY) Squad/Strategies/Strategies/LeadershipInitiative
[LOG 16:19:14.941] Config(TUTORIAL) Squad/Tutorials/FlightSuborbital/FlightSuborbital
[LOG 16:19:14.941] Config(TUTORIAL) Squad/Tutorials/FromMun/FromMun
[LOG 16:19:14.941] Config(TUTORIAL) Squad/Tutorials/GoForOrbit/GoForOrbit
[LOG 16:19:14.941] Config(MISSIONPACK) SquadExpansion/MakingHistory/Missions/MissionPacks/squad_MakingHistory
[LOG 16:19:14.941] Config(MISSIONPACK) SquadExpansion/MakingHistory/Missions/MissionPacks/squad_MakingHistory_Other
[LOG 16:19:14.941] Config(MISSIONPACK) SquadExpansion/MakingHistory/Missions/MissionPacks/squad_MakingHistory_Tutorial
[LOG 16:19:14.941] Config(MEBASICNODE) SquadExpansion/MakingHistory/Nodes/AccuracyLogic/TestAccuracyLogic
[LOG 16:19:14.941] Config(MEBASICNODE) SquadExpansion/MakingHistory/Nodes/ActionChancePartResourceLevels/ActionPartResourceAmount
[LOG 16:19:14.942] Config(MEBASICNODE) SquadExpansion/MakingHistory/Nodes/ActionExplode/ActionVesselExplode
[LOG 16:19:14.942] Config(MEBASICNODE) SquadExpansion/MakingHistory/Nodes/ActionMissionScore/MissionScore
[LOG 16:19:14.942] Config(MEBASICNODE) SquadExpansion/MakingHistory/Nodes/ActionModifierFunds/ModifyFunds
[LOG 16:19:14.942] Config(MEBASICNODE) SquadExpansion/MakingHistory/Nodes/ActionModifierScore/MissionScore
[LOG 16:19:14.942] Config(MEBASICNODE) SquadExpansion/MakingHistory/Nodes/ActionPartExplode/ActionPartExplode
[LOG 16:19:14.942] Config(MEBASICNODE) SquadExpansion/MakingHistory/Nodes/ActionPartResourceDrain/ActionPartResourceDrain
[LOG 16:19:14.942] Config(MEBASICNODE) SquadExpansion/MakingHistory/Nodes/ActionVesselActionGroup/ActionVesselActionGroup
[LOG 16:19:14.942] Config(MEBASICNODE) SquadExpansion/MakingHistory/Nodes/ActionVesselStage/ActionVesselStage
[LOG 16:19:14.942] Config(MEBASICNODE) SquadExpansion/MakingHistory/Nodes/CreateAsteroid/CreateAsteroid
[LOG 16:19:14.942] Config(MEBASICNODE) SquadExpansion/MakingHistory/Nodes/CreateComet/CreateComet
[LOG 16:19:14.942] Config(MEBASICNODE) SquadExpansion/MakingHistory/Nodes/CreateFlag/CreateFlag
[LOG 16:19:14.942] Config(MEBASICNODE) SquadExpansion/MakingHistory/Nodes/CreateLaunchSite/CreateLaunchSite
[LOG 16:19:14.942] Config(MEBASICNODE) SquadExpansion/MakingHistory/Nodes/CreateVessel/CreateVessel
[LOG 16:19:14.942] Config(MEBASICNODE) SquadExpansion/MakingHistory/Nodes/CrewAssignment/TestCrewAssignment
[LOG 16:19:14.942] Config(MEBASICNODE) SquadExpansion/MakingHistory/Nodes/Destroyed/Crashed
[LOG 16:19:14.942] Config(MEBASICNODE) SquadExpansion/MakingHistory/Nodes/DialogMessage/DialogMessage
[LOG 16:19:14.942] Config(MEBASICNODE) SquadExpansion/MakingHistory/Nodes/Distance/Distance
[LOG 16:19:14.942] Config(MEBASICNODE) SquadExpansion/MakingHistory/Nodes/EmptyFalse/EmptyFalse
[LOG 16:19:14.942] Config(MEBASICNODE) SquadExpansion/MakingHistory/Nodes/EmptyTrue/EmptyTrue
[LOG 16:19:14.942] Config(MEBASICNODE) SquadExpansion/MakingHistory/Nodes/EscapeSOI/SOILeft
[LOG 16:19:14.942] Config(MEBASICNODE) SquadExpansion/MakingHistory/Nodes/EVA/EVA
[LOG 16:19:14.942] Config(MEBASICNODE) SquadExpansion/MakingHistory/Nodes/Flying/Flying
[LOG 16:19:14.942] Config(MEBASICNODE) SquadExpansion/MakingHistory/Nodes/FundsRecovery/FundsRecovery
[LOG 16:19:14.942] Config(MEBASICNODE) SquadExpansion/MakingHistory/Nodes/KerbalBoarded/TestKerbalBoarded
[LOG 16:19:14.942] Config(MEBASICNODE) SquadExpansion/MakingHistory/Nodes/KerbalKilled/EVA
[LOG 16:19:14.942] Config(MEBASICNODE) SquadExpansion/MakingHistory/Nodes/KerbalRecovery/KerbalRecovery
[LOG 16:19:14.942] Config(MEBASICNODE) SquadExpansion/MakingHistory/Nodes/KerbalRescue/KerbalRescue
[LOG 16:19:14.942] Config(MEBASICNODE) SquadExpansion/MakingHistory/Nodes/Landed/Landed
[LOG 16:19:14.943] Config(MEBASICNODE) SquadExpansion/MakingHistory/Nodes/Message/Message
[LOG 16:19:14.943] Config(MEBASICNODE) SquadExpansion/MakingHistory/Nodes/MissionFunds/MissionFunds
[LOG 16:19:14.943] Config(MEBASICNODE) SquadExpansion/MakingHistory/Nodes/MissionScore/MissionScore
[LOG 16:19:14.943] Config(MEBASICNODE) SquadExpansion/MakingHistory/Nodes/Orbit/Orbit
[LOG 16:19:14.943] Config(MEBASICNODE) SquadExpansion/MakingHistory/Nodes/OrbitParams/OrbitParams
[LOG 16:19:14.943] Config(MEBASICNODE) SquadExpansion/MakingHistory/Nodes/PartDocking/TestPartDocking
[LOG 16:19:14.943] Config(MEBASICNODE) SquadExpansion/MakingHistory/Nodes/PartFailure/PartFailure
[LOG 16:19:14.943] Config(MEBASICNODE) SquadExpansion/MakingHistory/Nodes/PartGrapple/TestGrapple
[LOG 16:19:14.943] Config(MEBASICNODE) SquadExpansion/MakingHistory/Nodes/PartRepair/PartRepair
[LOG 16:19:14.943] Config(MEBASICNODE) SquadExpansion/MakingHistory/Nodes/PlaceKerbal/CreateKerbal
[LOG 16:19:14.943] Config(MEBASICNODE) SquadExpansion/MakingHistory/Nodes/PlantFlag/PlantFlag
[LOG 16:19:14.943] Config(MEBASICNODE) SquadExpansion/MakingHistory/Nodes/ReachSOI/ReachSOI
[LOG 16:19:14.943] Config(MEBASICNODE) SquadExpansion/MakingHistory/Nodes/Resource/ResourceAmount
[LOG 16:19:14.943] Config(MEBASICNODE) SquadExpansion/MakingHistory/Nodes/ResourceRecovery/TestResourcesRecovery
[LOG 16:19:14.943] Config(MEBASICNODE) SquadExpansion/MakingHistory/Nodes/ScienceExperiment/ScienceExperiment
[LOG 16:19:14.943] Config(MEBASICNODE) SquadExpansion/MakingHistory/Nodes/SetCamera/SetCamera
[LOG 16:19:14.943] Config(MEBASICNODE) SquadExpansion/MakingHistory/Nodes/SplashDown/SplashDown
[LOG 16:19:14.943] Config(MEBASICNODE) SquadExpansion/MakingHistory/Nodes/StageActivated/TestVesselStageActivated
[LOG 16:19:14.943] Config(MEBASICNODE) SquadExpansion/MakingHistory/Nodes/TakeKerbal/TestTakeKerbal
[LOG 16:19:14.943] Config(MEBASICNODE) SquadExpansion/MakingHistory/Nodes/TestFlyThrough/TestFlyThrough
[LOG 16:19:14.943] Config(MEBASICNODE) SquadExpansion/MakingHistory/Nodes/TestGoTo/TestGoTo
[LOG 16:19:14.943] Config(MEBASICNODE) SquadExpansion/MakingHistory/Nodes/TimeMET/TimeMET
[LOG 16:19:14.943] Config(MEBASICNODE) SquadExpansion/MakingHistory/Nodes/TimeOfMission/TimeOfMission
[LOG 16:19:14.943] Config(MEBASICNODE) SquadExpansion/MakingHistory/Nodes/TimeSinceNode/TestTimeSinceNode
[LOG 16:19:14.943] Config(MEBASICNODE) SquadExpansion/MakingHistory/Nodes/VesselActiveCount/TestVesselActiveCount
[LOG 16:19:14.943] Config(MEBASICNODE) SquadExpansion/MakingHistory/Nodes/VesselAltitudeGoal/VesselAltitudeGoal
[LOG 16:19:14.943] Config(MEBASICNODE) SquadExpansion/MakingHistory/Nodes/VesselCrewCount/VeselCrewCount
[LOG 16:19:14.944] Config(MEBASICNODE) SquadExpansion/MakingHistory/Nodes/VesselMassLogic/VesselMass
[LOG 16:19:14.944] Config(MEBASICNODE) SquadExpansion/MakingHistory/Nodes/VesselPartCount/PartCount
[LOG 16:19:14.944] Config(MEBASICNODE) SquadExpansion/MakingHistory/Nodes/VesselRecovery/TestVesselRecovery
[LOG 16:19:14.944] Config(MEBASICNODE) SquadExpansion/MakingHistory/Nodes/VesselStage/TestVesselStage
[LOG 16:19:14.944] Config(MEBASICNODE) SquadExpansion/MakingHistory/Nodes/VesselVelocity/VesselVelocity
[LOG 16:19:14.944] Config(PART) SquadExpansion/MakingHistory/Parts/Aero/protectiveRocketNoseMk16/rocketNoseCone_size4/rocketNoseConeSize4
[LOG 16:19:14.944] Config(PART) SquadExpansion/MakingHistory/Parts/Aero/protectiveRocketNoseMk5A/Size_1_5_Cone/Size_1_5_Cone
[LOG 16:19:14.944] Config(PART) SquadExpansion/MakingHistory/Parts/Coupling/Decoupler_1p5/Decoupler_1p5
[LOG 16:19:14.944] Config(PART) SquadExpansion/MakingHistory/Parts/Coupling/Decoupler_4/Decoupler_4
[LOG 16:19:14.944] Config(PART) SquadExpansion/MakingHistory/Parts/Coupling/EnginePlate_1p5/EnginePlate1p5
[LOG 16:19:14.944] Config(PART) SquadExpansion/MakingHistory/Parts/Coupling/EnginePlate_2/EnginePlate2
[LOG 16:19:14.944] Config(PART) SquadExpansion/MakingHistory/Parts/Coupling/EnginePlate_3/EnginePlate3
[LOG 16:19:14.944] Config(PART) SquadExpansion/MakingHistory/Parts/Coupling/EnginePlate_4/EnginePlate4
[LOG 16:19:14.944] Config(PART) SquadExpansion/MakingHistory/Parts/Coupling/EnginePlate_5/EnginePlate5
[LOG 16:19:14.944] Config(PART) SquadExpansion/MakingHistory/Parts/Coupling/InflatableAirlock/InflatableAirlock
[LOG 16:19:14.944] Config(PART) SquadExpansion/MakingHistory/Parts/Coupling/Separator_1p5/Separator_1p5
[LOG 16:19:14.944] Config(PART) SquadExpansion/MakingHistory/Parts/Coupling/Separator_4/Separator_4
[LOG 16:19:14.944] Config(PART) SquadExpansion/MakingHistory/Parts/Coupling/Size1p5_Strut_Decoupler/Size1p5_Strut_Decoupler
[LOG 16:19:14.944] Config(PART) SquadExpansion/MakingHistory/Parts/Engine/LiquidEngineKE-1/LiquidEngineKE-1
[LOG 16:19:14.944] Config(PART) SquadExpansion/MakingHistory/Parts/Engine/LiquidEngineLV-T91/LiquidEngineLV-T91
[LOG 16:19:14.944] Config(PART) SquadExpansion/MakingHistory/Parts/Engine/LiquidEngineLV-TX87/LiquidEngineLV-TX87
[LOG 16:19:14.944] Config(PART) SquadExpansion/MakingHistory/Parts/Engine/LiquidEngineRE-I2/LiquidEngineRE-I2
[LOG 16:19:14.944] Config(PART) SquadExpansion/MakingHistory/Parts/Engine/LiquidEngineRE-J10/LiquidEngineRE-J10
[LOG 16:19:14.944] Config(PART) SquadExpansion/MakingHistory/Parts/Engine/LiquidEngineRK-7/LiquidEngineRK-7
[LOG 16:19:14.945] Config(PART) SquadExpansion/MakingHistory/Parts/Engine/LiquidEngineRV-1/LiquidEngineRV-1
[LOG 16:19:14.945] Config(PART) SquadExpansion/MakingHistory/Parts/Engine/solidBoosterTHK/solidBoosterTHK/Pollux
[LOG 16:19:14.945] Config(PART) SquadExpansion/MakingHistory/Parts/FuelTank/MonoPropMini/monopropMiniSphere
[LOG 16:19:14.945] Config(PART) SquadExpansion/MakingHistory/Parts/FuelTank/Size1p5_Monoprop/Size1p5_Monoprop
[LOG 16:19:14.945] Config(PART) SquadExpansion/MakingHistory/Parts/FuelTank/Size1p5_Size0_Adapter_01/Size1p5_Size0_Adapter_01
[LOG 16:19:14.945] Config(PART) SquadExpansion/MakingHistory/Parts/FuelTank/Size1p5_Size1_Adapter_01/Size1p5_Size1_Adapter_01
[LOG 16:19:14.945] Config(PART) SquadExpansion/MakingHistory/Parts/FuelTank/Size1p5_Size1_Adapter_02/Size1p5_Size1_Adapter_02
[LOG 16:19:14.945] Config(PART) SquadExpansion/MakingHistory/Parts/FuelTank/Size1p5_Size2_Adapter_01/Size1p5_Size2_Adapter_01
[LOG 16:19:14.945] Config(PART) SquadExpansion/MakingHistory/Parts/FuelTank/Size1p5_Tank_01/Size1p5_Tank_01
[LOG 16:19:14.945] Config(PART) SquadExpansion/MakingHistory/Parts/FuelTank/Size1p5_Tank_02/Size1p5_Tank_02
[LOG 16:19:14.945] Config(PART) SquadExpansion/MakingHistory/Parts/FuelTank/Size1p5_Tank_03/Size1p5_Tank_03
[LOG 16:19:14.945] Config(PART) SquadExpansion/MakingHistory/Parts/FuelTank/Size1p5_Tank_04/Size1p5_Tank_04
[LOG 16:19:14.945] Config(PART) SquadExpansion/MakingHistory/Parts/FuelTank/Size1p5_Tank_05/Size1p5_Tank_05
[LOG 16:19:14.945] Config(PART) SquadExpansion/MakingHistory/Parts/FuelTank/Size3_Size4_Adapter_01/Size3_Size4_Adapter_01
[LOG 16:19:14.945] Config(PART) SquadExpansion/MakingHistory/Parts/FuelTank/Size4_EngineAdapter_01/Size4_EngineAdapter_01
[LOG 16:19:14.945] Config(PART) SquadExpansion/MakingHistory/Parts/FuelTank/Size4_Tank_01/Size4_Tank_01
[LOG 16:19:14.945] Config(PART) SquadExpansion/MakingHistory/Parts/FuelTank/Size4_Tank_02/Size4_Tank_02
[LOG 16:19:14.945] Config(PART) SquadExpansion/MakingHistory/Parts/FuelTank/Size4_Tank_03/Size4_Tank_03
[LOG 16:19:14.945] Config(PART) SquadExpansion/MakingHistory/Parts/FuelTank/Size4_Tank_04/Size4_Tank_04
[LOG 16:19:14.945] Config(PART) SquadExpansion/MakingHistory/Parts/Ground/RoverWheel/roverWheelM1-F
[LOG 16:19:14.945] Config(PART) SquadExpansion/MakingHistory/Parts/Payload/fairingSize1p5/fairingSize1p5
[LOG 16:19:14.945] Config(PART) SquadExpansion/MakingHistory/Parts/Payload/fairingSize4/fairingSize4
[LOG 16:19:14.945] Config(PART) SquadExpansion/MakingHistory/Parts/Payload/Size1to0ServiceModule/Size1to0ServiceModule
[LOG 16:19:14.945] Config(PART) SquadExpansion/MakingHistory/Parts/Payload/SM18/ServiceModule18
[LOG 16:19:14.945] Config(PART) SquadExpansion/MakingHistory/Parts/Payload/SM25/ServiceModule25
[LOG 16:19:14.945] Config(PART) SquadExpansion/MakingHistory/Parts/Pods/KV1Pod/kv1Pod
[LOG 16:19:14.946] Config(PART) SquadExpansion/MakingHistory/Parts/Pods/KV2Pod/kv2Pod
[LOG 16:19:14.946] Config(PART) SquadExpansion/MakingHistory/Parts/Pods/KV3Pod/kv3Pod
[LOG 16:19:14.946] Config(PART) SquadExpansion/MakingHistory/Parts/Pods/Mk2Pod/Mk2Pod
[LOG 16:19:14.946] Config(PART) SquadExpansion/MakingHistory/Parts/Pods/Size1_5_Lander/MEMLander
[LOG 16:19:14.946] Config(PART) SquadExpansion/MakingHistory/Parts/Prebuilt/kerbalEVAfemaleVintage/kerbalEVAfemaleVintage
[LOG 16:19:14.946] Config(PART) SquadExpansion/MakingHistory/Parts/Prebuilt/kerbalEVAVintage/kerbalEVAVintage
[LOG 16:19:14.946] Config(PART) SquadExpansion/MakingHistory/Parts/Structural/EquiTriangle0/EquiTriangle0
[LOG 16:19:14.946] Config(PART) SquadExpansion/MakingHistory/Parts/Structural/EquiTriangle1/EquiTriangle1
[LOG 16:19:14.946] Config(PART) SquadExpansion/MakingHistory/Parts/Structural/EquiTriangle1p5/EquiTriangle1p5
[LOG 16:19:14.946] Config(PART) SquadExpansion/MakingHistory/Parts/Structural/EquiTriangle2/EquiTriangle2
[LOG 16:19:14.946] Config(PART) SquadExpansion/MakingHistory/Parts/Structural/Panel0/Panel0
[LOG 16:19:14.946] Config(PART) SquadExpansion/MakingHistory/Parts/Structural/Panel1/Panel1
[LOG 16:19:14.946] Config(PART) SquadExpansion/MakingHistory/Parts/Structural/Panel1p5/Panel1p5
[LOG 16:19:14.946] Config(PART) SquadExpansion/MakingHistory/Parts/Structural/Panel2/Panel2
[LOG 16:19:14.946] Config(PART) SquadExpansion/MakingHistory/Parts/Structural/Triangle0/Triangle0
[LOG 16:19:14.946] Config(PART) SquadExpansion/MakingHistory/Parts/Structural/Triangle1/Triangle1
[LOG 16:19:14.946] Config(PART) SquadExpansion/MakingHistory/Parts/Structural/Triangle1p5/Triangle1p5
[LOG 16:19:14.946] Config(PART) SquadExpansion/MakingHistory/Parts/Structural/Triangle2/Triangle2
[LOG 16:19:14.946] Config(PART) SquadExpansion/MakingHistory/Parts/Structural/Tube1/Tube1
[LOG 16:19:14.946] Config(PART) SquadExpansion/MakingHistory/Parts/Structural/Tube1p5/Tube1p5
[LOG 16:19:14.946] Config(PART) SquadExpansion/MakingHistory/Parts/Structural/Tube2/Tube2
[LOG 16:19:14.946] Config(PART) SquadExpansion/MakingHistory/Parts/Structural/Tube3/Tube3
[LOG 16:19:14.946] Config(PART) SquadExpansion/MakingHistory/Parts/Structural/Tube4/Tube4
[LOG 16:19:14.946] Config(PART) SquadExpansion/MakingHistory/Parts/Thermal/HeatShield1p5/HeatShield1p5
[LOG 16:19:14.946] Config(PART) SquadExpansion/MakingHistory/Parts/Utility/flags/flagSize1p5/flagSize1p5/flagPartSize1p5
[LOG 16:19:14.946] Config(PART) SquadExpansion/MakingHistory/Parts/Utility/flags/flagSize4/flagSize4/flagPartSize4
[LOG 16:19:14.947] Config(INTERNAL) SquadExpansion/MakingHistory/Spaces/KVPods/Airlock_Internal/Airlock_IVA
[LOG 16:19:14.947] Config(INTERNAL) SquadExpansion/MakingHistory/Spaces/KVPods/KV1_Internal/KV1_IVA
[LOG 16:19:14.947] Config(INTERNAL) SquadExpansion/MakingHistory/Spaces/KVPods/KV2_Internal/KV2_IVA
[LOG 16:19:14.947] Config(INTERNAL) SquadExpansion/MakingHistory/Spaces/KVPods/KV3_Internal/KV3_IVA
[LOG 16:19:14.947] Config(INTERNAL) SquadExpansion/MakingHistory/Spaces/MEM/MEM_IVA/MEM_IVA
[LOG 16:19:14.947] Config(INTERNAL) SquadExpansion/MakingHistory/Spaces/Mk2Pod/Mk2Pod_Internal/MK2POD_IVA
[LOG 16:19:14.947] Config(Contracts) SquadExpansion/Serenity/Contracts/contracts/Contracts
[LOG 16:19:14.947] Config(EXPERIENCE_TRAIT) SquadExpansion/Serenity/Experience/Traits/Engineer
[LOG 16:19:14.947] Config(EXPERIENCE_TRAIT) SquadExpansion/Serenity/Experience/Traits/Scientist
[LOG 16:19:14.947] Config(Localization) SquadExpansion/Serenity/Localization/dictionary/Localization
[LOG 16:19:14.947] Config(PART) SquadExpansion/Serenity/Parts/Aero/FanShroud_01/FanShroud_01
[LOG 16:19:14.947] Config(PART) SquadExpansion/Serenity/Parts/Aero/FanShroud_02/FanShroud_02
[LOG 16:19:14.947] Config(PART) SquadExpansion/Serenity/Parts/Aero/FanShroud_03/FanShroud_03
[LOG 16:19:14.947] Config(PART) SquadExpansion/Serenity/Parts/Aero/noseconeTiny/noseconeTiny
[LOG 16:19:14.947] Config(PART) SquadExpansion/Serenity/Parts/Aero/noseconeVS/noseconeVS
[LOG 16:19:14.947] Config(PART) SquadExpansion/Serenity/Parts/DeployedScience/centralStation/DeployedCentralStation
[LOG 16:19:14.947] Config(PART) SquadExpansion/Serenity/Parts/DeployedScience/gooObservation/DeployedGoExOb
[LOG 16:19:14.947] Config(PART) SquadExpansion/Serenity/Parts/DeployedScience/ionCollector/DeployedIONExp
[LOG 16:19:14.947] Config(PART) SquadExpansion/Serenity/Parts/DeployedScience/rtg/DeployedRTG
[LOG 16:19:14.947] Config(PART) SquadExpansion/Serenity/Parts/DeployedScience/satDish/DeployedSatDish
[LOG 16:19:14.947] Config(PART) SquadExpansion/Serenity/Parts/DeployedScience/seismicSensor/DeployedSeismicSensor
[LOG 16:19:14.947] Config(PART) SquadExpansion/Serenity/Parts/DeployedScience/solarPanel/DeployedSolarPanel
[LOG 16:19:14.947] Config(PART) SquadExpansion/Serenity/Parts/DeployedScience/weatherStation/DeployedWeatherStn
[LOG 16:19:14.947] Config(PART) SquadExpansion/Serenity/Parts/Prebuilt/kerbalEVA/kerbalEVA
[LOG 16:19:14.947] Config(PART) SquadExpansion/Serenity/Parts/Prebuilt/kerbalEVAfemale/kerbalEVAfemale
[LOG 16:19:14.947] Config(PART) SquadExpansion/Serenity/Parts/Prebuilt/kerbalEVAfemaleFuture/kerbalEVAfemaleFuture
[LOG 16:19:14.947] Config(PART) SquadExpansion/Serenity/Parts/Prebuilt/kerbalEVAfemaleVintage/kerbalEVAfemaleVintage
[LOG 16:19:14.948] Config(PART) SquadExpansion/Serenity/Parts/Prebuilt/kerbalEVAFuture/kerbalEVAFuture
[LOG 16:19:14.948] Config(PART) SquadExpansion/Serenity/Parts/Prebuilt/kerbalEVASlimSuit/kerbalEVASlimSuit
[LOG 16:19:14.948] Config(PART) SquadExpansion/Serenity/Parts/Prebuilt/kerbalEVASlimSuitFemale/kerbalEVASlimSuitFemale
[LOG 16:19:14.948] Config(PART) SquadExpansion/Serenity/Parts/Prebuilt/kerbalEVAVintage/kerbalEVAVintage
[LOG 16:19:14.948] Config(PART) SquadExpansion/Serenity/Parts/Propellers/largeFanBlade/largeFanBlade
[LOG 16:19:14.948] Config(PART) SquadExpansion/Serenity/Parts/Propellers/largeHeliBlade/largeHeliBlade
[LOG 16:19:14.948] Config(PART) SquadExpansion/Serenity/Parts/Propellers/largePropeller/largePropeller
[LOG 16:19:14.948] Config(PART) SquadExpansion/Serenity/Parts/Propellers/mediumFanBlade/mediumFanBlade
[LOG 16:19:14.948] Config(PART) SquadExpansion/Serenity/Parts/Propellers/mediumHeliBlade/mediumHeliBlade
[LOG 16:19:14.948] Config(PART) SquadExpansion/Serenity/Parts/Propellers/mediumPropeller/mediumPropeller
[LOG 16:19:14.948] Config(PART) SquadExpansion/Serenity/Parts/Propellers/smallFanBlade/smallFanBlade
[LOG 16:19:14.948] Config(PART) SquadExpansion/Serenity/Parts/Propellers/smallHeliBlade/smallHeliBlade
[LOG 16:19:14.948] Config(PART) SquadExpansion/Serenity/Parts/Propellers/smallPropeller/smallPropeller
[LOG 16:19:14.948] Config(PART) SquadExpansion/Serenity/Parts/Robotics/hinge_01/hinge_01
[LOG 16:19:14.948] Config(PART) SquadExpansion/Serenity/Parts/Robotics/hinge_01_s/hinge_01_s
[LOG 16:19:14.948] Config(PART) SquadExpansion/Serenity/Parts/Robotics/hinge_03/hinge_03
[LOG 16:19:14.948] Config(PART) SquadExpansion/Serenity/Parts/Robotics/hinge_03_s/hinge_03_s
[LOG 16:19:14.948] Config(PART) SquadExpansion/Serenity/Parts/Robotics/hinge_04/hinge_04
[LOG 16:19:14.948] Config(PART) SquadExpansion/Serenity/Parts/Robotics/piston_01/piston_01
[LOG 16:19:14.948] Config(PART) SquadExpansion/Serenity/Parts/Robotics/piston_02/piston_02
[LOG 16:19:14.948] Config(PART) SquadExpansion/Serenity/Parts/Robotics/piston_03/piston_03
[LOG 16:19:14.948] Config(PART) SquadExpansion/Serenity/Parts/Robotics/piston_04/piston_04
[LOG 16:19:14.948] Config(PART) SquadExpansion/Serenity/Parts/Robotics/RotorEngine_02/RotorEngine_02
[LOG 16:19:14.948] Config(PART) SquadExpansion/Serenity/Parts/Robotics/RotorEngine_03/RotorEngine_03
[LOG 16:19:14.948] Config(PART) SquadExpansion/Serenity/Parts/Robotics/rotor_01/rotor_01
[LOG 16:19:14.948] Config(PART) SquadExpansion/Serenity/Parts/Robotics/rotor_01s/rotor_01s
[LOG 16:19:14.949] Config(PART) SquadExpansion/Serenity/Parts/Robotics/rotor_02/rotor_02
[LOG 16:19:14.949] Config(PART) SquadExpansion/Serenity/Parts/Robotics/rotor_02s/rotor_02s
[LOG 16:19:14.949] Config(PART) SquadExpansion/Serenity/Parts/Robotics/rotor_03/rotor_03
[LOG 16:19:14.949] Config(PART) SquadExpansion/Serenity/Parts/Robotics/rotor_03s/rotor_03s
[LOG 16:19:14.949] Config(PART) SquadExpansion/Serenity/Parts/Robotics/rotoServo_00/rotoServo_00
[LOG 16:19:14.949] Config(PART) SquadExpansion/Serenity/Parts/Robotics/rotoServo_02/rotoServo_02
[LOG 16:19:14.949] Config(PART) SquadExpansion/Serenity/Parts/Robotics/rotoServo_03/rotoServo_03
[LOG 16:19:14.949] Config(PART) SquadExpansion/Serenity/Parts/Robotics/rotoServo_04/rotoServo_04
[LOG 16:19:14.949] Config(PART) SquadExpansion/Serenity/Parts/Robotics/Controllers/KAL1000/controller1000
[LOG 16:19:14.949] Config(PART) SquadExpansion/Serenity/Parts/Science/RobotArmScanner/RobotArmScanner_S1/RobotArmScanner_S1
[LOG 16:19:14.949] Config(PART) SquadExpansion/Serenity/Parts/Science/RobotArmScanner/RobotArmScanner_S2/RobotArmScanner_S2
[LOG 16:19:14.949] Config(PART) SquadExpansion/Serenity/Parts/Science/RobotArmScanner/RobotArmScanner_S3/RobotArmScanner_S3
[LOG 16:19:14.949] Config(PART) SquadExpansion/Serenity/Parts/Structural/gripPads/lGripPad/lGripPad
[LOG 16:19:14.949] Config(PART) SquadExpansion/Serenity/Parts/Structural/gripPads/lGripStrip/lGripStrip
[LOG 16:19:14.949] Config(PART) SquadExpansion/Serenity/Parts/Structural/gripPads/mGripPad/mGripPad
[LOG 16:19:14.949] Config(PART) SquadExpansion/Serenity/Parts/Structural/gripPads/sGripPad/sGripPad
[LOG 16:19:14.949] Config(PART) SquadExpansion/Serenity/Parts/Structural/gripPads/sGripStrip/sGripStrip
[LOG 16:19:14.949] Config(DEPLOYEDSCIENCE) SquadExpansion/Serenity/Resources/DeployedScience/DEPLOYEDSCIENCE
[LOG 16:19:14.949] Config(PHYSICMATERIAL_DEFINITION) SquadExpansion/Serenity/Resources/PhysicsMaterials/MediumGrip
[LOG 16:19:14.949] Config(PHYSICMATERIAL_DEFINITION) SquadExpansion/Serenity/Resources/PhysicsMaterials/HighGrip
[LOG 16:19:14.949] Config(PHYSICMATERIAL_DEFINITION) SquadExpansion/Serenity/Resources/PhysicsMaterials/ExtremeGrip
[LOG 16:19:14.949] Config(PHYSICMATERIAL_DEFINITION) SquadExpansion/Serenity/Resources/PhysicsMaterials/LowGrip
[LOG 16:19:14.949] Config(PHYSICMATERIAL_DEFINITION) SquadExpansion/Serenity/Resources/PhysicsMaterials/Default
[LOG 16:19:14.949] Config(ROC_DEFINITION) SquadExpansion/Serenity/Resources/rocsdef/ROC_DEFINITION
[LOG 16:19:14.949] Config(ROC_DEFINITION) SquadExpansion/Serenity/Resources/rocsdef/ROC_DEFINITION
[LOG 16:19:14.949] Config(ROC_DEFINITION) SquadExpansion/Serenity/Resources/rocsdef/ROC_DEFINITION
[LOG 16:19:14.950] Config(ROC_DEFINITION) SquadExpansion/Serenity/Resources/rocsdef/ROC_DEFINITION
[LOG 16:19:14.950] Config(ROC_DEFINITION) SquadExpansion/Serenity/Resources/rocsdef/ROC_DEFINITION
[LOG 16:19:14.950] Config(ROC_DEFINITION) SquadExpansion/Serenity/Resources/rocsdef/ROC_DEFINITION
[LOG 16:19:14.950] Config(ROC_DEFINITION) SquadExpansion/Serenity/Resources/rocsdef/ROC_DEFINITION
[LOG 16:19:14.950] Config(ROC_DEFINITION) SquadExpansion/Serenity/Resources/rocsdef/ROC_DEFINITION
[LOG 16:19:14.950] Config(ROC_DEFINITION) SquadExpansion/Serenity/Resources/rocsdef/ROC_DEFINITION
[LOG 16:19:14.950] Config(ROC_DEFINITION) SquadExpansion/Serenity/Resources/rocsdef/ROC_DEFINITION
[LOG 16:19:14.950] Config(ROC_DEFINITION) SquadExpansion/Serenity/Resources/rocsdef/ROC_DEFINITION
[LOG 16:19:14.950] Config(ROC_DEFINITION) SquadExpansion/Serenity/Resources/rocsdef/ROC_DEFINITION
[LOG 16:19:14.950] Config(ROC_DEFINITION) SquadExpansion/Serenity/Resources/rocsdef/ROC_DEFINITION
[LOG 16:19:14.950] Config(ROC_DEFINITION) SquadExpansion/Serenity/Resources/rocsdef/ROC_DEFINITION
[LOG 16:19:14.950] Config(ROC_DEFINITION) SquadExpansion/Serenity/Resources/rocsdef/ROC_DEFINITION
[LOG 16:19:14.950] Config(ROC_DEFINITION) SquadExpansion/Serenity/Resources/rocsdef/ROC_DEFINITION
[LOG 16:19:14.950] Config(ROC_DEFINITION) SquadExpansion/Serenity/Resources/rocsdef/ROC_DEFINITION
[LOG 16:19:14.950] Config(ROC_DEFINITION) SquadExpansion/Serenity/Resources/rocsdef/ROC_DEFINITION
[LOG 16:19:14.950] Config(ROC_DEFINITION) SquadExpansion/Serenity/Resources/rocsdef/ROC_DEFINITION
[LOG 16:19:14.950] Config(ROC_DEFINITION) SquadExpansion/Serenity/Resources/rocsdef/ROC_DEFINITION
[LOG 16:19:14.950] Config(ROC_DEFINITION) SquadExpansion/Serenity/Resources/rocsdef/ROC_DEFINITION
[LOG 16:19:14.950] Config(ROC_DEFINITION) SquadExpansion/Serenity/Resources/rocsdef/ROC_DEFINITION
[LOG 16:19:14.950] Config(ROC_DEFINITION) SquadExpansion/Serenity/Resources/rocsdef/ROC_DEFINITION
[LOG 16:19:14.950] Config(ROC_DEFINITION) SquadExpansion/Serenity/Resources/rocsdef/ROC_DEFINITION
[LOG 16:19:14.950] Config(ROC_DEFINITION) SquadExpansion/Serenity/Resources/rocsdef/ROC_DEFINITION
[LOG 16:19:14.950] Config(ROC_DEFINITION) SquadExpansion/Serenity/Resources/rocsdef/ROC_DEFINITION
[LOG 16:19:14.950] Config(ROC_DEFINITION) SquadExpansion/Serenity/Resources/rocsdef/ROC_DEFINITION
[LOG 16:19:14.950] Config(ROC_DEFINITION) SquadExpansion/Serenity/Resources/rocsdef/ROC_DEFINITION
[LOG 16:19:14.950] Config(ROC_DEFINITION) SquadExpansion/Serenity/Resources/rocsdef/ROC_DEFINITION
[LOG 16:19:14.950] Config(ROC_DEFINITION) SquadExpansion/Serenity/Resources/rocsdef/ROC_DEFINITION
[LOG 16:19:14.950] Config(ROC_DEFINITION) SquadExpansion/Serenity/Resources/rocsdef/ROC_DEFINITION
[LOG 16:19:14.950] Config(ROC_DEFINITION) SquadExpansion/Serenity/Resources/rocsdef/ROC_DEFINITION
[LOG 16:19:14.951] Config(ROC_DEFINITION) SquadExpansion/Serenity/Resources/rocsdef/ROC_DEFINITION
[LOG 16:19:14.951] Config(ROC_DEFINITION) SquadExpansion/Serenity/Resources/rocsdef/ROC_DEFINITION
[LOG 16:19:14.951] Config(EXPERIMENT_DEFINITION) SquadExpansion/Serenity/Resources/ScienceDefs/EXPERIMENT_DEFINITION
[LOG 16:19:14.951] Config(EXPERIMENT_DEFINITION) SquadExpansion/Serenity/Resources/ScienceDefs/EXPERIMENT_DEFINITION
[LOG 16:19:14.951] Config(EXPERIMENT_DEFINITION) SquadExpansion/Serenity/Resources/ScienceDefs/EXPERIMENT_DEFINITION
[LOG 16:19:14.951] Config(EXPERIMENT_DEFINITION) SquadExpansion/Serenity/Resources/ScienceDefs/EXPERIMENT_DEFINITION
[LOG 16:19:14.951] Config(EXPERIMENT_DEFINITION) SquadExpansion/Serenity/Resources/ScienceDefs/EXPERIMENT_DEFINITION
[LOG 16:19:14.951] Config(EXPERIMENT_DEFINITION) SquadExpansion/Serenity/Resources/ScienceDefs/EXPERIMENT_DEFINITION
[LOG 16:19:14.951] Config(EXPERIMENT_DEFINITION) SquadExpansion/Serenity/Resources/ScienceDefs/EXPERIMENT_DEFINITION
[LOG 16:19:14.951] Config(EXPERIMENT_DEFINITION) SquadExpansion/Serenity/Resources/ScienceDefs/EXPERIMENT_DEFINITION
[LOG 16:19:14.951] Config(EXPERIMENT_DEFINITION) SquadExpansion/Serenity/Resources/ScienceDefs/EXPERIMENT_DEFINITION
[LOG 16:19:14.951] Config(EXPERIMENT_DEFINITION) SquadExpansion/Serenity/Resources/ScienceDefs/EXPERIMENT_DEFINITION
[LOG 16:19:14.951] Config(EXPERIMENT_DEFINITION) SquadExpansion/Serenity/Resources/ScienceDefs/EXPERIMENT_DEFINITION
[LOG 16:19:14.951] Config(EXPERIMENT_DEFINITION) SquadExpansion/Serenity/Resources/ScienceDefs/EXPERIMENT_DEFINITION
[LOG 16:19:14.951] Config(EXPERIMENT_DEFINITION) SquadExpansion/Serenity/Resources/ScienceDefs/EXPERIMENT_DEFINITION
[LOG 16:19:14.951] Config(EXPERIMENT_DEFINITION) SquadExpansion/Serenity/Resources/ScienceDefs/EXPERIMENT_DEFINITION
[LOG 16:19:14.951] Config(EXPERIMENT_DEFINITION) SquadExpansion/Serenity/Resources/ScienceDefs/EXPERIMENT_DEFINITION
[LOG 16:19:14.951] Config(EXPERIMENT_DEFINITION) SquadExpansion/Serenity/Resources/ScienceDefs/EXPERIMENT_DEFINITION
[LOG 16:19:14.951] Config(EXPERIMENT_DEFINITION) SquadExpansion/Serenity/Resources/ScienceDefs/EXPERIMENT_DEFINITION
[LOG 16:19:14.951] Config(EXPERIMENT_DEFINITION) SquadExpansion/Serenity/Resources/ScienceDefs/EXPERIMENT_DEFINITION
[LOG 16:19:14.951] Config(EXPERIMENT_DEFINITION) SquadExpansion/Serenity/Resources/ScienceDefs/EXPERIMENT_DEFINITION
[LOG 16:19:14.951] Config(EXPERIMENT_DEFINITION) SquadExpansion/Serenity/Resources/ScienceDefs/EXPERIMENT_DEFINITION
[LOG 16:19:14.951] Config(EXPERIMENT_DEFINITION) SquadExpansion/Serenity/Resources/ScienceDefs/EXPERIMENT_DEFINITION
[LOG 16:19:14.951] Config(EXPERIMENT_DEFINITION) SquadExpansion/Serenity/Resources/ScienceDefs/EXPERIMENT_DEFINITION
[LOG 16:19:14.951] Config(EXPERIMENT_DEFINITION) SquadExpansion/Serenity/Resources/ScienceDefs/EXPERIMENT_DEFINITION
[LOG 16:19:14.951] Config(EXPERIMENT_DEFINITION) SquadExpansion/Serenity/Resources/ScienceDefs/EXPERIMENT_DEFINITION
[LOG 16:19:14.951] Config(EXPERIMENT_DEFINITION) SquadExpansion/Serenity/Resources/ScienceDefs/EXPERIMENT_DEFINITION
[LOG 16:19:14.951] Config(EXPERIMENT_DEFINITION) SquadExpansion/Serenity/Resources/ScienceDefs/EXPERIMENT_DEFINITION
[LOG 16:19:14.951] Config(EXPERIMENT_DEFINITION) SquadExpansion/Serenity/Resources/ScienceDefs/EXPERIMENT_DEFINITION
[LOG 16:19:14.951] Config(EXPERIMENT_DEFINITION) SquadExpansion/Serenity/Resources/ScienceDefs/EXPERIMENT_DEFINITION
[LOG 16:19:14.952] Config(EXPERIMENT_DEFINITION) SquadExpansion/Serenity/Resources/ScienceDefs/EXPERIMENT_DEFINITION
[LOG 16:19:14.952] Config(EXPERIMENT_DEFINITION) SquadExpansion/Serenity/Resources/ScienceDefs/EXPERIMENT_DEFINITION
[LOG 16:19:14.952] Config(EXPERIMENT_DEFINITION) SquadExpansion/Serenity/Resources/ScienceDefs/EXPERIMENT_DEFINITION
[LOG 16:19:14.952] Config(EXPERIMENT_DEFINITION) SquadExpansion/Serenity/Resources/ScienceDefs/EXPERIMENT_DEFINITION
[LOG 16:19:14.952] Config(EXPERIMENT_DEFINITION) SquadExpansion/Serenity/Resources/ScienceDefs/EXPERIMENT_DEFINITION
[LOG 16:19:14.952] Config(EXPERIMENT_DEFINITION) SquadExpansion/Serenity/Resources/ScienceDefs/EXPERIMENT_DEFINITION
[LOG 16:19:14.952] Config(EXPERIMENT_DEFINITION) SquadExpansion/Serenity/Resources/ScienceDefs/EXPERIMENT_DEFINITION
[LOG 16:19:14.952] Config(EXPERIMENT_DEFINITION) SquadExpansion/Serenity/Resources/ScienceDefs/EXPERIMENT_DEFINITION
[LOG 16:19:14.952] Config(EXPERIMENT_DEFINITION) SquadExpansion/Serenity/Resources/ScienceDefs/EXPERIMENT_DEFINITION
[LOG 16:19:14.952] Config(EXPERIMENT_DEFINITION) SquadExpansion/Serenity/Resources/ScienceDefs/EXPERIMENT_DEFINITION
[LOG 16:19:14.952] Config(STORY_DEF) SquadExpansion/Serenity/Resources/StoryDefs/STORY_DEF
[LOG 16:19:14.952] Compiling Configs Completed.
[LOG 16:19:14.955] Resource LiquidFuel added to database
[LOG 16:19:14.955] Resource Oxidizer added to database
[LOG 16:19:14.955] Resource SolidFuel added to database
[LOG 16:19:14.955] Resource MonoPropellant added to database
[LOG 16:19:14.955] Resource XenonGas added to database
[LOG 16:19:14.955] Resource ElectricCharge added to database
[LOG 16:19:14.955] Resource IntakeAir added to database
[LOG 16:19:14.955] Resource EVA Propellant added to database
[LOG 16:19:14.955] Resource Ore added to database
[LOG 16:19:14.955] Resource Ablator added to database
[LOG 16:19:14.957] Resource MediumGrip added to database
[LOG 16:19:14.957] Resource HighGrip added to database
[LOG 16:19:14.957] Resource ExtremeGrip added to database
[LOG 16:19:14.957] Resource LowGrip added to database
[LOG 16:19:14.957] Resource Default added to database
[LOG 16:19:14.957] CodeAssetLoader: Compiling all code assets
[LOG 16:19:14.961] ExperienceSystemConfig: Added Effect 'DeployedSciencePowerSkill' to Trait 'Ingénieur'
[LOG 16:19:14.961] ExperienceSystemConfig: Added Effect 'DeployedScienceExpSkill' to Trait 'Scientifique'
[LOG 16:19:14.966] ConfigNode[]
[LOG 16:19:14.966] GameDatabase: Assets loaded in 23.728s
[LOG 16:19:14.968] [ModuleManager] Waited 0.000s for patching to finish
[LOG 16:19:14.968] [ModuleManager] Applying patched game database
[LOG 16:19:14.970] [ModuleManager] Dumping ModuleManager log to main log
[LOG 16:19:14.971] [ModuleManager] 
#### BEGIN MODULEMANAGER LOG ####


[LOG 16:18:55.962] Log started at 2026-09-28 16:18:55.962
[LOG 16:18:58.130] Checking Cache
[LOG 16:18:58.564] SHA generated in 0.430s
[LOG 16:18:58.564]       SHA = 6D-30-76-07-20-3E-5B-77-98-2D-64-D6-AB-8B-D6-36-F0-C8-28-B8-B0-C9-0D-F8-E0-CE-36-56-75-3A-3F-EC
[LOG 16:18:58.605] Cache SHA = DB-03-CB-63-CE-2E-A7-C9-F6-61-15-76-67-83-74-1C-9F-2C-31-B4-AC-26-23-CA-51-A2-76-76-BE-A9-40-39
[LOG 16:18:58.605] useCache = False
[LOG 16:18:58.725] Pre patch init
[LOG 16:18:59.064] compiling list of loaded mods...
Mod DLLs found:
  Name                                    Assembly Version         Assembly File Version    KSPAssembly Version      SHA256

  Assembly-CSharp                         0.0.0.0                  0.0.0.0                  1.12                     d9e42483f25ee80a9c11d6c1c0a0d29b4ec78c1e08d76c971b71580c9cce51e4
  ModuleManager                           4.2.3.0                  4.2.3.0                  2.5                      95847827ab293b9e82a19b7efb97ffea3e98cc03b181862536ac8eb572e30d7d
  0Harmony                                2.2.1.0                  2.2.1.0                                           19ce60ac3280f72ec1751d36a40cb7e2fece2934df8345969dc7feb83bd633e4
  HarmonyInstallChecker                   2.2.1.0                  2.2.1.0                  1.0                      f11e659e91a52c21c5bda78e52b82a7bdc246bcab6a999733af3c69a11a9dc0e
  0_MultipleModuleInPartAPI               1.0.0.0                  1.0.0.0                  1.0                      df4a22fb0535de7fa154ca234b50dd7c2fc6be879e4a877d9bad1f87bafafcbf
  KSPCommunityFixes                       1.41.0.0                 1.41.1.0                 1.41                     e08ebbec7ab34f4f7ff56d6e900051bb0d259a4bc092881d7db3ca2f9f2e9a11
  TerrainPrecisionFixDiag4Mod             1.0.9767.18299           1.0.9767.18299                                    f8e2209057449e4a7b2f64e9c656af4b8afc75f3ae769760c0d67fba36d9621f
Non-DLL mods added (:FOR[xxx]):
Mods by directory (sub directories of GameData):
  000_Harmony
  Squad
  SquadExpansion
Mods added by assemblies:

[LOG 16:18:59.065] Loading Physics.cfg
[LOG 16:18:59.066] Extracting patches
[LOG 16:18:59.077] Deleting root node in file KSPCommunityFixes/MMPatches/ModSupport/FixDockingNodes node: @PART[*]:HAS[@MODULE[ModuleDockingNodeFixed]]:NEEDS[FixDockingNodes]:FINAL as it can't satisfy its NEEDS
[LOG 16:18:59.078] Deleting root node in file KSPCommunityFixes/MMPatches/ModSupport/KSPRecall node: @KSP_COMMUNITY_FIXES:NEEDS[AttachedOnEditor] as it can't satisfy its NEEDS
[LOG 16:18:59.078] Deleting root node in file KSPCommunityFixes/MMPatches/ModSupport/UniversalStorage node: @KSP_COMMUNITY_FIXES:NEEDS[UniversalStorage2] as it can't satisfy its NEEDS
[LOG 16:18:59.196] Applying patches
[LOG 16:18:59.199] :INSERT (initial) pass
[LOG 16:18:59.244] :FIRST pass
[LOG 16:18:59.248] Applying update KSPCommunityFixes/MMPatches/StockTweaks/LadderToggleableLight/@PART[telescopicLadderBay]:FIRST to Squad/Parts/Utility/ladderTelescopicBay/ladderTelescopicBay.cfg/PART[telescopicLadderBay]
[LOG 16:18:59.258] Applying update KSPCommunityFixes/MMPatches/StockTweaks/LadderToggleableLight/@PART[telescopicLadderBay]:HAS[#LadderToggleableLight[?rue]]:FIRST to Squad/Parts/Utility/ladderTelescopicBay/ladderTelescopicBay.cfg/PART[telescopicLadderBay]
[LOG 16:18:59.259] Applying update KSPCommunityFixes/MMPatches/StockTweaks/LadderToggleableLight/@PART[telescopicLadderBay]:HAS[#LadderToggleableLight]:FIRST to Squad/Parts/Utility/ladderTelescopicBay/ladderTelescopicBay.cfg/PART[telescopicLadderBay]
[LOG 16:18:59.260] Applying update KSPCommunityFixes/MMPatches/StockTweaks/LandingGearLights/@PART[GearSmall]:FIRST to Squad/Parts/Wheel/LandingGear/GearMedium.cfg/PART[GearSmall]
[LOG 16:18:59.262] Applying update KSPCommunityFixes/MMPatches/StockTweaks/LandingGearLights/@PART[SmallGearBay]:FIRST to Squad/Parts/Wheel/LandingGear/GearSmall.cfg/PART[SmallGearBay]
[LOG 16:18:59.262] :LEGACY (default) pass
[LOG 16:18:59.264] :BEFORE[0_MULTIPLEMODULEINPARTAPI] pass
[LOG 16:18:59.264] :FOR[0_MULTIPLEMODULEINPARTAPI] pass
[LOG 16:18:59.264] :AFTER[0_MULTIPLEMODULEINPARTAPI] pass
[LOG 16:18:59.264] :BEFORE[000_HARMONY] pass
[LOG 16:18:59.264] :FOR[000_HARMONY] pass
[LOG 16:18:59.264] :AFTER[000_HARMONY] pass
[LOG 16:18:59.264] :BEFORE[0HARMONY] pass
[LOG 16:18:59.264] :FOR[0HARMONY] pass
[LOG 16:18:59.264] :AFTER[0HARMONY] pass
[LOG 16:18:59.264] :BEFORE[ASSEMBLY-CSHARP] pass
[LOG 16:18:59.264] :FOR[ASSEMBLY-CSHARP] pass
[LOG 16:18:59.264] :AFTER[ASSEMBLY-CSHARP] pass
[LOG 16:18:59.264] :BEFORE[HARMONYINSTALLCHECKER] pass
[LOG 16:18:59.264] :FOR[HARMONYINSTALLCHECKER] pass
[LOG 16:18:59.264] :AFTER[HARMONYINSTALLCHECKER] pass
[LOG 16:18:59.264] :BEFORE[KSPCOMMUNITYFIXES] pass
[LOG 16:18:59.264] :FOR[KSPCOMMUNITYFIXES] pass
[LOG 16:18:59.264] Applying update KSPCommunityFixes/MMPatches/StockTweaks/ManufacturerFixes/@PART[sasModule]:FOR[KSPCommunityFixes] to Squad/Parts/Command/inlineReactionWheel/inlineReactionWheel.cfg/PART[sasModule]
[LOG 16:18:59.265] Applying update KSPCommunityFixes/MMPatches/StockTweaks/ManufacturerFixes/@PART[xenonTankRadial]:FOR[KSPCommunityFixes] to Squad/Parts/FuelTank/xenonTankRadial/xenonTankRadial.cfg/PART[xenonTankRadial]
[LOG 16:18:59.265] Applying update KSPCommunityFixes/MMPatches/StockTweaks/ManufacturerFixes/@PART[winglet|fireworksLauncherSmall|fireworksLauncherBig]:FOR[KSPCommunityFixes] to Squad/Parts/Aero/wingletAV-T1/wingletAV-T1.cfg/PART[winglet]
[LOG 16:18:59.266] Applying update KSPCommunityFixes/MMPatches/StockTweaks/ManufacturerFixes/@PART[winglet|fireworksLauncherSmall|fireworksLauncherBig]:FOR[KSPCommunityFixes] to Squad/Parts/Utility/Fireworks/fireworksLauncherBig.cfg/PART[fireworksLauncherBig]
[LOG 16:18:59.266] Applying update KSPCommunityFixes/MMPatches/StockTweaks/ManufacturerFixes/@PART[winglet|fireworksLauncherSmall|fireworksLauncherBig]:FOR[KSPCommunityFixes] to Squad/Parts/Utility/Fireworks/fireworksLauncherSmall.cfg/PART[fireworksLauncherSmall]
[LOG 16:18:59.266] Applying update KSPCommunityFixes/MMPatches/StockTweaks/ManufacturerFixes/@PART[solidBooster_sm_v2|solidBooster_v2]:FOR[KSPCommunityFixes] to Squad/Parts/Engine/Size1_SRBs/solidBoosterRT-10_v2.cfg/PART[solidBooster_v2]
[LOG 16:18:59.267] Applying update KSPCommunityFixes/MMPatches/StockTweaks/ManufacturerFixes/@PART[solidBooster_sm_v2|solidBooster_v2]:FOR[KSPCommunityFixes] to Squad/Parts/Engine/Size1_SRBs/solidBoosterRT-5_v2.cfg/PART[solidBooster_sm_v2]
[LOG 16:18:59.267] Applying update KSPCommunityFixes/MMPatches/StockTweaks/ManufacturerFixes/@PART[ServiceBay_125_v2|ServiceBay_250_v2]:FOR[KSPCommunityFixes] to Squad/Parts/Utility/ServiceBay_v2/ServiceBay_125_v2.cfg/PART[ServiceBay_125_v2]
[LOG 16:18:59.268] Applying update KSPCommunityFixes/MMPatches/StockTweaks/ManufacturerFixes/@PART[ServiceBay_125_v2|ServiceBay_250_v2]:FOR[KSPCommunityFixes] to Squad/Parts/Utility/ServiceBay_v2/ServiceBay_250_v2.cfg/PART[ServiceBay_250_v2]
[LOG 16:18:59.268] Applying update KSPCommunityFixes/MMPatches/StockTweaks/ManufacturerFixes/@PART[externalTankCapsule]:FOR[KSPCommunityFixes] to Squad/Parts/FuelTank/FoilTanks/RadialTank_Capsule.cfg/PART[externalTankCapsule]
[LOG 16:18:59.268] Applying update KSPCommunityFixes/MMPatches/StockTweaks/ManufacturerFixes/@PART[RCSFuelTank|rcsTankMini|RCSTank1-2]:FOR[KSPCommunityFixes] to Squad/Parts/FuelTank/RCSFuelTankR1/RCSFuelTankR1.cfg/PART[RCSTank1-2]
[LOG 16:18:59.269] Applying update KSPCommunityFixes/MMPatches/StockTweaks/ManufacturerFixes/@PART[RCSFuelTank|rcsTankMini|RCSTank1-2]:FOR[KSPCommunityFixes] to Squad/Parts/FuelTank/RCSFuelTankR10/RCSFuelTankR10.cfg/PART[rcsTankMini]
[LOG 16:18:59.269] Applying update KSPCommunityFixes/MMPatches/StockTweaks/ManufacturerFixes/@PART[RCSFuelTank|rcsTankMini|RCSTank1-2]:FOR[KSPCommunityFixes] to Squad/Parts/FuelTank/RCSFuelTankR25/RCSFuelTankR25.cfg/PART[RCSFuelTank]
[LOG 16:18:59.269] Applying update KSPCommunityFixes/MMPatches/StockTweaks/ManufacturerFixes/@PART[landerCabinSmall]:FOR[KSPCommunityFixes] to Squad/Parts/Command/mk1LanderCan/mk1LanderCan.cfg/PART[landerCabinSmall]
[LOG 16:18:59.270] Applying update KSPCommunityFixes/MMPatches/StockTweaks/ManufacturerFixes/@PART[dockingPortLateral]:FOR[KSPCommunityFixes] to Squad/Parts/Utility/dockingPortInline/dockingPortInline.cfg/PART[dockingPortLateral]
[LOG 16:18:59.270] Applying update KSPCommunityFixes/MMPatches/StockTweaks/ManufacturerFixes/@PART[EnginePlate4]:FOR[KSPCommunityFixes]:NEEDS[SquadExpansion/MakingHistory] to SquadExpansion/MakingHistory/Parts/Coupling/EnginePlate_4.cfg/PART[EnginePlate4]
[LOG 16:18:59.271] Applying update KSPCommunityFixes/MMPatches/StockTweaks/ManufacturerFixes/@PART[Mk2Pod]:FOR[KSPCommunityFixes]:NEEDS[SquadExpansion/MakingHistory] to SquadExpansion/MakingHistory/Parts/Pods/Mk2Pod.cfg/PART[Mk2Pod]
[LOG 16:18:59.271] Applying update KSPCommunityFixes/MMPatches/StockTweaks/ManufacturerFixes/@PART[evaChute|parachuteSingle|parachuteRadial|radialDrogue|parachuteLarge|parachuteDrogue]:FOR[KSPCommunityFixes] to Squad/Parts/Cargo/Parachute/Parachute.cfg/PART[evaChute]
[LOG 16:18:59.272] Applying update KSPCommunityFixes/MMPatches/StockTweaks/ManufacturerFixes/@PART[evaChute|parachuteSingle|parachuteRadial|radialDrogue|parachuteLarge|parachuteDrogue]:FOR[KSPCommunityFixes] to Squad/Parts/Utility/parachuteMk1/parachuteMk1.cfg/PART[parachuteSingle]
[LOG 16:18:59.272] Applying update KSPCommunityFixes/MMPatches/StockTweaks/ManufacturerFixes/@PART[evaChute|parachuteSingle|parachuteRadial|radialDrogue|parachuteLarge|parachuteDrogue]:FOR[KSPCommunityFixes] to Squad/Parts/Utility/parachuteMk12-R/parachuteMk12-R.cfg/PART[radialDrogue]
[LOG 16:18:59.272] Applying update KSPCommunityFixes/MMPatches/StockTweaks/ManufacturerFixes/@PART[evaChute|parachuteSingle|parachuteRadial|radialDrogue|parachuteLarge|parachuteDrogue]:FOR[KSPCommunityFixes] to Squad/Parts/Utility/parachuteMk16-XL/parachuteMk16-XL.cfg/PART[parachuteLarge]
[LOG 16:18:59.272] Applying update KSPCommunityFixes/MMPatches/StockTweaks/ManufacturerFixes/@PART[evaChute|parachuteSingle|parachuteRadial|radialDrogue|parachuteLarge|parachuteDrogue]:FOR[KSPCommunityFixes] to Squad/Parts/Utility/parachuteMk2-R/parachuteMk2-R.cfg/PART[parachuteRadial]
[LOG 16:18:59.272] Applying update KSPCommunityFixes/MMPatches/StockTweaks/ManufacturerFixes/@PART[evaChute|parachuteSingle|parachuteRadial|radialDrogue|parachuteLarge|parachuteDrogue]:FOR[KSPCommunityFixes] to Squad/Parts/Utility/parachuteMk25/parachuteMk25.cfg/PART[parachuteDrogue]
[LOG 16:18:59.274] Applying update KSPCommunityFixes/MMPatches/StockTweaks/ManufacturerFixes/@PART[stackPoint1|dockingPort1|dockingPort2|dockingPort3|dockingPortLarge]:FOR[KSPCommunityFixes] to Squad/Parts/Utility/dockingPort/dockingPort.cfg/PART[dockingPort2]
[LOG 16:18:59.274] Applying update KSPCommunityFixes/MMPatches/StockTweaks/ManufacturerFixes/@PART[stackPoint1|dockingPort1|dockingPort2|dockingPort3|dockingPortLarge]:FOR[KSPCommunityFixes] to Squad/Parts/Utility/dockingPortJr/dockingPortJr.cfg/PART[dockingPort3]
[LOG 16:18:59.274] Applying update KSPCommunityFixes/MMPatches/StockTweaks/ManufacturerFixes/@PART[stackPoint1|dockingPort1|dockingPort2|dockingPort3|dockingPortLarge]:FOR[KSPCommunityFixes] to Squad/Parts/Utility/dockingPortShielded/dockingPortShielded.cfg/PART[dockingPort1]
[LOG 16:18:59.274] Applying update KSPCommunityFixes/MMPatches/StockTweaks/ManufacturerFixes/@PART[stackPoint1|dockingPort1|dockingPort2|dockingPort3|dockingPortLarge]:FOR[KSPCommunityFixes] to Squad/Parts/Utility/dockingPortSr/dockingPortSr.cfg/PART[dockingPortLarge]
[LOG 16:18:59.274] Applying update KSPCommunityFixes/MMPatches/StockTweaks/ManufacturerFixes/@PART[stackPoint1|dockingPort1|dockingPort2|dockingPort3|dockingPortLarge]:FOR[KSPCommunityFixes] to Squad/Parts/Utility/radialAttachmentPoint/radialAttachmentPoint.cfg/PART[stackPoint1]
[LOG 16:18:59.274] :AFTER[KSPCOMMUNITYFIXES] pass
[LOG 16:18:59.274] :BEFORE[MODULEMANAGER] pass
[LOG 16:18:59.274] :FOR[MODULEMANAGER] pass
[LOG 16:18:59.274] :AFTER[MODULEMANAGER] pass
[LOG 16:18:59.274] :BEFORE[SQUAD] pass
[LOG 16:18:59.274] :FOR[SQUAD] pass
[LOG 16:18:59.274] :AFTER[SQUAD] pass
[LOG 16:18:59.274] :BEFORE[SQUADEXPANSION] pass
[LOG 16:18:59.274] :FOR[SQUADEXPANSION] pass
[LOG 16:18:59.274] :AFTER[SQUADEXPANSION] pass
[LOG 16:18:59.274] :BEFORE[TERRAINPRECISIONFIXDIAG4MOD] pass
[LOG 16:18:59.274] :FOR[TERRAINPRECISIONFIXDIAG4MOD] pass
[LOG 16:18:59.274] :AFTER[TERRAINPRECISIONFIXDIAG4MOD] pass
[LOG 16:18:59.275] :LAST[999_KSP-RECALL] pass
[LOG 16:18:59.289] :FINAL pass
[LOG 16:18:59.289] Done patching
[LOG 16:18:59.289] Saving Cache
[LOG 16:18:59.352] Saving cache
[LOG 16:18:59.800] ModuleManager: 33 patches applied

[LOG 16:18:59.800] Ran in 1.670s
[LOG 16:18:59.860] Done!



#### END MODULEMANAGER LOG ####
[LOG 16:19:14.973] [ModuleManager] Running tests...
[LOG 16:19:14.973] [ModuleManager] tests complete.
[LOG 16:19:14.974] [ModuleManager] Reloading resources definitions
[LOG 16:19:14.974] Resource LiquidFuel added to database
[LOG 16:19:14.974] Resource Oxidizer added to database
[LOG 16:19:14.974] Resource SolidFuel added to database
[LOG 16:19:14.975] Resource MonoPropellant added to database
[LOG 16:19:14.975] Resource XenonGas added to database
[LOG 16:19:14.975] Resource ElectricCharge added to database
[LOG 16:19:14.975] Resource IntakeAir added to database
[LOG 16:19:14.975] Resource EVA Propellant added to database
[LOG 16:19:14.975] Resource Ore added to database
[LOG 16:19:14.975] Resource Ablator added to database
[LOG 16:19:14.975] [ModuleManager] Reloading Trait configs
[LOG 16:19:14.975] ExperienceSystemConfig: Added Effect 'DeployedSciencePowerSkill' to Trait 'Ingénieur'
[LOG 16:19:14.975] ExperienceSystemConfig: Added Effect 'DeployedScienceExpSkill' to Trait 'Scientifique'
[LOG 16:19:14.976] [ModuleManager] Reloading Part Upgrades
[LOG 16:19:14.976] [ModuleManager] Setting modded physics as the active one
[LOG 16:19:14.977] PhysicsGlobals: Loading database
[LOG 16:19:14.978] [ModuleManager] Running post patch callbacks
[LOG 16:19:14.990] [KSPCommunityFixes] Patch AutoStrutDrift applied.
[LOG 16:19:14.993] [KSPCommunityFixes] Patch EditorAnimatedPartsShipModified applied.
[LOG 16:19:14.999] [KSPCommunityFixes] Patch DragCubeLoadException applied.
[LOG 16:19:15.004] [KSPCommunityFixes] Patch DoubleCurvePreserveTangents applied.
[LOG 16:19:15.052] [KSPCommunityFixes] Patch DockingPortRotationDriftAndFixes applied.
[LOG 16:19:15.106] [KSPCommunityFixes] Patch DockingPortConserveMomentum applied.
[LOG 16:19:15.117] [KSPCommunityFixes] Patch DebugConsoleDontStealInput applied.
[LOG 16:19:15.121] [KSPCommunityFixes] Patch CorrectDragForFlags applied.
[LOG 16:19:15.122] [KSPCommunityFixes] Patch CometMiningNotRemovingMass applied.
[LOG 16:19:15.128] [KSPCommunityFixes] Patch ChutePhantomSymmetry applied.
[LOG 16:19:15.131] [KSPCommunityFixes] Patch CometSpawnerUniqueFlightId applied.
[LOG 16:19:15.132] [KSPCommunityFixes] Patch AsteroidSpawnerUniqueFlightId applied.
[LOG 16:19:15.133] [KSPCommunityFixes] Patch AsteroidInfiniteMining applied.
[LOG 16:19:15.161] [KSPCommunityFixes] Patch PersistentIConfigNode applied.
[LOG 16:19:15.161] [KSPCommunityFixes] Patch OnSymmetryFieldChanged not applied (not enabled in Settings.cfg)
[LOG 16:19:15.161] [KSPCommunityFixes] Patch ModUpgradePipeline not applied (not enabled in Settings.cfg)
[LOG 16:19:15.162] [KSPCommunityFixes] Patch KSPFieldEnumDesc not applied (not enabled in Settings.cfg)
[LOG 16:19:15.163] [KSPCommunityFixes] Patch EventProfilerMarkers not applied (not enabled in Settings.cfg)
[LOG 16:19:15.163] [KSPCommunityFixes] Patch DockingPortLockedEvents not applied (not enabled in Settings.cfg)
[LOG 16:19:15.165] [KSPCommunityFixes] Patch DepartmentHeadImage applied.
[LOG 16:19:15.177] [KSPCommunityFixes] Patch BaseFieldListUseFieldHost applied.
[LOG 16:19:15.207] [KSPCommunityFixes] Patch ResourceConverterPerf applied.
[LOG 16:19:15.216] [KSPCommunityFixes] Patch ProgressTrackingSpeedBoost applied.
[LOG 16:19:15.219] [KSPCommunityFixes] Patch PQSUpdateNoMemoryAlloc applied.
[LOG 16:19:15.219] [KSPCommunityFixes] Patch PQSOnlyStartOnce not applied (not enabled in Settings.cfg)
[LOG 16:19:15.232] [KSPCommunityFixes] Patch PQSCoroutineLeak applied.
[LOG 16:19:15.265] [KSPCommunityFixes] Patch PartSystemsFastUpdate applied.
[LOG 16:19:15.287] [KSPCommunityFixes] Patch PartParsingPerf applied.
[LOG 16:19:15.292] [KSPCommunityFixes] Patch EnginePlateAirstreamShieldedTopPart applied.
[LOG 16:19:15.299] [KSPCommunityFixes] Patch EVAConstructionMass applied.
[LOG 16:19:15.310] [KSPCommunityFixes] Patch EVAConstructionUninitializedInventory applied.
[LOG 16:19:15.316] [KSPCommunityFixes] Patch EVAKerbalRecovery applied.
[LOG 16:19:15.324] [KSPCommunityFixes] Patch TimeWarpOrbitShift applied.
[LOG 16:19:15.327] [KSPCommunityFixes] Patch TimeWarpBodyCollision applied.
[LOG 16:19:15.345] [KSPCommunityFixes] Patch ThumbnailSpotlight applied.
[LOG 16:19:15.351] [KSPCommunityFixes] Patch SymmetryReferenceOnDelete applied.
[LOG 16:19:15.351] [KSPCommunityFixes] Patch StrategyDuration not applied (not enabled in Settings.cfg)
[LOG 16:19:15.353] [KSPCommunityFixes] Patch StockAlarmDescPreserveLineBreak applied.
[LOG 16:19:15.382] [KSPCommunityFixes] Patch StickySplashedFixer applied.
[LOG 16:19:15.391] [KSPCommunityFixes] Patch ScatterDistribution applied.
[LOG 16:19:15.421] [KSPCommunityFixes] Patch RoboticsDrift applied.
[LOG 16:19:15.423] [KSPCommunityFixes] Patch RestoreMaxPhysicsDT applied.
[LOG 16:19:15.443] [KSPCommunityFixes] Patch RespawnDeadKerbals applied.
[LOG 16:19:15.447] [KSPCommunityFixes] Patch RescaledRoboticParts applied.
[LOG 16:19:15.450] [KSPCommunityFixes] Patch ReRootPreserveSurfaceAttach applied.
[LOG 16:19:15.471] [KSPCommunityFixes] Patch OptimizedModuleRaycasts applied.
[LOG 16:19:15.479] GetSubclassesOfParentClass: Found 1 types with ModuleInventoryPart parent in 7 assemblies.
[LOG 16:19:15.485] [KSPCommunityFixes] Patch RefundingOnRecovery applied.
[LOG 16:19:15.485] [KSPCommunityFixes] Patch PatchedConicEncounterFlickering applied.
[LOG 16:19:15.497] [KSPCommunityFixes] Patch PartListTooltipIconSpin applied.
[LOG 16:19:15.502] [KSPCommunityFixes] Patch PackedPartsRotation applied.
[LOG 16:19:15.519] [KSPCommunityFixes] Patch ModulePartVariantsNodePersistence applied.
[LOG 16:19:15.523] [KSPCommunityFixes] Patch ModuleAnimateGenericCrewModSpawnIVA applied.
[LOG 16:19:15.524] [KSPCommunityFixes] Patch ModuleActiveRadiatorNoParentException applied.
[LOG 16:19:15.528] [KSPCommunityFixes] Patch MapTargetBodyWithEncounter applied.
[LOG 16:19:15.531] [KSPCommunityFixes] Patch LostSoundAfterSceneSwitch applied.
[LOG 16:19:15.549] [KSPCommunityFixes] Patch LadderToggleableLight applied.
[LOG 16:19:15.565] [KSPCommunityFixes] Patch InventoryPartMass applied.
[LOG 16:19:15.572] [KSPCommunityFixes] Patch HarvesterECConsumption applied.
[LOG 16:19:15.574] [KSPCommunityFixes] Patch FixGetUnivseralTime applied.
[LOG 16:19:15.585] [KSPCommunityFixes] Patch ExtendedDeployableParts applied.
[LOG 16:19:15.587] [KSPCommunityFixes] Patch PropellantFlowDescription applied.
[LOG 16:19:15.612] [KSPCommunityFixes] Patch OptimisedVectorLines applied.
[LOG 16:19:15.620] [KSPCommunityFixes] Patch ModuleDockingNodeFindOtherNodesFaster applied.
[LOG 16:19:15.625] [KSPCommunityFixes] Patch ModuleColorChangerOptimization applied.
[LOG 16:19:15.631] [KSPCommunityFixes] Patch AutoSavedCraftNameAtLaunch applied.
[LOG 16:19:15.655] [KSPCommunityFixes] Patch PAWCollapsedInventories applied.
[LOG 16:19:15.659] [KSPCommunityFixes] Patch UIFloatEditNumericInput applied.
[LOG 16:19:15.686] [KSPCommunityFixes] Patch PAWStockGroups applied.
[LOG 16:19:15.698] [KSPCommunityFixes] Patch AltimeterHorizontalPosition applied.
[LOG 16:19:15.707] [KSPCommunityFixes] Patch SceneLoadSpeedBoost applied.
[LOG 16:19:15.765] [KSPCommunityFixes] Patch OnDemandPartBuoyancy applied.
[LOG 16:19:15.766] [KSPCommunityFixes] Patch ForceSyncSceneSwitch applied.
[LOG 16:19:15.767] [KSPCommunityFixes] Patch FewerSaves not applied (not enabled in Settings.cfg)
[LOG 16:19:15.768] [KSPCommunityFixes] Patch WheelInertiaLimit applied.
[LOG 16:19:15.768] [KSPCommunityFixes] Patch StockAlarmCustomFormatterDate isn't applicable to this KSP version.
[LOG 16:19:15.776] [KSPCommunityFixes] Patch ROCValidationOOR applied.
[LOG 16:19:15.780] [KSPCommunityFixes] Patch ZeroCostTechNodes applied.
[LOG 16:19:15.782] [KSPCommunityFixes] Patch ReactionWheelsPotentialTorque applied.
[LOG 16:19:15.787] [KSPCommunityFixes] Patch PAWGroupMemory applied.
[LOG 16:19:15.832] [KSPCommunityFixes] Patch PartStartStability applied.
[LOG 16:19:15.840] [KSPCommunityFixes] Patch PartBoundsIgnoreDisabledTransforms applied.
[LOG 16:19:15.889] [KSPCommunityFixes] Patch ModuleIndexingMismatch applied.
[LOG 16:19:15.894] [KSPCommunityFixes] Patch MapSOCorrectWrapping applied.
[LOG 16:19:15.895] [KSPCommunityFixes] Patch KerbalTooltipMaxSustainedG applied.
[LOG 16:19:15.898] [KSPCommunityFixes] Patch KerbalInventoryPersistence applied.
[LOG 16:19:15.898] [KSPCommunityFixes] Patch FlightSceneLoadKraken not applied (not enabled in Settings.cfg)
[LOG 16:19:15.901] [KSPCommunityFixes] Patch FIUpdateRadiation applied.
[LOG 16:19:15.903] [KSPCommunityFixes] Patch FastAndFixedEnumExtensions applied.
[LOG 16:19:15.953] [KSPCommunityFixes] Patch DeltaVHideWhenDisabled applied.
[LOG 16:19:15.961] [KSPCommunityFixes] Patch BlockMapViewPartClick applied.
[LOG 16:19:15.967] [KSPCommunityFixes] Patch PAWItemsOrder applied.
[LOG 16:19:16.036] [KSPCommunityFixes] Patch BetterEditorUndoRedo applied.
[LOG 16:19:16.050] [KSPCommunityFixes] Patch AutostrutActions applied.
[LOG 16:19:16.050] [KSPCommunityFixes] Patch DisableNewGameIntro not applied (not enabled in Settings.cfg)
[LOG 16:19:16.087] [KSPCommunityFixes] Patch MinorPerfTweaks applied.
[LOG 16:19:16.183] [KSPCommunityFixes] Patch MemoryLeaks applied.
[LOG 16:19:16.200] [KSPCommunityFixes] Patch LowerMinPhysicsDTPerFrame applied.
[LOG 16:19:16.204] [KSPCommunityFixes] Patch LocalizerPerf applied.
[LOG 16:19:16.206] [KSPCommunityFixes] Patch IMGUIOptimization applied.
[LOG 16:19:16.225] [KSPCommunityFixes] Patch FloatingOriginPerf applied.
[LOG 16:19:16.289] [KSPCommunityFixes] Patch FlightIntegratorPerf applied.
[LOG 16:19:16.295] [KSPCommunityFixes] Patch FasterPartFindTransform applied.
[LOG 16:19:16.310] [KSPCommunityFixes] Patch FasterEditorPartList applied.
[LOG 16:19:16.312] [KSPCommunityFixes] Patch ExpansionBundlePreload applied.
[LOG 16:19:16.326] [KSPCommunityFixes] Patch DragCubeGeneration applied.
[LOG 16:19:16.331] [KSPCommunityFixes] Patch DisableMapUpdateInFlight applied.
[LOG 16:19:16.332] [KSPCommunityFixes] Patch DisableHiddenPortraits applied.
[LOG 16:19:16.334] [KSPCommunityFixes] Patch DisableManeuverTool applied.
[LOG 16:19:16.357] [KSPCommunityFixes] Patch CraftBrowserOptimisations applied.
[LOG 16:19:16.360] [KSPCommunityFixes] Patch CommNetThrottling applied.
[LOG 16:19:16.365] [KSPCommunityFixes] Patch FairingMouseOverPersistence applied.
[LOG 16:19:16.385] [KSPCommunityFixes] Patch OptionalMakingHistoryDLCFeatures applied.
[LOG 16:19:16.388] [KSPCommunityFixes] Patch ResourceLockActions applied.
[LOG 16:19:16.401] [KSPCommunityFixes] Patch ShowContractFinishDates applied.
[LOG 16:19:16.414] [KSPCommunityFixes] Patch TargetParentBody applied.
[LOG 16:19:16.446] [KSPCommunityFixes] Patch ToolbarShowHide applied.
[LOG 16:19:16.449] [KSPCommunityFixes] Patch ContractProgressEnumCache applied.
[LOG 16:19:16.467] [KSPCommunityFixes] Patch ActiveRadiatorPerf applied.
[LOG 16:19:16.475] [KSPCommunityFixes] Patch CargoBayPerf applied.
[LOG 16:19:16.497] [KSPCommunityFixes] Patch CollisionEnhancerFastUpdate applied.
[LOG 16:19:16.503] [KSPCommunityFixes] Patch CollisionManagerFastUpdate applied.
[LOG 16:19:16.509] [KSPCommunityFixes] Patch AsteroidAndCometDrillCache applied.
[LOG 16:19:16.523] [KSPCommunityFixes] Patch TweakableWheelsAutostrut applied.
[LOG 16:19:16.557] [KSPCommunityFixes] Patch PatchSettings applied.
[LOG 16:19:16.606] [KSPCommunityFixes] Patch UpgradeBugs applied.
[LOG 16:19:16.606] [KSPCommunityFixes] Patch PartTooltipUpgradesApplyToSubstituteParts not applied (not enabled in Settings.cfg)
[LOG 16:19:16.685] [ModuleManager] Calling ConfigNodePerf.ModuleManagerPostLoad()
[LOG 16:19:16.687] [ModuleManager] Post patch ran in 1.718s
[LOG 16:19:16.714] PartLoader: Creating part database
[LOG 16:19:16.715] PartLoader: Compiling Part 'Squad/Parts/Aero/aerodynamicNoseCone/aerodynamicNoseCone/noseCone'
[LOG 16:19:16.738] EffectList: Created 15 effect types
[LOG 16:19:16.835] PartLoader: Part 'Squad/Parts/Aero/aerodynamicNoseCone/aerodynamicNoseCone/noseCone' has no database record. Creating.
[LOG 16:19:16.836] [DragCubeSystem]: Drag cubes not found or cannot be read for part Part. Generating New drag cubes.
[LOG 16:19:16.836] [KSPCF/DragCubeGeneration] Creating drag cubes for part 'noseCone'
[LOG 16:19:16.896] PartLoader: Compiling Part 'Squad/Parts/Aero/airbrake/Airbrake/airbrake1'
[LOG 16:19:16.969] PartLoader: Part 'Squad/Parts/Aero/airbrake/Airbrake/airbrake1' has no database record. Creating.
[LOG 16:19:16.970] [DragCubeSystem]: Drag cubes not found or cannot be read for part Part. Generating New drag cubes.
[LOG 16:19:16.970] [KSPCF/DragCubeGeneration] Creating drag cubes for part 'airbrake1'
[LOG 16:19:17.001] PartLoader: Compiling Part 'Squad/Parts/Aero/airIntakeRadialXM-G50/airIntakeRadialXM-G50/airScoop'
[LOG 16:19:17.022] PartLoader: Part 'Squad/Parts/Aero/airIntakeRadialXM-G50/airIntakeRadialXM-G50/airScoop' has no database record. Creating.
[LOG 16:19:17.022] [DragCubeSystem]: Drag cubes not found or cannot be read for part Part. Generating New drag cubes.
[LOG 16:19:17.022] [KSPCF/DragCubeGeneration] Creating drag cubes for part 'airScoop'
[LOG 16:19:17.035] PartLoader: Compiling Part 'Squad/Parts/Aero/airlinerWings/ControlSurface/airlinerCtrlSrf'
[LOG 16:19:17.047] PartLoader: Part 'Squad/Parts/Aero/airlinerWings/ControlSurface/airlinerCtrlSrf' has no database record. Creating.
[LOG 16:19:17.047] [DragCubeSystem]: Drag cubes not found or cannot be read for part Part. Generating New drag cubes.
[LOG 16:19:17.047] [KSPCF/DragCubeGeneration] Creating drag cubes for part 'airlinerCtrlSrf'
[LOG 16:19:17.071] PartLoader: Compiling Part 'Squad/Parts/Aero/airlinerWings/MainWing/airlinerMainWing'
[LOG 16:19:17.080] PartLoader: Part 'Squad/Parts/Aero/airlinerWings/MainWing/airlinerMainWing' has no database record. Creating.
[LOG 16:19:17.080] [DragCubeSystem]: Drag cubes not found or cannot be read for part Part. Generating New drag cubes.
[LOG 16:19:17.081] [KSPCF/DragCubeGeneration] Creating drag cubes for part 'airlinerMainWing'
[LOG 16:19:17.086] PartLoader: Compiling Part 'Squad/Parts/Aero/airlinerWings/TailFin/airlinerTailFin'
[LOG 16:19:17.095] PartLoader: Part 'Squad/Parts/Aero/airlinerWings/TailFin/airlinerTailFin' has no database record. Creating.
[LOG 16:19:17.095] [DragCubeSystem]: Drag cubes not found or cannot be read for part Part. Generating New drag cubes.
[LOG 16:19:17.096] [KSPCF/DragCubeGeneration] Creating drag cubes for part 'airlinerTailFin'
[LOG 16:19:17.114] PartLoader: Compiling Part 'Squad/Parts/Aero/airplaneFins/advancedCanard/AdvancedCanard'
[LOG 16:19:17.120] PartLoader: Part 'Squad/Parts/Aero/airplaneFins/advancedCanard/AdvancedCanard' has no database record. Creating.
[LOG 16:19:17.120] [DragCubeSystem]: Drag cubes not found or cannot be read for part Part. Generating New drag cubes.
[LOG 16:19:17.120] [KSPCF/DragCubeGeneration] Creating drag cubes for part 'AdvancedCanard'
[LOG 16:19:17.138] PartLoader: Compiling Part 'Squad/Parts/Aero/airplaneFins/standardCanard/CanardController'
[LOG 16:19:17.144] PartLoader: Part 'Squad/Parts/Aero/airplaneFins/standardCanard/CanardController' has no database record. Creating.
[LOG 16:19:17.144] [DragCubeSystem]: Drag cubes not found or cannot be read for part Part. Generating New drag cubes.
[LOG 16:19:17.144] [KSPCF/DragCubeGeneration] Creating drag cubes for part 'CanardController'
[LOG 16:19:17.161] PartLoader: Compiling Part 'Squad/Parts/Aero/airplaneFins/sweptWing/sweptWing'
[LOG 16:19:17.167] PartLoader: Part 'Squad/Parts/Aero/airplaneFins/sweptWing/sweptWing' has no database record. Creating.
[LOG 16:19:17.167] [DragCubeSystem]: Drag cubes not found or cannot be read for part Part. Generating New drag cubes.
[LOG 16:19:17.167] [KSPCF/DragCubeGeneration] Creating drag cubes for part 'sweptWing'
[LOG 16:19:17.171] PartLoader: Compiling Part 'Squad/Parts/Aero/airplaneFins/tailfin/tailfin'
[LOG 16:19:17.177] PartLoader: Part 'Squad/Parts/Aero/airplaneFins/tailfin/tailfin' has no database record. Creating.
[LOG 16:19:17.178] [DragCubeSystem]: Drag cubes not found or cannot be read for part Part. Generating New drag cubes.
[LOG 16:19:17.178] [KSPCF/DragCubeGeneration] Creating drag cubes for part 'tailfin'
[LOG 16:19:17.196] PartLoader: Compiling Part 'Squad/Parts/Aero/basicFin/basicFin/basicFin'
[LOG 16:19:17.200] PartLoader: Part 'Squad/Parts/Aero/basicFin/basicFin/basicFin' has no database record. Creating.
[LOG 16:19:17.200] [DragCubeSystem]: Drag cubes not found or cannot be read for part Part. Generating New drag cubes.
[LOG 16:19:17.200] [KSPCF/DragCubeGeneration] Creating drag cubes for part 'basicFin'
[LOG 16:19:17.204] PartLoader: Compiling Part 'Squad/Parts/Aero/circularIntake/circularIntake/CircularIntake'
[LOG 16:19:17.212] PartLoader: Part 'Squad/Parts/Aero/circularIntake/circularIntake/CircularIntake' has no database record. Creating.
[LOG 16:19:17.213] PartLoader: Compiling Part 'Squad/Parts/Aero/circularIntake/intakeShockCone/shockConeIntake'
[LOG 16:19:17.216] PartLoader: Part 'Squad/Parts/Aero/circularIntake/intakeShockCone/shockConeIntake' has no database record. Creating.
[LOG 16:19:17.217] PartLoader: Compiling Part 'Squad/Parts/Aero/cones/avionicsNoseCone/avionicsNoseCone'
[LOG 16:19:17.232] PartLoader: Part 'Squad/Parts/Aero/cones/avionicsNoseCone/avionicsNoseCone' has no database record. Creating.
[LOG 16:19:17.232] [DragCubeSystem]: Drag cubes not found or cannot be read for part Part. Generating New drag cubes.
[LOG 16:19:17.232] [KSPCF/DragCubeGeneration] Creating drag cubes for part 'avionicsNoseCone'
[LOG 16:19:17.240] PartLoader: Compiling Part 'Squad/Parts/Aero/cones/ConeA/pointyNoseConeA'
[LOG 16:19:17.245] PartLoader: Part 'Squad/Parts/Aero/cones/ConeA/pointyNoseConeA' has no database record. Creating.
[LOG 16:19:17.245] [DragCubeSystem]: Drag cubes not found or cannot be read for part Part. Generating New drag cubes.
[LOG 16:19:17.245] [KSPCF/DragCubeGeneration] Creating drag cubes for part 'pointyNoseConeA'
[LOG 16:19:17.250] PartLoader: Compiling Part 'Squad/Parts/Aero/cones/ConeB/pointyNoseConeB'
[LOG 16:19:17.256] PartLoader: Part 'Squad/Parts/Aero/cones/ConeB/pointyNoseConeB' has no database record. Creating.
[LOG 16:19:17.256] [DragCubeSystem]: Drag cubes not found or cannot be read for part Part. Generating New drag cubes.
[LOG 16:19:17.256] [KSPCF/DragCubeGeneration] Creating drag cubes for part 'pointyNoseConeB'
[LOG 16:19:17.261] PartLoader: Compiling Part 'Squad/Parts/Aero/cones/noseConeAdapter/noseConeAdapter'
[LOG 16:19:17.266] PartLoader: Part 'Squad/Parts/Aero/cones/noseConeAdapter/noseConeAdapter' has no database record. Creating.
[LOG 16:19:17.266] [DragCubeSystem]: Drag cubes not found or cannot be read for part Part. Generating New drag cubes.
[LOG 16:19:17.266] [KSPCF/DragCubeGeneration] Creating drag cubes for part 'noseConeAdapter'
[LOG 16:19:17.271] PartLoader: Compiling Part 'Squad/Parts/Aero/cones/protectiveRocketNoseMk7_v2/rocketNoseCone_v2'
[LOG 16:19:17.276] PartLoader: Part 'Squad/Parts/Aero/cones/protectiveRocketNoseMk7_v2/rocketNoseCone_v2' has no database record. Creating.
[LOG 16:19:17.276] [DragCubeSystem]: Drag cubes not found or cannot be read for part Part. Generating New drag cubes.
[LOG 16:19:17.276] [KSPCF/DragCubeGeneration] Creating drag cubes for part 'rocketNoseCone.v2'
[LOG 16:19:17.283] PartLoader: Compiling Part 'Squad/Parts/Aero/cones/protectiveRocketNoseMk7_v3/rocketNoseCone_v3'
[LOG 16:19:17.286] PartLoader: Part 'Squad/Parts/Aero/cones/protectiveRocketNoseMk7_v3/rocketNoseCone_v3' has no database record. Creating.
[LOG 16:19:17.286] [DragCubeSystem]: Drag cubes not found or cannot be read for part Part. Generating New drag cubes.
[LOG 16:19:17.286] [KSPCF/DragCubeGeneration] Creating drag cubes for part 'rocketNoseCone.v3'
[LOG 16:19:17.290] PartLoader: Compiling Part 'Squad/Parts/Aero/cones/rocketNoseCone_size3/rocketNoseConeSize3'
[LOG 16:19:17.294] PartLoader: Part 'Squad/Parts/Aero/cones/rocketNoseCone_size3/rocketNoseConeSize3' has no database record. Creating.
[LOG 16:19:17.295] [DragCubeSystem]: Drag cubes not found or cannot be read for part Part. Generating New drag cubes.
[LOG 16:19:17.295] [KSPCF/DragCubeGeneration] Creating drag cubes for part 'rocketNoseConeSize3'
[LOG 16:19:17.301] PartLoader: Compiling Part 'Squad/Parts/Aero/cones/smallNoseCone/standardNoseCone'
[LOG 16:19:17.305] PartLoader: Part 'Squad/Parts/Aero/cones/smallNoseCone/standardNoseCone' has no database record. Creating.
[LOG 16:19:17.306] [DragCubeSystem]: Drag cubes not found or cannot be read for part Part. Generating New drag cubes.
[LOG 16:19:17.306] [KSPCF/DragCubeGeneration] Creating drag cubes for part 'standardNoseCone'
[LOG 16:19:17.310] PartLoader: Compiling Part 'Squad/Parts/Aero/cones/tailConnectorA/airplaneTail'
[LOG 16:19:17.316] PartLoader: Part 'Squad/Parts/Aero/cones/tailConnectorA/airplaneTail' has no database record. Creating.
[LOG 16:19:17.316] [DragCubeSystem]: Drag cubes not found or cannot be read for part Part. Generating New drag cubes.
[LOG 16:19:17.316] [KSPCF/DragCubeGeneration] Creating drag cubes for part 'airplaneTail'
[LOG 16:19:17.320] PartLoader: Compiling Part 'Squad/Parts/Aero/cones/tailConnectorB/airplaneTailB'
[LOG 16:19:17.324] PartLoader: Part 'Squad/Parts/Aero/cones/tailConnectorB/airplaneTailB' has no database record. Creating.
[LOG 16:19:17.324] [DragCubeSystem]: Drag cubes not found or cannot be read for part Part. Generating New drag cubes.
[LOG 16:19:17.324] [KSPCF/DragCubeGeneration] Creating drag cubes for part 'airplaneTailB'
[LOG 16:19:17.329] PartLoader: Compiling Part 'Squad/Parts/Aero/fairings/fairingSize1/fairingSize1'
[LOG 16:19:17.377] PartLoader: Part 'Squad/Parts/Aero/fairings/fairingSize1/fairingSize1' has no database record. Creating.
[LOG 16:19:17.378] [DragCubeSystem]: Drag cubes not found or cannot be read for part Part. Generating New drag cubes.
[LOG 16:19:17.378] [KSPCF/DragCubeGeneration] Creating drag cubes for part 'fairingSize1'
[LOG 16:19:17.384] PartLoader: Compiling Part 'Squad/Parts/Aero/fairings/fairingSize2/fairingSize2'
[LOG 16:19:17.399] PartLoader: Part 'Squad/Parts/Aero/fairings/fairingSize2/fairingSize2' has no database record. Creating.
[LOG 16:19:17.399] [DragCubeSystem]: Drag cubes not found or cannot be read for part Part. Generating New drag cubes.
[LOG 16:19:17.399] [KSPCF/DragCubeGeneration] Creating drag cubes for part 'fairingSize2'
[LOG 16:19:17.404] PartLoader: Compiling Part 'Squad/Parts/Aero/fairings/fairingSize3/fairingSize3'
[LOG 16:19:17.420] PartLoader: Part 'Squad/Parts/Aero/fairings/fairingSize3/fairingSize3' has no database record. Creating.
[LOG 16:19:17.420] [DragCubeSystem]: Drag cubes not found or cannot be read for part Part. Generating New drag cubes.
[LOG 16:19:17.420] [KSPCF/DragCubeGeneration] Creating drag cubes for part 'fairingSize3'
[LOG 16:19:17.425] PartLoader: Compiling Part 'Squad/Parts/Aero/HeatShield/HeatShield0/HeatShield0'
[LOG 16:19:17.448] PartLoader: Part 'Squad/Parts/Aero/HeatShield/HeatShield0/HeatShield0' has no database record. Creating.
[LOG 16:19:17.448] [DragCubeSystem]: Drag cubes not found or cannot be read for part Part. Generating New drag cubes.
[LOG 16:19:17.448] [KSPCF/DragCubeGeneration] Creating drag cubes for part 'HeatShield0'
[LOG 16:19:17.457] PartLoader: Compiling Part 'Squad/Parts/Aero/HeatShield/HeatShield1/HeatShield1'
[LOG 16:19:17.475] PartLoader: Part 'Squad/Parts/Aero/HeatShield/HeatShield1/HeatShield1' has no database record. Creating.
[LOG 16:19:17.475] [DragCubeSystem]: Drag cubes not found or cannot be read for part Part. Generating New drag cubes.
[LOG 16:19:17.476] [KSPCF/DragCubeGeneration] Creating drag cubes for part 'HeatShield1'
[LOG 16:19:17.492] PartLoader: Compiling Part 'Squad/Parts/Aero/HeatShield/HeatShield2/HeatShield2'
[LOG 16:19:17.502] PartLoader: Part 'Squad/Parts/Aero/HeatShield/HeatShield2/HeatShield2' has no database record. Creating.
[LOG 16:19:17.502] [DragCubeSystem]: Drag cubes not found or cannot be read for part Part. Generating New drag cubes.
[LOG 16:19:17.502] [KSPCF/DragCubeGeneration] Creating drag cubes for part 'HeatShield2'
[LOG 16:19:17.517] PartLoader: Compiling Part 'Squad/Parts/Aero/HeatShield/HeatShield3/HeatShield3'
[LOG 16:19:17.525] PartLoader: Part 'Squad/Parts/Aero/HeatShield/HeatShield3/HeatShield3' has no database record. Creating.
[LOG 16:19:17.525] [DragCubeSystem]: Drag cubes not found or cannot be read for part Part. Generating New drag cubes.
[LOG 16:19:17.525] [KSPCF/DragCubeGeneration] Creating drag cubes for part 'HeatShield3'
[LOG 16:19:17.539] PartLoader: Compiling Part 'Squad/Parts/Aero/InflatableHeatShield/HeatShield/InflatableHeatShield'
[LOG 16:19:17.548] PartLoader: Part 'Squad/Parts/Aero/InflatableHeatShield/HeatShield/InflatableHeatShield' has no database record. Creating.
[LOG 16:19:17.548] [DragCubeSystem]: Drag cubes not found or cannot be read for part Part. Generating New drag cubes.
[LOG 16:19:17.548] [KSPCF/DragCubeGeneration] Creating drag cubes for part 'InflatableHeatShield'
[LOG 16:19:17.562] PartLoader: Compiling Part 'Squad/Parts/Aero/intakeRadialLong/intakeRadialLong/IntakeRadialLong'
[LOG 16:19:17.568] PartLoader: Part 'Squad/Parts/Aero/intakeRadialLong/intakeRadialLong/IntakeRadialLong' has no database record. Creating.
[LOG 16:19:17.568] [DragCubeSystem]: Drag cubes not found or cannot be read for part Part. Generating New drag cubes.
[LOG 16:19:17.568] [KSPCF/DragCubeGeneration] Creating drag cubes for part 'IntakeRadialLong'
[LOG 16:19:17.573] PartLoader: Compiling Part 'Squad/Parts/Aero/miniIntake/SmallIntake/miniIntake'
[LOG 16:19:17.577] PartLoader: Part 'Squad/Parts/Aero/miniIntake/SmallIntake/miniIntake' has no database record. Creating.
[LOG 16:19:17.578] PartLoader: Compiling Part 'Squad/Parts/Aero/ramAirIntake/ramAirIntake/ramAirIntake'
[LOG 16:19:17.582] PartLoader: Part 'Squad/Parts/Aero/ramAirIntake/ramAirIntake/ramAirIntake' has no database record. Creating.
[LOG 16:19:17.583] PartLoader: Compiling Part 'Squad/Parts/Aero/shuttleWings/delta/wingShuttleDelta'
[LOG 16:19:17.586] PartLoader: Part 'Squad/Parts/Aero/shuttleWings/delta/wingShuttleDelta' has no database record. Creating.
[LOG 16:19:17.586] [DragCubeSystem]: Drag cubes not found or cannot be read for part Part. Generating New drag cubes.
[LOG 16:19:17.586] [KSPCF/DragCubeGeneration] Creating drag cubes for part 'wingShuttleDelta'
[LOG 16:19:17.592] PartLoader: Compiling Part 'Squad/Parts/Aero/shuttleWings/elevon1/wingShuttleElevon1'
[LOG 16:19:17.598] PartLoader: Part 'Squad/Parts/Aero/shuttleWings/elevon1/wingShuttleElevon1' has no database record. Creating.
[LOG 16:19:17.598] [DragCubeSystem]: Drag cubes not found or cannot be read for part Part. Generating New drag cubes.
[LOG 16:19:17.598] [KSPCF/DragCubeGeneration] Creating drag cubes for part 'wingShuttleElevon1'
[LOG 16:19:17.617] PartLoader: Compiling Part 'Squad/Parts/Aero/shuttleWings/elevon2/wingShuttleElevon2'
[LOG 16:19:17.623] PartLoader: Part 'Squad/Parts/Aero/shuttleWings/elevon2/wingShuttleElevon2' has no database record. Creating.
[LOG 16:19:17.623] [DragCubeSystem]: Drag cubes not found or cannot be read for part Part. Generating New drag cubes.
[LOG 16:19:17.623] [KSPCF/DragCubeGeneration] Creating drag cubes for part 'wingShuttleElevon2'
[LOG 16:19:17.638] PartLoader: Compiling Part 'Squad/Parts/Aero/shuttleWings/rudder/wingShuttleRudder'
[LOG 16:19:17.645] PartLoader: Part 'Squad/Parts/Aero/shuttleWings/rudder/wingShuttleRudder' has no database record. Creating.
[LOG 16:19:17.645] [DragCubeSystem]: Drag cubes not found or cannot be read for part Part. Generating New drag cubes.
[LOG 16:19:17.645] [KSPCF/DragCubeGeneration] Creating drag cubes for part 'wingShuttleRudder'
[LOG 16:19:17.661] PartLoader: Compiling Part 'Squad/Parts/Aero/shuttleWings/strake/wingShuttleStrake'
[LOG 16:19:17.665] PartLoader: Part 'Squad/Parts/Aero/shuttleWings/strake/wingShuttleStrake' has no database record. Creating.
[LOG 16:19:17.666] [DragCubeSystem]: Drag cubes not found or cannot be read for part Part. Generating New drag cubes.
[LOG 16:19:17.666] [KSPCF/DragCubeGeneration] Creating drag cubes for part 'wingShuttleStrake'
[LOG 16:19:17.670] PartLoader: Compiling Part 'Squad/Parts/Aero/wingletAV-R8/wingletAV-R8/R8winglet'
[LOG 16:19:17.674] PartLoader: Part 'Squad/Parts/Aero/wingletAV-R8/wingletAV-R8/R8winglet' has no database record. Creating.
[LOG 16:19:17.674] [DragCubeSystem]: Drag cubes not found or cannot be read for part Part. Generating New drag cubes.
[LOG 16:19:17.675] [KSPCF/DragCubeGeneration] Creating drag cubes for part 'R8winglet'
[LOG 16:19:17.690] PartLoader: Compiling Part 'Squad/Parts/Aero/wingletAV-T1/wingletAV-T1/winglet'
[LOG 16:19:17.694] PartLoader: Part 'Squad/Parts/Aero/wingletAV-T1/wingletAV-T1/winglet' has no database record. Creating.
[LOG 16:19:17.694] [DragCubeSystem]: Drag cubes not found or cannot be read for part Part. Generating New drag cubes.
[LOG 16:19:17.694] [KSPCF/DragCubeGeneration] Creating drag cubes for part 'winglet'
[LOG 16:19:17.698] PartLoader: Compiling Part 'Squad/Parts/Aero/wingletDeltaDeluxe/wingletDeltaDeluxe/winglet3'
[LOG 16:19:17.704] PartLoader: Part 'Squad/Parts/Aero/wingletDeltaDeluxe/wingletDeltaDeluxe/winglet3' has no database record. Creating.
[LOG 16:19:17.704] [DragCubeSystem]: Drag cubes not found or cannot be read for part Part. Generating New drag cubes.
[LOG 16:19:17.704] [KSPCF/DragCubeGeneration] Creating drag cubes for part 'winglet3'
[LOG 16:19:17.720] PartLoader: Compiling Part 'Squad/Parts/Aero/wings/connector1/wingConnector'
[LOG 16:19:17.725] PartLoader: Part 'Squad/Parts/Aero/wings/connector1/wingConnector' has no database record. Creating.
[LOG 16:19:17.725] [DragCubeSystem]: Drag cubes not found or cannot be read for part Part. Generating New drag cubes.
[LOG 16:19:17.725] [KSPCF/DragCubeGeneration] Creating drag cubes for part 'wingConnector'
[LOG 16:19:17.729] PartLoader: Compiling Part 'Squad/Parts/Aero/wings/connector2/wingConnector2'
[LOG 16:19:17.735] PartLoader: Part 'Squad/Parts/Aero/wings/connector2/wingConnector2' has no database record. Creating.
[LOG 16:19:17.735] [DragCubeSystem]: Drag cubes not found or cannot be read for part Part. Generating New drag cubes.
[LOG 16:19:17.735] [KSPCF/DragCubeGeneration] Creating drag cubes for part 'wingConnector2'
[LOG 16:19:17.739] PartLoader: Compiling Part 'Squad/Parts/Aero/wings/connector3/wingConnector3'
[LOG 16:19:17.742] PartLoader: Part 'Squad/Parts/Aero/wings/connector3/wingConnector3' has no database record. Creating.
[LOG 16:19:17.742] [DragCubeSystem]: Drag cubes not found or cannot be read for part Part. Generating New drag cubes.
[LOG 16:19:17.742] [KSPCF/DragCubeGeneration] Creating drag cubes for part 'wingConnector3'
[LOG 16:19:17.746] PartLoader: Compiling Part 'Squad/Parts/Aero/wings/connector4/wingConnector4'
[LOG 16:19:17.753] PartLoader: Part 'Squad/Parts/Aero/wings/connector4/wingConnector4' has no database record. Creating.
[LOG 16:19:17.753] [DragCubeSystem]: Drag cubes not found or cannot be read for part Part. Generating New drag cubes.
[LOG 16:19:17.753] [KSPCF/DragCubeGeneration] Creating drag cubes for part 'wingConnector4'
[LOG 16:19:17.757] PartLoader: Compiling Part 'Squad/Parts/Aero/wings/connector5/wingConnector5'
[LOG 16:19:17.760] PartLoader: Part 'Squad/Parts/Aero/wings/connector5/wingConnector5' has no database record. Creating.
[LOG 16:19:17.760] [DragCubeSystem]: Drag cubes not found or cannot be read for part Part. Generating New drag cubes.
[LOG 16:19:17.760] [KSPCF/DragCubeGeneration] Creating drag cubes for part 'wingConnector5'
[LOG 16:19:17.764] PartLoader: Compiling Part 'Squad/Parts/Aero/wings/delta/deltaWing'
[LOG 16:19:17.769] PartLoader: Part 'Squad/Parts/Aero/wings/delta/deltaWing' has no database record. Creating.
[LOG 16:19:17.769] [DragCubeSystem]: Drag cubes not found or cannot be read for part Part. Generating New drag cubes.
[LOG 16:19:17.769] [KSPCF/DragCubeGeneration] Creating drag cubes for part 'deltaWing'
[LOG 16:19:17.772] PartLoader: Compiling Part 'Squad/Parts/Aero/wings/delta_small/delta_small'
[LOG 16:19:17.776] PartLoader: Part 'Squad/Parts/Aero/wings/delta_small/delta_small' has no database record. Creating.
[LOG 16:19:17.776] [DragCubeSystem]: Drag cubes not found or cannot be read for part Part. Generating New drag cubes.
[LOG 16:19:17.776] [KSPCF/DragCubeGeneration] Creating drag cubes for part 'delta.small'
[LOG 16:19:17.780] PartLoader: Compiling Part 'Squad/Parts/Aero/wings/elevon1/StandardCtrlSrf'
[LOG 16:19:17.787] PartLoader: Part 'Squad/Parts/Aero/wings/elevon1/StandardCtrlSrf' has no database record. Creating.
[LOG 16:19:17.787] [DragCubeSystem]: Drag cubes not found or cannot be read for part Part. Generating New drag cubes.
[LOG 16:19:17.787] [KSPCF/DragCubeGeneration] Creating drag cubes for part 'StandardCtrlSrf'
[LOG 16:19:17.803] PartLoader: Compiling Part 'Squad/Parts/Aero/wings/elevon2/elevon2'
[LOG 16:19:17.809] PartLoader: Part 'Squad/Parts/Aero/wings/elevon2/elevon2' has no database record. Creating.
[LOG 16:19:17.809] [DragCubeSystem]: Drag cubes not found or cannot be read for part Part. Generating New drag cubes.
[LOG 16:19:17.809] [KSPCF/DragCubeGeneration] Creating drag cubes for part 'elevon2'
[LOG 16:19:17.825] PartLoader: Compiling Part 'Squad/Parts/Aero/wings/elevon3/elevon3'
[LOG 16:19:17.831] PartLoader: Part 'Squad/Parts/Aero/wings/elevon3/elevon3' has no database record. Creating.
[LOG 16:19:17.831] [DragCubeSystem]: Drag cubes not found or cannot be read for part Part. Generating New drag cubes.
[LOG 16:19:17.831] [KSPCF/DragCubeGeneration] Creating drag cubes for part 'elevon3'
[LOG 16:19:17.847] PartLoader: Compiling Part 'Squad/Parts/Aero/wings/elevon4/smallCtrlSrf'
[LOG 16:19:17.852] PartLoader: Part 'Squad/Parts/Aero/wings/elevon4/smallCtrlSrf' has no database record. Creating.
[LOG 16:19:17.852] [DragCubeSystem]: Drag cubes not found or cannot be read for part Part. Generating New drag cubes.
[LOG 16:19:17.853] [KSPCF/DragCubeGeneration] Creating drag cubes for part 'smallCtrlSrf'
[LOG 16:19:17.869] PartLoader: Compiling Part 'Squad/Parts/Aero/wings/elevon5/elevon5'
[LOG 16:19:17.874] PartLoader: Part 'Squad/Parts/Aero/wings/elevon5/elevon5' has no database record. Creating.
[LOG 16:19:17.874] [DragCubeSystem]: Drag cubes not found or cannot be read for part Part. Generating New drag cubes.
[LOG 16:19:17.874] [KSPCF/DragCubeGeneration] Creating drag cubes for part 'elevon5'
[LOG 16:19:17.890] PartLoader: Compiling Part 'Squad/Parts/Aero/wings/strake/wingStrake'
[LOG 16:19:17.894] PartLoader: Part 'Squad/Parts/Aero/wings/strake/wingStrake' has no database record. Creating.
[LOG 16:19:17.894] [DragCubeSystem]: Drag cubes not found or cannot be read for part Part. Generating New drag cubes.
[LOG 16:19:17.894] [KSPCF/DragCubeGeneration] Creating drag cubes for part 'wingStrake'
[LOG 16:19:17.898] PartLoader: Compiling Part 'Squad/Parts/Aero/wings/structural1/structuralWing'
[LOG 16:19:17.902] PartLoader: Part 'Squad/Parts/Aero/wings/structural1/structuralWing' has no database record. Creating.
[LOG 16:19:17.902] [DragCubeSystem]: Drag cubes not found or cannot be read for part Part. Generating New drag cubes.
[LOG 16:19:17.902] [KSPCF/DragCubeGeneration] Creating drag cubes for part 'structuralWing'
[LOG 16:19:17.906] PartLoader: Compiling Part 'Squad/Parts/Aero/wings/structural2/structuralWing2'
[LOG 16:19:17.911] PartLoader: Part 'Squad/Parts/Aero/wings/structural2/structuralWing2' has no database record. Creating.
[LOG 16:19:17.912] [DragCubeSystem]: Drag cubes not found or cannot be read for part Part. Generating New drag cubes.
[LOG 16:19:17.912] [KSPCF/DragCubeGeneration] Creating drag cubes for part 'structuralWing2'
[LOG 16:19:17.915] PartLoader: Compiling Part 'Squad/Parts/Aero/wings/structural3/structuralWing3'
[LOG 16:19:17.921] PartLoader: Part 'Squad/Parts/Aero/wings/structural3/structuralWing3' has no database record. Creating.
[LOG 16:19:17.921] [DragCubeSystem]: Drag cubes not found or cannot be read for part Part. Generating New drag cubes.
[LOG 16:19:17.921] [KSPCF/DragCubeGeneration] Creating drag cubes for part 'structuralWing3'
[LOG 16:19:17.924] PartLoader: Compiling Part 'Squad/Parts/Aero/wings/structural4/structuralWing4'
[LOG 16:19:17.927] PartLoader: Part 'Squad/Parts/Aero/wings/structural4/structuralWing4' has no database record. Creating.
[LOG 16:19:17.927] [DragCubeSystem]: Drag cubes not found or cannot be read for part Part. Generating New drag cubes.
[LOG 16:19:17.927] [KSPCF/DragCubeGeneration] Creating drag cubes for part 'structuralWing4'
[LOG 16:19:17.932] PartLoader: Compiling Part 'Squad/Parts/Aero/wings/swept1/sweptWing1'
[LOG 16:19:17.934] PartLoader: Part 'Squad/Parts/Aero/wings/swept1/sweptWing1' has no database record. Creating.
[LOG 16:19:17.935] [DragCubeSystem]: Drag cubes not found or cannot be read for part Part. Generating New drag cubes.
[LOG 16:19:17.935] [KSPCF/DragCubeGeneration] Creating drag cubes for part 'sweptWing1'
[LOG 16:19:17.938] PartLoader: Compiling Part 'Squad/Parts/Aero/wings/swept2/sweptWing2'
[LOG 16:19:17.942] PartLoader: Part 'Squad/Parts/Aero/wings/swept2/sweptWing2' has no database record. Creating.
[LOG 16:19:17.942] [DragCubeSystem]: Drag cubes not found or cannot be read for part Part. Generating New drag cubes.
[LOG 16:19:17.942] [KSPCF/DragCubeGeneration] Creating drag cubes for part 'sweptWing2'
[LOG 16:19:17.946] PartLoader: Compiling Part 'Squad/Parts/Cargo/CargoContainers/cargoContainer/cargoContainer'
[WRN 16:19:17.948] [Part]: Cannot have ModuleCargoPart and ModuleInventoryPart on same Part [cargoContainer'. Removed ModuleCargoPart
[LOG 16:19:17.960] PartLoader: Part 'Squad/Parts/Cargo/CargoContainers/cargoContainer/cargoContainer' has no database record. Creating.
[LOG 16:19:17.960] [DragCubeSystem]: Drag cubes not found or cannot be read for part Part. Generating New drag cubes.
[LOG 16:19:17.960] [KSPCF/DragCubeGeneration] Creating drag cubes for part 'cargoContainer'
[LOG 16:19:17.966] PartLoader: Compiling Part 'Squad/Parts/Cargo/CargoContainers/smallCargoContainer/smallCargoContainer'
[WRN 16:19:17.969] [Part]: Cannot have ModuleCargoPart and ModuleInventoryPart on same Part [smallCargoContainer'. Removed ModuleCargoPart
[LOG 16:19:17.972] PartLoader: Part 'Squad/Parts/Cargo/CargoContainers/smallCargoContainer/smallCargoContainer' has no database record. Creating.
[LOG 16:19:17.972] [DragCubeSystem]: Drag cubes not found or cannot be read for part Part. Generating New drag cubes.
[LOG 16:19:17.972] [KSPCF/DragCubeGeneration] Creating drag cubes for part 'smallCargoContainer'
[LOG 16:19:17.977] PartLoader: Compiling Part 'Squad/Parts/Cargo/Cylinder/Cylinder/evaCylinder'
[LOG 16:19:17.981] PartLoader: Part 'Squad/Parts/Cargo/Cylinder/Cylinder/evaCylinder' has no database record. Creating.
[LOG 16:19:17.981] [DragCubeSystem]: Drag cubes not found or cannot be read for part Part. Generating New drag cubes.
[LOG 16:19:17.981] [KSPCF/DragCubeGeneration] Creating drag cubes for part 'evaCylinder'
[LOG 16:19:17.986] PartLoader: Compiling Part 'Squad/Parts/Cargo/GroundAnchor/groundAnchor/groundAnchor'
[LOG 16:19:18.014] PartLoader: Part 'Squad/Parts/Cargo/GroundAnchor/groundAnchor/groundAnchor' has no database record. Creating.
[LOG 16:19:18.014] [DragCubeSystem]: Drag cubes not found or cannot be read for part Part. Generating New drag cubes.
[LOG 16:19:18.014] [KSPCF/DragCubeGeneration] Creating drag cubes for part 'groundAnchor'
[LOG 16:19:18.027] PartLoader: Compiling Part 'Squad/Parts/Cargo/Jetpack/Jetpack/evaJetpack'
[LOG 16:19:18.031] PartLoader: Part 'Squad/Parts/Cargo/Jetpack/Jetpack/evaJetpack' has no database record. Creating.
[LOG 16:19:18.031] [DragCubeSystem]: Drag cubes not found or cannot be read for part Part. Generating New drag cubes.
[LOG 16:19:18.031] [KSPCF/DragCubeGeneration] Creating drag cubes for part 'evaJetpack'
[LOG 16:19:18.036] PartLoader: Compiling Part 'Squad/Parts/Cargo/Parachute/Parachute/evaChute'
[LOG 16:19:18.040] PartLoader: Part 'Squad/Parts/Cargo/Parachute/Parachute/evaChute' has no database record. Creating.
[LOG 16:19:18.040] [DragCubeSystem]: Drag cubes not found or cannot be read for part Part. Generating New drag cubes.
[LOG 16:19:18.040] [KSPCF/DragCubeGeneration] Creating drag cubes for part 'evaChute'
[LOG 16:19:18.044] PartLoader: Compiling Part 'Squad/Parts/Cargo/RepairKit/RepairKit/evaRepairKit'
[LOG 16:19:18.049] PartLoader: Part 'Squad/Parts/Cargo/RepairKit/RepairKit/evaRepairKit' has no database record. Creating.
[LOG 16:19:18.049] [DragCubeSystem]: Drag cubes not found or cannot be read for part Part. Generating New drag cubes.
[LOG 16:19:18.049] [KSPCF/DragCubeGeneration] Creating drag cubes for part 'evaRepairKit'
[LOG 16:19:18.054] PartLoader: Compiling Part 'Squad/Parts/Cargo/ScienceKit/evaScienceKit/evaScienceKit'
[LOG 16:19:18.060] PartLoader: Part 'Squad/Parts/Cargo/ScienceKit/evaScienceKit/evaScienceKit' has no database record. Creating.
[LOG 16:19:18.060] [DragCubeSystem]: Drag cubes not found or cannot be read for part Part. Generating New drag cubes.
[LOG 16:19:18.060] [KSPCF/DragCubeGeneration] Creating drag cubes for part 'evaScienceKit'
[LOG 16:19:18.065] PartLoader: Compiling Part 'Squad/Parts/Cargo/StorageUnits/CargoStorageUnit/CargoStorageUnit'
[WRN 16:19:18.067] [Part]: Cannot have ModuleCargoPart and ModuleInventoryPart on same Part [CargoStorageUnit'. Removed ModuleCargoPart
[LOG 16:19:18.069] PartLoader: Part 'Squad/Parts/Cargo/StorageUnits/CargoStorageUnit/CargoStorageUnit' has no database record. Creating.
[LOG 16:19:18.069] [DragCubeSystem]: Drag cubes not found or cannot be read for part Part. Generating New drag cubes.
[LOG 16:19:18.069] [KSPCF/DragCubeGeneration] Creating drag cubes for part 'CargoStorageUnit'
[LOG 16:19:18.074] PartLoader: Compiling Part 'Squad/Parts/Cargo/StorageUnits/ConformalStorageUnit/ConformalStorageUnit'
[WRN 16:19:18.081] [Part]: Cannot have ModuleCargoPart and ModuleInventoryPart on same Part [ConformalStorageUnit'. Removed ModuleCargoPart
[LOG 16:19:18.084] PartLoader: Part 'Squad/Parts/Cargo/StorageUnits/ConformalStorageUnit/ConformalStorageUnit' has no database record. Creating.
[LOG 16:19:18.084] [DragCubeSystem]: Drag cubes not found or cannot be read for part Part. Generating New drag cubes.
[LOG 16:19:18.084] [KSPCF/DragCubeGeneration] Creating drag cubes for part 'ConformalStorageUnit'
[LOG 16:19:18.088] PartLoader: Compiling Part 'Squad/Parts/Command/advancedSasModuleLarge/advSasModuleLarge/asasmodule1-2'
[LOG 16:19:18.098] PartLoader: Part 'Squad/Parts/Command/advancedSasModuleLarge/advSasModuleLarge/asasmodule1-2' has no database record. Creating.
[LOG 16:19:18.099] PartLoader: Compiling Part 'Squad/Parts/Command/cupola/cupola/cupola'
[LOG 16:19:18.138] PartLoader: Part 'Squad/Parts/Command/cupola/cupola/cupola' has no database record. Creating.
[LOG 16:19:18.138] [DragCubeSystem]: Drag cubes not found or cannot be read for part Part. Generating New drag cubes.
[LOG 16:19:18.138] [KSPCF/DragCubeGeneration] Creating drag cubes for part 'cupola'
[LOG 16:19:18.149] PartLoader: Compiling Part 'Squad/Parts/Command/externalCommandSeat/externalCommandSeat/seatExternalCmd'
[LOG 16:19:18.156] PartLoader: Part 'Squad/Parts/Command/externalCommandSeat/externalCommandSeat/seatExternalCmd' has no database record. Creating.
[LOG 16:19:18.156] [DragCubeSystem]: Drag cubes not found or cannot be read for part Part. Generating New drag cubes.
[LOG 16:19:18.156] [KSPCF/DragCubeGeneration] Creating drag cubes for part 'seatExternalCmd'
[LOG 16:19:18.161] PartLoader: Compiling Part 'Squad/Parts/Command/hitchhikerStorageContainer/hitchikerStorageContainer/crewCabin'
[LOG 16:19:18.169] PartLoader: Part 'Squad/Parts/Command/hitchhikerStorageContainer/hitchikerStorageContainer/crewCabin' has no database record. Creating.
[LOG 16:19:18.169] [DragCubeSystem]: Drag cubes not found or cannot be read for part Part. Generating New drag cubes.
[LOG 16:19:18.169] [KSPCF/DragCubeGeneration] Creating drag cubes for part 'crewCabin'
[LOG 16:19:18.176] PartLoader: Compiling Part 'Squad/Parts/Command/inlineAdvancedStabilizer/inlineAdvancedStabilizer/advSasModule'
[LOG 16:19:18.182] PartLoader: Part 'Squad/Parts/Command/inlineAdvancedStabilizer/inlineAdvancedStabilizer/advSasModule' has no database record. Creating.
[LOG 16:19:18.182] [DragCubeSystem]: Drag cubes not found or cannot be read for part Part. Generating New drag cubes.
[LOG 16:19:18.182] [KSPCF/DragCubeGeneration] Creating drag cubes for part 'advSasModule'
[LOG 16:19:18.187] PartLoader: Compiling Part 'Squad/Parts/Command/inlineReactionWheel/inlineReactionWheel/sasModule'
[LOG 16:19:18.191] PartLoader: Part 'Squad/Parts/Command/inlineReactionWheel/inlineReactionWheel/sasModule' has no database record. Creating.
[LOG 16:19:18.192] [DragCubeSystem]: Drag cubes not found or cannot be read for part Part. Generating New drag cubes.
[LOG 16:19:18.192] [KSPCF/DragCubeGeneration] Creating drag cubes for part 'sasModule'
[LOG 16:19:18.197] PartLoader: Compiling Part 'Squad/Parts/Command/Mk1-3Pod/mk1-3/mk1-3pod'
[LOG 16:19:18.228] PartLoader: Part 'Squad/Parts/Command/Mk1-3Pod/mk1-3/mk1-3pod' has no database record. Creating.
[LOG 16:19:18.228] [DragCubeSystem]: Drag cubes not found or cannot be read for part Part. Generating New drag cubes.
[LOG 16:19:18.228] [KSPCF/DragCubeGeneration] Creating drag cubes for part 'mk1-3pod'
[LOG 16:19:18.238] PartLoader: Compiling Part 'Squad/Parts/Command/mk1Cockpits/mk1Cockpit/Mark1Cockpit'
[WRN 16:19:18.243] [Part]: Cannot have ModuleCargoPart and ModuleInventoryPart on same Part [Mark1Cockpit'. Removed ModuleCargoPart
[LOG 16:19:18.248] PartLoader: Part 'Squad/Parts/Command/mk1Cockpits/mk1Cockpit/Mark1Cockpit' has no database record. Creating.
[LOG 16:19:18.248] [DragCubeSystem]: Drag cubes not found or cannot be read for part Part. Generating New drag cubes.
[LOG 16:19:18.248] [KSPCF/DragCubeGeneration] Creating drag cubes for part 'Mark1Cockpit'
[LOG 16:19:18.254] PartLoader: Compiling Part 'Squad/Parts/Command/mk1Cockpits/mk1CrewCabin/MK1CrewCabin'
[WRN 16:19:18.259] [Part]: Cannot have ModuleCargoPart and ModuleInventoryPart on same Part [MK1CrewCabin'. Removed ModuleCargoPart
[LOG 16:19:18.267] PartLoader: Part 'Squad/Parts/Command/mk1Cockpits/mk1CrewCabin/MK1CrewCabin' has no database record. Creating.
[LOG 16:19:18.267] [DragCubeSystem]: Drag cubes not found or cannot be read for part Part. Generating New drag cubes.
[LOG 16:19:18.267] [KSPCF/DragCubeGeneration] Creating drag cubes for part 'MK1CrewCabin'
[LOG 16:19:18.273] PartLoader: Compiling Part 'Squad/Parts/Command/mk1Cockpits/mk1InlineCockpit/Mark2Cockpit'
[WRN 16:19:18.279] [Part]: Cannot have ModuleCargoPart and ModuleInventoryPart on same Part [Mark2Cockpit'. Removed ModuleCargoPart
[LOG 16:19:18.284] PartLoader: Part 'Squad/Parts/Command/mk1Cockpits/mk1InlineCockpit/Mark2Cockpit' has no database record. Creating.
[LOG 16:19:18.284] [DragCubeSystem]: Drag cubes not found or cannot be read for part Part. Generating New drag cubes.
[LOG 16:19:18.284] [KSPCF/DragCubeGeneration] Creating drag cubes for part 'Mark2Cockpit'
[LOG 16:19:18.291] PartLoader: Compiling Part 'Squad/Parts/Command/mk1LanderCan/mk1LanderCan/landerCabinSmall'
[WRN 16:19:18.298] [Part]: Cannot have ModuleCargoPart and ModuleInventoryPart on same Part [landerCabinSmall'. Removed ModuleCargoPart
[LOG 16:19:18.316] PartLoader: Part 'Squad/Parts/Command/mk1LanderCan/mk1LanderCan/landerCabinSmall' has no database record. Creating.
[LOG 16:19:18.316] [DragCubeSystem]: Drag cubes not found or cannot be read for part Part. Generating New drag cubes.
[LOG 16:19:18.316] [KSPCF/DragCubeGeneration] Creating drag cubes for part 'landerCabinSmall'
[LOG 16:19:18.322] PartLoader: Compiling Part 'Squad/Parts/Command/mk1pod_v2/mk1Pod_v2/mk1pod_v2'
[WRN 16:19:18.327] [Part]: Cannot have ModuleCargoPart and ModuleInventoryPart on same Part [mk1pod.v2'. Removed ModuleCargoPart
[LOG 16:19:18.330] PartLoader: Part 'Squad/Parts/Command/mk1pod_v2/mk1Pod_v2/mk1pod_v2' has no database record. Creating.
[LOG 16:19:18.330] [DragCubeSystem]: Drag cubes not found or cannot be read for part Part. Generating New drag cubes.
[LOG 16:19:18.331] [KSPCF/DragCubeGeneration] Creating drag cubes for part 'mk1pod.v2'
[LOG 16:19:18.336] PartLoader: Compiling Part 'Squad/Parts/Command/mk2CockpitInline/mk2CockpitInline/mk2Cockpit_Inline'
[WRN 16:19:18.340] [Part]: Cannot have ModuleCargoPart and ModuleInventoryPart on same Part [mk2Cockpit.Inline'. Removed ModuleCargoPart
[LOG 16:19:18.344] PartLoader: Part 'Squad/Parts/Command/mk2CockpitInline/mk2CockpitInline/mk2Cockpit_Inline' has no database record. Creating.
[LOG 16:19:18.344] [DragCubeSystem]: Drag cubes not found or cannot be read for part Part. Generating New drag cubes.
[LOG 16:19:18.344] [KSPCF/DragCubeGeneration] Creating drag cubes for part 'mk2Cockpit.Inline'
[LOG 16:19:18.350] PartLoader: Compiling Part 'Squad/Parts/Command/mk2CockpitStandard/mk2CockpitStandard/mk2Cockpit_Standard'
[WRN 16:19:18.354] [Part]: Cannot have ModuleCargoPart and ModuleInventoryPart on same Part [mk2Cockpit.Standard'. Removed ModuleCargoPart
[LOG 16:19:18.358] PartLoader: Part 'Squad/Parts/Command/mk2CockpitStandard/mk2CockpitStandard/mk2Cockpit_Standard' has no database record. Creating.
[LOG 16:19:18.358] [DragCubeSystem]: Drag cubes not found or cannot be read for part Part. Generating New drag cubes.
[LOG 16:19:18.358] [KSPCF/DragCubeGeneration] Creating drag cubes for part 'mk2Cockpit.Standard'
[LOG 16:19:18.365] PartLoader: Compiling Part 'Squad/Parts/Command/mk2DroneCore/mk2Dronecore/mk2DroneCore'
[LOG 16:19:18.370] PartLoader: Part 'Squad/Parts/Command/mk2DroneCore/mk2Dronecore/mk2DroneCore' has no database record. Creating.
[LOG 16:19:18.371] PartLoader: Compiling Part 'Squad/Parts/Command/mk2LanderCan/mk2LanderCan/mk2LanderCabin'
[WRN 16:19:18.374] [Part]: Cannot have ModuleCargoPart and ModuleInventoryPart on same Part [mk2LanderCabin'. Removed ModuleCargoPart
[LOG 16:19:18.378] PartLoader: Part 'Squad/Parts/Command/mk2LanderCan/mk2LanderCan/mk2LanderCabin' has no database record. Creating.
[LOG 16:19:18.378] [DragCubeSystem]: Drag cubes not found or cannot be read for part Part. Generating New drag cubes.
[LOG 16:19:18.379] [KSPCF/DragCubeGeneration] Creating drag cubes for part 'mk2LanderCabin'
[LOG 16:19:18.384] PartLoader: Compiling Part 'Squad/Parts/Command/mk2LanderCan_v2/mk2LanderCan_v2/mk2LanderCabin_v2'
[WRN 16:19:18.390] [Part]: Cannot have ModuleCargoPart and ModuleInventoryPart on same Part [mk2LanderCabin.v2'. Removed ModuleCargoPart
[LOG 16:19:18.394] PartLoader: Part 'Squad/Parts/Command/mk2LanderCan_v2/mk2LanderCan_v2/mk2LanderCabin_v2' has no database record. Creating.
[LOG 16:19:18.394] [DragCubeSystem]: Drag cubes not found or cannot be read for part Part. Generating New drag cubes.
[LOG 16:19:18.394] [KSPCF/DragCubeGeneration] Creating drag cubes for part 'mk2LanderCabin.v2'
[LOG 16:19:18.400] PartLoader: Compiling Part 'Squad/Parts/Command/mk3CockpitShuttle/mk3CockpitShuttle/mk3Cockpit_Shuttle'
[LOG 16:19:18.407] PartLoader: Part 'Squad/Parts/Command/mk3CockpitShuttle/mk3CockpitShuttle/mk3Cockpit_Shuttle' has no database record. Creating.
[LOG 16:19:18.407] [DragCubeSystem]: Drag cubes not found or cannot be read for part Part. Generating New drag cubes.
[LOG 16:19:18.407] [KSPCF/DragCubeGeneration] Creating drag cubes for part 'mk3Cockpit.Shuttle'
[LOG 16:19:18.412] PartLoader: Compiling Part 'Squad/Parts/Command/MpoProbe/MpoProbe/MpoProbe'
[LOG 16:19:18.419] PartLoader: Part 'Squad/Parts/Command/MpoProbe/MpoProbe/MpoProbe' has no database record. Creating.
[LOG 16:19:18.419] [DragCubeSystem]: Drag cubes not found or cannot be read for part Part. Generating New drag cubes.
[LOG 16:19:18.419] [KSPCF/DragCubeGeneration] Creating drag cubes for part 'MpoProbe'
[LOG 16:19:18.424] PartLoader: Compiling Part 'Squad/Parts/Command/MtmStage/MTM_Stage/MtmStage'
[LOG 16:19:18.430] PartLoader: Part 'Squad/Parts/Command/MtmStage/MTM_Stage/MtmStage' has no database record. Creating.
[LOG 16:19:18.430] [DragCubeSystem]: Drag cubes not found or cannot be read for part Part. Generating New drag cubes.
[LOG 16:19:18.430] [KSPCF/DragCubeGeneration] Creating drag cubes for part 'MtmStage'
[LOG 16:19:18.435] PartLoader: Compiling Part 'Squad/Parts/Command/probeCoreCube/probeCoreCube/probeCoreCube'
[LOG 16:19:18.441] PartLoader: Part 'Squad/Parts/Command/probeCoreCube/probeCoreCube/probeCoreCube' has no database record. Creating.
[LOG 16:19:18.442] PartLoader: Compiling Part 'Squad/Parts/Command/probeCoreHex/probeCoreHex/probeCoreHex'
[LOG 16:19:18.447] PartLoader: Part 'Squad/Parts/Command/probeCoreHex/probeCoreHex/probeCoreHex' has no database record. Creating.
[LOG 16:19:18.448] [DragCubeSystem]: Drag cubes not found or cannot be read for part Part. Generating New drag cubes.
[LOG 16:19:18.448] [KSPCF/DragCubeGeneration] Creating drag cubes for part 'probeCoreHex'
[LOG 16:19:18.454] PartLoader: Compiling Part 'Squad/Parts/Command/probeCoreHex_v2/probeCoreHex_v2/probeCoreHex_v2'
[LOG 16:19:18.458] PartLoader: Part 'Squad/Parts/Command/probeCoreHex_v2/probeCoreHex_v2/probeCoreHex_v2' has no database record. Creating.
[LOG 16:19:18.458] [DragCubeSystem]: Drag cubes not found or cannot be read for part Part. Generating New drag cubes.
[LOG 16:19:18.459] [KSPCF/DragCubeGeneration] Creating drag cubes for part 'probeCoreHex.v2'
[LOG 16:19:18.464] PartLoader: Compiling Part 'Squad/Parts/Command/probeCoreOcto2_v2/probeCoreOcto2_v2/probeCoreOcto2_v2'
[LOG 16:19:18.470] PartLoader: Part 'Squad/Parts/Command/probeCoreOcto2_v2/probeCoreOcto2_v2/probeCoreOcto2_v2' has no database record. Creating.
[LOG 16:19:18.470] [DragCubeSystem]: Drag cubes not found or cannot be read for part Part. Generating New drag cubes.
[LOG 16:19:18.470] [KSPCF/DragCubeGeneration] Creating drag cubes for part 'probeCoreOcto2.v2'
[LOG 16:19:18.475] PartLoader: Compiling Part 'Squad/Parts/Command/probeCoreOcto_v2/probeCoreOcto_v2/probeCoreOcto_v2'
[LOG 16:19:18.483] PartLoader: Part 'Squad/Parts/Command/probeCoreOcto_v2/probeCoreOcto_v2/probeCoreOcto_v2' has no database record. Creating.
[LOG 16:19:18.483] [DragCubeSystem]: Drag cubes not found or cannot be read for part Part. Generating New drag cubes.
[LOG 16:19:18.483] [KSPCF/DragCubeGeneration] Creating drag cubes for part 'probeCoreOcto.v2'
[LOG 16:19:18.489] PartLoader: Compiling Part 'Squad/Parts/Command/probeRoverBody/probeRoverBody/roverBody'
[LOG 16:19:18.494] PartLoader: Part 'Squad/Parts/Command/probeRoverBody/probeRoverBody/roverBody' has no database record. Creating.
[LOG 16:19:18.494] [DragCubeSystem]: Drag cubes not found or cannot be read for part Part. Generating New drag cubes.
[LOG 16:19:18.494] [KSPCF/DragCubeGeneration] Creating drag cubes for part 'roverBody'
[LOG 16:19:18.499] PartLoader: Compiling Part 'Squad/Parts/Command/probeRoverBody_v2/probeRoverBody_v2/roverBody_v2'
[LOG 16:19:18.509] PartLoader: Part 'Squad/Parts/Command/probeRoverBody_v2/probeRoverBody_v2/roverBody_v2' has no database record. Creating.
[LOG 16:19:18.509] [DragCubeSystem]: Drag cubes not found or cannot be read for part Part. Generating New drag cubes.
[LOG 16:19:18.509] [KSPCF/DragCubeGeneration] Creating drag cubes for part 'roverBody.v2'
[LOG 16:19:18.528] PartLoader: Compiling Part 'Squad/Parts/Command/probeStackLarge/probeStackLarge/probeStackLarge'
[LOG 16:19:18.534] PartLoader: Part 'Squad/Parts/Command/probeStackLarge/probeStackLarge/probeStackLarge' has no database record. Creating.
[LOG 16:19:18.534] [DragCubeSystem]: Drag cubes not found or cannot be read for part Part. Generating New drag cubes.
[LOG 16:19:18.534] [KSPCF/DragCubeGeneration] Creating drag cubes for part 'probeStackLarge'
[LOG 16:19:18.539] PartLoader: Compiling Part 'Squad/Parts/Command/probeStackSmall/probeStackSmall/probeStackSmall'
[LOG 16:19:18.546] PartLoader: Part 'Squad/Parts/Command/probeStackSmall/probeStackSmall/probeStackSmall' has no database record. Creating.
[LOG 16:19:18.546] [DragCubeSystem]: Drag cubes not found or cannot be read for part Part. Generating New drag cubes.
[LOG 16:19:18.546] [KSPCF/DragCubeGeneration] Creating drag cubes for part 'probeStackSmall'
[LOG 16:19:18.552] PartLoader: Compiling Part 'Squad/Parts/Command/probeStackSphere_v2/probeStackSphere_v2/probeCoreSphere_v2'
[LOG 16:19:18.557] PartLoader: Part 'Squad/Parts/Command/probeStackSphere_v2/probeStackSphere_v2/probeCoreSphere_v2' has no database record. Creating.
[LOG 16:19:18.558] PartLoader: Compiling Part 'Squad/Parts/CompoundParts/FuelLine/fuelLine/fuelLine'
[LOG 16:19:18.581] PartLoader: Part 'Squad/Parts/CompoundParts/FuelLine/fuelLine/fuelLine' has no database record. Creating.
[LOG 16:19:18.581] [DragCubeSystem]: Drag cubes not found or cannot be read for part CompoundPart. Generating New drag cubes.
[LOG 16:19:18.581] [KSPCF/DragCubeGeneration] Creating drag cubes for part 'fuelLine'
[LOG 16:19:18.586] PartLoader: Compiling Part 'Squad/Parts/CompoundParts/strutConnector/strutConnector/strutConnector'
[LOG 16:19:18.596] PartLoader: Part 'Squad/Parts/CompoundParts/strutConnector/strutConnector/strutConnector' has no database record. Creating.
[LOG 16:19:18.596] [DragCubeSystem]: Drag cubes not found or cannot be read for part CompoundPart. Generating New drag cubes.
[LOG 16:19:18.596] [KSPCF/DragCubeGeneration] Creating drag cubes for part 'strutConnector'
[LOG 16:19:18.602] PartLoader: Compiling Part 'Squad/Parts/Coupling/Decoupler_0/Decoupler_0'
[LOG 16:19:18.611] PartLoader: Part 'Squad/Parts/Coupling/Decoupler_0/Decoupler_0' has no database record. Creating.
[LOG 16:19:18.612] PartLoader: Compiling Part 'Squad/Parts/Coupling/Decoupler_1/Decoupler_1'
[LOG 16:19:18.618] PartLoader: Part 'Squad/Parts/Coupling/Decoupler_1/Decoupler_1' has no database record. Creating.
[LOG 16:19:18.619] PartLoader: Compiling Part 'Squad/Parts/Coupling/Decoupler_2/Decoupler_2'
[LOG 16:19:18.624] PartLoader: Part 'Squad/Parts/Coupling/Decoupler_2/Decoupler_2' has no database record. Creating.
[LOG 16:19:18.625] PartLoader: Compiling Part 'Squad/Parts/Coupling/Decoupler_3/Decoupler_3'
[LOG 16:19:18.629] PartLoader: Part 'Squad/Parts/Coupling/Decoupler_3/Decoupler_3' has no database record. Creating.
[LOG 16:19:18.630] PartLoader: Compiling Part 'Squad/Parts/Coupling/Separator_0/Separator_0'
[LOG 16:19:18.635] PartLoader: Part 'Squad/Parts/Coupling/Separator_0/Separator_0' has no database record. Creating.
[LOG 16:19:18.635] PartLoader: Compiling Part 'Squad/Parts/Coupling/Separator_1/Separator_1'
[LOG 16:19:18.640] PartLoader: Part 'Squad/Parts/Coupling/Separator_1/Separator_1' has no database record. Creating.
[LOG 16:19:18.641] PartLoader: Compiling Part 'Squad/Parts/Coupling/Separator_2/Separator_2'
[LOG 16:19:18.645] PartLoader: Part 'Squad/Parts/Coupling/Separator_2/Separator_2' has no database record. Creating.
[LOG 16:19:18.646] PartLoader: Compiling Part 'Squad/Parts/Coupling/Separator_3/Separator_3'
[LOG 16:19:18.650] PartLoader: Part 'Squad/Parts/Coupling/Separator_3/Separator_3' has no database record. Creating.
[LOG 16:19:18.651] PartLoader: Compiling Part 'Squad/Parts/Electrical/10CSolarPanels/OX-10C/solarPanelOX10C'
[LOG 16:19:18.662] PartLoader: Part 'Squad/Parts/Electrical/10CSolarPanels/OX-10C/solarPanelOX10C' has no database record. Creating.
[LOG 16:19:18.662] [DragCubeSystem]: Drag cubes not found or cannot be read for part Part. Generating New drag cubes.
[LOG 16:19:18.663] [KSPCF/DragCubeGeneration] Creating drag cubes for part 'solarPanelOX10C'
[LOG 16:19:18.681] PartLoader: Compiling Part 'Squad/Parts/Electrical/10CSolarPanels/SP-10C/solarPanelSP10C'
[LOG 16:19:18.689] PartLoader: Part 'Squad/Parts/Electrical/10CSolarPanels/SP-10C/solarPanelSP10C' has no database record. Creating.
[LOG 16:19:18.689] [DragCubeSystem]: Drag cubes not found or cannot be read for part Part. Generating New drag cubes.
[LOG 16:19:18.689] [KSPCF/DragCubeGeneration] Creating drag cubes for part 'solarPanelSP10C'
[LOG 16:19:18.708] PartLoader: Compiling Part 'Squad/Parts/Electrical/10LSolarPanels/OX-10L/solarPanelOX10L'
[LOG 16:19:18.713] PartLoader: Part 'Squad/Parts/Electrical/10LSolarPanels/OX-10L/solarPanelOX10L' has no database record. Creating.
[LOG 16:19:18.713] [DragCubeSystem]: Drag cubes not found or cannot be read for part Part. Generating New drag cubes.
[LOG 16:19:18.713] [KSPCF/DragCubeGeneration] Creating drag cubes for part 'solarPanelOX10L'
[LOG 16:19:18.730] PartLoader: Compiling Part 'Squad/Parts/Electrical/10LSolarPanels/SP-10L/solarPanelSP10L'
[LOG 16:19:18.737] PartLoader: Part 'Squad/Parts/Electrical/10LSolarPanels/SP-10L/solarPanelSP10L' has no database record. Creating.
[LOG 16:19:18.737] [DragCubeSystem]: Drag cubes not found or cannot be read for part Part. Generating New drag cubes.
[LOG 16:19:18.737] [KSPCF/DragCubeGeneration] Creating drag cubes for part 'solarPanelSP10L'
[LOG 16:19:18.755] PartLoader: Compiling Part 'Squad/Parts/Electrical/1x6ShroudSolarPanels/1x6ShroudSolarPanels/solarPanels2'
[LOG 16:19:18.760] PartLoader: Part 'Squad/Parts/Electrical/1x6ShroudSolarPanels/1x6ShroudSolarPanels/solarPanels2' has no database record. Creating.
[LOG 16:19:18.760] [DragCubeSystem]: Drag cubes not found or cannot be read for part Part. Generating New drag cubes.
[LOG 16:19:18.760] [KSPCF/DragCubeGeneration] Creating drag cubes for part 'solarPanels2'
[LOG 16:19:18.776] PartLoader: Compiling Part 'Squad/Parts/Electrical/1x6SolarPanels/1x6SolarPanels/solarPanels4'
[LOG 16:19:18.781] PartLoader: Part 'Squad/Parts/Electrical/1x6SolarPanels/1x6SolarPanels/solarPanels4' has no database record. Creating.
[LOG 16:19:18.781] [DragCubeSystem]: Drag cubes not found or cannot be read for part Part. Generating New drag cubes.
[LOG 16:19:18.781] [KSPCF/DragCubeGeneration] Creating drag cubes for part 'solarPanels4'
[LOG 16:19:18.797] PartLoader: Compiling Part 'Squad/Parts/Electrical/3x2ShroudSolarPanels/3x2ShroudSolarPanels/solarPanels1'
[LOG 16:19:18.802] PartLoader: Part 'Squad/Parts/Electrical/3x2ShroudSolarPanels/3x2ShroudSolarPanels/solarPanels1' has no database record. Creating.
[LOG 16:19:18.802] [DragCubeSystem]: Drag cubes not found or cannot be read for part Part. Generating New drag cubes.
[LOG 16:19:18.802] [KSPCF/DragCubeGeneration] Creating drag cubes for part 'solarPanels1'
[LOG 16:19:18.818] PartLoader: Compiling Part 'Squad/Parts/Electrical/3x2SolarPanels/3x2SolarPanels/solarPanels3'
[LOG 16:19:18.824] PartLoader: Part 'Squad/Parts/Electrical/3x2SolarPanels/3x2SolarPanels/solarPanels3' has no database record. Creating.
[LOG 16:19:18.824] [DragCubeSystem]: Drag cubes not found or cannot be read for part Part. Generating New drag cubes.
[LOG 16:19:18.824] [KSPCF/DragCubeGeneration] Creating drag cubes for part 'solarPanels3'
[LOG 16:19:18.840] PartLoader: Compiling Part 'Squad/Parts/Electrical/gigantorXlSolarArray/gigantorXlSolarArray/largeSolarPanel'
[LOG 16:19:18.847] PartLoader: Part 'Squad/Parts/Electrical/gigantorXlSolarArray/gigantorXlSolarArray/largeSolarPanel' has no database record. Creating.
[LOG 16:19:18.847] [DragCubeSystem]: Drag cubes not found or cannot be read for part Part. Generating New drag cubes.
[LOG 16:19:18.847] [KSPCF/DragCubeGeneration] Creating drag cubes for part 'largeSolarPanel'
[LOG 16:19:18.863] PartLoader: Compiling Part 'Squad/Parts/Electrical/radialFlatSolarPanel/radialFlatSolarPanel/solarPanels5'
[LOG 16:19:18.867] PartLoader: Part 'Squad/Parts/Electrical/radialFlatSolarPanel/radialFlatSolarPanel/solarPanels5' has no database record. Creating.
[LOG 16:19:18.867] [DragCubeSystem]: Drag cubes not found or cannot be read for part Part. Generating New drag cubes.
[LOG 16:19:18.867] [KSPCF/DragCubeGeneration] Creating drag cubes for part 'solarPanels5'
[LOG 16:19:18.873] PartLoader: Compiling Part 'Squad/Parts/Electrical/RTG/RTG/rtg'
[LOG 16:19:18.885] PartLoader: Part 'Squad/Parts/Electrical/RTG/RTG/rtg' has no database record. Creating.
[LOG 16:19:18.885] [DragCubeSystem]: Drag cubes not found or cannot be read for part Part. Generating New drag cubes.
[LOG 16:19:18.885] [KSPCF/DragCubeGeneration] Creating drag cubes for part 'rtg'
[LOG 16:19:18.892] PartLoader: Compiling Part 'Squad/Parts/Electrical/z-100Battery/z-100Battery/batteryPack'
[LOG 16:19:18.897] PartLoader: Part 'Squad/Parts/Electrical/z-100Battery/z-100Battery/batteryPack' has no database record. Creating.
[LOG 16:19:18.897] [DragCubeSystem]: Drag cubes not found or cannot be read for part Part. Generating New drag cubes.
[LOG 16:19:18.897] [KSPCF/DragCubeGeneration] Creating drag cubes for part 'batteryPack'
[LOG 16:19:18.901] PartLoader: Compiling Part 'Squad/Parts/Electrical/z-1kBattery/z-1kBattery/batteryBank'
[LOG 16:19:18.905] PartLoader: Part 'Squad/Parts/Electrical/z-1kBattery/z-1kBattery/batteryBank' has no database record. Creating.
[LOG 16:19:18.905] [DragCubeSystem]: Drag cubes not found or cannot be read for part Part. Generating New drag cubes.
[LOG 16:19:18.905] [KSPCF/DragCubeGeneration] Creating drag cubes for part 'batteryBank'
[LOG 16:19:18.909] PartLoader: Compiling Part 'Squad/Parts/Electrical/z-200Battery/z-200Battery/batteryBankMini'
[LOG 16:19:18.913] PartLoader: Part 'Squad/Parts/Electrical/z-200Battery/z-200Battery/batteryBankMini' has no database record. Creating.
[LOG 16:19:18.913] [DragCubeSystem]: Drag cubes not found or cannot be read for part Part. Generating New drag cubes.
[LOG 16:19:18.913] [KSPCF/DragCubeGeneration] Creating drag cubes for part 'batteryBankMini'
[LOG 16:19:18.918] PartLoader: Compiling Part 'Squad/Parts/Electrical/z-400Battery/z-400Battery/ksp_r_largeBatteryPack'
[LOG 16:19:18.921] PartLoader: Part 'Squad/Parts/Electrical/z-400Battery/z-400Battery/ksp_r_largeBatteryPack' has no database record. Creating.
[LOG 16:19:18.921] [DragCubeSystem]: Drag cubes not found or cannot be read for part Part. Generating New drag cubes.
[LOG 16:19:18.921] [KSPCF/DragCubeGeneration] Creating drag cubes for part 'ksp.r.largeBatteryPack'
[LOG 16:19:18.925] PartLoader: Compiling Part 'Squad/Parts/Electrical/z-4kBattery/z-4kBattery/batteryBankLarge'
[LOG 16:19:18.928] PartLoader: Part 'Squad/Parts/Electrical/z-4kBattery/z-4kBattery/batteryBankLarge' has no database record. Creating.
[LOG 16:19:18.928] [DragCubeSystem]: Drag cubes not found or cannot be read for part Part. Generating New drag cubes.
[LOG 16:19:18.928] [KSPCF/DragCubeGeneration] Creating drag cubes for part 'batteryBankLarge'
[LOG 16:19:18.932] PartLoader: Compiling Part 'Squad/Parts/Engine/ionEngine/ionEngine/ionEngine'
[LOG 16:19:18.950] PartLoader: Part 'Squad/Parts/Engine/ionEngine/ionEngine/ionEngine' has no database record. Creating.
[LOG 16:19:18.950] [DragCubeSystem]: Drag cubes not found or cannot be read for part Part. Generating New drag cubes.
[LOG 16:19:18.950] [KSPCF/DragCubeGeneration] Creating drag cubes for part 'ionEngine'
[LOG 16:19:18.958] PartLoader: Compiling Part 'Squad/Parts/Engine/jetEngines/jetEngineAfterburning/turboJet'
[LOG 16:19:18.990] PartLoader: Part 'Squad/Parts/Engine/jetEngines/jetEngineAfterburning/turboJet' has no database record. Creating.
[LOG 16:19:18.990] [DragCubeSystem]: Drag cubes not found or cannot be read for part Part. Generating New drag cubes.
[LOG 16:19:18.990] [KSPCF/DragCubeGeneration] Creating drag cubes for part 'turboJet'
[LOG 16:19:18.999] PartLoader: Compiling Part 'Squad/Parts/Engine/jetEngines/jetEngineBasic/JetEngine'
[LOG 16:19:19.007] PartLoader: Part 'Squad/Parts/Engine/jetEngines/jetEngineBasic/JetEngine' has no database record. Creating.
[LOG 16:19:19.007] [DragCubeSystem]: Drag cubes not found or cannot be read for part Part. Generating New drag cubes.
[LOG 16:19:19.007] [KSPCF/DragCubeGeneration] Creating drag cubes for part 'JetEngine'
[LOG 16:19:19.021] PartLoader: Compiling Part 'Squad/Parts/Engine/jetEngines/jetEngineBig/turboFanSize2'
[LOG 16:19:19.038] PartLoader: Part 'Squad/Parts/Engine/jetEngines/jetEngineBig/turboFanSize2' has no database record. Creating.
[LOG 16:19:19.038] [DragCubeSystem]: Drag cubes not found or cannot be read for part Part. Generating New drag cubes.
[LOG 16:19:19.038] [KSPCF/DragCubeGeneration] Creating drag cubes for part 'turboFanSize2'
[LOG 16:19:19.057] PartLoader: Compiling Part 'Squad/Parts/Engine/jetEngines/jetEngineTurbo/turboFanEngine'
[LOG 16:19:19.069] PartLoader: Part 'Squad/Parts/Engine/jetEngines/jetEngineTurbo/turboFanEngine' has no database record. Creating.
[LOG 16:19:19.069] [DragCubeSystem]: Drag cubes not found or cannot be read for part Part. Generating New drag cubes.
[LOG 16:19:19.069] [KSPCF/DragCubeGeneration] Creating drag cubes for part 'turboFanEngine'
[LOG 16:19:19.075] PartLoader: Compiling Part 'Squad/Parts/Engine/liquidEngine24-77/liquidEngine24-77/smallRadialEngine'
[LOG 16:19:19.084] PartLoader: Part 'Squad/Parts/Engine/liquidEngine24-77/liquidEngine24-77/smallRadialEngine' has no database record. Creating.
[LOG 16:19:19.084] [DragCubeSystem]: Drag cubes not found or cannot be read for part Part. Generating New drag cubes.
[LOG 16:19:19.084] [KSPCF/DragCubeGeneration] Creating drag cubes for part 'smallRadialEngine'
[LOG 16:19:19.089] PartLoader: Compiling Part 'Squad/Parts/Engine/liquidEngine24-77_v2/liquidEngine24-77_v2/smallRadialEngine_v2'
[LOG 16:19:19.100] PartLoader: Part 'Squad/Parts/Engine/liquidEngine24-77_v2/liquidEngine24-77_v2/smallRadialEngine_v2' has no database record. Creating.
[LOG 16:19:19.100] [DragCubeSystem]: Drag cubes not found or cannot be read for part Part. Generating New drag cubes.
[LOG 16:19:19.100] [KSPCF/DragCubeGeneration] Creating drag cubes for part 'smallRadialEngine.v2'
[LOG 16:19:19.106] PartLoader: Compiling Part 'Squad/Parts/Engine/liquidEngine48-7S_v2/liquidEngine48-7S_v2/liquidEngineMini_v2'
[LOG 16:19:19.114] PartLoader: Part 'Squad/Parts/Engine/liquidEngine48-7S_v2/liquidEngine48-7S_v2/liquidEngineMini_v2' has no database record. Creating.
[LOG 16:19:19.114] [DragCubeSystem]: Drag cubes not found or cannot be read for part Part. Generating New drag cubes.
[LOG 16:19:19.114] [KSPCF/DragCubeGeneration] Creating drag cubes for part 'liquidEngineMini.v2'
[LOG 16:19:19.142] PartLoader: Compiling Part 'Squad/Parts/Engine/liquidEngineAerospike/liquidEngineAerospike/toroidalAerospike'
[LOG 16:19:19.156] PartLoader: Part 'Squad/Parts/Engine/liquidEngineAerospike/liquidEngineAerospike/toroidalAerospike' has no database record. Creating.
[LOG 16:19:19.157] [DragCubeSystem]: Drag cubes not found or cannot be read for part Part. Generating New drag cubes.
[LOG 16:19:19.157] [KSPCF/DragCubeGeneration] Creating drag cubes for part 'toroidalAerospike'
[LOG 16:19:19.170] PartLoader: Compiling Part 'Squad/Parts/Engine/liquidEngineLV-1_v2/liquidEngineLV-1R _v2/radialEngineMini_v2'
[LOG 16:19:19.180] PartLoader: Part 'Squad/Parts/Engine/liquidEngineLV-1_v2/liquidEngineLV-1R _v2/radialEngineMini_v2' has no database record. Creating.
[LOG 16:19:19.180] [DragCubeSystem]: Drag cubes not found or cannot be read for part Part. Generating New drag cubes.
[LOG 16:19:19.180] [KSPCF/DragCubeGeneration] Creating drag cubes for part 'radialEngineMini.v2'
[LOG 16:19:19.196] PartLoader: Compiling Part 'Squad/Parts/Engine/liquidEngineLV-1_v2/liquidEngineLV-1_v2/microEngine_v2'
[LOG 16:19:19.202] PartLoader: Part 'Squad/Parts/Engine/liquidEngineLV-1_v2/liquidEngineLV-1_v2/microEngine_v2' has no database record. Creating.
[LOG 16:19:19.202] [DragCubeSystem]: Drag cubes not found or cannot be read for part Part. Generating New drag cubes.
[LOG 16:19:19.202] [KSPCF/DragCubeGeneration] Creating drag cubes for part 'microEngine.v2'
[LOG 16:19:19.216] PartLoader: Compiling Part 'Squad/Parts/Engine/liquidEngineLV-909_v2/liquidEngineLV-909_v2/liquidEngine3_v2'
[LOG 16:19:19.224] PartLoader: Part 'Squad/Parts/Engine/liquidEngineLV-909_v2/liquidEngineLV-909_v2/liquidEngine3_v2' has no database record. Creating.
[LOG 16:19:19.224] [DragCubeSystem]: Drag cubes not found or cannot be read for part Part. Generating New drag cubes.
[LOG 16:19:19.224] [KSPCF/DragCubeGeneration] Creating drag cubes for part 'liquidEngine3.v2'
[LOG 16:19:19.252] PartLoader: Compiling Part 'Squad/Parts/Engine/liquidEngineLV-N/liquidEngineLV-N/nuclearEngine'
[LOG 16:19:19.261] PartLoader: Part 'Squad/Parts/Engine/liquidEngineLV-N/liquidEngineLV-N/nuclearEngine' has no database record. Creating.
[LOG 16:19:19.261] [DragCubeSystem]: Drag cubes not found or cannot be read for part Part. Generating New drag cubes.
[LOG 16:19:19.261] [KSPCF/DragCubeGeneration] Part 'nuclearEngine' has defined a procedural drag cube setup
[LOG 16:19:19.262] PartLoader: Compiling Part 'Squad/Parts/Engine/liquidEngineLV-T30/liquidEngineLV-T30/liquidEngine'
[LOG 16:19:19.269] PartLoader: Part 'Squad/Parts/Engine/liquidEngineLV-T30/liquidEngineLV-T30/liquidEngine' has no database record. Creating.
[LOG 16:19:19.269] [DragCubeSystem]: Drag cubes not found or cannot be read for part Part. Generating New drag cubes.
[LOG 16:19:19.269] [KSPCF/DragCubeGeneration] Creating drag cubes for part 'liquidEngine'
[LOG 16:19:19.282] PartLoader: Compiling Part 'Squad/Parts/Engine/liquidEngineLV-T30_v2/liquidEngineLV-T30_v2/liquidEngine_v2'
[LOG 16:19:19.290] PartLoader: Part 'Squad/Parts/Engine/liquidEngineLV-T30_v2/liquidEngineLV-T30_v2/liquidEngine_v2' has no database record. Creating.
[LOG 16:19:19.291] PartLoader: Compiling Part 'Squad/Parts/Engine/liquidEngineLV-T45/liquidEngineLV-T45/liquidEngine2'
[LOG 16:19:19.298] PartLoader: Part 'Squad/Parts/Engine/liquidEngineLV-T45/liquidEngineLV-T45/liquidEngine2' has no database record. Creating.
[LOG 16:19:19.298] [DragCubeSystem]: Drag cubes not found or cannot be read for part Part. Generating New drag cubes.
[LOG 16:19:19.298] [KSPCF/DragCubeGeneration] Creating drag cubes for part 'liquidEngine2'
[LOG 16:19:19.318] PartLoader: Compiling Part 'Squad/Parts/Engine/liquidEngineLV-T45_v2/liquidEngineLV-T45_v2/liquidEngine2_v2'
[LOG 16:19:19.330] PartLoader: Part 'Squad/Parts/Engine/liquidEngineLV-T45_v2/liquidEngineLV-T45_v2/liquidEngine2_v2' has no database record. Creating.
[LOG 16:19:19.331] PartLoader: Compiling Part 'Squad/Parts/Engine/liquidEngineMainsail_v2/liquidEngineMainsail_v2/liquidEngineMainsail_v2'
[LOG 16:19:19.348] PartLoader: Part 'Squad/Parts/Engine/liquidEngineMainsail_v2/liquidEngineMainsail_v2/liquidEngineMainsail_v2' has no database record. Creating.
[LOG 16:19:19.348] [DragCubeSystem]: Drag cubes not found or cannot be read for part Part. Generating New drag cubes.
[LOG 16:19:19.348] [KSPCF/DragCubeGeneration] Creating drag cubes for part 'liquidEngineMainsail.v2'
[LOG 16:19:19.388] PartLoader: Compiling Part 'Squad/Parts/Engine/liquidEngineMk55/liquidEngineMk55/radialLiquidEngine1-2'
[LOG 16:19:19.396] PartLoader: Part 'Squad/Parts/Engine/liquidEngineMk55/liquidEngineMk55/radialLiquidEngine1-2' has no database record. Creating.
[LOG 16:19:19.396] [DragCubeSystem]: Drag cubes not found or cannot be read for part Part. Generating New drag cubes.
[LOG 16:19:19.396] [KSPCF/DragCubeGeneration] Creating drag cubes for part 'radialLiquidEngine1-2'
[LOG 16:19:19.401] PartLoader: Compiling Part 'Squad/Parts/Engine/liquidEnginePoodle_v2/liquidEnginePoodle_v2/liquidEngine2-2_v2'
[LOG 16:19:19.412] PartLoader: Part 'Squad/Parts/Engine/liquidEnginePoodle_v2/liquidEnginePoodle_v2/liquidEngine2-2_v2' has no database record. Creating.
[LOG 16:19:19.413] PartLoader: Compiling Part 'Squad/Parts/Engine/liquidEngineSkipper_v2/skipperLiquidEngine_v2/engineLargeSkipper_v2'
[LOG 16:19:19.422] PartLoader: Part 'Squad/Parts/Engine/liquidEngineSkipper_v2/skipperLiquidEngine_v2/engineLargeSkipper_v2' has no database record. Creating.
[LOG 16:19:19.422] [DragCubeSystem]: Drag cubes not found or cannot be read for part Part. Generating New drag cubes.
[LOG 16:19:19.422] [KSPCF/DragCubeGeneration] Creating drag cubes for part 'engineLargeSkipper.v2'
[LOG 16:19:19.451] PartLoader: Compiling Part 'Squad/Parts/Engine/liquidEngineSSME/SSME/SSME'
[LOG 16:19:19.460] PartLoader: Part 'Squad/Parts/Engine/liquidEngineSSME/SSME/SSME' has no database record. Creating.
[LOG 16:19:19.461] [DragCubeSystem]: Drag cubes not found or cannot be read for part Part. Generating New drag cubes.
[LOG 16:19:19.461] [KSPCF/DragCubeGeneration] Creating drag cubes for part 'SSME'
[LOG 16:19:19.475] PartLoader: Compiling Part 'Squad/Parts/Engine/MassiveSRB/part/MassiveBooster'
[LOG 16:19:19.484] PartLoader: Part 'Squad/Parts/Engine/MassiveSRB/part/MassiveBooster' has no database record. Creating.
[LOG 16:19:19.484] [DragCubeSystem]: Drag cubes not found or cannot be read for part Part. Generating New drag cubes.
[LOG 16:19:19.484] [KSPCF/DragCubeGeneration] Creating drag cubes for part 'MassiveBooster'
[LOG 16:19:19.489] PartLoader: Compiling Part 'Squad/Parts/Engine/miniJet/SmallJetEngine/miniJetEngine'
[LOG 16:19:19.495] PartLoader: Part 'Squad/Parts/Engine/miniJet/SmallJetEngine/miniJetEngine' has no database record. Creating.
[LOG 16:19:19.495] [DragCubeSystem]: Drag cubes not found or cannot be read for part Part. Generating New drag cubes.
[LOG 16:19:19.495] [KSPCF/DragCubeGeneration] Creating drag cubes for part 'miniJetEngine'
[LOG 16:19:19.500] PartLoader: Compiling Part 'Squad/Parts/Engine/OMSEngine/omsEngine/omsEngine'
[LOG 16:19:19.509] PartLoader: Part 'Squad/Parts/Engine/OMSEngine/omsEngine/omsEngine' has no database record. Creating.
[LOG 16:19:19.509] [DragCubeSystem]: Drag cubes not found or cannot be read for part Part. Generating New drag cubes.
[LOG 16:19:19.509] [KSPCF/DragCubeGeneration] Creating drag cubes for part 'omsEngine'
[LOG 16:19:19.514] PartLoader: Compiling Part 'Squad/Parts/Engine/rapierEngine/rapierEngine/RAPIER'
[LOG 16:19:19.524] PartLoader: Part 'Squad/Parts/Engine/rapierEngine/rapierEngine/RAPIER' has no database record. Creating.
[LOG 16:19:19.524] [DragCubeSystem]: Drag cubes not found or cannot be read for part Part. Generating New drag cubes.
[LOG 16:19:19.524] [KSPCF/DragCubeGeneration] Creating drag cubes for part 'RAPIER'
[LOG 16:19:19.530] PartLoader: Compiling Part 'Squad/Parts/Engine/Size1_SRBs/solidBoosterRT-10_v2/solidBooster_v2'
[LOG 16:19:19.538] PartLoader: Part 'Squad/Parts/Engine/Size1_SRBs/solidBoosterRT-10_v2/solidBooster_v2' has no database record. Creating.
[LOG 16:19:19.538] [DragCubeSystem]: Drag cubes not found or cannot be read for part Part. Generating New drag cubes.
[LOG 16:19:19.538] [KSPCF/DragCubeGeneration] Creating drag cubes for part 'solidBooster.v2'
[LOG 16:19:19.551] PartLoader: Compiling Part 'Squad/Parts/Engine/Size1_SRBs/solidBoosterRT-5_v2/solidBooster_sm_v2'
[LOG 16:19:19.560] PartLoader: Part 'Squad/Parts/Engine/Size1_SRBs/solidBoosterRT-5_v2/solidBooster_sm_v2' has no database record. Creating.
[LOG 16:19:19.560] [DragCubeSystem]: Drag cubes not found or cannot be read for part Part. Generating New drag cubes.
[LOG 16:19:19.560] [KSPCF/DragCubeGeneration] Creating drag cubes for part 'solidBooster.sm.v2'
[LOG 16:19:19.574] PartLoader: Compiling Part 'Squad/Parts/Engine/Size2LFB/part/Size2LFB'
[LOG 16:19:19.583] PartLoader: Part 'Squad/Parts/Engine/Size2LFB/part/Size2LFB' has no database record. Creating.
[LOG 16:19:19.583] [DragCubeSystem]: Drag cubes not found or cannot be read for part Part. Generating New drag cubes.
[LOG 16:19:19.583] [KSPCF/DragCubeGeneration] Creating drag cubes for part 'Size2LFB'
[LOG 16:19:19.589] PartLoader: Compiling Part 'Squad/Parts/Engine/Size2LFB_v2/part/Size2LFB_v2'
[LOG 16:19:19.597] PartLoader: Part 'Squad/Parts/Engine/Size2LFB_v2/part/Size2LFB_v2' has no database record. Creating.
[LOG 16:19:19.597] [DragCubeSystem]: Drag cubes not found or cannot be read for part Part. Generating New drag cubes.
[LOG 16:19:19.597] [KSPCF/DragCubeGeneration] Creating drag cubes for part 'Size2LFB.v2'
[LOG 16:19:19.604] PartLoader: Compiling Part 'Squad/Parts/Engine/Size3AdvancedEngine/part/Size3AdvancedEngine'
[LOG 16:19:19.617] PartLoader: Part 'Squad/Parts/Engine/Size3AdvancedEngine/part/Size3AdvancedEngine' has no database record. Creating.
[LOG 16:19:19.617] [DragCubeSystem]: Drag cubes not found or cannot be read for part Part. Generating New drag cubes.
[LOG 16:19:19.617] [KSPCF/DragCubeGeneration] Creating drag cubes for part 'Size3AdvancedEngine'
[LOG 16:19:19.632] PartLoader: Compiling Part 'Squad/Parts/Engine/Size3EngineCluster/part/Size3EngineCluster'
[LOG 16:19:19.639] PartLoader: Part 'Squad/Parts/Engine/Size3EngineCluster/part/Size3EngineCluster' has no database record. Creating.
[LOG 16:19:19.639] [DragCubeSystem]: Drag cubes not found or cannot be read for part Part. Generating New drag cubes.
[LOG 16:19:19.639] [KSPCF/DragCubeGeneration] Creating drag cubes for part 'Size3EngineCluster'
[LOG 16:19:19.645] PartLoader: Compiling Part 'Squad/Parts/Engine/solidBoosterBACC/solidBoosterBACC/solidBooster1-1'
[LOG 16:19:19.652] PartLoader: Part 'Squad/Parts/Engine/solidBoosterBACC/solidBoosterBACC/solidBooster1-1' has no database record. Creating.
[LOG 16:19:19.652] [DragCubeSystem]: Drag cubes not found or cannot be read for part Part. Generating New drag cubes.
[LOG 16:19:19.652] [KSPCF/DragCubeGeneration] Creating drag cubes for part 'solidBooster1-1'
[LOG 16:19:19.657] PartLoader: Compiling Part 'Squad/Parts/Engine/solidBoosterS2-17/solidBoosterS2-17/Thoroughbred'
[LOG 16:19:19.666] PartLoader: Part 'Squad/Parts/Engine/solidBoosterS2-17/solidBoosterS2-17/Thoroughbred' has no database record. Creating.
[LOG 16:19:19.666] [DragCubeSystem]: Drag cubes not found or cannot be read for part Part. Generating New drag cubes.
[LOG 16:19:19.666] [KSPCF/DragCubeGeneration] Creating drag cubes for part 'Thoroughbred'
[LOG 16:19:19.671] PartLoader: Compiling Part 'Squad/Parts/Engine/solidBoosterS2-33/solidBoosterS2-33/Clydesdale'
[LOG 16:19:19.679] PartLoader: Part 'Squad/Parts/Engine/solidBoosterS2-33/solidBoosterS2-33/Clydesdale' has no database record. Creating.
[LOG 16:19:19.679] [DragCubeSystem]: Drag cubes not found or cannot be read for part Part. Generating New drag cubes.
[LOG 16:19:19.679] [KSPCF/DragCubeGeneration] Creating drag cubes for part 'Clydesdale'
[LOG 16:19:19.684] PartLoader: Compiling Part 'Squad/Parts/Engine/solidBoosterSep/solidBoosterSep/sepMotor1'
[LOG 16:19:19.687] [ModuleCargoPart]: Setting stackableQuantity to 1 as sepMotor1 contains resources
[LOG 16:19:19.689] PartLoader: Part 'Squad/Parts/Engine/solidBoosterSep/solidBoosterSep/sepMotor1' has no database record. Creating.
[LOG 16:19:19.689] [DragCubeSystem]: Drag cubes not found or cannot be read for part Part. Generating New drag cubes.
[LOG 16:19:19.689] [KSPCF/DragCubeGeneration] Creating drag cubes for part 'sepMotor1'
[LOG 16:19:19.694] PartLoader: Compiling Part 'Squad/Parts/Engine/SolidBoostersF/SolidBoosterF3S0/Shrimp'
[LOG 16:19:19.703] PartLoader: Part 'Squad/Parts/Engine/SolidBoostersF/SolidBoosterF3S0/Shrimp' has no database record. Creating.
[LOG 16:19:19.703] [DragCubeSystem]: Drag cubes not found or cannot be read for part Part. Generating New drag cubes.
[LOG 16:19:19.703] [KSPCF/DragCubeGeneration] Creating drag cubes for part 'Shrimp'
[LOG 16:19:19.707] PartLoader: Compiling Part 'Squad/Parts/Engine/SolidBoostersF/SolidBoosterFM1/Mite'
[LOG 16:19:19.714] PartLoader: Part 'Squad/Parts/Engine/SolidBoostersF/SolidBoosterFM1/Mite' has no database record. Creating.
[LOG 16:19:19.714] [DragCubeSystem]: Drag cubes not found or cannot be read for part Part. Generating New drag cubes.
[LOG 16:19:19.714] [KSPCF/DragCubeGeneration] Creating drag cubes for part 'Mite'
[LOG 16:19:19.719] PartLoader: Compiling Part 'Squad/Parts/FuelTank/adapterTanks/Mk3-Mk2/adapterMk3-Mk2'
[LOG 16:19:19.721] PartLoader: Part 'Squad/Parts/FuelTank/adapterTanks/Mk3-Mk2/adapterMk3-Mk2' has no database record. Creating.
[LOG 16:19:19.721] [DragCubeSystem]: Drag cubes not found or cannot be read for part Part. Generating New drag cubes.
[LOG 16:19:19.721] [KSPCF/DragCubeGeneration] Creating drag cubes for part 'adapterMk3-Mk2'
[LOG 16:19:19.726] PartLoader: Compiling Part 'Squad/Parts/FuelTank/adapterTanks/Mk3-ShuttleAdapter/adapterEngines'
[LOG 16:19:19.728] PartLoader: Part 'Squad/Parts/FuelTank/adapterTanks/Mk3-ShuttleAdapter/adapterEngines' has no database record. Creating.
[LOG 16:19:19.728] [DragCubeSystem]: Drag cubes not found or cannot be read for part Part. Generating New drag cubes.
[LOG 16:19:19.728] [KSPCF/DragCubeGeneration] Creating drag cubes for part 'adapterEngines'
[LOG 16:19:19.732] PartLoader: Compiling Part 'Squad/Parts/FuelTank/adapterTanks/Mk3-Size2/adapterMk3-Size2'
[LOG 16:19:19.736] PartLoader: Part 'Squad/Parts/FuelTank/adapterTanks/Mk3-Size2/adapterMk3-Size2' has no database record. Creating.
[LOG 16:19:19.736] [DragCubeSystem]: Drag cubes not found or cannot be read for part Part. Generating New drag cubes.
[LOG 16:19:19.736] [KSPCF/DragCubeGeneration] Creating drag cubes for part 'adapterMk3-Size2'
[LOG 16:19:19.741] PartLoader: Compiling Part 'Squad/Parts/FuelTank/adapterTanks/Mk3-Size2Slant/adapterMk3-Size2Slant'
[LOG 16:19:19.744] PartLoader: Part 'Squad/Parts/FuelTank/adapterTanks/Mk3-Size2Slant/adapterMk3-Size2Slant' has no database record. Creating.
[LOG 16:19:19.744] [DragCubeSystem]: Drag cubes not found or cannot be read for part Part. Generating New drag cubes.
[LOG 16:19:19.744] [KSPCF/DragCubeGeneration] Creating drag cubes for part 'adapterMk3-Size2Slant'
[LOG 16:19:19.748] PartLoader: Compiling Part 'Squad/Parts/FuelTank/adapterTanks/Size2-Mk2/adapterSize2-Mk2'
[LOG 16:19:19.751] PartLoader: Part 'Squad/Parts/FuelTank/adapterTanks/Size2-Mk2/adapterSize2-Mk2' has no database record. Creating.
[LOG 16:19:19.752] [DragCubeSystem]: Drag cubes not found or cannot be read for part Part. Generating New drag cubes.
[LOG 16:19:19.752] [KSPCF/DragCubeGeneration] Creating drag cubes for part 'adapterSize2-Mk2'
[LOG 16:19:19.756] PartLoader: Compiling Part 'Squad/Parts/FuelTank/adapterTanks/Size2-Size1/adapterSize2-Size1'
[LOG 16:19:19.758] PartLoader: Part 'Squad/Parts/FuelTank/adapterTanks/Size2-Size1/adapterSize2-Size1' has no database record. Creating.
[LOG 16:19:19.758] [DragCubeSystem]: Drag cubes not found or cannot be read for part Part. Generating New drag cubes.
[LOG 16:19:19.758] [KSPCF/DragCubeGeneration] Creating drag cubes for part 'adapterSize2-Size1'
[LOG 16:19:19.763] PartLoader: Compiling Part 'Squad/Parts/FuelTank/adapterTanks/Size2-Size1Slant/adapterSize2-Size1Slant'
[LOG 16:19:19.765] PartLoader: Part 'Squad/Parts/FuelTank/adapterTanks/Size2-Size1Slant/adapterSize2-Size1Slant' has no database record. Creating.
[LOG 16:19:19.765] [DragCubeSystem]: Drag cubes not found or cannot be read for part Part. Generating New drag cubes.
[LOG 16:19:19.765] [KSPCF/DragCubeGeneration] Creating drag cubes for part 'adapterSize2-Size1Slant'
[LOG 16:19:19.770] PartLoader: Compiling Part 'Squad/Parts/FuelTank/adapterTanks/Size3-Mk3/adapterSize3-Mk3'
[LOG 16:19:19.773] PartLoader: Part 'Squad/Parts/FuelTank/adapterTanks/Size3-Mk3/adapterSize3-Mk3' has no database record. Creating.
[LOG 16:19:19.773] [DragCubeSystem]: Drag cubes not found or cannot be read for part Part. Generating New drag cubes.
[LOG 16:19:19.773] [KSPCF/DragCubeGeneration] Creating drag cubes for part 'adapterSize3-Mk3'
[LOG 16:19:19.777] PartLoader: Compiling Part 'Squad/Parts/FuelTank/drainTankFTE-1/ReleaseValve/ReleaseValve'
[LOG 16:19:19.787] PartLoader: Part 'Squad/Parts/FuelTank/drainTankFTE-1/ReleaseValve/ReleaseValve' has no database record. Creating.
[LOG 16:19:19.787] [DragCubeSystem]: Drag cubes not found or cannot be read for part Part. Generating New drag cubes.
[LOG 16:19:19.787] [KSPCF/DragCubeGeneration] Creating drag cubes for part 'ReleaseValve'
[LOG 16:19:19.791] PartLoader: Compiling Part 'Squad/Parts/FuelTank/FoilTanks/RadialTank_Capsule/externalTankCapsule'
[LOG 16:19:19.794] PartLoader: Part 'Squad/Parts/FuelTank/FoilTanks/RadialTank_Capsule/externalTankCapsule' has no database record. Creating.
[LOG 16:19:19.794] [DragCubeSystem]: Drag cubes not found or cannot be read for part Part. Generating New drag cubes.
[LOG 16:19:19.794] [KSPCF/DragCubeGeneration] Creating drag cubes for part 'externalTankCapsule'
[LOG 16:19:19.799] PartLoader: Compiling Part 'Squad/Parts/FuelTank/FoilTanks/RadialTank_Round/externalTankRound'
[LOG 16:19:19.802] PartLoader: Part 'Squad/Parts/FuelTank/FoilTanks/RadialTank_Round/externalTankRound' has no database record. Creating.
[LOG 16:19:19.802] [DragCubeSystem]: Drag cubes not found or cannot be read for part Part. Generating New drag cubes.
[LOG 16:19:19.802] [KSPCF/DragCubeGeneration] Creating drag cubes for part 'externalTankRound'
[LOG 16:19:19.808] PartLoader: Compiling Part 'Squad/Parts/FuelTank/FoilTanks/ToroidTank/externalTankToroid'
[LOG 16:19:19.811] PartLoader: Part 'Squad/Parts/FuelTank/FoilTanks/ToroidTank/externalTankToroid' has no database record. Creating.
[LOG 16:19:19.811] [DragCubeSystem]: Drag cubes not found or cannot be read for part Part. Generating New drag cubes.
[LOG 16:19:19.811] [KSPCF/DragCubeGeneration] Creating drag cubes for part 'externalTankToroid'
[LOG 16:19:19.815] PartLoader: Compiling Part 'Squad/Parts/FuelTank/fuelTankOscarB/fuelTankOscarB/miniFuelTank'
[LOG 16:19:19.818] PartLoader: Part 'Squad/Parts/FuelTank/fuelTankOscarB/fuelTankOscarB/miniFuelTank' has no database record. Creating.
[LOG 16:19:19.818] [DragCubeSystem]: Drag cubes not found or cannot be read for part Part. Generating New drag cubes.
[LOG 16:19:19.818] [KSPCF/DragCubeGeneration] Creating drag cubes for part 'miniFuelTank'
[LOG 16:19:19.822] PartLoader: Compiling Part 'Squad/Parts/FuelTank/miniFuselage/miniFuselage/miniFuselage'
[LOG 16:19:19.826] PartLoader: Part 'Squad/Parts/FuelTank/miniFuselage/miniFuselage/miniFuselage' has no database record. Creating.
[LOG 16:19:19.826] [DragCubeSystem]: Drag cubes not found or cannot be read for part Part. Generating New drag cubes.
[LOG 16:19:19.826] [KSPCF/DragCubeGeneration] Creating drag cubes for part 'miniFuselage'
[LOG 16:19:19.831] PartLoader: Compiling Part 'Squad/Parts/FuelTank/mk2Adapters/bicoupler/mk2_1m_Bicoupler'
[LOG 16:19:19.833] PartLoader: Part 'Squad/Parts/FuelTank/mk2Adapters/bicoupler/mk2_1m_Bicoupler' has no database record. Creating.
[LOG 16:19:19.833] [DragCubeSystem]: Drag cubes not found or cannot be read for part Part. Generating New drag cubes.
[LOG 16:19:19.834] [KSPCF/DragCubeGeneration] Creating drag cubes for part 'mk2.1m.Bicoupler'
[LOG 16:19:19.838] PartLoader: Compiling Part 'Squad/Parts/FuelTank/mk2Adapters/long/mk2_1m_AdapterLong'
[LOG 16:19:19.842] PartLoader: Part 'Squad/Parts/FuelTank/mk2Adapters/long/mk2_1m_AdapterLong' has no database record. Creating.
[LOG 16:19:19.842] [DragCubeSystem]: Drag cubes not found or cannot be read for part Part. Generating New drag cubes.
[LOG 16:19:19.842] [KSPCF/DragCubeGeneration] Creating drag cubes for part 'mk2.1m.AdapterLong'
[LOG 16:19:19.847] PartLoader: Compiling Part 'Squad/Parts/FuelTank/mk2Adapters/standard/mk2SpacePlaneAdapter'
[LOG 16:19:19.850] PartLoader: Part 'Squad/Parts/FuelTank/mk2Adapters/standard/mk2SpacePlaneAdapter' has no database record. Creating.
[LOG 16:19:19.850] [DragCubeSystem]: Drag cubes not found or cannot be read for part Part. Generating New drag cubes.
[LOG 16:19:19.851] [KSPCF/DragCubeGeneration] Creating drag cubes for part 'mk2SpacePlaneAdapter'
[LOG 16:19:19.855] PartLoader: Compiling Part 'Squad/Parts/FuelTank/mk2FuselageLong/LFO_long/mk2FuselageLongLFO'
[LOG 16:19:19.859] PartLoader: Part 'Squad/Parts/FuelTank/mk2FuselageLong/LFO_long/mk2FuselageLongLFO' has no database record. Creating.
[LOG 16:19:19.859] [DragCubeSystem]: Drag cubes not found or cannot be read for part Part. Generating New drag cubes.
[LOG 16:19:19.859] [KSPCF/DragCubeGeneration] Creating drag cubes for part 'mk2FuselageLongLFO'
[LOG 16:19:19.864] PartLoader: Compiling Part 'Squad/Parts/FuelTank/mk2FuselageLong/L_long/mk2Fuselage'
[LOG 16:19:19.866] PartLoader: Part 'Squad/Parts/FuelTank/mk2FuselageLong/L_long/mk2Fuselage' has no database record. Creating.
[LOG 16:19:19.866] [DragCubeSystem]: Drag cubes not found or cannot be read for part Part. Generating New drag cubes.
[LOG 16:19:19.866] [KSPCF/DragCubeGeneration] Creating drag cubes for part 'mk2Fuselage'
[LOG 16:19:19.871] PartLoader: Compiling Part 'Squad/Parts/FuelTank/mk2FuselageShort/LFO_short/mk2FuselageShortLFO'
[LOG 16:19:19.874] PartLoader: Part 'Squad/Parts/FuelTank/mk2FuselageShort/LFO_short/mk2FuselageShortLFO' has no database record. Creating.
[LOG 16:19:19.874] [DragCubeSystem]: Drag cubes not found or cannot be read for part Part. Generating New drag cubes.
[LOG 16:19:19.874] [KSPCF/DragCubeGeneration] Creating drag cubes for part 'mk2FuselageShortLFO'
[LOG 16:19:19.880] PartLoader: Compiling Part 'Squad/Parts/FuelTank/mk2FuselageShort/L_short/mk2FuselageShortLiquid'
[LOG 16:19:19.885] PartLoader: Part 'Squad/Parts/FuelTank/mk2FuselageShort/L_short/mk2FuselageShortLiquid' has no database record. Creating.
[LOG 16:19:19.885] [DragCubeSystem]: Drag cubes not found or cannot be read for part Part. Generating New drag cubes.
[LOG 16:19:19.885] [KSPCF/DragCubeGeneration] Creating drag cubes for part 'mk2FuselageShortLiquid'
[LOG 16:19:19.890] PartLoader: Compiling Part 'Squad/Parts/FuelTank/mk2FuselageShort/Mono_short/mk2FuselageShortMono'
[LOG 16:19:19.894] PartLoader: Part 'Squad/Parts/FuelTank/mk2FuselageShort/Mono_short/mk2FuselageShortMono' has no database record. Creating.
[LOG 16:19:19.895] [DragCubeSystem]: Drag cubes not found or cannot be read for part Part. Generating New drag cubes.
[LOG 16:19:19.895] [KSPCF/DragCubeGeneration] Creating drag cubes for part 'mk2FuselageShortMono'
[LOG 16:19:19.899] PartLoader: Compiling Part 'Squad/Parts/FuelTank/mk3Fuselage/CREW/mk3CrewCabin'
[LOG 16:19:19.904] PartLoader: Part 'Squad/Parts/FuelTank/mk3Fuselage/CREW/mk3CrewCabin' has no database record. Creating.
[LOG 16:19:19.904] [DragCubeSystem]: Drag cubes not found or cannot be read for part Part. Generating New drag cubes.
[LOG 16:19:19.904] [KSPCF/DragCubeGeneration] Creating drag cubes for part 'mk3CrewCabin'
[LOG 16:19:19.909] PartLoader: Compiling Part 'Squad/Parts/FuelTank/mk3Fuselage/LFO_100/mk3FuselageLFO_100'
[LOG 16:19:19.911] PartLoader: Part 'Squad/Parts/FuelTank/mk3Fuselage/LFO_100/mk3FuselageLFO_100' has no database record. Creating.
[LOG 16:19:19.912] [DragCubeSystem]: Drag cubes not found or cannot be read for part Part. Generating New drag cubes.
[LOG 16:19:19.912] [KSPCF/DragCubeGeneration] Creating drag cubes for part 'mk3FuselageLFO.100'
[LOG 16:19:19.917] PartLoader: Compiling Part 'Squad/Parts/FuelTank/mk3Fuselage/LFO_25/mk3FuselageLFO_25'
[LOG 16:19:19.922] PartLoader: Part 'Squad/Parts/FuelTank/mk3Fuselage/LFO_25/mk3FuselageLFO_25' has no database record. Creating.
[LOG 16:19:19.922] [DragCubeSystem]: Drag cubes not found or cannot be read for part Part. Generating New drag cubes.
[LOG 16:19:19.922] [KSPCF/DragCubeGeneration] Creating drag cubes for part 'mk3FuselageLFO.25'
[LOG 16:19:19.926] PartLoader: Compiling Part 'Squad/Parts/FuelTank/mk3Fuselage/LFO_50/mk3FuselageLFO_50'
[LOG 16:19:19.928] PartLoader: Part 'Squad/Parts/FuelTank/mk3Fuselage/LFO_50/mk3FuselageLFO_50' has no database record. Creating.
[LOG 16:19:19.928] [DragCubeSystem]: Drag cubes not found or cannot be read for part Part. Generating New drag cubes.
[LOG 16:19:19.928] [KSPCF/DragCubeGeneration] Creating drag cubes for part 'mk3FuselageLFO.50'
[LOG 16:19:19.933] PartLoader: Compiling Part 'Squad/Parts/FuelTank/mk3Fuselage/LF_100/mk3FuselageLF_100'
[LOG 16:19:19.936] PartLoader: Part 'Squad/Parts/FuelTank/mk3Fuselage/LF_100/mk3FuselageLF_100' has no database record. Creating.
[LOG 16:19:19.936] [DragCubeSystem]: Drag cubes not found or cannot be read for part Part. Generating New drag cubes.
[LOG 16:19:19.936] [KSPCF/DragCubeGeneration] Creating drag cubes for part 'mk3FuselageLF.100'
[LOG 16:19:19.941] PartLoader: Compiling Part 'Squad/Parts/FuelTank/mk3Fuselage/LF_25/mk3FuselageLF_25'
[LOG 16:19:19.943] PartLoader: Part 'Squad/Parts/FuelTank/mk3Fuselage/LF_25/mk3FuselageLF_25' has no database record. Creating.
[LOG 16:19:19.943] [DragCubeSystem]: Drag cubes not found or cannot be read for part Part. Generating New drag cubes.
[LOG 16:19:19.943] [KSPCF/DragCubeGeneration] Creating drag cubes for part 'mk3FuselageLF.25'
[LOG 16:19:19.947] PartLoader: Compiling Part 'Squad/Parts/FuelTank/mk3Fuselage/LF_50/mk3FuselageLF_50'
[LOG 16:19:19.950] PartLoader: Part 'Squad/Parts/FuelTank/mk3Fuselage/LF_50/mk3FuselageLF_50' has no database record. Creating.
[LOG 16:19:19.951] [DragCubeSystem]: Drag cubes not found or cannot be read for part Part. Generating New drag cubes.
[LOG 16:19:19.951] [KSPCF/DragCubeGeneration] Creating drag cubes for part 'mk3FuselageLF.50'
[LOG 16:19:19.955] PartLoader: Compiling Part 'Squad/Parts/FuelTank/mk3Fuselage/MONO/mk3FuselageMONO'
[LOG 16:19:19.958] PartLoader: Part 'Squad/Parts/FuelTank/mk3Fuselage/MONO/mk3FuselageMONO' has no database record. Creating.
[LOG 16:19:19.958] [DragCubeSystem]: Drag cubes not found or cannot be read for part Part. Generating New drag cubes.
[LOG 16:19:19.958] [KSPCF/DragCubeGeneration] Creating drag cubes for part 'mk3FuselageMONO'
[LOG 16:19:19.962] PartLoader: Compiling Part 'Squad/Parts/FuelTank/RCSFuelTankR1/RCSFuelTankR1/RCSTank1-2'
[LOG 16:19:19.965] PartLoader: Part 'Squad/Parts/FuelTank/RCSFuelTankR1/RCSFuelTankR1/RCSTank1-2' has no database record. Creating.
[LOG 16:19:19.965] [DragCubeSystem]: Drag cubes not found or cannot be read for part Part. Generating New drag cubes.
[LOG 16:19:19.965] [KSPCF/DragCubeGeneration] Creating drag cubes for part 'RCSTank1-2'
[LOG 16:19:19.969] PartLoader: Compiling Part 'Squad/Parts/FuelTank/RCSFuelTankR10/RCSFuelTankR10/rcsTankMini'
[LOG 16:19:19.972] PartLoader: Part 'Squad/Parts/FuelTank/RCSFuelTankR10/RCSFuelTankR10/rcsTankMini' has no database record. Creating.
[LOG 16:19:19.972] [DragCubeSystem]: Drag cubes not found or cannot be read for part Part. Generating New drag cubes.
[LOG 16:19:19.972] [KSPCF/DragCubeGeneration] Creating drag cubes for part 'rcsTankMini'
[LOG 16:19:19.977] PartLoader: Compiling Part 'Squad/Parts/FuelTank/RCSFuelTankR25/RCSFuelTankR25/RCSFuelTank'
[LOG 16:19:19.980] PartLoader: Part 'Squad/Parts/FuelTank/RCSFuelTankR25/RCSFuelTankR25/RCSFuelTank' has no database record. Creating.
[LOG 16:19:19.980] [DragCubeSystem]: Drag cubes not found or cannot be read for part Part. Generating New drag cubes.
[LOG 16:19:19.980] [KSPCF/DragCubeGeneration] Creating drag cubes for part 'RCSFuelTank'
[LOG 16:19:19.985] PartLoader: Compiling Part 'Squad/Parts/FuelTank/RCSTankRadial/radialRCSTank/radialRCSTank'
[LOG 16:19:19.988] PartLoader: Part 'Squad/Parts/FuelTank/RCSTankRadial/radialRCSTank/radialRCSTank' has no database record. Creating.
[LOG 16:19:19.988] [DragCubeSystem]: Drag cubes not found or cannot be read for part Part. Generating New drag cubes.
[LOG 16:19:19.989] [KSPCF/DragCubeGeneration] Creating drag cubes for part 'radialRCSTank'
[LOG 16:19:19.993] PartLoader: Compiling Part 'Squad/Parts/FuelTank/RCStankRadialLong/RCSTankRadialLong/rcsTankRadialLong'
[LOG 16:19:19.996] PartLoader: Part 'Squad/Parts/FuelTank/RCStankRadialLong/RCSTankRadialLong/rcsTankRadialLong' has no database record. Creating.
[LOG 16:19:19.996] [DragCubeSystem]: Drag cubes not found or cannot be read for part Part. Generating New drag cubes.
[LOG 16:19:19.996] [KSPCF/DragCubeGeneration] Creating drag cubes for part 'rcsTankRadialLong'
[LOG 16:19:20.000] PartLoader: Compiling Part 'Squad/Parts/FuelTank/RockomaxTanks/Rockomax16/Rockomax16_BW'
[LOG 16:19:20.003] PartLoader: Part 'Squad/Parts/FuelTank/RockomaxTanks/Rockomax16/Rockomax16_BW' has no database record. Creating.
[LOG 16:19:20.003] [DragCubeSystem]: Drag cubes not found or cannot be read for part Part. Generating New drag cubes.
[LOG 16:19:20.003] [KSPCF/DragCubeGeneration] Creating drag cubes for part 'Rockomax16.BW'
[LOG 16:19:20.007] PartLoader: Compiling Part 'Squad/Parts/FuelTank/RockomaxTanks/Rockomax32/Rockomax32_BW'
[LOG 16:19:20.010] PartLoader: Part 'Squad/Parts/FuelTank/RockomaxTanks/Rockomax32/Rockomax32_BW' has no database record. Creating.
[LOG 16:19:20.010] [DragCubeSystem]: Drag cubes not found or cannot be read for part Part. Generating New drag cubes.
[LOG 16:19:20.010] [KSPCF/DragCubeGeneration] Creating drag cubes for part 'Rockomax32.BW'
[LOG 16:19:20.026] PartLoader: Compiling Part 'Squad/Parts/FuelTank/RockomaxTanks/Rockomax64/Rockomax64_BW'
[LOG 16:19:20.029] PartLoader: Part 'Squad/Parts/FuelTank/RockomaxTanks/Rockomax64/Rockomax64_BW' has no database record. Creating.
[LOG 16:19:20.030] [DragCubeSystem]: Drag cubes not found or cannot be read for part Part. Generating New drag cubes.
[LOG 16:19:20.030] [KSPCF/DragCubeGeneration] Creating drag cubes for part 'Rockomax64.BW'
[LOG 16:19:20.039] PartLoader: Compiling Part 'Squad/Parts/FuelTank/RockomaxTanks/Rockomax8/Rockomax8BW'
[LOG 16:19:20.043] PartLoader: Part 'Squad/Parts/FuelTank/RockomaxTanks/Rockomax8/Rockomax8BW' has no database record. Creating.
[LOG 16:19:20.043] [DragCubeSystem]: Drag cubes not found or cannot be read for part Part. Generating New drag cubes.
[LOG 16:19:20.043] [KSPCF/DragCubeGeneration] Creating drag cubes for part 'Rockomax8BW'
[LOG 16:19:20.054] PartLoader: Compiling Part 'Squad/Parts/FuelTank/Size1_Tanks/fuelTankT100/fuelTankSmallFlat'
[LOG 16:19:20.058] PartLoader: Part 'Squad/Parts/FuelTank/Size1_Tanks/fuelTankT100/fuelTankSmallFlat' has no database record. Creating.
[LOG 16:19:20.058] [DragCubeSystem]: Drag cubes not found or cannot be read for part Part. Generating New drag cubes.
[LOG 16:19:20.058] [KSPCF/DragCubeGeneration] Creating drag cubes for part 'fuelTankSmallFlat'
[LOG 16:19:20.063] PartLoader: Compiling Part 'Squad/Parts/FuelTank/Size1_Tanks/fuelTankT200/fuelTankSmall'
[LOG 16:19:20.067] PartLoader: Part 'Squad/Parts/FuelTank/Size1_Tanks/fuelTankT200/fuelTankSmall' has no database record. Creating.
[LOG 16:19:20.067] [DragCubeSystem]: Drag cubes not found or cannot be read for part Part. Generating New drag cubes.
[LOG 16:19:20.067] [KSPCF/DragCubeGeneration] Creating drag cubes for part 'fuelTankSmall'
[LOG 16:19:20.071] PartLoader: Compiling Part 'Squad/Parts/FuelTank/Size1_Tanks/fuelTankT400/fuelTank'
[LOG 16:19:20.075] PartLoader: Part 'Squad/Parts/FuelTank/Size1_Tanks/fuelTankT400/fuelTank' has no database record. Creating.
[LOG 16:19:20.075] [DragCubeSystem]: Drag cubes not found or cannot be read for part Part. Generating New drag cubes.
[LOG 16:19:20.075] [KSPCF/DragCubeGeneration] Creating drag cubes for part 'fuelTank'
[LOG 16:19:20.079] PartLoader: Compiling Part 'Squad/Parts/FuelTank/Size1_Tanks/fuelTankT800/fuelTank_long'
[LOG 16:19:20.082] PartLoader: Part 'Squad/Parts/FuelTank/Size1_Tanks/fuelTankT800/fuelTank_long' has no database record. Creating.
[LOG 16:19:20.082] [DragCubeSystem]: Drag cubes not found or cannot be read for part Part. Generating New drag cubes.
[LOG 16:19:20.083] [KSPCF/DragCubeGeneration] Creating drag cubes for part 'fuelTank.long'
[LOG 16:19:20.087] PartLoader: Compiling Part 'Squad/Parts/FuelTank/Size3Tanks/large/Size3LargeTank'
[LOG 16:19:20.091] PartLoader: Part 'Squad/Parts/FuelTank/Size3Tanks/large/Size3LargeTank' has no database record. Creating.
[LOG 16:19:20.091] [DragCubeSystem]: Drag cubes not found or cannot be read for part Part. Generating New drag cubes.
[LOG 16:19:20.091] [KSPCF/DragCubeGeneration] Creating drag cubes for part 'Size3LargeTank'
[LOG 16:19:20.095] PartLoader: Compiling Part 'Squad/Parts/FuelTank/Size3Tanks/medium/Size3MediumTank'
[LOG 16:19:20.098] PartLoader: Part 'Squad/Parts/FuelTank/Size3Tanks/medium/Size3MediumTank' has no database record. Creating.
[LOG 16:19:20.098] [DragCubeSystem]: Drag cubes not found or cannot be read for part Part. Generating New drag cubes.
[LOG 16:19:20.098] [KSPCF/DragCubeGeneration] Creating drag cubes for part 'Size3MediumTank'
[LOG 16:19:20.102] PartLoader: Compiling Part 'Squad/Parts/FuelTank/Size3Tanks/small/Size3SmallTank'
[LOG 16:19:20.105] PartLoader: Part 'Squad/Parts/FuelTank/Size3Tanks/small/Size3SmallTank' has no database record. Creating.
[LOG 16:19:20.106] [DragCubeSystem]: Drag cubes not found or cannot be read for part Part. Generating New drag cubes.
[LOG 16:19:20.106] [KSPCF/DragCubeGeneration] Creating drag cubes for part 'Size3SmallTank'
[LOG 16:19:20.110] PartLoader: Compiling Part 'Squad/Parts/FuelTank/xenonTank/xenonTank/xenonTank'
[LOG 16:19:20.113] PartLoader: Part 'Squad/Parts/FuelTank/xenonTank/xenonTank/xenonTank' has no database record. Creating.
[LOG 16:19:20.113] [DragCubeSystem]: Drag cubes not found or cannot be read for part Part. Generating New drag cubes.
[LOG 16:19:20.113] [KSPCF/DragCubeGeneration] Creating drag cubes for part 'xenonTank'
[LOG 16:19:20.119] PartLoader: Compiling Part 'Squad/Parts/FuelTank/xenonTankLarge/xenonTankLarge/xenonTankLarge'
[LOG 16:19:20.124] PartLoader: Part 'Squad/Parts/FuelTank/xenonTankLarge/xenonTankLarge/xenonTankLarge' has no database record. Creating.
[LOG 16:19:20.124] [DragCubeSystem]: Drag cubes not found or cannot be read for part Part. Generating New drag cubes.
[LOG 16:19:20.124] [KSPCF/DragCubeGeneration] Creating drag cubes for part 'xenonTankLarge'
[LOG 16:19:20.129] PartLoader: Compiling Part 'Squad/Parts/FuelTank/xenonTankRadial/xenonTankRadial/xenonTankRadial'
[LOG 16:19:20.132] PartLoader: Part 'Squad/Parts/FuelTank/xenonTankRadial/xenonTankRadial/xenonTankRadial' has no database record. Creating.
[LOG 16:19:20.132] [DragCubeSystem]: Drag cubes not found or cannot be read for part Part. Generating New drag cubes.
[LOG 16:19:20.132] [KSPCF/DragCubeGeneration] Creating drag cubes for part 'xenonTankRadial'
[LOG 16:19:20.137] PartLoader: Compiling Part 'Squad/Parts/Misc/AsteroidDay/CamSat/InfraredTelescope'
[LOG 16:19:20.145] PartLoader: Part 'Squad/Parts/Misc/AsteroidDay/CamSat/InfraredTelescope' has no database record. Creating.
[LOG 16:19:20.145] [DragCubeSystem]: Drag cubes not found or cannot be read for part Part. Generating New drag cubes.
[LOG 16:19:20.145] [KSPCF/DragCubeGeneration] Creating drag cubes for part 'InfraredTelescope'
[LOG 16:19:20.149] PartLoader: Compiling Part 'Squad/Parts/Misc/AsteroidDay/HECS2/HECS2_ProbeCore'
[LOG 16:19:20.157] PartLoader: Part 'Squad/Parts/Misc/AsteroidDay/HECS2/HECS2_ProbeCore' has no database record. Creating.
[LOG 16:19:20.157] [DragCubeSystem]: Drag cubes not found or cannot be read for part Part. Generating New drag cubes.
[LOG 16:19:20.157] [KSPCF/DragCubeGeneration] Creating drag cubes for part 'HECS2.ProbeCore'
[LOG 16:19:20.163] PartLoader: Compiling Part 'Squad/Parts/Misc/AsteroidDay/HighGainAntenna/HighGainAntenna'
[LOG 16:19:20.171] PartLoader: Part 'Squad/Parts/Misc/AsteroidDay/HighGainAntenna/HighGainAntenna' has no database record. Creating.
[LOG 16:19:20.171] [DragCubeSystem]: Drag cubes not found or cannot be read for part Part. Generating New drag cubes.
[LOG 16:19:20.171] [KSPCF/DragCubeGeneration] Creating drag cubes for part 'HighGainAntenna'
[LOG 16:19:20.184] PartLoader: Compiling Part 'Squad/Parts/Misc/AsteroidDay/LgRadialSolar/LgRadialSolarPanel'
[LOG 16:19:20.187] PartLoader: Part 'Squad/Parts/Misc/AsteroidDay/LgRadialSolar/LgRadialSolarPanel' has no database record. Creating.
[LOG 16:19:20.187] [DragCubeSystem]: Drag cubes not found or cannot be read for part Part. Generating New drag cubes.
[LOG 16:19:20.187] [KSPCF/DragCubeGeneration] Creating drag cubes for part 'LgRadialSolarPanel'
[LOG 16:19:20.194] PartLoader: Compiling Part 'Squad/Parts/Misc/PotatoComet/part/PotatoComet'
[LOG 16:19:20.206] PartLoader: Part 'Squad/Parts/Misc/PotatoComet/part/PotatoComet' has no database record. Creating.
[LOG 16:19:20.206] PartLoader: Compiling Part 'Squad/Parts/Misc/PotatoRoid/part/PotatoRoid'
[LOG 16:19:20.216] PartLoader: Part 'Squad/Parts/Misc/PotatoRoid/part/PotatoRoid' has no database record. Creating.
[LOG 16:19:20.216] PartLoader: Compiling Part 'Squad/Parts/Prebuilt/flag/flag'
[LOG 16:19:20.219] PartLoader: Compiling Part 'Squad/Parts/Prebuilt/kerbalEVA/kerbalEVA'
[LOG 16:19:20.236] PartLoader: Compiling Part 'Squad/Parts/Prebuilt/kerbalEVAfemale/kerbalEVAfemale'
[LOG 16:19:20.242] PartLoader: Compiling Part 'Squad/Parts/Prebuilt/kerbalEVASlimSuit/kerbalEVASlimSuit'
[LOG 16:19:20.248] PartLoader: Compiling Part 'Squad/Parts/Prebuilt/kerbalEVASlimSuitFemale/kerbalEVASlimSuitFemale'
[LOG 16:19:20.254] PartLoader: Compiling Part 'Squad/Parts/Resources/FuelCell/FuelCell/FuelCell'
[LOG 16:19:20.262] PartLoader: Part 'Squad/Parts/Resources/FuelCell/FuelCell/FuelCell' has no database record. Creating.
[LOG 16:19:20.262] [DragCubeSystem]: Drag cubes not found or cannot be read for part Part. Generating New drag cubes.
[LOG 16:19:20.262] [KSPCF/DragCubeGeneration] Creating drag cubes for part 'FuelCell'
[LOG 16:19:20.268] PartLoader: Compiling Part 'Squad/Parts/Resources/FuelCell/FuelCellArray/FuelCellArray'
[LOG 16:19:20.273] PartLoader: Part 'Squad/Parts/Resources/FuelCell/FuelCellArray/FuelCellArray' has no database record. Creating.
[LOG 16:19:20.273] [DragCubeSystem]: Drag cubes not found or cannot be read for part Part. Generating New drag cubes.
[LOG 16:19:20.273] [KSPCF/DragCubeGeneration] Creating drag cubes for part 'FuelCellArray'
[LOG 16:19:20.278] PartLoader: Compiling Part 'Squad/Parts/Resources/ISRU/ISRU/ISRU'
[LOG 16:19:20.287] PartLoader: Part 'Squad/Parts/Resources/ISRU/ISRU/ISRU' has no database record. Creating.
[LOG 16:19:20.287] [DragCubeSystem]: Drag cubes not found or cannot be read for part Part. Generating New drag cubes.
[LOG 16:19:20.287] [KSPCF/DragCubeGeneration] Creating drag cubes for part 'ISRU'
[LOG 16:19:20.300] PartLoader: Compiling Part 'Squad/Parts/Resources/LargeTank/LargeTank/LargeTank'
[LOG 16:19:20.306] PartLoader: Part 'Squad/Parts/Resources/LargeTank/LargeTank/LargeTank' has no database record. Creating.
[LOG 16:19:20.306] [DragCubeSystem]: Drag cubes not found or cannot be read for part Part. Generating New drag cubes.
[LOG 16:19:20.306] [KSPCF/DragCubeGeneration] Creating drag cubes for part 'LargeTank'
[LOG 16:19:20.310] PartLoader: Compiling Part 'Squad/Parts/Resources/MiniDrill/MiniDrill/MiniDrill'
[LOG 16:19:20.328] PartLoader: Part 'Squad/Parts/Resources/MiniDrill/MiniDrill/MiniDrill' has no database record. Creating.
[LOG 16:19:20.328] [DragCubeSystem]: Drag cubes not found or cannot be read for part Part. Generating New drag cubes.
[LOG 16:19:20.329] [KSPCF/DragCubeGeneration] Creating drag cubes for part 'MiniDrill'
[LOG 16:19:20.353] PartLoader: Compiling Part 'Squad/Parts/Resources/MiniISRU/MiniISRU/MiniISRU'
[LOG 16:19:20.360] PartLoader: Part 'Squad/Parts/Resources/MiniISRU/MiniISRU/MiniISRU' has no database record. Creating.
[LOG 16:19:20.360] [DragCubeSystem]: Drag cubes not found or cannot be read for part Part. Generating New drag cubes.
[LOG 16:19:20.360] [KSPCF/DragCubeGeneration] Creating drag cubes for part 'MiniISRU'
[LOG 16:19:20.365] PartLoader: Compiling Part 'Squad/Parts/Resources/OrbitalScanner/OrbitalScanner/OrbitalScanner'
[LOG 16:19:20.376] PartLoader: Part 'Squad/Parts/Resources/OrbitalScanner/OrbitalScanner/OrbitalScanner' has no database record. Creating.
[LOG 16:19:20.376] [DragCubeSystem]: Drag cubes not found or cannot be read for part Part. Generating New drag cubes.
[LOG 16:19:20.376] [KSPCF/DragCubeGeneration] Creating drag cubes for part 'OrbitalScanner'
[LOG 16:19:20.387] PartLoader: Compiling Part 'Squad/Parts/Resources/RadialDrill/RadialDrill/RadialDrill'
[LOG 16:19:20.395] PartLoader: Part 'Squad/Parts/Resources/RadialDrill/RadialDrill/RadialDrill' has no database record. Creating.
[LOG 16:19:20.396] [DragCubeSystem]: Drag cubes not found or cannot be read for part Part. Generating New drag cubes.
[LOG 16:19:20.396] [KSPCF/DragCubeGeneration] Creating drag cubes for part 'RadialDrill'
[LOG 16:19:20.420] PartLoader: Compiling Part 'Squad/Parts/Resources/RadialTank/RadialTank/RadialOreTank'
[LOG 16:19:20.424] PartLoader: Part 'Squad/Parts/Resources/RadialTank/RadialTank/RadialOreTank' has no database record. Creating.
[LOG 16:19:20.424] [DragCubeSystem]: Drag cubes not found or cannot be read for part Part. Generating New drag cubes.
[LOG 16:19:20.424] [KSPCF/DragCubeGeneration] Creating drag cubes for part 'RadialOreTank'
[LOG 16:19:20.428] PartLoader: Compiling Part 'Squad/Parts/Resources/SmallTank/SmallTank/SmallTank'
[LOG 16:19:20.432] PartLoader: Part 'Squad/Parts/Resources/SmallTank/SmallTank/SmallTank' has no database record. Creating.
[LOG 16:19:20.432] [DragCubeSystem]: Drag cubes not found or cannot be read for part Part. Generating New drag cubes.
[LOG 16:19:20.432] [KSPCF/DragCubeGeneration] Creating drag cubes for part 'SmallTank'
[LOG 16:19:20.438] PartLoader: Compiling Part 'Squad/Parts/Resources/SurfaceScanner/SurfaceScanner/SurfaceScanner'
[LOG 16:19:20.459] PartLoader: Part 'Squad/Parts/Resources/SurfaceScanner/SurfaceScanner/SurfaceScanner' has no database record. Creating.
[LOG 16:19:20.459] [DragCubeSystem]: Drag cubes not found or cannot be read for part Part. Generating New drag cubes.
[LOG 16:19:20.459] [KSPCF/DragCubeGeneration] Creating drag cubes for part 'SurfaceScanner'
[LOG 16:19:20.464] PartLoader: Compiling Part 'Squad/Parts/Resources/SurveyScanner/SurveyScanner/SurveyScanner'
[LOG 16:19:20.476] PartLoader: Part 'Squad/Parts/Resources/SurveyScanner/SurveyScanner/SurveyScanner' has no database record. Creating.
[LOG 16:19:20.476] [DragCubeSystem]: Drag cubes not found or cannot be read for part Part. Generating New drag cubes.
[LOG 16:19:20.476] [KSPCF/DragCubeGeneration] Creating drag cubes for part 'SurveyScanner'
[LOG 16:19:20.492] PartLoader: Compiling Part 'Squad/Parts/Science/AtmosphereSensor/sensorAtmosphere/sensorAtmosphere'
[LOG 16:19:20.496] PartLoader: Part 'Squad/Parts/Science/AtmosphereSensor/sensorAtmosphere/sensorAtmosphere' has no database record. Creating.
[LOG 16:19:20.496] [DragCubeSystem]: Drag cubes not found or cannot be read for part Part. Generating New drag cubes.
[LOG 16:19:20.496] [KSPCF/DragCubeGeneration] Creating drag cubes for part 'sensorAtmosphere'
[LOG 16:19:20.501] PartLoader: Compiling Part 'Squad/Parts/Science/GooExperiment/gooExperiment/GooExperiment'
[LOG 16:19:20.508] PartLoader: Part 'Squad/Parts/Science/GooExperiment/gooExperiment/GooExperiment' has no database record. Creating.
[LOG 16:19:20.508] [DragCubeSystem]: Drag cubes not found or cannot be read for part Part. Generating New drag cubes.
[LOG 16:19:20.509] [KSPCF/DragCubeGeneration] Creating drag cubes for part 'GooExperiment'
[LOG 16:19:20.529] PartLoader: Compiling Part 'Squad/Parts/Science/LargeCrewedLab/largeCrewedLab/Large_Crewed_Lab'
[LOG 16:19:20.550] PartLoader: Part 'Squad/Parts/Science/LargeCrewedLab/largeCrewedLab/Large_Crewed_Lab' has no database record. Creating.
[LOG 16:19:20.550] [DragCubeSystem]: Drag cubes not found or cannot be read for part Part. Generating New drag cubes.
[LOG 16:19:20.550] [KSPCF/DragCubeGeneration] Creating drag cubes for part 'Large.Crewed.Lab'
[LOG 16:19:20.565] PartLoader: Compiling Part 'Squad/Parts/Science/Magnetometer/Magnetometer/Magnetometer'
[LOG 16:19:20.579] PartLoader: Part 'Squad/Parts/Science/Magnetometer/Magnetometer/Magnetometer' has no database record. Creating.
[LOG 16:19:20.579] [DragCubeSystem]: Drag cubes not found or cannot be read for part Part. Generating New drag cubes.
[LOG 16:19:20.579] [KSPCF/DragCubeGeneration] Creating drag cubes for part 'Magnetometer'
[LOG 16:19:20.594] PartLoader: Compiling Part 'Squad/Parts/Science/MaterialBay/materialBay/science_module'
[LOG 16:19:20.598] PartLoader: Part 'Squad/Parts/Science/MaterialBay/materialBay/science_module' has no database record. Creating.
[LOG 16:19:20.599] [DragCubeSystem]: Drag cubes not found or cannot be read for part Part. Generating New drag cubes.
[LOG 16:19:20.599] [KSPCF/DragCubeGeneration] Creating drag cubes for part 'science.module'
[LOG 16:19:20.611] PartLoader: Compiling Part 'Squad/Parts/Science/ScienceBox/ScienceBox/ScienceBox'
[LOG 16:19:20.615] PartLoader: Part 'Squad/Parts/Science/ScienceBox/ScienceBox/ScienceBox' has no database record. Creating.
[LOG 16:19:20.615] [DragCubeSystem]: Drag cubes not found or cannot be read for part Part. Generating New drag cubes.
[LOG 16:19:20.615] [KSPCF/DragCubeGeneration] Creating drag cubes for part 'ScienceBox'
[LOG 16:19:20.620] PartLoader: Compiling Part 'Squad/Parts/Science/sensorAccelerometer/sensorAccelerometer/sensorAccelerometer'
[LOG 16:19:20.630] PartLoader: Part 'Squad/Parts/Science/sensorAccelerometer/sensorAccelerometer/sensorAccelerometer' has no database record. Creating.
[LOG 16:19:20.630] [DragCubeSystem]: Drag cubes not found or cannot be read for part Part. Generating New drag cubes.
[LOG 16:19:20.630] [KSPCF/DragCubeGeneration] Creating drag cubes for part 'sensorAccelerometer'
[LOG 16:19:20.635] PartLoader: Compiling Part 'Squad/Parts/Science/sensorBarometer/sensorBarometer/sensorBarometer'
[LOG 16:19:20.638] PartLoader: Part 'Squad/Parts/Science/sensorBarometer/sensorBarometer/sensorBarometer' has no database record. Creating.
[LOG 16:19:20.638] [DragCubeSystem]: Drag cubes not found or cannot be read for part Part. Generating New drag cubes.
[LOG 16:19:20.638] [KSPCF/DragCubeGeneration] Creating drag cubes for part 'sensorBarometer'
[LOG 16:19:20.644] PartLoader: Compiling Part 'Squad/Parts/Science/sensorGravimeter/sensorGravimeter/sensorGravimeter'
[LOG 16:19:20.649] PartLoader: Part 'Squad/Parts/Science/sensorGravimeter/sensorGravimeter/sensorGravimeter' has no database record. Creating.
[LOG 16:19:20.649] [DragCubeSystem]: Drag cubes not found or cannot be read for part Part. Generating New drag cubes.
[LOG 16:19:20.649] [KSPCF/DragCubeGeneration] Creating drag cubes for part 'sensorGravimeter'
[LOG 16:19:20.654] PartLoader: Compiling Part 'Squad/Parts/Science/sensorThermometer/sensorThermometer/sensorThermometer'
[LOG 16:19:20.658] PartLoader: Part 'Squad/Parts/Science/sensorThermometer/sensorThermometer/sensorThermometer' has no database record. Creating.
[LOG 16:19:20.658] [DragCubeSystem]: Drag cubes not found or cannot be read for part Part. Generating New drag cubes.
[LOG 16:19:20.658] [KSPCF/DragCubeGeneration] Creating drag cubes for part 'sensorThermometer'
[LOG 16:19:20.662] PartLoader: Compiling Part 'Squad/Parts/Structural/FLAdapters/adapterSmallMiniShort/adapterSmallMiniShort'
[LOG 16:19:20.666] PartLoader: Part 'Squad/Parts/Structural/FLAdapters/adapterSmallMiniShort/adapterSmallMiniShort' has no database record. Creating.
[LOG 16:19:20.666] [DragCubeSystem]: Drag cubes not found or cannot be read for part Part. Generating New drag cubes.
[LOG 16:19:20.666] [KSPCF/DragCubeGeneration] Creating drag cubes for part 'adapterSmallMiniShort'
[LOG 16:19:20.670] PartLoader: Compiling Part 'Squad/Parts/Structural/FLAdapters/adapterSmallMiniTall/adapterSmallMiniTall'
[LOG 16:19:20.674] PartLoader: Part 'Squad/Parts/Structural/FLAdapters/adapterSmallMiniTall/adapterSmallMiniTall' has no database record. Creating.
[LOG 16:19:20.674] [DragCubeSystem]: Drag cubes not found or cannot be read for part Part. Generating New drag cubes.
[LOG 16:19:20.674] [KSPCF/DragCubeGeneration] Creating drag cubes for part 'adapterSmallMiniTall'
[LOG 16:19:20.679] PartLoader: Compiling Part 'Squad/Parts/Structural/mk1Parts/engineBodyRadial/radialEngineBody'
[LOG 16:19:20.683] PartLoader: Part 'Squad/Parts/Structural/mk1Parts/engineBodyRadial/radialEngineBody' has no database record. Creating.
[LOG 16:19:20.683] [DragCubeSystem]: Drag cubes not found or cannot be read for part Part. Generating New drag cubes.
[LOG 16:19:20.683] [KSPCF/DragCubeGeneration] Creating drag cubes for part 'radialEngineBody'
[LOG 16:19:20.688] PartLoader: Compiling Part 'Squad/Parts/Structural/mk1Parts/engineNacelle/nacelleBody'
[LOG 16:19:20.691] PartLoader: Part 'Squad/Parts/Structural/mk1Parts/engineNacelle/nacelleBody' has no database record. Creating.
[LOG 16:19:20.691] [DragCubeSystem]: Drag cubes not found or cannot be read for part Part. Generating New drag cubes.
[LOG 16:19:20.691] [KSPCF/DragCubeGeneration] Creating drag cubes for part 'nacelleBody'
[LOG 16:19:20.697] PartLoader: Compiling Part 'Squad/Parts/Structural/mk1Parts/mk1Fuselage/MK1Fuselage'
[LOG 16:19:20.700] PartLoader: Part 'Squad/Parts/Structural/mk1Parts/mk1Fuselage/MK1Fuselage' has no database record. Creating.
[LOG 16:19:20.700] [DragCubeSystem]: Drag cubes not found or cannot be read for part Part. Generating New drag cubes.
[LOG 16:19:20.700] [KSPCF/DragCubeGeneration] Creating drag cubes for part 'MK1Fuselage'
[LOG 16:19:20.704] PartLoader: Compiling Part 'Squad/Parts/Structural/mk1Parts/mk1FuselageIntake/MK1IntakeFuselage'
[LOG 16:19:20.707] PartLoader: Part 'Squad/Parts/Structural/mk1Parts/mk1FuselageIntake/MK1IntakeFuselage' has no database record. Creating.
[LOG 16:19:20.707] [DragCubeSystem]: Drag cubes not found or cannot be read for part Part. Generating New drag cubes.
[LOG 16:19:20.707] [KSPCF/DragCubeGeneration] Creating drag cubes for part 'MK1IntakeFuselage'
[LOG 16:19:20.713] PartLoader: Compiling Part 'Squad/Parts/Structural/mk1Parts/mk1Structural/Mk1FuselageStructural'
[LOG 16:19:20.717] PartLoader: Part 'Squad/Parts/Structural/mk1Parts/mk1Structural/Mk1FuselageStructural' has no database record. Creating.
[LOG 16:19:20.717] PartLoader: Compiling Part 'Squad/Parts/Structural/Size3To2Adapter_v2/Size2to3_v2/Size3To2Adapter_v2'
[LOG 16:19:20.719] PartLoader: Part 'Squad/Parts/Structural/Size3To2Adapter_v2/Size2to3_v2/Size3To2Adapter_v2' has no database record. Creating.
[LOG 16:19:20.720] PartLoader: Compiling Part 'Squad/Parts/Structural/stackAdapters/adapterLargeSmallBi/adapterLargeSmallBi'
[LOG 16:19:20.723] PartLoader: Part 'Squad/Parts/Structural/stackAdapters/adapterLargeSmallBi/adapterLargeSmallBi' has no database record. Creating.
[LOG 16:19:20.723] [DragCubeSystem]: Drag cubes not found or cannot be read for part Part. Generating New drag cubes.
[LOG 16:19:20.723] [KSPCF/DragCubeGeneration] Creating drag cubes for part 'adapterLargeSmallBi'
[LOG 16:19:20.728] PartLoader: Compiling Part 'Squad/Parts/Structural/stackAdapters/adapterLargeSmallQuad/adapterLargeSmallQuad'
[LOG 16:19:20.733] PartLoader: Part 'Squad/Parts/Structural/stackAdapters/adapterLargeSmallQuad/adapterLargeSmallQuad' has no database record. Creating.
[LOG 16:19:20.733] [DragCubeSystem]: Drag cubes not found or cannot be read for part Part. Generating New drag cubes.
[LOG 16:19:20.733] [KSPCF/DragCubeGeneration] Creating drag cubes for part 'adapterLargeSmallQuad'
[LOG 16:19:20.738] PartLoader: Compiling Part 'Squad/Parts/Structural/stackAdapters/adapterLargeSmallTri/adapterLargeSmallTri'
[LOG 16:19:20.741] PartLoader: Part 'Squad/Parts/Structural/stackAdapters/adapterLargeSmallTri/adapterLargeSmallTri' has no database record. Creating.
[LOG 16:19:20.741] [DragCubeSystem]: Drag cubes not found or cannot be read for part Part. Generating New drag cubes.
[LOG 16:19:20.741] [KSPCF/DragCubeGeneration] Creating drag cubes for part 'adapterLargeSmallTri'
[LOG 16:19:20.747] PartLoader: Compiling Part 'Squad/Parts/Structural/stationHub/stationHub/stationHub'
[LOG 16:19:20.751] PartLoader: Part 'Squad/Parts/Structural/stationHub/stationHub/stationHub' has no database record. Creating.
[LOG 16:19:20.751] [DragCubeSystem]: Drag cubes not found or cannot be read for part Part. Generating New drag cubes.
[LOG 16:19:20.751] [KSPCF/DragCubeGeneration] Creating drag cubes for part 'stationHub'
[LOG 16:19:20.756] PartLoader: Compiling Part 'Squad/Parts/Structural/structuralIBeam200/structuralIBeam200/structuralIBeam2'
[LOG 16:19:20.759] PartLoader: Part 'Squad/Parts/Structural/structuralIBeam200/structuralIBeam200/structuralIBeam2' has no database record. Creating.
[LOG 16:19:20.760] [DragCubeSystem]: Drag cubes not found or cannot be read for part Part. Generating New drag cubes.
[LOG 16:19:20.760] [KSPCF/DragCubeGeneration] Creating drag cubes for part 'structuralIBeam2'
[LOG 16:19:20.763] PartLoader: Compiling Part 'Squad/Parts/Structural/structuralIBeam200Pocket/structuralIBeam200Pocket/structuralIBeam3'
[LOG 16:19:20.767] PartLoader: Part 'Squad/Parts/Structural/structuralIBeam200Pocket/structuralIBeam200Pocket/structuralIBeam3' has no database record. Creating.
[LOG 16:19:20.767] [DragCubeSystem]: Drag cubes not found or cannot be read for part Part. Generating New drag cubes.
[LOG 16:19:20.767] [KSPCF/DragCubeGeneration] Creating drag cubes for part 'structuralIBeam3'
[LOG 16:19:20.771] PartLoader: Compiling Part 'Squad/Parts/Structural/structuralIBeam650/structuralIBeam650/structuralIBeam1'
[LOG 16:19:20.774] PartLoader: Part 'Squad/Parts/Structural/structuralIBeam650/structuralIBeam650/structuralIBeam1' has no database record. Creating.
[LOG 16:19:20.774] [DragCubeSystem]: Drag cubes not found or cannot be read for part Part. Generating New drag cubes.
[LOG 16:19:20.774] [KSPCF/DragCubeGeneration] Creating drag cubes for part 'structuralIBeam1'
[LOG 16:19:20.778] PartLoader: Compiling Part 'Squad/Parts/Structural/structuralMicronode/structuralMicronode/structuralMiniNode'
[LOG 16:19:20.782] PartLoader: Part 'Squad/Parts/Structural/structuralMicronode/structuralMicronode/structuralMiniNode' has no database record. Creating.
[LOG 16:19:20.782] [DragCubeSystem]: Drag cubes not found or cannot be read for part Part. Generating New drag cubes.
[LOG 16:19:20.782] [KSPCF/DragCubeGeneration] Creating drag cubes for part 'structuralMiniNode'
[LOG 16:19:20.787] PartLoader: Compiling Part 'Squad/Parts/Structural/structuralPanel1x1/structuralPanel1x1/structuralPanel1'
[LOG 16:19:20.790] PartLoader: Part 'Squad/Parts/Structural/structuralPanel1x1/structuralPanel1x1/structuralPanel1' has no database record. Creating.
[LOG 16:19:20.790] [DragCubeSystem]: Drag cubes not found or cannot be read for part Part. Generating New drag cubes.
[LOG 16:19:20.790] [KSPCF/DragCubeGeneration] Creating drag cubes for part 'structuralPanel1'
[LOG 16:19:20.794] PartLoader: Compiling Part 'Squad/Parts/Structural/structuralPanel2x2/structuralPanel2x2/structuralPanel2'
[LOG 16:19:20.798] PartLoader: Part 'Squad/Parts/Structural/structuralPanel2x2/structuralPanel2x2/structuralPanel2' has no database record. Creating.
[LOG 16:19:20.798] [DragCubeSystem]: Drag cubes not found or cannot be read for part Part. Generating New drag cubes.
[LOG 16:19:20.798] [KSPCF/DragCubeGeneration] Creating drag cubes for part 'structuralPanel2'
[LOG 16:19:20.802] PartLoader: Compiling Part 'Squad/Parts/Structural/structuralPylons/smallHardpoint/smallHardpoint'
[LOG 16:19:20.806] PartLoader: Part 'Squad/Parts/Structural/structuralPylons/smallHardpoint/smallHardpoint' has no database record. Creating.
[LOG 16:19:20.806] [DragCubeSystem]: Drag cubes not found or cannot be read for part Part. Generating New drag cubes.
[LOG 16:19:20.806] [KSPCF/DragCubeGeneration] Creating drag cubes for part 'smallHardpoint'
[LOG 16:19:20.811] PartLoader: Compiling Part 'Squad/Parts/Structural/structuralPylons/structuralPylon/structuralPylon'
[LOG 16:19:20.817] PartLoader: Part 'Squad/Parts/Structural/structuralPylons/structuralPylon/structuralPylon' has no database record. Creating.
[LOG 16:19:20.817] [DragCubeSystem]: Drag cubes not found or cannot be read for part Part. Generating New drag cubes.
[LOG 16:19:20.817] [KSPCF/DragCubeGeneration] Creating drag cubes for part 'structuralPylon'
[LOG 16:19:20.822] PartLoader: Compiling Part 'Squad/Parts/Structural/strutCubicOcto/strutCubicOcto/strutCube'
[LOG 16:19:20.826] PartLoader: Part 'Squad/Parts/Structural/strutCubicOcto/strutCubicOcto/strutCube' has no database record. Creating.
[LOG 16:19:20.826] [DragCubeSystem]: Drag cubes not found or cannot be read for part Part. Generating New drag cubes.
[LOG 16:19:20.826] [KSPCF/DragCubeGeneration] Creating drag cubes for part 'strutCube'
[LOG 16:19:20.830] PartLoader: Compiling Part 'Squad/Parts/Structural/strutOcto/strutOcto/strutOcto'
[LOG 16:19:20.834] PartLoader: Part 'Squad/Parts/Structural/strutOcto/strutOcto/strutOcto' has no database record. Creating.
[LOG 16:19:20.834] [DragCubeSystem]: Drag cubes not found or cannot be read for part Part. Generating New drag cubes.
[LOG 16:19:20.834] [KSPCF/DragCubeGeneration] Creating drag cubes for part 'strutOcto'
[LOG 16:19:20.839] PartLoader: Compiling Part 'Squad/Parts/Structural/trussGirderAdapter/trussGirderAdapter/trussAdapter'
[LOG 16:19:20.842] PartLoader: Part 'Squad/Parts/Structural/trussGirderAdapter/trussGirderAdapter/trussAdapter' has no database record. Creating.
[LOG 16:19:20.842] [DragCubeSystem]: Drag cubes not found or cannot be read for part Part. Generating New drag cubes.
[LOG 16:19:20.842] [KSPCF/DragCubeGeneration] Creating drag cubes for part 'trussAdapter'
[LOG 16:19:20.846] PartLoader: Compiling Part 'Squad/Parts/Structural/trussGirderL/trussGirderL/trussPiece1x'
[LOG 16:19:20.849] PartLoader: Part 'Squad/Parts/Structural/trussGirderL/trussGirderL/trussPiece1x' has no database record. Creating.
[LOG 16:19:20.849] [DragCubeSystem]: Drag cubes not found or cannot be read for part Part. Generating New drag cubes.
[LOG 16:19:20.849] [KSPCF/DragCubeGeneration] Creating drag cubes for part 'trussPiece1x'
[LOG 16:19:20.854] PartLoader: Compiling Part 'Squad/Parts/Structural/trussGirderXL/trussGirderXL/trussPiece3x'
[LOG 16:19:20.856] PartLoader: Part 'Squad/Parts/Structural/trussGirderXL/trussGirderXL/trussPiece3x' has no database record. Creating.
[LOG 16:19:20.856] [DragCubeSystem]: Drag cubes not found or cannot be read for part Part. Generating New drag cubes.
[LOG 16:19:20.856] [KSPCF/DragCubeGeneration] Creating drag cubes for part 'trussPiece3x'
[LOG 16:19:20.859] PartLoader: Compiling Part 'Squad/Parts/Thermal/FoldingRadiators/foldingRadLarge/foldingRadLarge'
[LOG 16:19:20.873] PartLoader: Part 'Squad/Parts/Thermal/FoldingRadiators/foldingRadLarge/foldingRadLarge' has no database record. Creating.
[LOG 16:19:20.875] PartLoader: Compiling Part 'Squad/Parts/Thermal/FoldingRadiators/foldingRadMed/foldingRadMed'
[LOG 16:19:20.880] PartLoader: Part 'Squad/Parts/Thermal/FoldingRadiators/foldingRadMed/foldingRadMed' has no database record. Creating.
[LOG 16:19:20.881] PartLoader: Compiling Part 'Squad/Parts/Thermal/FoldingRadiators/foldingRadSmall/foldingRadSmall'
[LOG 16:19:20.886] PartLoader: Part 'Squad/Parts/Thermal/FoldingRadiators/foldingRadSmall/foldingRadSmall' has no database record. Creating.
[LOG 16:19:20.887] PartLoader: Compiling Part 'Squad/Parts/Thermal/RadiatorPanels/radPanelEdge/radPanelEdge'
[LOG 16:19:20.891] PartLoader: Part 'Squad/Parts/Thermal/RadiatorPanels/radPanelEdge/radPanelEdge' has no database record. Creating.
[LOG 16:19:20.891] [DragCubeSystem]: Drag cubes not found or cannot be read for part Part. Generating New drag cubes.
[LOG 16:19:20.891] [KSPCF/DragCubeGeneration] Creating drag cubes for part 'radPanelEdge'
[LOG 16:19:20.895] PartLoader: Compiling Part 'Squad/Parts/Thermal/RadiatorPanels/radPanelLg/radPanelLg'
[LOG 16:19:20.898] PartLoader: Part 'Squad/Parts/Thermal/RadiatorPanels/radPanelLg/radPanelLg' has no database record. Creating.
[LOG 16:19:20.899] [DragCubeSystem]: Drag cubes not found or cannot be read for part Part. Generating New drag cubes.
[LOG 16:19:20.899] [KSPCF/DragCubeGeneration] Creating drag cubes for part 'radPanelLg'
[LOG 16:19:20.903] PartLoader: Compiling Part 'Squad/Parts/Thermal/RadiatorPanels/radPanelSm/radPanelSm'
[LOG 16:19:20.906] PartLoader: Part 'Squad/Parts/Thermal/RadiatorPanels/radPanelSm/radPanelSm' has no database record. Creating.
[LOG 16:19:20.906] [DragCubeSystem]: Drag cubes not found or cannot be read for part Part. Generating New drag cubes.
[LOG 16:19:20.906] [KSPCF/DragCubeGeneration] Creating drag cubes for part 'radPanelSm'
[LOG 16:19:20.910] PartLoader: Compiling Part 'Squad/Parts/Utility/commDish88-88/commDish88-88/commDish'
[LOG 16:19:20.915] PartLoader: Part 'Squad/Parts/Utility/commDish88-88/commDish88-88/commDish' has no database record. Creating.
[LOG 16:19:20.915] [DragCubeSystem]: Drag cubes not found or cannot be read for part Part. Generating New drag cubes.
[LOG 16:19:20.916] [KSPCF/DragCubeGeneration] Creating drag cubes for part 'commDish'
[LOG 16:19:20.932] PartLoader: Compiling Part 'Squad/Parts/Utility/commsAntennaDTS-M1/commsAntennaDTS-M1/mediumDishAntenna'
[LOG 16:19:20.937] PartLoader: Part 'Squad/Parts/Utility/commsAntennaDTS-M1/commsAntennaDTS-M1/mediumDishAntenna' has no database record. Creating.
[LOG 16:19:20.937] [DragCubeSystem]: Drag cubes not found or cannot be read for part Part. Generating New drag cubes.
[LOG 16:19:20.937] [KSPCF/DragCubeGeneration] Creating drag cubes for part 'mediumDishAntenna'
[LOG 16:19:20.950] PartLoader: Compiling Part 'Squad/Parts/Utility/commsDish16/commsAntenna16/longAntenna'
[LOG 16:19:20.955] PartLoader: Part 'Squad/Parts/Utility/commsDish16/commsAntenna16/longAntenna' has no database record. Creating.
[LOG 16:19:20.955] [DragCubeSystem]: Drag cubes not found or cannot be read for part Part. Generating New drag cubes.
[LOG 16:19:20.955] [KSPCF/DragCubeGeneration] Creating drag cubes for part 'longAntenna'
[LOG 16:19:20.967] PartLoader: Compiling Part 'Squad/Parts/Utility/decouplerRadialHDM/decouplerRadialHDM/radialDecoupler1-2'
[LOG 16:19:20.974] PartLoader: Part 'Squad/Parts/Utility/decouplerRadialHDM/decouplerRadialHDM/radialDecoupler1-2' has no database record. Creating.
[LOG 16:19:20.974] [DragCubeSystem]: Drag cubes not found or cannot be read for part Part. Generating New drag cubes.
[LOG 16:19:20.974] [KSPCF/DragCubeGeneration] Creating drag cubes for part 'radialDecoupler1-2'
[LOG 16:19:20.979] PartLoader: Compiling Part 'Squad/Parts/Utility/decouplerRadialTT-38K/decouplerRadialTT-38K/radialDecoupler'
[LOG 16:19:20.983] PartLoader: Part 'Squad/Parts/Utility/decouplerRadialTT-38K/decouplerRadialTT-38K/radialDecoupler' has no database record. Creating.
[LOG 16:19:20.983] [DragCubeSystem]: Drag cubes not found or cannot be read for part Part. Generating New drag cubes.
[LOG 16:19:20.983] [KSPCF/DragCubeGeneration] Creating drag cubes for part 'radialDecoupler'
[LOG 16:19:20.988] PartLoader: Compiling Part 'Squad/Parts/Utility/decouplerRadialTT-70/decouplerRadialTT-70/radialDecoupler2'
[LOG 16:19:20.993] PartLoader: Part 'Squad/Parts/Utility/decouplerRadialTT-70/decouplerRadialTT-70/radialDecoupler2' has no database record. Creating.
[LOG 16:19:20.993] [DragCubeSystem]: Drag cubes not found or cannot be read for part Part. Generating New drag cubes.
[LOG 16:19:20.993] [KSPCF/DragCubeGeneration] Creating drag cubes for part 'radialDecoupler2'
[LOG 16:19:20.999] PartLoader: Compiling Part 'Squad/Parts/Utility/DirectAntennas/C16S/SurfAntenna'
[LOG 16:19:21.004] PartLoader: Part 'Squad/Parts/Utility/DirectAntennas/C16S/SurfAntenna' has no database record. Creating.
[LOG 16:19:21.005] [DragCubeSystem]: Drag cubes not found or cannot be read for part Part. Generating New drag cubes.
[LOG 16:19:21.005] [KSPCF/DragCubeGeneration] Creating drag cubes for part 'SurfAntenna'
[LOG 16:19:21.009] PartLoader: Compiling Part 'Squad/Parts/Utility/DirectAntennas/HG-5/HighGainAntenna5'
[LOG 16:19:21.013] PartLoader: Part 'Squad/Parts/Utility/DirectAntennas/HG-5/HighGainAntenna5' has no database record. Creating.
[LOG 16:19:21.013] [DragCubeSystem]: Drag cubes not found or cannot be read for part Part. Generating New drag cubes.
[LOG 16:19:21.014] [KSPCF/DragCubeGeneration] Creating drag cubes for part 'HighGainAntenna5'
[LOG 16:19:21.026] PartLoader: Compiling Part 'Squad/Parts/Utility/DirectAntennas/HG-5_v2/HighGainAntenna5_v2'
[LOG 16:19:21.031] PartLoader: Part 'Squad/Parts/Utility/DirectAntennas/HG-5_v2/HighGainAntenna5_v2' has no database record. Creating.
[LOG 16:19:21.031] [DragCubeSystem]: Drag cubes not found or cannot be read for part Part. Generating New drag cubes.
[LOG 16:19:21.031] [KSPCF/DragCubeGeneration] Creating drag cubes for part 'HighGainAntenna5.v2'
[LOG 16:19:21.044] PartLoader: Compiling Part 'Squad/Parts/Utility/dockingPort/dockingPort/dockingPort2'
[LOG 16:19:21.060] PartLoader: Part 'Squad/Parts/Utility/dockingPort/dockingPort/dockingPort2' has no database record. Creating.
[LOG 16:19:21.060] [DragCubeSystem]: Drag cubes not found or cannot be read for part Part. Generating New drag cubes.
[LOG 16:19:21.060] [KSPCF/DragCubeGeneration] Creating drag cubes for part 'dockingPort2'
[LOG 16:19:21.066] PartLoader: Compiling Part 'Squad/Parts/Utility/dockingPortInline/dockingPortInline/dockingPortLateral'
[LOG 16:19:21.075] PartLoader: Part 'Squad/Parts/Utility/dockingPortInline/dockingPortInline/dockingPortLateral' has no database record. Creating.
[LOG 16:19:21.075] [DragCubeSystem]: Drag cubes not found or cannot be read for part Part. Generating New drag cubes.
[LOG 16:19:21.075] [KSPCF/DragCubeGeneration] Creating drag cubes for part 'dockingPortLateral'
[LOG 16:19:21.089] PartLoader: Compiling Part 'Squad/Parts/Utility/dockingPortJr/dockingPortJr/dockingPort3'
[LOG 16:19:21.092] PartLoader: Part 'Squad/Parts/Utility/dockingPortJr/dockingPortJr/dockingPort3' has no database record. Creating.
[LOG 16:19:21.092] [DragCubeSystem]: Drag cubes not found or cannot be read for part Part. Generating New drag cubes.
[LOG 16:19:21.092] [KSPCF/DragCubeGeneration] Creating drag cubes for part 'dockingPort3'
[LOG 16:19:21.098] PartLoader: Compiling Part 'Squad/Parts/Utility/dockingPortShielded/dockingPortShielded/dockingPort1'
[LOG 16:19:21.107] PartLoader: Part 'Squad/Parts/Utility/dockingPortShielded/dockingPortShielded/dockingPort1' has no database record. Creating.
[LOG 16:19:21.107] [DragCubeSystem]: Drag cubes not found or cannot be read for part Part. Generating New drag cubes.
[LOG 16:19:21.107] [KSPCF/DragCubeGeneration] Creating drag cubes for part 'dockingPort1'
[LOG 16:19:21.121] PartLoader: Compiling Part 'Squad/Parts/Utility/dockingPortSr/dockingPortSr/dockingPortLarge'
[LOG 16:19:21.126] PartLoader: Part 'Squad/Parts/Utility/dockingPortSr/dockingPortSr/dockingPortLarge' has no database record. Creating.
[LOG 16:19:21.126] [DragCubeSystem]: Drag cubes not found or cannot be read for part Part. Generating New drag cubes.
[LOG 16:19:21.126] [KSPCF/DragCubeGeneration] Creating drag cubes for part 'dockingPortLarge'
[LOG 16:19:21.130] PartLoader: Compiling Part 'Squad/Parts/Utility/Fireworks/fireworksLauncherBig/fireworksLauncherBig'
[LOG 16:19:21.144] PartLoader: Part 'Squad/Parts/Utility/Fireworks/fireworksLauncherBig/fireworksLauncherBig' has no database record. Creating.
[LOG 16:19:21.144] [DragCubeSystem]: Drag cubes not found or cannot be read for part Part. Generating New drag cubes.
[LOG 16:19:21.144] [KSPCF/DragCubeGeneration] Creating drag cubes for part 'fireworksLauncherBig'
[LOG 16:19:21.149] PartLoader: Compiling Part 'Squad/Parts/Utility/Fireworks/fireworksLauncherSmall/fireworksLauncherSmall'
[LOG 16:19:21.158] PartLoader: Part 'Squad/Parts/Utility/Fireworks/fireworksLauncherSmall/fireworksLauncherSmall' has no database record. Creating.
[LOG 16:19:21.158] [DragCubeSystem]: Drag cubes not found or cannot be read for part Part. Generating New drag cubes.
[LOG 16:19:21.158] [KSPCF/DragCubeGeneration] Creating drag cubes for part 'fireworksLauncherSmall'
[LOG 16:19:21.163] PartLoader: Compiling Part 'Squad/Parts/Utility/flags/flagFlat/flagFlat/flagPartFlat'
[LOG 16:19:21.177] PartLoader: Part 'Squad/Parts/Utility/flags/flagFlat/flagFlat/flagPartFlat' has no database record. Creating.
[LOG 16:19:21.177] [DragCubeSystem]: Drag cubes not found or cannot be read for part Part. Generating New drag cubes.
[LOG 16:19:21.177] [KSPCF/DragCubeGeneration] Creating drag cubes for part 'flagPartFlat'
[LOG 16:19:21.182] PartLoader: Compiling Part 'Squad/Parts/Utility/flags/flagSize0/flagSize0/flagPartSize0'
[LOG 16:19:21.188] PartLoader: Part 'Squad/Parts/Utility/flags/flagSize0/flagSize0/flagPartSize0' has no database record. Creating.
[LOG 16:19:21.188] [DragCubeSystem]: Drag cubes not found or cannot be read for part Part. Generating New drag cubes.
[LOG 16:19:21.188] [KSPCF/DragCubeGeneration] Creating drag cubes for part 'flagPartSize0'
[LOG 16:19:21.193] PartLoader: Compiling Part 'Squad/Parts/Utility/flags/flagSize1/flagSize1/flagPartSize1'
[LOG 16:19:21.198] PartLoader: Part 'Squad/Parts/Utility/flags/flagSize1/flagSize1/flagPartSize1' has no database record. Creating.
[LOG 16:19:21.198] [DragCubeSystem]: Drag cubes not found or cannot be read for part Part. Generating New drag cubes.
[LOG 16:19:21.198] [KSPCF/DragCubeGeneration] Creating drag cubes for part 'flagPartSize1'
[LOG 16:19:21.202] PartLoader: Compiling Part 'Squad/Parts/Utility/flags/flagSize2/flagSize2/flagPartSize2'
[LOG 16:19:21.208] PartLoader: Part 'Squad/Parts/Utility/flags/flagSize2/flagSize2/flagPartSize2' has no database record. Creating.
[LOG 16:19:21.208] [DragCubeSystem]: Drag cubes not found or cannot be read for part Part. Generating New drag cubes.
[LOG 16:19:21.208] [KSPCF/DragCubeGeneration] Creating drag cubes for part 'flagPartSize2'
[LOG 16:19:21.213] PartLoader: Compiling Part 'Squad/Parts/Utility/flags/flagSize3/flagSize3/flagPartSize3'
[LOG 16:19:21.221] PartLoader: Part 'Squad/Parts/Utility/flags/flagSize3/flagSize3/flagPartSize3' has no database record. Creating.
[LOG 16:19:21.221] [DragCubeSystem]: Drag cubes not found or cannot be read for part Part. Generating New drag cubes.
[LOG 16:19:21.221] [KSPCF/DragCubeGeneration] Creating drag cubes for part 'flagPartSize3'
[LOG 16:19:21.227] PartLoader: Compiling Part 'Squad/Parts/Utility/GrapplingDevice/part/GrapplingDevice'
[LOG 16:19:21.245] PartLoader: Part 'Squad/Parts/Utility/GrapplingDevice/part/GrapplingDevice' has no database record. Creating.
[LOG 16:19:21.245] [DragCubeSystem]: Drag cubes not found or cannot be read for part Part. Generating New drag cubes.
[LOG 16:19:21.245] [KSPCF/DragCubeGeneration] Creating drag cubes for part 'GrapplingDevice'
[LOG 16:19:21.265] PartLoader: Compiling Part 'Squad/Parts/Utility/ladderRadial/ladderRadial/ladder1'
[LOG 16:19:21.268] PartLoader: Part 'Squad/Parts/Utility/ladderRadial/ladderRadial/ladder1' has no database record. Creating.
[LOG 16:19:21.268] [DragCubeSystem]: Drag cubes not found or cannot be read for part Part. Generating New drag cubes.
[LOG 16:19:21.268] [KSPCF/DragCubeGeneration] Creating drag cubes for part 'ladder1'
[LOG 16:19:21.272] PartLoader: Compiling Part 'Squad/Parts/Utility/ladderTelescopic/ladderTelescopic/telescopicLadder'
[LOG 16:19:21.279] PartLoader: Part 'Squad/Parts/Utility/ladderTelescopic/ladderTelescopic/telescopicLadder' has no database record. Creating.
[LOG 16:19:21.279] [DragCubeSystem]: Drag cubes not found or cannot be read for part Part. Generating New drag cubes.
[LOG 16:19:21.279] [KSPCF/DragCubeGeneration] Creating drag cubes for part 'telescopicLadder'
[LOG 16:19:21.291] PartLoader: Compiling Part 'Squad/Parts/Utility/ladderTelescopicBay/ladderTelescopicBay/telescopicLadderBay'
[LOG 16:19:21.305] PartLoader: Part 'Squad/Parts/Utility/ladderTelescopicBay/ladderTelescopicBay/telescopicLadderBay' has no database record. Creating.
[LOG 16:19:21.305] [DragCubeSystem]: Drag cubes not found or cannot be read for part Part. Generating New drag cubes.
[LOG 16:19:21.306] [KSPCF/DragCubeGeneration] Creating drag cubes for part 'telescopicLadderBay'
[LOG 16:19:21.320] PartLoader: Compiling Part 'Squad/Parts/Utility/landingLegLT-1/landingLegLT-1/landingLeg1'
[LOG 16:19:21.351] PartLoader: Part 'Squad/Parts/Utility/landingLegLT-1/landingLegLT-1/landingLeg1' has no database record. Creating.
[LOG 16:19:21.351] [DragCubeSystem]: Drag cubes not found or cannot be read for part Part. Generating New drag cubes.
[LOG 16:19:21.352] [KSPCF/DragCubeGeneration] Creating drag cubes for part 'landingLeg1'
[LOG 16:19:21.367] PartLoader: Compiling Part 'Squad/Parts/Utility/landingLegLT-2/landingLegLT-2/landingLeg1-2'
[LOG 16:19:21.374] PartLoader: Part 'Squad/Parts/Utility/landingLegLT-2/landingLegLT-2/landingLeg1-2' has no database record. Creating.
[LOG 16:19:21.374] [DragCubeSystem]: Drag cubes not found or cannot be read for part Part. Generating New drag cubes.
[LOG 16:19:21.374] [KSPCF/DragCubeGeneration] Creating drag cubes for part 'landingLeg1-2'
[LOG 16:19:21.386] PartLoader: Compiling Part 'Squad/Parts/Utility/landingLegLT-5/landingLegLT-5/miniLandingLeg'
[LOG 16:19:21.393] PartLoader: Part 'Squad/Parts/Utility/landingLegLT-5/landingLegLT-5/miniLandingLeg' has no database record. Creating.
[LOG 16:19:21.393] [DragCubeSystem]: Drag cubes not found or cannot be read for part Part. Generating New drag cubes.
[LOG 16:19:21.393] [KSPCF/DragCubeGeneration] Creating drag cubes for part 'miniLandingLeg'
[LOG 16:19:21.404] PartLoader: Compiling Part 'Squad/Parts/Utility/launchClamp1/launchClamp1/launchClamp1'
[LOG 16:19:21.411] PartLoader: Part 'Squad/Parts/Utility/launchClamp1/launchClamp1/launchClamp1' has no database record. Creating.
[LOG 16:19:21.411] [DragCubeSystem]: Drag cubes not found or cannot be read for part Part. Generating New drag cubes.
[LOG 16:19:21.411] [KSPCF/DragCubeGeneration] Creating drag cubes for part 'launchClamp1'
[LOG 16:19:21.415] PartLoader: Compiling Part 'Squad/Parts/Utility/launchEscapeSystem/part/LaunchEscapeSystem'
[LOG 16:19:21.422] PartLoader: Part 'Squad/Parts/Utility/launchEscapeSystem/part/LaunchEscapeSystem' has no database record. Creating.
[LOG 16:19:21.422] [DragCubeSystem]: Drag cubes not found or cannot be read for part Part. Generating New drag cubes.
[LOG 16:19:21.422] [KSPCF/DragCubeGeneration] Creating drag cubes for part 'LaunchEscapeSystem'
[LOG 16:19:21.427] PartLoader: Compiling Part 'Squad/Parts/Utility/Lights/domeLight1/domeLight1'
[LOG 16:19:21.432] PartLoader: Part 'Squad/Parts/Utility/Lights/domeLight1/domeLight1' has no database record. Creating.
[LOG 16:19:21.432] [DragCubeSystem]: Drag cubes not found or cannot be read for part Part. Generating New drag cubes.
[LOG 16:19:21.432] [KSPCF/DragCubeGeneration] Creating drag cubes for part 'domeLight1'
[LOG 16:19:21.437] PartLoader: Compiling Part 'Squad/Parts/Utility/Lights/groundLight1/groundLight1'
[LOG 16:19:21.442] PartLoader: Part 'Squad/Parts/Utility/Lights/groundLight1/groundLight1' has no database record. Creating.
[LOG 16:19:21.442] [DragCubeSystem]: Drag cubes not found or cannot be read for part Part. Generating New drag cubes.
[LOG 16:19:21.442] [KSPCF/DragCubeGeneration] Creating drag cubes for part 'groundLight1'
[LOG 16:19:21.447] PartLoader: Compiling Part 'Squad/Parts/Utility/Lights/groundLight2/groundLight2'
[LOG 16:19:21.452] PartLoader: Part 'Squad/Parts/Utility/Lights/groundLight2/groundLight2' has no database record. Creating.
[LOG 16:19:21.452] [DragCubeSystem]: Drag cubes not found or cannot be read for part Part. Generating New drag cubes.
[LOG 16:19:21.452] [KSPCF/DragCubeGeneration] Creating drag cubes for part 'groundLight2'
[LOG 16:19:21.456] PartLoader: Compiling Part 'Squad/Parts/Utility/Lights/navLight1/navLight1'
[LOG 16:19:21.461] PartLoader: Part 'Squad/Parts/Utility/Lights/navLight1/navLight1' has no database record. Creating.
[LOG 16:19:21.461] [DragCubeSystem]: Drag cubes not found or cannot be read for part Part. Generating New drag cubes.
[LOG 16:19:21.461] [KSPCF/DragCubeGeneration] Creating drag cubes for part 'navLight1'
[LOG 16:19:21.466] PartLoader: Compiling Part 'Squad/Parts/Utility/Lights/spotLight1/spotLight3'
[LOG 16:19:21.471] PartLoader: Part 'Squad/Parts/Utility/Lights/spotLight1/spotLight3' has no database record. Creating.
[LOG 16:19:21.471] [DragCubeSystem]: Drag cubes not found or cannot be read for part Part. Generating New drag cubes.
[LOG 16:19:21.471] [KSPCF/DragCubeGeneration] Creating drag cubes for part 'spotLight3'
[LOG 16:19:21.475] PartLoader: Compiling Part 'Squad/Parts/Utility/Lights/stripLight1/stripLight1'
[LOG 16:19:21.481] PartLoader: Part 'Squad/Parts/Utility/Lights/stripLight1/stripLight1' has no database record. Creating.
[LOG 16:19:21.481] [DragCubeSystem]: Drag cubes not found or cannot be read for part Part. Generating New drag cubes.
[LOG 16:19:21.481] [KSPCF/DragCubeGeneration] Creating drag cubes for part 'stripLight1'
[LOG 16:19:21.486] PartLoader: Compiling Part 'Squad/Parts/Utility/linearVernorRCS/linearRCS/linearRcs'
[LOG 16:19:21.494] PartLoader: Part 'Squad/Parts/Utility/linearVernorRCS/linearRCS/linearRcs' has no database record. Creating.
[LOG 16:19:21.494] [DragCubeSystem]: Drag cubes not found or cannot be read for part Part. Generating New drag cubes.
[LOG 16:19:21.494] [KSPCF/DragCubeGeneration] Creating drag cubes for part 'linearRcs'
[LOG 16:19:21.499] PartLoader: Compiling Part 'Squad/Parts/Utility/linearVernorRCS/vernorEngine/vernierEngine'
[LOG 16:19:21.505] PartLoader: Part 'Squad/Parts/Utility/linearVernorRCS/vernorEngine/vernierEngine' has no database record. Creating.
[LOG 16:19:21.505] [DragCubeSystem]: Drag cubes not found or cannot be read for part Part. Generating New drag cubes.
[LOG 16:19:21.505] [KSPCF/DragCubeGeneration] Creating drag cubes for part 'vernierEngine'
[LOG 16:19:21.510] PartLoader: Compiling Part 'Squad/Parts/Utility/mk2CargoBay/BayL/mk2CargoBayL'
[LOG 16:19:21.515] PartLoader: Part 'Squad/Parts/Utility/mk2CargoBay/BayL/mk2CargoBayL' has no database record. Creating.
[LOG 16:19:21.515] PartLoader: Compiling Part 'Squad/Parts/Utility/mk2CargoBay/BayS/mk2CargoBayS'
[LOG 16:19:21.520] PartLoader: Part 'Squad/Parts/Utility/mk2CargoBay/BayS/mk2CargoBayS' has no database record. Creating.
[LOG 16:19:21.520] PartLoader: Compiling Part 'Squad/Parts/Utility/mk2CrewCabin/mk2CrewCabin/mk2CrewCabin'
[WRN 16:19:21.522] [Part]: Cannot have ModuleCargoPart and ModuleInventoryPart on same Part [mk2CrewCabin'. Removed ModuleCargoPart
[LOG 16:19:21.525] PartLoader: Part 'Squad/Parts/Utility/mk2CrewCabin/mk2CrewCabin/mk2CrewCabin' has no database record. Creating.
[LOG 16:19:21.525] [DragCubeSystem]: Drag cubes not found or cannot be read for part Part. Generating New drag cubes.
[LOG 16:19:21.525] [KSPCF/DragCubeGeneration] Creating drag cubes for part 'mk2CrewCabin'
[LOG 16:19:21.530] PartLoader: Compiling Part 'Squad/Parts/Utility/mk2DockingPort/mk2DockingPort/mk2DockingPort'
[LOG 16:19:21.535] PartLoader: Part 'Squad/Parts/Utility/mk2DockingPort/mk2DockingPort/mk2DockingPort' has no database record. Creating.
[LOG 16:19:21.536] PartLoader: Compiling Part 'Squad/Parts/Utility/mk3CargoBay/long/mk3CargoBayL'
[LOG 16:19:21.539] PartLoader: Part 'Squad/Parts/Utility/mk3CargoBay/long/mk3CargoBayL' has no database record. Creating.
[LOG 16:19:21.539] PartLoader: Compiling Part 'Squad/Parts/Utility/mk3CargoBay/medium/mk3CargoBayM'
[LOG 16:19:21.542] PartLoader: Part 'Squad/Parts/Utility/mk3CargoBay/medium/mk3CargoBayM' has no database record. Creating.
[LOG 16:19:21.542] PartLoader: Compiling Part 'Squad/Parts/Utility/mk3CargoBay/ramp/mk3CargoRamp'
[LOG 16:19:21.546] PartLoader: Part 'Squad/Parts/Utility/mk3CargoBay/ramp/mk3CargoRamp' has no database record. Creating.
[LOG 16:19:21.546] PartLoader: Compiling Part 'Squad/Parts/Utility/mk3CargoBay/short/mk3CargoBayS'
[LOG 16:19:21.549] PartLoader: Part 'Squad/Parts/Utility/mk3CargoBay/short/mk3CargoBayS' has no database record. Creating.
[LOG 16:19:21.549] PartLoader: Compiling Part 'Squad/Parts/Utility/parachuteMk1/parachuteMk1/parachuteSingle'
[LOG 16:19:21.560] PartLoader: Part 'Squad/Parts/Utility/parachuteMk1/parachuteMk1/parachuteSingle' has no database record. Creating.
[LOG 16:19:21.560] [DragCubeSystem]: Drag cubes not found or cannot be read for part Part. Generating New drag cubes.
[LOG 16:19:21.560] [KSPCF/DragCubeGeneration] Creating drag cubes for part 'parachuteSingle'
[LOG 16:19:21.578] PartLoader: Compiling Part 'Squad/Parts/Utility/parachuteMk12-R/parachuteMk12-R/radialDrogue'
[LOG 16:19:21.583] PartLoader: Part 'Squad/Parts/Utility/parachuteMk12-R/parachuteMk12-R/radialDrogue' has no database record. Creating.
[LOG 16:19:21.583] [DragCubeSystem]: Drag cubes not found or cannot be read for part Part. Generating New drag cubes.
[LOG 16:19:21.583] [KSPCF/DragCubeGeneration] Creating drag cubes for part 'radialDrogue'
[LOG 16:19:21.599] PartLoader: Compiling Part 'Squad/Parts/Utility/parachuteMk16-XL/parachuteMk16-XL/parachuteLarge'
[LOG 16:19:21.603] PartLoader: Part 'Squad/Parts/Utility/parachuteMk16-XL/parachuteMk16-XL/parachuteLarge' has no database record. Creating.
[LOG 16:19:21.603] [DragCubeSystem]: Drag cubes not found or cannot be read for part Part. Generating New drag cubes.
[LOG 16:19:21.603] [KSPCF/DragCubeGeneration] Creating drag cubes for part 'parachuteLarge'
[LOG 16:19:21.619] PartLoader: Compiling Part 'Squad/Parts/Utility/parachuteMk2-R/parachuteMk2-R/parachuteRadial'
[LOG 16:19:21.627] PartLoader: Part 'Squad/Parts/Utility/parachuteMk2-R/parachuteMk2-R/parachuteRadial' has no database record. Creating.
[LOG 16:19:21.627] [DragCubeSystem]: Drag cubes not found or cannot be read for part Part. Generating New drag cubes.
[LOG 16:19:21.627] [KSPCF/DragCubeGeneration] Creating drag cubes for part 'parachuteRadial'
[LOG 16:19:21.644] PartLoader: Compiling Part 'Squad/Parts/Utility/parachuteMk25/parachuteMk25/parachuteDrogue'
[LOG 16:19:21.650] PartLoader: Part 'Squad/Parts/Utility/parachuteMk25/parachuteMk25/parachuteDrogue' has no database record. Creating.
[LOG 16:19:21.650] [DragCubeSystem]: Drag cubes not found or cannot be read for part Part. Generating New drag cubes.
[LOG 16:19:21.650] [KSPCF/DragCubeGeneration] Creating drag cubes for part 'parachuteDrogue'
[LOG 16:19:21.666] PartLoader: Compiling Part 'Squad/Parts/Utility/radialAttachmentPoint/radialAttachmentPoint/stackPoint1'
[LOG 16:19:21.670] PartLoader: Part 'Squad/Parts/Utility/radialAttachmentPoint/radialAttachmentPoint/stackPoint1' has no database record. Creating.
[LOG 16:19:21.670] [DragCubeSystem]: Drag cubes not found or cannot be read for part Part. Generating New drag cubes.
[LOG 16:19:21.670] [KSPCF/DragCubeGeneration] Creating drag cubes for part 'stackPoint1'
[LOG 16:19:21.675] PartLoader: Compiling Part 'Squad/Parts/Utility/rcsBlockRV-105_v2/rcsBlockRV-105/RCSBlock_v2'
[LOG 16:19:21.688] PartLoader: Part 'Squad/Parts/Utility/rcsBlockRV-105_v2/rcsBlockRV-105/RCSBlock_v2' has no database record. Creating.
[LOG 16:19:21.688] [DragCubeSystem]: Drag cubes not found or cannot be read for part Part. Generating New drag cubes.
[LOG 16:19:21.688] [KSPCF/DragCubeGeneration] Creating drag cubes for part 'RCSBlock.v2'
[LOG 16:19:21.719] PartLoader: Compiling Part 'Squad/Parts/Utility/rcsBlockRV-105_v2/RCSblock_01_small/RCSblock_01_small'
[LOG 16:19:21.726] PartLoader: Part 'Squad/Parts/Utility/rcsBlockRV-105_v2/RCSblock_01_small/RCSblock_01_small' has no database record. Creating.
[LOG 16:19:21.726] [DragCubeSystem]: Drag cubes not found or cannot be read for part Part. Generating New drag cubes.
[LOG 16:19:21.726] [KSPCF/DragCubeGeneration] Creating drag cubes for part 'RCSblock.01.small'
[LOG 16:19:21.752] PartLoader: Compiling Part 'Squad/Parts/Utility/rcsSmallLinear/RCSLinearSmall/RCSLinearSmall'
[LOG 16:19:21.759] PartLoader: Part 'Squad/Parts/Utility/rcsSmallLinear/RCSLinearSmall/RCSLinearSmall' has no database record. Creating.
[LOG 16:19:21.759] [DragCubeSystem]: Drag cubes not found or cannot be read for part Part. Generating New drag cubes.
[LOG 16:19:21.759] [KSPCF/DragCubeGeneration] Creating drag cubes for part 'RCSLinearSmall'
[LOG 16:19:21.771] PartLoader: Compiling Part 'Squad/Parts/Utility/RelayAntennas/RA-100/RelayAntenna100'
[LOG 16:19:21.775] PartLoader: Part 'Squad/Parts/Utility/RelayAntennas/RA-100/RelayAntenna100' has no database record. Creating.
[LOG 16:19:21.775] [DragCubeSystem]: Drag cubes not found or cannot be read for part Part. Generating New drag cubes.
[LOG 16:19:21.775] [KSPCF/DragCubeGeneration] Creating drag cubes for part 'RelayAntenna100'
[LOG 16:19:21.779] PartLoader: Compiling Part 'Squad/Parts/Utility/RelayAntennas/RA-5/RelayAntenna5'
[LOG 16:19:21.783] PartLoader: Part 'Squad/Parts/Utility/RelayAntennas/RA-5/RelayAntenna5' has no database record. Creating.
[LOG 16:19:21.783] [DragCubeSystem]: Drag cubes not found or cannot be read for part Part. Generating New drag cubes.
[LOG 16:19:21.783] [KSPCF/DragCubeGeneration] Creating drag cubes for part 'RelayAntenna5'
[LOG 16:19:21.787] PartLoader: Compiling Part 'Squad/Parts/Utility/RelayAntennas/RA-50/RelayAntenna50'
[LOG 16:19:21.790] PartLoader: Part 'Squad/Parts/Utility/RelayAntennas/RA-50/RelayAntenna50' has no database record. Creating.
[LOG 16:19:21.790] [DragCubeSystem]: Drag cubes not found or cannot be read for part Part. Generating New drag cubes.
[LOG 16:19:21.790] [KSPCF/DragCubeGeneration] Creating drag cubes for part 'RelayAntenna50'
[LOG 16:19:21.795] PartLoader: Compiling Part 'Squad/Parts/Utility/rockomaxAdapters/largeAdapter/largeAdapter'
[LOG 16:19:21.798] PartLoader: Part 'Squad/Parts/Utility/rockomaxAdapters/largeAdapter/largeAdapter' has no database record. Creating.
[LOG 16:19:21.798] [DragCubeSystem]: Drag cubes not found or cannot be read for part Part. Generating New drag cubes.
[LOG 16:19:21.798] [KSPCF/DragCubeGeneration] Creating drag cubes for part 'largeAdapter'
[LOG 16:19:21.802] PartLoader: Compiling Part 'Squad/Parts/Utility/rockomaxAdapters/largeAdapterShort/largeAdapter2'
[LOG 16:19:21.807] PartLoader: Part 'Squad/Parts/Utility/rockomaxAdapters/largeAdapterShort/largeAdapter2' has no database record. Creating.
[LOG 16:19:21.807] [DragCubeSystem]: Drag cubes not found or cannot be read for part Part. Generating New drag cubes.
[LOG 16:19:21.807] [KSPCF/DragCubeGeneration] Creating drag cubes for part 'largeAdapter2'
[LOG 16:19:21.810] PartLoader: Compiling Part 'Squad/Parts/Utility/ServiceBay_v2/ServiceBay_125_v2/ServiceBay_125_v2'
[LOG 16:19:21.816] PartLoader: Part 'Squad/Parts/Utility/ServiceBay_v2/ServiceBay_125_v2/ServiceBay_125_v2' has no database record. Creating.
[LOG 16:19:21.816] [DragCubeSystem]: Drag cubes not found or cannot be read for part Part. Generating New drag cubes.
[LOG 16:19:21.816] [KSPCF/DragCubeGeneration] Creating drag cubes for part 'ServiceBay.125.v2'
[LOG 16:19:21.827] PartLoader: Compiling Part 'Squad/Parts/Utility/ServiceBay_v2/ServiceBay_250_v2/ServiceBay_250_v2'
[LOG 16:19:21.835] PartLoader: Part 'Squad/Parts/Utility/ServiceBay_v2/ServiceBay_250_v2/ServiceBay_250_v2' has no database record. Creating.
[LOG 16:19:21.835] [DragCubeSystem]: Drag cubes not found or cannot be read for part Part. Generating New drag cubes.
[LOG 16:19:21.835] [KSPCF/DragCubeGeneration] Creating drag cubes for part 'ServiceBay.250.v2'
[LOG 16:19:21.849] PartLoader: Compiling Part 'Squad/Parts/Utility/smallClaw/smallClaw/smallClaw'
[LOG 16:19:21.861] PartLoader: Part 'Squad/Parts/Utility/smallClaw/smallClaw/smallClaw' has no database record. Creating.
[LOG 16:19:21.861] [DragCubeSystem]: Drag cubes not found or cannot be read for part Part. Generating New drag cubes.
[LOG 16:19:21.861] [KSPCF/DragCubeGeneration] Creating drag cubes for part 'smallClaw'
[LOG 16:19:21.880] PartLoader: Compiling Part 'Squad/Parts/Utility/spotLightMk1/spotLightMk1/spotLight1'
[LOG 16:19:21.884] PartLoader: Part 'Squad/Parts/Utility/spotLightMk1/spotLightMk1/spotLight1' has no database record. Creating.
[LOG 16:19:21.884] [DragCubeSystem]: Drag cubes not found or cannot be read for part Part. Generating New drag cubes.
[LOG 16:19:21.884] [KSPCF/DragCubeGeneration] Creating drag cubes for part 'spotLight1'
[LOG 16:19:21.888] PartLoader: Compiling Part 'Squad/Parts/Utility/spotLightMk1_v2/spotLightMk1_v2/spotLight1_v2'
[LOG 16:19:21.894] PartLoader: Part 'Squad/Parts/Utility/spotLightMk1_v2/spotLightMk1_v2/spotLight1_v2' has no database record. Creating.
[LOG 16:19:21.894] [DragCubeSystem]: Drag cubes not found or cannot be read for part Part. Generating New drag cubes.
[LOG 16:19:21.894] [KSPCF/DragCubeGeneration] Creating drag cubes for part 'spotLight1.v2'
[LOG 16:19:21.899] PartLoader: Compiling Part 'Squad/Parts/Utility/spotLightMk2/spotLightMk2/spotLight2'
[LOG 16:19:21.902] PartLoader: Part 'Squad/Parts/Utility/spotLightMk2/spotLightMk2/spotLight2' has no database record. Creating.
[LOG 16:19:21.902] [DragCubeSystem]: Drag cubes not found or cannot be read for part Part. Generating New drag cubes.
[LOG 16:19:21.902] [KSPCF/DragCubeGeneration] Creating drag cubes for part 'spotLight2'
[LOG 16:19:21.906] PartLoader: Compiling Part 'Squad/Parts/Utility/spotLightMk2_v2/spotLightMk2_v2/spotLight2_v2'
[LOG 16:19:21.911] PartLoader: Part 'Squad/Parts/Utility/spotLightMk2_v2/spotLightMk2_v2/spotLight2_v2' has no database record. Creating.
[LOG 16:19:21.911] [DragCubeSystem]: Drag cubes not found or cannot be read for part Part. Generating New drag cubes.
[LOG 16:19:21.911] [KSPCF/DragCubeGeneration] Creating drag cubes for part 'spotLight2.v2'
[LOG 16:19:21.915] PartLoader: Compiling Part 'Squad/Parts/Utility/stackCouplers/stackBiCoupler_v2/stackBiCoupler_v2'
[LOG 16:19:21.921] PartLoader: Part 'Squad/Parts/Utility/stackCouplers/stackBiCoupler_v2/stackBiCoupler_v2' has no database record. Creating.
[LOG 16:19:21.921] [DragCubeSystem]: Drag cubes not found or cannot be read for part Part. Generating New drag cubes.
[LOG 16:19:21.922] [KSPCF/DragCubeGeneration] Creating drag cubes for part 'stackBiCoupler.v2'
[LOG 16:19:21.925] PartLoader: Compiling Part 'Squad/Parts/Utility/stackCouplers/stackQuadCoupler/stackQuadCoupler'
[LOG 16:19:21.928] PartLoader: Part 'Squad/Parts/Utility/stackCouplers/stackQuadCoupler/stackQuadCoupler' has no database record. Creating.
[LOG 16:19:21.928] [DragCubeSystem]: Drag cubes not found or cannot be read for part Part. Generating New drag cubes.
[LOG 16:19:21.928] [KSPCF/DragCubeGeneration] Creating drag cubes for part 'stackQuadCoupler'
[LOG 16:19:21.931] PartLoader: Compiling Part 'Squad/Parts/Utility/stackCouplers/stackTriCoupler_v2/stackTriCoupler_v2'
[LOG 16:19:21.934] PartLoader: Part 'Squad/Parts/Utility/stackCouplers/stackTriCoupler_v2/stackTriCoupler_v2' has no database record. Creating.
[LOG 16:19:21.934] [DragCubeSystem]: Drag cubes not found or cannot be read for part Part. Generating New drag cubes.
[LOG 16:19:21.935] [KSPCF/DragCubeGeneration] Creating drag cubes for part 'stackTriCoupler.v2'
[LOG 16:19:21.938] PartLoader: Compiling Part 'Squad/Parts/Wheel/LandingGear/GearExtraLarge/GearLarge'
[LOG 16:19:21.953] PartLoader: Part 'Squad/Parts/Wheel/LandingGear/GearExtraLarge/GearLarge' has no database record. Creating.
[LOG 16:19:21.953] [DragCubeSystem]: Drag cubes not found or cannot be read for part Part. Generating New drag cubes.
[LOG 16:19:21.953] [KSPCF/DragCubeGeneration] Creating drag cubes for part 'GearLarge'
[LOG 16:19:21.973] PartLoader: Compiling Part 'Squad/Parts/Wheel/LandingGear/GearFixed/GearFixed'
[LOG 16:19:21.979] PartLoader: Part 'Squad/Parts/Wheel/LandingGear/GearFixed/GearFixed' has no database record. Creating.
[LOG 16:19:21.979] [DragCubeSystem]: Drag cubes not found or cannot be read for part Part. Generating New drag cubes.
[LOG 16:19:21.979] [KSPCF/DragCubeGeneration] Creating drag cubes for part 'GearFixed'
[LOG 16:19:21.983] PartLoader: Compiling Part 'Squad/Parts/Wheel/LandingGear/GearFree/GearFree'
[LOG 16:19:21.996] PartLoader: Part 'Squad/Parts/Wheel/LandingGear/GearFree/GearFree' has no database record. Creating.
[LOG 16:19:21.996] [DragCubeSystem]: Drag cubes not found or cannot be read for part Part. Generating New drag cubes.
[LOG 16:19:21.996] [KSPCF/DragCubeGeneration] Creating drag cubes for part 'GearFree'
[LOG 16:19:22.005] PartLoader: Compiling Part 'Squad/Parts/Wheel/LandingGear/GearLarge/GearMedium'
[LOG 16:19:22.020] PartLoader: Part 'Squad/Parts/Wheel/LandingGear/GearLarge/GearMedium' has no database record. Creating.
[LOG 16:19:22.020] [DragCubeSystem]: Drag cubes not found or cannot be read for part Part. Generating New drag cubes.
[LOG 16:19:22.020] [KSPCF/DragCubeGeneration] Creating drag cubes for part 'GearMedium'
[LOG 16:19:22.047] PartLoader: Compiling Part 'Squad/Parts/Wheel/LandingGear/GearMedium/GearSmall'
[LOG 16:19:22.059] PartLoader: Part 'Squad/Parts/Wheel/LandingGear/GearMedium/GearSmall' has no database record. Creating.
[LOG 16:19:22.059] [DragCubeSystem]: Drag cubes not found or cannot be read for part Part. Generating New drag cubes.
[LOG 16:19:22.059] [KSPCF/DragCubeGeneration] Creating drag cubes for part 'GearSmall'
[LOG 16:19:22.075] PartLoader: Compiling Part 'Squad/Parts/Wheel/LandingGear/GearSmall/SmallGearBay'
[LOG 16:19:22.085] PartLoader: Part 'Squad/Parts/Wheel/LandingGear/GearSmall/SmallGearBay' has no database record. Creating.
[LOG 16:19:22.085] [DragCubeSystem]: Drag cubes not found or cannot be read for part Part. Generating New drag cubes.
[LOG 16:19:22.085] [KSPCF/DragCubeGeneration] Creating drag cubes for part 'SmallGearBay'
[LOG 16:19:22.100] PartLoader: Compiling Part 'Squad/Parts/Wheel/roverWheelM1/roverWheelM1/roverWheel1'
[LOG 16:19:22.112] PartLoader: Part 'Squad/Parts/Wheel/roverWheelM1/roverWheelM1/roverWheel1' has no database record. Creating.
[LOG 16:19:22.112] [DragCubeSystem]: Drag cubes not found or cannot be read for part Part. Generating New drag cubes.
[LOG 16:19:22.112] [KSPCF/DragCubeGeneration] Creating drag cubes for part 'roverWheel1'
[LOG 16:19:22.118] PartLoader: Compiling Part 'Squad/Parts/Wheel/roverWheelS2/roverWheelS2/roverWheel2'
[LOG 16:19:22.125] PartLoader: Part 'Squad/Parts/Wheel/roverWheelS2/roverWheelS2/roverWheel2' has no database record. Creating.
[LOG 16:19:22.125] [DragCubeSystem]: Drag cubes not found or cannot be read for part Part. Generating New drag cubes.
[LOG 16:19:22.125] [KSPCF/DragCubeGeneration] Creating drag cubes for part 'roverWheel2'
[LOG 16:19:22.131] PartLoader: Compiling Part 'Squad/Parts/Wheel/roverWheelTR-2L/roverWheelTR-2L/wheelMed'
[LOG 16:19:22.138] PartLoader: Part 'Squad/Parts/Wheel/roverWheelTR-2L/roverWheelTR-2L/wheelMed' has no database record. Creating.
[LOG 16:19:22.138] [DragCubeSystem]: Drag cubes not found or cannot be read for part Part. Generating New drag cubes.
[LOG 16:19:22.138] [KSPCF/DragCubeGeneration] Creating drag cubes for part 'wheelMed'
[LOG 16:19:22.143] PartLoader: Compiling Part 'Squad/Parts/Wheel/roverWheelXL3/roverWheelXL3/roverWheel3'
[LOG 16:19:22.154] PartLoader: Part 'Squad/Parts/Wheel/roverWheelXL3/roverWheelXL3/roverWheel3' has no database record. Creating.
[LOG 16:19:22.154] [DragCubeSystem]: Drag cubes not found or cannot be read for part Part. Generating New drag cubes.
[LOG 16:19:22.154] [KSPCF/DragCubeGeneration] Creating drag cubes for part 'roverWheel3'
[LOG 16:19:22.159] PartLoader: Compiling Part 'SquadExpansion/MakingHistory/Parts/Aero/protectiveRocketNoseMk16/rocketNoseCone_size4/rocketNoseConeSize4'
[LOG 16:19:22.161] PartLoader: Part 'SquadExpansion/MakingHistory/Parts/Aero/protectiveRocketNoseMk16/rocketNoseCone_size4/rocketNoseConeSize4' has no database record. Creating.
[LOG 16:19:22.161] [DragCubeSystem]: Drag cubes not found or cannot be read for part Part. Generating New drag cubes.
[LOG 16:19:22.161] [KSPCF/DragCubeGeneration] Creating drag cubes for part 'rocketNoseConeSize4'
[LOG 16:19:22.166] PartLoader: Compiling Part 'SquadExpansion/MakingHistory/Parts/Aero/protectiveRocketNoseMk5A/Size_1_5_Cone/Size_1_5_Cone'
[LOG 16:19:22.170] PartLoader: Part 'SquadExpansion/MakingHistory/Parts/Aero/protectiveRocketNoseMk5A/Size_1_5_Cone/Size_1_5_Cone' has no database record. Creating.
[LOG 16:19:22.170] [DragCubeSystem]: Drag cubes not found or cannot be read for part Part. Generating New drag cubes.
[LOG 16:19:22.170] [KSPCF/DragCubeGeneration] Creating drag cubes for part 'Size.1.5.Cone'
[LOG 16:19:22.174] PartLoader: Compiling Part 'SquadExpansion/MakingHistory/Parts/Coupling/Decoupler_1p5/Decoupler_1p5'
[LOG 16:19:22.181] PartLoader: Part 'SquadExpansion/MakingHistory/Parts/Coupling/Decoupler_1p5/Decoupler_1p5' has no database record. Creating.
[LOG 16:19:22.181] PartLoader: Compiling Part 'SquadExpansion/MakingHistory/Parts/Coupling/Decoupler_4/Decoupler_4'
[LOG 16:19:22.186] PartLoader: Part 'SquadExpansion/MakingHistory/Parts/Coupling/Decoupler_4/Decoupler_4' has no database record. Creating.
[LOG 16:19:22.186] PartLoader: Compiling Part 'SquadExpansion/MakingHistory/Parts/Coupling/EnginePlate_1p5/EnginePlate1p5'
[LOG 16:19:22.196] PartLoader: Part 'SquadExpansion/MakingHistory/Parts/Coupling/EnginePlate_1p5/EnginePlate1p5' has no database record. Creating.
[LOG 16:19:22.197] [DragCubeSystem]: Drag cubes not found or cannot be read for part Part. Generating New drag cubes.
[LOG 16:19:22.197] [KSPCF/DragCubeGeneration] Part 'EnginePlate1p5' has defined a procedural drag cube setup
[LOG 16:19:22.197] PartLoader: Compiling Part 'SquadExpansion/MakingHistory/Parts/Coupling/EnginePlate_2/EnginePlate2'
[LOG 16:19:22.204] PartLoader: Part 'SquadExpansion/MakingHistory/Parts/Coupling/EnginePlate_2/EnginePlate2' has no database record. Creating.
[LOG 16:19:22.204] [DragCubeSystem]: Drag cubes not found or cannot be read for part Part. Generating New drag cubes.
[LOG 16:19:22.204] [KSPCF/DragCubeGeneration] Part 'EnginePlate2' has defined a procedural drag cube setup
[LOG 16:19:22.205] PartLoader: Compiling Part 'SquadExpansion/MakingHistory/Parts/Coupling/EnginePlate_3/EnginePlate3'
[LOG 16:19:22.213] PartLoader: Part 'SquadExpansion/MakingHistory/Parts/Coupling/EnginePlate_3/EnginePlate3' has no database record. Creating.
[LOG 16:19:22.213] [DragCubeSystem]: Drag cubes not found or cannot be read for part Part. Generating New drag cubes.
[LOG 16:19:22.213] [KSPCF/DragCubeGeneration] Part 'EnginePlate3' has defined a procedural drag cube setup
[LOG 16:19:22.214] PartLoader: Compiling Part 'SquadExpansion/MakingHistory/Parts/Coupling/EnginePlate_4/EnginePlate4'
[LOG 16:19:22.220] PartLoader: Part 'SquadExpansion/MakingHistory/Parts/Coupling/EnginePlate_4/EnginePlate4' has no database record. Creating.
[LOG 16:19:22.220] [DragCubeSystem]: Drag cubes not found or cannot be read for part Part. Generating New drag cubes.
[LOG 16:19:22.220] [KSPCF/DragCubeGeneration] Part 'EnginePlate4' has defined a procedural drag cube setup
[LOG 16:19:22.221] PartLoader: Compiling Part 'SquadExpansion/MakingHistory/Parts/Coupling/EnginePlate_5/EnginePlate5'
[LOG 16:19:22.227] PartLoader: Part 'SquadExpansion/MakingHistory/Parts/Coupling/EnginePlate_5/EnginePlate5' has no database record. Creating.
[LOG 16:19:22.227] [DragCubeSystem]: Drag cubes not found or cannot be read for part Part. Generating New drag cubes.
[LOG 16:19:22.227] [KSPCF/DragCubeGeneration] Part 'EnginePlate5' has defined a procedural drag cube setup
[LOG 16:19:22.228] PartLoader: Compiling Part 'SquadExpansion/MakingHistory/Parts/Coupling/InflatableAirlock/InflatableAirlock'
[LOG 16:19:22.233] PartLoader: Part 'SquadExpansion/MakingHistory/Parts/Coupling/InflatableAirlock/InflatableAirlock' has no database record. Creating.
[LOG 16:19:22.233] [DragCubeSystem]: Drag cubes not found or cannot be read for part Part. Generating New drag cubes.
[LOG 16:19:22.233] [KSPCF/DragCubeGeneration] Creating drag cubes for part 'InflatableAirlock'
[LOG 16:19:22.244] PartLoader: Compiling Part 'SquadExpansion/MakingHistory/Parts/Coupling/Separator_1p5/Separator_1p5'
[LOG 16:19:22.249] PartLoader: Part 'SquadExpansion/MakingHistory/Parts/Coupling/Separator_1p5/Separator_1p5' has no database record. Creating.
[LOG 16:19:22.250] PartLoader: Compiling Part 'SquadExpansion/MakingHistory/Parts/Coupling/Separator_4/Separator_4'
[LOG 16:19:22.254] PartLoader: Part 'SquadExpansion/MakingHistory/Parts/Coupling/Separator_4/Separator_4' has no database record. Creating.
[LOG 16:19:22.254] PartLoader: Compiling Part 'SquadExpansion/MakingHistory/Parts/Coupling/Size1p5_Strut_Decoupler/Size1p5_Strut_Decoupler'
[LOG 16:19:22.258] PartLoader: Part 'SquadExpansion/MakingHistory/Parts/Coupling/Size1p5_Strut_Decoupler/Size1p5_Strut_Decoupler' has no database record. Creating.
[LOG 16:19:22.259] PartLoader: Compiling Part 'SquadExpansion/MakingHistory/Parts/Engine/LiquidEngineKE-1/LiquidEngineKE-1'
[LOG 16:19:22.268] PartLoader: Part 'SquadExpansion/MakingHistory/Parts/Engine/LiquidEngineKE-1/LiquidEngineKE-1' has no database record. Creating.
[LOG 16:19:22.268] [DragCubeSystem]: Drag cubes not found or cannot be read for part Part. Generating New drag cubes.
[LOG 16:19:22.268] [KSPCF/DragCubeGeneration] Creating drag cubes for part 'LiquidEngineKE-1'
[LOG 16:19:22.300] PartLoader: Compiling Part 'SquadExpansion/MakingHistory/Parts/Engine/LiquidEngineLV-T91/LiquidEngineLV-T91'
[LOG 16:19:22.313] PartLoader: Part 'SquadExpansion/MakingHistory/Parts/Engine/LiquidEngineLV-T91/LiquidEngineLV-T91' has no database record. Creating.
[LOG 16:19:22.313] [DragCubeSystem]: Drag cubes not found or cannot be read for part Part. Generating New drag cubes.
[LOG 16:19:22.313] [KSPCF/DragCubeGeneration] Creating drag cubes for part 'LiquidEngineLV-T91'
[LOG 16:19:22.339] PartLoader: Compiling Part 'SquadExpansion/MakingHistory/Parts/Engine/LiquidEngineLV-TX87/LiquidEngineLV-TX87'
[LOG 16:19:22.348] PartLoader: Part 'SquadExpansion/MakingHistory/Parts/Engine/LiquidEngineLV-TX87/LiquidEngineLV-TX87' has no database record. Creating.
[LOG 16:19:22.348] [DragCubeSystem]: Drag cubes not found or cannot be read for part Part. Generating New drag cubes.
[LOG 16:19:22.348] [KSPCF/DragCubeGeneration] Creating drag cubes for part 'LiquidEngineLV-TX87'
[LOG 16:19:22.374] PartLoader: Compiling Part 'SquadExpansion/MakingHistory/Parts/Engine/LiquidEngineRE-I2/LiquidEngineRE-I2'
[LOG 16:19:22.384] PartLoader: Part 'SquadExpansion/MakingHistory/Parts/Engine/LiquidEngineRE-I2/LiquidEngineRE-I2' has no database record. Creating.
[LOG 16:19:22.384] [DragCubeSystem]: Drag cubes not found or cannot be read for part Part. Generating New drag cubes.
[LOG 16:19:22.384] [KSPCF/DragCubeGeneration] Creating drag cubes for part 'LiquidEngineRE-I2'
[LOG 16:19:22.409] PartLoader: Compiling Part 'SquadExpansion/MakingHistory/Parts/Engine/LiquidEngineRE-J10/LiquidEngineRE-J10'
[LOG 16:19:22.418] PartLoader: Part 'SquadExpansion/MakingHistory/Parts/Engine/LiquidEngineRE-J10/LiquidEngineRE-J10' has no database record. Creating.
[LOG 16:19:22.418] [DragCubeSystem]: Drag cubes not found or cannot be read for part Part. Generating New drag cubes.
[LOG 16:19:22.418] [KSPCF/DragCubeGeneration] Creating drag cubes for part 'LiquidEngineRE-J10'
[LOG 16:19:22.441] PartLoader: Compiling Part 'SquadExpansion/MakingHistory/Parts/Engine/LiquidEngineRK-7/LiquidEngineRK-7'
[LOG 16:19:22.449] PartLoader: Part 'SquadExpansion/MakingHistory/Parts/Engine/LiquidEngineRK-7/LiquidEngineRK-7' has no database record. Creating.
[LOG 16:19:22.449] [DragCubeSystem]: Drag cubes not found or cannot be read for part Part. Generating New drag cubes.
[LOG 16:19:22.449] [KSPCF/DragCubeGeneration] Creating drag cubes for part 'LiquidEngineRK-7'
[LOG 16:19:22.480] PartLoader: Compiling Part 'SquadExpansion/MakingHistory/Parts/Engine/LiquidEngineRV-1/LiquidEngineRV-1'
[LOG 16:19:22.486] PartLoader: Part 'SquadExpansion/MakingHistory/Parts/Engine/LiquidEngineRV-1/LiquidEngineRV-1' has no database record. Creating.
[LOG 16:19:22.487] [DragCubeSystem]: Drag cubes not found or cannot be read for part Part. Generating New drag cubes.
[LOG 16:19:22.487] [KSPCF/DragCubeGeneration] Creating drag cubes for part 'LiquidEngineRV-1'
[LOG 16:19:22.492] PartLoader: Compiling Part 'SquadExpansion/MakingHistory/Parts/Engine/solidBoosterTHK/solidBoosterTHK/Pollux'
[LOG 16:19:22.498] PartLoader: Part 'SquadExpansion/MakingHistory/Parts/Engine/solidBoosterTHK/solidBoosterTHK/Pollux' has no database record. Creating.
[LOG 16:19:22.498] [DragCubeSystem]: Drag cubes not found or cannot be read for part Part. Generating New drag cubes.
[LOG 16:19:22.498] [KSPCF/DragCubeGeneration] Creating drag cubes for part 'Pollux'
[LOG 16:19:22.504] PartLoader: Compiling Part 'SquadExpansion/MakingHistory/Parts/FuelTank/MonoPropMini/monopropMiniSphere'
[LOG 16:19:22.510] PartLoader: Part 'SquadExpansion/MakingHistory/Parts/FuelTank/MonoPropMini/monopropMiniSphere' has no database record. Creating.
[LOG 16:19:22.510] [DragCubeSystem]: Drag cubes not found or cannot be read for part Part. Generating New drag cubes.
[LOG 16:19:22.510] [KSPCF/DragCubeGeneration] Creating drag cubes for part 'monopropMiniSphere'
[LOG 16:19:22.516] PartLoader: Compiling Part 'SquadExpansion/MakingHistory/Parts/FuelTank/Size1p5_Monoprop/Size1p5_Monoprop'
[LOG 16:19:22.521] PartLoader: Part 'SquadExpansion/MakingHistory/Parts/FuelTank/Size1p5_Monoprop/Size1p5_Monoprop' has no database record. Creating.
[LOG 16:19:22.521] [DragCubeSystem]: Drag cubes not found or cannot be read for part Part. Generating New drag cubes.
[LOG 16:19:22.521] [KSPCF/DragCubeGeneration] Creating drag cubes for part 'Size1p5.Monoprop'
[LOG 16:19:22.526] PartLoader: Compiling Part 'SquadExpansion/MakingHistory/Parts/FuelTank/Size1p5_Size0_Adapter_01/Size1p5_Size0_Adapter_01'
[LOG 16:19:22.531] PartLoader: Part 'SquadExpansion/MakingHistory/Parts/FuelTank/Size1p5_Size0_Adapter_01/Size1p5_Size0_Adapter_01' has no database record. Creating.
[LOG 16:19:22.532] [DragCubeSystem]: Drag cubes not found or cannot be read for part Part. Generating New drag cubes.
[LOG 16:19:22.532] [KSPCF/DragCubeGeneration] Creating drag cubes for part 'Size1p5.Size0.Adapter.01'
[LOG 16:19:22.537] PartLoader: Compiling Part 'SquadExpansion/MakingHistory/Parts/FuelTank/Size1p5_Size1_Adapter_01/Size1p5_Size1_Adapter_01'
[LOG 16:19:22.540] PartLoader: Part 'SquadExpansion/MakingHistory/Parts/FuelTank/Size1p5_Size1_Adapter_01/Size1p5_Size1_Adapter_01' has no database record. Creating.
[LOG 16:19:22.540] [DragCubeSystem]: Drag cubes not found or cannot be read for part Part. Generating New drag cubes.
[LOG 16:19:22.540] [KSPCF/DragCubeGeneration] Creating drag cubes for part 'Size1p5.Size1.Adapter.01'
[LOG 16:19:22.546] PartLoader: Compiling Part 'SquadExpansion/MakingHistory/Parts/FuelTank/Size1p5_Size1_Adapter_02/Size1p5_Size1_Adapter_02'
[LOG 16:19:22.550] PartLoader: Part 'SquadExpansion/MakingHistory/Parts/FuelTank/Size1p5_Size1_Adapter_02/Size1p5_Size1_Adapter_02' has no database record. Creating.
[LOG 16:19:22.550] [DragCubeSystem]: Drag cubes not found or cannot be read for part Part. Generating New drag cubes.
[LOG 16:19:22.550] [KSPCF/DragCubeGeneration] Creating drag cubes for part 'Size1p5.Size1.Adapter.02'
[LOG 16:19:22.555] PartLoader: Compiling Part 'SquadExpansion/MakingHistory/Parts/FuelTank/Size1p5_Size2_Adapter_01/Size1p5_Size2_Adapter_01'
[LOG 16:19:22.558] PartLoader: Part 'SquadExpansion/MakingHistory/Parts/FuelTank/Size1p5_Size2_Adapter_01/Size1p5_Size2_Adapter_01' has no database record. Creating.
[LOG 16:19:22.558] [DragCubeSystem]: Drag cubes not found or cannot be read for part Part. Generating New drag cubes.
[LOG 16:19:22.559] [KSPCF/DragCubeGeneration] Creating drag cubes for part 'Size1p5.Size2.Adapter.01'
[LOG 16:19:22.564] PartLoader: Compiling Part 'SquadExpansion/MakingHistory/Parts/FuelTank/Size1p5_Tank_01/Size1p5_Tank_01'
[LOG 16:19:22.568] PartLoader: Part 'SquadExpansion/MakingHistory/Parts/FuelTank/Size1p5_Tank_01/Size1p5_Tank_01' has no database record. Creating.
[LOG 16:19:22.568] [DragCubeSystem]: Drag cubes not found or cannot be read for part Part. Generating New drag cubes.
[LOG 16:19:22.568] [KSPCF/DragCubeGeneration] Creating drag cubes for part 'Size1p5.Tank.01'
[LOG 16:19:22.572] PartLoader: Compiling Part 'SquadExpansion/MakingHistory/Parts/FuelTank/Size1p5_Tank_02/Size1p5_Tank_02'
[LOG 16:19:22.577] PartLoader: Part 'SquadExpansion/MakingHistory/Parts/FuelTank/Size1p5_Tank_02/Size1p5_Tank_02' has no database record. Creating.
[LOG 16:19:22.577] [DragCubeSystem]: Drag cubes not found or cannot be read for part Part. Generating New drag cubes.
[LOG 16:19:22.577] [KSPCF/DragCubeGeneration] Creating drag cubes for part 'Size1p5.Tank.02'
[LOG 16:19:22.583] PartLoader: Compiling Part 'SquadExpansion/MakingHistory/Parts/FuelTank/Size1p5_Tank_03/Size1p5_Tank_03'
[LOG 16:19:22.588] PartLoader: Part 'SquadExpansion/MakingHistory/Parts/FuelTank/Size1p5_Tank_03/Size1p5_Tank_03' has no database record. Creating.
[LOG 16:19:22.588] [DragCubeSystem]: Drag cubes not found or cannot be read for part Part. Generating New drag cubes.
[LOG 16:19:22.588] [KSPCF/DragCubeGeneration] Creating drag cubes for part 'Size1p5.Tank.03'
[LOG 16:19:22.594] PartLoader: Compiling Part 'SquadExpansion/MakingHistory/Parts/FuelTank/Size1p5_Tank_04/Size1p5_Tank_04'
[LOG 16:19:22.598] PartLoader: Part 'SquadExpansion/MakingHistory/Parts/FuelTank/Size1p5_Tank_04/Size1p5_Tank_04' has no database record. Creating.
[LOG 16:19:22.598] [DragCubeSystem]: Drag cubes not found or cannot be read for part Part. Generating New drag cubes.
[LOG 16:19:22.598] [KSPCF/DragCubeGeneration] Creating drag cubes for part 'Size1p5.Tank.04'
[LOG 16:19:22.603] PartLoader: Compiling Part 'SquadExpansion/MakingHistory/Parts/FuelTank/Size1p5_Tank_05/Size1p5_Tank_05'
[LOG 16:19:22.608] PartLoader: Part 'SquadExpansion/MakingHistory/Parts/FuelTank/Size1p5_Tank_05/Size1p5_Tank_05' has no database record. Creating.
[LOG 16:19:22.608] [DragCubeSystem]: Drag cubes not found or cannot be read for part Part. Generating New drag cubes.
[LOG 16:19:22.608] [KSPCF/DragCubeGeneration] Creating drag cubes for part 'Size1p5.Tank.05'
[LOG 16:19:22.613] PartLoader: Compiling Part 'SquadExpansion/MakingHistory/Parts/FuelTank/Size3_Size4_Adapter_01/Size3_Size4_Adapter_01'
[LOG 16:19:22.617] PartLoader: Part 'SquadExpansion/MakingHistory/Parts/FuelTank/Size3_Size4_Adapter_01/Size3_Size4_Adapter_01' has no database record. Creating.
[LOG 16:19:22.617] [DragCubeSystem]: Drag cubes not found or cannot be read for part Part. Generating New drag cubes.
[LOG 16:19:22.617] [KSPCF/DragCubeGeneration] Creating drag cubes for part 'Size3.Size4.Adapter.01'
[LOG 16:19:22.622] PartLoader: Compiling Part 'SquadExpansion/MakingHistory/Parts/FuelTank/Size4_EngineAdapter_01/Size4_EngineAdapter_01'
[LOG 16:19:22.625] PartLoader: Part 'SquadExpansion/MakingHistory/Parts/FuelTank/Size4_EngineAdapter_01/Size4_EngineAdapter_01' has no database record. Creating.
[LOG 16:19:22.625] [DragCubeSystem]: Drag cubes not found or cannot be read for part Part. Generating New drag cubes.
[LOG 16:19:22.625] [KSPCF/DragCubeGeneration] Creating drag cubes for part 'Size4.EngineAdapter.01'
[LOG 16:19:22.630] PartLoader: Compiling Part 'SquadExpansion/MakingHistory/Parts/FuelTank/Size4_Tank_01/Size4_Tank_01'
[LOG 16:19:22.633] PartLoader: Part 'SquadExpansion/MakingHistory/Parts/FuelTank/Size4_Tank_01/Size4_Tank_01' has no database record. Creating.
[LOG 16:19:22.633] [DragCubeSystem]: Drag cubes not found or cannot be read for part Part. Generating New drag cubes.
[LOG 16:19:22.633] [KSPCF/DragCubeGeneration] Creating drag cubes for part 'Size4.Tank.01'
[LOG 16:19:22.637] PartLoader: Compiling Part 'SquadExpansion/MakingHistory/Parts/FuelTank/Size4_Tank_02/Size4_Tank_02'
[LOG 16:19:22.640] PartLoader: Part 'SquadExpansion/MakingHistory/Parts/FuelTank/Size4_Tank_02/Size4_Tank_02' has no database record. Creating.
[LOG 16:19:22.640] [DragCubeSystem]: Drag cubes not found or cannot be read for part Part. Generating New drag cubes.
[LOG 16:19:22.640] [KSPCF/DragCubeGeneration] Creating drag cubes for part 'Size4.Tank.02'
[LOG 16:19:22.645] PartLoader: Compiling Part 'SquadExpansion/MakingHistory/Parts/FuelTank/Size4_Tank_03/Size4_Tank_03'
[LOG 16:19:22.648] PartLoader: Part 'SquadExpansion/MakingHistory/Parts/FuelTank/Size4_Tank_03/Size4_Tank_03' has no database record. Creating.
[LOG 16:19:22.648] [DragCubeSystem]: Drag cubes not found or cannot be read for part Part. Generating New drag cubes.
[LOG 16:19:22.648] [KSPCF/DragCubeGeneration] Creating drag cubes for part 'Size4.Tank.03'
[LOG 16:19:22.654] PartLoader: Compiling Part 'SquadExpansion/MakingHistory/Parts/FuelTank/Size4_Tank_04/Size4_Tank_04'
[LOG 16:19:22.657] PartLoader: Part 'SquadExpansion/MakingHistory/Parts/FuelTank/Size4_Tank_04/Size4_Tank_04' has no database record. Creating.
[LOG 16:19:22.657] [DragCubeSystem]: Drag cubes not found or cannot be read for part Part. Generating New drag cubes.
[LOG 16:19:22.657] [KSPCF/DragCubeGeneration] Creating drag cubes for part 'Size4.Tank.04'
[LOG 16:19:22.662] PartLoader: Compiling Part 'SquadExpansion/MakingHistory/Parts/Ground/RoverWheel/roverWheelM1-F'
[LOG 16:19:22.671] PartLoader: Part 'SquadExpansion/MakingHistory/Parts/Ground/RoverWheel/roverWheelM1-F' has no database record. Creating.
[LOG 16:19:22.671] [DragCubeSystem]: Drag cubes not found or cannot be read for part Part. Generating New drag cubes.
[LOG 16:19:22.672] [KSPCF/DragCubeGeneration] Creating drag cubes for part 'roverWheelM1-F'
[LOG 16:19:22.688] PartLoader: Compiling Part 'SquadExpansion/MakingHistory/Parts/Payload/fairingSize1p5/fairingSize1p5'
[LOG 16:19:22.700] PartLoader: Part 'SquadExpansion/MakingHistory/Parts/Payload/fairingSize1p5/fairingSize1p5' has no database record. Creating.
[LOG 16:19:22.700] [DragCubeSystem]: Drag cubes not found or cannot be read for part Part. Generating New drag cubes.
[LOG 16:19:22.700] [KSPCF/DragCubeGeneration] Creating drag cubes for part 'fairingSize1p5'
[LOG 16:19:22.704] PartLoader: Compiling Part 'SquadExpansion/MakingHistory/Parts/Payload/fairingSize4/fairingSize4'
[LOG 16:19:22.714] PartLoader: Part 'SquadExpansion/MakingHistory/Parts/Payload/fairingSize4/fairingSize4' has no database record. Creating.
[LOG 16:19:22.714] [DragCubeSystem]: Drag cubes not found or cannot be read for part Part. Generating New drag cubes.
[LOG 16:19:22.714] [KSPCF/DragCubeGeneration] Creating drag cubes for part 'fairingSize4'
[LOG 16:19:22.719] PartLoader: Compiling Part 'SquadExpansion/MakingHistory/Parts/Payload/Size1to0ServiceModule/Size1to0ServiceModule'
[LOG 16:19:22.731] PartLoader: Part 'SquadExpansion/MakingHistory/Parts/Payload/Size1to0ServiceModule/Size1to0ServiceModule' has no database record. Creating.
[LOG 16:19:22.731] [DragCubeSystem]: Drag cubes not found or cannot be read for part Part. Generating New drag cubes.
[LOG 16:19:22.731] [KSPCF/DragCubeGeneration] Part 'Size1to0ServiceModule' has defined a procedural drag cube setup
[LOG 16:19:22.732] PartLoader: Compiling Part 'SquadExpansion/MakingHistory/Parts/Payload/SM18/ServiceModule18'
[LOG 16:19:22.741] PartLoader: Part 'SquadExpansion/MakingHistory/Parts/Payload/SM18/ServiceModule18' has no database record. Creating.
[LOG 16:19:22.741] [DragCubeSystem]: Drag cubes not found or cannot be read for part Part. Generating New drag cubes.
[LOG 16:19:22.741] [KSPCF/DragCubeGeneration] Part 'ServiceModule18' has defined a procedural drag cube setup
[LOG 16:19:22.741] PartLoader: Compiling Part 'SquadExpansion/MakingHistory/Parts/Payload/SM25/ServiceModule25'
[LOG 16:19:22.747] PartLoader: Part 'SquadExpansion/MakingHistory/Parts/Payload/SM25/ServiceModule25' has no database record. Creating.
[LOG 16:19:22.747] [DragCubeSystem]: Drag cubes not found or cannot be read for part Part. Generating New drag cubes.
[LOG 16:19:22.747] [KSPCF/DragCubeGeneration] Part 'ServiceModule25' has defined a procedural drag cube setup
[LOG 16:19:22.748] PartLoader: Compiling Part 'SquadExpansion/MakingHistory/Parts/Pods/KV1Pod/kv1Pod'
[WRN 16:19:22.751] [Part]: Cannot have ModuleCargoPart and ModuleInventoryPart on same Part [kv1Pod'. Removed ModuleCargoPart
[LOG 16:19:22.755] PartLoader: Part 'SquadExpansion/MakingHistory/Parts/Pods/KV1Pod/kv1Pod' has no database record. Creating.
[LOG 16:19:22.756] PartLoader: Compiling Part 'SquadExpansion/MakingHistory/Parts/Pods/KV2Pod/kv2Pod'
[WRN 16:19:22.760] [Part]: Cannot have ModuleCargoPart and ModuleInventoryPart on same Part [kv2Pod'. Removed ModuleCargoPart
[LOG 16:19:22.764] PartLoader: Part 'SquadExpansion/MakingHistory/Parts/Pods/KV2Pod/kv2Pod' has no database record. Creating.
[LOG 16:19:22.765] PartLoader: Compiling Part 'SquadExpansion/MakingHistory/Parts/Pods/KV3Pod/kv3Pod'
[WRN 16:19:22.769] [Part]: Cannot have ModuleCargoPart and ModuleInventoryPart on same Part [kv3Pod'. Removed ModuleCargoPart
[LOG 16:19:22.773] PartLoader: Part 'SquadExpansion/MakingHistory/Parts/Pods/KV3Pod/kv3Pod' has no database record. Creating.
[LOG 16:19:22.774] PartLoader: Compiling Part 'SquadExpansion/MakingHistory/Parts/Pods/Mk2Pod/Mk2Pod'
[WRN 16:19:22.777] [Part]: Cannot have ModuleCargoPart and ModuleInventoryPart on same Part [Mk2Pod'. Removed ModuleCargoPart
[LOG 16:19:22.781] PartLoader: Part 'SquadExpansion/MakingHistory/Parts/Pods/Mk2Pod/Mk2Pod' has no database record. Creating.
[LOG 16:19:22.781] [DragCubeSystem]: Drag cubes not found or cannot be read for part Part. Generating New drag cubes.
[LOG 16:19:22.781] [KSPCF/DragCubeGeneration] Creating drag cubes for part 'Mk2Pod'
[LOG 16:19:22.787] PartLoader: Compiling Part 'SquadExpansion/MakingHistory/Parts/Pods/Size1_5_Lander/MEMLander'
[WRN 16:19:22.793] [Part]: Cannot add ModuleCargoPart as this Part 'MEMLander' already has a ModuleInventoryPart PartModule and they are mutually exclusive.
[LOG 16:19:22.797] PartLoader: Part 'SquadExpansion/MakingHistory/Parts/Pods/Size1_5_Lander/MEMLander' has no database record. Creating.
[LOG 16:19:22.797] [DragCubeSystem]: Drag cubes not found or cannot be read for part Part. Generating New drag cubes.
[LOG 16:19:22.797] [KSPCF/DragCubeGeneration] Creating drag cubes for part 'MEMLander'
[LOG 16:19:22.803] PartLoader: Compiling Part 'SquadExpansion/MakingHistory/Parts/Prebuilt/kerbalEVAfemaleVintage/kerbalEVAfemaleVintage'
[LOG 16:19:22.811] PartLoader: Compiling Part 'SquadExpansion/MakingHistory/Parts/Prebuilt/kerbalEVAVintage/kerbalEVAVintage'
[LOG 16:19:22.816] PartLoader: Compiling Part 'SquadExpansion/MakingHistory/Parts/Structural/EquiTriangle0/EquiTriangle0'
[LOG 16:19:22.823] PartLoader: Part 'SquadExpansion/MakingHistory/Parts/Structural/EquiTriangle0/EquiTriangle0' has no database record. Creating.
[LOG 16:19:22.823] [DragCubeSystem]: Drag cubes not found or cannot be read for part Part. Generating New drag cubes.
[LOG 16:19:22.823] [KSPCF/DragCubeGeneration] Creating drag cubes for part 'EquiTriangle0'
[LOG 16:19:22.827] PartLoader: Compiling Part 'SquadExpansion/MakingHistory/Parts/Structural/EquiTriangle1/EquiTriangle1'
[LOG 16:19:22.832] PartLoader: Part 'SquadExpansion/MakingHistory/Parts/Structural/EquiTriangle1/EquiTriangle1' has no database record. Creating.
[LOG 16:19:22.832] [DragCubeSystem]: Drag cubes not found or cannot be read for part Part. Generating New drag cubes.
[LOG 16:19:22.832] [KSPCF/DragCubeGeneration] Creating drag cubes for part 'EquiTriangle1'
[LOG 16:19:22.835] PartLoader: Compiling Part 'SquadExpansion/MakingHistory/Parts/Structural/EquiTriangle1p5/EquiTriangle1p5'
[LOG 16:19:22.839] PartLoader: Part 'SquadExpansion/MakingHistory/Parts/Structural/EquiTriangle1p5/EquiTriangle1p5' has no database record. Creating.
[LOG 16:19:22.839] [DragCubeSystem]: Drag cubes not found or cannot be read for part Part. Generating New drag cubes.
[LOG 16:19:22.839] [KSPCF/DragCubeGeneration] Creating drag cubes for part 'EquiTriangle1p5'
[LOG 16:19:22.843] PartLoader: Compiling Part 'SquadExpansion/MakingHistory/Parts/Structural/EquiTriangle2/EquiTriangle2'
[LOG 16:19:22.846] PartLoader: Part 'SquadExpansion/MakingHistory/Parts/Structural/EquiTriangle2/EquiTriangle2' has no database record. Creating.
[LOG 16:19:22.846] [DragCubeSystem]: Drag cubes not found or cannot be read for part Part. Generating New drag cubes.
[LOG 16:19:22.846] [KSPCF/DragCubeGeneration] Creating drag cubes for part 'EquiTriangle2'
[LOG 16:19:22.850] PartLoader: Compiling Part 'SquadExpansion/MakingHistory/Parts/Structural/Panel0/Panel0'
[LOG 16:19:22.854] PartLoader: Part 'SquadExpansion/MakingHistory/Parts/Structural/Panel0/Panel0' has no database record. Creating.
[LOG 16:19:22.854] [DragCubeSystem]: Drag cubes not found or cannot be read for part Part. Generating New drag cubes.
[LOG 16:19:22.854] [KSPCF/DragCubeGeneration] Creating drag cubes for part 'Panel0'
[LOG 16:19:22.858] PartLoader: Compiling Part 'SquadExpansion/MakingHistory/Parts/Structural/Panel1/Panel1'
[LOG 16:19:22.862] PartLoader: Part 'SquadExpansion/MakingHistory/Parts/Structural/Panel1/Panel1' has no database record. Creating.
[LOG 16:19:22.863] [DragCubeSystem]: Drag cubes not found or cannot be read for part Part. Generating New drag cubes.
[LOG 16:19:22.863] [KSPCF/DragCubeGeneration] Creating drag cubes for part 'Panel1'
[LOG 16:19:22.867] PartLoader: Compiling Part 'SquadExpansion/MakingHistory/Parts/Structural/Panel1p5/Panel1p5'
[LOG 16:19:22.871] PartLoader: Part 'SquadExpansion/MakingHistory/Parts/Structural/Panel1p5/Panel1p5' has no database record. Creating.
[LOG 16:19:22.871] [DragCubeSystem]: Drag cubes not found or cannot be read for part Part. Generating New drag cubes.
[LOG 16:19:22.871] [KSPCF/DragCubeGeneration] Creating drag cubes for part 'Panel1p5'
[LOG 16:19:22.875] PartLoader: Compiling Part 'SquadExpansion/MakingHistory/Parts/Structural/Panel2/Panel2'
[LOG 16:19:22.878] PartLoader: Part 'SquadExpansion/MakingHistory/Parts/Structural/Panel2/Panel2' has no database record. Creating.
[LOG 16:19:22.878] [DragCubeSystem]: Drag cubes not found or cannot be read for part Part. Generating New drag cubes.
[LOG 16:19:22.878] [KSPCF/DragCubeGeneration] Creating drag cubes for part 'Panel2'
[LOG 16:19:22.882] PartLoader: Compiling Part 'SquadExpansion/MakingHistory/Parts/Structural/Triangle0/Triangle0'
[LOG 16:19:22.886] PartLoader: Part 'SquadExpansion/MakingHistory/Parts/Structural/Triangle0/Triangle0' has no database record. Creating.
[LOG 16:19:22.886] [DragCubeSystem]: Drag cubes not found or cannot be read for part Part. Generating New drag cubes.
[LOG 16:19:22.886] [KSPCF/DragCubeGeneration] Creating drag cubes for part 'Triangle0'
[LOG 16:19:22.890] PartLoader: Compiling Part 'SquadExpansion/MakingHistory/Parts/Structural/Triangle1/Triangle1'
[LOG 16:19:22.895] PartLoader: Part 'SquadExpansion/MakingHistory/Parts/Structural/Triangle1/Triangle1' has no database record. Creating.
[LOG 16:19:22.895] [DragCubeSystem]: Drag cubes not found or cannot be read for part Part. Generating New drag cubes.
[LOG 16:19:22.896] [KSPCF/DragCubeGeneration] Creating drag cubes for part 'Triangle1'
[LOG 16:19:22.899] PartLoader: Compiling Part 'SquadExpansion/MakingHistory/Parts/Structural/Triangle1p5/Triangle1p5'
[LOG 16:19:22.903] PartLoader: Part 'SquadExpansion/MakingHistory/Parts/Structural/Triangle1p5/Triangle1p5' has no database record. Creating.
[LOG 16:19:22.903] [DragCubeSystem]: Drag cubes not found or cannot be read for part Part. Generating New drag cubes.
[LOG 16:19:22.903] [KSPCF/DragCubeGeneration] Creating drag cubes for part 'Triangle1p5'
[LOG 16:19:22.907] PartLoader: Compiling Part 'SquadExpansion/MakingHistory/Parts/Structural/Triangle2/Triangle2'
[LOG 16:19:22.911] PartLoader: Part 'SquadExpansion/MakingHistory/Parts/Structural/Triangle2/Triangle2' has no database record. Creating.
[LOG 16:19:22.911] [DragCubeSystem]: Drag cubes not found or cannot be read for part Part. Generating New drag cubes.
[LOG 16:19:22.911] [KSPCF/DragCubeGeneration] Creating drag cubes for part 'Triangle2'
[LOG 16:19:22.915] PartLoader: Compiling Part 'SquadExpansion/MakingHistory/Parts/Structural/Tube1/Tube1'
[LOG 16:19:22.919] PartLoader: Part 'SquadExpansion/MakingHistory/Parts/Structural/Tube1/Tube1' has no database record. Creating.
[LOG 16:19:22.919] PartLoader: Compiling Part 'SquadExpansion/MakingHistory/Parts/Structural/Tube1p5/Tube1p5'
[LOG 16:19:22.923] PartLoader: Part 'SquadExpansion/MakingHistory/Parts/Structural/Tube1p5/Tube1p5' has no database record. Creating.
[LOG 16:19:22.923] PartLoader: Compiling Part 'SquadExpansion/MakingHistory/Parts/Structural/Tube2/Tube2'
[LOG 16:19:22.927] PartLoader: Part 'SquadExpansion/MakingHistory/Parts/Structural/Tube2/Tube2' has no database record. Creating.
[LOG 16:19:22.928] PartLoader: Compiling Part 'SquadExpansion/MakingHistory/Parts/Structural/Tube3/Tube3'
[LOG 16:19:22.932] PartLoader: Part 'SquadExpansion/MakingHistory/Parts/Structural/Tube3/Tube3' has no database record. Creating.
[LOG 16:19:22.933] PartLoader: Compiling Part 'SquadExpansion/MakingHistory/Parts/Structural/Tube4/Tube4'
[LOG 16:19:22.936] PartLoader: Part 'SquadExpansion/MakingHistory/Parts/Structural/Tube4/Tube4' has no database record. Creating.
[LOG 16:19:22.936] PartLoader: Compiling Part 'SquadExpansion/MakingHistory/Parts/Thermal/HeatShield1p5/HeatShield1p5'
[LOG 16:19:22.941] PartLoader: Part 'SquadExpansion/MakingHistory/Parts/Thermal/HeatShield1p5/HeatShield1p5' has no database record. Creating.
[LOG 16:19:22.941] [DragCubeSystem]: Drag cubes not found or cannot be read for part Part. Generating New drag cubes.
[LOG 16:19:22.941] [KSPCF/DragCubeGeneration] Creating drag cubes for part 'HeatShield1p5'
[LOG 16:19:22.954] PartLoader: Compiling Part 'SquadExpansion/MakingHistory/Parts/Utility/flags/flagSize1p5/flagSize1p5/flagPartSize1p5'
[LOG 16:19:22.960] PartLoader: Part 'SquadExpansion/MakingHistory/Parts/Utility/flags/flagSize1p5/flagSize1p5/flagPartSize1p5' has no database record. Creating.
[LOG 16:19:22.960] [DragCubeSystem]: Drag cubes not found or cannot be read for part Part. Generating New drag cubes.
[LOG 16:19:22.960] [KSPCF/DragCubeGeneration] Creating drag cubes for part 'flagPartSize1p5'
[LOG 16:19:22.964] PartLoader: Compiling Part 'SquadExpansion/MakingHistory/Parts/Utility/flags/flagSize4/flagSize4/flagPartSize4'
[LOG 16:19:22.969] PartLoader: Part 'SquadExpansion/MakingHistory/Parts/Utility/flags/flagSize4/flagSize4/flagPartSize4' has no database record. Creating.
[LOG 16:19:22.969] [DragCubeSystem]: Drag cubes not found or cannot be read for part Part. Generating New drag cubes.
[LOG 16:19:22.969] [KSPCF/DragCubeGeneration] Creating drag cubes for part 'flagPartSize4'
[LOG 16:19:22.973] PartLoader: Compiling Part 'SquadExpansion/Serenity/Parts/Aero/FanShroud_01/FanShroud_01'
[LOG 16:19:22.977] PartLoader: Part 'SquadExpansion/Serenity/Parts/Aero/FanShroud_01/FanShroud_01' has no database record. Creating.
[LOG 16:19:22.977] [DragCubeSystem]: Drag cubes not found or cannot be read for part Part. Generating New drag cubes.
[LOG 16:19:22.977] [KSPCF/DragCubeGeneration] Creating drag cubes for part 'FanShroud.01'
[LOG 16:19:22.983] PartLoader: Compiling Part 'SquadExpansion/Serenity/Parts/Aero/FanShroud_02/FanShroud_02'
[LOG 16:19:22.989] PartLoader: Part 'SquadExpansion/Serenity/Parts/Aero/FanShroud_02/FanShroud_02' has no database record. Creating.
[LOG 16:19:22.989] [DragCubeSystem]: Drag cubes not found or cannot be read for part Part. Generating New drag cubes.
[LOG 16:19:22.989] [KSPCF/DragCubeGeneration] Creating drag cubes for part 'FanShroud.02'
[LOG 16:19:22.993] PartLoader: Compiling Part 'SquadExpansion/Serenity/Parts/Aero/FanShroud_03/FanShroud_03'
[LOG 16:19:22.997] PartLoader: Part 'SquadExpansion/Serenity/Parts/Aero/FanShroud_03/FanShroud_03' has no database record. Creating.
[LOG 16:19:22.997] [DragCubeSystem]: Drag cubes not found or cannot be read for part Part. Generating New drag cubes.
[LOG 16:19:22.997] [KSPCF/DragCubeGeneration] Creating drag cubes for part 'FanShroud.03'
[LOG 16:19:23.001] PartLoader: Compiling Part 'SquadExpansion/Serenity/Parts/Aero/noseconeTiny/noseconeTiny'
[LOG 16:19:23.004] PartLoader: Part 'SquadExpansion/Serenity/Parts/Aero/noseconeTiny/noseconeTiny' has no database record. Creating.
[LOG 16:19:23.004] [DragCubeSystem]: Drag cubes not found or cannot be read for part Part. Generating New drag cubes.
[LOG 16:19:23.004] [KSPCF/DragCubeGeneration] Creating drag cubes for part 'noseconeTiny'
[LOG 16:19:23.008] PartLoader: Compiling Part 'SquadExpansion/Serenity/Parts/Aero/noseconeVS/noseconeVS'
[LOG 16:19:23.012] PartLoader: Part 'SquadExpansion/Serenity/Parts/Aero/noseconeVS/noseconeVS' has no database record. Creating.
[LOG 16:19:23.012] [DragCubeSystem]: Drag cubes not found or cannot be read for part Part. Generating New drag cubes.
[LOG 16:19:23.012] [KSPCF/DragCubeGeneration] Creating drag cubes for part 'noseconeVS'
[LOG 16:19:23.017] PartLoader: Compiling Part 'SquadExpansion/Serenity/Parts/DeployedScience/centralStation/DeployedCentralStation'
[LOG 16:19:23.029] PartLoader: Part 'SquadExpansion/Serenity/Parts/DeployedScience/centralStation/DeployedCentralStation' has no database record. Creating.
[LOG 16:19:23.030] [DragCubeSystem]: Drag cubes not found or cannot be read for part Part. Generating New drag cubes.
[LOG 16:19:23.030] [KSPCF/DragCubeGeneration] Creating drag cubes for part 'DeployedCentralStation'
[LOG 16:19:23.054] PartLoader: Compiling Part 'SquadExpansion/Serenity/Parts/DeployedScience/gooObservation/DeployedGoExOb'
[LOG 16:19:23.064] PartLoader: Part 'SquadExpansion/Serenity/Parts/DeployedScience/gooObservation/DeployedGoExOb' has no database record. Creating.
[LOG 16:19:23.064] [DragCubeSystem]: Drag cubes not found or cannot be read for part Part. Generating New drag cubes.
[LOG 16:19:23.064] [KSPCF/DragCubeGeneration] Creating drag cubes for part 'DeployedGoExOb'
[LOG 16:19:23.089] PartLoader: Compiling Part 'SquadExpansion/Serenity/Parts/DeployedScience/ionCollector/DeployedIONExp'
[LOG 16:19:23.093] PartLoader: Part 'SquadExpansion/Serenity/Parts/DeployedScience/ionCollector/DeployedIONExp' has no database record. Creating.
[LOG 16:19:23.093] [DragCubeSystem]: Drag cubes not found or cannot be read for part Part. Generating New drag cubes.
[LOG 16:19:23.093] [KSPCF/DragCubeGeneration] Creating drag cubes for part 'DeployedIONExp'
[LOG 16:19:23.105] PartLoader: Compiling Part 'SquadExpansion/Serenity/Parts/DeployedScience/rtg/DeployedRTG'
[LOG 16:19:23.117] PartLoader: Part 'SquadExpansion/Serenity/Parts/DeployedScience/rtg/DeployedRTG' has no database record. Creating.
[LOG 16:19:23.117] [DragCubeSystem]: Drag cubes not found or cannot be read for part Part. Generating New drag cubes.
[LOG 16:19:23.117] [KSPCF/DragCubeGeneration] Creating drag cubes for part 'DeployedRTG'
[LOG 16:19:23.131] PartLoader: Compiling Part 'SquadExpansion/Serenity/Parts/DeployedScience/satDish/DeployedSatDish'
[LOG 16:19:23.139] PartLoader: Part 'SquadExpansion/Serenity/Parts/DeployedScience/satDish/DeployedSatDish' has no database record. Creating.
[LOG 16:19:23.139] [DragCubeSystem]: Drag cubes not found or cannot be read for part Part. Generating New drag cubes.
[LOG 16:19:23.139] [KSPCF/DragCubeGeneration] Creating drag cubes for part 'DeployedSatDish'
[LOG 16:19:23.153] PartLoader: Compiling Part 'SquadExpansion/Serenity/Parts/DeployedScience/seismicSensor/DeployedSeismicSensor'
[LOG 16:19:23.157] PartLoader: Part 'SquadExpansion/Serenity/Parts/DeployedScience/seismicSensor/DeployedSeismicSensor' has no database record. Creating.
[LOG 16:19:23.158] [DragCubeSystem]: Drag cubes not found or cannot be read for part Part. Generating New drag cubes.
[LOG 16:19:23.158] [KSPCF/DragCubeGeneration] Creating drag cubes for part 'DeployedSeismicSensor'
[LOG 16:19:23.172] PartLoader: Compiling Part 'SquadExpansion/Serenity/Parts/DeployedScience/solarPanel/DeployedSolarPanel'
[LOG 16:19:23.178] PartLoader: Part 'SquadExpansion/Serenity/Parts/DeployedScience/solarPanel/DeployedSolarPanel' has no database record. Creating.
[LOG 16:19:23.179] [DragCubeSystem]: Drag cubes not found or cannot be read for part Part. Generating New drag cubes.
[LOG 16:19:23.179] [KSPCF/DragCubeGeneration] Creating drag cubes for part 'DeployedSolarPanel'
[LOG 16:19:23.195] PartLoader: Compiling Part 'SquadExpansion/Serenity/Parts/DeployedScience/weatherStation/DeployedWeatherStn'
[LOG 16:19:23.204] PartLoader: Part 'SquadExpansion/Serenity/Parts/DeployedScience/weatherStation/DeployedWeatherStn' has no database record. Creating.
[LOG 16:19:23.204] [DragCubeSystem]: Drag cubes not found or cannot be read for part Part. Generating New drag cubes.
[LOG 16:19:23.204] [KSPCF/DragCubeGeneration] Creating drag cubes for part 'DeployedWeatherStn'
[LOG 16:19:23.228] PartLoader: Compiling Part 'SquadExpansion/Serenity/Parts/Prebuilt/kerbalEVA/kerbalEVA'
[LOG 16:19:23.230] PartLoader: Compiling Part 'SquadExpansion/Serenity/Parts/Prebuilt/kerbalEVAfemale/kerbalEVAfemale'
[LOG 16:19:23.231] PartLoader: Compiling Part 'SquadExpansion/Serenity/Parts/Prebuilt/kerbalEVAfemaleFuture/kerbalEVAfemaleFuture'
[LOG 16:19:23.238] PartLoader: Compiling Part 'SquadExpansion/Serenity/Parts/Prebuilt/kerbalEVAfemaleVintage/kerbalEVAfemaleVintage'
[LOG 16:19:23.239] PartLoader: Compiling Part 'SquadExpansion/Serenity/Parts/Prebuilt/kerbalEVAFuture/kerbalEVAFuture'
[LOG 16:19:23.245] PartLoader: Compiling Part 'SquadExpansion/Serenity/Parts/Prebuilt/kerbalEVASlimSuit/kerbalEVASlimSuit'
[LOG 16:19:23.247] PartLoader: Compiling Part 'SquadExpansion/Serenity/Parts/Prebuilt/kerbalEVASlimSuitFemale/kerbalEVASlimSuitFemale'
[LOG 16:19:23.248] PartLoader: Compiling Part 'SquadExpansion/Serenity/Parts/Prebuilt/kerbalEVAVintage/kerbalEVAVintage'
[LOG 16:19:23.250] PartLoader: Compiling Part 'SquadExpansion/Serenity/Parts/Propellers/largeFanBlade/largeFanBlade'
[LOG 16:19:23.254] PartLoader: Part 'SquadExpansion/Serenity/Parts/Propellers/largeFanBlade/largeFanBlade' has no database record. Creating.
[LOG 16:19:23.254] [DragCubeSystem]: Drag cubes not found or cannot be read for part Part. Generating New drag cubes.
[LOG 16:19:23.254] [KSPCF/DragCubeGeneration] Creating drag cubes for part 'largeFanBlade'
[LOG 16:19:23.270] PartLoader: Compiling Part 'SquadExpansion/Serenity/Parts/Propellers/largeHeliBlade/largeHeliBlade'
[LOG 16:19:23.276] PartLoader: Part 'SquadExpansion/Serenity/Parts/Propellers/largeHeliBlade/largeHeliBlade' has no database record. Creating.
[LOG 16:19:23.276] [DragCubeSystem]: Drag cubes not found or cannot be read for part Part. Generating New drag cubes.
[LOG 16:19:23.276] [KSPCF/DragCubeGeneration] Creating drag cubes for part 'largeHeliBlade'
[LOG 16:19:23.290] PartLoader: Compiling Part 'SquadExpansion/Serenity/Parts/Propellers/largePropeller/largePropeller'
[LOG 16:19:23.296] PartLoader: Part 'SquadExpansion/Serenity/Parts/Propellers/largePropeller/largePropeller' has no database record. Creating.
[LOG 16:19:23.296] [DragCubeSystem]: Drag cubes not found or cannot be read for part Part. Generating New drag cubes.
[LOG 16:19:23.296] [KSPCF/DragCubeGeneration] Creating drag cubes for part 'largePropeller'
[LOG 16:19:23.312] PartLoader: Compiling Part 'SquadExpansion/Serenity/Parts/Propellers/mediumFanBlade/mediumFanBlade'
[LOG 16:19:23.318] PartLoader: Part 'SquadExpansion/Serenity/Parts/Propellers/mediumFanBlade/mediumFanBlade' has no database record. Creating.
[LOG 16:19:23.318] [DragCubeSystem]: Drag cubes not found or cannot be read for part Part. Generating New drag cubes.
[LOG 16:19:23.318] [KSPCF/DragCubeGeneration] Creating drag cubes for part 'mediumFanBlade'
[LOG 16:19:23.334] PartLoader: Compiling Part 'SquadExpansion/Serenity/Parts/Propellers/mediumHeliBlade/mediumHeliBlade'
[LOG 16:19:23.340] PartLoader: Part 'SquadExpansion/Serenity/Parts/Propellers/mediumHeliBlade/mediumHeliBlade' has no database record. Creating.
[LOG 16:19:23.340] [DragCubeSystem]: Drag cubes not found or cannot be read for part Part. Generating New drag cubes.
[LOG 16:19:23.340] [KSPCF/DragCubeGeneration] Creating drag cubes for part 'mediumHeliBlade'
[LOG 16:19:23.355] PartLoader: Compiling Part 'SquadExpansion/Serenity/Parts/Propellers/mediumPropeller/mediumPropeller'
[LOG 16:19:23.364] PartLoader: Part 'SquadExpansion/Serenity/Parts/Propellers/mediumPropeller/mediumPropeller' has no database record. Creating.
[LOG 16:19:23.365] [DragCubeSystem]: Drag cubes not found or cannot be read for part Part. Generating New drag cubes.
[LOG 16:19:23.365] [KSPCF/DragCubeGeneration] Creating drag cubes for part 'mediumPropeller'
[LOG 16:19:23.387] PartLoader: Compiling Part 'SquadExpansion/Serenity/Parts/Propellers/smallFanBlade/smallFanBlade'
[LOG 16:19:23.394] PartLoader: Part 'SquadExpansion/Serenity/Parts/Propellers/smallFanBlade/smallFanBlade' has no database record. Creating.
[LOG 16:19:23.395] [DragCubeSystem]: Drag cubes not found or cannot be read for part Part. Generating New drag cubes.
[LOG 16:19:23.395] [KSPCF/DragCubeGeneration] Creating drag cubes for part 'smallFanBlade'
[LOG 16:19:23.420] PartLoader: Compiling Part 'SquadExpansion/Serenity/Parts/Propellers/smallHeliBlade/smallHeliBlade'
[LOG 16:19:23.426] PartLoader: Part 'SquadExpansion/Serenity/Parts/Propellers/smallHeliBlade/smallHeliBlade' has no database record. Creating.
[LOG 16:19:23.426] [DragCubeSystem]: Drag cubes not found or cannot be read for part Part. Generating New drag cubes.
[LOG 16:19:23.426] [KSPCF/DragCubeGeneration] Creating drag cubes for part 'smallHeliBlade'
[LOG 16:19:23.452] PartLoader: Compiling Part 'SquadExpansion/Serenity/Parts/Propellers/smallPropeller/smallPropeller'
[LOG 16:19:23.458] PartLoader: Part 'SquadExpansion/Serenity/Parts/Propellers/smallPropeller/smallPropeller' has no database record. Creating.
[LOG 16:19:23.458] [DragCubeSystem]: Drag cubes not found or cannot be read for part Part. Generating New drag cubes.
[LOG 16:19:23.458] [KSPCF/DragCubeGeneration] Creating drag cubes for part 'smallPropeller'
[LOG 16:19:23.474] PartLoader: Compiling Part 'SquadExpansion/Serenity/Parts/Robotics/hinge_01/hinge_01'
[LOG 16:19:23.488] PartLoader: Part 'SquadExpansion/Serenity/Parts/Robotics/hinge_01/hinge_01' has no database record. Creating.
[LOG 16:19:23.488] [DragCubeSystem]: Drag cubes not found or cannot be read for part Part. Generating New drag cubes.
[LOG 16:19:23.488] [KSPCF/DragCubeGeneration] Creating drag cubes for part 'hinge.01'
[LOG 16:19:23.494] PartLoader: Compiling Part 'SquadExpansion/Serenity/Parts/Robotics/hinge_01_s/hinge_01_s'
[LOG 16:19:23.499] PartLoader: Part 'SquadExpansion/Serenity/Parts/Robotics/hinge_01_s/hinge_01_s' has no database record. Creating.
[LOG 16:19:23.499] [DragCubeSystem]: Drag cubes not found or cannot be read for part Part. Generating New drag cubes.
[LOG 16:19:23.499] [KSPCF/DragCubeGeneration] Creating drag cubes for part 'hinge.01.s'
[LOG 16:19:23.506] PartLoader: Compiling Part 'SquadExpansion/Serenity/Parts/Robotics/hinge_03/hinge_03'
[LOG 16:19:23.515] PartLoader: Part 'SquadExpansion/Serenity/Parts/Robotics/hinge_03/hinge_03' has no database record. Creating.
[LOG 16:19:23.516] PartLoader: Compiling Part 'SquadExpansion/Serenity/Parts/Robotics/hinge_03_s/hinge_03_s'
[LOG 16:19:23.526] PartLoader: Part 'SquadExpansion/Serenity/Parts/Robotics/hinge_03_s/hinge_03_s' has no database record. Creating.
[LOG 16:19:23.526] PartLoader: Compiling Part 'SquadExpansion/Serenity/Parts/Robotics/hinge_04/hinge_04'
[LOG 16:19:23.532] PartLoader: Part 'SquadExpansion/Serenity/Parts/Robotics/hinge_04/hinge_04' has no database record. Creating.
[LOG 16:19:23.533] PartLoader: Compiling Part 'SquadExpansion/Serenity/Parts/Robotics/piston_01/piston_01'
[LOG 16:19:23.543] PartLoader: Part 'SquadExpansion/Serenity/Parts/Robotics/piston_01/piston_01' has no database record. Creating.
[LOG 16:19:23.545] PartLoader: Compiling Part 'SquadExpansion/Serenity/Parts/Robotics/piston_02/piston_02'
[LOG 16:19:23.553] PartLoader: Part 'SquadExpansion/Serenity/Parts/Robotics/piston_02/piston_02' has no database record. Creating.
[LOG 16:19:23.555] PartLoader: Compiling Part 'SquadExpansion/Serenity/Parts/Robotics/piston_03/piston_03'
[LOG 16:19:23.563] PartLoader: Part 'SquadExpansion/Serenity/Parts/Robotics/piston_03/piston_03' has no database record. Creating.
[LOG 16:19:23.564] PartLoader: Compiling Part 'SquadExpansion/Serenity/Parts/Robotics/piston_04/piston_04'
[LOG 16:19:23.571] PartLoader: Part 'SquadExpansion/Serenity/Parts/Robotics/piston_04/piston_04' has no database record. Creating.
[LOG 16:19:23.572] PartLoader: Compiling Part 'SquadExpansion/Serenity/Parts/Robotics/RotorEngine_02/RotorEngine_02'
[LOG 16:19:23.583] PartLoader: Part 'SquadExpansion/Serenity/Parts/Robotics/RotorEngine_02/RotorEngine_02' has no database record. Creating.
[LOG 16:19:23.583] [DragCubeSystem]: Drag cubes not found or cannot be read for part Part. Generating New drag cubes.
[LOG 16:19:23.583] [KSPCF/DragCubeGeneration] Creating drag cubes for part 'RotorEngine.02'
[LOG 16:19:23.588] PartLoader: Compiling Part 'SquadExpansion/Serenity/Parts/Robotics/RotorEngine_03/RotorEngine_03'
[LOG 16:19:23.593] PartLoader: Part 'SquadExpansion/Serenity/Parts/Robotics/RotorEngine_03/RotorEngine_03' has no database record. Creating.
[LOG 16:19:23.593] [DragCubeSystem]: Drag cubes not found or cannot be read for part Part. Generating New drag cubes.
[LOG 16:19:23.593] [KSPCF/DragCubeGeneration] Creating drag cubes for part 'RotorEngine.03'
[LOG 16:19:23.599] PartLoader: Compiling Part 'SquadExpansion/Serenity/Parts/Robotics/rotor_01/rotor_01'
[LOG 16:19:23.606] PartLoader: Part 'SquadExpansion/Serenity/Parts/Robotics/rotor_01/rotor_01' has no database record. Creating.
[LOG 16:19:23.606] [DragCubeSystem]: Drag cubes not found or cannot be read for part Part. Generating New drag cubes.
[LOG 16:19:23.606] [KSPCF/DragCubeGeneration] Creating drag cubes for part 'rotor.01'
[LOG 16:19:23.611] PartLoader: Compiling Part 'SquadExpansion/Serenity/Parts/Robotics/rotor_01s/rotor_01s'
[LOG 16:19:23.620] PartLoader: Part 'SquadExpansion/Serenity/Parts/Robotics/rotor_01s/rotor_01s' has no database record. Creating.
[LOG 16:19:23.620] [DragCubeSystem]: Drag cubes not found or cannot be read for part Part. Generating New drag cubes.
[LOG 16:19:23.620] [KSPCF/DragCubeGeneration] Creating drag cubes for part 'rotor.01s'
[LOG 16:19:23.624] PartLoader: Compiling Part 'SquadExpansion/Serenity/Parts/Robotics/rotor_02/rotor_02'
[LOG 16:19:23.632] PartLoader: Part 'SquadExpansion/Serenity/Parts/Robotics/rotor_02/rotor_02' has no database record. Creating.
[LOG 16:19:23.632] [DragCubeSystem]: Drag cubes not found or cannot be read for part Part. Generating New drag cubes.
[LOG 16:19:23.632] [KSPCF/DragCubeGeneration] Creating drag cubes for part 'rotor.02'
[LOG 16:19:23.639] PartLoader: Compiling Part 'SquadExpansion/Serenity/Parts/Robotics/rotor_02s/rotor_02s'
[LOG 16:19:23.651] PartLoader: Part 'SquadExpansion/Serenity/Parts/Robotics/rotor_02s/rotor_02s' has no database record. Creating.
[LOG 16:19:23.651] [DragCubeSystem]: Drag cubes not found or cannot be read for part Part. Generating New drag cubes.
[LOG 16:19:23.651] [KSPCF/DragCubeGeneration] Creating drag cubes for part 'rotor.02s'
[LOG 16:19:23.657] PartLoader: Compiling Part 'SquadExpansion/Serenity/Parts/Robotics/rotor_03/rotor_03'
[LOG 16:19:23.666] PartLoader: Part 'SquadExpansion/Serenity/Parts/Robotics/rotor_03/rotor_03' has no database record. Creating.
[LOG 16:19:23.667] [DragCubeSystem]: Drag cubes not found or cannot be read for part Part. Generating New drag cubes.
[LOG 16:19:23.667] [KSPCF/DragCubeGeneration] Creating drag cubes for part 'rotor.03'
[LOG 16:19:23.672] PartLoader: Compiling Part 'SquadExpansion/Serenity/Parts/Robotics/rotor_03s/rotor_03s'
[LOG 16:19:23.679] PartLoader: Part 'SquadExpansion/Serenity/Parts/Robotics/rotor_03s/rotor_03s' has no database record. Creating.
[LOG 16:19:23.679] [DragCubeSystem]: Drag cubes not found or cannot be read for part Part. Generating New drag cubes.
[LOG 16:19:23.679] [KSPCF/DragCubeGeneration] Creating drag cubes for part 'rotor.03s'
[LOG 16:19:23.684] PartLoader: Compiling Part 'SquadExpansion/Serenity/Parts/Robotics/rotoServo_00/rotoServo_00'
[LOG 16:19:23.696] PartLoader: Part 'SquadExpansion/Serenity/Parts/Robotics/rotoServo_00/rotoServo_00' has no database record. Creating.
[LOG 16:19:23.696] [DragCubeSystem]: Drag cubes not found or cannot be read for part Part. Generating New drag cubes.
[LOG 16:19:23.696] [KSPCF/DragCubeGeneration] Creating drag cubes for part 'rotoServo.00'
[LOG 16:19:23.701] PartLoader: Compiling Part 'SquadExpansion/Serenity/Parts/Robotics/rotoServo_02/rotoServo_02'
[LOG 16:19:23.708] PartLoader: Part 'SquadExpansion/Serenity/Parts/Robotics/rotoServo_02/rotoServo_02' has no database record. Creating.
[LOG 16:19:23.708] [DragCubeSystem]: Drag cubes not found or cannot be read for part Part. Generating New drag cubes.
[LOG 16:19:23.708] [KSPCF/DragCubeGeneration] Creating drag cubes for part 'rotoServo.02'
[LOG 16:19:23.713] PartLoader: Compiling Part 'SquadExpansion/Serenity/Parts/Robotics/rotoServo_03/rotoServo_03'
[LOG 16:19:23.720] PartLoader: Part 'SquadExpansion/Serenity/Parts/Robotics/rotoServo_03/rotoServo_03' has no database record. Creating.
[LOG 16:19:23.720] [DragCubeSystem]: Drag cubes not found or cannot be read for part Part. Generating New drag cubes.
[LOG 16:19:23.721] [KSPCF/DragCubeGeneration] Creating drag cubes for part 'rotoServo.03'
[LOG 16:19:23.726] PartLoader: Compiling Part 'SquadExpansion/Serenity/Parts/Robotics/rotoServo_04/rotoServo_04'
[LOG 16:19:23.734] PartLoader: Part 'SquadExpansion/Serenity/Parts/Robotics/rotoServo_04/rotoServo_04' has no database record. Creating.
[LOG 16:19:23.734] [DragCubeSystem]: Drag cubes not found or cannot be read for part Part. Generating New drag cubes.
[LOG 16:19:23.734] [KSPCF/DragCubeGeneration] Creating drag cubes for part 'rotoServo.04'
[LOG 16:19:23.738] PartLoader: Compiling Part 'SquadExpansion/Serenity/Parts/Robotics/Controllers/KAL1000/controller1000'
[LOG 16:19:23.748] PartLoader: Part 'SquadExpansion/Serenity/Parts/Robotics/Controllers/KAL1000/controller1000' has no database record. Creating.
[LOG 16:19:23.748] [DragCubeSystem]: Drag cubes not found or cannot be read for part Part. Generating New drag cubes.
[LOG 16:19:23.748] [KSPCF/DragCubeGeneration] Creating drag cubes for part 'controller1000'
[LOG 16:19:23.753] PartLoader: Compiling Part 'SquadExpansion/Serenity/Parts/Science/RobotArmScanner/RobotArmScanner_S1/RobotArmScanner_S1'
[LOG 16:19:23.767] PartLoader: Part 'SquadExpansion/Serenity/Parts/Science/RobotArmScanner/RobotArmScanner_S1/RobotArmScanner_S1' has no database record. Creating.
[LOG 16:19:23.768] [DragCubeSystem]: Drag cubes not found or cannot be read for part Part. Generating New drag cubes.
[LOG 16:19:23.768] [KSPCF/DragCubeGeneration] Creating drag cubes for part 'RobotArmScanner.S1'
[LOG 16:19:23.788] PartLoader: Compiling Part 'SquadExpansion/Serenity/Parts/Science/RobotArmScanner/RobotArmScanner_S2/RobotArmScanner_S2'
[LOG 16:19:23.796] PartLoader: Part 'SquadExpansion/Serenity/Parts/Science/RobotArmScanner/RobotArmScanner_S2/RobotArmScanner_S2' has no database record. Creating.
[LOG 16:19:23.796] [DragCubeSystem]: Drag cubes not found or cannot be read for part Part. Generating New drag cubes.
[LOG 16:19:23.796] [KSPCF/DragCubeGeneration] Creating drag cubes for part 'RobotArmScanner.S2'
[LOG 16:19:23.814] PartLoader: Compiling Part 'SquadExpansion/Serenity/Parts/Science/RobotArmScanner/RobotArmScanner_S3/RobotArmScanner_S3'
[LOG 16:19:23.824] PartLoader: Part 'SquadExpansion/Serenity/Parts/Science/RobotArmScanner/RobotArmScanner_S3/RobotArmScanner_S3' has no database record. Creating.
[LOG 16:19:23.824] [DragCubeSystem]: Drag cubes not found or cannot be read for part Part. Generating New drag cubes.
[LOG 16:19:23.824] [KSPCF/DragCubeGeneration] Creating drag cubes for part 'RobotArmScanner.S3'
[LOG 16:19:23.843] PartLoader: Compiling Part 'SquadExpansion/Serenity/Parts/Structural/gripPads/lGripPad/lGripPad'
[LOG 16:19:23.852] PartLoader: Part 'SquadExpansion/Serenity/Parts/Structural/gripPads/lGripPad/lGripPad' has no database record. Creating.
[LOG 16:19:23.852] [DragCubeSystem]: Drag cubes not found or cannot be read for part Part. Generating New drag cubes.
[LOG 16:19:23.852] [KSPCF/DragCubeGeneration] Creating drag cubes for part 'lGripPad'
[LOG 16:19:23.863] PartLoader: Compiling Part 'SquadExpansion/Serenity/Parts/Structural/gripPads/lGripStrip/lGripStrip'
[LOG 16:19:23.866] PartLoader: Part 'SquadExpansion/Serenity/Parts/Structural/gripPads/lGripStrip/lGripStrip' has no database record. Creating.
[LOG 16:19:23.866] [DragCubeSystem]: Drag cubes not found or cannot be read for part Part. Generating New drag cubes.
[LOG 16:19:23.866] [KSPCF/DragCubeGeneration] Creating drag cubes for part 'lGripStrip'
[LOG 16:19:23.870] PartLoader: Compiling Part 'SquadExpansion/Serenity/Parts/Structural/gripPads/mGripPad/mGripPad'
[LOG 16:19:23.873] PartLoader: Part 'SquadExpansion/Serenity/Parts/Structural/gripPads/mGripPad/mGripPad' has no database record. Creating.
[LOG 16:19:23.873] [DragCubeSystem]: Drag cubes not found or cannot be read for part Part. Generating New drag cubes.
[LOG 16:19:23.873] [KSPCF/DragCubeGeneration] Creating drag cubes for part 'mGripPad'
[LOG 16:19:23.884] PartLoader: Compiling Part 'SquadExpansion/Serenity/Parts/Structural/gripPads/sGripPad/sGripPad'
[LOG 16:19:23.887] PartLoader: Part 'SquadExpansion/Serenity/Parts/Structural/gripPads/sGripPad/sGripPad' has no database record. Creating.
[LOG 16:19:23.887] [DragCubeSystem]: Drag cubes not found or cannot be read for part Part. Generating New drag cubes.
[LOG 16:19:23.888] [KSPCF/DragCubeGeneration] Creating drag cubes for part 'sGripPad'
[LOG 16:19:23.898] PartLoader: Compiling Part 'SquadExpansion/Serenity/Parts/Structural/gripPads/sGripStrip/sGripStrip'
[LOG 16:19:23.902] PartLoader: Part 'SquadExpansion/Serenity/Parts/Structural/gripPads/sGripStrip/sGripStrip' has no database record. Creating.
[LOG 16:19:23.902] [DragCubeSystem]: Drag cubes not found or cannot be read for part Part. Generating New drag cubes.
[LOG 16:19:23.903] [KSPCF/DragCubeGeneration] Creating drag cubes for part 'sGripStrip'
[LOG 16:19:23.908] PartLoader: Compiling Internal Prop 'Squad/Props/AltimeterThreeHands/prop/AltimeterThreeHands'
[LOG 16:19:23.911] PartLoader: Compiling Internal Prop 'Squad/Props/AtmosphereDepth/prop/AtmosphereDepth'
[LOG 16:19:23.913] PartLoader: Compiling Internal Prop 'Squad/Props/AxisIndicator/pitchConfig/AxisIndicatorPitch'
[LOG 16:19:23.915] PartLoader: Compiling Internal Prop 'Squad/Props/AxisIndicator/rollConfig/AxisIndicatorRoll'
[LOG 16:19:23.916] PartLoader: Compiling Internal Prop 'Squad/Props/AxisIndicator/yawConfig/AxisIndicatorYaw'
[LOG 16:19:23.917] PartLoader: Compiling Internal Prop 'Squad/Props/buttonsGeneric/circularButton/genericCircularButton'
[LOG 16:19:23.918] PartLoader: Compiling Internal Prop 'Squad/Props/buttonsGeneric/clusterButtons/genericClusterButtons'
[LOG 16:19:23.919] PartLoader: Compiling Internal Prop 'Squad/Props/buttonsGeneric/clusterButtons2/genericClusterButtons2'
[LOG 16:19:23.920] PartLoader: Compiling Internal Prop 'Squad/Props/buttonsGeneric/clusterKnob/genericClusterKnobs'
[LOG 16:19:23.920] PartLoader: Compiling Internal Prop 'Squad/Props/buttonsGeneric/clusterKnob2/genericClusterKnobs2'
[LOG 16:19:23.921] PartLoader: Compiling Internal Prop 'Squad/Props/buttonsGeneric/clusterMixed/genericClusterMixed'
[LOG 16:19:23.921] PartLoader: Compiling Internal Prop 'Squad/Props/buttonsGeneric/clusterSwitches01/genericClusterSwitches01'
[LOG 16:19:23.922] PartLoader: Compiling Internal Prop 'Squad/Props/buttonsGeneric/clusterSwitches02/genericClusterSwitches02'
[LOG 16:19:23.922] PartLoader: Compiling Internal Prop 'Squad/Props/buttonsGeneric/clusterSwitches03/genericClusterSwitches03'
[LOG 16:19:23.923] PartLoader: Compiling Internal Prop 'Squad/Props/buttonsGeneric/clusterSwitches04/genericClusterSwitches04'
[LOG 16:19:23.923] PartLoader: Compiling Internal Prop 'Squad/Props/buttonsGeneric/clusterSwitches05/genericClusterSwitches05'
[LOG 16:19:23.924] PartLoader: Compiling Internal Prop 'Squad/Props/buttonsGeneric/clusterSwitches06/genericClusterSwitches06'
[LOG 16:19:23.924] PartLoader: Compiling Internal Prop 'Squad/Props/buttonsGeneric/clusterSwitches07/genericClusterSwitches07'
[LOG 16:19:23.925] PartLoader: Compiling Internal Prop 'Squad/Props/buttonsGeneric/directionalKnob/genericDirectionalKnob'
[LOG 16:19:23.925] PartLoader: Compiling Internal Prop 'Squad/Props/buttonsGeneric/directionalKnob2/genericDirectionalKnob2'
[LOG 16:19:23.926] PartLoader: Compiling Internal Prop 'Squad/Props/buttonsGeneric/pullSwitch/genericPullSwitch'
[LOG 16:19:23.927] PartLoader: Compiling Internal Prop 'Squad/Props/buttonsGeneric/squareButton/genericSquareButton'
[LOG 16:19:23.927] PartLoader: Compiling Internal Prop 'Squad/Props/buttonsGeneric/standingSwitch/genericStandingSwitch'
[LOG 16:19:23.928] PartLoader: Compiling Internal Prop 'Squad/Props/buttonsGeneric/switch/genericSwitch'
[LOG 16:19:23.928] PartLoader: Compiling Internal Prop 'Squad/Props/buttonsGeneric/switchWithGuards/genericSwitchWithGuards'
[LOG 16:19:23.929] PartLoader: Compiling Internal Prop 'Squad/Props/ButtonSquare/prop/ButtonSquare'
[LOG 16:19:23.931] PartLoader: Compiling Internal Prop 'Squad/Props/circularButton/prop/circularButton'
[LOG 16:19:23.931] PartLoader: Compiling Internal Prop 'Squad/Props/Compass/prop/Compass'
[LOG 16:19:23.932] PartLoader: Compiling Internal Prop 'Squad/Props/directionalKnob/prop/directionalKnob'
[LOG 16:19:23.933] PartLoader: Compiling Internal Prop 'Squad/Props/directionalKnob2/prop/directionalKnob2'
[LOG 16:19:23.933] PartLoader: Compiling Internal Prop 'Squad/Props/IndicatorPanel/prop/IndicatorPanel'
[LOG 16:19:23.936] PartLoader: Compiling Internal Prop 'Squad/Props/IVANavBall/prop/NavBall'
[LOG 16:19:23.938] PartLoader: Compiling Internal Prop 'Squad/Props/IVANavBallNoBase/prop/NavBallNoBase'
[LOG 16:19:23.939] PartLoader: Compiling Internal Prop 'Squad/Props/ledPanelSpeed/prop/ledPanelSpeed'
[LOG 16:19:23.941] PartLoader: Compiling Internal Prop 'Squad/Props/Monitor/DockingMode/MonitorDockingMode'
[LOG 16:19:23.941] PartLoader: Compiling Internal Prop 'Squad/Props/NavBall/prop/NavBall'
[LOG 16:19:23.942] PartLoader: Compiling Internal Prop 'Squad/Props/PropsGeneric/Button_DockingMode/Button_DockingMode'
[LOG 16:19:23.943] PartLoader: Compiling Internal Prop 'Squad/Props/PropsGeneric/CargoBagA/CargoBagA'
[LOG 16:19:23.943] PartLoader: Compiling Internal Prop 'Squad/Props/PropsGeneric/CargoBagB/CargoBagB'
[LOG 16:19:23.944] PartLoader: Compiling Internal Prop 'Squad/Props/PropsGeneric/CargoBagC/CargoBagC'
[LOG 16:19:23.944] PartLoader: Compiling Internal Prop 'Squad/Props/PropsGeneric/Hatch_Plane/Hatch_Plane'
[LOG 16:19:23.945] PartLoader: Compiling Internal Prop 'Squad/Props/PropsGeneric/Hatch_Plane_Curve90/Hatch_Plane_Curve90'
[LOG 16:19:23.945] PartLoader: Compiling Internal Prop 'Squad/Props/PropsGeneric/Hatch_Plane_Frame/Hatch_Plane_Frame'
[LOG 16:19:23.946] PartLoader: Compiling Internal Prop 'Squad/Props/PropsGeneric/Seat_Passenger/Seat_Passenger'
[LOG 16:19:23.946] PartLoader: Compiling Internal Prop 'Squad/Props/PropsGeneric/Seat_Pilot/Seat_Pilot'
[LOG 16:19:23.947] PartLoader: Compiling Internal Prop 'Squad/Props/PropsGeneric/Seat_Pilot_Helmet/Seat_Pilot_Helmet'
[LOG 16:19:23.947] PartLoader: Compiling Internal Prop 'Squad/Props/PropsGeneric/SideStick/SideStick'
[LOG 16:19:23.948] PartLoader: Compiling Internal Prop 'Squad/Props/pullSwitch/prop/pullSwitch'
[LOG 16:19:23.948] PartLoader: Compiling Internal Prop 'Squad/Props/radarAltitude/prop/RadarAltimeter'
[LOG 16:19:23.950] PartLoader: Compiling Internal Prop 'Squad/Props/squareButton/prop/squareButton'
[LOG 16:19:23.951] PartLoader: Compiling Internal Prop 'Squad/Props/standingSwitch/prop/standingSwitch'
[LOG 16:19:23.951] PartLoader: Compiling Internal Prop 'Squad/Props/switch/prop/switch'
[LOG 16:19:23.952] PartLoader: Compiling Internal Prop 'Squad/Props/switchGuard/prop/switchGuard'
[LOG 16:19:23.952] PartLoader: Compiling Internal Prop 'Squad/Props/switchWithGuards/prop/switchWithGuards'
[LOG 16:19:23.953] PartLoader: Compiling Internal Prop 'Squad/Props/throttle/prop/throttle'
[LOG 16:19:23.954] PartLoader: Compiling Internal Prop 'Squad/Props/VSI/prop/VSI'
[LOG 16:19:23.956] PartLoader: Compiling Internal Space 'Squad/Spaces/crewCabinInternals/internal/crewCabinInternals'
[LOG 16:19:23.963] PartLoader: Compiling Internal Space 'Squad/Spaces/cupolaInternal/internal/cupolaInternal'
[LOG 16:19:23.976] PartLoader: Compiling Internal Space 'Squad/Spaces/GenericSpace1/internal/GenericSpace1'
[LOG 16:19:23.978] PartLoader: Compiling Internal Space 'Squad/Spaces/GenericSpace3/internal/GenericSpace3'
[LOG 16:19:23.980] PartLoader: Compiling Internal Space 'Squad/Spaces/landerCabinInternals/internal/landerCabinInternals'
[LOG 16:19:23.983] PartLoader: Compiling Internal Space 'Squad/Spaces/landerCabinSmallInternal/internal/landerCabinSmallInternal'
[LOG 16:19:23.986] PartLoader: Compiling Internal Space 'Squad/Spaces/LargeCrewedLabInternals/internal/Mobile_Processing_Lab_Int'
[LOG 16:19:23.988] PartLoader: Compiling Internal Space 'Squad/Spaces/Mk1-3/internal/Mk1-3'
[LOG 16:19:23.995] PartLoader: Compiling Internal Space 'Squad/Spaces/mk1CabinInternal/internal/mk1CabinInternal'
[LOG 16:19:24.001] PartLoader: Compiling Internal Space 'Squad/Spaces/mk1CockpitInternal/internal/mk1CockpitInternal'
[LOG 16:19:24.008] PartLoader: Compiling Internal Space 'Squad/Spaces/mk1InlineInternal/internal/mk1InlineInternal'
[LOG 16:19:24.014] PartLoader: Compiling Internal Space 'Squad/Spaces/mk1PodCockpit/internal/mk1PodCockpit'
[LOG 16:19:24.016] PartLoader: Compiling Internal Space 'Squad/Spaces/mk1pod_IVA/mk1pod_Internal/mk1pod_IVA'
[LOG 16:19:24.022] PartLoader: Compiling Internal Space 'Squad/Spaces/mk2CockpitStandardInternal/internal/mk2CockpitStandardInternals'
[LOG 16:19:24.030] PartLoader: Compiling Internal Space 'Squad/Spaces/Mk2CrewCabinInternal/internal_MK2_CrewCab/MK2_CrewCab_Int'
[LOG 16:19:24.035] PartLoader: Compiling Internal Space 'Squad/Spaces/mk2InlineInternal/internal/mk2InlineInternal'
[LOG 16:19:24.050] PartLoader: Compiling Internal Space 'Squad/Spaces/mk2LanderCanInternal/internal/mk2LanderCanInternal'
[LOG 16:19:24.060] PartLoader: Compiling Internal Space 'Squad/Spaces/MK3CockpitInternal/internal_MK3/MK3_Cockpit_Int'
[LOG 16:19:24.074] PartLoader: Compiling Internal Space 'Squad/Spaces/MK3_CrewCab_Int/internal_MK3_CrewCab/MK3_CrewCab_Int'
[LOG 16:19:24.076] InternalSeat: Cannot find portraitCamera of name 'Camera_Left003'
[LOG 16:19:24.083] PartLoader: Compiling Internal Space 'Squad/Spaces/Placeholder/internal/Placeholder'
[LOG 16:19:24.092] PartLoader: Compiling Internal Space 'Squad/Spaces/PodCockpit/internal/PodCockpit'
[LOG 16:19:24.104] PartLoader: Compiling Internal Space 'SquadExpansion/MakingHistory/Spaces/KVPods/Airlock_Internal/Airlock_IVA'
[LOG 16:19:24.106] PartLoader: Compiling Internal Space 'SquadExpansion/MakingHistory/Spaces/KVPods/KV1_Internal/KV1_IVA'
[LOG 16:19:24.112] PartLoader: Compiling Internal Space 'SquadExpansion/MakingHistory/Spaces/KVPods/KV2_Internal/KV2_IVA'
[LOG 16:19:24.122] PartLoader: Compiling Internal Space 'SquadExpansion/MakingHistory/Spaces/KVPods/KV3_Internal/KV3_IVA'
[LOG 16:19:24.131] PartLoader: Compiling Internal Space 'SquadExpansion/MakingHistory/Spaces/MEM/MEM_IVA/MEM_IVA'
[LOG 16:19:24.142] PartLoader: Compiling Internal Space 'SquadExpansion/MakingHistory/Spaces/Mk2Pod/Mk2Pod_Internal/MK2POD_IVA'
[LOG 16:19:24.642] Assets:
[LOG 16:19:24.642] anim_missionsapp_idle.anim
[LOG 16:19:24.642] anim_missionsapp_idle_warning.anim
[LOG 16:19:24.642] anim_missionsapp_warning.anim
[LOG 16:19:24.642] anim_missionssapp.anim
[LOG 16:19:24.642] animcontroller_missionsappmaster.controller
[LOG 16:19:24.642] app_bg.tif
[LOG 16:19:24.642] app_bottom_gray.tif
[LOG 16:19:24.642] app_divider_pulldown_body.tif
[LOG 16:19:24.642] app_divider_pulldown_footer.tif
[LOG 16:19:24.643] app_divider_pulldown_header.tif
[LOG 16:19:24.643] app_divider_pulldown_header_over.tif
[LOG 16:19:24.643] app_header_gray.tif
[LOG 16:19:24.643] app_missions_icon_active.tif
[LOG 16:19:24.643] app_missions_icon_complete.tif
[LOG 16:19:24.643] app_missions_icon_failed.tif
[LOG 16:19:24.643] app_missions_icon_inactive.tif
[LOG 16:19:24.643] spritesheet_missionsapp.tif
[LOG 16:19:24.643] spritesheet_missionsappwarning.tif
[LOG 16:19:24.643] missionbriefingdialog.prefab
[LOG 16:19:24.643] missionbriefingtag.prefab
[LOG 16:19:24.643] awardwidget.prefab
[LOG 16:19:24.643] missionenddialog.prefab
[LOG 16:19:24.643] missionitemwidget.prefab
[LOG 16:19:24.643] missionplaybutton.prefab
[LOG 16:19:24.643] missionplaydialog.prefab
[LOG 16:19:24.643] missionsteamitemwidget.prefab
[LOG 16:19:24.643] missionvalidationdialog.prefab
[LOG 16:19:24.643] validationentry.prefab
[LOG 16:19:24.643] comettoken.fbx
[LOG 16:19:24.643] comettoken.jpg
[LOG 16:19:24.643] placementegizmo_comet.mat
[LOG 16:19:24.643] placementegizmo_comet_tail.mat
[LOG 16:19:24.643] femalevintagepreview.prefab
[LOG 16:19:24.643] malevintagepreview.prefab
[LOG 16:19:24.643] checkpointentrywidget.prefab
[LOG 16:19:24.643] crewmanagementdialog.prefab
[LOG 16:19:24.643] listitem_vesseltitle.prefab
[LOG 16:19:24.644] missionbrowser.prefab
[LOG 16:19:24.644] missioncheckpointbrowser.prefab
[LOG 16:19:24.644] missioncrewlistitem.prefab
[LOG 16:19:24.644] missionentrywidget.prefab
[LOG 16:19:24.644] missiontemplateentrywidget.prefab
[LOG 16:19:24.644] partcategorizerbutton.prefab
[LOG 16:19:24.644] partselectorbrowser.prefab
[LOG 16:19:24.644] partselectorentry.prefab
[LOG 16:19:24.644] gaputil_vesselframe.prefab
[LOG 16:19:24.644] meguiconnector.prefab
[LOG 16:19:24.644] meguinode.prefab
[LOG 16:19:24.644] meguinodecategorybutton.prefab
[LOG 16:19:24.644] meguinodeicon.prefab
[LOG 16:19:24.644] meguinodeicongroup.prefab
[LOG 16:19:24.644] meguiscrollviewitem.prefab
[LOG 16:19:24.644] meiconloaderbasicnode.prefab
[LOG 16:19:24.644] meiconloadergap.prefab
[LOG 16:19:24.644] meiconloadernodecategorizer.prefab
[LOG 16:19:24.644] menodecanvas.prefab
[LOG 16:19:24.644] missioneditorscreen.prefab
[LOG 16:19:24.644] nodelisttooltip.prefab
[LOG 16:19:24.644] nodelisttooltipextinfolistspacer.prefab
[LOG 16:19:24.644] orbitgizmo.prefab
[LOG 16:19:24.644] biomeshighlight.shader
[LOG 16:19:24.644] projector-surfacegizmo.shader
[LOG 16:19:24.644] scaledplanetbiomeshighlight.shader
[LOG 16:19:24.644] sprites-alwaysover.shader
[LOG 16:19:24.645] ui-unlit-infinite.shader
[LOG 16:19:24.645] ui-unlit-solid.shader
[LOG 16:19:24.645] assetgraph_connectionpoint_inputmark.png
[LOG 16:19:24.645] assetgraph_inputbg.png
[LOG 16:19:24.645] boldly.png
[LOG 16:19:24.645] carpool.png
[LOG 16:19:24.645] frugal.png
[LOG 16:19:24.645] homesick.png
[LOG 16:19:24.645] keys.png
[LOG 16:19:24.645] saint.png
[LOG 16:19:24.645] sinner.png
[LOG 16:19:24.645] thespot.png
[LOG 16:19:24.645] timekeeper.png
[LOG 16:19:24.645] helmetbronze.png
[LOG 16:19:24.645] helmetgold.png
[LOG 16:19:24.645] helmetsilver.png
[LOG 16:19:24.645] action-part-resource-drain.png
[LOG 16:19:24.645] change-part-resource-levels.png
[LOG 16:19:24.645] create-asteroid.png
[LOG 16:19:24.645] create-kerbal.png
[LOG 16:19:24.645] create-vessel.png
[LOG 16:19:24.645] crew-assignment.png
[LOG 16:19:24.645] dialog-message.png
[LOG 16:19:24.645] display-message.png
[LOG 16:19:24.645] fail-part.png
[LOG 16:19:24.646] fly-through.png
[LOG 16:19:24.646] funds-recovery.png
[LOG 16:19:24.646] generic-node.png
[LOG 16:19:24.646] go-to.png
[LOG 16:19:24.646] kerbal-boarded.png
[LOG 16:19:24.646] kerbal-recovery.png
[LOG 16:19:24.646] kerbal-rescue.png
[LOG 16:19:24.646] launch-site.png
[LOG 16:19:24.646] leave-soi.png
[LOG 16:19:24.646] orbit.png
[LOG 16:19:24.646] part-explode.png
[LOG 16:19:24.646] plant-flag.png
[LOG 16:19:24.646] reach-soi.png
[LOG 16:19:24.646] repair-part.png
[LOG 16:19:24.646] resource-amount.png
[LOG 16:19:24.646] resource-recovery.png
[LOG 16:19:24.646] science-experiment.png
[LOG 16:19:24.646] score.png
[LOG 16:19:24.646] take-tourist.png
[LOG 16:19:24.646] test-altitude.png
[LOG 16:19:24.646] test-eva.png
[LOG 16:19:24.646] test-grapple.png
[LOG 16:19:24.646] time-of-flight.png
[LOG 16:19:24.646] time-of-mission.png
[LOG 16:19:24.646] time-since-node.png
[LOG 16:19:24.646] vessel-crashed.png
[LOG 16:19:24.646] vessel-crew-count.png
[LOG 16:19:24.646] vessel-explode.png
[LOG 16:19:24.647] vessel-flying.png
[LOG 16:19:24.647] vessel-landed.png
[LOG 16:19:24.647] vessel-mass.png
[LOG 16:19:24.647] vessel-splashed.png
[LOG 16:19:24.647] vessel-stage-activated.png
[LOG 16:19:24.647] vessel-stage.png
[LOG 16:19:24.647] arrange-graph.png
[LOG 16:19:24.647] builderbuttons_briefing.png
[LOG 16:19:24.647] builderbuttons_reset.png
[LOG 16:19:24.647] builderbuttons_trackingstation.png
[LOG 16:19:24.647] frame-graph.png
[LOG 16:19:24.647] lock.png
[LOG 16:19:24.647] maximize.png
[LOG 16:19:24.647] minimize.png
[LOG 16:19:24.647] pin.png
[LOG 16:19:24.647] pin_down.png
[LOG 16:19:24.647] redo.png
[LOG 16:19:24.647] reset.png
[LOG 16:19:24.647] tracking-station.png
[LOG 16:19:24.647] undo.png
[LOG 16:19:24.647] visible-in-gap.png
[LOG 16:19:24.647] location.png
[LOG 16:19:24.647] logic.png
[LOG 16:19:24.647] science.png
[LOG 16:19:24.647] utility.png
[LOG 16:19:24.647] vessel.png
[LOG 16:19:24.647] eye.png
[LOG 16:19:24.647] iconmb.png
[LOG 16:19:24.647] me_btn_generic_normal.tif
[LOG 16:19:24.647] me_button_generic_normal.tif
[LOG 16:19:24.648] nodecat_bg.png
[LOG 16:19:24.648] nodecat_divider.tif
[LOG 16:19:24.648] nodecat_divider_bottom.tif
[LOG 16:19:24.648] pholderwarningicon.png
[LOG 16:19:24.648] reseticon.png
[LOG 16:19:24.648] validityindicator.controller
[LOG 16:19:24.648] validtyinidicatorpulse.anim
[LOG 16:19:24.648] broadorbittoggle button.png
[LOG 16:19:24.648] maneuvertoggle button.png
[LOG 16:19:24.648] orbitalgizmoicons.png
[LOG 16:19:24.648] reset orbit button.png
[LOG 16:19:24.648] nodelabel.prefab
[LOG 16:19:24.648] kerbaleva_female_exp.prefab
[LOG 16:19:24.648] kerbaleva_rd_exp.prefab
[LOG 16:19:24.648] missioneditorevabody.mat
[LOG 16:19:24.648] missioneditorevabodyalternate.mat
[LOG 16:19:24.648] missioneditorevabodybrown.mat
[LOG 16:19:24.648] missioneditorevaeyeballs.mat
[LOG 16:19:24.648] missioneditorevaeyes.mat
[LOG 16:19:24.648] missioneditorevahead.mat
[LOG 16:19:24.648] missioneditorevahelmet.mat
[LOG 16:19:24.648] missioneditorevahelmetred.mat
[LOG 16:19:24.648] missioneditorevajetpack.mat
[LOG 16:19:24.648] missioneditorevalight.mat
[LOG 16:19:24.648] kbevafemalevintage.prefab
[LOG 16:19:24.648] kbevavintage.prefab
[LOG 16:19:24.648] evalight.fbx
[LOG 16:19:24.648] kbeva@new.fbx
[LOG 16:19:24.648] kbeva@newfem.fbx
[LOG 16:19:24.649] mevahelmetlight.fbx
[LOG 16:19:24.649] evajetpackscondary.dds
[LOG 16:19:24.649] evajetpacksecondary_n.dds
[LOG 16:19:24.649] evalight.png
[LOG 16:19:24.649] kerbalmainnrm.dds
[LOG 16:19:24.649] me_suit_difuse_blue.dds
[LOG 16:19:24.649] me_suit_difuse_low_polybrown.dds
[LOG 16:19:24.649] me_suit_difuse_orange.dds
[LOG 16:19:24.649] kerbalfemalevintage.prefab
[LOG 16:19:24.649] kerbalmalevintage.prefab
[LOG 16:19:24.649] evahelmet.mat
[LOG 16:19:24.649] evatexture.mat
[LOG 16:19:24.649] kerbalgirl_06_basecolor.mat
[LOG 16:19:24.649] kerbalhead.mat
[LOG 16:19:24.649] lambert6.mat
[LOG 16:19:24.649] mat_eyeballs.mat
[LOG 16:19:24.649] mat_eyes01.mat
[LOG 16:19:24.649] material #4.mat
[LOG 16:19:24.649] mesh_female_kerbalastronaut01_kerbalgirl_export_15_lambert20.mat
[LOG 16:19:24.649] mesh_female_kerbalastronaut01_kerbalgirl_export_15_lambert21.mat
[LOG 16:19:24.649] kbfemale_iva_mecanim.fbx
[LOG 16:19:24.649] kbiva_mecanim.fbx
[LOG 16:19:24.649] kerbalicon_eva_female_vintage.tif
[LOG 16:19:24.649] kerbalicon_eva_vintage.tif
[LOG 16:19:24.649] kerbalicon_suit_female_vintage.tif
[LOG 16:19:24.649] kerbalicon_suit_orange_female_vintage.tif
[LOG 16:19:24.649] kerbalicon_suit_orange_vintage.tif
[LOG 16:19:24.649] kerbalicon_suit_vintage.tif
[LOG 16:19:24.649] gap_celestialbody_camerasetup.prefab
[LOG 16:19:24.650] gap_celestialbody_collisionsphere.prefab
[LOG 16:19:24.650] gap_celestialbody_surfacegizmo_area.prefab
[LOG 16:19:24.650] gap_celestialbody_surfacegizmo_basic.prefab
[LOG 16:19:24.650] gap_celestialbody_surfacegizmo_icon.prefab
[LOG 16:19:24.650] gap_celestialbody_surfacegizmo_vessel.prefab
[LOG 16:19:24.650] gap_celestialbody_surfacegizmo_volume.prefab
[LOG 16:19:24.650] gap_proceduralasteroid.prefab
[LOG 16:19:24.650] gap_proceduralcomet.prefab
[LOG 16:19:24.650] gapbuttonprefab.prefab
[LOG 16:19:24.650] gapkerbal_femaleveteran.prefab
[LOG 16:19:24.650] gapkerbal_femaleveteran_vintage.prefab
[LOG 16:19:24.650] gapkerbal_male_slimsuit.prefab
[LOG 16:19:24.650] gapkerbal_maleveteran.prefab
[LOG 16:19:24.650] gapkerbal_maleveteran_vintage.prefab
[LOG 16:19:24.650] gapscrollablesidebarbutton.prefab
[LOG 16:19:24.650] gapsidebarbutton.prefab
[LOG 16:19:24.650] gaptoggleprefab.prefab
[LOG 16:19:24.650] gaputil_biselector.prefab
[LOG 16:19:24.650] gaputil_celestialbody.prefab
[LOG 16:19:24.650] vesseldisplay_camerasetup.prefab
[LOG 16:19:24.650] desert_airfield.prefab
[LOG 16:19:24.650] desert_groundobjects.prefab
[LOG 16:19:24.650] desert_launch_site.prefab
[LOG 16:19:24.650] larkes.prefab
[LOG 16:19:24.650] floor bottom.mat
[LOG 16:19:24.650] floor top.mat
[LOG 16:19:24.650] legs.mat
[LOG 16:19:24.650] ramp.mat
[LOG 16:19:24.650] stairs grid lights pivot.mat
[LOG 16:19:24.650] supports 1.mat
[LOG 16:19:24.650] supports 2.mat
[LOG 16:19:24.651] tunnels.mat
[LOG 16:19:24.651] floor bottom.dds
[LOG 16:19:24.651] floor top.dds
[LOG 16:19:24.651] floor top_normal.dds
[LOG 16:19:24.651] legs.dds
[LOG 16:19:24.651] ramp.dds
[LOG 16:19:24.651] stairs grid lights pivot.dds
[LOG 16:19:24.651] supports 1.dds
[LOG 16:19:24.651] supports 2.dds
[LOG 16:19:24.651] tunnels.dds
[LOG 16:19:24.651] diffuse.mat
[LOG 16:19:24.651] floor bottom_base_color.mat
[LOG 16:19:24.651] floor top_base_color.mat
[LOG 16:19:24.651] legs_base_color.mat
[LOG 16:19:24.651] ramp_base_color.mat
[LOG 16:19:24.651] stairs grid lights pivot_base_colormodpsd.mat
[LOG 16:19:24.651] stairs_grid_lights_pivot_base_color.mat
[LOG 16:19:24.651] supports 1_base_color.mat
[LOG 16:19:24.651] supports 2_base_color.mat
[LOG 16:19:24.651] tunnels_base_color.mat
[LOG 16:19:24.651] mobilelaunchpad_19.fbx
[LOG 16:19:24.651] pontoons.fbx
[LOG 16:19:24.651] pontoons_diffuse.dds
[LOG 16:19:24.651] ramp_normal.png
[LOG 16:19:24.651] 1001_base_color.mat
[LOG 16:19:24.651] desert groundtransition.mat
[LOG 16:19:24.651] desert groundtransition_highquality.mat
[LOG 16:19:24.651] desert groundtransition_lowquality.mat
[LOG 16:19:24.652] desert groundtransition_mediumquality.mat
[LOG 16:19:24.652] desert groundtransition_ultraquality.mat
[LOG 16:19:24.652] desert runway sand.mat
[LOG 16:19:24.652] desert runway stone.mat
[LOG 16:19:24.652] mobilelaunchpad.prefab
[LOG 16:19:24.652] woomerang_groundobjects.prefab
[LOG 16:19:24.652] woomerang_launch_site.prefab
[LOG 16:19:24.652] Scenes:
[LOG 16:19:24.653] kspMissionEditor.unity
[LOG 16:19:32.619] Assets:
[LOG 16:19:32.619] appanim_missionsapp.prefab
[LOG 16:19:32.620] cascading_body_missionheader.prefab
[LOG 16:19:32.620] cascading_body_missioninfo.prefab
[LOG 16:19:32.620] cascading_body_missionobjective.prefab
[LOG 16:19:32.620] cascading_body_missionsvesselheader.prefab
[LOG 16:19:32.620] cascading_body_missionsvesselitem.prefab
[LOG 16:19:32.620] cascading_body_settingsbutton.prefab
[LOG 16:19:32.620] cascading_body_settingstoggle.prefab
[LOG 16:19:32.620] missionsapp.prefab
[LOG 16:19:32.620] axislimitline.prefab
[LOG 16:19:32.620] controlleraction.prefab
[LOG 16:19:32.620] controlleraxis.prefab
[LOG 16:19:32.620] controllerwindow.prefab
[LOG 16:19:32.620] curvepanelpoint.prefab
[LOG 16:19:32.620] curvepanelpointaction.prefab
[LOG 16:19:32.620] axis_align_ends.png
[LOG 16:19:32.620] axis_clamp_values.png
[LOG 16:19:32.620] axis_copy.png
[LOG 16:19:32.620] axis_flip_horizontal.png
[LOG 16:19:32.620] axis_flip_vertical.png
[LOG 16:19:32.620] axis_move_down-trackrow.png
[LOG 16:19:32.620] axis_move_down.png
[LOG 16:19:32.620] axis_move_up-trackrow.png
[LOG 16:19:32.620] axis_move_up.png
[LOG 16:19:32.620] axis_paste.png
[LOG 16:19:32.620] axis_preset_flat.png
[LOG 16:19:32.620] axis_preset_sawtooth.png
[LOG 16:19:32.621] axis_preset_sine.png
[LOG 16:19:32.621] axis_preset_square.png
[LOG 16:19:32.621] axis_preset_triangle.png
[LOG 16:19:32.621] axis_select_all.png
[LOG 16:19:32.621] background_squared_inset.png
[LOG 16:19:32.621] close.png
[LOG 16:19:32.621] direction_forward.png
[LOG 16:19:32.621] direction_reverse.png
[LOG 16:19:32.621] edit.png
[LOG 16:19:32.621] fieldlimitline.png
[LOG 16:19:32.621] keyframe_add.png
[LOG 16:19:32.621] keyframe_clamp_value.png
[LOG 16:19:32.621] keyframe_delete.png
[LOG 16:19:32.621] keyframe_linear.png
[LOG 16:19:32.621] keyframe_smooth.png
[LOG 16:19:32.621] keyframe_step_backward.png
[LOG 16:19:32.621] keyframe_step_forward.png
[LOG 16:19:32.621] line.png
[LOG 16:19:32.621] line_dashed.png
[LOG 16:19:32.621] loop_pingpong.png
[LOG 16:19:32.621] loop_playonce.png
[LOG 16:19:32.621] loop_repeat.png
[LOG 16:19:32.621] node.png
[LOG 16:19:32.621] node_circle.png
[LOG 16:19:32.621] node_square.png
[LOG 16:19:32.621] pause.png
[LOG 16:19:32.621] play.png
[LOG 16:19:32.621] pointer.png
[LOG 16:19:32.621] remove-axis.png
[LOG 16:19:32.621] remove_key.png
[LOG 16:19:32.621] resize_icon.png
[LOG 16:19:32.622] sequence_resize_button_states.png
[LOG 16:19:32.622] sequence_resize_maintain.png
[LOG 16:19:32.622] sequence_resize_scale.png
[LOG 16:19:32.622] sequence_speed.png
[LOG 16:19:32.622] tracking_editor_button_states.png
[LOG 16:19:32.622] femalefuturepreview.prefab
[LOG 16:19:32.622] malefuturepreview.prefab
[LOG 16:19:32.622] kbfemale@controlpanel_a.fbx
[LOG 16:19:32.622] kbfemale@controlpanel_b.fbx
[LOG 16:19:32.622] kbfemale@controlpanel_c.fbx
[LOG 16:19:32.622] kbfemale@rocksample.fbx
[LOG 16:19:32.622] hammerfemale.fbx
[LOG 16:19:32.622] hammermale.fbx
[LOG 16:19:32.622] kbeva@controlpanel_a.fbx
[LOG 16:19:32.622] kbeva@controlpanel_b.fbx
[LOG 16:19:32.622] kbeva@controlpanel_c.fbx
[LOG 16:19:32.622] kbeva@rocksample.fbx
[LOG 16:19:32.622] kerbaleva_female_future.prefab
[LOG 16:19:32.622] kerbaleva_rd_future.prefab
[LOG 16:19:32.622] futureevabody.mat
[LOG 16:19:32.622] futureevabodyalternate.mat
[LOG 16:19:32.622] futureevajetpack.mat
[LOG 16:19:32.622] futureevalight.mat
[LOG 16:19:32.622] futurehelmet.mat
[LOG 16:19:32.622] kbevafemalefuture.prefab
[LOG 16:19:32.622] kbevafuture.prefab
[LOG 16:19:32.622] kbeva@new.fbx
[LOG 16:19:32.622] kbeva@newfem.fbx
[LOG 16:19:32.622] mevahelmetlight.fbx
[LOG 16:19:32.622] serenityfemaleeva.fbx
[LOG 16:19:32.623] serenityflares.fbx
[LOG 16:19:32.623] serenitymaleeva.fbx
[LOG 16:19:32.623] evajetpacknrm.dds
[LOG 16:19:32.623] futuresuit_diffuse_orange.dds
[LOG 16:19:32.623] futuresuit_diffuse_whiteblue.dds
[LOG 16:19:32.623] futuresuit_diffuse_whiteorange.dds
[LOG 16:19:32.623] futuresuit_emissive.dds
[LOG 16:19:32.623] futuresuit_evalight.png
[LOG 16:19:32.623] futuresuitmainnrm.dds
[LOG 16:19:32.623] ksp_ig_jetpack_diffuse.jpg
[LOG 16:19:32.623] kerbalfemalefuture.prefab
[LOG 16:19:32.623] kerbalmalefuture.prefab
[LOG 16:19:32.623] futuresuit_diffuse.mat
[LOG 16:19:32.623] serenityfemaleiva.fbx
[LOG 16:19:32.623] serenitymaleiva.fbx
[LOG 16:19:32.623] kerbalicon_eva_female_future.tif
[LOG 16:19:32.623] kerbalicon_eva_future.tif
[LOG 16:19:32.623] kerbalicon_suit_female_future.tif
[LOG 16:19:32.623] kerbalicon_suit_future.tif
[LOG 16:19:32.623] kerbalicon_suit_orange_female_future.tif
[LOG 16:19:32.623] kerbalicon_suit_orange_future.tif
[LOG 16:19:32.623] bottom_emissor.mat
[LOG 16:19:32.623] burst_emissor.mat
[LOG 16:19:32.623] burstprojectiles_emissor.mat
[LOG 16:19:32.623] constantburst_emissor.mat
[LOG 16:19:32.623] snowflakes_emissor.mat
[LOG 16:19:32.623] vapor_emissor.mat
[LOG 16:19:32.623] base_0.mat
[LOG 16:19:32.623] base_1.mat
[LOG 16:19:32.624] base_2.mat
[LOG 16:19:32.624] base_3_1.mat
[LOG 16:19:32.624] base_3_2.mat
[LOG 16:19:32.624] vapor.mat
[LOG 16:19:32.624] burst.png
[LOG 16:19:32.624] cloud2.png
[LOG 16:19:32.624] v1.png
[LOG 16:19:32.624] v2.png
[LOG 16:19:32.624] v3.png
[LOG 16:19:32.624] v5.png
[LOG 16:19:32.624] gapkerbal_female_future.prefab
[LOG 16:19:32.624] gapkerbal_male_future.prefab
[LOG 16:19:32.624] hammerfemale.prefab
[LOG 16:19:32.624] hammermale.prefab
[LOG 16:19:32.624] bopgravelpile.prefab
[LOG 16:19:32.624] bopgravelpile.fbx
[LOG 16:19:32.624] bop_gravel pile_d.mat
[LOG 16:19:32.624] lambert1.mat
[LOG 16:19:32.624] bop_gravel pile_d.png
[LOG 16:19:32.624] bop_gravel pile_d.tga
[LOG 16:19:32.624] bop_gravel pile_n.png
[LOG 16:19:32.624] bop_gravel pile_s.png
[LOG 16:19:32.624] drescrater.prefab
[LOG 16:19:32.624] dresmeteorite.prefab
[LOG 16:19:32.624] drescrater.fbx
[LOG 16:19:32.624] dresmeteorite.fbx
[LOG 16:19:32.624] dres_crater_d.mat
[LOG 16:19:32.624] dres_meteorite_d.mat
[LOG 16:19:32.624] lambert1.mat
[LOG 16:19:32.624] dres_crater_d.tga
[LOG 16:19:32.624] dres_crater_n.png
[LOG 16:19:32.625] dres_meteorite_d.tga
[LOG 16:19:32.625] dres_meteorite_n.png
[LOG 16:19:32.625] dunablueberries.prefab
[LOG 16:19:32.625] dunadune.prefab
[LOG 16:19:32.625] dunameteorite.prefab
[LOG 16:19:32.625] dunastone.prefab
[LOG 16:19:32.625] dunaasteroid.fbx
[LOG 16:19:32.625] dunablueberries.fbx
[LOG 16:19:32.625] dunadune.fbx
[LOG 16:19:32.625] dunastone.fbx
[LOG 16:19:32.625] duna_asteroid_d.mat
[LOG 16:19:32.625] duna_dune_d.mat
[LOG 16:19:32.625] duna_stone_d.mat
[LOG 16:19:32.625] dune_blueberries_d.mat
[LOG 16:19:32.625] lambert1.mat
[LOG 16:19:32.625] duna_asteroid_d.tga
[LOG 16:19:32.625] duna_asteroid_n.png
[LOG 16:19:32.625] duna_dune_d.tga
[LOG 16:19:32.625] duna_dune_n.tga
[LOG 16:19:32.625] duna_stone_d.tga
[LOG 16:19:32.625] duna_stone_n.png
[LOG 16:19:32.625] dune_blueberries_d.tga
[LOG 16:19:32.625] dune_blueberries_n.png
[LOG 16:19:32.625] eelooberg.prefab
[LOG 16:19:32.625] eeloobrownboulder.prefab
[LOG 16:19:32.625] eelooicechunk.prefab
[LOG 16:19:32.625] eelooberg.fbx
[LOG 16:19:32.625] eelooboulder.fbx
[LOG 16:19:32.625] eelooicechunk.fbx
[LOG 16:19:32.625] eeloo_alien_glacier_d.mat
[LOG 16:19:32.625] eeloo_brown_ boulder_d.mat
[LOG 16:19:32.626] eeloo_ice chunk_d.mat
[LOG 16:19:32.626] lambert1.mat
[LOG 16:19:32.626] eeloo_alien_glacier_d.tga
[LOG 16:19:32.626] eeloo_alien_glacier_e.tga
[LOG 16:19:32.626] eeloo_alien_glacier_n.png
[LOG 16:19:32.626] eeloo_brown_ boulder_d.tga
[LOG 16:19:32.626] eeloo_brown_ boulder_n.png
[LOG 16:19:32.626] eeloo_ice chunk_d.tga
[LOG 16:19:32.626] eeloo_ice chunk_e.tga
[LOG 16:19:32.626] eeloo_ice chunk_n.png
[LOG 16:19:32.626] eeloo_ice chunk_s.tga
[LOG 16:19:32.626] evebasaltformation.prefab
[LOG 16:19:32.626] evepancakedome.prefab
[LOG 16:19:32.626] evevolcanicrock.prefab
[LOG 16:19:32.626] evebasaltformation.fbx
[LOG 16:19:32.626] evepancakeformation.fbx
[LOG 16:19:32.626] evevolcanicrock.fbx
[LOG 16:19:32.626] eve basalt formation_d.mat
[LOG 16:19:32.626] eve pancake formation_d.mat
[LOG 16:19:32.626] eve volcanic rock_d.mat
[LOG 16:19:32.626] lambert1.mat
[LOG 16:19:32.626] eve basalt formation_d.tga
[LOG 16:19:32.626] eve basalt formation_n.tga
[LOG 16:19:32.626] eve pancake formation_d.tga
[LOG 16:19:32.626] eve pancake formation_e.png
[LOG 16:19:32.626] eve pancake formation_n.png
[LOG 16:19:32.626] eve volcanic rock_d.tga
[LOG 16:19:32.626] eve volcanic rock_n.png
[LOG 16:19:32.626] gillyridgeline.fbx
[LOG 16:19:32.627] gilly ridegeline_d.mat
[LOG 16:19:32.627] lambert1.mat
[LOG 16:19:32.627] gillyridgeline.prefab
[LOG 16:19:32.627] gilly ridegeline_d.tga
[LOG 16:19:32.627] gilly ridegeline_n.png
[LOG 16:19:32.627] dunaejecta.prefab
[LOG 16:19:32.627] ikedunaejecta.fbx
[LOG 16:19:32.627] ike_duna_ejecta_mat.mat
[LOG 16:19:32.627] ike duna ejecta_d.tga
[LOG 16:19:32.627] ike duna ejecta_n.png
[LOG 16:19:32.627] kerbinbaobabtree.fbx
[LOG 16:19:32.627] kerbinquartz.fbx
[LOG 16:19:32.627] baobaptree.mat
[LOG 16:19:32.627] kerbin_baobab_tree_d.mat
[LOG 16:19:32.627] kerbin_boabob_tree_d.mat
[LOG 16:19:32.627] kerbin_giant_quartz_d.mat
[LOG 16:19:32.627] lambert1.mat
[LOG 16:19:32.627] lambert2.mat
[LOG 16:19:32.627] kerbinbaobabtree.prefab
[LOG 16:19:32.627] kerbinquartz.prefab
[LOG 16:19:32.627] kerbin_baobab_tree_alpha.png
[LOG 16:19:32.627] kerbin_baobab_tree_d.tga
[LOG 16:19:32.627] kerbin_baobab_tree_n.png
[LOG 16:19:32.627] kerbin_giant_quartz_d.tga
[LOG 16:19:32.628] kerbin_giant_quartz_e.tga
[LOG 16:19:32.628] kerbin_giant_quartz_n.tga
[LOG 16:19:32.628] kerbin_giant_quartz_s.tga
[LOG 16:19:32.628] laytheboulder.fbx
[LOG 16:19:32.628] laythegeyser.fbx
[LOG 16:19:32.628] laythestone.fbx
[LOG 16:19:32.628] lambert1.mat
[LOG 16:19:32.628] laythe_boulder_d.mat
[LOG 16:19:32.628] laythe_geyser_d.mat
[LOG 16:19:32.628] laythe_stone_d.mat
[LOG 16:19:32.628] laytheboulder.prefab
[LOG 16:19:32.628] laythegeyser.prefab
[LOG 16:19:32.628] laythestone.prefab
[LOG 16:19:32.628] laythe_boulder_d.tga
[LOG 16:19:32.628] laythe_boulder_n.png
[LOG 16:19:32.628] laythe_geyser_d.tga
[LOG 16:19:32.628] laythe_geyser_n.png
[LOG 16:19:32.628] laythe_stone_d.tga
[LOG 16:19:32.628] laythe_stone_n.png
[LOG 16:19:32.628] greensandstone.fbx
[LOG 16:19:32.628] lambert1.mat
[LOG 16:19:32.628] minmus_green_sandstone_d.mat
[LOG 16:19:32.628] minmus_olivine_formation_d.mat
[LOG 16:19:32.628] minmusolivineformation.fbx
[LOG 16:19:32.628] minmus_greensandstone.prefab
[LOG 16:19:32.628] minmus_olivineformation.prefab
[LOG 16:19:32.628] minmus_green_sandstone_d.tga
[LOG 16:19:32.628] minmus_green_sandstone_n.png
[LOG 16:19:32.628] minmus_olivine_formation_d.tga
[LOG 16:19:32.628] minmus_olivine_formation_n.png
[LOG 16:19:32.629] lambert1.mat
[LOG 16:19:32.629] moho wrinkleridge_d.mat
[LOG 16:19:32.629] moho_stone_d.mat
[LOG 16:19:32.629] mohostone.fbx
[LOG 16:19:32.629] mohowrinkleridge.fbx
[LOG 16:19:32.629] mohostone.prefab
[LOG 16:19:32.629] mohowrinkleridge.prefab
[LOG 16:19:32.629] moho wrinkleridge_d.tga
[LOG 16:19:32.629] moho wrinkleridge_e.png
[LOG 16:19:32.629] moho wrinkleridge_n.png
[LOG 16:19:32.629] moho_stone_d.tga
[LOG 16:19:32.629] moho_stone_n.png
[LOG 16:19:32.629] lambert1.mat
[LOG 16:19:32.629] mun_crater_d.mat
[LOG 16:19:32.629] mun_large_crater_d.mat
[LOG 16:19:32.629] mun_stone_d.mat
[LOG 16:19:32.629] muncrater.fbx
[LOG 16:19:32.629] munlargecrater.fbx
[LOG 16:19:32.629] munstone.fbx
[LOG 16:19:32.629] muncrater.prefab
[LOG 16:19:32.629] munlargecrater.prefab
[LOG 16:19:32.629] munstone.prefab
[LOG 16:19:32.629] mun_crater_d.tga
[LOG 16:19:32.629] mun_crater_n.png
[LOG 16:19:32.629] mun_large_crater_d.tga
[LOG 16:19:32.629] mun_large_crater_n.png
[LOG 16:19:32.629] mun_stone_d.tga
[LOG 16:19:32.629] mun_stone_n.png
[LOG 16:19:32.629] lambert1.mat
[LOG 16:19:32.629] pol_yellowstone_d.mat
[LOG 16:19:32.629] polyellowstone.fbx
[LOG 16:19:32.630] pol_yellowstones.prefab
[LOG 16:19:32.630] pol_yellowstone_d.png
[LOG 16:19:32.630] pol_yellowstone_n.png
[LOG 16:19:32.630] lambert1.mat
[LOG 16:19:32.630] tylo_checkerboard_d.mat
[LOG 16:19:32.630] tylo_dark boulder_d.mat
[LOG 16:19:32.630] tylo_light_d.mat
[LOG 16:19:32.630] tyloboulder.fbx
[LOG 16:19:32.630] tylocheckerboard.fbx
[LOG 16:19:32.630] tylolightstone.fbx
[LOG 16:19:32.630] tylo_ checkerboard_n.png
[LOG 16:19:32.630] tylo_checkerboard_d.png
[LOG 16:19:32.630] tylo_dark boulder_d.tga
[LOG 16:19:32.630] tylo_dark boulder_n.png
[LOG 16:19:32.630] tylo_light_d.tga
[LOG 16:19:32.630] tylo_light_n.png
[LOG 16:19:32.630] tylocheckerboard.prefab
[LOG 16:19:32.630] tylodarkboulder.prefab
[LOG 16:19:32.630] tylolightstone.prefab
[LOG 16:19:32.630] cryovolcano_d.mat
[LOG 16:19:32.630] lambert1.mat
[LOG 16:19:32.630] vallicechunk_d.mat
[LOG 16:19:32.630] vallstone_d.mat
[LOG 16:19:32.630] vall_cryovolcano.fbx
[LOG 16:19:32.630] vall_icechunk.fbx
[LOG 16:19:32.630] vall_stone.fbx
[LOG 16:19:32.630] cryovolcano_d.tga
[LOG 16:19:32.630] cryovolcano_e.png
[LOG 16:19:32.630] cryovolcano_n.jpg
[LOG 16:19:32.630] cryovolcano_s.jpg
[LOG 16:19:32.630] vallicechunk_d.jpg
[LOG 16:19:32.631] vallicechunk_e.jpg
[LOG 16:19:32.631] vallicechunk_n.jpg
[LOG 16:19:32.631] vallicechunk_s.jpg
[LOG 16:19:32.631] vallstone_d.jpg
[LOG 16:19:32.631] vallstone_e.jpg
[LOG 16:19:32.631] vallstone_n.jpg
[LOG 16:19:32.631] vallstone_s.jpg
[LOG 16:19:32.631] vallcryovolcano.prefab
[LOG 16:19:32.631] vallicechunk.prefab
[LOG 16:19:32.631] vallstone.prefab
[LOG 16:19:32.631] vfx_spark.mat
[LOG 16:19:32.631] vfx_welding_flare.mat
[LOG 16:19:32.631] cometdustmaterial.mat
[LOG 16:19:32.631] cometgeysermat.mat
[LOG 16:19:32.638] GetTypesOfModulesImplementingInterface2: Found 69 types with IPartModuleAdjuster interface in 7 assemblies.
[LOG 16:19:32.645] GetSubclassesOfParentClass: Found 0 types with ModuleActiveRadiator parent in 7 assemblies.
[LOG 16:19:32.652] GetSubclassesOfParentClass: Found 0 types with ModuleAlternator parent in 7 assemblies.
[LOG 16:19:32.658] GetSubclassesOfParentClass: Found 1 types with ModuleControlSurface parent in 7 assemblies.
[LOG 16:19:32.664] GetSubclassesOfParentClass: Found 0 types with ModuleDataTransmitter parent in 7 assemblies.
[LOG 16:19:32.670] GetSubclassesOfParentClass: Found 0 types with ModuleDeployableSolarPanel parent in 7 assemblies.
[LOG 16:19:32.676] GetSubclassesOfParentClass: Found 1 types with ModuleEngines parent in 7 assemblies.
[LOG 16:19:32.682] GetSubclassesOfParentClass: Found 0 types with ModuleGenerator parent in 7 assemblies.
[LOG 16:19:32.688] GetSubclassesOfParentClass: Found 0 types with ModuleGimbal parent in 7 assemblies.
[LOG 16:19:32.694] GetSubclassesOfParentClass: Found 2 types with ModuleLiftingSurface parent in 7 assemblies.
[LOG 16:19:32.700] GetSubclassesOfParentClass: Found 0 types with ModuleLight parent in 7 assemblies.
[LOG 16:19:32.706] GetSubclassesOfParentClass: Found 0 types with ModuleReactionWheel parent in 7 assemblies.
[LOG 16:19:32.712] GetSubclassesOfParentClass: Found 0 types with ModuleSAS parent in 7 assemblies.
[LOG 16:19:32.718] GetSubclassesOfParentClass: Found 0 types with ModuleWheelBrakes parent in 7 assemblies.
[LOG 16:19:32.725] GetSubclassesOfParentClass: Found 1 types with ModuleWheelMotor parent in 7 assemblies.
[LOG 16:19:32.725] GetSubclassesOfParentClass: Using cached results for ModuleActiveRadiator
[LOG 16:19:32.731] GetSubclassesOfParentClass: Found 0 types with ModuleAnchoredDecoupler parent in 7 assemblies.
[LOG 16:19:32.737] GetSubclassesOfParentClass: Found 0 types with ModuleCargoBay parent in 7 assemblies.
[LOG 16:19:32.737] GetSubclassesOfParentClass: Using cached results for ModuleControlSurface
[LOG 16:19:32.737] GetSubclassesOfParentClass: Using cached results for ModuleDataTransmitter
[LOG 16:19:32.743] GetSubclassesOfParentClass: Found 0 types with ModuleDecouple parent in 7 assemblies.
[LOG 16:19:32.749] GetSubclassesOfParentClass: Found 4 types with ModuleDeployablePart parent in 7 assemblies.
[LOG 16:19:32.755] GetSubclassesOfParentClass: Found 0 types with ModuleDockingNode parent in 7 assemblies.
[LOG 16:19:32.755] GetSubclassesOfParentClass: Using cached results for ModuleEngines
[LOG 16:19:32.761] GetSubclassesOfParentClass: Found 0 types with CModuleFuelLine parent in 7 assemblies.
[LOG 16:19:32.767] GetSubclassesOfParentClass: Found 0 types with ModuleGPS parent in 7 assemblies.
[LOG 16:19:32.773] GetSubclassesOfParentClass: Found 0 types with ModuleGrappleNode parent in 7 assemblies.
[LOG 16:19:32.774] GetSubclassesOfParentClass: Using cached results for ModuleGrappleNode
[LOG 16:19:32.780] GetSubclassesOfParentClass: Found 0 types with ModuleKerbNetAccess parent in 7 assemblies.
[LOG 16:19:32.780] GetSubclassesOfParentClass: Using cached results for ModuleLight
[LOG 16:19:32.780] GetSubclassesOfParentClass: Using cached results for ModuleLight
[LOG 16:19:32.786] GetSubclassesOfParentClass: Found 0 types with ModuleProbeControlPoint parent in 7 assemblies.
[LOG 16:19:32.792] GetSubclassesOfParentClass: Found 1 types with ModuleRCS parent in 7 assemblies.
[LOG 16:19:32.792] GetSubclassesOfParentClass: Using cached results for ModuleRCS
[LOG 16:19:32.792] GetSubclassesOfParentClass: Using cached results for ModuleReactionWheel
[LOG 16:19:32.792] GetSubclassesOfParentClass: Using cached results for ModuleReactionWheel
[LOG 16:19:32.798] GetSubclassesOfParentClass: Found 0 types with ModuleResourceIntake parent in 7 assemblies.
[LOG 16:19:32.804] GetSubclassesOfParentClass: Found 0 types with ModuleScienceExperiment parent in 7 assemblies.
[LOG 16:19:32.810] GetSubclassesOfParentClass: Found 0 types with ModuleToggleCrossfeed parent in 7 assemblies.
[LOG 16:19:32.816] GetSubclassesOfParentClass: Found 0 types with ModuleWheelDeployment parent in 7 assemblies.
[LOG 16:19:32.840] ExpansionsLoader: Expansions loaded in 8.611s
[LOG 16:19:32.840] Loading Systems: Elapsed time is 41.86742s
[LOG 16:19:36.109] [AddonLoader]: Instantiating addon 'KSPCFFastLoaderPSystemSetup' from assembly 'KSPCommunityFixes'
[LOG 16:19:36.426] [Agent]: Found 19 agent mentality types
[LOG 16:19:36.428] [AgentList]: 31 agents parsed and loaded.
[LOG 16:19:36.464] [UIMasterController]: HideUI
[LOG 16:19:36.547] [CelestialBody]: Kerbin's solar day length is 1d, 0h, 0m long. sidereal day length is 5h, 59m, 9s long
[LOG 16:19:42.313] [UIMasterController]: HideUI
[LOG 16:19:42.320] [HighLogic]: =========================== Scene Change : From LOADING to MAINMENU =====================
[LOG 16:19:42.867] [AddonLoader]: Instantiating addon 'ContractDefs' from assembly 'KSP'
[LOG 16:19:42.894] [AddonLoader]: Instantiating addon 'KSPCFFastLoaderReport' from assembly 'KSPCommunityFixes'
[LOG 16:19:42.921] [UIMasterController]: ShowUI
[LOG 16:19:43.182] [GameParameters]: Loaded custom parameter class CommNetParams.
[LOG 16:19:43.183] [GameParameters]: Loaded custom parameter class MissionParamsGeneral.
[LOG 16:19:43.183] [GameParameters]: Loaded custom parameter class MissionParamsFacilities.
[LOG 16:19:43.183] [GameParameters]: Loaded custom parameter class MissionParamsExtras.
[LOG 16:19:43.184] [GameParameters]: Loaded custom parameter class AdvancedParams.
[LOG 16:19:43.205] [ReflectionUtil]: Found 40 types with UpgradeModule attribute in 7 assemblies.
[LOG 16:19:43.223] [KSPCF:FastLoader] Intel(R) Core(TM) i7-4790K CPU @ 4.00GHz | 32687 MB | NVIDIA GeForce GTX 1060 6GB (6029 MB)
Total loading time to main menu : 55.957s
- Configs and assemblies loaded in 8.934s
- Configs reload done in 1.067s
- Configs translated in 0.017s
- 2337 assets loaded in 16.419s :
  - 86 audio assets (79.689 MiB) in 1.089s, 73.17 MiB/s
  - 1624 texture assets (1.293 GiB) in 11.800s, 112.247 MiB/s
  - 626 model assets (64.41 MiB) in 3.526s, 18.267 MiB/s
- Asset bundles loaded in 0.506s
- GameDatabase (configs, resources, traits, upgrades...) loaded in 0.064s
- Built-in parts copied in 0.024s
- Part and internal configs extracted in 0.002s
- 483 parts and 1927 modules compiled in 7.192s
  - 4.0 modules/part, 14.891 ms/part, 3.732 ms/module
  - PartIcon compilation : 1.131s
- 27 internal spaces and 56 props compiled in 0.242s
- 2 DLC (Making History, Breaking Ground) loaded in 8.661s
- Planetary system loaded in 7.452s
[LOG 16:19:43.223] Texture queries : 1709, slow path : 1 (0.06 %)
[LOG 16:19:43.229] [ModuleManager] Total loading Time = 47.274s
[LOG 16:19:43.266] [ScenarioTypes]: List Created 23 scenario types loaded from 7 loaded assemblies.
[WRN 16:19:43.275] File 'D:/KSP-Dev/KSP_x64_Data/../Missions/MissionScoreInfo.cfg' does not exist
[LOG 16:19:43.278] [ApplicationLauncher] Awake False
[LOG 16:19:43.279] [ApplicationLauncher] SpawnSimpleLayout: VerticalTopDown
[LOG 16:19:43.298] [UiApp] Awake: 
[LOG 16:19:43.298] [ApplicationLauncher] OnSceneLoadedGUIReady: scene MAINMENU ShouldBeVisible() True ShouldBeOnTop() True iIsPositionedAtTop True
[LOG 16:19:43.319] [UIApp] Adding  to Application Launcher
[LOG 16:19:43.323] [ApplicationLauncher] SetHidden: 
[LOG 16:19:43.328] [MessageSystem] OnAppInitialized
[LOG 16:19:43.329] [MessageSystem] Reposition 0.040324 15728
[LOG 16:21:29.091] [SceneLoadSpeedBoost] Save loaded from disk in 8ms
[LOG 16:21:29.099] [ExperienceSystem]: Found 0 trait types
[LOG 16:21:29.106] [ExperienceSystem]: Found 20 effect types
[LOG 16:21:30.148] [KSPUpgradePipeline]: claude (1.12.5) is up to date.
[LOG 16:21:30.157] [ScenarioTypes]: List Created 23 scenario types loaded from 7 loaded assemblies.
[LOG 16:21:30.174] Game State Saved to saves/claude/persistent
[LOG 16:21:30.182] [MessageSystem] Load Messages
[LOG 16:21:30.185] [UIMasterController]: HideUI
[LOG 16:21:30.186] [HighLogic]: =========================== Scene Change : From MAINMENU to SPACECENTER =====================
[LOG 16:21:30.995] [AddonLoader]: Instantiating addon 'CustomConfigsManager' from assembly 'ModuleManager'
[LOG 16:21:33.891] [UIMasterController]: ShowUI
[LOG 16:21:34.191] [SceneLoadSpeedBoost] Save loaded from disk in 9ms
[LOG 16:21:34.203] GetSubclassesOfParentClass: Found 7 types with AlarmTypeBase parent in 7 assemblies.
[LOG 16:21:34.212] Loading Depletion Nodes
[LOG 16:21:34.212] DepNodeCount:  0
[LOG 16:21:34.212] Loading Biome Nodes
[LOG 16:21:34.212] BiomeNodeCount:  0
[LOG 16:21:34.212] Loading Planet Nodes
[LOG 16:21:34.213] PlanetNodeCount:  0
[LOG 16:21:34.229] [ScenarioDestructibles]: Loading... 0 objects registered
[LOG 16:21:34.345] [UiApp] Awake: KSPedia
[LOG 16:21:34.345] [UiApp] Awake: Missions App
[LOG 16:21:34.345] [UiApp] Awake: AlarmClock
[LOG 16:21:34.346] [GenericAppFrame] Reposition 0 53273
[LOG 16:21:34.347] [ApplicationLauncher] OnSceneLoadedGUIReady: scene SPACECENTER ShouldBeVisible() True ShouldBeOnTop() False iIsPositionedAtTop True
[LOG 16:21:34.347] [ApplicationLauncher] SpawnSimpleLayout: HorizontalRightLeft
[LOG 16:21:34.349] [ApplicationLauncher] SetVisible: 
[LOG 16:21:34.407] [UIApp] OnDestroy: Contracts
[LOG 16:21:34.414] [MessageSystem] Reposition 0.02 53274
[LOG 16:21:34.414] [GenericAppFrame] Reposition 0.02 53274
[LOG 16:21:34.414] [GenericAppFrame] Reposition 0.02 53274
[LOG 16:21:34.568] [UIApp] Adding AlarmClock to Application Launcher
[LOG 16:21:34.569] [UIApp] Adding Missions App to Application Launcher
[LOG 16:21:34.607] [GenericAppFrame] Reposition 0.1255481 53280
[LOG 16:21:34.611] [MissionsApp] OnAppStarted(): id: -383380
[LOG 16:21:34.611] MissionsApp does not execute in this game mode, destroying this instance
[LOG 16:21:34.611] [UIApp] OnDestroy: Missions App
[LOG 16:21:34.623] [UIApp] Adding KSPedia to Application Launcher
[LOG 16:21:35.283] Flight State Captured
[LOG 16:21:35.287] Saving Achievements Tree...
[LOG 16:21:35.287] Saving Achievements Tree...
[LOG 16:21:35.291] [MessageSystem] Save Messages
[LOG 16:21:35.303] Game State Saved to saves/claude/persistent
[LOG 16:21:35.315] [UIMasterController]: HideUI
[LOG 16:21:35.323] [HighLogic]: =========================== Scene Change : From SPACECENTER to EDITOR =====================
[LOG 16:21:35.906] [UIApp] OnDestroy: AlarmClock
[LOG 16:21:35.908] [UIApp] OnDestroy: KSPedia
[LOG 16:21:35.913] [KSPCF:MemoryLeaks] Removed a onPlanetariumTargetChange callback owned by a destroyed Assembly-CSharp:CommNetVessel instance
[LOG 16:21:35.919] [KSPCF:MemoryLeaks] Removed a OnDestructibleLoaded callback owned by a destroyed Assembly-CSharp:RunwayCollisionHandler instance
[LOG 16:21:35.923] [KSPCF:MemoryLeaks] Leaving scene "SpaceCenter", cleaned 6 memory leaks in 0.014s. GameEvents callbacks : 344. Allocated memory : 1.07 GiB (managed heap), 2.177 GiB (unmanaged)
[LOG 16:21:35.933] UICanvasPrefabSpawner SceneLogic spawning Editor
[LOG 16:21:35.960] Aucun verrouillage commandes en cours
[LOG 16:21:36.094] [UIMasterController]: ShowUI
[LOG 16:21:36.613] [UIMasterController]: ShowUI
[LOG 16:21:37.542] [UIMasterController]: ShowUI
[LOG 16:21:37.555] ------------------- initializing editor mode... ------------------
[LOG 16:21:37.555] editor started
[LOG 16:21:37.555] [SceneLoadSpeedBoost] Save loaded from cache in 0ms
[LOG 16:21:37.557] GetSubclassesOfParentClass: Using cached results for AlarmTypeBase
[LOG 16:21:37.558] Loading Depletion Nodes
[LOG 16:21:37.558] DepNodeCount:  0
[LOG 16:21:37.558] Loading Biome Nodes
[LOG 16:21:37.558] BiomeNodeCount:  0
[LOG 16:21:37.558] Loading Planet Nodes
[LOG 16:21:37.558] PlanetNodeCount:  0
[LOG 16:21:37.559] [ScenarioDestructibles]: Loading... 0 objects registered
[WRN 16:21:37.852] HighlightingSystem : Framebuffer depth data is not available and can't be used to occlude highlighting. Highlighting occluders enabled.
[LOG 16:21:37.893] [UiApp] Awake: EngineersReport
[LOG 16:21:37.893] [UiApp] Awake: KSPedia
[LOG 16:21:37.893] [UiApp] Awake: Missions App
[LOG 16:21:37.893] [UiApp] Awake: DeltaVApp
[LOG 16:21:37.893] [UiApp] Awake: ActionGroupsApp
[LOG 16:21:37.893] [UiApp] Awake: AlarmClock
[LOG 16:21:37.893] [ApplicationLauncher] OnSceneLoadedGUIReady: scene EDITOR ShouldBeVisible() True ShouldBeOnTop() False iIsPositionedAtTop False
[LOG 16:21:37.902] [UIApp] OnDestroy: Contracts
[LOG 16:21:37.912] [MessageSystem] Reposition 0.02 53361
[LOG 16:21:37.912] [GenericAppFrame] Reposition 0.02 53361
[LOG 16:21:37.912] [GenericAppFrame] Reposition 0.02 53361
[LOG 16:21:38.008] [UIApp] Adding AlarmClock to Application Launcher
[LOG 16:21:38.009] [UIApp] Adding ActionGroupsApp to Application Launcher
[LOG 16:21:38.010] [ApplicationLauncher] SetHidden: 
[LOG 16:21:38.011] [UIApp] Adding Missions App to Application Launcher
[LOG 16:21:38.012] [UIApp] Adding EngineersReport to Application Launcher
[LOG 16:21:38.033] [GenericAppFrame] Reposition 0.1163325 53367
[LOG 16:21:38.036] [ActionGroupsApp] OnAppStarted(): id: -411546
[LOG 16:21:38.037] [GenericAppFrame] Reposition 0.1163325 53367
[LOG 16:21:38.037] [UIApp] Adding DeltaVApp to Application Launcher
[LOG 16:21:38.038] [MissionsApp] OnAppStarted(): id: -411534
[LOG 16:21:38.038] MissionsApp does not execute in this game mode, destroying this instance
[LOG 16:21:38.039] [UIApp] OnDestroy: Missions App
[LOG 16:21:38.040] [GenericAppFrame] Reposition 0.1163325 53367
[LOG 16:21:38.080] [GenericAppFrame] Reposition 0.1563325 53368
[LOG 16:21:38.095] [UIApp] Adding KSPedia to Application Launcher
[LOG 16:21:40.715] [Pre-Flight Check]: Checking for CraftWithinPartCountLimit: PASS!
[LOG 16:21:40.715] [Pre-Flight Check]: Checking for CraftWithinSizeLimits: PASS!
[LOG 16:21:40.716] [Pre-Flight Check]: Checking for CraftWithinMassLimits: PASS!
[LOG 16:21:40.716] [Pre-Flight Check]: Checking for ExperimentalPartsAvailable: PASS!
[LOG 16:21:40.716] [Pre-Flight Check]: Checking for CanAffordLaunchTest: PASS!
[LOG 16:21:40.716] [Pre-Flight Check]: Checking for FacilityOperational: PASS!
[LOG 16:21:40.716] [Pre-Flight Check]: Checking for NoControlSources: PASS!
[LOG 16:21:40.717] [Pre-Flight Check]: Checking for LaunchSiteClear: PASS!
[LOG 16:21:40.717] [Pre-Flight Check]: All Checks Complete. Go for Launch!
[LOG 16:21:40.729] Launching vessel from LaunchPad. Craft file: D:\KSP-Dev\saves\claude\Ships\VAB\/Vaisseau sauvegardé auto_.craft
[LOG 16:21:40.730] Saving Achievements Tree...
[LOG 16:21:40.730] Saving Achievements Tree...
[LOG 16:21:40.730] [MessageSystem] Save Messages
[LOG 16:21:40.740] Game State Saved to saves/claude/persistent
[LOG 16:21:40.749] [UIMasterController]: HideUI
[LOG 16:21:40.879] [HighLogic]: =========================== Scene Change : From EDITOR to FLIGHT =====================
[LOG 16:21:41.132] [UIApp] OnDestroy: KSPedia
[LOG 16:21:41.134] [UIApp] OnDestroy: DeltaVApp
[LOG 16:21:41.134] [UIApp] OnDestroy: EngineersReport
[LOG 16:21:41.134] [UIApp] OnDestroy: AlarmClock
[LOG 16:21:41.137] [UIApp] OnDestroy: ActionGroupsApp
[LOG 16:21:41.146] [KSPCF:MemoryLeaks] Removed a onPartActionUICreate callback owned by a destroyed Assembly-CSharp:ModuleInventoryPart instance
[LOG 16:21:41.146] [KSPCF:MemoryLeaks] Removed a onEditorPartEvent callback owned by a destroyed Assembly-CSharp:ModuleInventoryPart instance
[LOG 16:21:41.146] [KSPCF:MemoryLeaks] Removed a OnPartPurchased callback owned by a destroyed Assembly-CSharp:ModuleInventoryPart instance
[LOG 16:21:41.147] [KSPCF:MemoryLeaks] Removed a onModuleInventoryChanged callback owned by a destroyed Assembly-CSharp:ModuleInventoryPart instance
[LOG 16:21:41.147] [KSPCF:MemoryLeaks] A destroyed KSPCommunityFixes:EditorAnimatedPartsShipModified.ScalarModuleStopListener instance is owning a OnStop callback. No action has been taken, but unless this mod is relying on this pattern, this is likely a memory leak.
[LOG 16:21:41.147] [KSPCF:MemoryLeaks] Leaving scene "Editor", cleaned 8 memory leaks in 0.003s. GameEvents callbacks : 541. Allocated memory : 1.037 GiB (managed heap), 2.063 GiB (unmanaged)
[LOG 16:21:41.160] UICanvasPrefabSpawner FlightUI spawning Flight
[LOG 16:21:41.190] UICanvasPrefabSpawner FlightUI spawning VesselLabels
[LOG 16:21:41.190] [UiApp] Awake: ResourceDisplay
[LOG 16:21:41.275] [AddonLoader]: Instantiating addon 'AeroGUI' from assembly 'KSP'
[LOG 16:21:41.288] [AddonLoader]: Instantiating addon 'TerrainPrecisionFixDiag4Mod' from assembly 'TerrainPrecisionFixDiag4Mod'
[LOG 16:21:41.291] [TerrainPrecisionFixDiag4] shader Hidden/Internal-Colored, depth test settable: True
[LOG 16:21:41.292] [PlanetariumCamera]: Focus: Kerbin
[LOG 16:21:41.293] [UIMasterController]: HideUI
[LOG 16:21:41.609] [UIMasterController]: HideUI
[LOG 16:21:41.610] ------------------- initializing flight mode... ------------------
[LOG 16:21:41.610] [SceneLoadSpeedBoost] Save loaded from cache in 0ms
[LOG 16:21:41.613] [MessageSystem] Save Messages
[LOG 16:21:41.614] GetSubclassesOfParentClass: Using cached results for AlarmTypeBase
[LOG 16:21:41.615] Loading Depletion Nodes
[LOG 16:21:41.615] DepNodeCount:  0
[LOG 16:21:41.615] Loading Biome Nodes
[LOG 16:21:41.615] BiomeNodeCount:  0
[LOG 16:21:41.615] Loading Planet Nodes
[LOG 16:21:41.615] PlanetNodeCount:  0
[LOG 16:21:41.617] [ScenarioDestructibles]: Loading... 0 objects registered
[LOG 16:21:41.636] Loading ship from file: D:\KSP-Dev\saves\claude\Ships\VAB\/Vaisseau sauvegardé auto_.craft
[LOG 16:21:41.637] [UIMasterController]: HideUI
[LOG 16:21:41.646] Vaisseau sans nom loaded!
[LOG 16:21:43.938] putting ship to ground: 14.59467
[LOG 16:21:43.945] [Vaisseau sans nom]: Ready to Launch - waiting to start physics...
[LOG 16:21:43.952] Crewmember Valentina Kerman assigned to Capsule de commande Mk1, seat # 0 (crew seat index: 0)
[LOG 16:21:43.953] [FLIGHT GLOBALS]: Switching To Vessel Vaisseau sans nom ---------------------- 
[LOG 16:21:43.954] setting new dominant body: Kerbin
FlightGlobals.mainBody: Kerbin
[LOG 16:21:43.956] Reference Frame: Rotating
[LOG 16:21:43.974] Vessel assembly complete!
[LOG 16:21:46.821] all systems started
[LOG 16:21:46.980] [TerrainPrecisionFixDiag4] body Kerbin, radius 600000 m, highest subdivision level 10, 15 vertices by side
[LOG 16:21:46.987] [TerrainPrecisionFixDiag4] after an origin shift: 56 seam(s) between 44 quad(s) of level 10 and 20 coarser one(s); 448 shared vertices, gap mean 36.658 mm, max 102.331 mm; largest on Kerbin Zn1232222331 (South, level 10) against Kerbin Zn123222231 (North, level 9), where the finer quad is 77.436 mm below the coarser one and 66.898 mm beside it, 6.5 km from the active vessel
[LOG 16:21:47.075] [UiApp] Awake: CurrencyWidgetsApp
[LOG 16:21:47.075] [UiApp] Awake: ResourceDisplay
[LOG 16:21:47.075] [UiApp] Awake: KSPedia
[LOG 16:21:47.075] [UiApp] Awake: Missions App
[LOG 16:21:47.075] [UiApp] Awake: DeltaVApp
[LOG 16:21:47.075] [UiApp] Awake: ActionGroupsApp
[LOG 16:21:47.076] [UiApp] Awake: Construction
[LOG 16:21:47.076] [UiApp] Awake: Cargo
[LOG 16:21:47.076] [UiApp] Awake: AlarmClock
[LOG 16:21:47.076] [UiApp] Awake: ManeuverTool
[LOG 16:21:47.076] [ApplicationLauncher] OnSceneLoadedGUIReady: scene FLIGHT ShouldBeVisible() True ShouldBeOnTop() True iIsPositionedAtTop False
[LOG 16:21:47.076] [ApplicationLauncher] SpawnSimpleLayout: VerticalTopDown
[LOG 16:21:47.080] [KnowledgeBase] OnAppLauncherReady 53682
[LOG 16:21:47.094] [UIApp] OnDestroy: Contracts
[LOG 16:21:47.137] [FlightIntegrator]: Reloaded drag cube for zeroed cube root part mk1pod.v2 on vessel Vaisseau sans nom
[LOG 16:21:47.147] [FlightIntegrator]: Vessel Vaisseau sans nom has been unloaded 1.79769313486232E+308, applying analytic temperature 312.52149720451
[LOG 16:21:47.149] [MessageSystem] Reposition 0.02 53683
[LOG 16:21:47.149] [GenericAppFrame] Reposition 0.02 53683
[LOG 16:21:47.149] [GenericAppFrame] Reposition 0.02 53683
[LOG 16:21:47.232] [PlanetariumCamera]: Focus: Vaisseau sans nom
[LOG 16:21:47.254] [UIApp] Adding ResourceDisplay to Application Launcher
[LOG 16:21:47.256] [UIApp] Adding ResourceDisplay to Application Launcher
[LOG 16:21:47.267] [ResourceDisplay] OnAppStarted(): id: -454810
[LOG 16:21:47.268] [GenericAppFrame] Reposition 0.1279293 53687
[LOG 16:21:47.268] [ResourceDisplay] OnAppStarted(): id: 294750
[LOG 16:21:47.268] ResourceDisplay already exist, destroying this instance
[LOG 16:21:47.268] [UIApp] OnDestroy: ResourceDisplay
[LOG 16:21:47.284] [UIApp] Adding AlarmClock to Application Launcher
[LOG 16:21:47.285] [UIApp] Adding ActionGroupsApp to Application Launcher
[LOG 16:21:47.286] [UIApp] Adding Missions App to Application Launcher
[LOG 16:21:47.287] CURRENCY WIDGET False False False
[LOG 16:21:47.288] [UIApp] OnDestroy: CurrencyWidgetsApp
[LOG 16:21:47.308] [GenericAppFrame] Reposition 0.1578337 53689
[LOG 16:21:47.311] [ActionGroupsApp] OnAppStarted(): id: -454834
[LOG 16:21:47.312] [GenericAppFrame] Reposition 0.1578337 53689
[LOG 16:21:47.312] [UIApp] Adding DeltaVApp to Application Launcher
[LOG 16:21:47.313] [MissionsApp] OnAppStarted(): id: -454822
[LOG 16:21:47.313] MissionsApp does not execute in this game mode, destroying this instance
[LOG 16:21:47.313] [UIApp] OnDestroy: Missions App
[LOG 16:21:47.325] [GenericAppFrame] Reposition 0.1849733 53690
[LOG 16:21:47.336] [UIApp] Adding Cargo to Application Launcher
[LOG 16:21:47.337] [UIApp] Adding Construction to Application Launcher
[LOG 16:21:47.338] [UIApp] Adding KSPedia to Application Launcher
[WRN 16:21:47.345] HighlightingSystem : Framebuffer depth data is not available and can't be used to occlude highlighting. Highlighting occluders enabled.
[LOG 16:21:47.349] [UIApp] Adding ManeuverTool to Application Launcher
[LOG 16:21:47.351] [ApplicationLauncher] SetHidden: 
[LOG 16:21:47.367] [GenericAppFrame] Reposition 0.223767 53693
[LOG 16:21:47.375] [ManeuverTool]: Found 1 transfer types
[LOG 16:21:47.420] Flight State Captured
[LOG 16:21:47.420] Saving Achievements Tree...
[LOG 16:21:47.420] Saving Achievements Tree...
[LOG 16:21:47.421] [MessageSystem] Save Messages
[LOG 16:21:47.436] Game State Saved as persistent
[LOG 16:21:48.129] [Vaisseau sans nom]: ground contact! - error. Moving Vessel  down -0.136m
[LOG 16:21:48.129] Unpacking Vaisseau sans nom
[LOG 16:21:48.151] [UIMasterController]: ShowUI
[LOG 16:22:15.719] [TerrainPrecisionFixDiag4] display: largest gap only
[LOG 16:22:17.153] [AsteroidSpawner]: New object found near Kerbin: Ast. AJF-593!
[LOG 16:22:27.575] SCREENSHOT!!
[LOG 16:22:28.728] [TerrainPrecisionFixDiag4] display: nothing
[LOG 16:22:29.735] [TerrainPrecisionFixDiag4] display: seams and largest gap
[LOG 16:22:31.348] SCREENSHOT!!
[LOG 16:22:32.423] Game Paused!
[LOG 16:22:32.424] [UIMasterController]: ShowUI
[LOG 16:22:56.311] Game Unpaused!
[LOG 16:22:56.651] Game Paused!
[LOG 16:22:56.651] [UIMasterController]: ShowUI
[LOG 16:22:57.080] Flight State Captured
[LOG 16:22:57.080] Saving Achievements Tree...
[LOG 16:22:57.081] Saving Achievements Tree...
[LOG 16:22:57.081] [MessageSystem] Save Messages
[LOG 16:22:57.125] Game State Saved to saves/claude/persistent
[LOG 16:22:57.135] [UIMasterController]: HideUI
[LOG 16:22:57.152] [HighLogic]: =========================== Scene Change : From FLIGHT to MAINMENU =====================
[LOG 16:22:57.731] KbApp.OnDestroy Planet Resources
[LOG 16:22:57.734] KbApp.OnDestroy Unowned Info
[LOG 16:22:57.734] KbApp.OnDestroy Planet Info
[LOG 16:22:57.735] KbApp.OnDestroy Planet Parameters
[LOG 16:22:57.736] [UIApp] OnDestroy: AlarmClock
[LOG 16:22:57.736] KbApp.OnDestroy Vessel Info
[LOG 16:22:57.738] [UIApp] OnDestroy: Cargo
[LOG 16:22:57.739] [UIApp] OnDestroy: ManeuverTool
[LOG 16:22:57.739] [UIApp] OnDestroy: KSPedia
[LOG 16:22:57.739] KbApp.OnDestroy Vessel Crew
[LOG 16:22:57.739] [UIApp] OnDestroy: ResourceDisplay
[LOG 16:22:57.740] [UIApp] OnDestroy: DeltaVApp
[LOG 16:22:57.742] KbApp.OnDestroy NullName
[LOG 16:22:57.742] [UIApp] OnDestroy: Construction
[LOG 16:22:57.743] [UIApp] OnDestroy: ActionGroupsApp
[LOG 16:22:57.746] [KSPCF:MemoryLeaks] Removed a OnMapExited callback owned by a destroyed Assembly-CSharp:NavBallToggle instance
[LOG 16:22:57.746] [KSPCF:MemoryLeaks] Removed a OnGameSettingsApplied callback owned by a destroyed Assembly-CSharp:VesselAutopilotUI instance
[LOG 16:22:57.746] [KSPCF:MemoryLeaks] Removed a onPartActionUICreate callback owned by a destroyed Assembly-CSharp:ModuleInventoryPart instance
[LOG 16:22:57.747] [KSPCF:MemoryLeaks] Removed a onModuleInventoryChanged callback owned by a destroyed Assembly-CSharp:ModuleInventoryPart instance
[LOG 16:22:57.747] [KSPCF:MemoryLeaks] Removed a OnEVAConstructionMode callback owned by a destroyed Assembly-CSharp:ModuleCargoPart instance
[LOG 16:22:57.747] [KSPCF:MemoryLeaks] Removed a OnEVAConstructionMode callback owned by a destroyed Assembly-CSharp:ModuleCargoPart instance
[LOG 16:22:57.748] [KSPCF:MemoryLeaks] Removed a OnDestructibleLoaded callback owned by a destroyed Assembly-CSharp:RunwayCollisionHandler instance
[LOG 16:22:57.748] [KSPCF:MemoryLeaks] Removed a OnClick callback owned by a destroyed Assembly-CSharp:EVAConstructionModeEditor instance
[LOG 16:22:57.748] [KSPCF:MemoryLeaks] Removed a TimingManager.Instance.timing5.onLateUpdate callback owned by a destroyed Assembly-CSharp:MapView instance
[LOG 16:22:57.748] [KSPCF:MemoryLeaks] Leaving scene "Flight", cleaned 25 memory leaks in 0.004s. GameEvents callbacks : 364. Allocated memory : 1.058 GiB (managed heap), 2.261 GiB (unmanaged)
[LOG 16:22:57.894] [UIMasterController]: ShowUI
[LOG 16:22:58.304] [ScenarioTypes]: List Created 23 scenario types loaded from 7 loaded assemblies.
[WRN 16:22:58.311] File 'D:/KSP-Dev/KSP_x64_Data/../Missions/MissionScoreInfo.cfg' does not exist
[LOG 16:22:58.311] [ApplicationLauncher] OnSceneLoadedGUIReady: scene MAINMENU ShouldBeVisible() True ShouldBeOnTop() True iIsPositionedAtTop True
[LOG 16:22:58.312] [ApplicationLauncher] SetHidden: 
[LOG 16:22:58.315] [MessageSystem] Reposition 0.02 62522
[LOG 16:22:58.315] [GenericAppFrame] Reposition 0.02 62522
[LOG 16:22:58.316] [GenericAppFrame] Reposition 0.02 62522
