[LOG 09:32:36.867] ******* Log Initiated for Kerbal Space Program - 1.12.5.3190 (WindowsPlayer x64) fr-fr *******
Kerbal Space Program - 1.12.5.3190 (WindowsPlayer x64) fr-fr


OS: Windows 10  (10.0.0) 64bit
CPU: Intel(R) Core(TM) Ultra 7 155H (22)
RAM: 32265
GPU: Intel(R) Arc(TM) Pro Graphics (18391MB)
SM: 50 (Direct3D 11.0 [level 11.1])
RT Formats: ARGB32, Depth, ARGBHalf, Shadowmap, RGB565, ARGB4444, ARGB1555, Default, ARGB2101010, DefaultHDR, ARGB64, ARGBFloat, RGFloat, RGHalf, RFloat, RHalf, R8, ARGBInt, RGInt, RInt, BGRA32, RGB111110Float, RG32, RGBAUShort, RG16, BGRA10101010_XR, BGR101010_XR, R16


Log started: Sun, Oct 04, 2026 09:32:36


[LOG 09:32:36.882] ActionCanvas MASK: 3458764513820540928
[LOG 09:32:36.883] AppCanvas MASK: 3458764513820540928
[LOG 09:32:36.884] MainCanvas MASK: 3458764513820540928
[LOG 09:32:45.780] Load(Assembly): /ModuleManager.4.2.3
[LOG 09:32:45.780] AssemblyLoader: Loading assembly at C:\Users\lhervier\Perso\ksp-dev\GameData\ModuleManager.4.2.3.dll
[LOG 09:32:45.799] AssemblyLoader: KSPAssembly 'ModuleManager' V2.5.0
[LOG 09:32:45.800] Load(Assembly): 000_Harmony/0Harmony
[LOG 09:32:45.800] AssemblyLoader: Loading assembly at C:\Users\lhervier\Perso\ksp-dev\GameData\000_Harmony\0Harmony.dll
[LOG 09:32:45.804] Load(Assembly): 000_Harmony/HarmonyInstallChecker
[LOG 09:32:45.804] AssemblyLoader: Loading assembly at C:\Users\lhervier\Perso\ksp-dev\GameData\000_Harmony\HarmonyInstallChecker.dll
[LOG 09:32:45.805] AssemblyLoader: KSPAssembly 'HarmonyKSP' V1.0.0
[LOG 09:32:45.805] Load(Assembly): KSPCommunityFixes/Plugins/0_MultipleModuleInPartAPI
[LOG 09:32:45.805] AssemblyLoader: Loading assembly at C:\Users\lhervier\Perso\ksp-dev\GameData\KSPCommunityFixes\Plugins\0_MultipleModuleInPartAPI.dll
[LOG 09:32:45.806] AssemblyLoader: KSPAssembly 'MultipleModulePartAPI' V1.0.0
[LOG 09:32:45.806] Load(Assembly): KSPCommunityFixes/Plugins/KSPCommunityFixes
[LOG 09:32:45.806] AssemblyLoader: Loading assembly at C:\Users\lhervier\Perso\ksp-dev\GameData\KSPCommunityFixes\Plugins\KSPCommunityFixes.dll
[LOG 09:32:45.813] AssemblyLoader: KSPAssembly 'KSPCommunityFixes' V1.41.1
[LOG 09:32:45.814] AssemblyLoader: KSPAssemblyDependency 'HarmonyKSP' V1.0.0
[LOG 09:32:45.814] AssemblyLoader: KSPAssemblyDependency 'ModuleManager' V1.0.0
[LOG 09:32:45.814] AssemblyLoader: KSPAssemblyDependency 'MultipleModulePartAPI' V1.0.0
[LOG 09:32:45.814] Load(Assembly): KSPDiagQuadSeams/KSPDiagQuadSeams
[LOG 09:32:45.814] AssemblyLoader: Loading assembly at C:\Users\lhervier\Perso\ksp-dev\GameData\KSPDiagQuadSeams\KSPDiagQuadSeams.dll
[LOG 09:32:45.815] Load(Assembly): KSPMCPServer/KSPMCPServer
[LOG 09:32:45.815] AssemblyLoader: Loading assembly at C:\Users\lhervier\Perso\ksp-dev\GameData\KSPMCPServer\KSPMCPServer.dll
[LOG 09:32:45.816] Load(Assembly): Squad/Plugins/KSPSteamCtrlr
[LOG 09:32:45.816] AssemblyLoader: Loading assembly at C:\Users\lhervier\Perso\ksp-dev\GameData\Squad\Plugins\KSPSteamCtrlr.dll
[LOG 09:32:45.818] AssemblyLoader: Loading assemblies
[LOG 09:32:45.897] VesselModules: Found VesselModule of type AxisGroupsModule with order 999
[LOG 09:32:45.930] VesselModules: Found VesselModule of type CometVessel with order 999
[LOG 09:32:45.931] VesselModules: Found VesselModule of type SuspensionLoadBalancer with order 999
[LOG 09:32:45.932] VesselModules: Found VesselModule of type FlightIntegrator with order 0
[LOG 09:32:45.934] VesselModules: Found VesselModule of type CommNetVessel with order 999
[LOG 09:32:45.938] VesselModules: Found 5 VesselModule types
[LOG 09:32:45.944] 
************************************************************************

Environment Info
Win32NT 7FFFFFFFFFFFFFFF  Args: KSP_x64.exe 

Mod DLLs found:
Stock assembly: Assembly-CSharp v0.0.0.0
ModuleManager v4.2.3.0
0Harmony v2.2.1.0
HarmonyInstallChecker v2.2.1.0
0_MultipleModuleInPartAPI v1.0.0.0 / v1.0.0+7969fdc50bf4e350193abe5ba2e89533b12ca02f
KSPCommunityFixes v1.41.0.0 / v1.41.1+7969fdc50bf4e350193abe5ba2e89533b12ca02f / v1.41.1.0
KSPDiagQuadSeams v1.0.9772.27973
KSPMCPServer v0.0.0.0
Stock assembly: KSPSteamCtrlr v0.0.1.35

Folders and files in GameData:
000_Harmony
KSPCommunityFixes
KSPDiagQuadSeams
KSPMCPServer
Stock folder: Squad

Stock folder: SquadExpansion

ModuleManager.4.2.3.dll
ModuleManager.ConfigCache
ModuleManager.ConfigSHA
ModuleManager.Physics
ModuleManager.TechTree

************************************************************************

[LOG 09:32:45.956] [AddonLoader]: Instantiating addon 'ModuleManager' from assembly 'ModuleManager'
[LOG 09:32:45.965] [ModuleManager] Adding post patch to the loading screen 4
[LOG 09:32:45.967] [ModuleManager] Patching started on a new thread, all output will be directed to C:\Users\lhervier\Perso\ksp-dev\Logs\ModuleManager\ModuleManager.log
[LOG 09:32:45.970] [AddonLoader]: Instantiating addon 'HarmonyInstallChecker' from assembly 'HarmonyKSP'
[LOG 09:32:45.971] [AddonLoader]: Instantiating addon 'KSPCommunityFixes' from assembly 'KSPCommunityFixes'
[LOG 09:32:45.972] [AddonLoader]: Instantiating addon 'NoIVA' from assembly 'KSPCommunityFixes'
[LOG 09:32:45.973] [AddonLoader]: Instantiating addon 'ConfigNodePerf' from assembly 'KSPCommunityFixes'
[LOG 09:32:46.145] [AddonLoader]: Instantiating addon 'KSPCFFastLoader' from assembly 'KSPCommunityFixes'
[LOG 09:32:46.146] [KSPCF] Injecting FastLoader...
[LOG 09:32:46.168] [KSPCommunityFixes] Patch GameDatabasePerf applied.
[LOG 09:32:46.246] [AddonLoader]: Instantiating addon 'ReflectionTypeLoadExceptionHandler' from assembly 'KSPCommunityFixes'
[LOG 09:32:46.249] [AddonLoader]: Instantiating addon 'KSPMCPServerMod' from assembly 'KSPMCPServer'
[LOG 09:32:46.354] [KSP-MCPServer] Tool quadseams_read from KSPDiagQuadSeams (com.github.lhervier.ksp.diag.quadseams.McpTools.Read)
[LOG 09:32:46.355] [KSP-MCPServer] Tool quadseams_set_display from KSPDiagQuadSeams (com.github.lhervier.ksp.diag.quadseams.McpTools.SetDisplay)
[LOG 09:32:46.355] [KSP-MCPServer] Tool quadseams_move_window from KSPDiagQuadSeams (com.github.lhervier.ksp.diag.quadseams.McpTools.MoveWindow)
[LOG 09:32:46.388] [KSP-MCPServer] Listening on http://127.0.0.1:8770/mcp/ with 33 tools
[LOG 09:32:46.388] [AddonLoader]: Instantiating addon 'KSPSteamController' from assembly 'KSPSteamCtrlr'
[LOG 09:32:47.549] [KSPCF] Taking over stock loader. An exception will follow, this is intended.
[EXC 09:32:47.553] Exception: Terminating stock loader coroutine, this is intended and not an error
	KSPCommunityFixes.Performance.KSPCFFastLoader.GameDatabase_SetupMainLoaders_Prefix () (at <62bb7f5420994f409a34377c091e8538>:0)
	(wrapper dynamic-method) GameDatabase.GameDatabase.SetupMainLoaders_Patch1(GameDatabase)
	GameDatabase+<LoadObjects>d__90.MoveNext () (at <4b449f2841f84227adfaad3149c8fdba>:0)
	UnityEngine.SetupCoroutine.InvokeMoveNext (System.Collections.IEnumerator enumerator, System.IntPtr returnValueAddress) (at <12e76cd50cc64cf19e759e981cb725af>:0)
	UnityEngine.DebugLogHandler:LogException(Exception, Object)
	ModuleManager.UnityLogHandle.InterceptLogHandler:LogException(Exception, Object)
	UnityEngine.MonoBehaviour:StartCoroutine(IEnumerator)
	<CreateDatabase>d__71:MoveNext()
	UnityEngine.MonoBehaviour:StartCoroutine(IEnumerator)
	GameDatabase:StartLoad()
	<LoadSystems>d__11:MoveNext()
	UnityEngine.MonoBehaviour:StartCoroutine(IEnumerator)
	LoadingScreen:Start()
[LOG 09:32:47.702] Preloading Asset Bundle Definitions
[LOG 09:32:47.957] Load Audio: Squad/Alarms/Sounds/Chirps
[LOG 09:32:47.965] Load Audio: Squad/Alarms/Sounds/Classic
[LOG 09:32:47.966] Load Audio: Squad/Alarms/Sounds/ClockTower
[LOG 09:32:47.966] Load Audio: Squad/Alarms/Sounds/ComputerGlass1
[LOG 09:32:47.966] Load Audio: Squad/Alarms/Sounds/ComputerGlass2
[LOG 09:32:47.967] Load Audio: Squad/Alarms/Sounds/ComputerShort
[LOG 09:32:47.967] Load Audio: Squad/Alarms/Sounds/ComputerTriad
[LOG 09:32:47.967] Load Audio: Squad/Alarms/Sounds/DoorBell
[LOG 09:32:47.967] Load Audio: Squad/Alarms/Sounds/Glass
[LOG 09:32:47.967] Load Audio: Squad/Alarms/Sounds/Klaxon
[LOG 09:32:47.967] Load Audio: Squad/Alarms/Sounds/Mobile
[LOG 09:32:47.967] Load Audio: Squad/Alarms/Sounds/Morning
[LOG 09:32:47.967] Load Audio: Squad/Alarms/Sounds/OldClock
[LOG 09:32:47.968] Load Audio: Squad/Alarms/Sounds/OldHorn
[LOG 09:32:47.968] Load Audio: Squad/Alarms/Sounds/Ripple
[LOG 09:32:47.968] Load Audio: Squad/Sounds/editorLoop01
[LOG 09:32:47.968] Load Audio: Squad/Sounds/elev_loop
[LOG 09:32:47.968] Load Audio: Squad/Sounds/elev_start
[LOG 09:32:47.969] Load Audio: Squad/Sounds/elev_stop
[LOG 09:32:47.969] Load Audio: Squad/Sounds/fireworks_explosion_2
[LOG 09:32:47.969] Load Audio: Squad/Sounds/fireworks_explosion_3
[LOG 09:32:47.969] Load Audio: Squad/Sounds/fireworks_explosion_4
[LOG 09:32:47.969] Load Audio: Squad/Sounds/fireworks_launch_boom
[LOG 09:32:47.970] Load Audio: Squad/Sounds/fireworks_only_crackle_crackle_1
[LOG 09:32:47.970] Load Audio: Squad/Sounds/fireworks_only_crackle_dragon_1
[LOG 09:32:48.273] Load Audio: Squad/Sounds/fireworks_only_crackle_palm_1
[LOG 09:32:48.273] Load Audio: Squad/Sounds/fireworks_whistle
[LOG 09:32:48.273] Load Audio: Squad/Sounds/ksp1_banana_V2_01
[LOG 09:32:48.274] Load Audio: Squad/Sounds/ksp1_banana_V2_04
[LOG 09:32:48.278] Load Audio: Squad/Sounds/ksp1_banana_V2_05
[LOG 09:32:48.278] Load Audio: Squad/Sounds/ksp1_golf_swing_normal
[LOG 09:32:48.278] Load Audio: Squad/Sounds/ksp1_ground_anchor_v2_1
[LOG 09:32:48.278] Load Audio: Squad/Sounds/ksp1_strunts_disconnect_v3_pitched2
[LOG 09:32:48.278] Load Audio: Squad/Sounds/repairKit_repair1
[LOG 09:32:48.278] Load Audio: Squad/Sounds/repairKit_repair2
[LOG 09:32:48.278] Load Audio: Squad/Sounds/sound_ambience_nature
[LOG 09:32:48.279] Load Audio: Squad/Sounds/sound_click_flick
[LOG 09:32:48.279] Load Audio: Squad/Sounds/sound_click_latch
[LOG 09:32:48.279] Load Audio: Squad/Sounds/sound_click_sharp
[LOG 09:32:48.279] Load Audio: Squad/Sounds/sound_click_tick
[LOG 09:32:48.279] Load Audio: Squad/Sounds/sound_click_tock
[LOG 09:32:48.279] Load Audio: Squad/Sounds/sound_decoupler_fire
[LOG 09:32:48.280] Load Audio: Squad/Sounds/sound_delete_bin
[LOG 09:32:48.280] Load Audio: Squad/Sounds/sound_explosion_debris1
[LOG 09:32:48.280] Load Audio: Squad/Sounds/sound_explosion_debris2
[LOG 09:32:48.280] Load Audio: Squad/Sounds/sound_explosion_large
[LOG 09:32:48.281] Load Audio: Squad/Sounds/sound_rocket_mini
[LOG 09:32:48.281] Load Audio: Squad/Sounds/sound_rocket_spurts
[LOG 09:32:48.281] Load Audio: Squad/Sounds/sound_servomotor
[LOG 09:32:48.281] Load Audio: Squad/Sounds/sound_tab_extend
[LOG 09:32:48.329] Load Audio: Squad/Sounds/sound_tab_retreat
[LOG 09:32:48.329] Load Audio: SquadExpansion/Serenity/Sounds/robo_arm_large_end
[LOG 09:32:48.329] Load Audio: SquadExpansion/Serenity/Sounds/robo_arm_large_motor_00
[LOG 09:32:48.330] Load Audio: SquadExpansion/Serenity/Sounds/robo_arm_large_scan
[LOG 09:32:48.330] Load Audio: SquadExpansion/Serenity/Sounds/robo_arm_large_start
[LOG 09:32:48.330] Load Audio: SquadExpansion/Serenity/Sounds/robo_arm_medium_end
[LOG 09:32:48.330] Load Audio: SquadExpansion/Serenity/Sounds/robo_arm_medium_motor_00
[LOG 09:32:48.330] Load Audio: SquadExpansion/Serenity/Sounds/robo_arm_medium_scan
[LOG 09:32:48.330] Load Audio: SquadExpansion/Serenity/Sounds/robo_arm_medium_start
[LOG 09:32:48.330] Load Audio: SquadExpansion/Serenity/Sounds/robo_arm_small_end
[LOG 09:32:48.331] Load Audio: SquadExpansion/Serenity/Sounds/robo_arm_small_motor_00
[LOG 09:32:48.331] Load Audio: SquadExpansion/Serenity/Sounds/robo_arm_small_scan
[LOG 09:32:48.331] Load Audio: SquadExpansion/Serenity/Sounds/robo_arm_small_start
[LOG 09:32:48.331] Load Audio: SquadExpansion/Serenity/Sounds/sfx_cryoVolcano_burst
[LOG 09:32:48.331] Load Audio: SquadExpansion/Serenity/Sounds/sfx_cryoVolcano_idle
[LOG 09:32:48.331] Load Audio: SquadExpansion/Serenity/Sounds/sfx_deployable_booster_antena_end
[LOG 09:32:48.331] Load Audio: SquadExpansion/Serenity/Sounds/sfx_deployable_booster_antena_start
[LOG 09:32:48.332] Load Audio: SquadExpansion/Serenity/Sounds/sfx_deployable_central_station_end
[LOG 09:32:48.332] Load Audio: SquadExpansion/Serenity/Sounds/sfx_deployable_central_station_loop
[LOG 09:32:48.332] Load Audio: SquadExpansion/Serenity/Sounds/sfx_deployable_central_station_start
[LOG 09:32:48.332] Load Audio: SquadExpansion/Serenity/Sounds/sfx_deployable_detector_end
[LOG 09:32:48.332] Load Audio: SquadExpansion/Serenity/Sounds/sfx_deployable_detector_start
[LOG 09:32:48.332] Load Audio: SquadExpansion/Serenity/Sounds/sfx_deployable_GoObEd_end
[LOG 09:32:48.332] Load Audio: SquadExpansion/Serenity/Sounds/sfx_deployable_GoObEd_loop
[LOG 09:32:48.333] Load Audio: SquadExpansion/Serenity/Sounds/sfx_deployable_GoObEd_start
[LOG 09:32:48.365] Load Audio: SquadExpansion/Serenity/Sounds/sfx_deployable_rtg_end
[LOG 09:32:48.365] Load Audio: SquadExpansion/Serenity/Sounds/sfx_deployable_rtg_start
[LOG 09:32:48.366] Load Audio: SquadExpansion/Serenity/Sounds/sfx_deployable_seismometer_end
[LOG 09:32:48.366] Load Audio: SquadExpansion/Serenity/Sounds/sfx_deployable_seismometer_start
[LOG 09:32:48.366] Load Audio: SquadExpansion/Serenity/Sounds/sfx_deployable_solar_panel_end
[LOG 09:32:48.366] Load Audio: SquadExpansion/Serenity/Sounds/sfx_deployable_solar_panel_start
[LOG 09:32:48.366] Load Audio: SquadExpansion/Serenity/Sounds/sfx_deployable_weather_station_end
[LOG 09:32:48.366] Load Audio: SquadExpansion/Serenity/Sounds/sfx_deployable_weather_station_loop
[LOG 09:32:48.366] Load Audio: SquadExpansion/Serenity/Sounds/sfx_deployable_weather_station_start
[LOG 09:32:48.367] Load Audio: SquadExpansion/Serenity/Sounds/sfx_geyser_burst
[LOG 09:32:48.367] Load Audio: SquadExpansion/Serenity/Sounds/sfx_geyser_idle
[LOG 09:32:48.406] Load DDS texture: KSPCommunityFixes/MMPatches/StockTweaks/Icons/Clamp-O-Tron
[LOG 09:32:48.410] Load TRUECOLOR texture: KSPCommunityFixes/MMPatches/StockTweaks/Icons/Clamp-O-Tron_scaled
[LOG 09:32:48.416] Load DDS texture: KSPCommunityFixes/MMPatches/StockTweaks/Icons/FreeFallParachutes
[LOG 09:32:48.416] Load TRUECOLOR texture: KSPCommunityFixes/MMPatches/StockTweaks/Icons/FreeFallParachutes_scaled
[LOG 09:32:48.423] Load DDS texture: KSPCommunityFixes/MMPatches/StockTweaks/Icons/LightYearTireCompany
[LOG 09:32:48.423] Load TRUECOLOR texture: KSPCommunityFixes/MMPatches/StockTweaks/Icons/LightYearTireCompany_scaled
[LOG 09:32:48.430] Load DDS texture: KSPCommunityFixes/MMPatches/StockTweaks/Icons/StratusCorporation
[LOG 09:32:48.431] Load TRUECOLOR texture: KSPCommunityFixes/MMPatches/StockTweaks/Icons/StratusCorporation_scaled
[LOG 09:32:48.438] Load DDS texture: Squad/Agencies/C7AerospaceDivision
[LOG 09:32:48.439] Load TRUECOLOR texture: Squad/Agencies/C7AerospaceDivision_scaled
[LOG 09:32:48.446] Load DDS texture: Squad/Agencies/DinkelsteinKermansConstructionEmporium
[LOG 09:32:48.448] Load TRUECOLOR texture: Squad/Agencies/DinkelsteinKermansConstructionEmporium_scaled
[LOG 09:32:48.454] Load DDS texture: Squad/Agencies/ExperimentalEngineering
[LOG 09:32:48.455] Load TRUECOLOR texture: Squad/Agencies/ExperimentalEngineering_scaled
[LOG 09:32:48.460] Load DDS texture: Squad/Agencies/FlooydResearchLab
[LOG 09:32:48.461] Load TRUECOLOR texture: Squad/Agencies/FlooydResearchLab_scaled
[LOG 09:32:48.470] Load DDS texture: Squad/Agencies/GoliathNationalProducts
[LOG 09:32:48.472] Load TRUECOLOR texture: Squad/Agencies/GoliathNationalProducts_scaled
[LOG 09:32:48.477] Load DDS texture: Squad/Agencies/IntegratedIntegrals
[LOG 09:32:48.478] Load TRUECOLOR texture: Squad/Agencies/IntegratedIntegrals_scaled
[LOG 09:32:48.484] Load DDS texture: Squad/Agencies/IonicSymphonicProtonicElectronics
[LOG 09:32:48.485] Load TRUECOLOR texture: Squad/Agencies/IonicSymphonicProtonicElectronics_scaled
[LOG 09:32:48.492] Load DDS texture: Squad/Agencies/JebsJunkyard
[LOG 09:32:48.493] Load TRUECOLOR texture: Squad/Agencies/JebsJunkyard_scaled
[LOG 09:32:48.500] Load DDS texture: Squad/Agencies/KerbalMotion
[LOG 09:32:48.501] Load TRUECOLOR texture: Squad/Agencies/KerbalMotion_scaled
[LOG 09:32:48.507] Load DDS texture: Squad/Agencies/KerbinWorldFirstRecordKeepingSociety
[LOG 09:32:48.508] Load TRUECOLOR texture: Squad/Agencies/KerbinWorldFirstRecordKeepingSociety_scaled
[LOG 09:32:48.515] Load DDS texture: Squad/Agencies/Kerbodyne
[LOG 09:32:48.516] Load TRUECOLOR texture: Squad/Agencies/Kerbodyne_scaled
[LOG 09:32:48.521] Load DDS texture: Squad/Agencies/Kerlington
[LOG 09:32:48.522] Load TRUECOLOR texture: Squad/Agencies/Kerlington_scaled
[LOG 09:32:48.528] Load DDS texture: Squad/Agencies/MaxoConstructionToys
[LOG 09:32:48.529] Load TRUECOLOR texture: Squad/Agencies/MaxoConstructionToys_scaled
[LOG 09:32:48.537] Load DDS texture: Squad/Agencies/MovingPartsExpertsGroup
[LOG 09:32:48.538] Load TRUECOLOR texture: Squad/Agencies/MovingPartsExpertsGroup_scaled
[LOG 09:32:48.545] Load DDS texture: Squad/Agencies/OMBDemolition
[LOG 09:32:48.546] Load TRUECOLOR texture: Squad/Agencies/OMBDemolition_scaled
[LOG 09:32:48.553] Load DDS texture: Squad/Agencies/PeriapsisCo
[LOG 09:32:48.554] Load TRUECOLOR texture: Squad/Agencies/PeriapsisCo_scaled
[LOG 09:32:48.559] Load DDS texture: Squad/Agencies/Probodobodyne
[LOG 09:32:48.560] Load TRUECOLOR texture: Squad/Agencies/Probodobodyne_scaled
[LOG 09:32:48.568] Load DDS texture: Squad/Agencies/R&D
[LOG 09:32:48.569] Load TRUECOLOR texture: Squad/Agencies/R&D_scaled
[LOG 09:32:48.575] Load DDS texture: Squad/Agencies/ReactionSystemsLtd
[LOG 09:32:48.576] Load TRUECOLOR texture: Squad/Agencies/ReactionSystemsLtd_scaled
[LOG 09:32:48.583] Load DDS texture: Squad/Agencies/Rockomax
[LOG 09:32:48.584] Load TRUECOLOR texture: Squad/Agencies/Rockomax_scaled
[LOG 09:32:48.589] Load DDS texture: Squad/Agencies/Rokea
[LOG 09:32:48.589] Load TRUECOLOR texture: Squad/Agencies/Rokea_scaled
[LOG 09:32:48.594] Load DDS texture: Squad/Agencies/SeansCannery
[LOG 09:32:48.596] Load TRUECOLOR texture: Squad/Agencies/SeansCannery_scaled
[LOG 09:32:48.602] Load DDS texture: Squad/Agencies/SteadlerEngineeringCorps
[LOG 09:32:48.602] Load TRUECOLOR texture: Squad/Agencies/SteadlerEngineeringCorps_scaled
[LOG 09:32:48.608] Load DDS texture: Squad/Agencies/StrutCo
[LOG 09:32:48.608] Load TRUECOLOR texture: Squad/Agencies/StrutCo_scaled
[LOG 09:32:48.615] Load DDS texture: Squad/Agencies/Vac-Co
[LOG 09:32:48.616] Load TRUECOLOR texture: Squad/Agencies/Vac-Co_scaled
[LOG 09:32:48.621] Load DDS texture: Squad/Agencies/WinterOwl
[LOG 09:32:48.622] Load TRUECOLOR texture: Squad/Agencies/WinterOwl_scaled
[LOG 09:32:48.628] Load DDS texture: Squad/Agencies/ZaltonicElectronics
[LOG 09:32:48.628] Load TRUECOLOR texture: Squad/Agencies/ZaltonicElectronics_scaled
[LOG 09:32:48.634] Load Cached PNG Texture: Squad/Alarms/Icons/ap
[LOG 09:32:48.640] Load Cached PNG Texture: Squad/Alarms/Icons/default
[LOG 09:32:48.645] Load Cached PNG Texture: Squad/Alarms/Icons/maneuver
[LOG 09:32:48.651] Load Cached PNG Texture: Squad/Alarms/Icons/pe
[LOG 09:32:48.655] Load Cached PNG Texture: Squad/Alarms/Icons/raw
[LOG 09:32:48.661] Load Cached PNG Texture: Squad/Alarms/Icons/soi
[LOG 09:32:48.668] Load Cached PNG Texture: Squad/Alarms/Icons/xfer
[LOG 09:32:48.673] Load DDS texture: Squad/Contracts/Icons/balloon
[LOG 09:32:48.678] Load DDS texture: Squad/Contracts/Icons/custom
[LOG 09:32:48.683] Load DDS texture: Squad/Contracts/Icons/default
[LOG 09:32:48.689] Load DDS texture: Squad/Contracts/Icons/dish
[LOG 09:32:48.695] Load DDS texture: Squad/Contracts/Icons/eva
[LOG 09:32:48.700] Load DDS texture: Squad/Contracts/Icons/gravity
[LOG 09:32:48.706] Load Cached PNG Texture: Squad/Contracts/Icons/ksc
[LOG 09:32:48.711] Load DDS texture: Squad/Contracts/Icons/launchsite
[LOG 09:32:48.716] Load DDS texture: Squad/Contracts/Icons/marker
[LOG 09:32:48.722] Load DDS texture: Squad/Contracts/Icons/pressure
[LOG 09:32:48.727] Load DDS texture: Squad/Contracts/Icons/report
[LOG 09:32:48.732] Load DDS texture: Squad/Contracts/Icons/runway
[LOG 09:32:48.738] Load DDS texture: Squad/Contracts/Icons/sample
[LOG 09:32:48.744] Load DDS texture: Squad/Contracts/Icons/seismic
[LOG 09:32:48.749] Load DDS texture: Squad/Contracts/Icons/thermometer
[LOG 09:32:48.756] Load DDS texture: Squad/Contracts/Icons/vessel
[LOG 09:32:48.761] Load Cached PNG Texture: Squad/Flags/09
[LOG 09:32:48.768] Load Cached PNG Texture: Squad/Flags/blorbs
[LOG 09:32:48.775] Load Cached PNG Texture: Squad/Flags/bullseye
[LOG 09:32:48.781] Load Cached PNG Texture: Squad/Flags/capsule
[LOG 09:32:48.787] Load Cached PNG Texture: Squad/Flags/circles
[LOG 09:32:48.792] Load Cached PNG Texture: Squad/Flags/default
[LOG 09:32:48.797] Load Cached PNG Texture: Squad/Flags/hexagon
[LOG 09:32:48.805] Load Cached PNG Texture: Squad/Flags/hexagonCircles
[LOG 09:32:48.810] Load Cached PNG Texture: Squad/Flags/kerbal1
[LOG 09:32:48.816] Load Cached PNG Texture: Squad/Flags/kerbal2
[LOG 09:32:48.822] Load Cached PNG Texture: Squad/Flags/kerbin
[LOG 09:32:48.828] Load Cached PNG Texture: Squad/Flags/kerbinmunflag
[LOG 09:32:48.834] Load Cached PNG Texture: Squad/Flags/line
[LOG 09:32:48.840] Load Cached PNG Texture: Squad/Flags/minimalistic
[LOG 09:32:48.846] Load Cached PNG Texture: Squad/Flags/orbit
[LOG 09:32:48.852] Load Cached PNG Texture: Squad/Flags/orbs
[LOG 09:32:48.857] Load Cached PNG Texture: Squad/Flags/retro
[LOG 09:32:48.863] Load Cached PNG Texture: Squad/Flags/rings
[LOG 09:32:48.869] Load Cached PNG Texture: Squad/Flags/rocketScience
[LOG 09:32:48.875] Load Cached PNG Texture: Squad/Flags/satellite
[LOG 09:32:48.882] Load Cached PNG Texture: Squad/Flags/Sentinel_Flag
[LOG 09:32:48.887] Load Cached PNG Texture: Squad/Flags/spheres
[LOG 09:32:48.893] Load Cached PNG Texture: Squad/Flags/squadLogo
[LOG 09:32:48.899] Load Cached PNG Texture: Squad/Flags/squadLogo2
[LOG 09:32:48.905] Load Cached PNG Texture: Squad/Flags/stripes
[LOG 09:32:48.911] Load Cached PNG Texture: Squad/Flags/trees
[LOG 09:32:48.918] Load Cached PNG Texture: Squad/Flags/trippy
[LOG 09:32:48.923] Load Cached PNG Texture: Squad/FlagsAgency/esa_dark_blue
[LOG 09:32:48.928] Load Cached PNG Texture: Squad/FlagsAgency/NASA
[LOG 09:32:48.934] Load Cached PNG Texture: Squad/FlagsAgency/uk_space_agency
[LOG 09:32:48.943] Load Cached PNG Texture: Squad/FlagsOrganization/B612_Foundation_flag
[LOG 09:32:48.949] Load Cached PNG Texture: Squad/FlagsOrganization/electron
[LOG 09:32:48.955] Load Cached PNG Texture: Squad/FlagsOrganization/ESA_Arianespace
[LOG 09:32:48.962] Load Cached PNG Texture: Squad/FlagsOrganization/rocketlab
[LOG 09:32:48.967] Load DDS texture: Squad/FX/DiamondBlue
[LOG 09:32:48.973] Load DDS texture: Squad/FX/FlameBlueOrange
[LOG 09:32:48.979] Load DDS texture: Squad/FX/FlamePurple
[LOG 09:32:48.985] Load DDS texture: Squad/FX/FlameRed
[LOG 09:32:48.991] Load DDS texture: Squad/FX/FlameRedOrange
[LOG 09:32:48.997] Load DDS texture: Squad/FX/Monoprop
[LOG 09:32:49.001] Load DDS texture: Squad/FX/plasma2
[LOG 09:32:49.007] Load DDS texture: Squad/FX/rocketplume2
[LOG 09:32:49.013] Load DDS texture: Squad/FX/shockDiamond2
[LOG 09:32:49.018] Load DDS texture: Squad/FX/smokepuff1
[LOG 09:32:49.026] Load DDS texture: Squad/Interiors/Administration/AdminBuilding_Lvl1
[LOG 09:32:49.034] Load DDS texture: Squad/Interiors/Administration/AdminBuilding_Lvl2
[LOG 09:32:49.042] Load DDS texture: Squad/Interiors/Administration/AdminBuilding_Lvl3
[LOG 09:32:49.055] Load DDS texture: Squad/MenuProps/MunOrBust
[LOG 09:32:49.061] Load Cached PNG Texture: Squad/Missions/Banners/Fail/default
[LOG 09:32:49.062] Load PNG texture: Squad/Missions/Banners/Menu/default
[WRN 09:32:49.067] Texture isn't eligible for DXT compression, width and height must be multiples of 4
[LOG 09:32:49.069] Load Cached PNG Texture: Squad/Missions/Banners/Success/default
[LOG 09:32:49.070] Load PNG texture: Squad/Missions/ESA-BepiColombo/Banners/Fail/ESA_MB_Fail_01
[WRN 09:32:49.074] Texture isn't eligible for DXT compression, width and height must be multiples of 4
[LOG 09:32:49.074] Load PNG texture: Squad/Missions/ESA-BepiColombo/Banners/Menu/ESA_MB_Select_01
[WRN 09:32:49.077] Texture isn't eligible for DXT compression, width and height must be multiples of 4
[LOG 09:32:49.077] Load PNG texture: Squad/Missions/ESA-BepiColombo/Banners/Success/ESA_MB_Success_01
[WRN 09:32:49.080] Texture isn't eligible for DXT compression, width and height must be multiples of 4
[LOG 09:32:49.080] Load PNG texture: Squad/Missions/ESA-BepiColombo-Short/Banners/Fail/ESA_MB_Fail_01
[WRN 09:32:49.084] Texture isn't eligible for DXT compression, width and height must be multiples of 4
[LOG 09:32:49.084] Load PNG texture: Squad/Missions/ESA-BepiColombo-Short/Banners/Menu/ESA_MB_Select_01
[WRN 09:32:49.087] Texture isn't eligible for DXT compression, width and height must be multiples of 4
[LOG 09:32:49.087] Load PNG texture: Squad/Missions/ESA-BepiColombo-Short/Banners/Success/ESA_MB_Success_01
[WRN 09:32:49.091] Texture isn't eligible for DXT compression, width and height must be multiples of 4
[LOG 09:32:49.092] Load PNG texture: Squad/Missions/ESA-Rosetta/Banners/Fail/ESA_MB_Fail_02
[WRN 09:32:49.096] Texture isn't eligible for DXT compression, width and height must be multiples of 4
[LOG 09:32:49.096] Load PNG texture: Squad/Missions/ESA-Rosetta/Banners/Menu/ESA_MB_Select_02
[WRN 09:32:49.098] Texture isn't eligible for DXT compression, width and height must be multiples of 4
[LOG 09:32:49.098] Load PNG texture: Squad/Missions/ESA-Rosetta/Banners/Success/ESA_MB_Success_02
[WRN 09:32:49.102] Texture isn't eligible for DXT compression, width and height must be multiples of 4
[LOG 09:32:49.102] Load Cached PNG Texture: Squad/PartList/SimpleIcons/ablator
[LOG 09:32:49.102] Load Cached PNG Texture: Squad/PartList/SimpleIcons/active_radiator
[LOG 09:32:49.102] Load Cached PNG Texture: Squad/PartList/SimpleIcons/asteroid_drill
[LOG 09:32:49.102] Load Cached PNG Texture: Squad/PartList/SimpleIcons/cargo_part
[LOG 09:32:49.108] Load Cached PNG Texture: Squad/PartList/SimpleIcons/comet_drill
[LOG 09:32:49.113] Load Cached PNG Texture: Squad/PartList/SimpleIcons/core_heat
[LOG 09:32:49.119] Load Cached PNG Texture: Squad/PartList/SimpleIcons/cs_main
[LOG 09:32:49.125] Load Cached PNG Texture: Squad/PartList/SimpleIcons/cs_mk2
[LOG 09:32:49.131] Load Cached PNG Texture: Squad/PartList/SimpleIcons/cs_mk3
[LOG 09:32:49.136] Load Cached PNG Texture: Squad/PartList/SimpleIcons/cs_size0
[LOG 09:32:49.143] Load Cached PNG Texture: Squad/PartList/SimpleIcons/cs_size1
[LOG 09:32:49.148] Load Cached PNG Texture: Squad/PartList/SimpleIcons/cs_size1p5
[LOG 09:32:49.154] Load Cached PNG Texture: Squad/PartList/SimpleIcons/cs_size2
[LOG 09:32:49.159] Load Cached PNG Texture: Squad/PartList/SimpleIcons/cs_size3
[LOG 09:32:49.166] Load Cached PNG Texture: Squad/PartList/SimpleIcons/cs_size4
[LOG 09:32:49.171] Load Cached PNG Texture: Squad/PartList/SimpleIcons/cs_surface
[LOG 09:32:49.178] Load Cached PNG Texture: Squad/PartList/SimpleIcons/custom_built_fairing
[LOG 09:32:49.183] Load Cached PNG Texture: Squad/PartList/SimpleIcons/deployable_antenna
[LOG 09:32:49.188] Load Cached PNG Texture: Squad/PartList/SimpleIcons/deployable_comms_part
[LOG 09:32:49.194] Load Cached PNG Texture: Squad/PartList/SimpleIcons/deployable_ground_part
[LOG 09:32:49.200] Load Cached PNG Texture: Squad/PartList/SimpleIcons/deployable_part
[LOG 09:32:49.206] Load Cached PNG Texture: Squad/PartList/SimpleIcons/deployable_radiator
[LOG 09:32:49.211] Load Cached PNG Texture: Squad/PartList/SimpleIcons/deployed_science_control_unit
[LOG 09:32:49.216] Load Cached PNG Texture: Squad/PartList/SimpleIcons/deployed_science_experiment
[LOG 09:32:49.221] Load Cached PNG Texture: Squad/PartList/SimpleIcons/deployed_science_part
[LOG 09:32:49.226] Load Cached PNG Texture: Squad/PartList/SimpleIcons/enviro_sensor
[LOG 09:32:49.232] Load Cached PNG Texture: Squad/PartList/SimpleIcons/experience_management
[LOG 09:32:49.237] Load Cached PNG Texture: Squad/PartList/SimpleIcons/fuels_monopropellant
[LOG 09:32:49.242] Load Cached PNG Texture: Squad/PartList/SimpleIcons/fuels_ore
[LOG 09:32:49.253] Load Cached PNG Texture: Squad/PartList/SimpleIcons/fuels_oxidizer
[LOG 09:32:49.263] Load Cached PNG Texture: Squad/PartList/SimpleIcons/fuels_solidfuel
[LOG 09:32:49.269] Load Cached PNG Texture: Squad/PartList/SimpleIcons/fuels_xenongas
[LOG 09:32:49.275] Load Cached PNG Texture: Squad/PartList/SimpleIcons/inventory_part
[LOG 09:32:49.282] Load Cached PNG Texture: Squad/PartList/SimpleIcons/kerbnet_access
[LOG 09:32:49.292] Load Cached PNG Texture: Squad/PartList/SimpleIcons/number1
[LOG 09:32:49.298] Load Cached PNG Texture: Squad/PartList/SimpleIcons/number2
[LOG 09:32:49.304] Load Cached PNG Texture: Squad/PartList/SimpleIcons/number3
[LOG 09:32:49.312] Load Cached PNG Texture: Squad/PartList/SimpleIcons/number4
[LOG 09:32:49.318] Load Cached PNG Texture: Squad/PartList/SimpleIcons/number5
[LOG 09:32:49.328] Load Cached PNG Texture: Squad/PartList/SimpleIcons/number6
[LOG 09:32:49.335] Load Cached PNG Texture: Squad/PartList/SimpleIcons/number7
[LOG 09:32:49.342] Load Cached PNG Texture: Squad/PartList/SimpleIcons/number8
[LOG 09:32:49.349] Load Cached PNG Texture: Squad/PartList/SimpleIcons/number9
[LOG 09:32:49.355] Load Cached PNG Texture: Squad/PartList/SimpleIcons/probe_control_unit
[LOG 09:32:49.362] Load Cached PNG Texture: Squad/PartList/SimpleIcons/R&D_node_icon_advaerodynamics
[LOG 09:32:49.368] Load Cached PNG Texture: Squad/PartList/SimpleIcons/R&D_node_icon_advancedmotors
[LOG 09:32:49.374] Load Cached PNG Texture: Squad/PartList/SimpleIcons/R&D_node_icon_advconstruction
[LOG 09:32:49.383] Load Cached PNG Texture: Squad/PartList/SimpleIcons/R&D_node_icon_advelectrics
[LOG 09:32:49.391] Load Cached PNG Texture: Squad/PartList/SimpleIcons/R&D_node_icon_advexploration
[LOG 09:32:49.396] Load Cached PNG Texture: Squad/PartList/SimpleIcons/R&D_node_icon_advflightcontrol
[LOG 09:32:49.403] Load Cached PNG Texture: Squad/PartList/SimpleIcons/R&D_node_icon_advlanding
[LOG 09:32:49.408] Load Cached PNG Texture: Squad/PartList/SimpleIcons/R&D_node_icon_advmetalworks
[LOG 09:32:49.415] Load Cached PNG Texture: Squad/PartList/SimpleIcons/R&D_node_icon_advrocketry
[LOG 09:32:49.420] Load Cached PNG Texture: Squad/PartList/SimpleIcons/R&D_node_icon_advsciencetech
[LOG 09:32:49.426] Load Cached PNG Texture: Squad/PartList/SimpleIcons/R&D_node_icon_advunmanned
[LOG 09:32:49.434] Load Cached PNG Texture: Squad/PartList/SimpleIcons/R&D_node_icon_aerodynamicsystems
[LOG 09:32:49.439] Load Cached PNG Texture: Squad/PartList/SimpleIcons/R&D_node_icon_aerospacetech
[LOG 09:32:49.444] Load Cached PNG Texture: Squad/PartList/SimpleIcons/R&D_node_icon_automation
[LOG 09:32:49.450] Load Cached PNG Texture: Squad/PartList/SimpleIcons/R&D_node_icon_basicprobes
[LOG 09:32:49.455] Load Cached PNG Texture: Squad/PartList/SimpleIcons/R&D_node_icon_basicrocketry
[LOG 09:32:49.462] Load Cached PNG Texture: Squad/PartList/SimpleIcons/R&D_node_icon_composites
[LOG 09:32:49.467] Load Cached PNG Texture: Squad/PartList/SimpleIcons/R&D_node_icon_electrics
[LOG 09:32:49.472] Load Cached PNG Texture: Squad/PartList/SimpleIcons/R&D_node_icon_electronics
[LOG 09:32:49.479] Load Cached PNG Texture: Squad/PartList/SimpleIcons/R&D_node_icon_evatech
[LOG 09:32:49.484] Load Cached PNG Texture: Squad/PartList/SimpleIcons/R&D_node_icon_experimentalaerodynamics
[LOG 09:32:49.491] Load Cached PNG Texture: Squad/PartList/SimpleIcons/R&D_node_icon_experimentalelectrics
[LOG 09:32:49.497] Load Cached PNG Texture: Squad/PartList/SimpleIcons/R&D_node_icon_experimentalmotors
[LOG 09:32:49.504] Load Cached PNG Texture: Squad/PartList/SimpleIcons/R&D_node_icon_experimentalrocketry
[LOG 09:32:49.511] Load Cached PNG Texture: Squad/PartList/SimpleIcons/R&D_node_icon_experimentalscience
[LOG 09:32:49.518] Load Cached PNG Texture: Squad/PartList/SimpleIcons/R&D_node_icon_fieldscience
[LOG 09:32:49.528] Load Cached PNG Texture: Squad/PartList/SimpleIcons/R&D_node_icon_flightcontrol
[LOG 09:32:49.535] Load Cached PNG Texture: Squad/PartList/SimpleIcons/R&D_node_icon_fuelsystems
[LOG 09:32:49.543] Load Cached PNG Texture: Squad/PartList/SimpleIcons/R&D_node_icon_generalconstruction
[LOG 09:32:49.550] Load Cached PNG Texture: Squad/PartList/SimpleIcons/R&D_node_icon_generalrocketry
[LOG 09:32:49.556] Load Cached PNG Texture: Squad/PartList/SimpleIcons/R&D_node_icon_generic
[LOG 09:32:49.565] Load Cached PNG Texture: Squad/PartList/SimpleIcons/R&D_node_icon_heavierrocketry
[LOG 09:32:49.571] Load Cached PNG Texture: Squad/PartList/SimpleIcons/R&D_node_icon_heavyaerodynamics
[LOG 09:32:49.579] Load Cached PNG Texture: Squad/PartList/SimpleIcons/R&D_node_icon_heavyrocketry
[LOG 09:32:49.587] Load Cached PNG Texture: Squad/PartList/SimpleIcons/R&D_node_icon_highaltitudeflight
[LOG 09:32:49.594] Load Cached PNG Texture: Squad/PartList/SimpleIcons/R&D_node_icon_highaltitudepropulsion
[LOG 09:32:49.601] Load Cached PNG Texture: Squad/PartList/SimpleIcons/R&D_node_icon_hypersonicflight
[LOG 09:32:49.607] Load Cached PNG Texture: Squad/PartList/SimpleIcons/R&D_node_icon_ionpropulsion
[LOG 09:32:49.614] Load Cached PNG Texture: Squad/PartList/SimpleIcons/R&D_node_icon_landing
[LOG 09:32:49.621] Load Cached PNG Texture: Squad/PartList/SimpleIcons/R&D_node_icon_largecontrol
[LOG 09:32:49.626] Load Cached PNG Texture: Squad/PartList/SimpleIcons/R&D_node_icon_largeelectrics
[LOG 09:32:49.633] Load Cached PNG Texture: Squad/PartList/SimpleIcons/R&D_node_icon_largeprobes
[LOG 09:32:49.639] Load Cached PNG Texture: Squad/PartList/SimpleIcons/R&D_node_icon_metamaterials
[LOG 09:32:49.645] Load Cached PNG Texture: Squad/PartList/SimpleIcons/R&D_node_icon_nanolathing
[LOG 09:32:49.651] Load Cached PNG Texture: Squad/PartList/SimpleIcons/R&D_node_icon_nuclearpropulsion
[LOG 09:32:49.656] Load Cached PNG Texture: Squad/PartList/SimpleIcons/R&D_node_icon_precisionengineering
[LOG 09:32:49.661] Load Cached PNG Texture: Squad/PartList/SimpleIcons/R&D_node_icon_robotics
[LOG 09:32:49.667] Load Cached PNG Texture: Squad/PartList/SimpleIcons/R&D_node_icon_sciencetech
[LOG 09:32:49.672] Load Cached PNG Texture: Squad/PartList/SimpleIcons/R&D_node_icon_specializedconstruction
[LOG 09:32:49.678] Load Cached PNG Texture: Squad/PartList/SimpleIcons/R&D_node_icon_specializedcontrol
[LOG 09:32:49.684] Load Cached PNG Texture: Squad/PartList/SimpleIcons/R&D_node_icon_specializedelectrics
[LOG 09:32:49.689] Load Cached PNG Texture: Squad/PartList/SimpleIcons/R&D_node_icon_stability
[LOG 09:32:49.694] Load Cached PNG Texture: Squad/PartList/SimpleIcons/R&D_node_icon_start
[LOG 09:32:49.700] Load Cached PNG Texture: Squad/PartList/SimpleIcons/R&D_node_icon_supersonicflight
[LOG 09:32:49.705] Load Cached PNG Texture: Squad/PartList/SimpleIcons/R&D_node_icon_survivability
[LOG 09:32:49.710] Load Cached PNG Texture: Squad/PartList/SimpleIcons/R&D_node_icon_unmannedtech
[LOG 09:32:49.716] Load Cached PNG Texture: Squad/PartList/SimpleIcons/R&D_node_icon_veryheavyrocketry
[LOG 09:32:49.721] Load Cached PNG Texture: Squad/PartList/SimpleIcons/rcsfx
[LOG 09:32:49.728] Load Cached PNG Texture: Squad/PartList/SimpleIcons/RDicon_aerospaceTech2
[LOG 09:32:49.733] Load Cached PNG Texture: Squad/PartList/SimpleIcons/RDicon_commandmodules
[LOG 09:32:49.739] Load Cached PNG Texture: Squad/PartList/SimpleIcons/RDicon_fuelSystems-advanced
[LOG 09:32:49.745] Load Cached PNG Texture: Squad/PartList/SimpleIcons/RDicon_fuelSystems-highPerformance
[LOG 09:32:49.749] Load Cached PNG Texture: Squad/PartList/SimpleIcons/RDicon_largeVolumeContainment
[LOG 09:32:49.756] Load Cached PNG Texture: Squad/PartList/SimpleIcons/RDicon_miniaturization
[LOG 09:32:49.762] Load Cached PNG Texture: Squad/PartList/SimpleIcons/RDicon_propulsion-precision
[LOG 09:32:49.767] Load Cached PNG Texture: Squad/PartList/SimpleIcons/RDicon_propulsionSystems
[LOG 09:32:49.772] Load Cached PNG Texture: Squad/PartList/SimpleIcons/RDicon_telescope
[LOG 09:32:49.778] Load Cached PNG Texture: Squad/PartList/SimpleIcons/robotic_controller
[LOG 09:32:49.784] Load Cached PNG Texture: Squad/PartList/SimpleIcons/robotic_rotation_servo
[LOG 09:32:49.789] Load Cached PNG Texture: Squad/PartList/SimpleIcons/robotic_servo_hinge
[LOG 09:32:49.795] Load Cached PNG Texture: Squad/PartList/SimpleIcons/robotic_servo_piston
[LOG 09:32:49.801] Load Cached PNG Texture: Squad/PartList/SimpleIcons/robotic_servo_rotor
[LOG 09:32:49.806] Load Cached PNG Texture: Squad/PartList/SimpleIcons/scanner_arm
[LOG 09:32:49.812] Load Cached PNG Texture: Squad/PartList/SimpleIcons/variant
[LOG 09:32:49.819] Load Cached PNG Texture: Squad/Parts/@thumbs/adapterSmallMiniShort_icon0
[LOG 09:32:49.826] Load Cached PNG Texture: Squad/Parts/@thumbs/adapterSmallMiniShort_icon1
[LOG 09:32:49.833] Load Cached PNG Texture: Squad/Parts/@thumbs/adapterSmallMiniTall_icon0
[LOG 09:32:49.838] Load Cached PNG Texture: Squad/Parts/@thumbs/adapterSmallMiniTall_icon1
[LOG 09:32:49.844] Load Cached PNG Texture: Squad/Parts/@thumbs/AdvancedCanard_icon
[LOG 09:32:49.852] Load Cached PNG Texture: Squad/Parts/@thumbs/advSasModule_icon
[LOG 09:32:49.859] Load Cached PNG Texture: Squad/Parts/@thumbs/airbrake1_icon
[LOG 09:32:49.866] Load Cached PNG Texture: Squad/Parts/@thumbs/airScoop_icon
[LOG 09:32:49.872] Load Cached PNG Texture: Squad/Parts/@thumbs/avionicsNoseCone_icon
[LOG 09:32:49.879] Load Cached PNG Texture: Squad/Parts/@thumbs/basicFin_icon
[LOG 09:32:49.888] Load Cached PNG Texture: Squad/Parts/@thumbs/batteryBankLarge_icon
[LOG 09:32:49.896] Load Cached PNG Texture: Squad/Parts/@thumbs/batteryBankMini_icon
[LOG 09:32:49.904] Load Cached PNG Texture: Squad/Parts/@thumbs/batteryBank_icon
[LOG 09:32:49.910] Load Cached PNG Texture: Squad/Parts/@thumbs/batteryPack_icon
[LOG 09:32:49.922] Load Cached PNG Texture: Squad/Parts/@thumbs/cargoContainer_icon
[LOG 09:32:49.931] Load Cached PNG Texture: Squad/Parts/@thumbs/CircularIntake_icon
[LOG 09:32:49.940] Load Cached PNG Texture: Squad/Parts/@thumbs/commDish_icon
[LOG 09:32:49.947] Load Cached PNG Texture: Squad/Parts/@thumbs/Decoupler.0_icon0
[LOG 09:32:49.981] Load Cached PNG Texture: Squad/Parts/@thumbs/Decoupler.0_icon1
[LOG 09:32:50.003] Load Cached PNG Texture: Squad/Parts/@thumbs/Decoupler.1_icon0
[LOG 09:32:50.013] Load Cached PNG Texture: Squad/Parts/@thumbs/Decoupler.1_icon1
[LOG 09:32:50.020] Load Cached PNG Texture: Squad/Parts/@thumbs/dockingPort1_icon
[LOG 09:32:50.028] Load Cached PNG Texture: Squad/Parts/@thumbs/dockingPort2_icon
[LOG 09:32:50.035] Load Cached PNG Texture: Squad/Parts/@thumbs/dockingPort3_icon
[LOG 09:32:50.042] Load Cached PNG Texture: Squad/Parts/@thumbs/domeLight1_icon0
[LOG 09:32:50.050] Load Cached PNG Texture: Squad/Parts/@thumbs/domeLight1_icon1
[LOG 09:32:50.061] Load Cached PNG Texture: Squad/Parts/@thumbs/elevon2_icon
[LOG 09:32:50.072] Load Cached PNG Texture: Squad/Parts/@thumbs/elevon3_icon
[LOG 09:32:50.080] Load Cached PNG Texture: Squad/Parts/@thumbs/elevon5_icon
[LOG 09:32:50.088] Load Cached PNG Texture: Squad/Parts/@thumbs/evaChute_icon
[LOG 09:32:50.093] Load Cached PNG Texture: Squad/Parts/@thumbs/evaCylinder_icon
[LOG 09:32:50.100] Load Cached PNG Texture: Squad/Parts/@thumbs/evaJetpack_icon
[LOG 09:32:50.109] Load Cached PNG Texture: Squad/Parts/@thumbs/evaRepairKit_icon
[LOG 09:32:50.115] Load Cached PNG Texture: Squad/Parts/@thumbs/evaScienceKit_icon
[LOG 09:32:50.122] Load Cached PNG Texture: Squad/Parts/@thumbs/externalTankCapsule_icon0
[LOG 09:32:50.130] Load Cached PNG Texture: Squad/Parts/@thumbs/externalTankCapsule_icon1
[LOG 09:32:50.136] Load Cached PNG Texture: Squad/Parts/@thumbs/externalTankRound_icon0
[LOG 09:32:50.145] Load Cached PNG Texture: Squad/Parts/@thumbs/externalTankRound_icon1
[LOG 09:32:50.153] Load Cached PNG Texture: Squad/Parts/@thumbs/externalTankToroid_icon0
[LOG 09:32:50.163] Load Cached PNG Texture: Squad/Parts/@thumbs/externalTankToroid_icon1
[LOG 09:32:50.169] Load Cached PNG Texture: Squad/Parts/@thumbs/fireworksLauncherBig_icon
[LOG 09:32:50.176] Load Cached PNG Texture: Squad/Parts/@thumbs/fireworksLauncherSmall_icon
[LOG 09:32:50.184] Load Cached PNG Texture: Squad/Parts/@thumbs/foldingRadMed_icon
[LOG 09:32:50.191] Load Cached PNG Texture: Squad/Parts/@thumbs/foldingRadSmall_icon
[LOG 09:32:50.201] Load Cached PNG Texture: Squad/Parts/@thumbs/FuelCellArray_icon
[LOG 09:32:50.207] Load Cached PNG Texture: Squad/Parts/@thumbs/FuelCell_icon
[LOG 09:32:50.214] Load Cached PNG Texture: Squad/Parts/@thumbs/fuelTank.long_icon0
[LOG 09:32:50.222] Load Cached PNG Texture: Squad/Parts/@thumbs/fuelTankSmallFlat_icon0
[LOG 09:32:50.229] Load Cached PNG Texture: Squad/Parts/@thumbs/fuelTankSmallFlat_icon1
[LOG 09:32:50.236] Load Cached PNG Texture: Squad/Parts/@thumbs/fuelTankSmallFlat_icon2
[LOG 09:32:50.243] Load Cached PNG Texture: Squad/Parts/@thumbs/fuelTankSmallFlat_icon3
[LOG 09:32:50.250] Load Cached PNG Texture: Squad/Parts/@thumbs/fuelTankSmall_icon0
[LOG 09:32:50.256] Load Cached PNG Texture: Squad/Parts/@thumbs/fuelTankSmall_icon1
[LOG 09:32:50.263] Load Cached PNG Texture: Squad/Parts/@thumbs/fuelTankSmall_icon2
[LOG 09:32:50.269] Load Cached PNG Texture: Squad/Parts/@thumbs/fuelTankSmall_icon3
[LOG 09:32:50.276] Load Cached PNG Texture: Squad/Parts/@thumbs/GearFixed_icon
[LOG 09:32:50.289] Load Cached PNG Texture: Squad/Parts/@thumbs/GearFree_icon
[LOG 09:32:50.297] Load Cached PNG Texture: Squad/Parts/@thumbs/GearSmall_icon
[LOG 09:32:50.309] Load Cached PNG Texture: Squad/Parts/@thumbs/GooExperiment_icon
[LOG 09:32:50.316] Load Cached PNG Texture: Squad/Parts/@thumbs/groundAnchor_icon
[LOG 09:32:50.322] Load Cached PNG Texture: Squad/Parts/@thumbs/groundLight1_icon
[LOG 09:32:50.328] Load Cached PNG Texture: Squad/Parts/@thumbs/groundLight2_icon
[LOG 09:32:50.338] Load Cached PNG Texture: Squad/Parts/@thumbs/HeatShield0_icon
[LOG 09:32:50.344] Load Cached PNG Texture: Squad/Parts/@thumbs/HeatShield1_icon
[LOG 09:32:50.352] Load Cached PNG Texture: Squad/Parts/@thumbs/HECS2.ProbeCore_icon
[LOG 09:32:50.361] Load Cached PNG Texture: Squad/Parts/@thumbs/HighGainAntenna5.v2_icon
[LOG 09:32:50.453] Load Cached PNG Texture: Squad/Parts/@thumbs/HighGainAntenna5_icon
[LOG 09:32:50.474] Load Cached PNG Texture: Squad/Parts/@thumbs/HighGainAntenna_icon
[LOG 09:32:50.488] Load Cached PNG Texture: Squad/Parts/@thumbs/IntakeRadialLong_icon
[LOG 09:32:50.496] Load Cached PNG Texture: Squad/Parts/@thumbs/ionEngine_icon
[LOG 09:32:50.511] Load Cached PNG Texture: Squad/Parts/@thumbs/ISRU_icon
[LOG 09:32:50.517] Load Cached PNG Texture: Squad/Parts/@thumbs/ksp.r.largeBatteryPack_icon
[LOG 09:32:50.524] Load Cached PNG Texture: Squad/Parts/@thumbs/ladder1_icon
[LOG 09:32:50.531] Load Cached PNG Texture: Squad/Parts/@thumbs/landingLeg1-2_icon
[LOG 09:32:50.538] Load Cached PNG Texture: Squad/Parts/@thumbs/landingLeg1_icon
[LOG 09:32:50.544] Load Cached PNG Texture: Squad/Parts/@thumbs/largeSolarPanel_icon
[LOG 09:32:50.551] Load Cached PNG Texture: Squad/Parts/@thumbs/LargeTank_icon
[LOG 09:32:50.556] Load Cached PNG Texture: Squad/Parts/@thumbs/LgRadialSolarPanel_icon
[LOG 09:32:50.564] Load Cached PNG Texture: Squad/Parts/@thumbs/linearRcs_icon
[LOG 09:32:50.572] Load Cached PNG Texture: Squad/Parts/@thumbs/liquidEngine3.v2_icon0
[LOG 09:32:50.579] Load Cached PNG Texture: Squad/Parts/@thumbs/liquidEngine3.v2_icon1
[LOG 09:32:50.587] Load Cached PNG Texture: Squad/Parts/@thumbs/liquidEngine3.v2_icon2
[LOG 09:32:50.593] Load Cached PNG Texture: Squad/Parts/@thumbs/liquidEngineMini.v2_icon0
[LOG 09:32:50.602] Load Cached PNG Texture: Squad/Parts/@thumbs/liquidEngineMini.v2_icon1
[LOG 09:32:50.608] Load Cached PNG Texture: Squad/Parts/@thumbs/liquidEngineMini.v2_icon2
[LOG 09:32:50.616] Load Cached PNG Texture: Squad/Parts/@thumbs/longAntenna_icon
[LOG 09:32:50.631] Load Cached PNG Texture: Squad/Parts/@thumbs/Magnetometer_icon
[LOG 09:32:50.639] Load Cached PNG Texture: Squad/Parts/@thumbs/mediumDishAntenna_icon
[LOG 09:32:50.645] Load Cached PNG Texture: Squad/Parts/@thumbs/microEngine.v2_icon0
[LOG 09:32:50.653] Load Cached PNG Texture: Squad/Parts/@thumbs/microEngine.v2_icon1
[LOG 09:32:50.663] Load Cached PNG Texture: Squad/Parts/@thumbs/MiniDrill_icon
[LOG 09:32:50.669] Load Cached PNG Texture: Squad/Parts/@thumbs/miniFuelTank_icon
[LOG 09:32:50.676] Load Cached PNG Texture: Squad/Parts/@thumbs/miniFuselage_icon
[LOG 09:32:50.684] Load Cached PNG Texture: Squad/Parts/@thumbs/miniIntake_icon
[LOG 09:32:50.693] Load Cached PNG Texture: Squad/Parts/@thumbs/miniJetEngine_icon
[LOG 09:32:50.700] Load Cached PNG Texture: Squad/Parts/@thumbs/miniLandingLeg_icon
[LOG 09:32:50.707] Load Cached PNG Texture: Squad/Parts/@thumbs/Mite_icon
[LOG 09:32:50.713] Load Cached PNG Texture: Squad/Parts/@thumbs/MK1CrewCabin_icon
[LOG 09:32:50.720] Load Cached PNG Texture: Squad/Parts/@thumbs/mk1pod.v2_icon0
[LOG 09:32:50.732] Load Cached PNG Texture: Squad/Parts/@thumbs/mk2DroneCore_icon
[LOG 09:32:50.739] Load Cached PNG Texture: Squad/Parts/@thumbs/mk2LanderCabin.v2_icon0
[LOG 09:32:50.746] Load Cached PNG Texture: Squad/Parts/@thumbs/mk2LanderCabin.v2_icon1
[LOG 09:32:50.752] Load Cached PNG Texture: Squad/Parts/@thumbs/MpoProbe_icon
[LOG 09:32:50.763] Load Cached PNG Texture: Squad/Parts/@thumbs/navLight1_icon0
[LOG 09:32:50.771] Load Cached PNG Texture: Squad/Parts/@thumbs/navLight1_icon1
[LOG 09:32:50.776] Load Cached PNG Texture: Squad/Parts/@thumbs/noseCone_icon0
[LOG 09:32:50.798] Load Cached PNG Texture: Squad/Parts/@thumbs/noseCone_icon1
[LOG 09:32:50.808] Load Cached PNG Texture: Squad/Parts/@thumbs/noseCone_icon2
[LOG 09:32:50.816] Load Cached PNG Texture: Squad/Parts/@thumbs/omsEngine_icon
[LOG 09:32:50.821] Load Cached PNG Texture: Squad/Parts/@thumbs/OrbitalScanner_icon
[LOG 09:32:50.830] Load Cached PNG Texture: Squad/Parts/@thumbs/parachuteDrogue_icon
[LOG 09:32:50.843] Load Cached PNG Texture: Squad/Parts/@thumbs/parachuteLarge_icon
[LOG 09:32:50.850] Load Cached PNG Texture: Squad/Parts/@thumbs/parachuteRadial_icon
[LOG 09:32:50.862] Load Cached PNG Texture: Squad/Parts/@thumbs/parachuteSingle_icon
[LOG 09:32:50.868] Load Cached PNG Texture: Squad/Parts/@thumbs/probeCoreCube_icon
[LOG 09:32:50.875] Load Cached PNG Texture: Squad/Parts/@thumbs/probeCoreHex.v2_icon
[LOG 09:32:50.880] Load Cached PNG Texture: Squad/Parts/@thumbs/probeCoreOcto.v2_icon
[LOG 09:32:50.887] Load Cached PNG Texture: Squad/Parts/@thumbs/probeCoreOcto2.v2_icon
[LOG 09:32:50.894] Load Cached PNG Texture: Squad/Parts/@thumbs/probeCoreSphere.v2_icon
[LOG 09:32:50.900] Load Cached PNG Texture: Squad/Parts/@thumbs/probeStackLarge_icon
[LOG 09:32:50.908] Load Cached PNG Texture: Squad/Parts/@thumbs/probeStackSmall_icon
[LOG 09:32:50.918] Load Cached PNG Texture: Squad/Parts/@thumbs/R8winglet_icon
[LOG 09:32:50.927] Load Cached PNG Texture: Squad/Parts/@thumbs/radialDecoupler1-2_icon
[LOG 09:32:50.934] Load Cached PNG Texture: Squad/Parts/@thumbs/radialDecoupler2_icon
[LOG 09:32:50.941] Load Cached PNG Texture: Squad/Parts/@thumbs/radialDecoupler_icon
[LOG 09:32:50.947] Load Cached PNG Texture: Squad/Parts/@thumbs/RadialDrill_icon
[LOG 09:32:50.953] Load Cached PNG Texture: Squad/Parts/@thumbs/radialDrogue_icon
[LOG 09:32:50.960] Load Cached PNG Texture: Squad/Parts/@thumbs/radialEngineMini.v2_icon0
[LOG 09:32:50.966] Load Cached PNG Texture: Squad/Parts/@thumbs/radialEngineMini.v2_icon1
[LOG 09:32:50.978] Load Cached PNG Texture: Squad/Parts/@thumbs/radialLiquidEngine1-2_icon
[LOG 09:32:50.985] Load Cached PNG Texture: Squad/Parts/@thumbs/RadialOreTank_icon
[LOG 09:32:50.991] Load Cached PNG Texture: Squad/Parts/@thumbs/radialRCSTank_icon
[LOG 09:32:50.999] Load Cached PNG Texture: Squad/Parts/@thumbs/radPanelEdge_icon
[LOG 09:32:51.006] Load Cached PNG Texture: Squad/Parts/@thumbs/radPanelLg_icon
[LOG 09:32:51.011] Load Cached PNG Texture: Squad/Parts/@thumbs/radPanelSm_icon
[LOG 09:32:51.018] Load Cached PNG Texture: Squad/Parts/@thumbs/RCSblock.01.small_icon0
[LOG 09:32:51.025] Load Cached PNG Texture: Squad/Parts/@thumbs/RCSblock.01.small_icon1
[LOG 09:32:51.031] Load Cached PNG Texture: Squad/Parts/@thumbs/RCSblock.01.small_icon2
[LOG 09:32:51.038] Load Cached PNG Texture: Squad/Parts/@thumbs/RCSblock.01.small_icon3
[LOG 09:32:51.046] Load Cached PNG Texture: Squad/Parts/@thumbs/RCSblock.01.small_icon4
[LOG 09:32:51.061] Load Cached PNG Texture: Squad/Parts/@thumbs/RCSBlock.v2_icon
[LOG 09:32:51.069] Load Cached PNG Texture: Squad/Parts/@thumbs/RCSBlock.v2_icon0
[LOG 09:32:51.077] Load Cached PNG Texture: Squad/Parts/@thumbs/RCSBlock.v2_icon1
[LOG 09:32:51.085] Load Cached PNG Texture: Squad/Parts/@thumbs/RCSBlock.v2_icon2
[LOG 09:32:51.091] Load Cached PNG Texture: Squad/Parts/@thumbs/RCSBlock.v2_icon3
[LOG 09:32:51.099] Load Cached PNG Texture: Squad/Parts/@thumbs/RCSBlock.v2_icon4
[LOG 09:32:51.106] Load Cached PNG Texture: Squad/Parts/@thumbs/RCSFuelTank_icon
[LOG 09:32:51.113] Load Cached PNG Texture: Squad/Parts/@thumbs/RCSLinearSmall_icon
[LOG 09:32:51.120] Load Cached PNG Texture: Squad/Parts/@thumbs/rcsTankMini_icon
[LOG 09:32:51.126] Load Cached PNG Texture: Squad/Parts/@thumbs/RelayAntenna100_icon
[LOG 09:32:51.133] Load Cached PNG Texture: Squad/Parts/@thumbs/RelayAntenna50_icon
[LOG 09:32:51.146] Load Cached PNG Texture: Squad/Parts/@thumbs/RelayAntenna5_icon
[LOG 09:32:51.153] Load Cached PNG Texture: Squad/Parts/@thumbs/ReleaseValve_icon
[LOG 09:32:51.159] Load Cached PNG Texture: Squad/Parts/@thumbs/Rockomax32.BW_icon0
[LOG 09:32:51.166] Load Cached PNG Texture: Squad/Parts/@thumbs/roverBody.v2_icon0
[LOG 09:32:51.172] Load Cached PNG Texture: Squad/Parts/@thumbs/roverBody.v2_icon1
[LOG 09:32:51.178] Load Cached PNG Texture: Squad/Parts/@thumbs/roverBody.v2_icon2
[LOG 09:32:51.199] Load Cached PNG Texture: Squad/Parts/@thumbs/roverWheel1_icon
[LOG 09:32:51.211] Load Cached PNG Texture: Squad/Parts/@thumbs/roverWheel2_icon
[LOG 09:32:51.220] Load Cached PNG Texture: Squad/Parts/@thumbs/rtg_icon
[LOG 09:32:51.227] Load Cached PNG Texture: Squad/Parts/@thumbs/sasModule_icon
[LOG 09:32:51.232] Load Cached PNG Texture: Squad/Parts/@thumbs/science.module_icon
[LOG 09:32:51.240] Load Cached PNG Texture: Squad/Parts/@thumbs/ScienceBox_icon
[LOG 09:32:51.247] Load Cached PNG Texture: Squad/Parts/@thumbs/seatExternalCmd_icon
[LOG 09:32:51.254] Load Cached PNG Texture: Squad/Parts/@thumbs/sensorAccelerometer_icon
[LOG 09:32:51.261] Load Cached PNG Texture: Squad/Parts/@thumbs/sensorAtmosphere_icon
[LOG 09:32:51.267] Load Cached PNG Texture: Squad/Parts/@thumbs/sensorBarometer_icon
[LOG 09:32:51.273] Load Cached PNG Texture: Squad/Parts/@thumbs/sensorGravimeter_icon
[LOG 09:32:51.280] Load Cached PNG Texture: Squad/Parts/@thumbs/sensorThermometer_icon
[LOG 09:32:51.287] Load Cached PNG Texture: Squad/Parts/@thumbs/Separator.0_icon0
[LOG 09:32:51.322] Load Cached PNG Texture: Squad/Parts/@thumbs/Separator.0_icon1
[LOG 09:32:51.333] Load Cached PNG Texture: Squad/Parts/@thumbs/Separator.1_icon0
[LOG 09:32:51.345] Load Cached PNG Texture: Squad/Parts/@thumbs/Separator.1_icon1
[LOG 09:32:51.352] Load Cached PNG Texture: Squad/Parts/@thumbs/sepMotor1_icon
[LOG 09:32:51.359] Load Cached PNG Texture: Squad/Parts/@thumbs/ServiceBay.125.v2_icon
[LOG 09:32:51.378] Load Cached PNG Texture: Squad/Parts/@thumbs/shockConeIntake_icon
[LOG 09:32:51.385] Load Cached PNG Texture: Squad/Parts/@thumbs/Shrimp_icon
[LOG 09:32:51.392] Load Cached PNG Texture: Squad/Parts/@thumbs/Size3LargeTank_icon0
[LOG 09:32:51.401] Load Cached PNG Texture: Squad/Parts/@thumbs/Size3MediumTank_icon0
[LOG 09:32:51.413] Load Cached PNG Texture: Squad/Parts/@thumbs/smallCargoContainer_icon
[LOG 09:32:51.418] Load Cached PNG Texture: Squad/Parts/@thumbs/smallClaw_icon0
[LOG 09:32:51.424] Load Cached PNG Texture: Squad/Parts/@thumbs/smallClaw_icon1
[LOG 09:32:51.434] Load Cached PNG Texture: Squad/Parts/@thumbs/smallCtrlSrf_icon
[LOG 09:32:51.441] Load Cached PNG Texture: Squad/Parts/@thumbs/SmallGearBay_icon
[LOG 09:32:51.452] Load Cached PNG Texture: Squad/Parts/@thumbs/smallHardpoint_icon
[LOG 09:32:51.459] Load Cached PNG Texture: Squad/Parts/@thumbs/smallRadialEngine.v2_icon0
[LOG 09:32:51.466] Load Cached PNG Texture: Squad/Parts/@thumbs/smallRadialEngine.v2_icon1
[LOG 09:32:51.471] Load Cached PNG Texture: Squad/Parts/@thumbs/SmallTank_icon
[LOG 09:32:51.478] Load Cached PNG Texture: Squad/Parts/@thumbs/solarPanelOX10C_icon
[LOG 09:32:51.484] Load Cached PNG Texture: Squad/Parts/@thumbs/solarPanelOX10L_icon
[LOG 09:32:51.491] Load Cached PNG Texture: Squad/Parts/@thumbs/solarPanels1_icon
[LOG 09:32:51.496] Load Cached PNG Texture: Squad/Parts/@thumbs/solarPanels2_icon
[LOG 09:32:51.502] Load Cached PNG Texture: Squad/Parts/@thumbs/solarPanels3_icon
[LOG 09:32:51.507] Load Cached PNG Texture: Squad/Parts/@thumbs/solarPanels4_icon
[LOG 09:32:51.514] Load Cached PNG Texture: Squad/Parts/@thumbs/solarPanels5_icon
[LOG 09:32:51.521] Load Cached PNG Texture: Squad/Parts/@thumbs/solarPanelSP10C_icon
[LOG 09:32:51.527] Load Cached PNG Texture: Squad/Parts/@thumbs/solarPanelSP10L_icon
[LOG 09:32:51.534] Load Cached PNG Texture: Squad/Parts/@thumbs/spotLight1_icon
[LOG 09:32:51.540] Load Cached PNG Texture: Squad/Parts/@thumbs/spotLight2_icon
[LOG 09:32:51.546] Load Cached PNG Texture: Squad/Parts/@thumbs/spotLight3_icon0
[LOG 09:32:51.560] Load Cached PNG Texture: Squad/Parts/@thumbs/spotLight3_icon1
[LOG 09:32:51.568] Load Cached PNG Texture: Squad/Parts/@thumbs/stackPoint1_icon
[LOG 09:32:51.576] Load Cached PNG Texture: Squad/Parts/@thumbs/StandardCtrlSrf_icon
[LOG 09:32:51.581] Load Cached PNG Texture: Squad/Parts/@thumbs/standardNoseCone_icon
[LOG 09:32:51.590] Load Cached PNG Texture: Squad/Parts/@thumbs/stripLight1_icon0
[LOG 09:32:51.596] Load Cached PNG Texture: Squad/Parts/@thumbs/stripLight1_icon1
[LOG 09:32:51.603] Load Cached PNG Texture: Squad/Parts/@thumbs/structuralIBeam1_icon
[LOG 09:32:51.610] Load Cached PNG Texture: Squad/Parts/@thumbs/structuralIBeam3_icon
[LOG 09:32:51.615] Load Cached PNG Texture: Squad/Parts/@thumbs/structuralMiniNode_icon
[LOG 09:32:51.649] Load Cached PNG Texture: Squad/Parts/@thumbs/structuralPanel1_icon
[LOG 09:32:51.657] Load Cached PNG Texture: Squad/Parts/@thumbs/structuralPanel2_icon
[LOG 09:32:51.664] Load Cached PNG Texture: Squad/Parts/@thumbs/structuralWing4_icon
[LOG 09:32:51.670] Load Cached PNG Texture: Squad/Parts/@thumbs/strutCube_icon
[LOG 09:32:51.677] Load Cached PNG Texture: Squad/Parts/@thumbs/strutOcto_icon
[LOG 09:32:51.682] Load Cached PNG Texture: Squad/Parts/@thumbs/SurfaceScanner_icon
[LOG 09:32:51.691] Load Cached PNG Texture: Squad/Parts/@thumbs/SurfAntenna_icon
[LOG 09:32:51.698] Load Cached PNG Texture: Squad/Parts/@thumbs/telescopicLadderBay_icon
[LOG 09:32:51.706] Load Cached PNG Texture: Squad/Parts/@thumbs/telescopicLadder_icon
[LOG 09:32:51.712] Load Cached PNG Texture: Squad/Parts/@thumbs/toroidalAerospike_icon
[LOG 09:32:51.718] Load Cached PNG Texture: Squad/Parts/@thumbs/trussAdapter_icon
[LOG 09:32:51.725] Load Cached PNG Texture: Squad/Parts/@thumbs/trussPiece1x_icon
[LOG 09:32:51.731] Load Cached PNG Texture: Squad/Parts/@thumbs/trussPiece3x_icon
[LOG 09:32:51.738] Load Cached PNG Texture: Squad/Parts/@thumbs/vernierEngine_icon
[LOG 09:32:51.743] Load Cached PNG Texture: Squad/Parts/@thumbs/wheelMed_icon
[LOG 09:32:51.750] Load Cached PNG Texture: Squad/Parts/@thumbs/wingConnector4_icon
[LOG 09:32:51.757] Load Cached PNG Texture: Squad/Parts/@thumbs/wingConnector5_icon
[LOG 09:32:51.764] Load Cached PNG Texture: Squad/Parts/@thumbs/winglet3_icon
[LOG 09:32:51.774] Load Cached PNG Texture: Squad/Parts/@thumbs/winglet_icon
[LOG 09:32:51.781] Load Cached PNG Texture: Squad/Parts/@thumbs/wingShuttleElevon1_icon
[LOG 09:32:51.787] Load Cached PNG Texture: Squad/Parts/@thumbs/xenonTankLarge_icon
[LOG 09:32:51.793] Load Cached PNG Texture: Squad/Parts/@thumbs/xenonTankRadial_icon
[LOG 09:32:51.801] Load Cached PNG Texture: Squad/Parts/@thumbs/xenonTank_icon
[LOG 09:32:51.810] Load DDS texture: Squad/Parts/Aero/aerodynamicNoseCone/Rockomax_Adapters_diffuse
[LOG 09:32:51.811] Load DDS texture: Squad/Parts/Aero/aerodynamicNoseCone/Rockomax_Adapters_normal
[LOG 09:32:51.818] Load DDS texture: Squad/Parts/Aero/airbrake/airbrake
[LOG 09:32:51.823] Load DDS texture: Squad/Parts/Aero/airIntakeRadialXM-G50/RadialIntake
[LOG 09:32:51.831] Load DDS texture: Squad/Parts/Aero/airlinerWings/AirlinerWings
[LOG 09:32:51.839] Load DDS texture: Squad/Parts/Aero/airplaneFins/AirplaneFins
[LOG 09:32:51.845] Load DDS texture: Squad/Parts/Aero/basicFin/BasicFin
[LOG 09:32:51.850] Load DDS texture: Squad/Parts/Aero/circularIntake/CircluarIntakes
[LOG 09:32:51.856] Load DDS texture: Squad/Parts/Aero/circularIntake/CircluarIntakes_Heat
[LOG 09:32:51.861] Load DDS texture: Squad/Parts/Aero/cones/Assets/Cones
[LOG 09:32:51.868] Load DDS texture: Squad/Parts/Aero/cones/Assets/ConesDiffuse
[LOG 09:32:51.874] Load DDS texture: Squad/Parts/Aero/cones/Assets/ConesDiffuse_Orange
[LOG 09:32:51.880] Load DDS texture: Squad/Parts/Aero/cones/Assets/ConesDiffuse_White
[LOG 09:32:51.886] Load DDS texture: Squad/Parts/Aero/cones/Assets/ConesHeat
[LOG 09:32:51.893] Load DDS texture: Squad/Parts/Aero/cones/Assets/ConesHeat_Orange
[LOG 09:32:51.899] Load DDS texture: Squad/Parts/Aero/cones/Assets/ConesHeat_White
[LOG 09:32:51.906] Load DDS texture: Squad/Parts/Aero/cones/Assets/Cones_Heat
[LOG 09:32:51.917] Load Cached PNG Texture: Squad/Parts/Aero/cones/Assets/rocketNoseCones_O
[LOG 09:32:51.924] Load Cached PNG Texture: Squad/Parts/Aero/cones/Assets/rocketNoseCones_O_Normal
[LOG 09:32:51.934] Load DDS texture: Squad/Parts/Aero/cones/Assets/rocketNoseCones_W
[LOG 09:32:51.936] Load DDS texture: Squad/Parts/Aero/cones/Assets/Rockomax_Adapters_diffuse
[LOG 09:32:51.937] Load DDS texture: Squad/Parts/Aero/cones/Assets/Rockomax_Adapters_normal
[LOG 09:32:51.945] Load DDS texture: Squad/Parts/Aero/fairings/AutoTruss
[LOG 09:32:51.952] Load DDS texture: Squad/Parts/Aero/fairings/FairingBase
[LOG 09:32:51.958] Load DDS texture: Squad/Parts/Aero/fairings/FairingBaseNormals
[LOG 09:32:51.965] Load DDS texture: Squad/Parts/Aero/fairings/FairingBaseNormals_bw
[LOG 09:32:51.970] Load DDS texture: Squad/Parts/Aero/fairings/FairingBaseNormals_goldSilver
[LOG 09:32:51.976] Load DDS texture: Squad/Parts/Aero/fairings/FairingBaseNormals_orange
[LOG 09:32:51.983] Load Cached PNG Texture: Squad/Parts/Aero/fairings/FairingBase_black
[LOG 09:32:51.990] Load DDS texture: Squad/Parts/Aero/fairings/FairingBase_bw
[LOG 09:32:51.996] Load DDS texture: Squad/Parts/Aero/fairings/FairingBase_goldDiffuse
[LOG 09:32:52.005] Load DDS texture: Squad/Parts/Aero/fairings/FairingBase_goldSpecular
[LOG 09:32:52.015] Load DDS texture: Squad/Parts/Aero/fairings/FairingBase_orange
[LOG 09:32:52.022] Load DDS texture: Squad/Parts/Aero/fairings/FairingBase_silverDiffuse
[LOG 09:32:52.029] Load DDS texture: Squad/Parts/Aero/fairings/FairingBase_silverSpecular
[LOG 09:32:52.037] Load DDS texture: Squad/Parts/Aero/fairings/fairingsCap
[LOG 09:32:52.048] Load DDS texture: Squad/Parts/Aero/fairings/FairingsMat_silverSpecular
[LOG 09:32:52.056] Load DDS texture: Squad/Parts/Aero/fairings/fairings_diff
[LOG 09:32:52.063] Load DDS texture: Squad/Parts/Aero/fairings/fairings_diff_grey
[LOG 09:32:52.071] Load DDS texture: Squad/Parts/Aero/fairings/fairings_diff_orange
[LOG 09:32:52.079] Load DDS texture: Squad/Parts/Aero/fairings/fairings_grey_normals
[LOG 09:32:52.087] Load DDS texture: Squad/Parts/Aero/fairings/fairings_normals
[LOG 09:32:52.092] Load DDS texture: Squad/Parts/Aero/fairings/fairings_normals_silver
[LOG 09:32:52.099] Load DDS texture: Squad/Parts/Aero/fairings/fairings_orange_normals
[LOG 09:32:52.106] Load DDS texture: Squad/Parts/Aero/fairings/fairings_silverDiffuse
[LOG 09:32:52.112] Load DDS texture: Squad/Parts/Aero/HeatShield/Fairing
[LOG 09:32:52.119] Load DDS texture: Squad/Parts/Aero/HeatShield/heatshield
[LOG 09:32:52.125] Load DDS texture: Squad/Parts/Aero/InflatableHeatShield/HeatShield
[LOG 09:32:52.134] Load DDS texture: Squad/Parts/Aero/InflatableHeatShield/HeatShieldFairing
[LOG 09:32:52.140] Load DDS texture: Squad/Parts/Aero/InflatableHeatShield/HeatShield_NRM
[LOG 09:32:52.148] Load DDS texture: Squad/Parts/Aero/intakeRadialLong/Radial_long
[LOG 09:32:52.155] Load DDS texture: Squad/Parts/Aero/miniIntake/SmallIntake
[LOG 09:32:52.162] Load DDS texture: Squad/Parts/Aero/ramAirIntake/RampIntake
[LOG 09:32:52.167] Load DDS texture: Squad/Parts/Aero/ramAirIntake/RampIntake_Heat
[LOG 09:32:52.175] Load DDS texture: Squad/Parts/Aero/shuttleWings/ShuttleWings
[LOG 09:32:52.182] Load DDS texture: Squad/Parts/Aero/wingletAV-R8/model000
[LOG 09:32:52.191] Load DDS texture: Squad/Parts/Aero/wingletAV-R8/model001
[LOG 09:32:52.197] Load DDS texture: Squad/Parts/Aero/wingletAV-T1/model000
[LOG 09:32:52.205] Load DDS texture: Squad/Parts/Aero/wingletAV-T1/model001
[LOG 09:32:52.211] Load DDS texture: Squad/Parts/Aero/wingletDeltaDeluxe/model000
[LOG 09:32:52.218] Load DDS texture: Squad/Parts/Aero/wings/Wings
[LOG 09:32:52.225] Load DDS texture: Squad/Parts/Cargo/CargoContainers/cargoContainer_diff
[LOG 09:32:52.232] Load DDS texture: Squad/Parts/Cargo/CargoContainers/smallCargoContainer_diffuse
[LOG 09:32:52.239] Load DDS texture: Squad/Parts/Cargo/CargoContainers/smallCargoContainer_nrm
[LOG 09:32:52.245] Load DDS texture: Squad/Parts/Cargo/CargoContainers/smallCargoContainer_specular
[LOG 09:32:52.254] Load DDS texture: Squad/Parts/Cargo/Cylinder/EVAcylinder_diffuse
[LOG 09:32:52.265] Load DDS texture: Squad/Parts/Cargo/Cylinder/EVAcylinder_nrm
[LOG 09:32:52.271] Load DDS texture: Squad/Parts/Cargo/GroundAnchor/groundAnchor_diffuse
[LOG 09:32:52.279] Load DDS texture: Squad/Parts/Cargo/GroundAnchor/groundAnchor_nrm
[LOG 09:32:52.286] Load DDS texture: Squad/Parts/Cargo/Jetpack/EVAjetpack
[LOG 09:32:52.295] Load DDS texture: Squad/Parts/Cargo/Jetpack/EVAjetpackEmmisive
[LOG 09:32:52.305] Load DDS texture: Squad/Parts/Cargo/Jetpack/EVAjetpackNRM
[LOG 09:32:52.316] Load DDS texture: Squad/Parts/Cargo/Parachute/backpack_Diff
[LOG 09:32:52.325] Load DDS texture: Squad/Parts/Cargo/Parachute/backpack_NM
[LOG 09:32:52.334] Load DDS texture: Squad/Parts/Cargo/RepairKit/RepairKit_Diffuse
[LOG 09:32:52.341] Load DDS texture: Squad/Parts/Cargo/RepairKit/RepairKit_Normal
[LOG 09:32:52.347] Load DDS texture: Squad/Parts/Cargo/ScienceKit/ExperimentKit_Material_Diffuse
[LOG 09:32:52.354] Load DDS texture: Squad/Parts/Cargo/ScienceKit/ExperimentKit_Material_Emissive
[LOG 09:32:52.360] Load DDS texture: Squad/Parts/Cargo/ScienceKit/ExperimentKit_Material_Normal
[LOG 09:32:52.369] Load DDS texture: Squad/Parts/Cargo/StorageUnits/Assets/Cargo_Material_Diffuse
[LOG 09:32:52.378] Load DDS texture: Squad/Parts/Cargo/StorageUnits/Assets/Cargo_Material_Normal
[LOG 09:32:52.386] Load DDS texture: Squad/Parts/Command/advancedSasModuleLarge/model000
[LOG 09:32:52.401] Load DDS texture: Squad/Parts/Command/advancedSasModuleLarge/model001
[LOG 09:32:52.408] Load DDS texture: Squad/Parts/Command/cupola/cupola_Emissive
[LOG 09:32:52.415] Load DDS texture: Squad/Parts/Command/cupola/ksp_l_cupola_diff
[LOG 09:32:52.421] Load DDS texture: Squad/Parts/Command/cupola/ksp_l_cupola_normal
[LOG 09:32:52.428] Load DDS texture: Squad/Parts/Command/cupola/window
[LOG 09:32:52.434] Load DDS texture: Squad/Parts/Command/externalCommandSeat/model000
[LOG 09:32:52.441] Load DDS texture: Squad/Parts/Command/hitchhikerStorageContainer/cabin
[LOG 09:32:52.451] Load DDS texture: Squad/Parts/Command/hitchhikerStorageContainer/cabin_Illum
[LOG 09:32:52.459] Load DDS texture: Squad/Parts/Command/hitchhikerStorageContainer/cabin_n
[LOG 09:32:52.460] Load DDS texture: Squad/Parts/Command/hitchhikerStorageContainer/window
[LOG 09:32:52.470] Load DDS texture: Squad/Parts/Command/inlineAdvancedStabilizer/model000
[LOG 09:32:52.485] Load DDS texture: Squad/Parts/Command/inlineAdvancedStabilizer/model001
[LOG 09:32:52.494] Load DDS texture: Squad/Parts/Command/inlineReactionWheel/model000
[LOG 09:32:52.502] Load DDS texture: Squad/Parts/Command/inlineReactionWheel/model001
[LOG 09:32:52.511] Load DDS texture: Squad/Parts/Command/inlineReactionWheel/model002
[LOG 09:32:52.522] Load DDS texture: Squad/Parts/Command/Mk1-2Pod/mk 1-2 external shell Variant-Hatch
[LOG 09:32:52.531] Load DDS texture: Squad/Parts/Command/Mk1-3Pod/M1-3 Pod
[LOG 09:32:52.555] Load DDS texture: Squad/Parts/Command/Mk1-3Pod/M1-3 Pod_GLOW
[LOG 09:32:52.563] Load DDS texture: Squad/Parts/Command/mk1Cockpits/GLOW
[LOG 09:32:52.573] Load DDS texture: Squad/Parts/Command/mk1Cockpits/Mk1Cockpit
[LOG 09:32:52.582] Load DDS texture: Squad/Parts/Command/mk1LanderCan/ksp_s_landerCan_diff
[LOG 09:32:52.593] Load DDS texture: Squad/Parts/Command/mk1LanderCan/ksp_s_landerCan_normal
[LOG 09:32:52.603] Load DDS texture: Squad/Parts/Command/mk1LanderCan/ksp_s_landerCan_psd_illum
[LOG 09:32:52.610] Load DDS texture: Squad/Parts/Command/mk1pod/outer shell
[LOG 09:32:52.616] Load DDS texture: Squad/Parts/Command/mk1pod_v2/Mk1_v2
[LOG 09:32:52.623] Load DDS texture: Squad/Parts/Command/mk1pod_v2/Mk1_v2_GLOW
[LOG 09:32:52.630] Load DDS texture: Squad/Parts/Command/mk1pod_v2/Mk1_v2_GW
[LOG 09:32:52.637] Load DDS texture: Squad/Parts/Command/mk1pod_v2/Mk1_v2_N
[LOG 09:32:52.645] Load DDS texture: Squad/Parts/Command/mk1pod_v2/Mk1_v2_W
[LOG 09:32:52.650] Load DDS texture: Squad/Parts/Command/mk1pod_v2/Mk1_v2_W_N
[LOG 09:32:52.658] Load DDS texture: Squad/Parts/Command/mk2CockpitInline/Cockpit_inline_A
[LOG 09:32:52.664] Load DDS texture: Squad/Parts/Command/mk2CockpitInline/Cockpit_inline_Emissive
[LOG 09:32:52.672] Load DDS texture: Squad/Parts/Command/mk2CockpitInline/Cockpit_inline_normal
[LOG 09:32:52.680] Load DDS texture: Squad/Parts/Command/mk2CockpitStandard/Cockpit
[LOG 09:32:52.688] Load DDS texture: Squad/Parts/Command/mk2CockpitStandard/Cockpit_Lum
[LOG 09:32:52.696] Load DDS texture: Squad/Parts/Command/mk2CockpitStandard/Cockpit_NRM
[LOG 09:32:52.703] Load DDS texture: Squad/Parts/Command/mk2DroneCore/mk2Dronecore
[LOG 09:32:52.711] Load DDS texture: Squad/Parts/Command/mk2LanderCan/Illum
[LOG 09:32:52.716] Load DDS texture: Squad/Parts/Command/mk2LanderCan/ladder
[LOG 09:32:52.724] Load DDS texture: Squad/Parts/Command/mk2LanderCan/outershell
[LOG 09:32:52.738] Load DDS texture: Squad/Parts/Command/mk2LanderCan/outershell_n
[LOG 09:32:52.740] Load DDS texture: Squad/Parts/Command/mk2LanderCan/window
[LOG 09:32:52.748] Load DDS texture: Squad/Parts/Command/mk2LanderCan_v2/Mk2Can
[LOG 09:32:52.757] Load DDS texture: Squad/Parts/Command/mk2LanderCan_v2/Mk2Can_glow
[LOG 09:32:52.766] Load DDS texture: Squad/Parts/Command/mk3CockpitShuttle/Mk3CockpitShuttle
[LOG 09:32:52.777] Load DDS texture: Squad/Parts/Command/mk3CockpitShuttle/Mk3CockpitShuttle_LUM
[LOG 09:32:52.784] Load DDS texture: Squad/Parts/Command/MpoProbe/MpoProbe_diffuse
[LOG 09:32:52.793] Load DDS texture: Squad/Parts/Command/MpoProbe/MpoProbe_nrm
[LOG 09:32:52.800] Load DDS texture: Squad/Parts/Command/MpoProbe/MpoProbe_specular
[LOG 09:32:52.812] Load DDS texture: Squad/Parts/Command/MtmStage/mtmStage_diffuse
[LOG 09:32:52.821] Load DDS texture: Squad/Parts/Command/MtmStage/mtmStage_nrm
[LOG 09:32:52.830] Load DDS texture: Squad/Parts/Command/MtmStage/mtmStage_specular
[LOG 09:32:52.838] Load DDS texture: Squad/Parts/Command/probeCoreCube/QBE_New_diffuse
[LOG 09:32:52.846] Load Cached PNG Texture: Squad/Parts/Command/probeCoreCube/QBE_New_NRM
[LOG 09:32:52.857] Load DDS texture: Squad/Parts/Command/probeCoreCube/QBE_New_specular
[LOG 09:32:52.864] Load DDS texture: Squad/Parts/Command/probeCoreHex/ksp_m_hexProbe_diff
[LOG 09:32:52.884] Load DDS texture: Squad/Parts/Command/probeCoreHex/ksp_m_hexProbe_normal
[LOG 09:32:52.893] Load DDS texture: Squad/Parts/Command/probeCoreHex_v2/hecsDiffuse
[LOG 09:32:52.907] Load DDS texture: Squad/Parts/Command/probeCoreHex_v2/hecsNormal
[LOG 09:32:52.912] Load DDS texture: Squad/Parts/Command/probeCoreOcto2_v2/octoDiffuse
[LOG 09:32:52.918] Load DDS texture: Squad/Parts/Command/probeCoreOcto2_v2/octoNormal
[LOG 09:32:52.919] Load DDS texture: Squad/Parts/Command/probeCoreOcto2_v2/octoSpecular
[LOG 09:32:52.926] Load DDS texture: Squad/Parts/Command/probeCoreOcto_v2/octoDiffuse
[LOG 09:32:52.932] Load DDS texture: Squad/Parts/Command/probeCoreOcto_v2/octoNormal
[LOG 09:32:52.940] Load DDS texture: Squad/Parts/Command/probeCoreOcto_v2/octoSpecular
[LOG 09:32:52.946] Load DDS texture: Squad/Parts/Command/probeRoverBody/model000
[LOG 09:32:52.963] Load DDS texture: Squad/Parts/Command/probeRoverBody/model001
[LOG 09:32:52.970] Load DDS texture: Squad/Parts/Command/probeRoverBody_v2/probeRoverBody_v2_gold_diffuse
[LOG 09:32:52.981] Load Cached PNG Texture: Squad/Parts/Command/probeRoverBody_v2/probeRoverBody_v2_gold_NRM
[LOG 09:32:52.988] Load DDS texture: Squad/Parts/Command/probeRoverBody_v2/probeRoverBody_v2_gold_specular
[LOG 09:32:52.994] Load DDS texture: Squad/Parts/Command/probeRoverBody_v2/probeRoverBody_v2_silver_diffuse
[LOG 09:32:53.002] Load Cached PNG Texture: Squad/Parts/Command/probeRoverBody_v2/probeRoverBody_v2_silver_NRM
[LOG 09:32:53.008] Load DDS texture: Squad/Parts/Command/probeRoverBody_v2/probeRoverBody_v2_silver_specular
[LOG 09:32:53.009] Load DDS texture: Squad/Parts/Command/probeRoverBody_v2/QBE_New_diffuse
[LOG 09:32:53.010] Load DDS texture: Squad/Parts/Command/probeRoverBody_v2/QBE_New_NRM
[LOG 09:32:53.011] Load DDS texture: Squad/Parts/Command/probeRoverBody_v2/QBE_New_specular
[LOG 09:32:53.017] Load DDS texture: Squad/Parts/Command/probeStackLarge/model000
[LOG 09:32:53.023] Load DDS texture: Squad/Parts/Command/probeStackLarge/model001
[LOG 09:32:53.030] Load DDS texture: Squad/Parts/Command/probeStackSmall/model000
[LOG 09:32:53.036] Load DDS texture: Squad/Parts/Command/probeStackSmall/model001
[LOG 09:32:53.042] Load DDS texture: Squad/Parts/Command/probeStackSphere_v2/probeStackSphere_diffuse
[LOG 09:32:53.050] Load DDS texture: Squad/Parts/Command/probeStackSphere_v2/probeStackSphere_normal
[LOG 09:32:53.056] Load DDS texture: Squad/Parts/Command/probeStackSphere_v2/probeStackSphere_specular
[LOG 09:32:53.063] Load Cached PNG Texture: Squad/Parts/CompoundParts/@thumbs/fuelLine_icon0
[LOG 09:32:53.071] Load Cached PNG Texture: Squad/Parts/CompoundParts/@thumbs/fuelLine_icon1
[LOG 09:32:53.079] Load Cached PNG Texture: Squad/Parts/CompoundParts/@thumbs/strutConnector_icon0
[LOG 09:32:53.086] Load Cached PNG Texture: Squad/Parts/CompoundParts/@thumbs/strutConnector_icon1
[LOG 09:32:53.092] Load DDS texture: Squad/Parts/CompoundParts/FuelLine/FTX-2 External Fuel Duct
[LOG 09:32:53.098] Load DDS texture: Squad/Parts/CompoundParts/FuelLine/FTX-2 External Fuel Duct_ESA
[LOG 09:32:53.103] Load DDS texture: Squad/Parts/CompoundParts/strutConnector/EAS-4 Strut Connector
[LOG 09:32:53.109] Load DDS texture: Squad/Parts/CompoundParts/strutConnector/EAS-4 Strut Connector_white
[LOG 09:32:53.116] Load DDS texture: Squad/Parts/Coupling/Assets/Decouplers
[LOG 09:32:53.123] Load DDS texture: Squad/Parts/Coupling/Assets/Decouplers_N
[LOG 09:32:53.130] Load DDS texture: Squad/Parts/Coupling/Assets/Decouplers_whiteYellow
[LOG 09:32:53.137] Load DDS texture: Squad/Parts/Coupling/Assets/Decouplers_whiteYellow_N
[LOG 09:32:53.143] Load DDS texture: Squad/Parts/Electrical/10CSolarPanels/assets/circularSolarPanel_diffuse
[LOG 09:32:53.151] Load DDS texture: Squad/Parts/Electrical/10CSolarPanels/assets/circularSolarPanel_nrm
[LOG 09:32:53.158] Load DDS texture: Squad/Parts/Electrical/10LSolarPanels/assets/retractableSolarPanel_diffuse
[LOG 09:32:53.165] Load DDS texture: Squad/Parts/Electrical/10LSolarPanels/assets/retractableSolarPanel_nrm
[LOG 09:32:53.172] Load DDS texture: Squad/Parts/Electrical/1x6ShroudSolarPanels/model000
[LOG 09:32:53.178] Load DDS texture: Squad/Parts/Electrical/1x6ShroudSolarPanels/model001
[LOG 09:32:53.185] Load DDS texture: Squad/Parts/Electrical/1x6ShroudSolarPanels/model002
[LOG 09:32:53.191] Load DDS texture: Squad/Parts/Electrical/1x6SolarPanels/model000
[LOG 09:32:53.197] Load DDS texture: Squad/Parts/Electrical/1x6SolarPanels/model001
[LOG 09:32:53.203] Load DDS texture: Squad/Parts/Electrical/1x6SolarPanels/model002
[LOG 09:32:53.208] Load DDS texture: Squad/Parts/Electrical/3x2ShroudSolarPanels/model000
[LOG 09:32:53.215] Load DDS texture: Squad/Parts/Electrical/3x2ShroudSolarPanels/model001
[LOG 09:32:53.225] Load DDS texture: Squad/Parts/Electrical/3x2ShroudSolarPanels/model002
[LOG 09:32:53.231] Load DDS texture: Squad/Parts/Electrical/3x2SolarPanels/model000
[LOG 09:32:53.237] Load DDS texture: Squad/Parts/Electrical/3x2SolarPanels/model001
[LOG 09:32:53.247] Load DDS texture: Squad/Parts/Electrical/3x2SolarPanels/model002
[LOG 09:32:53.254] Load DDS texture: Squad/Parts/Electrical/gigantorXlSolarArray/panel
[LOG 09:32:53.260] Load DDS texture: Squad/Parts/Electrical/radialFlatSolarPanel/model000
[LOG 09:32:53.266] Load DDS texture: Squad/Parts/Electrical/RTG/model000
[LOG 09:32:53.272] Load DDS texture: Squad/Parts/Electrical/z-100Battery/model000
[LOG 09:32:53.277] Load DDS texture: Squad/Parts/Electrical/z-1kBattery/model000
[LOG 09:32:53.283] Load DDS texture: Squad/Parts/Electrical/z-1kBattery/model001
[LOG 09:32:53.288] Load DDS texture: Squad/Parts/Electrical/z-200Battery/ksp_m_batteryPack_diff
[LOG 09:32:53.295] Load DDS texture: Squad/Parts/Electrical/z-400Battery/model000
[LOG 09:32:53.300] Load DDS texture: Squad/Parts/Electrical/z-4kBattery/ksp_l_batteryPack_diff
[LOG 09:32:53.315] Load DDS texture: Squad/Parts/Electrical/z-4kBattery/ksp_l_batteryPack_normal
[LOG 09:32:53.322] Load DDS texture: Squad/Parts/Engine/ionEngine/model000
[LOG 09:32:53.328] Load DDS texture: Squad/Parts/Engine/jetEngines/Jet Engines
[LOG 09:32:53.335] Load DDS texture: Squad/Parts/Engine/jetEngines/Jet_Heat
[LOG 09:32:53.341] Load DDS texture: Squad/Parts/Engine/liquidEngine24-77/engine
[LOG 09:32:53.346] Load DDS texture: Squad/Parts/Engine/liquidEngine24-77_v2/Twitch
[LOG 09:32:53.352] Load DDS texture: Squad/Parts/Engine/liquidEngine24-77_v2/Twitch_G
[LOG 09:32:53.358] Load DDS texture: Squad/Parts/Engine/liquidEngine24-77_v2/Twitch_GLOW
[LOG 09:32:53.365] Load DDS texture: Squad/Parts/Engine/liquidEngine48-7S/ksp_m_liquidEngine_diff
[LOG 09:32:53.371] Load DDS texture: Squad/Parts/Engine/liquidEngine48-7S_v2/Spark
[LOG 09:32:53.377] Load DDS texture: Squad/Parts/Engine/liquidEngine48-7S_v2/Spark_Glow
[LOG 09:32:53.382] Load DDS texture: Squad/Parts/Engine/liquidEngineAerospike/Aerospike
[LOG 09:32:53.389] Load DDS texture: Squad/Parts/Engine/liquidEngineAerospike/Aerospike_Heat
[LOG 09:32:53.394] Load DDS texture: Squad/Parts/Engine/liquidEngineLV-1_v2/Assets/Ant_and_Spider_diffuse
[LOG 09:32:53.400] Load DDS texture: Squad/Parts/Engine/liquidEngineLV-1_v2/Assets/Ant_and_Spider_emissive
[LOG 09:32:53.407] Load DDS texture: Squad/Parts/Engine/liquidEngineLV-1_v2/Assets/Ant_and_Spider_normal
[LOG 09:32:53.412] Load DDS texture: Squad/Parts/Engine/liquidEngineLV-1_v2/Assets/Ant_and_Spider_specular
[LOG 09:32:53.418] Load DDS texture: Squad/Parts/Engine/liquidEngineLV-909_v2/Terrier
[LOG 09:32:53.529] Load DDS texture: Squad/Parts/Engine/liquidEngineLV-909_v2/TerrierFairing
[LOG 09:32:53.550] Load DDS texture: Squad/Parts/Engine/liquidEngineLV-909_v2/Terrier_glow
[LOG 09:32:53.558] Load DDS texture: Squad/Parts/Engine/liquidEngineLV-N/model000
[LOG 09:32:53.568] Load DDS texture: Squad/Parts/Engine/liquidEngineLV-N/model001
[LOG 09:32:53.575] Load DDS texture: Squad/Parts/Engine/liquidEngineLV-N/model002
[LOG 09:32:53.586] Load DDS texture: Squad/Parts/Engine/liquidEngineLV-N/model003
[LOG 09:32:53.595] Load DDS texture: Squad/Parts/Engine/liquidEngineLV-T30/model000
[LOG 09:32:53.611] Load DDS texture: Squad/Parts/Engine/liquidEngineLV-T30/model001
[LOG 09:32:53.622] Load DDS texture: Squad/Parts/Engine/liquidEngineLV-T30/model002
[LOG 09:32:53.631] Load DDS texture: Squad/Parts/Engine/liquidEngineLV-T30_v2/Engine_Emissive
[LOG 09:32:53.639] Load DDS texture: Squad/Parts/Engine/liquidEngineLV-T30_v2/Engine_Normal
[LOG 09:32:53.651] Load DDS texture: Squad/Parts/Engine/liquidEngineLV-T30_v2/Fairing
[LOG 09:32:53.661] Load DDS texture: Squad/Parts/Engine/liquidEngineLV-T30_v2/Reliant_v2-shroud_Diffuse
[LOG 09:32:53.670] Load DDS texture: Squad/Parts/Engine/liquidEngineLV-T30_v2/Reliant_v2_Diffuse
[LOG 09:32:53.677] Load DDS texture: Squad/Parts/Engine/liquidEngineLV-T45/model000
[LOG 09:32:53.683] Load DDS texture: Squad/Parts/Engine/liquidEngineLV-T45/model001
[LOG 09:32:53.690] Load DDS texture: Squad/Parts/Engine/liquidEngineLV-T45/model002
[LOG 09:32:53.705] Load DDS texture: Squad/Parts/Engine/liquidEngineLV-T45/model003
[LOG 09:32:53.712] Load DDS texture: Squad/Parts/Engine/liquidEngineLV-T45_v2/Engine_Emissive
[LOG 09:32:53.720] Load DDS texture: Squad/Parts/Engine/liquidEngineLV-T45_v2/Fairing
[LOG 09:32:53.728] Load DDS texture: Squad/Parts/Engine/liquidEngineLV-T45_v2/Swivel_v2_Diffuse
[LOG 09:32:53.738] Load DDS texture: Squad/Parts/Engine/liquidEngineLV-T45_v2/Swivel_v2_Normal
[LOG 09:32:53.746] Load DDS texture: Squad/Parts/Engine/liquidEngineMainsail_v2/mainsail_diffuse
[LOG 09:32:53.755] Load DDS texture: Squad/Parts/Engine/liquidEngineMainsail_v2/mainsail_emissive
[LOG 09:32:53.764] Load DDS texture: Squad/Parts/Engine/liquidEngineMainsail_v2/mainsail_nrm
[LOG 09:32:53.773] Load DDS texture: Squad/Parts/Engine/liquidEngineMainsail_v2/mainsail_specular
[LOG 09:32:53.780] Load DDS texture: Squad/Parts/Engine/liquidEngineMainsail_v2/Shroud
[LOG 09:32:53.788] Load DDS texture: Squad/Parts/Engine/liquidEngineMk55/Thud
[LOG 09:32:53.793] Load DDS texture: Squad/Parts/Engine/liquidEngineMk55/Thud_Heat
[LOG 09:32:53.801] Load DDS texture: Squad/Parts/Engine/liquidEnginePoodle_v2/poodle
[LOG 09:32:53.809] Load DDS texture: Squad/Parts/Engine/liquidEnginePoodle_v2/PoodleShroud
[LOG 09:32:53.817] Load DDS texture: Squad/Parts/Engine/liquidEnginePoodle_v2/poodle_Glow
[LOG 09:32:53.824] Load DDS texture: Squad/Parts/Engine/liquidEnginePoodle_v2/Poodle_SingleBell_Poodle_Diffuse
[LOG 09:32:53.832] Load DDS texture: Squad/Parts/Engine/liquidEnginePoodle_v2/Poodle_SingleBell_Poodle_Emissive
[LOG 09:32:53.839] Load DDS texture: Squad/Parts/Engine/liquidEnginePoodle_v2/Poodle_SingleBell_Poodle_Normal
[LOG 09:32:53.846] Load DDS texture: Squad/Parts/Engine/liquidEngineSkipper_v2/Shroud
[LOG 09:32:53.854] Load DDS texture: Squad/Parts/Engine/liquidEngineSkipper_v2/skipper_v2_diffuse
[LOG 09:32:53.864] Load DDS texture: Squad/Parts/Engine/liquidEngineSkipper_v2/skipper_v2_emissive
[LOG 09:32:53.873] Load DDS texture: Squad/Parts/Engine/liquidEngineSkipper_v2/skipper_v2_normal
[LOG 09:32:53.884] Load DDS texture: Squad/Parts/Engine/liquidEngineSSME/SSME
[LOG 09:32:53.892] Load DDS texture: Squad/Parts/Engine/liquidEngineSSME/SSME_GLOW
[LOG 09:32:53.907] Load DDS texture: Squad/Parts/Engine/liquidEngineSSME/SSME_NRM
[LOG 09:32:53.913] Load DDS texture: Squad/Parts/Engine/MassiveSRB/solid_booster_cm
[LOG 09:32:53.921] Load DDS texture: Squad/Parts/Engine/MassiveSRB/solid_booster_cm_esa
[LOG 09:32:53.927] Load DDS texture: Squad/Parts/Engine/MassiveSRB/solid_booster_em
[LOG 09:32:53.935] Load DDS texture: Squad/Parts/Engine/MassiveSRB/solid_booster_nm
[LOG 09:32:53.942] Load DDS texture: Squad/Parts/Engine/miniJet/SmallJet
[LOG 09:32:53.948] Load DDS texture: Squad/Parts/Engine/OMSEngine/Puff_diffuse
[LOG 09:32:53.955] Load DDS texture: Squad/Parts/Engine/OMSEngine/Puff_emissive
[LOG 09:32:53.962] Load DDS texture: Squad/Parts/Engine/OMSEngine/Puff_normal
[LOG 09:32:53.967] Load DDS texture: Squad/Parts/Engine/OMSEngine/Puff_specular
[LOG 09:32:53.974] Load DDS texture: Squad/Parts/Engine/rapierEngine/rapierDiffuse
[LOG 09:32:53.982] Load DDS texture: Squad/Parts/Engine/rapierEngine/rapieremit
[LOG 09:32:53.988] Load DDS texture: Squad/Parts/Engine/Size1_SRBs/SRB_O
[LOG 09:32:53.995] Load DDS texture: Squad/Parts/Engine/Size1_SRBs/SRB_W
[LOG 09:32:54.002] Load DDS texture: Squad/Parts/Engine/Size1_SRBs/SRB_Y
[LOG 09:32:54.009] Load DDS texture: Squad/Parts/Engine/Size2LFB/Size2LFBEmissive
[LOG 09:32:54.015] Load DDS texture: Squad/Parts/Engine/Size2LFB/twin_nozzle_booster_cm
[LOG 09:32:54.023] Load DDS texture: Squad/Parts/Engine/Size2LFB/twin_nozzle_booster_nm
[LOG 09:32:54.032] Load DDS texture: Squad/Parts/Engine/Size2LFB_v2/Size2LFBEmissive
[LOG 09:32:54.037] Load DDS texture: Squad/Parts/Engine/Size2LFB_v2/twin_nozzle_booster_cm
[LOG 09:32:54.044] Load DDS texture: Squad/Parts/Engine/Size2LFB_v2/twin_nozzle_booster_nm
[LOG 09:32:54.052] Load DDS texture: Squad/Parts/Engine/Size3AdvancedEngine/decoupler_and_adaptor_cm
[LOG 09:32:54.059] Load DDS texture: Squad/Parts/Engine/Size3AdvancedEngine/Size3AdvancedEngineDiffuse
[LOG 09:32:54.066] Load DDS texture: Squad/Parts/Engine/Size3AdvancedEngine/Size3AdvancedEngineEmissive
[LOG 09:32:54.073] Load DDS texture: Squad/Parts/Engine/Size3AdvancedEngine/Size3AdvancedEngineNormal
[LOG 09:32:54.085] Load DDS texture: Squad/Parts/Engine/Size3EngineCluster/ClusterEngineEmit
[LOG 09:32:54.095] Load DDS texture: Squad/Parts/Engine/Size3EngineCluster/four_nozzle_engine_cm
[LOG 09:32:54.107] Load DDS texture: Squad/Parts/Engine/Size3EngineCluster/four_nozzle_engine_nm
[LOG 09:32:54.114] Load DDS texture: Squad/Parts/Engine/solidBoosterBACC/model000
[LOG 09:32:54.122] Load DDS texture: Squad/Parts/Engine/solidBoosterBACC/model001
[LOG 09:32:54.128] Load DDS texture: Squad/Parts/Engine/solidBoosterBACC/model002
[LOG 09:32:54.137] Load DDS texture: Squad/Parts/Engine/solidBoosterRT-5/RT5
[LOG 09:32:54.153] Load DDS texture: Squad/Parts/Engine/solidBoosterS2-17/solidBoosterS2-17_diffuse
[LOG 09:32:54.165] Load DDS texture: Squad/Parts/Engine/solidBoosterS2-17/solidBoosterS2-17_emissive
[LOG 09:32:54.177] Load DDS texture: Squad/Parts/Engine/solidBoosterS2-17/solidBoosterS2-17_normal
[LOG 09:32:54.202] Load DDS texture: Squad/Parts/Engine/solidBoosterS2-33/solidBoosterS2-33_diffuse
[LOG 09:32:54.242] Load DDS texture: Squad/Parts/Engine/solidBoosterS2-33/solidBoosterS2-33_emissive
[LOG 09:32:54.268] Load DDS texture: Squad/Parts/Engine/solidBoosterS2-33/solidBoosterS2-33_normal
[LOG 09:32:54.286] Load DDS texture: Squad/Parts/Engine/solidBoosterSep/model000
[LOG 09:32:54.286] Load DDS texture: Squad/Parts/Engine/solidBoosterSep/motor
[LOG 09:32:54.290] Load DDS texture: Squad/Parts/Engine/SolidBoostersF/Assets/SolidBoosterF3S0_diffuse
[LOG 09:32:54.298] Load DDS texture: Squad/Parts/Engine/SolidBoostersF/Assets/SolidBoosterF3S0_emissive
[LOG 09:32:54.304] Load DDS texture: Squad/Parts/Engine/SolidBoostersF/Assets/SolidBoosterF3S0_normal
[LOG 09:32:54.311] Load DDS texture: Squad/Parts/FuelTank/adapterTanks/Mk3Adapters
[LOG 09:32:54.317] Load DDS texture: Squad/Parts/FuelTank/drainTankFTE-1/fuelValve_diffuse
[LOG 09:32:54.323] Load DDS texture: Squad/Parts/FuelTank/drainTankFTE-1/fuelValve_nrm
[LOG 09:32:54.330] Load DDS texture: Squad/Parts/FuelTank/FoilTanks/RadialTanks
[LOG 09:32:54.336] Load DDS texture: Squad/Parts/FuelTank/FoilTanks/RadialTanksGold_specular
[LOG 09:32:54.344] Load DDS texture: Squad/Parts/FuelTank/FoilTanks/RadialTanksSilver_specular
[LOG 09:32:54.349] Load DDS texture: Squad/Parts/FuelTank/FoilTanks/RadialTanks_N
[LOG 09:32:54.357] Load DDS texture: Squad/Parts/FuelTank/FoilTanks/RadialTanks_silver
[LOG 09:32:54.365] Load DDS texture: Squad/Parts/FuelTank/fuelTankOscarB/model000
[LOG 09:32:54.372] Load DDS texture: Squad/Parts/FuelTank/fuelTankOscarB/model001
[LOG 09:32:54.377] Load DDS texture: Squad/Parts/FuelTank/fuelTankOscarB/tank
[LOG 09:32:54.382] Load DDS texture: Squad/Parts/FuelTank/fuelTankOscarB/tank_n
[LOG 09:32:54.389] Load DDS texture: Squad/Parts/FuelTank/miniFuselage/Fuselage
[LOG 09:32:54.395] Load DDS texture: Squad/Parts/FuelTank/mk2Adapters/mk2adapters1m
[LOG 09:32:54.402] Load DDS texture: Squad/Parts/FuelTank/mk2FuselageLong/mk2Fuselage
[LOG 09:32:54.409] Load DDS texture: Squad/Parts/FuelTank/mk2FuselageShort/mk2FuselageShort
[LOG 09:32:54.416] Load DDS texture: Squad/Parts/FuelTank/mk3Fuselage/Mk3Fuselage
[LOG 09:32:54.428] Load DDS texture: Squad/Parts/FuelTank/mk3Fuselage/Mk3Fuselage_LUM
[LOG 09:32:54.434] Load DDS texture: Squad/Parts/FuelTank/RCSFuelTankR1/RCSFuelTankR1_01
[LOG 09:32:54.444] Load DDS texture: Squad/Parts/FuelTank/RCSFuelTankR1/RCSFuelTankR1_02
[LOG 09:32:54.450] Load DDS texture: Squad/Parts/FuelTank/RCSFuelTankR1/RCSFuelTankR1_N
[LOG 09:32:54.456] Load DDS texture: Squad/Parts/FuelTank/RCSFuelTankR10/ksp_m_rcsTank_diff
[LOG 09:32:54.474] Load DDS texture: Squad/Parts/FuelTank/RCSFuelTankR10/ksp_m_rcsTank_normal
[LOG 09:32:54.481] Load DDS texture: Squad/Parts/FuelTank/RCSFuelTankR25/FL-R25 RCS Fuel Tank_D
[LOG 09:32:54.490] Load DDS texture: Squad/Parts/FuelTank/RCSFuelTankR25/FL-R25 RCS Fuel Tank_N
[LOG 09:32:54.496] Load DDS texture: Squad/Parts/FuelTank/RCSTankRadial/model000
[LOG 09:32:54.502] Load DDS texture: Squad/Parts/FuelTank/RCStankRadialLong/ksp_r_rcsCylTank_diff
[LOG 09:32:54.509] Load DDS texture: Squad/Parts/FuelTank/RockomaxTanks/Assets/rockomax_16 [AlbedoM] BW
[LOG 09:32:54.519] Load DDS texture: Squad/Parts/FuelTank/RockomaxTanks/Assets/rockomax_16 [AlbedoM] ESA
[LOG 09:32:54.527] Load DDS texture: Squad/Parts/FuelTank/RockomaxTanks/Assets/rockomax_16 [AlbedoM] O
[LOG 09:32:54.535] Load DDS texture: Squad/Parts/FuelTank/RockomaxTanks/Assets/rockomax_16 [Normal] BW
[LOG 09:32:54.544] Load DDS texture: Squad/Parts/FuelTank/RockomaxTanks/Assets/rockomax_16 [Normal]ESA
[LOG 09:32:54.554] Load DDS texture: Squad/Parts/FuelTank/RockomaxTanks/Assets/rockomax_16 [Normal]O
[LOG 09:32:54.562] Load DDS texture: Squad/Parts/FuelTank/RockomaxTanks/Assets/rockomax_32 [AlbedoM] ESA
[LOG 09:32:54.569] Load DDS texture: Squad/Parts/FuelTank/RockomaxTanks/Assets/rockomax_32 [Normal]ESA
[LOG 09:32:54.576] Load DDS texture: Squad/Parts/FuelTank/Size1_Tanks/125Tanks_BW
[LOG 09:32:54.583] Load DDS texture: Squad/Parts/FuelTank/Size1_Tanks/125Tanks_D
[LOG 09:32:54.590] Load DDS texture: Squad/Parts/FuelTank/Size1_Tanks/125Tanks_N
[LOG 09:32:54.598] Load DDS texture: Squad/Parts/FuelTank/Size1_Tanks/125Tanks_O
[LOG 09:32:54.605] Load DDS texture: Squad/Parts/FuelTank/Size1_Tanks/125Tanks_W
[LOG 09:32:54.612] Load DDS texture: Squad/Parts/FuelTank/Size3Tanks/fueltTanks_cm
[LOG 09:32:54.619] Load Cached PNG Texture: Squad/Parts/FuelTank/Size3Tanks/Size3Tanks
[LOG 09:32:54.626] Load Cached PNG Texture: Squad/Parts/FuelTank/Size3Tanks/Size3Tanks_Norm
[LOG 09:32:54.633] Load Cached PNG Texture: Squad/Parts/FuelTank/Size3Tanks/Size3Tanks_Orange
[LOG 09:32:54.639] Load Cached PNG Texture: Squad/Parts/FuelTank/Size3Tanks/Size3Tanks_Orange_Norm
[LOG 09:32:54.645] Load DDS texture: Squad/Parts/FuelTank/xenonTank/model000
[LOG 09:32:54.651] Load DDS texture: Squad/Parts/FuelTank/xenonTank/model001
[LOG 09:32:54.657] Load DDS texture: Squad/Parts/FuelTank/xenonTankLarge/tank
[LOG 09:32:54.663] Load DDS texture: Squad/Parts/FuelTank/xenonTankRadial/ksp_r_xenonTank_diff
[LOG 09:32:54.670] Load DDS texture: Squad/Parts/Misc/AsteroidDay/CamSat
[LOG 09:32:54.684] Load DDS texture: Squad/Parts/Misc/AsteroidDay/CamSat_glow
[LOG 09:32:54.690] Load DDS texture: Squad/Parts/Misc/AsteroidDay/CamSat_N_NRM
[LOG 09:32:54.696] Load DDS texture: Squad/Parts/Misc/AsteroidDay/default
[LOG 09:32:54.702] Load DDS texture: Squad/Parts/Misc/AsteroidDay/hecsDiffuse
[LOG 09:32:54.709] Load DDS texture: Squad/Parts/Misc/AsteroidDay/hecsNormal
[LOG 09:32:54.715] Load DDS texture: Squad/Parts/Misc/AsteroidDay/hecsSpecular
[LOG 09:32:54.721] Load DDS texture: Squad/Parts/Misc/AsteroidDay/JumboHexProbe
[LOG 09:32:54.726] Load DDS texture: Squad/Parts/Misc/AsteroidDay/JumboHexProbe_NORM_NRM
[LOG 09:32:54.733] Load DDS texture: Squad/Parts/Resources/FuelCell/FCLamp
[LOG 09:32:54.739] Load DDS texture: Squad/Parts/Resources/FuelCell/FuelCellRack
[LOG 09:32:54.745] Load DDS texture: Squad/Parts/Resources/FuelCell/fuellcell
[LOG 09:32:54.751] Load DDS texture: Squad/Parts/Resources/ISRU/Processor_Large
[LOG 09:32:54.756] Load DDS texture: Squad/Parts/Resources/LargeTank/ksp_l_resourceContainer_diff
[LOG 09:32:54.763] Load DDS texture: Squad/Parts/Resources/LargeTank/ksp_l_resourceContainer_norm
[LOG 09:32:54.770] Load DDS texture: Squad/Parts/Resources/MiniDrill/DustParticle
[LOG 09:32:54.777] Load DDS texture: Squad/Parts/Resources/MiniDrill/ksp_r_rockProbe_diff
[LOG 09:32:54.783] Load DDS texture: Squad/Parts/Resources/MiniDrill/RockParticle
[LOG 09:32:54.788] Load DDS texture: Squad/Parts/Resources/MiniISRU/ksp_s_processorSmall_diff
[LOG 09:32:54.795] Load DDS texture: Squad/Parts/Resources/OrbitalScanner/detector
[LOG 09:32:54.799] Load DDS texture: Squad/Parts/Resources/RadialDrill/DustParticle
[LOG 09:32:54.805] Load DDS texture: Squad/Parts/Resources/RadialDrill/RockParticle
[LOG 09:32:54.812] Load DDS texture: Squad/Parts/Resources/RadialDrill/TriBitDrill
[LOG 09:32:54.818] Load DDS texture: Squad/Parts/Resources/RadialTank/ksp_r_resourceContainer_psd_2
[LOG 09:32:54.825] Load DDS texture: Squad/Parts/Resources/SmallTank/ksp_s_resourceContainer_diff
[LOG 09:32:54.831] Load DDS texture: Squad/Parts/Resources/SmallTank/ksp_s_resourceContainer_normal
[LOG 09:32:54.837] Load DDS texture: Squad/Parts/Resources/SurfaceScanner/ksp_r_samplerAir_diff
[LOG 09:32:54.844] Load DDS texture: Squad/Parts/Resources/SurveyScanner/dish
[LOG 09:32:54.851] Load DDS texture: Squad/Parts/Resources/SurveyScanner/dish_n
[LOG 09:32:54.857] Load DDS texture: Squad/Parts/Science/AtmosphereSensor/ksp_r_hydroscoop_diff
[LOG 09:32:54.864] Load DDS texture: Squad/Parts/Science/GooExperiment/GooExperiment
[LOG 09:32:54.869] Load DDS texture: Squad/Parts/Science/LargeCrewedLab/Large_Crewed_Lab
[LOG 09:32:54.877] Load DDS texture: Squad/Parts/Science/LargeCrewedLab/Large_Crewed_Lab_glow
[LOG 09:32:54.880] Load DDS texture: Squad/Parts/Science/LargeCrewedLab/window
[LOG 09:32:54.885] Load DDS texture: Squad/Parts/Science/Magnetometer/Magnetometer_diffuse
[LOG 09:32:54.891] Load DDS texture: Squad/Parts/Science/Magnetometer/Magnetometer_nrm
[LOG 09:32:54.897] Load DDS texture: Squad/Parts/Science/MaterialBay/science_module_small
[LOG 09:32:54.904] Load DDS texture: Squad/Parts/Science/MaterialBay/science_module_small_emit
[LOG 09:32:54.909] Load DDS texture: Squad/Parts/Science/MaterialBay/science_module_small_nrm
[LOG 09:32:54.915] Load DDS texture: Squad/Parts/Science/MaterialBay/wires
[LOG 09:32:54.922] Load DDS texture: Squad/Parts/Science/ScienceBox/Container
[LOG 09:32:54.927] Load DDS texture: Squad/Parts/Science/sensorAccelerometer/model000
[LOG 09:32:54.933] Load DDS texture: Squad/Parts/Science/sensorBarometer/model000
[LOG 09:32:54.939] Load DDS texture: Squad/Parts/Science/sensorGravimeter/model000
[LOG 09:32:54.944] Load DDS texture: Squad/Parts/Science/sensorThermometer/model000
[LOG 09:32:54.951] Load DDS texture: Squad/Parts/Structural/FLAdapters/Assets/FLA-Adapters_diffuse
[LOG 09:32:54.957] Load DDS texture: Squad/Parts/Structural/FLAdapters/Assets/FLA-Adapters_diffuse_O
[LOG 09:32:54.964] Load DDS texture: Squad/Parts/Structural/FLAdapters/Assets/FLA-Adapters_normal
[LOG 09:32:54.970] Load DDS texture: Squad/Parts/Structural/FLAdapters/Assets/FLA-Adapters_normal_O
[LOG 09:32:54.977] Load DDS texture: Squad/Parts/Structural/mk1Parts/Mk1Structural
[LOG 09:32:54.983] Load DDS texture: Squad/Parts/Structural/mk1Parts/Mk1StructuralHeat
[LOG 09:32:54.992] Load Cached PNG Texture: Squad/Parts/Structural/mk1Parts/@thumbs/MK1Fuselage_icon
[LOG 09:32:54.999] Load DDS texture: Squad/Parts/Structural/Size3To2Adapter_v2/Size2to3_BW_Diffuse
[LOG 09:32:55.007] Load DDS texture: Squad/Parts/Structural/Size3To2Adapter_v2/Size2to3_DUMMY_NRM
[LOG 09:32:55.015] Load DDS texture: Squad/Parts/Structural/Size3To2Adapter_v2/Size2to3_O_Diffuse
[LOG 09:32:55.023] Load DDS texture: Squad/Parts/Structural/Size3To2Adapter_v2/Size2to3_W_Diffuse
[LOG 09:32:55.033] Load DDS texture: Squad/Parts/Structural/Size3To2Adapter_v2/Size2to3_W_NRM
[LOG 09:32:55.040] Load DDS texture: Squad/Parts/Structural/stackAdapters/Assets/stackAdapters_diffuse
[LOG 09:32:55.047] Load DDS texture: Squad/Parts/Structural/stackAdapters/Assets/stackAdapters_diffuse_Dark
[LOG 09:32:55.054] Load DDS texture: Squad/Parts/Structural/stackAdapters/Assets/stackAdapters_diffuse_Orange
[LOG 09:32:55.060] Load DDS texture: Squad/Parts/Structural/stackAdapters/Assets/stackAdapters_normal
[LOG 09:32:55.067] Load DDS texture: Squad/Parts/Structural/stackAdapters/Assets/stackAdapters_normal_Orange
[LOG 09:32:55.073] Load DDS texture: Squad/Parts/Structural/stationHub/model000
[LOG 09:32:55.081] Load DDS texture: Squad/Parts/Structural/stationHub/model001
[LOG 09:32:55.087] Load DDS texture: Squad/Parts/Structural/structuralIBeam200/model000
[LOG 09:32:55.093] Load DDS texture: Squad/Parts/Structural/structuralIBeam200Pocket/model000
[LOG 09:32:55.101] Load DDS texture: Squad/Parts/Structural/structuralIBeam650/model000
[LOG 09:32:55.110] Load DDS texture: Squad/Parts/Structural/structuralMicronode/model000
[LOG 09:32:55.118] Load DDS texture: Squad/Parts/Structural/structuralPanel1x1/model000
[LOG 09:32:55.138] Load DDS texture: Squad/Parts/Structural/structuralPanel1x1/model001
[LOG 09:32:55.145] Load DDS texture: Squad/Parts/Structural/structuralPanel2x2/model000
[LOG 09:32:55.161] Load DDS texture: Squad/Parts/Structural/structuralPanel2x2/model001
[LOG 09:32:55.171] Load DDS texture: Squad/Parts/Structural/structuralPylons/Pylons
[LOG 09:32:55.176] Load DDS texture: Squad/Parts/Structural/strutCubicOcto/cubestrut
[LOG 09:32:55.183] Load DDS texture: Squad/Parts/Structural/strutOcto/model000
[LOG 09:32:55.191] Load DDS texture: Squad/Parts/Structural/trussGirderAdapter/model000
[LOG 09:32:55.197] Load DDS texture: Squad/Parts/Structural/trussGirderAdapter/model001
[LOG 09:32:55.203] Load DDS texture: Squad/Parts/Structural/trussGirderL/model000
[LOG 09:32:55.208] Load DDS texture: Squad/Parts/Structural/trussGirderXL/model000
[LOG 09:32:55.214] Load DDS texture: Squad/Parts/Thermal/FoldingRadiators/radiator
[LOG 09:32:55.221] Load DDS texture: Squad/Parts/Thermal/FoldingRadiators/radiator_N_NRM
[LOG 09:32:55.228] Load DDS texture: Squad/Parts/Thermal/RadiatorPanels/radPanel
[LOG 09:32:55.235] Load DDS texture: Squad/Parts/Thermal/RadiatorPanels/radPanel_N_NRM
[LOG 09:32:55.242] Load DDS texture: Squad/Parts/Utility/commDish88-88/comm_dish_array
[LOG 09:32:55.248] Load DDS texture: Squad/Parts/Utility/commDish88-88/comm_dish_v2_diff
[LOG 09:32:55.254] Load DDS texture: Squad/Parts/Utility/commDish88-88/model000
[LOG 09:32:55.261] Load DDS texture: Squad/Parts/Utility/commsAntennaDTS-M1/mediumDishAntenna
[LOG 09:32:55.267] Load DDS texture: Squad/Parts/Utility/commsAntennaDTS-M1/mediumDishAntenna_Emit
[LOG 09:32:55.273] Load DDS texture: Squad/Parts/Utility/commsDish16/model000
[LOG 09:32:55.279] Load DDS texture: Squad/Parts/Utility/decouplerRadialHDM/model000
[LOG 09:32:55.284] Load DDS texture: Squad/Parts/Utility/decouplerRadialTT-38K/model000
[LOG 09:32:55.289] Load DDS texture: Squad/Parts/Utility/decouplerRadialTT-38K/model001
[LOG 09:32:55.295] Load DDS texture: Squad/Parts/Utility/decouplerRadialTT-70/model000
[LOG 09:32:55.302] Load DDS texture: Squad/Parts/Utility/DirectAntennas/MiniAntenna
[LOG 09:32:55.307] Load DDS texture: Squad/Parts/Utility/dockingPort/Arrow Pointer
[LOG 09:32:55.315] Load DDS texture: Squad/Parts/Utility/dockingPort/DockingPorts_Clampotron_Diffuse
[LOG 09:32:55.323] Load DDS texture: Squad/Parts/Utility/dockingPort/DockingPorts_Clampotron_Emissive
[LOG 09:32:55.331] Load DDS texture: Squad/Parts/Utility/dockingPort/DockingPorts_Clampotron_Normal
[LOG 09:32:55.335] Load DDS texture: Squad/Parts/Utility/dockingPortInline/Arrow Pointer
[LOG 09:32:55.341] Load DDS texture: Squad/Parts/Utility/dockingPortInline/ClampotronLinear_ClampotronLinear_Diffuse
[LOG 09:32:55.348] Load DDS texture: Squad/Parts/Utility/dockingPortInline/ClampotronLinear_ClampotronLinear_Emissive
[LOG 09:32:55.356] Load DDS texture: Squad/Parts/Utility/dockingPortInline/ClampotronLinear_ClampotronLinear_Normal
[LOG 09:32:55.365] Load DDS texture: Squad/Parts/Utility/dockingPortInline/DockingPorts_Clampotron_Diffuse
[LOG 09:32:55.373] Load DDS texture: Squad/Parts/Utility/dockingPortInline/DockingPorts_Clampotron_Emissive
[LOG 09:32:55.381] Load DDS texture: Squad/Parts/Utility/dockingPortInline/DockingPorts_Clampotron_Normal
[LOG 09:32:55.384] Load DDS texture: Squad/Parts/Utility/dockingPortJr/Arrow Pointer
[LOG 09:32:55.390] Load DDS texture: Squad/Parts/Utility/dockingPortJr/DockingPorts_ClampotronJR_Diffuse
[LOG 09:32:55.396] Load DDS texture: Squad/Parts/Utility/dockingPortJr/DockingPorts_ClampotronJR_Normal
[LOG 09:32:55.403] Load DDS texture: Squad/Parts/Utility/dockingPortJr/model000
[LOG 09:32:55.404] Load DDS texture: Squad/Parts/Utility/dockingPortShielded/Arrow Pointer
[LOG 09:32:55.414] Load DDS texture: Squad/Parts/Utility/dockingPortShielded/Clamp-O-Tron Shielded Docking Port_ClampotronShielded_Diffuse
[LOG 09:32:55.421] Load DDS texture: Squad/Parts/Utility/dockingPortShielded/Clamp-O-Tron Shielded Docking Port_ClampotronShielded_Normal
[LOG 09:32:55.429] Load DDS texture: Squad/Parts/Utility/dockingPortShielded/DockingPorts_Clampotron_Diffuse
[LOG 09:32:55.437] Load DDS texture: Squad/Parts/Utility/dockingPortShielded/DockingPorts_Clampotron_Emissive
[LOG 09:32:55.445] Load DDS texture: Squad/Parts/Utility/dockingPortShielded/DockingPorts_Clampotron_Normal
[LOG 09:32:55.449] Load DDS texture: Squad/Parts/Utility/dockingPortSr/Arrow Pointer
[LOG 09:32:55.455] Load DDS texture: Squad/Parts/Utility/dockingPortSr/ClampotronSr_ClampotronSr_Diffuse
[LOG 09:32:55.464] Load DDS texture: Squad/Parts/Utility/dockingPortSr/ClampotronSr_ClampotronSr_Diffuse_gray
[LOG 09:32:55.473] Load DDS texture: Squad/Parts/Utility/dockingPortSr/ClampotronSr_ClampotronSr_Emissive
[LOG 09:32:55.480] Load DDS texture: Squad/Parts/Utility/dockingPortSr/ClampotronSr_ClampotronSr_Normal
[LOG 09:32:55.493] Load Cached PNG Texture: Squad/Parts/Utility/Fireworks/Assets/fireworks_launcher_big 1
[LOG 09:32:55.501] Load Cached PNG Texture: Squad/Parts/Utility/Fireworks/Assets/fireworks_launcher_big
[LOG 09:32:55.512] Load Cached PNG Texture: Squad/Parts/Utility/flags/backgroundTextures/dark_background
[LOG 09:32:55.519] Load Cached PNG Texture: Squad/Parts/Utility/flags/backgroundTextures/orange_background
[LOG 09:32:55.525] Load Cached PNG Texture: Squad/Parts/Utility/flags/backgroundTextures/white_background
[LOG 09:32:55.531] Load DDS texture: Squad/Parts/Utility/GrapplingDevice/grabberDiffuse
[LOG 09:32:55.536] Load DDS texture: Squad/Parts/Utility/GrapplingDevice/grabberDiffuse_dark
[LOG 09:32:55.545] Load DDS texture: Squad/Parts/Utility/GrapplingDevice/grabberNRM
[LOG 09:32:55.546] Load DDS texture: Squad/Parts/Utility/GrapplingDevice/window
[LOG 09:32:55.551] Load DDS texture: Squad/Parts/Utility/ladderRadial/model000
[LOG 09:32:55.558] Load DDS texture: Squad/Parts/Utility/ladderTelescopic/model000
[LOG 09:32:55.565] Load DDS texture: Squad/Parts/Utility/ladderTelescopic/model001
[LOG 09:32:55.575] Load DDS texture: Squad/Parts/Utility/ladderTelescopic/model002
[LOG 09:32:55.585] Load DDS texture: Squad/Parts/Utility/ladderTelescopicBay/model000
[LOG 09:32:55.594] Load DDS texture: Squad/Parts/Utility/ladderTelescopicBay/model001
[LOG 09:32:55.602] Load DDS texture: Squad/Parts/Utility/landingLegLT-1/ksp_r_landingStrut_diff
[LOG 09:32:55.613] Load DDS texture: Squad/Parts/Utility/landingLegLT-2/landingLeg
[LOG 09:32:55.620] Load DDS texture: Squad/Parts/Utility/landingLegLT-5/leg
[LOG 09:32:55.629] Load DDS texture: Squad/Parts/Utility/landingLegLT-5/model000
[LOG 09:32:55.638] Load DDS texture: Squad/Parts/Utility/launchClamp1/model000
[LOG 09:32:55.647] Load DDS texture: Squad/Parts/Utility/launchClamp1/model001
[LOG 09:32:55.657] Load DDS texture: Squad/Parts/Utility/launchEscapeSystem/LES_Diffuse
[LOG 09:32:55.665] Load DDS texture: Squad/Parts/Utility/Lights/Assets/Lights_Attacheable_Lights_Diffuse
[LOG 09:32:55.674] Load DDS texture: Squad/Parts/Utility/Lights/Assets/Lights_Attacheable_Lights_Diffuse_white
[LOG 09:32:55.682] Load DDS texture: Squad/Parts/Utility/Lights/Assets/Lights_Attacheable_Lights_Emissive
[LOG 09:32:55.692] Load DDS texture: Squad/Parts/Utility/Lights/Assets/Lights_Attacheable_Lights_Normal
[LOG 09:32:55.702] Load DDS texture: Squad/Parts/Utility/Lights/Assets/Lights_Rectangle_Light_Diffuse
[LOG 09:32:55.712] Load DDS texture: Squad/Parts/Utility/Lights/Assets/Lights_Rectangle_Light_Diffuse_white
[LOG 09:32:55.723] Load DDS texture: Squad/Parts/Utility/Lights/Assets/Lights_Rectangle_Light_Emissive
[LOG 09:32:55.735] Load DDS texture: Squad/Parts/Utility/Lights/Assets/Lights_Rectangle_Light_Normal
[LOG 09:32:55.745] Load DDS texture: Squad/Parts/Utility/Lights/Assets/Lights_Worklights_Diffuse
[LOG 09:32:55.754] Load DDS texture: Squad/Parts/Utility/Lights/Assets/Lights_Worklights_Emissive
[LOG 09:32:55.762] Load DDS texture: Squad/Parts/Utility/Lights/Assets/Lights_Worklights_Normal
[LOG 09:32:55.771] Load DDS texture: Squad/Parts/Utility/Lights/Assets/Spotlight_Attacheable_Lights_Diffuse
[LOG 09:32:55.780] Load DDS texture: Squad/Parts/Utility/Lights/Assets/Spotlight_Attacheable_Lights_Diffuse_white
[LOG 09:32:55.788] Load DDS texture: Squad/Parts/Utility/Lights/Assets/Spotlight_Attacheable_Lights_Emissive
[LOG 09:32:55.796] Load DDS texture: Squad/Parts/Utility/Lights/Assets/Spotlight_Attacheable_Lights_Normal
[LOG 09:32:55.804] Load DDS texture: Squad/Parts/Utility/linearVernorRCS/Assets/linear_vernor_diffuse
[LOG 09:32:55.820] Load DDS texture: Squad/Parts/Utility/linearVernorRCS/Assets/linear_vernor_emissive
[LOG 09:32:55.827] Load DDS texture: Squad/Parts/Utility/linearVernorRCS/Assets/linear_vernor_normalDummy
[LOG 09:32:55.836] Load DDS texture: Squad/Parts/Utility/linearVernorRCS/Assets/linear_vernor_specular
[LOG 09:32:55.843] Load DDS texture: Squad/Parts/Utility/mk2CargoBay/mk2CargoBay
[LOG 09:32:55.849] Load DDS texture: Squad/Parts/Utility/mk2CrewCabin/mk2CrewCabin
[LOG 09:32:55.855] Load DDS texture: Squad/Parts/Utility/mk2CrewCabin/mk2CrewCabin_LUM
[LOG 09:32:55.857] Load DDS texture: Squad/Parts/Utility/mk2DockingPort/Arrow Pointer
[LOG 09:32:55.863] Load DDS texture: Squad/Parts/Utility/mk2DockingPort/Mk2Clampotron_Caps_Diffuse
[LOG 09:32:55.870] Load DDS texture: Squad/Parts/Utility/mk2DockingPort/Mk2Clampotron_Caps_Emmisive
[LOG 09:32:55.876] Load DDS texture: Squad/Parts/Utility/mk2DockingPort/Mk2Clampotron_Caps_Normal
[LOG 09:32:55.884] Load DDS texture: Squad/Parts/Utility/mk2DockingPort/Mk2Clampotron_Mk2Clampotron_Diffuse
[LOG 09:32:55.892] Load DDS texture: Squad/Parts/Utility/mk2DockingPort/Mk2Clampotron_Mk2Clampotron_Emissive
[LOG 09:32:55.899] Load DDS texture: Squad/Parts/Utility/mk2DockingPort/Mk2Clampotron_Mk2Clampotron_Normal
[LOG 09:32:55.906] Load DDS texture: Squad/Parts/Utility/mk2DockingPort/mk2DockingPort
[LOG 09:32:55.915] Load DDS texture: Squad/Parts/Utility/mk3CargoBay/Mk3CargoBay
[LOG 09:32:55.921] Load DDS texture: Squad/Parts/Utility/parachuteMk1/model000
[LOG 09:32:55.929] Load DDS texture: Squad/Parts/Utility/parachuteMk1/model001
[LOG 09:32:55.935] Load DDS texture: Squad/Parts/Utility/parachuteMk12-R/model000
[LOG 09:32:55.941] Load DDS texture: Squad/Parts/Utility/parachuteMk12-R/model001
[LOG 09:32:55.950] Load DDS texture: Squad/Parts/Utility/parachuteMk16-XL/model000
[LOG 09:32:55.958] Load DDS texture: Squad/Parts/Utility/parachuteMk16-XL/model001
[LOG 09:32:55.965] Load DDS texture: Squad/Parts/Utility/parachuteMk2-R/model000
[LOG 09:32:55.972] Load DDS texture: Squad/Parts/Utility/parachuteMk2-R/model001
[LOG 09:32:55.978] Load DDS texture: Squad/Parts/Utility/parachuteMk25/model000
[LOG 09:32:55.986] Load DDS texture: Squad/Parts/Utility/parachuteMk25/model001
[LOG 09:32:56.011] Load DDS texture: Squad/Parts/Utility/radialAttachmentPoint/model000
[LOG 09:32:56.020] Load DDS texture: Squad/Parts/Utility/radialAttachmentPoint/model001
[LOG 09:32:56.028] Load DDS texture: Squad/Parts/Utility/rcsBlockRV-105_v2/rcsBlock_diffuse
[LOG 09:32:56.029] Load DDS texture: Squad/Parts/Utility/rcsBlockRV-105_v2/rcsThrusterBlock_normal
[LOG 09:32:56.035] Load DDS texture: Squad/Parts/Utility/rcsBlockRV-105_v2/rcsThruster_emissive
[LOG 09:32:56.046] Load DDS texture: Squad/Parts/Utility/rcsBlockRV-105_v2/rcsThruster_specular
[LOG 09:32:56.051] Load DDS texture: Squad/Parts/Utility/rcsBlockRV-105_v2/RCS_Block_Diffuse
[LOG 09:32:56.063] Load DDS texture: Squad/Parts/Utility/rcsBlockRV-105_v2/RCS_Block_Emissive
[LOG 09:32:56.080] Load DDS texture: Squad/Parts/Utility/rcsBlockRV-105_v2/RCS_Block_Normal
[LOG 09:32:56.089] Load DDS texture: Squad/Parts/Utility/rcsBlockRV-105_v2/RCS_Block_Specular
[LOG 09:32:56.095] Load DDS texture: Squad/Parts/Utility/rcsSmallLinear/Assets/RCS_Linear_Base_Diffuse
[LOG 09:32:56.103] Load DDS texture: Squad/Parts/Utility/rcsSmallLinear/Assets/RCS_Linear_Diffuse
[LOG 09:32:56.111] Load DDS texture: Squad/Parts/Utility/rcsSmallLinear/Assets/RCS_Linear_Emissive
[LOG 09:32:56.117] Load DDS texture: Squad/Parts/Utility/rcsSmallLinear/Assets/RCS_Linear_Normal
[LOG 09:32:56.122] Load DDS texture: Squad/Parts/Utility/rcsSmallLinear/Assets/RCS_Linear_Specular
[LOG 09:32:56.133] Load DDS texture: Squad/Parts/Utility/RelayAntennas/DishAntenna
[LOG 09:32:56.140] Load DDS texture: Squad/Parts/Utility/RelayAntennas/MiniAntenna
[LOG 09:32:56.146] Load DDS texture: Squad/Parts/Utility/rockomaxAdapters/Assets/Rockomax_Adapters_diffuse
[LOG 09:32:56.157] Load DDS texture: Squad/Parts/Utility/rockomaxAdapters/Assets/Rockomax_Adapters_diffuse_O
[LOG 09:32:56.168] Load DDS texture: Squad/Parts/Utility/rockomaxAdapters/Assets/Rockomax_Adapters_diffuse_W
[LOG 09:32:56.177] Load DDS texture: Squad/Parts/Utility/rockomaxAdapters/Assets/Rockomax_Adapters_normal
[LOG 09:32:56.183] Load DDS texture: Squad/Parts/Utility/rockomaxAdapters/Assets/Rockomax_Adapters_normal_O
[LOG 09:32:56.192] Load DDS texture: Squad/Parts/Utility/ServiceBay/ServiceBay
[LOG 09:32:56.200] Load Cached PNG Texture: Squad/Parts/Utility/ServiceBay_v2/Assets/Scratch
[LOG 09:32:56.212] Load Cached PNG Texture: Squad/Parts/Utility/ServiceBay_v2/Assets/ServiceBay_bump
[LOG 09:32:56.221] Load Cached PNG Texture: Squad/Parts/Utility/ServiceBay_v2/Assets/ServiceBay_v2
[LOG 09:32:56.228] Load DDS texture: Squad/Parts/Utility/smallClaw/grabberSmallDiffuse
[LOG 09:32:56.237] Load DDS texture: Squad/Parts/Utility/smallClaw/grabberSmallDiffuseDark
[LOG 09:32:56.244] Load DDS texture: Squad/Parts/Utility/smallClaw/grabberSmallNRM
[LOG 09:32:56.245] Load DDS texture: Squad/Parts/Utility/smallClaw/window
[LOG 09:32:56.252] Load DDS texture: Squad/Parts/Utility/spotLightMk1/light1
[LOG 09:32:56.262] Load DDS texture: Squad/Parts/Utility/spotLightMk1/light1_em
[LOG 09:32:56.268] Load DDS texture: Squad/Parts/Utility/spotLightMk1_v2/spotLightMk1_Diffuse
[LOG 09:32:56.274] Load DDS texture: Squad/Parts/Utility/spotLightMk1_v2/spotLightMk1_Diffuse_white
[LOG 09:32:56.281] Load DDS texture: Squad/Parts/Utility/spotLightMk1_v2/spotLightMk1_Emissive
[LOG 09:32:56.290] Load DDS texture: Squad/Parts/Utility/spotLightMk1_v2/spotLightMk1_Normal
[LOG 09:32:56.298] Load DDS texture: Squad/Parts/Utility/spotLightMk2/light2
[LOG 09:32:56.308] Load DDS texture: Squad/Parts/Utility/spotLightMk2/light2_em
[LOG 09:32:56.315] Load DDS texture: Squad/Parts/Utility/spotLightMk2_v2/spotLightMk2_Diffuse
[LOG 09:32:56.322] Load DDS texture: Squad/Parts/Utility/spotLightMk2_v2/spotLightMk2_Diffuse_white
[LOG 09:32:56.334] Load DDS texture: Squad/Parts/Utility/spotLightMk2_v2/spotLightMk2_Emissive
[LOG 09:32:56.342] Load DDS texture: Squad/Parts/Utility/spotLightMk2_v2/spotLightMk2_Normal
[LOG 09:32:56.349] Load DDS texture: Squad/Parts/Utility/stackCouplers/Assets/stackCouplersDiffuse
[LOG 09:32:56.359] Load DDS texture: Squad/Parts/Utility/stackCouplers/Assets/stackCouplersDiffuse_Dark
[LOG 09:32:56.369] Load DDS texture: Squad/Parts/Utility/stackCouplers/Assets/stackCouplersDiffuse_Orange
[LOG 09:32:56.379] Load DDS texture: Squad/Parts/Utility/stackCouplers/Assets/stackCouplers_NRM
[LOG 09:32:56.388] Load DDS texture: Squad/Parts/Utility/stackCouplers/Assets/stackCouplers_Orange_NRM
[LOG 09:32:56.395] Load DDS texture: Squad/Parts/Wheel/LandingGear/Flare
[LOG 09:32:56.405] Load DDS texture: Squad/Parts/Wheel/LandingGear/LandingGear
[LOG 09:32:56.422] Load DDS texture: Squad/Parts/Wheel/LandingGear/LandingGear_Emissive
[LOG 09:32:56.430] Load DDS texture: Squad/Parts/Wheel/roverWheelM1/model000
[LOG 09:32:56.436] Load DDS texture: Squad/Parts/Wheel/roverWheelM1/roverwheel1
[LOG 09:32:56.443] Load DDS texture: Squad/Parts/Wheel/roverWheelS2/model000
[LOG 09:32:56.454] Load DDS texture: Squad/Parts/Wheel/roverWheelS2/model001
[LOG 09:32:56.461] Load DDS texture: Squad/Parts/Wheel/roverWheelS2/roverwheel2
[LOG 09:32:56.502] Load DDS texture: Squad/Parts/Wheel/roverWheelS2/roverwheel2_n
[LOG 09:32:56.510] Load DDS texture: Squad/Parts/Wheel/roverWheelTR-2L/ksp_r_medWheel_diff
[LOG 09:32:56.516] Load DDS texture: Squad/Parts/Wheel/roverWheelTR-2L/ksp_r_medWheel_normal
[LOG 09:32:56.523] Load DDS texture: Squad/Parts/Wheel/roverWheelTR-2L/ksp_r_medWheel_wheel_diff
[LOG 09:32:56.532] Load DDS texture: Squad/Parts/Wheel/roverWheelTR-2L/ksp_r_medWheel_wheel_normal
[LOG 09:32:56.541] Load DDS texture: Squad/Parts/Wheel/roverWheelXL3/mount
[LOG 09:32:56.550] Load DDS texture: Squad/Parts/Wheel/roverWheelXL3/mount_n
[LOG 09:32:56.558] Load DDS texture: Squad/Parts/Wheel/roverWheelXL3/wheel
[LOG 09:32:56.574] Load DDS texture: Squad/Parts/Wheel/roverWheelXL3/wheel_n
[LOG 09:32:56.585] Load DDS texture: Squad/Props/AltimeterThreeHands/model000
[LOG 09:32:56.592] Load DDS texture: Squad/Props/AltimeterThreeHands/model001
[LOG 09:32:56.598] Load DDS texture: Squad/Props/AtmosphereDepth/model000
[LOG 09:32:56.604] Load DDS texture: Squad/Props/AtmosphereDepth/model001
[LOG 09:32:56.611] Load DDS texture: Squad/Props/AxisIndicator/model000
[LOG 09:32:56.616] Load DDS texture: Squad/Props/buttonsGeneric/ButtonsAndSwitches
[LOG 09:32:56.622] Load DDS texture: Squad/Props/ButtonSquare/model000
[LOG 09:32:56.629] Load DDS texture: Squad/Props/circularButton/model000
[LOG 09:32:56.636] Load DDS texture: Squad/Props/Compass/model000
[LOG 09:32:56.643] Load DDS texture: Squad/Props/directionalKnob/model000
[LOG 09:32:56.649] Load DDS texture: Squad/Props/directionalKnob2/model000
[LOG 09:32:56.655] Load DDS texture: Squad/Props/IndicatorPanel/model000
[LOG 09:32:56.663] Load DDS texture: Squad/Props/IndicatorPanel/model001
[LOG 09:32:56.670] Load DDS texture: Squad/Props/IVANavBall/Arrows8dir
[LOG 09:32:56.676] Load DDS texture: Squad/Props/IVANavBall/IVANavBall
[LOG 09:32:56.684] Load DDS texture: Squad/Props/IVANavBall/IVANavBall_Glow
[LOG 09:32:56.690] Load DDS texture: Squad/Props/IVANavBall/ManeuverNode_vectors
[LOG 09:32:56.697] Load DDS texture: Squad/Props/IVANavBall/navball2
[LOG 09:32:56.704] Load DDS texture: Squad/Props/IVANavBall/navBall_DV_IVA
[LOG 09:32:56.711] Load DDS texture: Squad/Props/IVANavBall/navBall_vectors_IVA
[LOG 09:32:56.717] Load Cached PNG Texture: Squad/Props/IVANavBallNoBase/Arrows8dir
[LOG 09:32:56.725] Load Cached PNG Texture: Squad/Props/IVANavBallNoBase/IVANavBall
[LOG 09:32:56.732] Load Cached PNG Texture: Squad/Props/IVANavBallNoBase/ManeuverNode_vectors
[LOG 09:32:56.739] Load Cached PNG Texture: Squad/Props/IVANavBallNoBase/navball2
[LOG 09:32:56.746] Load Cached PNG Texture: Squad/Props/IVANavBallNoBase/navBall_DV_IVA
[LOG 09:32:56.753] Load Cached PNG Texture: Squad/Props/IVANavBallNoBase/navBall_vectors_IVA
[LOG 09:32:56.760] Load DDS texture: Squad/Props/ledPanelSpeed/circularButton
[LOG 09:32:56.765] Load DDS texture: Squad/Props/ledPanelSpeed/ledPanel
[LOG 09:32:56.773] Load DDS texture: Squad/Props/Monitor/Emissives
[LOG 09:32:56.779] Load DDS texture: Squad/Props/Monitor/Emissives_glow
[LOG 09:32:56.786] Load DDS texture: Squad/Props/Monitor/Monitor
[LOG 09:32:56.792] Load DDS texture: Squad/Props/NavBall/GaugeGee
[LOG 09:32:56.798] Load DDS texture: Squad/Props/NavBall/GaugeThrottle
[LOG 09:32:56.804] Load DDS texture: Squad/Props/NavBall/model000
[LOG 09:32:56.811] Load DDS texture: Squad/Props/NavBall/model001
[LOG 09:32:56.817] Load DDS texture: Squad/Props/NavBall/model002
[LOG 09:32:56.823] Load DDS texture: Squad/Props/NavBall/model003
[LOG 09:32:56.828] Load DDS texture: Squad/Props/PropsGeneric/propsGeneric
[LOG 09:32:56.835] Load DDS texture: Squad/Props/pullSwitch/model000
[LOG 09:32:56.841] Load DDS texture: Squad/Props/pullSwitch/model001
[LOG 09:32:56.847] Load DDS texture: Squad/Props/radarAltitude/model000
[LOG 09:32:56.853] Load DDS texture: Squad/Props/squareButton/model000
[LOG 09:32:56.859] Load DDS texture: Squad/Props/standingSwitch/model000
[LOG 09:32:56.865] Load DDS texture: Squad/Props/standingSwitch/model001
[LOG 09:32:56.870] Load DDS texture: Squad/Props/switch/model000
[LOG 09:32:56.876] Load DDS texture: Squad/Props/switchGuard/model000
[LOG 09:32:56.884] Load DDS texture: Squad/Props/switchWithGuards/model000
[LOG 09:32:56.890] Load DDS texture: Squad/Props/switchWithGuards/model001
[LOG 09:32:56.895] Load DDS texture: Squad/Props/switchWithGuards/model002
[LOG 09:32:56.902] Load DDS texture: Squad/Props/throttle/model000
[LOG 09:32:56.908] Load DDS texture: Squad/Props/throttle/model001
[LOG 09:32:56.914] Load DDS texture: Squad/Props/VSI/model000
[LOG 09:32:56.915] Load DDS texture: Squad/Spaces/crewCabinInternals/model000
[LOG 09:32:56.924] Load DDS texture: Squad/Spaces/crewCabinInternals/model001
[LOG 09:32:56.932] Load DDS texture: Squad/Spaces/crewCabinInternals/model002
[LOG 09:32:56.939] Load DDS texture: Squad/Spaces/crewCabinInternals/model003
[LOG 09:32:56.940] Load DDS texture: Squad/Spaces/crewCabinInternals/model004
[LOG 09:32:56.946] Load DDS texture: Squad/Spaces/crewCabinInternals/model005
[LOG 09:32:56.954] Load DDS texture: Squad/Spaces/cupolaInternal/ksp_l_cupola_internal_diff
[LOG 09:32:56.963] Load DDS texture: Squad/Spaces/cupolaInternal/ksp_l_cupola_internal_normal
[LOG 09:32:56.970] Load DDS texture: Squad/Spaces/cupolaInternal/ksp_l_cupola_internal_windows_alpha
[LOG 09:32:56.977] Load DDS texture: Squad/Spaces/cupolaInternal/pilot Seat
[LOG 09:32:56.984] Load DDS texture: Squad/Spaces/GenericSpace1/model000
[LOG 09:32:56.991] Load DDS texture: Squad/Spaces/GenericSpace1/model001
[LOG 09:32:56.998] Load DDS texture: Squad/Spaces/GenericSpace1/model002
[LOG 09:32:57.003] Load DDS texture: Squad/Spaces/GenericSpace1/model003
[LOG 09:32:57.012] Load DDS texture: Squad/Spaces/GenericSpace1/model004
[LOG 09:32:57.018] Load DDS texture: Squad/Spaces/GenericSpace1/model005
[LOG 09:32:57.025] Load DDS texture: Squad/Spaces/GenericSpace3/model000
[LOG 09:32:57.036] Load DDS texture: Squad/Spaces/GenericSpace3/model001
[LOG 09:32:57.042] Load DDS texture: Squad/Spaces/GenericSpace3/model002
[LOG 09:32:57.050] Load DDS texture: Squad/Spaces/GenericSpace3/model003
[LOG 09:32:57.058] Load DDS texture: Squad/Spaces/GenericSpace3/model004
[LOG 09:32:57.064] Load DDS texture: Squad/Spaces/GenericSpace3/model005
[LOG 09:32:57.071] Load DDS texture: Squad/Spaces/GenericSpace3/model006
[LOG 09:32:57.077] Load DDS texture: Squad/Spaces/GenericSpace3/model007
[LOG 09:32:57.085] Load DDS texture: Squad/Spaces/landerCabinInternals/model000
[LOG 09:32:57.092] Load DDS texture: Squad/Spaces/landerCabinInternals/model001
[LOG 09:32:57.099] Load DDS texture: Squad/Spaces/landerCabinInternals/model002
[LOG 09:32:57.109] Load DDS texture: Squad/Spaces/landerCabinInternals/model003
[LOG 09:32:57.118] Load DDS texture: Squad/Spaces/landerCabinInternals/model004
[LOG 09:32:57.133] Load DDS texture: Squad/Spaces/landerCabinInternals/model005
[LOG 09:32:57.141] Load DDS texture: Squad/Spaces/landerCabinInternals/model006
[LOG 09:32:57.143] Load DDS texture: Squad/Spaces/landerCabinInternals/model007
[LOG 09:32:57.153] Load DDS texture: Squad/Spaces/landerCabinSmallInternal/ksp_s_landerCan_internal_diff
[LOG 09:32:57.164] Load DDS texture: Squad/Spaces/landerCabinSmallInternal/ksp_s_landerCan_internal_normal
[LOG 09:32:57.174] Load DDS texture: Squad/Spaces/landerCabinSmallInternal/ksp_s_landerCan_internal_window_alpha
[LOG 09:32:57.183] Load DDS texture: Squad/Spaces/landerCabinSmallInternal/pilot Seat
[LOG 09:32:57.190] Load DDS texture: Squad/Spaces/LargeCrewedLabInternals/Glass
[LOG 09:32:57.198] Load DDS texture: Squad/Spaces/LargeCrewedLabInternals/MPL_Int
[LOG 09:32:57.205] Load DDS texture: Squad/Spaces/LargeCrewedLabInternals/MPL_Int_n_NRM
[LOG 09:32:57.213] Load DDS texture: Squad/Spaces/Mk1-3/Mk1_3_IvaProps_Diffuse
[LOG 09:32:57.220] Load DDS texture: Squad/Spaces/Mk1-3/Mk1_3_IvaProps_Normal
[LOG 09:32:57.229] Load DDS texture: Squad/Spaces/Mk1-3/Mk1_3_IvaShell_Diffuse
[LOG 09:32:57.238] Load DDS texture: Squad/Spaces/Mk1-3/Mk1_3_IvaShell_Emissive
[LOG 09:32:57.247] Load DDS texture: Squad/Spaces/Mk1-3/Mk1_3_IvaShell_Normal
[LOG 09:32:57.253] Load DDS texture: Squad/Spaces/Mk1-3/pilot Seat
[LOG 09:32:57.262] Load DDS texture: Squad/Spaces/mk1CabinInternal/Cabin_Lightmap
[LOG 09:32:57.269] Load DDS texture: Squad/Spaces/mk1CabinInternal/CockpitGeneric
[LOG 09:32:57.284] Load DDS texture: Squad/Spaces/mk1CabinInternal/CockpitGeneric_NRM
[LOG 09:32:57.286] Load DDS texture: Squad/Spaces/mk1CockpitInternal/CockpitGeneric
[LOG 09:32:57.287] Load DDS texture: Squad/Spaces/mk1CockpitInternal/CockpitGeneric_NRM
[LOG 09:32:57.298] Load DDS texture: Squad/Spaces/mk1CockpitInternal/IVAMAP
[LOG 09:32:57.305] Load DDS texture: Squad/Spaces/mk1CockpitInternal/Windows
[LOG 09:32:57.314] Load DDS texture: Squad/Spaces/mk1InlineInternal/Canopy
[LOG 09:32:57.316] Load DDS texture: Squad/Spaces/mk1InlineInternal/CockpitGeneric
[LOG 09:32:57.317] Load DDS texture: Squad/Spaces/mk1InlineInternal/CockpitGeneric_NRM
[LOG 09:32:57.324] Load DDS texture: Squad/Spaces/mk1InlineInternal/Mk1Inline_Lightmap
[LOG 09:32:57.330] Load DDS texture: Squad/Spaces/mk1PodCockpit/model000
[LOG 09:32:57.339] Load DDS texture: Squad/Spaces/mk1PodCockpit/model001
[LOG 09:32:57.348] Load DDS texture: Squad/Spaces/mk1PodCockpit/model002
[LOG 09:32:57.355] Load DDS texture: Squad/Spaces/mk1PodCockpit/model003
[LOG 09:32:57.367] Load DDS texture: Squad/Spaces/mk1PodCockpit/model004
[LOG 09:32:57.382] Load DDS texture: Squad/Spaces/mk1PodCockpit/model005
[LOG 09:32:57.390] Load DDS texture: Squad/Spaces/mk1PodCockpit/model006
[LOG 09:32:57.391] Load DDS texture: Squad/Spaces/mk1PodCockpit/model007
[LOG 09:32:57.401] Load DDS texture: Squad/Spaces/mk1pod_IVA/mk1pod_iva_props_diffuse
[LOG 09:32:57.410] Load DDS texture: Squad/Spaces/mk1pod_IVA/mk1pod_iva_props_emissive
[LOG 09:32:57.419] Load DDS texture: Squad/Spaces/mk1pod_IVA/mk1pod_iva_props_normal
[LOG 09:32:57.430] Load DDS texture: Squad/Spaces/mk1pod_IVA/mk1pod_iva_shell_diffuse
[LOG 09:32:57.441] Load DDS texture: Squad/Spaces/mk1pod_IVA/mk1pod_iva_shell_normal
[LOG 09:32:57.451] Load MBM texture: Squad/Spaces/mk1pod_IVA/pilot Seat
[LOG 09:32:57.492] Load DDS texture: Squad/Spaces/mk2CockpitStandardInternal/CargoBagA
[LOG 09:32:57.492] Load DDS texture: Squad/Spaces/mk2CockpitStandardInternal/Mk2StandardIVA
[LOG 09:32:57.493] Load DDS texture: Squad/Spaces/mk2CockpitStandardInternal/Pilotseat
[LOG 09:32:57.493] Load DDS texture: Squad/Spaces/mk2CockpitStandardInternal/Windows
[LOG 09:32:57.495] Load DDS texture: Squad/Spaces/Mk2CrewCabinInternal/CargoBagA
[LOG 09:32:57.503] Load DDS texture: Squad/Spaces/Mk2CrewCabinInternal/Glass
[LOG 09:32:57.509] Load DDS texture: Squad/Spaces/Mk2CrewCabinInternal/Mk2StandardIVA
[LOG 09:32:57.516] Load DDS texture: Squad/Spaces/Mk2CrewCabinInternal/Pilotseat
[LOG 09:32:57.523] Load DDS texture: Squad/Spaces/mk2InlineInternal/CockpitGeneric
[LOG 09:32:57.532] Load DDS texture: Squad/Spaces/mk2InlineInternal/CockpitGeneric_NRM
[LOG 09:32:57.541] Load DDS texture: Squad/Spaces/mk2InlineInternal/Mk2InlineLightmap
[LOG 09:32:57.549] Load DDS texture: Squad/Spaces/mk2InlineInternal/propsGeneric
[LOG 09:32:57.559] Load DDS texture: Squad/Spaces/mk2LanderCanInternal/mk2LanderCan_props_diffuse
[LOG 09:32:57.572] Load DDS texture: Squad/Spaces/mk2LanderCanInternal/mk2LanderCan_props_normal
[LOG 09:32:57.582] Load DDS texture: Squad/Spaces/mk2LanderCanInternal/mk2LanderCan_shell_diffuse
[LOG 09:32:57.597] Load DDS texture: Squad/Spaces/mk2LanderCanInternal/mk2LanderCan_shell_normal
[LOG 09:32:57.607] Load MBM texture: Squad/Spaces/mk2LanderCanInternal/pilot Seat
[LOG 09:32:57.636] Load DDS texture: Squad/Spaces/MK3CockpitInternal/Glass
[LOG 09:32:57.636] Load DDS texture: Squad/Spaces/MK3CockpitInternal/Mk2StandardIVA
[LOG 09:32:57.638] Load DDS texture: Squad/Spaces/MK3_CrewCab_Int/Glass
[LOG 09:32:57.641] Load DDS texture: Squad/Spaces/MK3_CrewCab_Int/GlassMK3CC
[LOG 09:32:57.649] Load DDS texture: Squad/Spaces/MK3_CrewCab_Int/Mk2StandardIVA
[LOG 09:32:57.658] Load DDS texture: Squad/Spaces/MK3_CrewCab_Int/MK3_CrewCab_Int
[LOG 09:32:57.667] Load DDS texture: Squad/Spaces/MK3_CrewCab_Int/MK3_CrewCab_Int_n
[LOG 09:32:57.674] Load DDS texture: Squad/Spaces/MK3_CrewCab_Int/Pilotseat
[LOG 09:32:57.681] Load DDS texture: Squad/Spaces/Placeholder/PlaceholderIVA
[LOG 09:32:57.687] Load DDS texture: Squad/Spaces/PodCockpit/model000
[LOG 09:32:57.696] Load DDS texture: Squad/Spaces/PodCockpit/model001
[LOG 09:32:57.703] Load DDS texture: Squad/Spaces/PodCockpit/model002
[LOG 09:32:57.711] Load DDS texture: Squad/Spaces/PodCockpit/model003
[LOG 09:32:57.721] Load DDS texture: Squad/Spaces/PodCockpit/model004
[LOG 09:32:57.729] Load DDS texture: Squad/Spaces/PodCockpit/model005
[LOG 09:32:57.736] Load DDS texture: Squad/Spaces/PodCockpit/model006
[LOG 09:32:57.743] Load DDS texture: Squad/Spaces/PodCockpit/model007
[LOG 09:32:57.750] Load DDS texture: Squad/Spaces/sharedAssets/CockpitGeneric
[LOG 09:32:57.758] Load DDS texture: Squad/Spaces/sharedAssets/CockpitGeneric_NRM
[LOG 09:32:57.765] Load Cached PNG Texture: Squad/Strategies/Icons/AggressiveNegotiations
[LOG 09:32:57.772] Load Cached PNG Texture: Squad/Strategies/Icons/AppreciationCampaign
[LOG 09:32:57.781] Load Cached PNG Texture: Squad/Strategies/Icons/BailOutGrant
[LOG 09:32:57.789] Load Cached PNG Texture: Squad/Strategies/Icons/FundraisingCampaign
[LOG 09:32:57.797] Load Cached PNG Texture: Squad/Strategies/Icons/LeadershipInitiative
[LOG 09:32:57.804] Load Cached PNG Texture: Squad/Strategies/Icons/OpenSourceTechProgram
[LOG 09:32:57.810] Load Cached PNG Texture: Squad/Strategies/Icons/OutsourcedResearch
[LOG 09:32:57.816] Load Cached PNG Texture: Squad/Strategies/Icons/PatentsLicensing
[LOG 09:32:57.823] Load Cached PNG Texture: Squad/Strategies/Icons/RecoveryTransponderFitting
[LOG 09:32:57.830] Load Cached PNG Texture: Squad/Strategies/Icons/ResearchRightsSellOut
[LOG 09:32:57.837] Load Cached PNG Texture: Squad/Strategies/Icons/UnpaidResearchProgram
[LOG 09:32:57.845] Load Cached PNG Texture: Squad/Tutorials/ChuteColors
[LOG 09:32:57.852] Load DDS texture: Squad/Tutorials/EditorCoM
[LOG 09:32:57.859] Load Cached PNG Texture: Squad/Tutorials/EditorSnap
[LOG 09:32:57.866] Load Cached PNG Texture: Squad/Tutorials/EditorSnap4x
[LOG 09:32:57.875] Load Cached PNG Texture: Squad/Tutorials/EditorSymm
[LOG 09:32:57.881] Load Cached PNG Texture: Squad/Tutorials/StagingStack
[LOG 09:32:57.881] Load PNG texture: Squad/Tutorials/YPRDiagram
[WRN 09:32:57.882] Texture isn't eligible for DXT compression, width and height must be multiples of 4
[LOG 09:32:57.888] Load Cached PNG Texture: SquadExpansion/MakingHistory/Banners/Fail/default
[LOG 09:32:57.895] Load Cached PNG Texture: SquadExpansion/MakingHistory/Banners/Fail/fail01
[LOG 09:32:57.901] Load Cached PNG Texture: SquadExpansion/MakingHistory/Banners/Fail/fail02
[LOG 09:32:57.902] Load PNG texture: SquadExpansion/MakingHistory/Banners/Menu/default
[WRN 09:32:57.905] Texture isn't eligible for DXT compression, width and height must be multiples of 4
[LOG 09:32:57.905] Load PNG texture: SquadExpansion/MakingHistory/Banners/Menu/MBanner_01
[WRN 09:32:57.909] Texture isn't eligible for DXT compression, width and height must be multiples of 4
[LOG 09:32:57.909] Load PNG texture: SquadExpansion/MakingHistory/Banners/Menu/MBanner_02
[WRN 09:32:57.912] Texture isn't eligible for DXT compression, width and height must be multiples of 4
[LOG 09:32:57.912] Load PNG texture: SquadExpansion/MakingHistory/Banners/Menu/MBanner_03
[WRN 09:32:57.915] Texture isn't eligible for DXT compression, width and height must be multiples of 4
[LOG 09:32:57.915] Load Cached PNG Texture: SquadExpansion/MakingHistory/Banners/Success/default
[LOG 09:32:57.918] Load Cached PNG Texture: SquadExpansion/MakingHistory/Banners/Success/success01
[LOG 09:32:57.925] Load Cached PNG Texture: SquadExpansion/MakingHistory/Banners/Success/success02
[LOG 09:32:57.931] Load Cached PNG Texture: SquadExpansion/MakingHistory/Missions/Acapello 13/Banners/Fail/fail01
[LOG 09:32:57.932] Load PNG texture: SquadExpansion/MakingHistory/Missions/Acapello 13/Banners/Menu/Mun
[WRN 09:32:57.935] Texture isn't eligible for DXT compression, width and height must be multiples of 4
[LOG 09:32:57.941] Load Cached PNG Texture: SquadExpansion/MakingHistory/Missions/Acapello 13/Banners/Success/success01
[LOG 09:32:57.947] Load Cached PNG Texture: SquadExpansion/MakingHistory/Missions/Acapello 15/Banners/Fail/default
[LOG 09:32:57.954] Load Cached PNG Texture: SquadExpansion/MakingHistory/Missions/Acapello 15/Banners/Fail/fail02
[LOG 09:32:57.955] Load PNG texture: SquadExpansion/MakingHistory/Missions/Acapello 15/Banners/Menu/default
[WRN 09:32:57.958] Texture isn't eligible for DXT compression, width and height must be multiples of 4
[LOG 09:32:57.964] Load Cached PNG Texture: SquadExpansion/MakingHistory/Missions/Acapello 15/Banners/Success/default
[LOG 09:32:57.971] Load Cached PNG Texture: SquadExpansion/MakingHistory/Missions/Blue Mun/Banners/Fail/fail01
[LOG 09:32:57.972] Load PNG texture: SquadExpansion/MakingHistory/Missions/Blue Mun/Banners/Menu/default
[WRN 09:32:57.974] Texture isn't eligible for DXT compression, width and height must be multiples of 4
[LOG 09:32:57.979] Load Cached PNG Texture: SquadExpansion/MakingHistory/Missions/Blue Mun/Banners/Success/success02
[LOG 09:32:57.986] Load Cached PNG Texture: SquadExpansion/MakingHistory/Missions/Dawn of the Space Age/Banners/Fail/default
[LOG 09:32:57.987] Load PNG texture: SquadExpansion/MakingHistory/Missions/Dawn of the Space Age/Banners/Menu/default
[WRN 09:32:57.990] Texture isn't eligible for DXT compression, width and height must be multiples of 4
[LOG 09:32:57.995] Load Cached PNG Texture: SquadExpansion/MakingHistory/Missions/Dawn of the Space Age/Banners/Success/default
[LOG 09:32:58.002] Load Cached PNG Texture: SquadExpansion/MakingHistory/Missions/Meet Me in Zero G/Banners/Fail/default
[LOG 09:32:58.010] Load Cached PNG Texture: SquadExpansion/MakingHistory/Missions/Meet Me in Zero G/Banners/Fail/fail01
[LOG 09:32:58.011] Load PNG texture: SquadExpansion/MakingHistory/Missions/Meet Me in Zero G/Banners/Menu/default
[WRN 09:32:58.013] Texture isn't eligible for DXT compression, width and height must be multiples of 4
[LOG 09:32:58.017] Load Cached PNG Texture: SquadExpansion/MakingHistory/Missions/Meet Me in Zero G/Banners/Success/default
[LOG 09:32:58.023] Load Cached PNG Texture: SquadExpansion/MakingHistory/Missions/Meet Me in Zero G/Banners/Success/success02
[LOG 09:32:58.031] Load Cached PNG Texture: SquadExpansion/MakingHistory/Missions/Munar 1/Banners/Fail/default
[LOG 09:32:58.038] Load Cached PNG Texture: SquadExpansion/MakingHistory/Missions/Munar 1/Banners/Fail/fail02
[LOG 09:32:58.038] Load PNG texture: SquadExpansion/MakingHistory/Missions/Munar 1/Banners/Menu/default
[WRN 09:32:58.041] Texture isn't eligible for DXT compression, width and height must be multiples of 4
[LOG 09:32:58.044] Load Cached PNG Texture: SquadExpansion/MakingHistory/Missions/Munar 1/Banners/Success/default
[LOG 09:32:58.052] Load Cached PNG Texture: SquadExpansion/MakingHistory/Missions/Munar 1/Banners/Success/success01
[LOG 09:32:58.059] Load Cached PNG Texture: SquadExpansion/MakingHistory/Missions/Sally-Hut 1/Banners/Fail/default
[LOG 09:32:58.066] Load Cached PNG Texture: SquadExpansion/MakingHistory/Missions/Sally-Hut 1/Banners/Fail/fail01
[LOG 09:32:58.073] Load Cached PNG Texture: SquadExpansion/MakingHistory/Missions/Sally-Hut 1/Banners/Menu/bannerSatellite
[LOG 09:32:58.079] Load Cached PNG Texture: SquadExpansion/MakingHistory/Missions/Sally-Hut 1/Banners/Success/default
[LOG 09:32:58.086] Load Cached PNG Texture: SquadExpansion/MakingHistory/Missions/Sally-Hut 1/Banners/Success/success02
[LOG 09:32:58.094] Load Cached PNG Texture: SquadExpansion/MakingHistory/Missions/To the Mun Via Minmus/Banners/Fail/fail02
[LOG 09:32:58.095] Load PNG texture: SquadExpansion/MakingHistory/Missions/To the Mun Via Minmus/Banners/Menu/MissionBannerKerbin
[WRN 09:32:58.097] Texture isn't eligible for DXT compression, width and height must be multiples of 4
[LOG 09:32:58.102] Load Cached PNG Texture: SquadExpansion/MakingHistory/Missions/To the Mun Via Minmus/Banners/Success/success01
[LOG 09:32:58.109] Load Cached PNG Texture: SquadExpansion/MakingHistory/Missions/Trouble in the Void/Banners/Fail/fail01
[LOG 09:32:58.110] Load PNG texture: SquadExpansion/MakingHistory/Missions/Trouble in the Void/Banners/Menu/default
[WRN 09:32:58.112] Texture isn't eligible for DXT compression, width and height must be multiples of 4
[LOG 09:32:58.117] Load Cached PNG Texture: SquadExpansion/MakingHistory/Missions/Trouble in the Void/Banners/Success/success02
[LOG 09:32:58.124] Load Cached PNG Texture: SquadExpansion/MakingHistory/Missions/Ziggy Kerman and the Spiders from Duna/Banners/Fail/fail02
[LOG 09:32:58.132] Load Cached PNG Texture: SquadExpansion/MakingHistory/Missions/Ziggy Kerman and the Spiders from Duna/Banners/Menu/bannerSatellite
[LOG 09:32:58.138] Load Cached PNG Texture: SquadExpansion/MakingHistory/Missions/Ziggy Kerman and the Spiders from Duna/Banners/Success/success01
[LOG 09:32:58.146] Load Cached PNG Texture: SquadExpansion/MakingHistory/Parts/@thumbs/Decoupler.1p5_icon0
[LOG 09:32:58.153] Load Cached PNG Texture: SquadExpansion/MakingHistory/Parts/@thumbs/Decoupler.1p5_icon1
[LOG 09:32:58.181] Load Cached PNG Texture: SquadExpansion/MakingHistory/Parts/@thumbs/EquiTriangle0_icon0
[LOG 09:32:58.190] Load Cached PNG Texture: SquadExpansion/MakingHistory/Parts/@thumbs/EquiTriangle0_icon1
[LOG 09:32:58.198] Load Cached PNG Texture: SquadExpansion/MakingHistory/Parts/@thumbs/EquiTriangle0_icon2
[LOG 09:32:58.212] Load Cached PNG Texture: SquadExpansion/MakingHistory/Parts/@thumbs/EquiTriangle0_icon3
[LOG 09:32:58.230] Load Cached PNG Texture: SquadExpansion/MakingHistory/Parts/@thumbs/EquiTriangle1p5_icon0
[LOG 09:32:58.237] Load Cached PNG Texture: SquadExpansion/MakingHistory/Parts/@thumbs/EquiTriangle1p5_icon1
[LOG 09:32:58.245] Load Cached PNG Texture: SquadExpansion/MakingHistory/Parts/@thumbs/EquiTriangle1p5_icon2
[LOG 09:32:58.253] Load Cached PNG Texture: SquadExpansion/MakingHistory/Parts/@thumbs/EquiTriangle1p5_icon3
[LOG 09:32:58.260] Load Cached PNG Texture: SquadExpansion/MakingHistory/Parts/@thumbs/EquiTriangle1_icon0
[LOG 09:32:58.272] Load Cached PNG Texture: SquadExpansion/MakingHistory/Parts/@thumbs/EquiTriangle1_icon1
[LOG 09:32:58.281] Load Cached PNG Texture: SquadExpansion/MakingHistory/Parts/@thumbs/EquiTriangle1_icon2
[LOG 09:32:58.300] Load Cached PNG Texture: SquadExpansion/MakingHistory/Parts/@thumbs/EquiTriangle1_icon3
[LOG 09:32:58.308] Load Cached PNG Texture: SquadExpansion/MakingHistory/Parts/@thumbs/EquiTriangle2_icon0
[LOG 09:32:58.323] Load Cached PNG Texture: SquadExpansion/MakingHistory/Parts/@thumbs/EquiTriangle2_icon1
[LOG 09:32:58.330] Load Cached PNG Texture: SquadExpansion/MakingHistory/Parts/@thumbs/EquiTriangle2_icon2
[LOG 09:32:58.339] Load Cached PNG Texture: SquadExpansion/MakingHistory/Parts/@thumbs/EquiTriangle2_icon3
[LOG 09:32:58.346] Load Cached PNG Texture: SquadExpansion/MakingHistory/Parts/@thumbs/HeatShield1p5_icon
[LOG 09:32:58.354] Load Cached PNG Texture: SquadExpansion/MakingHistory/Parts/@thumbs/InflatableAirlock_icon
[LOG 09:32:58.365] Load Cached PNG Texture: SquadExpansion/MakingHistory/Parts/@thumbs/LiquidEngineRV-1_icon
[LOG 09:32:58.371] Load Cached PNG Texture: SquadExpansion/MakingHistory/Parts/@thumbs/monopropMiniSphere_icon
[LOG 09:32:58.379] Load Cached PNG Texture: SquadExpansion/MakingHistory/Parts/@thumbs/Panel0_icon0
[LOG 09:32:58.385] Load Cached PNG Texture: SquadExpansion/MakingHistory/Parts/@thumbs/Panel0_icon1
[LOG 09:32:58.393] Load Cached PNG Texture: SquadExpansion/MakingHistory/Parts/@thumbs/Panel0_icon2
[LOG 09:32:58.400] Load Cached PNG Texture: SquadExpansion/MakingHistory/Parts/@thumbs/Panel0_icon3
[LOG 09:32:58.406] Load Cached PNG Texture: SquadExpansion/MakingHistory/Parts/@thumbs/Panel1p5_icon0
[LOG 09:32:58.419] Load Cached PNG Texture: SquadExpansion/MakingHistory/Parts/@thumbs/Panel1p5_icon1
[LOG 09:32:58.426] Load Cached PNG Texture: SquadExpansion/MakingHistory/Parts/@thumbs/Panel1p5_icon2
[LOG 09:32:58.433] Load Cached PNG Texture: SquadExpansion/MakingHistory/Parts/@thumbs/Panel1p5_icon3
[LOG 09:32:58.440] Load Cached PNG Texture: SquadExpansion/MakingHistory/Parts/@thumbs/Panel1_icon0
[LOG 09:32:58.446] Load Cached PNG Texture: SquadExpansion/MakingHistory/Parts/@thumbs/Panel1_icon1
[LOG 09:32:58.453] Load Cached PNG Texture: SquadExpansion/MakingHistory/Parts/@thumbs/Panel1_icon2
[LOG 09:32:58.460] Load Cached PNG Texture: SquadExpansion/MakingHistory/Parts/@thumbs/Panel1_icon3
[LOG 09:32:58.468] Load Cached PNG Texture: SquadExpansion/MakingHistory/Parts/@thumbs/roverWheelM1-F_icon0
[LOG 09:32:58.475] Load Cached PNG Texture: SquadExpansion/MakingHistory/Parts/@thumbs/roverWheelM1-F_icon1
[LOG 09:32:58.481] Load Cached PNG Texture: SquadExpansion/MakingHistory/Parts/@thumbs/Separator.1p5_icon0
[LOG 09:32:58.492] Load Cached PNG Texture: SquadExpansion/MakingHistory/Parts/@thumbs/Separator.1p5_icon1
[LOG 09:32:58.500] Load Cached PNG Texture: SquadExpansion/MakingHistory/Parts/@thumbs/Size1p5.Strut.Decoupler_icon0
[LOG 09:32:58.506] Load Cached PNG Texture: SquadExpansion/MakingHistory/Parts/@thumbs/Size1p5.Strut.Decoupler_icon1
[LOG 09:32:58.513] Load Cached PNG Texture: SquadExpansion/MakingHistory/Parts/@thumbs/Size1p5.Tank.03_icon0
[LOG 09:32:58.518] Load Cached PNG Texture: SquadExpansion/MakingHistory/Parts/@thumbs/Size1p5.Tank.04_icon0
[LOG 09:32:58.524] Load Cached PNG Texture: SquadExpansion/MakingHistory/Parts/@thumbs/Size1to0ServiceModule_icon
[LOG 09:32:58.533] Load Cached PNG Texture: SquadExpansion/MakingHistory/Parts/@thumbs/Triangle0_icon0
[LOG 09:32:58.540] Load Cached PNG Texture: SquadExpansion/MakingHistory/Parts/@thumbs/Triangle0_icon1
[LOG 09:32:58.547] Load Cached PNG Texture: SquadExpansion/MakingHistory/Parts/@thumbs/Triangle0_icon2
[LOG 09:32:58.556] Load Cached PNG Texture: SquadExpansion/MakingHistory/Parts/@thumbs/Triangle0_icon3
[LOG 09:32:58.566] Load Cached PNG Texture: SquadExpansion/MakingHistory/Parts/@thumbs/Triangle1p5_icon0
[LOG 09:32:58.574] Load Cached PNG Texture: SquadExpansion/MakingHistory/Parts/@thumbs/Triangle1p5_icon1
[LOG 09:32:58.582] Load Cached PNG Texture: SquadExpansion/MakingHistory/Parts/@thumbs/Triangle1p5_icon2
[LOG 09:32:58.592] Load Cached PNG Texture: SquadExpansion/MakingHistory/Parts/@thumbs/Triangle1p5_icon3
[LOG 09:32:58.600] Load Cached PNG Texture: SquadExpansion/MakingHistory/Parts/@thumbs/Triangle1_icon0
[LOG 09:32:58.607] Load Cached PNG Texture: SquadExpansion/MakingHistory/Parts/@thumbs/Triangle1_icon1
[LOG 09:32:58.619] Load Cached PNG Texture: SquadExpansion/MakingHistory/Parts/@thumbs/Triangle1_icon2
[LOG 09:32:58.628] Load Cached PNG Texture: SquadExpansion/MakingHistory/Parts/@thumbs/Triangle1_icon3
[LOG 09:32:58.636] Load Cached PNG Texture: SquadExpansion/MakingHistory/Parts/@thumbs/Triangle2_icon0
[LOG 09:32:58.655] Load Cached PNG Texture: SquadExpansion/MakingHistory/Parts/@thumbs/Triangle2_icon1
[LOG 09:32:58.666] Load Cached PNG Texture: SquadExpansion/MakingHistory/Parts/@thumbs/Triangle2_icon2
[LOG 09:32:58.673] Load Cached PNG Texture: SquadExpansion/MakingHistory/Parts/@thumbs/Triangle2_icon3
[LOG 09:32:58.682] Load Cached PNG Texture: SquadExpansion/MakingHistory/Parts/@thumbs/Tube1_icon0
[LOG 09:32:58.693] Load Cached PNG Texture: SquadExpansion/MakingHistory/Parts/@thumbs/Tube1_icon1
[LOG 09:32:58.705] Load Cached PNG Texture: SquadExpansion/MakingHistory/Parts/@thumbs/Tube1_icon2
[LOG 09:32:58.713] Load Cached PNG Texture: SquadExpansion/MakingHistory/Parts/@thumbs/Tube1_icon3
[LOG 09:32:58.719] Load Cached PNG Texture: SquadExpansion/MakingHistory/Parts/@thumbs/Tube1_icon4
[LOG 09:32:58.727] Load Cached PNG Texture: SquadExpansion/MakingHistory/Parts/Aero/protectiveRocketNoseMk5A/s1p5_cone
[LOG 09:32:58.734] Load Cached PNG Texture: SquadExpansion/MakingHistory/Parts/Aero/protectiveRocketNoseMk5A/s1p5_cone_Orange
[LOG 09:32:58.742] Load DDS texture: SquadExpansion/MakingHistory/Parts/Coupling/Assets/airlock
[LOG 09:32:58.748] Load DDS texture: SquadExpansion/MakingHistory/Parts/Coupling/Assets/airlock_N
[LOG 09:32:58.754] Load DDS texture: SquadExpansion/MakingHistory/Parts/Coupling/Assets/EnginePlate
[LOG 09:32:58.760] Load DDS texture: SquadExpansion/MakingHistory/Parts/Coupling/Assets/Size1_5_Decoupler_grey
[LOG 09:32:58.768] Load DDS texture: SquadExpansion/MakingHistory/Parts/Coupling/Assets/Size1_5_Decoupler_orange
[LOG 09:32:58.776] Load DDS texture: SquadExpansion/MakingHistory/Parts/Engine/Assets/KE-1
[LOG 09:32:58.785] Load DDS texture: SquadExpansion/MakingHistory/Parts/Engine/Assets/KE-1_BASE
[LOG 09:32:58.792] Load DDS texture: SquadExpansion/MakingHistory/Parts/Engine/Assets/LV-T87
[LOG 09:32:58.799] Load DDS texture: SquadExpansion/MakingHistory/Parts/Engine/Assets/LV-T91
[LOG 09:32:58.806] Load DDS texture: SquadExpansion/MakingHistory/Parts/Engine/Assets/RE-I2
[LOG 09:32:58.815] Load DDS texture: SquadExpansion/MakingHistory/Parts/Engine/Assets/RE-J10
[LOG 09:32:58.822] Load DDS texture: SquadExpansion/MakingHistory/Parts/Engine/Assets/RE-J10_N
[LOG 09:32:58.830] Load DDS texture: SquadExpansion/MakingHistory/Parts/Engine/Assets/RK-7
[LOG 09:32:58.836] Load DDS texture: SquadExpansion/MakingHistory/Parts/Engine/Assets/RK-7_N
[LOG 09:32:58.846] Load DDS texture: SquadExpansion/MakingHistory/Parts/Engine/solidBoosterTHK/SolidBoosterS2-17_emissive
[LOG 09:32:58.856] Load DDS texture: SquadExpansion/MakingHistory/Parts/Engine/solidBoosterTHK/solidBoosterTHK_diffuse
[LOG 09:32:58.868] Load DDS texture: SquadExpansion/MakingHistory/Parts/FuelTank/Assets/Size1p5_02
[LOG 09:32:58.877] Load DDS texture: SquadExpansion/MakingHistory/Parts/FuelTank/Assets/Size1p5_02_ALT01
[LOG 09:32:58.886] Load DDS texture: SquadExpansion/MakingHistory/Parts/FuelTank/Assets/Size1p5_02_ALT02
[LOG 09:32:58.894] Load DDS texture: SquadExpansion/MakingHistory/Parts/FuelTank/Assets/Size1p5_02_ALT02_normal
[LOG 09:32:58.901] Load DDS texture: SquadExpansion/MakingHistory/Parts/FuelTank/Assets/Size1p5_mono
[LOG 09:32:58.907] Load DDS texture: SquadExpansion/MakingHistory/Parts/FuelTank/Assets/Size1p5_mono_2
[LOG 09:32:58.914] Load DDS texture: SquadExpansion/MakingHistory/Parts/FuelTank/Assets/Size1p5_mono_N
[LOG 09:32:58.922] Load DDS texture: SquadExpansion/MakingHistory/Parts/FuelTank/Assets/Size1_5_TankAdapters
[LOG 09:32:58.929] Load DDS texture: SquadExpansion/MakingHistory/Parts/FuelTank/Assets/Size1_5_TankAdapters_ALT01
[LOG 09:32:58.935] Load DDS texture: SquadExpansion/MakingHistory/Parts/FuelTank/Assets/Size1_5_TankAdapters_ALT02
[LOG 09:32:58.942] Load DDS texture: SquadExpansion/MakingHistory/Parts/FuelTank/Assets/Size1_5_TankAdapters_ALT02nm
[LOG 09:32:58.951] Load DDS texture: SquadExpansion/MakingHistory/Parts/FuelTank/Assets/Size1_5_TankAdapters_N
[LOG 09:32:58.959] Load DDS texture: SquadExpansion/MakingHistory/Parts/FuelTank/Assets/Size1_5_Tanks
[LOG 09:32:58.966] Load DDS texture: SquadExpansion/MakingHistory/Parts/FuelTank/Assets/Size1_5_Tanks_ALT02
[LOG 09:32:58.975] Load DDS texture: SquadExpansion/MakingHistory/Parts/FuelTank/Assets/Size1_5_Tanks_ALT02_nm
[LOG 09:32:58.982] Load DDS texture: SquadExpansion/MakingHistory/Parts/FuelTank/Assets/Size1_5_Tanks_grey
[LOG 09:32:58.992] Load DDS texture: SquadExpansion/MakingHistory/Parts/FuelTank/Assets/Size4_Tanks
[LOG 09:32:59.005] Load DDS texture: SquadExpansion/MakingHistory/Parts/FuelTank/Assets/Size4_Tanks_N
[LOG 09:32:59.015] Load DDS texture: SquadExpansion/MakingHistory/Parts/Ground/Assets/RoverWheel
[LOG 09:32:59.022] Load DDS texture: SquadExpansion/MakingHistory/Parts/Ground/Assets/RoverWheelG
[LOG 09:32:59.029] Load DDS texture: SquadExpansion/MakingHistory/Parts/Payload/Assets/Size1to0ServiceBay
[LOG 09:32:59.037] Load DDS texture: SquadExpansion/MakingHistory/Parts/Payload/Assets/Size1to0ServiceBay_n
[LOG 09:32:59.044] Load DDS texture: SquadExpansion/MakingHistory/Parts/Payload/Assets/SM18_diffuse
[LOG 09:32:59.058] Load Cached PNG Texture: SquadExpansion/MakingHistory/Parts/Payload/Assets/SM18_NRM
[LOG 09:32:59.068] Load DDS texture: SquadExpansion/MakingHistory/Parts/Payload/Assets/SM18_specular
[LOG 09:32:59.076] Load DDS texture: SquadExpansion/MakingHistory/Parts/Payload/Assets/SM25_diffuse
[LOG 09:32:59.083] Load DDS texture: SquadExpansion/MakingHistory/Parts/Payload/Assets/SM25_normals
[LOG 09:32:59.090] Load DDS texture: SquadExpansion/MakingHistory/Parts/Pods/Assets/KV1
[LOG 09:32:59.097] Load DDS texture: SquadExpansion/MakingHistory/Parts/Pods/Assets/KV1_GLOW
[LOG 09:32:59.104] Load DDS texture: SquadExpansion/MakingHistory/Parts/Pods/Assets/KV2
[LOG 09:32:59.111] Load DDS texture: SquadExpansion/MakingHistory/Parts/Pods/Assets/KV3
[LOG 09:32:59.117] Load DDS texture: SquadExpansion/MakingHistory/Parts/Pods/Assets/Mk2Pod
[LOG 09:32:59.124] Load DDS texture: SquadExpansion/MakingHistory/Parts/Pods/Assets/Mk2Pod_GLOW
[LOG 09:32:59.130] Load DDS texture: SquadExpansion/MakingHistory/Parts/Pods/Assets/Mk2Pod_n
[LOG 09:32:59.136] Load DDS texture: SquadExpansion/MakingHistory/Parts/Pods/Assets/Size1_5_Lander
[LOG 09:32:59.146] Load DDS texture: SquadExpansion/MakingHistory/Parts/Pods/Assets/Size1_5_Lander_GLOW
[LOG 09:32:59.152] Load DDS texture: SquadExpansion/MakingHistory/Parts/SharedAssets/Shrouds
[LOG 09:32:59.159] Load DDS texture: SquadExpansion/MakingHistory/Parts/SharedAssets/Shrouds_N
[LOG 09:32:59.166] Load DDS texture: SquadExpansion/MakingHistory/Parts/Structural/Assets/NormalMap
[LOG 09:32:59.174] Load DDS texture: SquadExpansion/MakingHistory/Parts/Structural/Assets/Panels
[LOG 09:32:59.182] Load DDS texture: SquadExpansion/MakingHistory/Parts/Structural/Assets/Panels_Dark_D
[LOG 09:32:59.190] Load DDS texture: SquadExpansion/MakingHistory/Parts/Structural/Assets/Panels_Gold_D
[LOG 09:32:59.198] Load Cached PNG Texture: SquadExpansion/MakingHistory/Parts/Structural/Assets/Panels_Gold_NRM
[LOG 09:32:59.207] Load DDS texture: SquadExpansion/MakingHistory/Parts/Structural/Assets/Panels_Gold_S
[LOG 09:32:59.219] Load DDS texture: SquadExpansion/MakingHistory/Parts/Structural/Assets/Panels_Silver_D
[LOG 09:32:59.230] Load DDS texture: SquadExpansion/MakingHistory/Parts/Structural/Assets/Panels_Silver_S
[LOG 09:32:59.239] Load Cached PNG Texture: SquadExpansion/MakingHistory/Ships/@thumbs/VAB/Acapello
[LOG 09:32:59.247] Load Cached PNG Texture: SquadExpansion/MakingHistory/Ships/@thumbs/VAB/Beta Centaurus
[LOG 09:32:59.254] Load Cached PNG Texture: SquadExpansion/MakingHistory/Ships/@thumbs/VAB/Goliath II HLV
[LOG 09:32:59.261] Load Cached PNG Texture: SquadExpansion/MakingHistory/Ships/@thumbs/VAB/Muna 1
[LOG 09:32:59.271] Load Cached PNG Texture: SquadExpansion/MakingHistory/Ships/@thumbs/VAB/Sally-Hut 1
[LOG 09:32:59.280] Load Cached PNG Texture: SquadExpansion/MakingHistory/Ships/@thumbs/VAB/SWM-94 Communications Satellite
[LOG 09:32:59.289] Load Cached PNG Texture: SquadExpansion/MakingHistory/Ships/@thumbs/VAB/Valshkod 2
[LOG 09:32:59.297] Load DDS texture: SquadExpansion/MakingHistory/Spaces/KVPods/airlock
[LOG 09:32:59.304] Load DDS texture: SquadExpansion/MakingHistory/Spaces/KVPods/airlock_N
[LOG 09:32:59.313] Load DDS texture: SquadExpansion/MakingHistory/Spaces/KVPods/KV1_Props_Diffuse
[LOG 09:32:59.323] Load DDS texture: SquadExpansion/MakingHistory/Spaces/KVPods/KV1_Props_Normal
[LOG 09:32:59.334] Load DDS texture: SquadExpansion/MakingHistory/Spaces/KVPods/KV1_Shell_Diffuse
[LOG 09:32:59.349] Load DDS texture: SquadExpansion/MakingHistory/Spaces/KVPods/KV1_Shell_Emissive
[LOG 09:32:59.359] Load DDS texture: SquadExpansion/MakingHistory/Spaces/KVPods/KV1_Shell_Normal
[LOG 09:32:59.368] Load DDS texture: SquadExpansion/MakingHistory/Spaces/KVPods/KV1_Vzor_Diffuse
[LOG 09:32:59.376] Load DDS texture: SquadExpansion/MakingHistory/Spaces/KVPods/KV2_Props_Diffuse
[LOG 09:32:59.385] Load DDS texture: SquadExpansion/MakingHistory/Spaces/KVPods/KV2_Props_Emissive
[LOG 09:32:59.395] Load DDS texture: SquadExpansion/MakingHistory/Spaces/KVPods/KV2_Props_Normal
[LOG 09:32:59.406] Load DDS texture: SquadExpansion/MakingHistory/Spaces/KVPods/KV2_Shell_Diffuse
[LOG 09:32:59.415] Load DDS texture: SquadExpansion/MakingHistory/Spaces/KVPods/KV2_Shell_Normal
[LOG 09:32:59.424] Load DDS texture: SquadExpansion/MakingHistory/Spaces/KVPods/KV3_Props_Diffuse
[LOG 09:32:59.435] Load DDS texture: SquadExpansion/MakingHistory/Spaces/KVPods/KV3_Props_Normal
[LOG 09:32:59.442] Load DDS texture: SquadExpansion/MakingHistory/Spaces/KVPods/KV3_Shell_Diffuse
[LOG 09:32:59.452] Load DDS texture: SquadExpansion/MakingHistory/Spaces/KVPods/KV3_Shell_Normal
[LOG 09:32:59.469] Load DDS texture: SquadExpansion/MakingHistory/Spaces/KVPods/motor
[LOG 09:32:59.477] Load DDS texture: SquadExpansion/MakingHistory/Spaces/KVPods/pilot Seat
[LOG 09:32:59.486] Load DDS texture: SquadExpansion/MakingHistory/Spaces/MEM/PANELS_AO
[LOG 09:32:59.495] Load DDS texture: SquadExpansion/MakingHistory/Spaces/MEM/PANELS_EMISSIVE
[LOG 09:32:59.505] Load DDS texture: SquadExpansion/MakingHistory/Spaces/MEM/PANELS_NORMAL
[LOG 09:32:59.512] Load DDS texture: SquadExpansion/MakingHistory/Spaces/MEM/pilot Seat
[LOG 09:32:59.520] Load DDS texture: SquadExpansion/MakingHistory/Spaces/MEM/propsGeneric
[LOG 09:32:59.528] Load DDS texture: SquadExpansion/MakingHistory/Spaces/MEM/PROPS_AO
[LOG 09:32:59.535] Load DDS texture: SquadExpansion/MakingHistory/Spaces/MEM/PROPS_EMISSIVE
[LOG 09:32:59.543] Load DDS texture: SquadExpansion/MakingHistory/Spaces/MEM/PROPS_NORMAL
[LOG 09:32:59.552] Load DDS texture: SquadExpansion/MakingHistory/Spaces/Mk2Pod/DIfuse_controlboard
[LOG 09:32:59.562] Load DDS texture: SquadExpansion/MakingHistory/Spaces/Mk2Pod/Normal_controlbard
[LOG 09:32:59.573] Load DDS texture: SquadExpansion/MakingHistory/Spaces/Mk2Pod/Outershell_Base_Color
[LOG 09:32:59.583] Load DDS texture: SquadExpansion/MakingHistory/Spaces/Mk2Pod/Outershell_Normal
[LOG 09:32:59.593] Load DDS texture: SquadExpansion/MakingHistory/Spaces/Mk2Pod/pilot Seat
[LOG 09:32:59.601] Load Cached PNG Texture: SquadExpansion/Serenity/Parts/@thumbs/controller1000_icon
[LOG 09:32:59.607] Load Cached PNG Texture: SquadExpansion/Serenity/Parts/@thumbs/DeployedCentralStation_icon
[LOG 09:32:59.620] Load Cached PNG Texture: SquadExpansion/Serenity/Parts/@thumbs/DeployedGoExOb_icon
[LOG 09:32:59.631] Load Cached PNG Texture: SquadExpansion/Serenity/Parts/@thumbs/DeployedIONExp_icon
[LOG 09:32:59.654] Load Cached PNG Texture: SquadExpansion/Serenity/Parts/@thumbs/DeployedRTG_icon
[LOG 09:32:59.661] Load Cached PNG Texture: SquadExpansion/Serenity/Parts/@thumbs/DeployedSatDish_icon
[LOG 09:32:59.670] Load Cached PNG Texture: SquadExpansion/Serenity/Parts/@thumbs/DeployedSeismicSensor_icon
[LOG 09:32:59.693] Load Cached PNG Texture: SquadExpansion/Serenity/Parts/@thumbs/DeployedSolarPanel_icon
[LOG 09:32:59.703] Load Cached PNG Texture: SquadExpansion/Serenity/Parts/@thumbs/DeployedWeatherStn_icon
[LOG 09:32:59.712] Load Cached PNG Texture: SquadExpansion/Serenity/Parts/@thumbs/FanShroud.01_icon0
[LOG 09:32:59.721] Load Cached PNG Texture: SquadExpansion/Serenity/Parts/@thumbs/FanShroud.01_icon1
[LOG 09:32:59.728] Load Cached PNG Texture: SquadExpansion/Serenity/Parts/@thumbs/FanShroud.02_icon0
[LOG 09:32:59.735] Load Cached PNG Texture: SquadExpansion/Serenity/Parts/@thumbs/FanShroud.02_icon1
[LOG 09:32:59.743] Load Cached PNG Texture: SquadExpansion/Serenity/Parts/@thumbs/hinge.01.s_icon0
[LOG 09:32:59.751] Load Cached PNG Texture: SquadExpansion/Serenity/Parts/@thumbs/hinge.01.s_icon1
[LOG 09:32:59.758] Load Cached PNG Texture: SquadExpansion/Serenity/Parts/@thumbs/hinge.01_icon0
[LOG 09:32:59.764] Load Cached PNG Texture: SquadExpansion/Serenity/Parts/@thumbs/hinge.01_icon1
[LOG 09:32:59.772] Load Cached PNG Texture: SquadExpansion/Serenity/Parts/@thumbs/hinge.03.s_icon0
[LOG 09:32:59.778] Load Cached PNG Texture: SquadExpansion/Serenity/Parts/@thumbs/hinge.03.s_icon1
[LOG 09:32:59.785] Load Cached PNG Texture: SquadExpansion/Serenity/Parts/@thumbs/hinge.03_icon0
[LOG 09:32:59.793] Load Cached PNG Texture: SquadExpansion/Serenity/Parts/@thumbs/hinge.03_icon1
[LOG 09:32:59.802] Load Cached PNG Texture: SquadExpansion/Serenity/Parts/@thumbs/largeFanBlade_icon0
[LOG 09:32:59.812] Load Cached PNG Texture: SquadExpansion/Serenity/Parts/@thumbs/largeFanBlade_icon1
[LOG 09:32:59.819] Load Cached PNG Texture: SquadExpansion/Serenity/Parts/@thumbs/largePropeller_icon0
[LOG 09:32:59.836] Load Cached PNG Texture: SquadExpansion/Serenity/Parts/@thumbs/largePropeller_icon1
[LOG 09:32:59.849] Load Cached PNG Texture: SquadExpansion/Serenity/Parts/@thumbs/lGripPad_icon0
[LOG 09:32:59.856] Load Cached PNG Texture: SquadExpansion/Serenity/Parts/@thumbs/lGripPad_icon1
[LOG 09:32:59.867] Load Cached PNG Texture: SquadExpansion/Serenity/Parts/@thumbs/lGripStrip_icon
[LOG 09:32:59.878] Load Cached PNG Texture: SquadExpansion/Serenity/Parts/@thumbs/mediumFanBlade_icon0
[LOG 09:32:59.886] Load Cached PNG Texture: SquadExpansion/Serenity/Parts/@thumbs/mediumFanBlade_icon1
[LOG 09:32:59.893] Load Cached PNG Texture: SquadExpansion/Serenity/Parts/@thumbs/mediumPropeller_icon0
[LOG 09:32:59.905] Load Cached PNG Texture: SquadExpansion/Serenity/Parts/@thumbs/mediumPropeller_icon1
[LOG 09:32:59.913] Load Cached PNG Texture: SquadExpansion/Serenity/Parts/@thumbs/mGripPad_icon0
[LOG 09:32:59.919] Load Cached PNG Texture: SquadExpansion/Serenity/Parts/@thumbs/mGripPad_icon1
[LOG 09:32:59.925] Load Cached PNG Texture: SquadExpansion/Serenity/Parts/@thumbs/noseconeTiny_icon
[LOG 09:32:59.933] Load Cached PNG Texture: SquadExpansion/Serenity/Parts/@thumbs/noseconeVS_icon
[LOG 09:32:59.941] Load Cached PNG Texture: SquadExpansion/Serenity/Parts/@thumbs/piston.01_icon0
[LOG 09:32:59.948] Load Cached PNG Texture: SquadExpansion/Serenity/Parts/@thumbs/piston.01_icon1
[LOG 09:32:59.956] Load Cached PNG Texture: SquadExpansion/Serenity/Parts/@thumbs/piston.02_icon0
[LOG 09:32:59.963] Load Cached PNG Texture: SquadExpansion/Serenity/Parts/@thumbs/piston.02_icon1
[LOG 09:32:59.969] Load Cached PNG Texture: SquadExpansion/Serenity/Parts/@thumbs/piston.03_icon0
[LOG 09:32:59.976] Load Cached PNG Texture: SquadExpansion/Serenity/Parts/@thumbs/piston.03_icon1
[LOG 09:32:59.983] Load Cached PNG Texture: SquadExpansion/Serenity/Parts/@thumbs/piston.04_icon0
[LOG 09:32:59.988] Load Cached PNG Texture: SquadExpansion/Serenity/Parts/@thumbs/piston.04_icon1
[LOG 09:32:59.995] Load Cached PNG Texture: SquadExpansion/Serenity/Parts/@thumbs/RobotArmScanner.S1_icon
[LOG 09:33:00.009] Load Cached PNG Texture: SquadExpansion/Serenity/Parts/@thumbs/RobotArmScanner.S2_icon
[LOG 09:33:00.020] Load Cached PNG Texture: SquadExpansion/Serenity/Parts/@thumbs/RobotArmScanner.S3_icon
[LOG 09:33:00.030] Load Cached PNG Texture: SquadExpansion/Serenity/Parts/@thumbs/rotor.01s_icon0
[LOG 09:33:00.040] Load Cached PNG Texture: SquadExpansion/Serenity/Parts/@thumbs/rotor.01s_icon1
[LOG 09:33:00.064] Load Cached PNG Texture: SquadExpansion/Serenity/Parts/@thumbs/rotor.01_icon0
[LOG 09:33:00.096] Load Cached PNG Texture: SquadExpansion/Serenity/Parts/@thumbs/rotor.01_icon1
[LOG 09:33:00.132] Load Cached PNG Texture: SquadExpansion/Serenity/Parts/@thumbs/rotor.02s_icon0
[LOG 09:33:00.168] Load Cached PNG Texture: SquadExpansion/Serenity/Parts/@thumbs/rotor.02s_icon1
[LOG 09:33:00.197] Load Cached PNG Texture: SquadExpansion/Serenity/Parts/@thumbs/rotor.02_icon0
[LOG 09:33:00.219] Load Cached PNG Texture: SquadExpansion/Serenity/Parts/@thumbs/rotor.02_icon1
[LOG 09:33:00.228] Load Cached PNG Texture: SquadExpansion/Serenity/Parts/@thumbs/RotorEngine.02_icon
[LOG 09:33:00.235] Load Cached PNG Texture: SquadExpansion/Serenity/Parts/@thumbs/rotoServo.00_icon0
[LOG 09:33:00.246] Load Cached PNG Texture: SquadExpansion/Serenity/Parts/@thumbs/rotoServo.00_icon1
[LOG 09:33:00.253] Load Cached PNG Texture: SquadExpansion/Serenity/Parts/@thumbs/rotoServo.02_icon0
[LOG 09:33:00.261] Load Cached PNG Texture: SquadExpansion/Serenity/Parts/@thumbs/rotoServo.02_icon1
[LOG 09:33:00.268] Load Cached PNG Texture: SquadExpansion/Serenity/Parts/@thumbs/rotoServo.03_icon0
[LOG 09:33:00.275] Load Cached PNG Texture: SquadExpansion/Serenity/Parts/@thumbs/rotoServo.03_icon1
[LOG 09:33:00.282] Load Cached PNG Texture: SquadExpansion/Serenity/Parts/@thumbs/sGripPad_icon0
[LOG 09:33:00.290] Load Cached PNG Texture: SquadExpansion/Serenity/Parts/@thumbs/sGripPad_icon1
[LOG 09:33:00.299] Load Cached PNG Texture: SquadExpansion/Serenity/Parts/@thumbs/sGripStrip_icon
[LOG 09:33:00.305] Load Cached PNG Texture: SquadExpansion/Serenity/Parts/@thumbs/smallFanBlade_icon0
[LOG 09:33:00.312] Load Cached PNG Texture: SquadExpansion/Serenity/Parts/@thumbs/smallFanBlade_icon1
[LOG 09:33:00.321] Load Cached PNG Texture: SquadExpansion/Serenity/Parts/@thumbs/smallHeliBlade_icon0
[LOG 09:33:00.338] Load Cached PNG Texture: SquadExpansion/Serenity/Parts/@thumbs/smallHeliBlade_icon1
[LOG 09:33:00.346] Load Cached PNG Texture: SquadExpansion/Serenity/Parts/@thumbs/smallPropeller_icon0
[LOG 09:33:00.355] Load Cached PNG Texture: SquadExpansion/Serenity/Parts/@thumbs/smallPropeller_icon1
[LOG 09:33:00.365] Load DDS texture: SquadExpansion/Serenity/Parts/Aero/Assets/copterBlades_diffuse
[LOG 09:33:00.374] Load DDS texture: SquadExpansion/Serenity/Parts/Aero/Assets/shroudsDiffuse_color
[LOG 09:33:00.382] Load DDS texture: SquadExpansion/Serenity/Parts/Aero/Assets/shroudsDiffuse_plain
[LOG 09:33:00.390] Load Cached PNG Texture: SquadExpansion/Serenity/Parts/DeployedScience/MockupTexture
[LOG 09:33:00.401] Load DDS texture: SquadExpansion/Serenity/Parts/DeployedScience/Assets/centralStation_diffuse
[LOG 09:33:00.430] Load DDS texture: SquadExpansion/Serenity/Parts/DeployedScience/Assets/centralStation_emissive
[LOG 09:33:00.449] Load DDS texture: SquadExpansion/Serenity/Parts/DeployedScience/Assets/GenericParts_diffuse
[LOG 09:33:00.451] Load DDS texture: SquadExpansion/Serenity/Parts/DeployedScience/Assets/GenericParts_emissive
[LOG 09:33:00.459] Load DDS texture: SquadExpansion/Serenity/Parts/DeployedScience/Assets/GenericParts_normal
[LOG 09:33:00.470] Load DDS texture: SquadExpansion/Serenity/Parts/DeployedScience/Assets/goex_diffuse
[LOG 09:33:00.477] Load DDS texture: SquadExpansion/Serenity/Parts/DeployedScience/Assets/goex_specMapped
[LOG 09:33:00.488] Load DDS texture: SquadExpansion/Serenity/Parts/DeployedScience/Assets/Grid
[LOG 09:33:00.496] Load DDS texture: SquadExpansion/Serenity/Parts/DeployedScience/Assets/IonExperiment_diffuse
[LOG 09:33:00.504] Load DDS texture: SquadExpansion/Serenity/Parts/DeployedScience/Assets/RTGCask_diffuse
[LOG 09:33:00.513] Load DDS texture: SquadExpansion/Serenity/Parts/DeployedScience/Assets/satDish_diffuse
[LOG 09:33:00.523] Load Cached PNG Texture: SquadExpansion/Serenity/Parts/DeployedScience/Assets/Scratch
[LOG 09:33:00.530] Load DDS texture: SquadExpansion/Serenity/Parts/DeployedScience/Assets/Screen2
[LOG 09:33:00.536] Load DDS texture: SquadExpansion/Serenity/Parts/DeployedScience/Assets/Screen3
[LOG 09:33:00.543] Load DDS texture: SquadExpansion/Serenity/Parts/DeployedScience/Assets/ScreenReadout
[LOG 09:33:00.548] Load DDS texture: SquadExpansion/Serenity/Parts/DeployedScience/Assets/seismicSensor_diffuse
[LOG 09:33:00.555] Load DDS texture: SquadExpansion/Serenity/Parts/DeployedScience/Assets/seismicSensor_nrm
[LOG 09:33:00.563] Load DDS texture: SquadExpansion/Serenity/Parts/DeployedScience/Assets/seismicSensor_specularMapped
[LOG 09:33:00.569] Load DDS texture: SquadExpansion/Serenity/Parts/DeployedScience/Assets/SolarGraph
[LOG 09:33:00.576] Load DDS texture: SquadExpansion/Serenity/Parts/DeployedScience/Assets/solarPanel_diffuse
[LOG 09:33:00.582] Load DDS texture: SquadExpansion/Serenity/Parts/DeployedScience/Assets/Waveleght3
[LOG 09:33:00.589] Load DDS texture: SquadExpansion/Serenity/Parts/DeployedScience/Assets/Wavelenght
[LOG 09:33:00.598] Load DDS texture: SquadExpansion/Serenity/Parts/DeployedScience/Assets/Wavelenght2
[LOG 09:33:00.604] Load DDS texture: SquadExpansion/Serenity/Parts/DeployedScience/Assets/wavelenght4
[LOG 09:33:00.609] Load DDS texture: SquadExpansion/Serenity/Parts/DeployedScience/Assets/wavelenght5
[LOG 09:33:00.637] Load DDS texture: SquadExpansion/Serenity/Parts/DeployedScience/Assets/WeatherStation [Normal]
[LOG 09:33:00.662] Load DDS texture: SquadExpansion/Serenity/Parts/DeployedScience/Assets/Weather_Station_diffuse
[LOG 09:33:00.666] Load DDS texture: SquadExpansion/Serenity/Parts/DeployedScience/Assets/Weather_Station_normal
[LOG 09:33:00.675] Load DDS texture: SquadExpansion/Serenity/Parts/Propellers/Assets/blade_diffuse
[LOG 09:33:00.681] Load DDS texture: SquadExpansion/Serenity/Parts/Propellers/Assets/copterBlades_diffuse
[LOG 09:33:00.692] Load DDS texture: SquadExpansion/Serenity/Parts/Propellers/Assets/fan_diffuse
[LOG 09:33:00.698] Load DDS texture: SquadExpansion/Serenity/Parts/Robotics/Assets/hinges-03-s_diffuse_Color
[LOG 09:33:00.706] Load DDS texture: SquadExpansion/Serenity/Parts/Robotics/Assets/hinges-03_diffuse_color
[LOG 09:33:00.713] Load DDS texture: SquadExpansion/Serenity/Parts/Robotics/Assets/hinges-03_diffuse_plain
[LOG 09:33:00.720] Load DDS texture: SquadExpansion/Serenity/Parts/Robotics/Assets/hinges_diffuse
[LOG 09:33:00.727] Load DDS texture: SquadExpansion/Serenity/Parts/Robotics/Assets/Hinge_diffuse_G-00_Color
[LOG 09:33:00.733] Load DDS texture: SquadExpansion/Serenity/Parts/Robotics/Assets/Hinge_diffuse_G-11_Color
[LOG 09:33:00.739] Load DDS texture: SquadExpansion/Serenity/Parts/Robotics/Assets/Hinge_diffuse_G-11_plain
[LOG 09:33:00.746] Load DDS texture: SquadExpansion/Serenity/Parts/Robotics/Assets/Hinge_normal
[LOG 09:33:00.876] Load DDS texture: SquadExpansion/Serenity/Parts/Robotics/Assets/RotorEngine_02_diffuse
[LOG 09:33:00.891] Load DDS texture: SquadExpansion/Serenity/Parts/Robotics/Assets/RotorEngine_03_diffuse
[LOG 09:33:00.898] Load DDS texture: SquadExpansion/Serenity/Parts/Robotics/Assets/RotorEngine_03_normal
[LOG 09:33:00.905] Load DDS texture: SquadExpansion/Serenity/Parts/Robotics/Assets/Rotor_01_diffuse_color
[LOG 09:33:00.910] Load DDS texture: SquadExpansion/Serenity/Parts/Robotics/Assets/Rotor_01_diffuse_plain
[LOG 09:33:00.918] Load DDS texture: SquadExpansion/Serenity/Parts/Robotics/Assets/Rotor_01_normal
[LOG 09:33:00.926] Load DDS texture: SquadExpansion/Serenity/Parts/Robotics/Assets/Rotor_01_specular_D
[LOG 09:33:00.931] Load DDS texture: SquadExpansion/Serenity/Parts/Robotics/Assets/Rotor_02_diffuse_color
[LOG 09:33:00.941] Load DDS texture: SquadExpansion/Serenity/Parts/Robotics/Assets/Rotor_03_diffuse_color
[LOG 09:33:00.948] Load DDS texture: SquadExpansion/Serenity/Parts/Robotics/Assets/Rotor_03_diffuse_plain
[LOG 09:33:00.956] Load DDS texture: SquadExpansion/Serenity/Parts/Robotics/Assets/Rotor_03_normal
[LOG 09:33:00.963] Load DDS texture: SquadExpansion/Serenity/Parts/Robotics/Assets/rotoServos_diffuse_color
[LOG 09:33:00.969] Load DDS texture: SquadExpansion/Serenity/Parts/Robotics/Assets/rotoServos_diffuse_plain
[LOG 09:33:00.977] Load DDS texture: SquadExpansion/Serenity/Parts/Robotics/Assets/rotoServos_nrm
[LOG 09:33:00.982] Load DDS texture: SquadExpansion/Serenity/Parts/Robotics/Controllers/roboController_diffuse
[LOG 09:33:00.989] Load DDS texture: SquadExpansion/Serenity/Parts/Robotics/Controllers/roboController_emissive
[LOG 09:33:00.995] Load Cached PNG Texture: SquadExpansion/Serenity/Parts/Science/RobotArmScanner/Assets/DrillBits
[LOG 09:33:01.001] Load DDS texture: SquadExpansion/Serenity/Parts/Science/RobotArmScanner/Assets/DustParticle
[WRN 09:33:01.002] Duplicate PNG texture 'SquadExpansion/Serenity/Parts/Science/RobotArmScanner/Assets/DustParticle' with extension 'png' won't be loaded
[LOG 09:33:01.010] Load DDS texture: SquadExpansion/Serenity/Parts/Science/RobotArmScanner/Assets/GenericParts_diffuse
[LOG 09:33:01.019] Load DDS texture: SquadExpansion/Serenity/Parts/Science/RobotArmScanner/Assets/GenericParts_normal
[LOG 09:33:01.029] Load DDS texture: SquadExpansion/Serenity/Parts/Science/RobotArmScanner/Assets/ROCArm3_diffuse
[LOG 09:33:01.041] Load DDS texture: SquadExpansion/Serenity/Parts/Science/RobotArmScanner/Assets/ROCArm3_normal
[LOG 09:33:01.051] Load DDS texture: SquadExpansion/Serenity/Parts/Science/RobotArmScanner/Assets/ROCArm_2_diffuse
[LOG 09:33:01.059] Load DDS texture: SquadExpansion/Serenity/Parts/Science/RobotArmScanner/Assets/ROCArm_2_normal
[LOG 09:33:01.067] Load Cached PNG Texture: SquadExpansion/Serenity/Parts/Science/RobotArmScanner/Assets/Scratch
[LOG 09:33:01.073] Load DDS texture: SquadExpansion/Serenity/Parts/Science/RobotArmScanner/Assets/SmallArm_diffuse
[LOG 09:33:01.080] Load DDS texture: SquadExpansion/Serenity/Parts/Science/RobotArmScanner/Assets/SmallArm_normal
[LOG 09:33:01.086] Load DDS texture: SquadExpansion/Serenity/Parts/Structural/gripPads/Assets/gripPads_diffuse
[LOG 09:33:01.094] Load DDS texture: SquadExpansion/Serenity/Parts/Structural/gripPads/Assets/gripPads_nrm
[LOG 09:33:01.101] Load Cached PNG Texture: SquadExpansion/Serenity/Ships/@thumbs/SPH/Arrow-E
[LOG 09:33:01.108] Load Cached PNG Texture: SquadExpansion/Serenity/Ships/@thumbs/SPH/Butterfly Rover
[LOG 09:33:01.113] Load Cached PNG Texture: SquadExpansion/Serenity/Ships/@thumbs/SPH/Jeb_s Quadtaxi
[LOG 09:33:01.120] Load Cached PNG Texture: SquadExpansion/Serenity/Ships/@thumbs/SPH/Kerbodyne Rotodyne
[LOG 09:33:01.126] Load Cached PNG Texture: SquadExpansion/Serenity/Ships/@thumbs/SPH/Seahawk
[LOG 09:33:01.136] Load Cached PNG Texture: SquadExpansion/Serenity/Ships/@thumbs/SPH/Val-Thopter
[LOG 09:33:01.146] Load MU model: Squad/FX/afterburner_flame
[LOG 09:33:01.153] Load MU model: Squad/FX/afterburner_shock
[LOG 09:33:01.163] Load MU model: Squad/FX/diamondBlue
[LOG 09:33:01.168] Load MU model: Squad/FX/exhaustFlames_blue
[LOG 09:33:01.250] Load MU model: Squad/FX/hydroLOXFlame
[LOG 09:33:01.251] Load MU model: Squad/FX/IonPlume
[LOG 09:33:01.251] Load MU model: Squad/FX/ks1_Exhaust
[LOG 09:33:01.252] Load MU model: Squad/FX/ks25_Exhaust
[LOG 09:33:01.252] Load MU model: Squad/FX/ksX_Exhaust
[LOG 09:33:01.252] Load MU model: Squad/FX/LES_Thruster
[LOG 09:33:01.253] Load MU model: Squad/FX/Monoprop_big
[LOG 09:33:01.253] Load MU model: Squad/FX/Monoprop_medium
[LOG 09:33:01.253] Load MU model: Squad/FX/Monoprop_small
[LOG 09:33:01.254] Load MU model: Squad/FX/shockExhaust_blue
[LOG 09:33:01.254] Load MU model: Squad/FX/shockExhaust_blue_small
[LOG 09:33:01.254] Load MU model: Squad/FX/shockExhaust_red_small
[LOG 09:33:01.256] Load MU model: Squad/FX/SRB_Large
[LOG 09:33:01.263] Load MU model: Squad/FX/SRB_LargeSparks
[LOG 09:33:01.271] Load MU model: Squad/Parts/Aero/aerodynamicNoseCone/aerodynamicNoseCone
[LOG 09:33:01.275] Load MU model: Squad/Parts/Aero/airbrake/Airbrake
[LOG 09:33:01.284] Load MU model: Squad/Parts/Aero/airIntakeRadialXM-G50/RadialIntake
[LOG 09:33:01.290] Load MU model: Squad/Parts/Aero/airlinerWings/ControlSurface
[LOG 09:33:01.296] Load MU model: Squad/Parts/Aero/airlinerWings/MainWing
[LOG 09:33:01.302] Load MU model: Squad/Parts/Aero/airlinerWings/TailFin
[LOG 09:33:01.309] Load MU model: Squad/Parts/Aero/airplaneFins/AdvCanard
[LOG 09:33:01.315] Load MU model: Squad/Parts/Aero/airplaneFins/Canard
[LOG 09:33:01.319] Load MU model: Squad/Parts/Aero/airplaneFins/Swept
[LOG 09:33:01.330] Load MU model: Squad/Parts/Aero/airplaneFins/TailFin
[LOG 09:33:01.337] Load MU model: Squad/Parts/Aero/basicFin/basicFin
[LOG 09:33:01.343] Load MU model: Squad/Parts/Aero/circularIntake/CircularIntake
[LOG 09:33:01.348] Load MU model: Squad/Parts/Aero/circularIntake/ConeIntake
[LOG 09:33:01.354] Load MU model: Squad/Parts/Aero/cones/Assets/AvioCone
[LOG 09:33:01.361] Load MU model: Squad/Parts/Aero/cones/Assets/ConeA
[LOG 09:33:01.367] Load MU model: Squad/Parts/Aero/cones/Assets/ConeB
[LOG 09:33:01.375] Load MU model: Squad/Parts/Aero/cones/Assets/NCS
[LOG 09:33:01.381] Load MU model: Squad/Parts/Aero/cones/Assets/orangeNoseCone
[LOG 09:33:01.389] Load MU model: Squad/Parts/Aero/cones/Assets/rocketNoseCone
[LOG 09:33:01.398] Load MU model: Squad/Parts/Aero/cones/Assets/rocketNoseCone_v2
[LOG 09:33:01.406] Load MU model: Squad/Parts/Aero/cones/Assets/rocketNoseCone_v3
[LOG 09:33:01.414] Load MU model: Squad/Parts/Aero/cones/Assets/TailA
[LOG 09:33:01.422] Load MU model: Squad/Parts/Aero/cones/Assets/TailB
[LOG 09:33:01.429] Load MU model: Squad/Parts/Aero/cones/Assets/TinyCone
[LOG 09:33:01.435] Load MU model: Squad/Parts/Aero/fairings/AutoTruss
[LOG 09:33:01.446] Load MU model: Squad/Parts/Aero/fairings/fairingSize1
[LOG 09:33:01.452] Load MU model: Squad/Parts/Aero/fairings/fairingSize2
[LOG 09:33:01.460] Load MU model: Squad/Parts/Aero/fairings/fairingSize3
[LOG 09:33:01.466] Load MU model: Squad/Parts/Aero/HeatShield/HeatShield0
[LOG 09:33:01.472] Load MU model: Squad/Parts/Aero/HeatShield/HeatShield1
[LOG 09:33:01.477] Load MU model: Squad/Parts/Aero/HeatShield/HeatShield2
[LOG 09:33:01.484] Load MU model: Squad/Parts/Aero/HeatShield/HeatShield3
[LOG 09:33:01.491] Load MU model: Squad/Parts/Aero/InflatableHeatShield/HeatShield
[LOG 09:33:01.497] Load MU model: Squad/Parts/Aero/intakeRadialLong/IntakeRadial
[LOG 09:33:01.504] Load MU model: Squad/Parts/Aero/miniIntake/SmallIntake
[LOG 09:33:01.511] Load MU model: Squad/Parts/Aero/ramAirIntake/RampIntake
[LOG 09:33:01.516] Load MU model: Squad/Parts/Aero/shuttleWings/ShuttleDeltaWing
[LOG 09:33:01.522] Load MU model: Squad/Parts/Aero/shuttleWings/ShuttleElevonA
[LOG 09:33:01.529] Load MU model: Squad/Parts/Aero/shuttleWings/ShuttleElevonB
[LOG 09:33:01.536] Load MU model: Squad/Parts/Aero/shuttleWings/ShuttleRudder
[LOG 09:33:01.542] Load MU model: Squad/Parts/Aero/shuttleWings/ShuttleStrake
[LOG 09:33:01.548] Load MU model: Squad/Parts/Aero/wingletAV-R8/model
[LOG 09:33:01.555] Load MU model: Squad/Parts/Aero/wingletAV-T1/model
[LOG 09:33:01.562] Load MU model: Squad/Parts/Aero/wingletDeltaDeluxe/model
[LOG 09:33:01.567] Load MU model: Squad/Parts/Aero/wings/connector1
[LOG 09:33:01.574] Load MU model: Squad/Parts/Aero/wings/connector2
[LOG 09:33:01.580] Load MU model: Squad/Parts/Aero/wings/connector3
[LOG 09:33:01.585] Load MU model: Squad/Parts/Aero/wings/connector4
[LOG 09:33:01.593] Load MU model: Squad/Parts/Aero/wings/connector5
[LOG 09:33:01.603] Load MU model: Squad/Parts/Aero/wings/delta
[LOG 09:33:01.610] Load MU model: Squad/Parts/Aero/wings/delta_small
[LOG 09:33:01.620] Load MU model: Squad/Parts/Aero/wings/elevon1
[LOG 09:33:01.629] Load MU model: Squad/Parts/Aero/wings/elevon2
[LOG 09:33:01.637] Load MU model: Squad/Parts/Aero/wings/elevon3
[LOG 09:33:01.646] Load MU model: Squad/Parts/Aero/wings/elevon4
[LOG 09:33:01.654] Load MU model: Squad/Parts/Aero/wings/elevon5
[LOG 09:33:01.661] Load MU model: Squad/Parts/Aero/wings/strake
[LOG 09:33:01.667] Load MU model: Squad/Parts/Aero/wings/structural1
[LOG 09:33:01.674] Load MU model: Squad/Parts/Aero/wings/structural2
[LOG 09:33:01.679] Load MU model: Squad/Parts/Aero/wings/structural3
[LOG 09:33:01.685] Load MU model: Squad/Parts/Aero/wings/structural4
[LOG 09:33:01.690] Load MU model: Squad/Parts/Aero/wings/swept1
[LOG 09:33:01.699] Load MU model: Squad/Parts/Aero/wings/swept2
[LOG 09:33:01.705] Load MU model: Squad/Parts/Cargo/CargoContainers/cargoContainer
[LOG 09:33:01.711] Load MU model: Squad/Parts/Cargo/CargoContainers/smallCargoContainer
[LOG 09:33:01.716] Load MU model: Squad/Parts/Cargo/Cylinder/EVAcylinder
[LOG 09:33:01.723] Load MU model: Squad/Parts/Cargo/GroundAnchor/groundAnchor
[LOG 09:33:01.742] Load MU model: Squad/Parts/Cargo/Jetpack/Jetpack
[LOG 09:33:01.749] Load MU model: Squad/Parts/Cargo/Parachute/Parachute
[LOG 09:33:01.755] Load MU model: Squad/Parts/Cargo/RepairKit/RepairKit
[LOG 09:33:01.768] Load MU model: Squad/Parts/Cargo/ScienceKit/ExperimentKit
[LOG 09:33:01.769] Load MU model: Squad/Parts/Cargo/StorageUnits/Assets/CargoStorageUnit
[LOG 09:33:01.774] Load MU model: Squad/Parts/Cargo/StorageUnits/Assets/ConformalStorageUnit
[LOG 09:33:01.780] Load MU model: Squad/Parts/Command/advancedSasModuleLarge/model
[LOG 09:33:01.785] Load MU model: Squad/Parts/Command/cupola/model
[LOG 09:33:01.796] Load MU model: Squad/Parts/Command/externalCommandSeat/model
[LOG 09:33:01.802] Load MU model: Squad/Parts/Command/hitchhikerStorageContainer/model
[LOG 09:33:01.808] Load MU model: Squad/Parts/Command/inlineAdvancedStabilizer/model
[LOG 09:33:01.814] Load MU model: Squad/Parts/Command/inlineReactionWheel/model
[LOG 09:33:01.821] Load MU model: Squad/Parts/Command/Mk1-3Pod/Mk1-3
[LOG 09:33:01.827] Load MU model: Squad/Parts/Command/mk1Cockpits/Cabin
[LOG 09:33:01.834] Load MU model: Squad/Parts/Command/mk1Cockpits/CockpitInline
[LOG 09:33:01.843] Load MU model: Squad/Parts/Command/mk1Cockpits/CockpitStandard
[LOG 09:33:01.857] Load MU model: Squad/Parts/Command/mk1LanderCan/model
[LOG 09:33:01.860] Load MU model: Squad/Parts/Command/mk1pod_v2/Mk1Pod_v2
[LOG 09:33:01.866] Load MU model: Squad/Parts/Command/mk2CockpitInline/model
[LOG 09:33:01.873] Load MU model: Squad/Parts/Command/mk2CockpitStandard/model
[LOG 09:33:01.878] Load MU model: Squad/Parts/Command/mk2DroneCore/model
[LOG 09:33:01.884] Load MU model: Squad/Parts/Command/mk2LanderCan/model
[LOG 09:33:01.894] Load MU model: Squad/Parts/Command/mk2LanderCan_v2/mk2LanderCan
[LOG 09:33:01.902] Load MU model: Squad/Parts/Command/mk3CockpitShuttle/model
[LOG 09:33:01.910] Load MU model: Squad/Parts/Command/MpoProbe/MpoProbe
[LOG 09:33:01.917] Load MU model: Squad/Parts/Command/MtmStage/MTM_Stage
[LOG 09:33:01.926] Load MU model: Squad/Parts/Command/probeCoreCube/probeCoreCube
[LOG 09:33:01.932] Load MU model: Squad/Parts/Command/probeCoreHex/model
[LOG 09:33:01.940] Load MU model: Squad/Parts/Command/probeCoreHex_v2/model
[LOG 09:33:01.947] Load MU model: Squad/Parts/Command/probeCoreOcto2_v2/probeCoreOcto2_v2
[LOG 09:33:01.954] Load MU model: Squad/Parts/Command/probeCoreOcto_v2/probeCoreOcto_v2
[LOG 09:33:01.963] Load MU model: Squad/Parts/Command/probeRoverBody/model
[LOG 09:33:01.971] Load MU model: Squad/Parts/Command/probeRoverBody_v2/probeRoverBody_v2
[LOG 09:33:01.978] Load MU model: Squad/Parts/Command/probeStackLarge/model
[LOG 09:33:01.984] Load MU model: Squad/Parts/Command/probeStackSmall/model
[LOG 09:33:01.990] Load MU model: Squad/Parts/Command/probeStackSphere_v2/probeStackSphere_v2
[LOG 09:33:01.996] Load MU model: Squad/Parts/CompoundParts/FuelLine/model
[LOG 09:33:02.004] Load MU model: Squad/Parts/CompoundParts/strutConnector/model
[LOG 09:33:02.012] Load MU model: Squad/Parts/Coupling/Assets/Decoupler_0
[LOG 09:33:02.018] Load MU model: Squad/Parts/Coupling/Assets/Decoupler_1
[LOG 09:33:02.024] Load MU model: Squad/Parts/Coupling/Assets/Decoupler_1p5
[LOG 09:33:02.032] Load MU model: Squad/Parts/Coupling/Assets/Decoupler_2
[LOG 09:33:02.039] Load MU model: Squad/Parts/Coupling/Assets/Decoupler_3
[LOG 09:33:02.046] Load MU model: Squad/Parts/Coupling/Assets/Decoupler_4
[LOG 09:33:02.054] Load MU model: Squad/Parts/Coupling/Assets/Separator_0
[LOG 09:33:02.061] Load MU model: Squad/Parts/Coupling/Assets/Separator_1
[LOG 09:33:02.068] Load MU model: Squad/Parts/Coupling/Assets/Separator_1p5
[LOG 09:33:02.075] Load MU model: Squad/Parts/Coupling/Assets/Separator_2
[LOG 09:33:02.080] Load MU model: Squad/Parts/Coupling/Assets/Separator_3
[LOG 09:33:02.087] Load MU model: Squad/Parts/Coupling/Assets/Separator_4
[LOG 09:33:02.094] Load MU model: Squad/Parts/Electrical/10CSolarPanels/assets/OX-10C
[LOG 09:33:02.099] Load MU model: Squad/Parts/Electrical/10CSolarPanels/assets/SP-10C
[LOG 09:33:02.106] Load MU model: Squad/Parts/Electrical/10LSolarPanels/assets/OX-10L
[LOG 09:33:02.113] Load MU model: Squad/Parts/Electrical/10LSolarPanels/assets/SP-10L
[LOG 09:33:02.120] Load MU model: Squad/Parts/Electrical/1x6ShroudSolarPanels/model
[LOG 09:33:02.127] Load MU model: Squad/Parts/Electrical/1x6SolarPanels/model
[LOG 09:33:02.132] Load MU model: Squad/Parts/Electrical/3x2ShroudSolarPanels/model
[LOG 09:33:02.138] Load MU model: Squad/Parts/Electrical/3x2SolarPanels/model
[LOG 09:33:02.145] Load MU model: Squad/Parts/Electrical/gigantorXlSolarArray/model
[LOG 09:33:02.153] Load MU model: Squad/Parts/Electrical/radialFlatSolarPanel/model
[LOG 09:33:02.161] Load MU model: Squad/Parts/Electrical/RTG/model
[LOG 09:33:02.167] Load MU model: Squad/Parts/Electrical/z-100Battery/model
[LOG 09:33:02.174] Load MU model: Squad/Parts/Electrical/z-1kBattery/model
[LOG 09:33:02.181] Load MU model: Squad/Parts/Electrical/z-200Battery/model
[LOG 09:33:02.189] Load MU model: Squad/Parts/Electrical/z-400Battery/model
[LOG 09:33:02.196] Load MU model: Squad/Parts/Electrical/z-4kBattery/model
[LOG 09:33:02.202] Load MU model: Squad/Parts/Engine/ionEngine/model
[LOG 09:33:02.209] Load MU model: Squad/Parts/Engine/jetEngines/turbineInside
[LOG 09:33:02.218] Load MU model: Squad/Parts/Engine/jetEngines/turboFanSize1
[LOG 09:33:02.227] Load MU model: Squad/Parts/Engine/jetEngines/turboFanSize2
[LOG 09:33:02.234] Load MU model: Squad/Parts/Engine/jetEngines/turboJet
[LOG 09:33:02.242] Load MU model: Squad/Parts/Engine/jetEngines/turboRamJet
[LOG 09:33:02.251] Load MU model: Squad/Parts/Engine/liquidEngine24-77/model
[LOG 09:33:02.260] Load MU model: Squad/Parts/Engine/liquidEngine24-77_v2/Twitch_v2
[LOG 09:33:02.269] Load MU model: Squad/Parts/Engine/liquidEngine48-7S_v2/SparkV2
[LOG 09:33:02.276] Load MU model: Squad/Parts/Engine/liquidEngineAerospike/AeroSpike
[LOG 09:33:02.284] Load MU model: Squad/Parts/Engine/liquidEngineLV-1_v2/Assets/Ant
[LOG 09:33:02.292] Load MU model: Squad/Parts/Engine/liquidEngineLV-1_v2/Assets/Spider
[LOG 09:33:02.412] Load MU model: Squad/Parts/Engine/liquidEngineLV-909_v2/TerrierV2
[LOG 09:33:02.426] Load MU model: Squad/Parts/Engine/liquidEngineLV-N/model
[LOG 09:33:02.433] Load MU model: Squad/Parts/Engine/liquidEngineLV-T30/model
[LOG 09:33:02.439] Load MU model: Squad/Parts/Engine/liquidEngineLV-T30_v2/Reliant_v2
[LOG 09:33:02.445] Load MU model: Squad/Parts/Engine/liquidEngineLV-T45/model
[LOG 09:33:02.452] Load MU model: Squad/Parts/Engine/liquidEngineLV-T45_v2/Swivel_v2
[LOG 09:33:02.458] Load MU model: Squad/Parts/Engine/liquidEngineMainsail_v2/liquidEngineMainsail_v2
[LOG 09:33:02.467] Load MU model: Squad/Parts/Engine/liquidEngineMk55/Thud
[LOG 09:33:02.475] Load MU model: Squad/Parts/Engine/liquidEnginePoodle_v2/LqdEnginePoodle_v2
[LOG 09:33:02.482] Load MU model: Squad/Parts/Engine/liquidEngineSkipper_v2/skipper_v2
[LOG 09:33:02.490] Load MU model: Squad/Parts/Engine/liquidEngineSSME/SSME
[LOG 09:33:02.497] Load MU model: Squad/Parts/Engine/MassiveSRB/MassiveSRB
[LOG 09:33:02.504] Load MU model: Squad/Parts/Engine/miniJet/SmallJet
[LOG 09:33:02.513] Load MU model: Squad/Parts/Engine/OMSEngine/Puff_v2
[LOG 09:33:02.518] Load MU model: Squad/Parts/Engine/rapierEngine/rapier
[LOG 09:33:02.525] Load MU model: Squad/Parts/Engine/Size1_SRBs/SRB10
[LOG 09:33:02.534] Load MU model: Squad/Parts/Engine/Size1_SRBs/SRB5
[LOG 09:33:02.540] Load MU model: Squad/Parts/Engine/Size2LFB/Size2LFB
[LOG 09:33:02.546] Load MU model: Squad/Parts/Engine/Size2LFB_v2/Size2LFB_v2
[LOG 09:33:02.552] Load MU model: Squad/Parts/Engine/Size3AdvancedEngine/Size3AdvancedEngine
[LOG 09:33:02.558] Load MU model: Squad/Parts/Engine/Size3EngineCluster/Size3EngineCluster
[LOG 09:33:02.564] Load MU model: Squad/Parts/Engine/solidBoosterBACC/model
[LOG 09:33:02.570] Load MU model: Squad/Parts/Engine/solidBoosterS2-17/solidBoosterS2-17
[LOG 09:33:02.577] Load MU model: Squad/Parts/Engine/solidBoosterS2-33/solidBoosterS2-33
[LOG 09:33:02.581] Load MU model: Squad/Parts/Engine/solidBoosterSep/model
[LOG 09:33:02.586] Load MU model: Squad/Parts/Engine/SolidBoostersF/Assets/SolidBoosterF3S0
[LOG 09:33:02.593] Load MU model: Squad/Parts/Engine/SolidBoostersF/Assets/SolidBoosterFM1
[LOG 09:33:02.598] Load MU model: Squad/Parts/FuelTank/adapterTanks/Mk3-Mk2
[LOG 09:33:02.605] Load MU model: Squad/Parts/FuelTank/adapterTanks/Mk3-Size2
[LOG 09:33:02.610] Load MU model: Squad/Parts/FuelTank/adapterTanks/Mk3-Size2Slant
[LOG 09:33:02.616] Load MU model: Squad/Parts/FuelTank/adapterTanks/ShuttleAdapter
[LOG 09:33:02.622] Load MU model: Squad/Parts/FuelTank/adapterTanks/Size2-Mk2
[LOG 09:33:02.627] Load MU model: Squad/Parts/FuelTank/adapterTanks/Size2-Size1
[LOG 09:33:02.631] Load MU model: Squad/Parts/FuelTank/adapterTanks/Size2-Size1Slant
[LOG 09:33:02.636] Load MU model: Squad/Parts/FuelTank/adapterTanks/Size3-Mk3
[LOG 09:33:02.643] Load MU model: Squad/Parts/FuelTank/drainTankFTE-1/fuelValve
[LOG 09:33:02.648] Load MU model: Squad/Parts/FuelTank/FoilTanks/RadialTank_Capsule
[LOG 09:33:02.653] Load MU model: Squad/Parts/FuelTank/FoilTanks/RadialTank_Round
[LOG 09:33:02.660] Load MU model: Squad/Parts/FuelTank/FoilTanks/ToroidTank
[LOG 09:33:02.665] Load MU model: Squad/Parts/FuelTank/fuelTankOscarB/model
[LOG 09:33:02.669] Load MU model: Squad/Parts/FuelTank/miniFuselage/Fuselage
[LOG 09:33:02.674] Load MU model: Squad/Parts/FuelTank/mk2Adapters/bicoupler
[LOG 09:33:02.680] Load MU model: Squad/Parts/FuelTank/mk2Adapters/long
[LOG 09:33:02.686] Load MU model: Squad/Parts/FuelTank/mk2Adapters/standard
[LOG 09:33:02.692] Load MU model: Squad/Parts/FuelTank/mk2FuselageLong/FuselageLongLFO
[LOG 09:33:02.699] Load MU model: Squad/Parts/FuelTank/mk2FuselageLong/FuselageLongLiquid
[LOG 09:33:02.704] Load MU model: Squad/Parts/FuelTank/mk2FuselageShort/FuselageShortLFO
[LOG 09:33:02.710] Load MU model: Squad/Parts/FuelTank/mk2FuselageShort/FuselageShortLiquid
[LOG 09:33:02.716] Load MU model: Squad/Parts/FuelTank/mk2FuselageShort/FuselageShortMono
[LOG 09:33:02.721] Load MU model: Squad/Parts/FuelTank/mk3Fuselage/CREW
[LOG 09:33:02.726] Load MU model: Squad/Parts/FuelTank/mk3Fuselage/LFO_100
[LOG 09:33:02.732] Load MU model: Squad/Parts/FuelTank/mk3Fuselage/LFO_25
[LOG 09:33:02.737] Load MU model: Squad/Parts/FuelTank/mk3Fuselage/LFO_50
[LOG 09:33:02.743] Load MU model: Squad/Parts/FuelTank/mk3Fuselage/LF_100
[LOG 09:33:02.748] Load MU model: Squad/Parts/FuelTank/mk3Fuselage/LF_25
[LOG 09:33:02.754] Load MU model: Squad/Parts/FuelTank/mk3Fuselage/LF_50
[LOG 09:33:02.760] Load MU model: Squad/Parts/FuelTank/mk3Fuselage/MONO
[LOG 09:33:02.766] Load MU model: Squad/Parts/FuelTank/RCSFuelTankR1/RCSFuelTankR1_01
[LOG 09:33:02.771] Load MU model: Squad/Parts/FuelTank/RCSFuelTankR10/model
[LOG 09:33:02.776] Load MU model: Squad/Parts/FuelTank/RCSFuelTankR25/RCSFuelTankR25
[LOG 09:33:02.783] Load MU model: Squad/Parts/FuelTank/RCSTankRadial/model
[LOG 09:33:02.788] Load MU model: Squad/Parts/FuelTank/RCStankRadialLong/model
[LOG 09:33:02.793] Load MU model: Squad/Parts/FuelTank/RockomaxTanks/Assets/Rockomax16
[LOG 09:33:02.799] Load MU model: Squad/Parts/FuelTank/RockomaxTanks/Assets/Rockomax32
[LOG 09:33:02.805] Load MU model: Squad/Parts/FuelTank/RockomaxTanks/Assets/Rockomax64
[LOG 09:33:02.811] Load MU model: Squad/Parts/FuelTank/RockomaxTanks/Assets/Rockomax8
[LOG 09:33:02.817] Load MU model: Squad/Parts/FuelTank/Size1_Tanks/Size1Tank_01
[LOG 09:33:02.822] Load MU model: Squad/Parts/FuelTank/Size1_Tanks/Size1Tank_02
[LOG 09:33:02.828] Load MU model: Squad/Parts/FuelTank/Size1_Tanks/Size1Tank_03
[LOG 09:33:02.834] Load MU model: Squad/Parts/FuelTank/Size1_Tanks/Size1Tank_04
[LOG 09:33:02.840] Load MU model: Squad/Parts/FuelTank/Size3Tanks/Size3LargeTank
[LOG 09:33:02.845] Load MU model: Squad/Parts/FuelTank/Size3Tanks/Size3MediumTank
[LOG 09:33:02.852] Load MU model: Squad/Parts/FuelTank/Size3Tanks/Size3SmallTank
[LOG 09:33:02.857] Load MU model: Squad/Parts/FuelTank/xenonTank/model
[LOG 09:33:02.863] Load MU model: Squad/Parts/FuelTank/xenonTankLarge/model
[LOG 09:33:02.869] Load MU model: Squad/Parts/FuelTank/xenonTankRadial/model
[LOG 09:33:02.874] Load MU model: Squad/Parts/Misc/AsteroidDay/CamSat
[LOG 09:33:02.880] Load MU model: Squad/Parts/Misc/AsteroidDay/HECS2
[LOG 09:33:02.886] Load MU model: Squad/Parts/Misc/AsteroidDay/HighGainAntenna
[LOG 09:33:02.893] Load MU model: Squad/Parts/Misc/AsteroidDay/LgRadialSolar
[LOG 09:33:02.898] Load MU model: Squad/Parts/Misc/PotatoComet/Cube
[LOG 09:33:02.898] Load MU model: Squad/Parts/Misc/PotatoRoid/Cube
[LOG 09:33:02.905] Load MU model: Squad/Parts/Resources/FuelCell/FuelCell
[LOG 09:33:02.912] Load MU model: Squad/Parts/Resources/FuelCell/FuelCellArray
[LOG 09:33:02.919] Load MU model: Squad/Parts/Resources/ISRU/ISRU
[LOG 09:33:02.924] Load MU model: Squad/Parts/Resources/LargeTank/LargeTank
[LOG 09:33:02.933] Load MU model: Squad/Parts/Resources/MiniDrill/MiniDrill
[LOG 09:33:02.942] Load MU model: Squad/Parts/Resources/MiniISRU/MiniISRU
[LOG 09:33:02.949] Load MU model: Squad/Parts/Resources/OrbitalScanner/OrbitalScanner
[LOG 09:33:02.955] Load MU model: Squad/Parts/Resources/RadialDrill/TriBitDrill
[LOG 09:33:02.961] Load MU model: Squad/Parts/Resources/RadialTank/RadialOreTank
[LOG 09:33:02.968] Load MU model: Squad/Parts/Resources/SmallTank/SmallTank
[LOG 09:33:02.974] Load MU model: Squad/Parts/Resources/SurfaceScanner/SurfaceScanner
[LOG 09:33:02.980] Load MU model: Squad/Parts/Resources/SurveyScanner/SurveyScanner
[LOG 09:33:02.985] Load MU model: Squad/Parts/Science/AtmosphereSensor/model
[LOG 09:33:02.992] Load MU model: Squad/Parts/Science/GooExperiment/GooExperiment
[LOG 09:33:02.999] Load MU model: Squad/Parts/Science/LargeCrewedLab/large_crewed_lab
[LOG 09:33:03.006] Load MU model: Squad/Parts/Science/Magnetometer/Magnetometer
[LOG 09:33:03.012] Load MU model: Squad/Parts/Science/MaterialBay/science_module_small
[LOG 09:33:03.018] Load MU model: Squad/Parts/Science/ScienceBox/ScienceBox
[LOG 09:33:03.024] Load MU model: Squad/Parts/Science/sensorAccelerometer/model
[LOG 09:33:03.031] Load MU model: Squad/Parts/Science/sensorBarometer/model
[LOG 09:33:03.037] Load MU model: Squad/Parts/Science/sensorGravimeter/model
[LOG 09:33:03.045] Load MU model: Squad/Parts/Science/sensorThermometer/model
[LOG 09:33:03.052] Load MU model: Squad/Parts/Structural/FLAdapters/Assets/adapterSmallMiniShort_v2
[LOG 09:33:03.058] Load MU model: Squad/Parts/Structural/FLAdapters/Assets/adapterSmallMiniTall_v2
[LOG 09:33:03.064] Load MU model: Squad/Parts/Structural/mk1Parts/Fuselage
[LOG 09:33:03.072] Load MU model: Squad/Parts/Structural/mk1Parts/IntakeFuselage
[LOG 09:33:03.077] Load MU model: Squad/Parts/Structural/mk1Parts/Nacelle1
[LOG 09:33:03.084] Load MU model: Squad/Parts/Structural/mk1Parts/Nacelle2
[LOG 09:33:03.090] Load MU model: Squad/Parts/Structural/mk1Parts/Structural
[LOG 09:33:03.095] Load MU model: Squad/Parts/Structural/mk1Parts/StructuralHollow
[LOG 09:33:03.102] Load MU model: Squad/Parts/Structural/Size3To2Adapter_v2/Size2to3_v2
[LOG 09:33:03.106] Load MU model: Squad/Parts/Structural/stackAdapters/Assets/adapterLargeSmallBi
[LOG 09:33:03.114] Load MU model: Squad/Parts/Structural/stackAdapters/Assets/adapterLargeSmallQuad
[LOG 09:33:03.119] Load MU model: Squad/Parts/Structural/stackAdapters/Assets/adapterLargeSmallTri
[LOG 09:33:03.125] Load MU model: Squad/Parts/Structural/stationHub/model
[LOG 09:33:03.130] Load MU model: Squad/Parts/Structural/structuralIBeam200/model
[LOG 09:33:03.135] Load MU model: Squad/Parts/Structural/structuralIBeam200Pocket/model
[LOG 09:33:03.143] Load MU model: Squad/Parts/Structural/structuralIBeam650/model
[LOG 09:33:03.151] Load MU model: Squad/Parts/Structural/structuralMicronode/model
[LOG 09:33:03.159] Load MU model: Squad/Parts/Structural/structuralPanel1x1/model
[LOG 09:33:03.165] Load MU model: Squad/Parts/Structural/structuralPanel2x2/model
[LOG 09:33:03.171] Load MU model: Squad/Parts/Structural/structuralPylons/PylonBig
[LOG 09:33:03.178] Load MU model: Squad/Parts/Structural/structuralPylons/PylonSmall
[LOG 09:33:03.184] Load MU model: Squad/Parts/Structural/strutCubicOcto/model
[LOG 09:33:03.190] Load MU model: Squad/Parts/Structural/strutOcto/model
[LOG 09:33:03.198] Load MU model: Squad/Parts/Structural/trussGirderAdapter/model
[LOG 09:33:03.204] Load MU model: Squad/Parts/Structural/trussGirderL/model
[LOG 09:33:03.214] Load MU model: Squad/Parts/Structural/trussGirderXL/model
[LOG 09:33:03.221] Load MU model: Squad/Parts/Thermal/FoldingRadiators/foldingRadLarge
[LOG 09:33:03.228] Load MU model: Squad/Parts/Thermal/FoldingRadiators/foldingRadMed
[LOG 09:33:03.234] Load MU model: Squad/Parts/Thermal/FoldingRadiators/foldingRadSmall
[LOG 09:33:03.240] Load MU model: Squad/Parts/Thermal/RadiatorPanels/radPanelEdge
[LOG 09:33:03.246] Load MU model: Squad/Parts/Thermal/RadiatorPanels/radPanelLg
[LOG 09:33:03.253] Load MU model: Squad/Parts/Thermal/RadiatorPanels/radPanelSm
[LOG 09:33:03.260] Load MU model: Squad/Parts/Utility/commDish88-88/model
[LOG 09:33:03.267] Load MU model: Squad/Parts/Utility/commsAntennaDTS-M1/mediumDishAntenna
[LOG 09:33:03.273] Load MU model: Squad/Parts/Utility/commsDish16/model
[LOG 09:33:03.280] Load MU model: Squad/Parts/Utility/decouplerRadialHDM/model
[LOG 09:33:03.287] Load MU model: Squad/Parts/Utility/decouplerRadialTT-38K/model
[LOG 09:33:03.293] Load MU model: Squad/Parts/Utility/decouplerRadialTT-70/model
[LOG 09:33:03.302] Load MU model: Squad/Parts/Utility/DirectAntennas/HGAntenna
[LOG 09:33:03.309] Load MU model: Squad/Parts/Utility/DirectAntennas/HGAntenna_v2
[LOG 09:33:03.318] Load MU model: Squad/Parts/Utility/DirectAntennas/SurfAntenna
[LOG 09:33:03.325] Load MU model: Squad/Parts/Utility/dockingPort/dockingPort
[LOG 09:33:03.331] Load MU model: Squad/Parts/Utility/dockingPortInline/dockingPortInline
[LOG 09:33:03.343] Load MU model: Squad/Parts/Utility/dockingPortJr/dockingPortJr
[LOG 09:33:03.353] Load MU model: Squad/Parts/Utility/dockingPortShielded/dockingPortShielded
[LOG 09:33:03.363] Load MU model: Squad/Parts/Utility/dockingPortSr/dockingPortSr
[LOG 09:33:03.371] Load MU model: Squad/Parts/Utility/Fireworks/Assets/fireworksLauncherBig
[LOG 09:33:03.378] Load MU model: Squad/Parts/Utility/Fireworks/Assets/fireworksLauncherSmall
[LOG 09:33:03.384] Load MU model: Squad/Parts/Utility/flags/flagFlat/flagFlatMeshes
[LOG 09:33:03.390] Load MU model: Squad/Parts/Utility/flags/flagSize0/flagSize0Meshes
[LOG 09:33:03.396] Load MU model: Squad/Parts/Utility/flags/flagSize1/flagSize1Meshes
[LOG 09:33:03.402] Load MU model: Squad/Parts/Utility/flags/flagSize2/flagSize2Meshes
[LOG 09:33:03.409] Load MU model: Squad/Parts/Utility/flags/flagSize3/flagSize3Meshes
[LOG 09:33:03.415] Load MU model: Squad/Parts/Utility/GrapplingDevice/GrapplingArm
[LOG 09:33:03.421] Load MU model: Squad/Parts/Utility/ladderRadial/model
[LOG 09:33:03.427] Load MU model: Squad/Parts/Utility/ladderTelescopic/model
[LOG 09:33:03.433] Load MU model: Squad/Parts/Utility/ladderTelescopicBay/model
[LOG 09:33:03.440] Load MU model: Squad/Parts/Utility/landingLegLT-1/model
[LOG 09:33:03.447] Load MU model: Squad/Parts/Utility/landingLegLT-2/model
[LOG 09:33:03.453] Load MU model: Squad/Parts/Utility/landingLegLT-5/model
[WRN 09:33:03.455] WheelCollider requires an attached Rigidbody to function.
[WRN 09:33:03.455] WheelCollider requires an attached Rigidbody to function.
[LOG 09:33:03.460] Load MU model: Squad/Parts/Utility/launchClamp1/model
[LOG 09:33:03.466] Load MU model: Squad/Parts/Utility/launchEscapeSystem/LaunchEscapeSystem
[LOG 09:33:03.471] Load MU model: Squad/Parts/Utility/Lights/Assets/light_02
[LOG 09:33:03.479] Load MU model: Squad/Parts/Utility/Lights/Assets/light_03
[LOG 09:33:03.485] Load MU model: Squad/Parts/Utility/Lights/Assets/light_04
[LOG 09:33:03.491] Load MU model: Squad/Parts/Utility/Lights/Assets/light_07
[LOG 09:33:03.497] Load MU model: Squad/Parts/Utility/Lights/Assets/light_08
[LOG 09:33:03.503] Load MU model: Squad/Parts/Utility/Lights/Assets/light_12
[LOG 09:33:03.508] Load MU model: Squad/Parts/Utility/linearVernorRCS/Assets/linearRCS
[LOG 09:33:03.515] Load MU model: Squad/Parts/Utility/linearVernorRCS/Assets/vernorEngine
[LOG 09:33:03.521] Load MU model: Squad/Parts/Utility/mk2CargoBay/BayLarge
[LOG 09:33:03.526] Load MU model: Squad/Parts/Utility/mk2CargoBay/BaySmall
[LOG 09:33:03.532] Load MU model: Squad/Parts/Utility/mk2CrewCabin/model
[LOG 09:33:03.539] Load MU model: Squad/Parts/Utility/mk2DockingPort/mk2Dockingport
[LOG 09:33:03.545] Load MU model: Squad/Parts/Utility/mk3CargoBay/long
[LOG 09:33:03.550] Load MU model: Squad/Parts/Utility/mk3CargoBay/medium
[LOG 09:33:03.556] Load MU model: Squad/Parts/Utility/mk3CargoBay/ramp
[LOG 09:33:03.562] Load MU model: Squad/Parts/Utility/mk3CargoBay/short
[LOG 09:33:03.568] Load MU model: Squad/Parts/Utility/parachuteMk1/model
[LOG 09:33:03.573] Load MU model: Squad/Parts/Utility/parachuteMk12-R/model
[LOG 09:33:03.579] Load MU model: Squad/Parts/Utility/parachuteMk16-XL/model
[LOG 09:33:03.584] Load MU model: Squad/Parts/Utility/parachuteMk2-R/model
[LOG 09:33:03.591] Load MU model: Squad/Parts/Utility/parachuteMk25/model
[LOG 09:33:03.599] Load MU model: Squad/Parts/Utility/radialAttachmentPoint/model
[LOG 09:33:03.606] Load MU model: Squad/Parts/Utility/rcsBlockRV-105_v2/rcsBlock105
[LOG 09:33:03.612] Load MU model: Squad/Parts/Utility/rcsSmallLinear/Assets/RCSLinearSmall
[LOG 09:33:03.618] Load MU model: Squad/Parts/Utility/RelayAntennas/HGAntenna
[LOG 09:33:03.624] Load MU model: Squad/Parts/Utility/RelayAntennas/RA-100
[LOG 09:33:03.630] Load MU model: Squad/Parts/Utility/RelayAntennas/RA-5
[LOG 09:33:03.636] Load MU model: Squad/Parts/Utility/RelayAntennas/RA-50
[LOG 09:33:03.640] Load MU model: Squad/Parts/Utility/rockomaxAdapters/Assets/brandAdapter
[LOG 09:33:03.647] Load MU model: Squad/Parts/Utility/rockomaxAdapters/Assets/brandAdapter02
[LOG 09:33:03.652] Load MU model: Squad/Parts/Utility/ServiceBay_v2/Assets/ServiceBay_125_v2
[LOG 09:33:03.659] Load MU model: Squad/Parts/Utility/ServiceBay_v2/Assets/ServiceBay_250_v2
[LOG 09:33:03.665] Load MU model: Squad/Parts/Utility/smallClaw/smallClaw
[LOG 09:33:03.670] Load MU model: Squad/Parts/Utility/spotLightMk1/model
[LOG 09:33:03.676] Load MU model: Squad/Parts/Utility/spotLightMk1_v2/model
[LOG 09:33:03.681] Load MU model: Squad/Parts/Utility/spotLightMk2/model
[LOG 09:33:03.686] Load MU model: Squad/Parts/Utility/spotLightMk2_v2/model
[LOG 09:33:03.693] Load MU model: Squad/Parts/Utility/stackCouplers/Assets/stackBiCoupler_v2
[LOG 09:33:03.699] Load MU model: Squad/Parts/Utility/stackCouplers/Assets/stackQuadCoupler
[LOG 09:33:03.705] Load MU model: Squad/Parts/Utility/stackCouplers/Assets/stackTriCoupler_v2
[LOG 09:33:03.711] Load MU model: Squad/Parts/Wheel/LandingGear/GearExtraLarge
[WRN 09:33:03.712] WheelCollider requires an attached Rigidbody to function.
[WRN 09:33:03.712] WheelCollider requires an attached Rigidbody to function.
[LOG 09:33:03.716] Load MU model: Squad/Parts/Wheel/LandingGear/GearFixed
[WRN 09:33:03.716] WheelCollider requires an attached Rigidbody to function.
[WRN 09:33:03.716] WheelCollider requires an attached Rigidbody to function.
[LOG 09:33:03.721] Load MU model: Squad/Parts/Wheel/LandingGear/GearFree
[WRN 09:33:03.721] WheelCollider requires an attached Rigidbody to function.
[WRN 09:33:03.721] WheelCollider requires an attached Rigidbody to function.
[LOG 09:33:03.726] Load MU model: Squad/Parts/Wheel/LandingGear/GearLarge
[WRN 09:33:03.726] WheelCollider requires an attached Rigidbody to function.
[WRN 09:33:03.726] WheelCollider requires an attached Rigidbody to function.
[LOG 09:33:03.733] Load MU model: Squad/Parts/Wheel/LandingGear/GearMedium
[WRN 09:33:03.733] WheelCollider requires an attached Rigidbody to function.
[WRN 09:33:03.733] WheelCollider requires an attached Rigidbody to function.
[LOG 09:33:03.739] Load MU model: Squad/Parts/Wheel/LandingGear/GearSmall
[WRN 09:33:03.739] WheelCollider requires an attached Rigidbody to function.
[WRN 09:33:03.739] WheelCollider requires an attached Rigidbody to function.
[LOG 09:33:03.744] Load MU model: Squad/Parts/Wheel/roverWheelM1/model
[WRN 09:33:03.744] WheelCollider requires an attached Rigidbody to function.
[WRN 09:33:03.744] WheelCollider requires an attached Rigidbody to function.
[LOG 09:33:03.750] Load MU model: Squad/Parts/Wheel/roverWheelS2/model
[WRN 09:33:03.750] WheelCollider requires an attached Rigidbody to function.
[WRN 09:33:03.750] WheelCollider requires an attached Rigidbody to function.
[LOG 09:33:03.757] Load MU model: Squad/Parts/Wheel/roverWheelTR-2L/model
[WRN 09:33:03.757] WheelCollider requires an attached Rigidbody to function.
[WRN 09:33:03.757] WheelCollider requires an attached Rigidbody to function.
[LOG 09:33:03.761] Load MU model: Squad/Parts/Wheel/roverWheelXL3/model
[WRN 09:33:03.763] WheelCollider requires an attached Rigidbody to function.
[WRN 09:33:03.763] WheelCollider requires an attached Rigidbody to function.
[LOG 09:33:03.767] Load MU model: Squad/Props/AltimeterThreeHands/model
[LOG 09:33:03.774] Load MU model: Squad/Props/AtmosphereDepth/model
[LOG 09:33:03.778] Load MU model: Squad/Props/AxisIndicator/model
[LOG 09:33:03.784] Load MU model: Squad/Props/buttonsGeneric/circularButton
[LOG 09:33:03.789] Load MU model: Squad/Props/buttonsGeneric/clusterButtons
[LOG 09:33:03.794] Load MU model: Squad/Props/buttonsGeneric/clusterButtons2
[LOG 09:33:03.800] Load MU model: Squad/Props/buttonsGeneric/clusterKnob
[LOG 09:33:03.806] Load MU model: Squad/Props/buttonsGeneric/clusterKnob2
[LOG 09:33:03.812] Load MU model: Squad/Props/buttonsGeneric/clusterMixed
[LOG 09:33:03.817] Load MU model: Squad/Props/buttonsGeneric/clusterSwitches01
[LOG 09:33:03.822] Load MU model: Squad/Props/buttonsGeneric/clusterSwitches02
[LOG 09:33:03.830] Load MU model: Squad/Props/buttonsGeneric/clusterSwitches03
[LOG 09:33:03.837] Load MU model: Squad/Props/buttonsGeneric/clusterSwitches04
[LOG 09:33:03.843] Load MU model: Squad/Props/buttonsGeneric/clusterSwitches05
[LOG 09:33:03.850] Load MU model: Squad/Props/buttonsGeneric/clusterSwitches06
[LOG 09:33:03.860] Load MU model: Squad/Props/buttonsGeneric/clusterSwitches07
[LOG 09:33:03.869] Load MU model: Squad/Props/buttonsGeneric/directionalKnob
[LOG 09:33:03.876] Load MU model: Squad/Props/buttonsGeneric/directionalKnob2
[LOG 09:33:03.883] Load MU model: Squad/Props/buttonsGeneric/pullSwitch
[LOG 09:33:03.889] Load MU model: Squad/Props/buttonsGeneric/squareButton
[LOG 09:33:03.894] Load MU model: Squad/Props/buttonsGeneric/standingSwitch
[LOG 09:33:03.903] Load MU model: Squad/Props/buttonsGeneric/switch
[LOG 09:33:03.909] Load MU model: Squad/Props/buttonsGeneric/switchWithGuards
[LOG 09:33:03.915] Load MU model: Squad/Props/ButtonSquare/model
[LOG 09:33:03.921] Load MU model: Squad/Props/circularButton/model
[LOG 09:33:03.926] Load MU model: Squad/Props/Compass/model
[LOG 09:33:03.932] Load MU model: Squad/Props/directionalKnob/model
[LOG 09:33:03.937] Load MU model: Squad/Props/directionalKnob2/model
[LOG 09:33:03.942] Load MU model: Squad/Props/IndicatorPanel/model
[LOG 09:33:03.947] Load MU model: Squad/Props/IVANavBall/model
[LOG 09:33:03.956] Load MU model: Squad/Props/IVANavBallNoBase/model
[LOG 09:33:03.961] Load MU model: Squad/Props/ledPanelSpeed/model
[LOG 09:33:03.967] Load MU model: Squad/Props/Monitor/MonitorDockingMode
[LOG 09:33:03.975] Load MU model: Squad/Props/NavBall/model
[LOG 09:33:03.980] Load MU model: Squad/Props/PropsGeneric/Button_DockingMode
[LOG 09:33:03.987] Load MU model: Squad/Props/PropsGeneric/CargoBagA
[LOG 09:33:03.993] Load MU model: Squad/Props/PropsGeneric/CargoBagB
[LOG 09:33:04.000] Load MU model: Squad/Props/PropsGeneric/CargoBagC
[LOG 09:33:04.006] Load MU model: Squad/Props/PropsGeneric/Hatch_Plane
[LOG 09:33:04.015] Load MU model: Squad/Props/PropsGeneric/Hatch_Plane_Curve90
[LOG 09:33:04.021] Load MU model: Squad/Props/PropsGeneric/Hatch_Plane_Frame
[LOG 09:33:04.026] Load MU model: Squad/Props/PropsGeneric/Seat_Passenger
[LOG 09:33:04.033] Load MU model: Squad/Props/PropsGeneric/Seat_Pilot
[LOG 09:33:04.039] Load MU model: Squad/Props/PropsGeneric/Seat_Pilot_Helmet
[LOG 09:33:04.044] Load MU model: Squad/Props/PropsGeneric/SideStick
[LOG 09:33:04.050] Load MU model: Squad/Props/pullSwitch/model
[LOG 09:33:04.056] Load MU model: Squad/Props/radarAltitude/model
[LOG 09:33:04.062] Load MU model: Squad/Props/squareButton/model
[LOG 09:33:04.069] Load MU model: Squad/Props/standingSwitch/model
[LOG 09:33:04.074] Load MU model: Squad/Props/switch/model
[LOG 09:33:04.082] Load MU model: Squad/Props/switchGuard/model
[LOG 09:33:04.088] Load MU model: Squad/Props/switchWithGuards/model
[LOG 09:33:04.093] Load MU model: Squad/Props/throttle/model
[LOG 09:33:04.101] Load MU model: Squad/Props/VSI/model
[LOG 09:33:04.108] Load MU model: Squad/Spaces/crewCabinInternals/model
[LOG 09:33:04.113] Load MU model: Squad/Spaces/cupolaInternal/model
[LOG 09:33:04.120] Load MU model: Squad/Spaces/GenericSpace1/model
[LOG 09:33:04.126] Load MU model: Squad/Spaces/GenericSpace3/model
[LOG 09:33:04.132] Load MU model: Squad/Spaces/landerCabinInternals/model
[LOG 09:33:04.138] Load MU model: Squad/Spaces/landerCabinSmallInternal/model
[LOG 09:33:04.145] Load MU model: Squad/Spaces/LargeCrewedLabInternals/Large_Crewed_lab_Int
[LOG 09:33:04.152] Load MU model: Squad/Spaces/Mk1-3/model
[LOG 09:33:04.158] Load MU model: Squad/Spaces/mk1CabinInternal/mk1cabin
[LOG 09:33:04.165] Load MU model: Squad/Spaces/mk1CockpitInternal/Mk1StandardIVA
[LOG 09:33:04.175] Load MU model: Squad/Spaces/mk1InlineInternal/Mk1InlineIVA
[LOG 09:33:04.178] Load MU model: Squad/Spaces/mk1PodCockpit/model
[LOG 09:33:04.196] Load MU model: Squad/Spaces/mk1pod_IVA/mk1pod_IVA
[LOG 09:33:04.201] Load MU model: Squad/Spaces/mk2CockpitStandardInternal/model
[LOG 09:33:04.208] Load MU model: Squad/Spaces/Mk2CrewCabinInternal/MK2_CrewCab_Int
[LOG 09:33:04.215] Load MU model: Squad/Spaces/mk2InlineInternal/mk2InlineIVA
[LOG 09:33:04.222] Load MU model: Squad/Spaces/mk2LanderCanInternal/mk2LanderCanInternal
[LOG 09:33:04.228] Load MU model: Squad/Spaces/MK3CockpitInternal/MK3_Cockpit_Int
[LOG 09:33:04.235] Load MU model: Squad/Spaces/MK3_CrewCab_Int/MK3_CrewCab_Int
[LOG 09:33:04.242] Load MU model: Squad/Spaces/OverlayMasks/CupolaMask
[LOG 09:33:04.248] Load MU model: Squad/Spaces/OverlayMasks/HitchhikerBorder
[LOG 09:33:04.253] Load MU model: Squad/Spaces/OverlayMasks/HitchhikerMask
[LOG 09:33:04.260] Load MU model: Squad/Spaces/OverlayMasks/LargeLabBorder
[LOG 09:33:04.266] Load MU model: Squad/Spaces/OverlayMasks/LargeLabMask
[LOG 09:33:04.270] Load MU model: Squad/Spaces/OverlayMasks/Mk1CabinBorder
[LOG 09:33:04.276] Load MU model: Squad/Spaces/OverlayMasks/Mk1CabinMask
[LOG 09:33:04.282] Load MU model: Squad/Spaces/OverlayMasks/Mk1InlineMask
[LOG 09:33:04.291] Load MU model: Squad/Spaces/OverlayMasks/Mk1InlineMask2
[LOG 09:33:04.297] Load MU model: Squad/Spaces/OverlayMasks/Mk1StandardBorder2
[LOG 09:33:04.305] Load MU model: Squad/Spaces/OverlayMasks/Mk1StandardBorder3
[LOG 09:33:04.311] Load MU model: Squad/Spaces/OverlayMasks/Mk1StandardMask
[LOG 09:33:04.321] Load MU model: Squad/Spaces/OverlayMasks/Mk1StandardMask2
[LOG 09:33:04.327] Load MU model: Squad/Spaces/OverlayMasks/Mk1StandardMask3
[LOG 09:33:04.334] Load MU model: Squad/Spaces/OverlayMasks/Mk2CabinBorder
[LOG 09:33:04.340] Load MU model: Squad/Spaces/OverlayMasks/Mk2CabinMask
[LOG 09:33:04.346] Load MU model: Squad/Spaces/OverlayMasks/Mk2InlineBorder
[LOG 09:33:04.350] Load MU model: Squad/Spaces/OverlayMasks/Mk2InlineMask
[LOG 09:33:04.356] Load MU model: Squad/Spaces/OverlayMasks/Mk2StandardBorder
[LOG 09:33:04.362] Load MU model: Squad/Spaces/OverlayMasks/Mk2StandardMask
[LOG 09:33:04.367] Load MU model: Squad/Spaces/OverlayMasks/Mk3CabinBorder
[LOG 09:33:04.376] Load MU model: Squad/Spaces/OverlayMasks/Mk3CabinMask
[LOG 09:33:04.386] Load MU model: Squad/Spaces/OverlayMasks/Mk3CabinMask2
[LOG 09:33:04.393] Load MU model: Squad/Spaces/OverlayMasks/Mk3ShuttleBorder
[LOG 09:33:04.399] Load MU model: Squad/Spaces/OverlayMasks/Mk3ShuttleMask
[LOG 09:33:04.406] Load MU model: Squad/Spaces/OverlayMasks/Size1LanderBorder
[LOG 09:33:04.413] Load MU model: Squad/Spaces/OverlayMasks/Size1LanderMask
[LOG 09:33:04.420] Load MU model: Squad/Spaces/OverlayMasks/Size1PodBorder
[LOG 09:33:04.426] Load MU model: Squad/Spaces/OverlayMasks/Size1PodMask
[LOG 09:33:04.436] Load MU model: Squad/Spaces/OverlayMasks/Size2LanderBorder
[LOG 09:33:04.445] Load MU model: Squad/Spaces/OverlayMasks/Size2LanderMask
[LOG 09:33:04.454] Load MU model: Squad/Spaces/OverlayMasks/Size2PodBorder
[LOG 09:33:04.462] Load MU model: Squad/Spaces/OverlayMasks/Size2PodMask
[LOG 09:33:04.468] Load MU model: Squad/Spaces/Placeholder/PlaceholderIVA
[LOG 09:33:04.475] Load MU model: Squad/Spaces/PodCockpit/model
[LOG 09:33:04.483] Load MU model: SquadExpansion/MakingHistory/Parts/Aero/protectiveRocketNoseMk5A/Size_1_5_Cone
[LOG 09:33:04.489] Load MU model: SquadExpansion/MakingHistory/Parts/Coupling/Assets/EnginePlate
[LOG 09:33:04.496] Load MU model: SquadExpansion/MakingHistory/Parts/Coupling/Assets/InflatableAirlock
[LOG 09:33:04.503] Load MU model: SquadExpansion/MakingHistory/Parts/Coupling/Assets/Size1_5_Decoupler
[LOG 09:33:04.510] Load MU model: SquadExpansion/MakingHistory/Parts/Engine/Assets/KE-1
[LOG 09:33:04.516] Load MU model: SquadExpansion/MakingHistory/Parts/Engine/Assets/LV-T87
[LOG 09:33:04.523] Load MU model: SquadExpansion/MakingHistory/Parts/Engine/Assets/LV-T91
[LOG 09:33:04.529] Load MU model: SquadExpansion/MakingHistory/Parts/Engine/Assets/RE-I2
[LOG 09:33:04.535] Load MU model: SquadExpansion/MakingHistory/Parts/Engine/Assets/RE-J10
[LOG 09:33:04.542] Load MU model: SquadExpansion/MakingHistory/Parts/Engine/Assets/RK-7
[LOG 09:33:04.553] Load MU model: SquadExpansion/MakingHistory/Parts/Engine/Assets/RV-1
[LOG 09:33:04.562] Load MU model: SquadExpansion/MakingHistory/Parts/Engine/solidBoosterTHK/solidBoosterTHK
[LOG 09:33:04.567] Load MU model: SquadExpansion/MakingHistory/Parts/FuelTank/Assets/MiniMonoTank
[LOG 09:33:04.573] Load MU model: SquadExpansion/MakingHistory/Parts/FuelTank/Assets/Size1_5_Size0_Adapter_01
[LOG 09:33:04.578] Load MU model: SquadExpansion/MakingHistory/Parts/FuelTank/Assets/Size1_5_Size1_Adapter_01
[LOG 09:33:04.586] Load MU model: SquadExpansion/MakingHistory/Parts/FuelTank/Assets/Size1_5_Size1_Adapter_02
[LOG 09:33:04.593] Load MU model: SquadExpansion/MakingHistory/Parts/FuelTank/Assets/Size1_5_Size2_Adapter_01
[LOG 09:33:04.599] Load MU model: SquadExpansion/MakingHistory/Parts/FuelTank/Assets/Size1_5_Tank_01
[LOG 09:33:04.606] Load MU model: SquadExpansion/MakingHistory/Parts/FuelTank/Assets/Size1_5_Tank_02
[LOG 09:33:04.612] Load MU model: SquadExpansion/MakingHistory/Parts/FuelTank/Assets/Size1_5_Tank_03
[LOG 09:33:04.617] Load MU model: SquadExpansion/MakingHistory/Parts/FuelTank/Assets/Size1_5_Tank_04
[LOG 09:33:04.625] Load MU model: SquadExpansion/MakingHistory/Parts/FuelTank/Assets/Size1_5_Tank_05
[LOG 09:33:04.633] Load MU model: SquadExpansion/MakingHistory/Parts/FuelTank/Assets/Size3_Size4_Adapter_01
[LOG 09:33:04.640] Load MU model: SquadExpansion/MakingHistory/Parts/FuelTank/Assets/Size4_EngineAdapter_01
[LOG 09:33:04.647] Load MU model: SquadExpansion/MakingHistory/Parts/FuelTank/Assets/Size4_Tank_01
[LOG 09:33:04.654] Load MU model: SquadExpansion/MakingHistory/Parts/FuelTank/Assets/Size4_Tank_02
[LOG 09:33:04.663] Load MU model: SquadExpansion/MakingHistory/Parts/FuelTank/Assets/Size4_Tank_03
[LOG 09:33:04.672] Load MU model: SquadExpansion/MakingHistory/Parts/FuelTank/Assets/Size4_Tank_04
[LOG 09:33:04.680] Load MU model: SquadExpansion/MakingHistory/Parts/FuelTank/Assets/Size_1p5_Monoprop
[LOG 09:33:04.686] Load MU model: SquadExpansion/MakingHistory/Parts/Ground/Assets/RoverWheel
[WRN 09:33:04.686] WheelCollider requires an attached Rigidbody to function.
[WRN 09:33:04.686] WheelCollider requires an attached Rigidbody to function.
[LOG 09:33:04.693] Load MU model: SquadExpansion/MakingHistory/Parts/Payload/Assets/ServiceModule18
[LOG 09:33:04.698] Load MU model: SquadExpansion/MakingHistory/Parts/Payload/Assets/ServiceModule25
[LOG 09:33:04.706] Load MU model: SquadExpansion/MakingHistory/Parts/Payload/Assets/Size1to0ServiceModule
[LOG 09:33:04.714] Load MU model: SquadExpansion/MakingHistory/Parts/Pods/Assets/Mk2Pod
[LOG 09:33:04.719] Load MU model: SquadExpansion/MakingHistory/Parts/Pods/Assets/RoundPod
[LOG 09:33:04.726] Load MU model: SquadExpansion/MakingHistory/Parts/Pods/Assets/Size1_5_Lander
[LOG 09:33:04.733] Load MU model: SquadExpansion/MakingHistory/Parts/SharedAssets/Shroud1p5x0
[LOG 09:33:04.739] Load MU model: SquadExpansion/MakingHistory/Parts/SharedAssets/Shroud1p5x1
[LOG 09:33:04.744] Load MU model: SquadExpansion/MakingHistory/Parts/SharedAssets/Shroud1p5x2
[LOG 09:33:04.751] Load MU model: SquadExpansion/MakingHistory/Parts/SharedAssets/Shroud1p5x3
[LOG 09:33:04.758] Load MU model: SquadExpansion/MakingHistory/Parts/SharedAssets/Shroud1p5x4
[LOG 09:33:04.767] Load MU model: SquadExpansion/MakingHistory/Parts/SharedAssets/Shroud1x0
[LOG 09:33:04.775] Load MU model: SquadExpansion/MakingHistory/Parts/SharedAssets/Shroud1x1
[LOG 09:33:04.782] Load MU model: SquadExpansion/MakingHistory/Parts/SharedAssets/Shroud1x2
[LOG 09:33:04.788] Load MU model: SquadExpansion/MakingHistory/Parts/SharedAssets/Shroud1x3
[LOG 09:33:04.796] Load MU model: SquadExpansion/MakingHistory/Parts/SharedAssets/Shroud1x4
[LOG 09:33:04.806] Load MU model: SquadExpansion/MakingHistory/Parts/SharedAssets/Shroud2x0
[LOG 09:33:04.812] Load MU model: SquadExpansion/MakingHistory/Parts/SharedAssets/Shroud2x1
[LOG 09:33:04.819] Load MU model: SquadExpansion/MakingHistory/Parts/SharedAssets/Shroud2x2
[LOG 09:33:04.825] Load MU model: SquadExpansion/MakingHistory/Parts/SharedAssets/Shroud2x3
[LOG 09:33:04.831] Load MU model: SquadExpansion/MakingHistory/Parts/SharedAssets/Shroud2x4
[LOG 09:33:04.839] Load MU model: SquadExpansion/MakingHistory/Parts/SharedAssets/Shroud3x0
[LOG 09:33:04.845] Load MU model: SquadExpansion/MakingHistory/Parts/SharedAssets/Shroud3x1
[LOG 09:33:04.854] Load MU model: SquadExpansion/MakingHistory/Parts/SharedAssets/Shroud3x2
[LOG 09:33:04.864] Load MU model: SquadExpansion/MakingHistory/Parts/SharedAssets/Shroud3x3
[LOG 09:33:04.870] Load MU model: SquadExpansion/MakingHistory/Parts/SharedAssets/Shroud3x4
[LOG 09:33:04.877] Load MU model: SquadExpansion/MakingHistory/Parts/SharedAssets/Shroud4x0
[LOG 09:33:04.885] Load MU model: SquadExpansion/MakingHistory/Parts/SharedAssets/Shroud4x1
[LOG 09:33:04.895] Load MU model: SquadExpansion/MakingHistory/Parts/SharedAssets/Shroud4x2
[LOG 09:33:04.901] Load MU model: SquadExpansion/MakingHistory/Parts/SharedAssets/Shroud4x3
[LOG 09:33:04.909] Load MU model: SquadExpansion/MakingHistory/Parts/SharedAssets/Shroud4x4
[LOG 09:33:04.914] Load MU model: SquadExpansion/MakingHistory/Parts/SharedAssets/ShroudCollider0
[LOG 09:33:04.922] Load MU model: SquadExpansion/MakingHistory/Parts/SharedAssets/ShroudCollider1
[LOG 09:33:04.930] Load MU model: SquadExpansion/MakingHistory/Parts/SharedAssets/ShroudCollider1p5
[LOG 09:33:04.937] Load MU model: SquadExpansion/MakingHistory/Parts/SharedAssets/ShroudCollider2
[LOG 09:33:04.944] Load MU model: SquadExpansion/MakingHistory/Parts/SharedAssets/ShroudCollider3
[LOG 09:33:04.950] Load MU model: SquadExpansion/MakingHistory/Parts/SharedAssets/ShroudCollider4
[LOG 09:33:04.955] Load MU model: SquadExpansion/MakingHistory/Parts/Structural/Assets/EquiTriangle0
[LOG 09:33:04.962] Load MU model: SquadExpansion/MakingHistory/Parts/Structural/Assets/EquiTriangle1
[LOG 09:33:04.967] Load MU model: SquadExpansion/MakingHistory/Parts/Structural/Assets/EquiTriangle1p5
[LOG 09:33:04.973] Load MU model: SquadExpansion/MakingHistory/Parts/Structural/Assets/EquiTriangle2
[LOG 09:33:04.978] Load MU model: SquadExpansion/MakingHistory/Parts/Structural/Assets/Panel0
[LOG 09:33:04.984] Load MU model: SquadExpansion/MakingHistory/Parts/Structural/Assets/Panel1
[LOG 09:33:04.989] Load MU model: SquadExpansion/MakingHistory/Parts/Structural/Assets/Panel1p5
[LOG 09:33:04.996] Load MU model: SquadExpansion/MakingHistory/Parts/Structural/Assets/Panel2
[LOG 09:33:05.003] Load MU model: SquadExpansion/MakingHistory/Parts/Structural/Assets/Triangle0
[LOG 09:33:05.010] Load MU model: SquadExpansion/MakingHistory/Parts/Structural/Assets/Triangle1
[LOG 09:33:05.015] Load MU model: SquadExpansion/MakingHistory/Parts/Structural/Assets/Triangle1p5
[LOG 09:33:05.021] Load MU model: SquadExpansion/MakingHistory/Parts/Structural/Assets/Triangle2
[LOG 09:33:05.031] Load MU model: SquadExpansion/MakingHistory/Parts/Utility/flags/flagSize1p5/flagSize1p5Meshes
[LOG 09:33:05.041] Load MU model: SquadExpansion/MakingHistory/Parts/Utility/flags/flagSize4/flagSize4Meshes
[LOG 09:33:05.050] Load MU model: SquadExpansion/MakingHistory/Spaces/KVPods/Airlock_IVA
[LOG 09:33:05.057] Load MU model: SquadExpansion/MakingHistory/Spaces/KVPods/KV1_IVA
[LOG 09:33:05.063] Load MU model: SquadExpansion/MakingHistory/Spaces/KVPods/KV2_IVA
[LOG 09:33:05.070] Load MU model: SquadExpansion/MakingHistory/Spaces/KVPods/KV3_IVA
[LOG 09:33:05.076] Load MU model: SquadExpansion/MakingHistory/Spaces/MEM/MEM_IVA
[LOG 09:33:05.083] Load MU model: SquadExpansion/MakingHistory/Spaces/Mk2Pod/MK2POD_IVA
[LOG 09:33:05.089] Load MU model: SquadExpansion/Serenity/Parts/Aero/Assets/FanShroud_01
[LOG 09:33:05.095] Load MU model: SquadExpansion/Serenity/Parts/Aero/Assets/FanShroud_02
[LOG 09:33:05.100] Load MU model: SquadExpansion/Serenity/Parts/Aero/Assets/FanShroud_03
[LOG 09:33:05.107] Load MU model: SquadExpansion/Serenity/Parts/Aero/Assets/noseconeTiny
[LOG 09:33:05.113] Load MU model: SquadExpansion/Serenity/Parts/Aero/Assets/noseconeVS
[LOG 09:33:05.122] Load MU model: SquadExpansion/Serenity/Parts/DeployedScience/Assets/CentralStation
[LOG 09:33:05.128] Load MU model: SquadExpansion/Serenity/Parts/DeployedScience/Assets/GoExOb
[LOG 09:33:05.134] Load MU model: SquadExpansion/Serenity/Parts/DeployedScience/Assets/IonExperiment
[LOG 09:33:05.141] Load MU model: SquadExpansion/Serenity/Parts/DeployedScience/Assets/RTGCask
[LOG 09:33:05.148] Load MU model: SquadExpansion/Serenity/Parts/DeployedScience/Assets/satDish
[LOG 09:33:05.156] Load MU model: SquadExpansion/Serenity/Parts/DeployedScience/Assets/seismicSensor
[LOG 09:33:05.162] Load MU model: SquadExpansion/Serenity/Parts/DeployedScience/Assets/solarPanel
[LOG 09:33:05.168] Load MU model: SquadExpansion/Serenity/Parts/DeployedScience/Assets/WeatherStation
[LOG 09:33:05.175] Load MU model: SquadExpansion/Serenity/Parts/Propellers/Assets/largeFanBlade
[LOG 09:33:05.181] Load MU model: SquadExpansion/Serenity/Parts/Propellers/Assets/largeHeliBlade
[LOG 09:33:05.186] Load MU model: SquadExpansion/Serenity/Parts/Propellers/Assets/largePropeller
[LOG 09:33:05.193] Load MU model: SquadExpansion/Serenity/Parts/Propellers/Assets/mediumFanBlade
[LOG 09:33:05.199] Load MU model: SquadExpansion/Serenity/Parts/Propellers/Assets/mediumHeliBlade
[LOG 09:33:05.206] Load MU model: SquadExpansion/Serenity/Parts/Propellers/Assets/mediumPropeller
[LOG 09:33:05.211] Load MU model: SquadExpansion/Serenity/Parts/Propellers/Assets/smallFanBlade
[LOG 09:33:05.216] Load MU model: SquadExpansion/Serenity/Parts/Propellers/Assets/smallHeliBlade
[LOG 09:33:05.223] Load MU model: SquadExpansion/Serenity/Parts/Propellers/Assets/smallPropeller
[LOG 09:33:05.229] Load MU model: SquadExpansion/Serenity/Parts/Robotics/Assets/hinge_01
[LOG 09:33:05.234] Load MU model: SquadExpansion/Serenity/Parts/Robotics/Assets/hinge_01_s
[LOG 09:33:05.241] Load MU model: SquadExpansion/Serenity/Parts/Robotics/Assets/hinge_03
[LOG 09:33:05.247] Load MU model: SquadExpansion/Serenity/Parts/Robotics/Assets/hinge_03_s
[LOG 09:33:05.252] Load MU model: SquadExpansion/Serenity/Parts/Robotics/Assets/hinge_04
[LOG 09:33:05.258] Load MU model: SquadExpansion/Serenity/Parts/Robotics/Assets/piston_01
[LOG 09:33:05.264] Load MU model: SquadExpansion/Serenity/Parts/Robotics/Assets/piston_02
[LOG 09:33:05.270] Load MU model: SquadExpansion/Serenity/Parts/Robotics/Assets/piston_03
[LOG 09:33:05.275] Load MU model: SquadExpansion/Serenity/Parts/Robotics/Assets/piston_04
[LOG 09:33:05.280] Load MU model: SquadExpansion/Serenity/Parts/Robotics/Assets/RotorEngine_02
[LOG 09:33:05.287] Load MU model: SquadExpansion/Serenity/Parts/Robotics/Assets/RotorEngine_03
[LOG 09:33:05.292] Load MU model: SquadExpansion/Serenity/Parts/Robotics/Assets/rotor_01
[LOG 09:33:05.322] Load MU model: SquadExpansion/Serenity/Parts/Robotics/Assets/rotor_01s
[LOG 09:33:05.330] Load MU model: SquadExpansion/Serenity/Parts/Robotics/Assets/rotor_02
[LOG 09:33:05.338] Load MU model: SquadExpansion/Serenity/Parts/Robotics/Assets/rotor_02s
[LOG 09:33:05.344] Load MU model: SquadExpansion/Serenity/Parts/Robotics/Assets/rotor_03
[LOG 09:33:05.350] Load MU model: SquadExpansion/Serenity/Parts/Robotics/Assets/rotor_03s
[LOG 09:33:05.357] Load MU model: SquadExpansion/Serenity/Parts/Robotics/Assets/RotoServo_00
[LOG 09:33:05.365] Load MU model: SquadExpansion/Serenity/Parts/Robotics/Assets/RotoServo_02
[LOG 09:33:05.372] Load MU model: SquadExpansion/Serenity/Parts/Robotics/Assets/RotoServo_03
[LOG 09:33:05.378] Load MU model: SquadExpansion/Serenity/Parts/Robotics/Assets/RotoServo_04
[LOG 09:33:05.384] Load MU model: SquadExpansion/Serenity/Parts/Robotics/Controllers/controller1000
[LOG 09:33:05.391] Load MU model: SquadExpansion/Serenity/Parts/Science/RobotArmScanner/Assets/ROCArm_01
[LOG 09:33:05.398] Load MU model: SquadExpansion/Serenity/Parts/Science/RobotArmScanner/Assets/ROCArm_02
[LOG 09:33:05.407] Load MU model: SquadExpansion/Serenity/Parts/Science/RobotArmScanner/Assets/ROCArm_03
[LOG 09:33:05.415] Load MU model: SquadExpansion/Serenity/Parts/Structural/gripPads/Assets/lGripPad
[LOG 09:33:05.421] Load MU model: SquadExpansion/Serenity/Parts/Structural/gripPads/Assets/lGripStrip
[LOG 09:33:05.427] Load MU model: SquadExpansion/Serenity/Parts/Structural/gripPads/Assets/mGripPad
[LOG 09:33:05.436] Load MU model: SquadExpansion/Serenity/Parts/Structural/gripPads/Assets/sGripPad
[LOG 09:33:05.444] Load MU model: SquadExpansion/Serenity/Parts/Structural/gripPads/Assets/sGripStrip
[LOG 09:33:05.444] Loading Asset Bundle Definitions
[LOG 09:33:05.445] AssetLoader: Loading bundle definitions
[LOG 09:33:05.546] AssetLoader: Loaded bundle 'squadcore'
[LOG 09:33:05.547] AssetLoader: Loaded bundle 'squadcorefx'
[LOG 09:33:05.547] AssetLoader: Loaded mod bundle 'kspedia'
[LOG 09:33:05.547] AssetLoader: Loaded mod bundle 'kspedia_actionsets'
[LOG 09:33:05.548] AssetLoader: Loaded mod bundle 'kspedia_aircraft'
[LOG 09:33:05.548] AssetLoader: Loaded mod bundle 'kspedia_aircraftbasics'
[LOG 09:33:05.549] AssetLoader: Loaded mod bundle 'kspedia_aircraftbasicsbalance'
[LOG 09:33:05.549] AssetLoader: Loaded mod bundle 'kspedia_aircraftbasicsbalance2'
[LOG 09:33:05.549] AssetLoader: Loaded mod bundle 'kspedia_aircraftbasicscol'
[LOG 09:33:05.549] AssetLoader: Loaded mod bundle 'kspedia_aircraftbasicscontrol'
[LOG 09:33:05.550] AssetLoader: Loaded mod bundle 'kspedia_aircraftbasicscontrolsurfaces'
[LOG 09:33:05.550] AssetLoader: Loaded mod bundle 'kspedia_aircraftbasicsdrag'
[LOG 09:33:05.550] AssetLoader: Loaded mod bundle 'kspedia_aircraftbasicsengines'
[LOG 09:33:05.550] AssetLoader: Loaded mod bundle 'kspedia_aircraftbasicsforces'
[LOG 09:33:05.550] AssetLoader: Loaded mod bundle 'kspedia_aircraftbasicsintakes'
[LOG 09:33:05.551] AssetLoader: Loaded mod bundle 'kspedia_aircraftbasicslandinggear'
[LOG 09:33:05.551] AssetLoader: Loaded mod bundle 'kspedia_aircraftbasicslift'
[LOG 09:33:05.551] AssetLoader: Loaded mod bundle 'kspedia_axisgroups'
[LOG 09:33:05.551] AssetLoader: Loaded mod bundle 'kspedia_career'
[LOG 09:33:05.551] AssetLoader: Loaded mod bundle 'kspedia_careerbasicscontracts'
[LOG 09:33:05.551] AssetLoader: Loaded mod bundle 'kspedia_careerbasicscrew'
[LOG 09:33:05.552] AssetLoader: Loaded mod bundle 'kspedia_careerbasicscurrencies'
[LOG 09:33:05.552] AssetLoader: Loaded mod bundle 'kspedia_careerbasicsexperience'
[LOG 09:33:05.552] AssetLoader: Loaded mod bundle 'kspedia_careerbasicsfacilities'
[LOG 09:33:05.552] AssetLoader: Loaded mod bundle 'kspedia_careerbasicsstrategies'
[LOG 09:33:05.552] AssetLoader: Loaded mod bundle 'kspedia_careerbasicstechnology'
[LOG 09:33:05.553] AssetLoader: Loaded mod bundle 'kspedia_careerui-ac'
[LOG 09:33:05.553] AssetLoader: Loaded mod bundle 'kspedia_careerui-admin'
[LOG 09:33:05.553] AssetLoader: Loaded mod bundle 'kspedia_careerui-ksc'
[LOG 09:33:05.553] AssetLoader: Loaded mod bundle 'kspedia_careerui-mc'
[LOG 09:33:05.553] AssetLoader: Loaded mod bundle 'kspedia_careerui-sciencearchives'
[LOG 09:33:05.553] AssetLoader: Loaded mod bundle 'kspedia_careerui-techtree'
[LOG 09:33:05.554] AssetLoader: Loaded mod bundle 'kspedia_careerui-ts'
[LOG 09:33:05.554] AssetLoader: Loaded mod bundle 'kspedia_careerui'
[LOG 09:33:05.554] AssetLoader: Loaded mod bundle 'kspedia_cargoapp'
[LOG 09:33:05.554] AssetLoader: Loaded mod bundle 'kspedia_cargomode'
[LOG 09:33:05.554] AssetLoader: Loaded mod bundle 'kspedia_cargosystem-placeableparts'
[LOG 09:33:05.555] AssetLoader: Loaded mod bundle 'kspedia_cargosystem'
[LOG 09:33:05.555] AssetLoader: Loaded mod bundle 'kspedia_chute'
[LOG 09:33:05.555] AssetLoader: Loaded mod bundle 'kspedia_commnet'
[LOG 09:33:05.555] AssetLoader: Loaded mod bundle 'kspedia_commnetbasics'
[LOG 09:33:05.555] AssetLoader: Loaded mod bundle 'kspedia_commnetbuildingeffectivenetworks'
[LOG 09:33:05.555] AssetLoader: Loaded mod bundle 'kspedia_commnetcalculatingrange'
[LOG 09:33:05.556] AssetLoader: Loaded mod bundle 'kspedia_commnetcontrollevels'
[LOG 09:33:05.556] AssetLoader: Loaded mod bundle 'kspedia_commnetcontrollinks'
[LOG 09:33:05.556] AssetLoader: Loaded mod bundle 'kspedia_commnetcontrolpoints'
[LOG 09:33:05.557] AssetLoader: Loaded mod bundle 'kspedia_commnetgui'
[LOG 09:33:05.557] AssetLoader: Loaded mod bundle 'kspedia_commnetgui01'
[LOG 09:33:05.557] AssetLoader: Loaded mod bundle 'kspedia_commnetgui02'
[LOG 09:33:05.557] AssetLoader: Loaded mod bundle 'kspedia_commnetrange'
[LOG 09:33:05.557] AssetLoader: Loaded mod bundle 'kspedia_commnetrelays'
[LOG 09:33:05.557] AssetLoader: Loaded mod bundle 'kspedia_commnetsciencetransmission'
[LOG 09:33:05.557] AssetLoader: Loaded mod bundle 'kspedia_commnetsignalstrength'
[LOG 09:33:05.557] AssetLoader: Loaded mod bundle 'kspedia_commnettransmission'
[LOG 09:33:05.557] AssetLoader: Loaded mod bundle 'kspedia_constructionui-actiongroups'
[LOG 09:33:05.558] AssetLoader: Loaded mod bundle 'kspedia_constructionui-applauncher'
[LOG 09:33:05.558] AssetLoader: Loaded mod bundle 'kspedia_constructionui-crew'
[LOG 09:33:05.558] AssetLoader: Loaded mod bundle 'kspedia_constructionui-engineersreport'
[LOG 09:33:05.558] AssetLoader: Loaded mod bundle 'kspedia_constructionui-gizmos'
[LOG 09:33:05.558] AssetLoader: Loaded mod bundle 'kspedia_constructionui-infos'
[LOG 09:33:05.559] AssetLoader: Loaded mod bundle 'kspedia_constructionui-partdetails'
[LOG 09:33:05.559] AssetLoader: Loaded mod bundle 'kspedia_constructionui-parts'
[LOG 09:33:05.559] AssetLoader: Loaded mod bundle 'kspedia_constructionui-symmetry'
[LOG 09:33:05.559] AssetLoader: Loaded mod bundle 'kspedia_constructionui-vesseldetails'
[LOG 09:33:05.560] AssetLoader: Loaded mod bundle 'kspedia_constructionui'
[LOG 09:33:05.560] AssetLoader: Loaded mod bundle 'kspedia_controls-dockingmode'
[LOG 09:33:05.560] AssetLoader: Loaded mod bundle 'kspedia_controls-editor'
[LOG 09:33:05.560] AssetLoader: Loaded mod bundle 'kspedia_controls-editorgizmos'
[LOG 09:33:05.561] AssetLoader: Loaded mod bundle 'kspedia_controls-eva'
[LOG 09:33:05.561] AssetLoader: Loaded mod bundle 'kspedia_controls-flight'
[LOG 09:33:05.561] AssetLoader: Loaded mod bundle 'kspedia_controls-flightactivities'
[LOG 09:33:05.561] AssetLoader: Loaded mod bundle 'kspedia_controls-flightdirections'
[LOG 09:33:05.562] AssetLoader: Loaded mod bundle 'kspedia_controls-general'
[LOG 09:33:05.562] AssetLoader: Loaded mod bundle 'kspedia_controls-mapandtime'
[LOG 09:33:05.562] AssetLoader: Loaded mod bundle 'kspedia_controls-mouseconstruction'
[LOG 09:33:05.563] AssetLoader: Loaded mod bundle 'kspedia_controls-mouseflight'
[LOG 09:33:05.563] AssetLoader: Loaded mod bundle 'kspedia_controls-rcs'
[LOG 09:33:05.563] AssetLoader: Loaded mod bundle 'kspedia_controls'
[LOG 09:33:05.563] AssetLoader: Loaded mod bundle 'kspedia_eastereggs'
[LOG 09:33:05.564] AssetLoader: Loaded mod bundle 'kspedia_evaconstructionmode'
[LOG 09:33:05.564] AssetLoader: Loaded mod bundle 'kspedia_facilities-ac'
[LOG 09:33:05.564] AssetLoader: Loaded mod bundle 'kspedia_facilities-admin'
[LOG 09:33:05.564] AssetLoader: Loaded mod bundle 'kspedia_facilities-context'
[LOG 09:33:05.565] AssetLoader: Loaded mod bundle 'kspedia_facilities-ksc'
[LOG 09:33:05.565] AssetLoader: Loaded mod bundle 'kspedia_facilities-launchpad'
[LOG 09:33:05.565] AssetLoader: Loaded mod bundle 'kspedia_facilities-mc'
[LOG 09:33:05.565] AssetLoader: Loaded mod bundle 'kspedia_facilities-randd'
[LOG 09:33:05.565] AssetLoader: Loaded mod bundle 'kspedia_facilities-runway'
[LOG 09:33:05.566] AssetLoader: Loaded mod bundle 'kspedia_facilities-sph'
[LOG 09:33:05.566] AssetLoader: Loaded mod bundle 'kspedia_facilities-ts'
[LOG 09:33:05.566] AssetLoader: Loaded mod bundle 'kspedia_facilities-vab'
[LOG 09:33:05.566] AssetLoader: Loaded mod bundle 'kspedia_flightui-altimeter'
[LOG 09:33:05.567] AssetLoader: Loaded mod bundle 'kspedia_flightui-applauncher'
[LOG 09:33:05.567] AssetLoader: Loaded mod bundle 'kspedia_flightui-evaactivities'
[LOG 09:33:05.567] AssetLoader: Loaded mod bundle 'kspedia_flightui-maneuvermodeeditor'
[LOG 09:33:05.567] AssetLoader: Loaded mod bundle 'kspedia_flightui-maneuvermodeeditorcont'
[LOG 09:33:05.567] AssetLoader: Loaded mod bundle 'kspedia_flightui-maneuvermodeorbit'
[LOG 09:33:05.567] AssetLoader: Loaded mod bundle 'kspedia_flightui-maneuvertoolinfo'
[LOG 09:33:05.568] AssetLoader: Loaded mod bundle 'kspedia_flightui-maneuvertoolmain'
[LOG 09:33:05.568] AssetLoader: Loaded mod bundle 'kspedia_flightui-modecontrol'
[LOG 09:33:05.569] AssetLoader: Loaded mod bundle 'kspedia_flightui-navball'
[LOG 09:33:05.569] AssetLoader: Loaded mod bundle 'kspedia_flightui-partrepairs'
[LOG 09:33:05.569] AssetLoader: Loaded mod bundle 'kspedia_flightui-portraits'
[LOG 09:33:05.569] AssetLoader: Loaded mod bundle 'kspedia_flightui-staging'
[LOG 09:33:05.569] AssetLoader: Loaded mod bundle 'kspedia_flightui-timeandaction'
[LOG 09:33:05.570] AssetLoader: Loaded mod bundle 'kspedia_flightui'
[LOG 09:33:05.570] AssetLoader: Loaded mod bundle 'kspedia_heat'
[LOG 09:33:05.570] AssetLoader: Loaded mod bundle 'kspedia_heatactiveradiators'
[LOG 09:33:05.570] AssetLoader: Loaded mod bundle 'kspedia_heatengines'
[LOG 09:33:05.570] AssetLoader: Loaded mod bundle 'kspedia_heatflow'
[LOG 09:33:05.571] AssetLoader: Loaded mod bundle 'kspedia_heatpart'
[LOG 09:33:05.571] AssetLoader: Loaded mod bundle 'kspedia_heatpassiveradiators'
[LOG 09:33:05.571] AssetLoader: Loaded mod bundle 'kspedia_heatshields'
[LOG 09:33:05.571] AssetLoader: Loaded mod bundle 'kspedia_kerbnet'
[LOG 09:33:05.571] AssetLoader: Loaded mod bundle 'kspedia_kerbnetinterface'
[LOG 09:33:05.572] AssetLoader: Loaded mod bundle 'kspedia_kerbnetmodes'
[LOG 09:33:05.572] AssetLoader: Loaded mod bundle 'kspedia_kerbnetwaypoints'
[LOG 09:33:05.572] AssetLoader: Loaded mod bundle 'kspedia_locations'
[LOG 09:33:05.572] AssetLoader: Loaded mod bundle 'kspedia_manual'
[LOG 09:33:05.573] AssetLoader: Loaded mod bundle 'kspedia_mapui-alarmclockcreation'
[LOG 09:33:05.573] AssetLoader: Loaded mod bundle 'kspedia_mapui-alarmclockmain'
[LOG 09:33:05.573] AssetLoader: Loaded mod bundle 'kspedia_mapui-burnindicator'
[LOG 09:33:05.573] AssetLoader: Loaded mod bundle 'kspedia_mapui-dvtoolsflight'
[LOG 09:33:05.573] AssetLoader: Loaded mod bundle 'kspedia_mapui-dvtoolsvab'
[LOG 09:33:05.577] AssetLoader: Loaded mod bundle 'kspedia_mapui-mannodes'
[LOG 09:33:05.577] AssetLoader: Loaded mod bundle 'kspedia_mapui-orbitnodes'
[LOG 09:33:05.578] AssetLoader: Loaded mod bundle 'kspedia_mapui-orbitnodes2'
[LOG 09:33:05.578] AssetLoader: Loaded mod bundle 'kspedia_mapui'
[LOG 09:33:05.578] AssetLoader: Loaded mod bundle 'kspedia_orbitalbasics-atmosphere'
[LOG 09:33:05.578] AssetLoader: Loaded mod bundle 'kspedia_orbitalbasics-gettingbackdown'
[LOG 09:33:05.578] AssetLoader: Loaded mod bundle 'kspedia_orbitalbasics-gettingupthere'
[LOG 09:33:05.578] AssetLoader: Loaded mod bundle 'kspedia_orbitalbasics-gravityturn'
[LOG 09:33:05.578] AssetLoader: Loaded mod bundle 'kspedia_orbitalbasics-orbits'
[LOG 09:33:05.578] AssetLoader: Loaded mod bundle 'kspedia_orbitalbasics-stayingupthere'
[LOG 09:33:05.579] AssetLoader: Loaded mod bundle 'kspedia_orbitalbasics'
[LOG 09:33:05.579] AssetLoader: Loaded mod bundle 'kspedia_orbitaldefinitions-appe'
[LOG 09:33:05.579] AssetLoader: Loaded mod bundle 'kspedia_orbitaldefinitions-dirandinc'
[LOG 09:33:05.579] AssetLoader: Loaded mod bundle 'kspedia_orbitaldefinitions-directions'
[LOG 09:33:05.579] AssetLoader: Loaded mod bundle 'kspedia_orbitaldefinitions-eccentricity'
[LOG 09:33:05.579] AssetLoader: Loaded mod bundle 'kspedia_orbitaldefinitions'
[LOG 09:33:05.580] AssetLoader: Loaded mod bundle 'kspedia_orbitalmaneuvers-adjustinginclination'
[LOG 09:33:05.580] AssetLoader: Loaded mod bundle 'kspedia_orbitalmaneuvers-deltav'
[LOG 09:33:05.580] AssetLoader: Loaded mod bundle 'kspedia_orbitalmaneuvers-efficiency'
[LOG 09:33:05.580] AssetLoader: Loaded mod bundle 'kspedia_orbitalmaneuvers-hohmanntransfer'
[LOG 09:33:05.580] AssetLoader: Loaded mod bundle 'kspedia_orbitalmaneuvers-hohmanntransfer2'
[LOG 09:33:05.581] AssetLoader: Loaded mod bundle 'kspedia_orbitalmaneuvers-orbittypes'
[LOG 09:33:05.581] AssetLoader: Loaded mod bundle 'kspedia_orbitalmaneuvers-radandantirad'
[LOG 09:33:05.581] AssetLoader: Loaded mod bundle 'kspedia_orbitalmaneuvers-shapingup'
[LOG 09:33:05.581] AssetLoader: Loaded mod bundle 'kspedia_orbitalmaneuvers'
[LOG 09:33:05.581] AssetLoader: Loaded mod bundle 'kspedia_planets-dres'
[LOG 09:33:05.582] AssetLoader: Loaded mod bundle 'kspedia_planets-duna'
[LOG 09:33:05.582] AssetLoader: Loaded mod bundle 'kspedia_planets-eeloo'
[LOG 09:33:05.582] AssetLoader: Loaded mod bundle 'kspedia_planets-eve'
[LOG 09:33:05.582] AssetLoader: Loaded mod bundle 'kspedia_planets-jool'
[LOG 09:33:05.582] AssetLoader: Loaded mod bundle 'kspedia_planets-kerbin'
[LOG 09:33:05.582] AssetLoader: Loaded mod bundle 'kspedia_planets-moho'
[LOG 09:33:05.582] AssetLoader: Loaded mod bundle 'kspedia_planets-sun'
[LOG 09:33:05.583] AssetLoader: Loaded mod bundle 'kspedia_planets-system'
[LOG 09:33:05.583] AssetLoader: Loaded mod bundle 'kspedia_resources-asteroidmining'
[LOG 09:33:05.583] AssetLoader: Loaded mod bundle 'kspedia_resources-conversionmanagement'
[LOG 09:33:05.583] AssetLoader: Loaded mod bundle 'kspedia_resources-drilling'
[LOG 09:33:05.583] AssetLoader: Loaded mod bundle 'kspedia_resources-findingit'
[LOG 09:33:05.584] AssetLoader: Loaded mod bundle 'kspedia_resources-findingit2'
[LOG 09:33:05.584] AssetLoader: Loaded mod bundle 'kspedia_resources-storageandconversion'
[LOG 09:33:05.584] AssetLoader: Loaded mod bundle 'kspedia_resources'
[LOG 09:33:05.584] AssetLoader: Loaded mod bundle 'kspedia_rocketry'
[LOG 09:33:05.584] AssetLoader: Loaded mod bundle 'kspedia_rocketryadvanced-fairings'
[LOG 09:33:05.584] AssetLoader: Loaded mod bundle 'kspedia_rocketryadvanced-girders'
[LOG 09:33:05.584] AssetLoader: Loaded mod bundle 'kspedia_rocketryadvanced'
[LOG 09:33:05.584] AssetLoader: Loaded mod bundle 'kspedia_rocketrybasics'
[LOG 09:33:05.584] AssetLoader: Loaded mod bundle 'kspedia_rocketrybasicsaero'
[LOG 09:33:05.586] AssetLoader: Loaded mod bundle 'kspedia_rocketrybasicscentered'
[LOG 09:33:05.586] AssetLoader: Loaded mod bundle 'kspedia_rocketrybasicschutes'
[LOG 09:33:05.586] AssetLoader: Loaded mod bundle 'kspedia_rocketrybasicscontrol'
[LOG 09:33:05.586] AssetLoader: Loaded mod bundle 'kspedia_rocketrybasicsecrecharging'
[LOG 09:33:05.586] AssetLoader: Loaded mod bundle 'kspedia_rocketrybasicsengines'
[LOG 09:33:05.586] AssetLoader: Loaded mod bundle 'kspedia_rocketrybasicsforces'
[LOG 09:33:05.587] AssetLoader: Loaded mod bundle 'kspedia_rocketrybasicshatchesandladders'
[LOG 09:33:05.587] AssetLoader: Loaded mod bundle 'kspedia_rocketrybasicshibernation'
[LOG 09:33:05.587] AssetLoader: Loaded mod bundle 'kspedia_rocketrybasicsresources'
[LOG 09:33:05.587] AssetLoader: Loaded mod bundle 'kspedia_rocketrybasicsservicecontainers'
[LOG 09:33:05.587] AssetLoader: Loaded mod bundle 'kspedia_rocketrybasicsstability'
[LOG 09:33:05.587] AssetLoader: Loaded mod bundle 'kspedia_rocketrybasicsstabilityassist'
[LOG 09:33:05.588] AssetLoader: Loaded mod bundle 'kspedia_rocketrybasicsstaging'
[LOG 09:33:05.588] AssetLoader: Loaded mod bundle 'kspedia_rocketrybasicssymmetry'
[LOG 09:33:05.588] AssetLoader: Loaded mod bundle 'kspedia_science'
[LOG 09:33:05.588] AssetLoader: Loaded mod bundle 'kspedia_sciencedata'
[LOG 09:33:05.588] AssetLoader: Loaded mod bundle 'kspedia_scienceexperiments'
[LOG 09:33:05.588] AssetLoader: Loaded mod bundle 'kspedia_sciencelab'
[LOG 09:33:05.589] AssetLoader: Loaded mod bundle 'kspedia_sciencetransmitted'
[LOG 09:33:05.589] AssetLoader: Loaded mod bundle 'kspedia_spacetravel'
[LOG 09:33:05.589] AssetLoader: Loaded mod bundle 'kspedia_variantswitcher'
[LOG 09:33:05.589] AssetLoader: Loaded mod bundle 'kspfonts'
[LOG 09:33:05.721] AssetLoader: Loaded bundle 'squadcore'
[LOG 09:33:05.722] AssetLoader: Loaded bundle 'squadcorefx'
[LOG 09:33:05.722] AssetLoader: Loaded mod bundle 'kspedia_builder'
[LOG 09:33:05.723] AssetLoader: Loaded mod bundle 'kspedia_buildertoolbar'
[LOG 09:33:05.723] AssetLoader: Loaded mod bundle 'kspedia_canvas'
[LOG 09:33:05.723] AssetLoader: Loaded mod bundle 'kspedia_exportingvalidation'
[LOG 09:33:05.723] AssetLoader: Loaded mod bundle 'kspedia_flight'
[LOG 09:33:05.723] AssetLoader: Loaded mod bundle 'kspedia_flightapp'
[LOG 09:33:05.724] AssetLoader: Loaded mod bundle 'kspedia_gap'
[LOG 09:33:05.724] AssetLoader: Loaded mod bundle 'kspedia_gaptools'
[LOG 09:33:05.724] AssetLoader: Loaded mod bundle 'kspedia_makinghistory'
[LOG 09:33:05.724] AssetLoader: Loaded mod bundle 'kspedia_missionbriefing'
[LOG 09:33:05.724] AssetLoader: Loaded mod bundle 'kspedia_nodedocking'
[LOG 09:33:05.725] AssetLoader: Loaded mod bundle 'kspedia_nodesconnectors'
[LOG 09:33:05.725] AssetLoader: Loaded mod bundle 'kspedia_sap'
[LOG 09:33:05.725] AssetLoader: Loaded mod bundle 'kspedia_sidebar'
[LOG 09:33:05.725] AssetLoader: Loaded mod bundle 'kspedia_testingcheckpoints'
[LOG 09:33:05.726] AssetLoader: Loaded bundle 'makinghistory'
[LOG 09:33:05.726] AssetLoader: Loaded mod bundle 'kspedia_bladecyclic-collective-behaviour'
[LOG 09:33:05.726] AssetLoader: Loaded mod bundle 'kspedia_bladecyclic-collective-controls'
[LOG 09:33:05.726] AssetLoader: Loaded mod bundle 'kspedia_deployedscience-experiments'
[LOG 09:33:05.726] AssetLoader: Loaded mod bundle 'kspedia_deployedscience'
[LOG 09:33:05.727] AssetLoader: Loaded mod bundle 'kspedia_grippads'
[LOG 09:33:05.727] AssetLoader: Loaded mod bundle 'kspedia_layindtracks'
[LOG 09:33:05.727] AssetLoader: Loaded mod bundle 'kspedia_propellers'
[LOG 09:33:05.727] AssetLoader: Loaded mod bundle 'kspedia_propellersaerodynamics'
[LOG 09:33:05.728] AssetLoader: Loaded mod bundle 'kspedia_roboticcontroller'
[LOG 09:33:05.728] AssetLoader: Loaded mod bundle 'kspedia_roboticparts'
[LOG 09:33:05.728] AssetLoader: Loaded mod bundle 'kspedia_surface features-overview'
[LOG 09:33:05.729] AssetLoader: Loaded mod bundle 'kspedia_surface features-roverarmdetails'
[LOG 09:33:05.729] AssetLoader: Loaded mod bundle 'kspedia_trackeditor'
[LOG 09:33:05.729] AssetLoader: Loaded mod bundle 'kspedia_trackeditortoolbar'
[LOG 09:33:05.730] AssetLoader: Loaded mod bundle 'serenity'
[LOG 09:33:05.730] AssetLoader: Finished loading. 226 bundle definitions loaded.
[LOG 09:33:05.731] Compiling Configs:
[LOG 09:33:05.731] Config(DRAG_TIP) /Physics/DRAG_TIP
[LOG 09:33:05.731] Config(DRAG_SURFACE) /Physics/DRAG_SURFACE
[LOG 09:33:05.731] Config(DRAG_TAIL) /Physics/DRAG_TAIL
[LOG 09:33:05.731] Config(DRAG_MULTIPLIER) /Physics/DRAG_MULTIPLIER
[LOG 09:33:05.731] Config(DRAG_CD) /Physics/DRAG_CD
[LOG 09:33:05.731] Config(DRAG_CD_POWER) /Physics/DRAG_CD_POWER
[LOG 09:33:05.731] Config(DRAG_PSEUDOREYNOLDS) /Physics/DRAG_PSEUDOREYNOLDS
[LOG 09:33:05.731] Config(LIFTING_SURFACE_CURVES) /Physics/LIFTING_SURFACE_CURVES
[LOG 09:33:05.731] Config(VesselRanges) /Physics/VesselRanges
[LOG 09:33:05.731] Config(KSP_COMMUNITY_FIXES) KSPCommunityFixes/Settings/KSP_COMMUNITY_FIXES
[LOG 09:33:05.731] Config(Localization) KSPCommunityFixes/Localization/en-us/Localization
[LOG 09:33:05.731] Config(Localization) KSPCommunityFixes/Localization/fr-fr/Localization
[LOG 09:33:05.731] Config(Localization) KSPCommunityFixes/Localization/ru/Localization
[LOG 09:33:05.732] Config(Localization) KSPCommunityFixes/Localization/zh-cn/Localization
[LOG 09:33:05.732] Config(@PART[*]:HAS[@MODULE[ModuleDockingNodeFixed]]:NEEDS[FixDockingNodes]:FINAL) KSPCommunityFixes/MMPatches/ModSupport/FixDockingNodes/@PART[*]:HAS[@MODULE[ModuleDockingNodeFixed]]:NEEDS[FixDockingNodes]:FINAL
[LOG 09:33:05.732] Config(@PART[*]:HAS[@MODULE[Refunding]]:LAST[999_KSP-Recall]) KSPCommunityFixes/MMPatches/ModSupport/KSPRecall/@PART[*]:HAS[@MODULE[Refunding]]:LAST[999_KSP-Recall]
[LOG 09:33:05.732] Config(@PART[*]:HAS[#hasRefundingOnRecovery[?rue]]:LAST[999_KSP-Recall]) KSPCommunityFixes/MMPatches/ModSupport/KSPRecall/@PART[*]:HAS[#hasRefundingOnRecovery[?rue]]:LAST[999_KSP-Recall]
[LOG 09:33:05.732] Config(@PART[*]:HAS[#hasRefundingOnRecovery]:LAST[999_KSP-Recall]) KSPCommunityFixes/MMPatches/ModSupport/KSPRecall/@PART[*]:HAS[#hasRefundingOnRecovery]:LAST[999_KSP-Recall]
[LOG 09:33:05.732] Config(@KSP-Recall:LAST[999_KSP-Recall]) KSPCommunityFixes/MMPatches/ModSupport/KSPRecall/@KSP-Recall:LAST[999_KSP-Recall]
[LOG 09:33:05.732] Config(@KSP-Recall:HAS[#hasRefundingOnRecovery[?rue]]:LAST[999_KSP-Recall]) KSPCommunityFixes/MMPatches/ModSupport/KSPRecall/@KSP-Recall:HAS[#hasRefundingOnRecovery[?rue]]:LAST[999_KSP-Recall]
[LOG 09:33:05.732] Config(@KSP-Recall:HAS[#hasRefundingOnRecovery]:LAST[999_KSP-Recall]) KSPCommunityFixes/MMPatches/ModSupport/KSPRecall/@KSP-Recall:HAS[#hasRefundingOnRecovery]:LAST[999_KSP-Recall]
[LOG 09:33:05.732] Config(@KSP_COMMUNITY_FIXES:NEEDS[AttachedOnEditor]) KSPCommunityFixes/MMPatches/ModSupport/KSPRecall/@KSP_COMMUNITY_FIXES:NEEDS[AttachedOnEditor]
[LOG 09:33:05.732] Config(@KSP_COMMUNITY_FIXES:NEEDS[UniversalStorage2]) KSPCommunityFixes/MMPatches/ModSupport/UniversalStorage/@KSP_COMMUNITY_FIXES:NEEDS[UniversalStorage2]
[LOG 09:33:05.732] Config(@PART[telescopicLadderBay]:FIRST) KSPCommunityFixes/MMPatches/StockTweaks/LadderToggleableLight/@PART[telescopicLadderBay]:FIRST
[LOG 09:33:05.732] Config(@PART[telescopicLadderBay]:HAS[#LadderToggleableLight[?rue]]:FIRST) KSPCommunityFixes/MMPatches/StockTweaks/LadderToggleableLight/@PART[telescopicLadderBay]:HAS[#LadderToggleableLight[?rue]]:FIRST
[LOG 09:33:05.732] Config(@PART[telescopicLadderBay]:HAS[#LadderToggleableLight]:FIRST) KSPCommunityFixes/MMPatches/StockTweaks/LadderToggleableLight/@PART[telescopicLadderBay]:HAS[#LadderToggleableLight]:FIRST
[LOG 09:33:05.732] Config(@PART[GearSmall]:FIRST) KSPCommunityFixes/MMPatches/StockTweaks/LandingGearLights/@PART[GearSmall]:FIRST
[LOG 09:33:05.732] Config(@PART[SmallGearBay]:FIRST) KSPCommunityFixes/MMPatches/StockTweaks/LandingGearLights/@PART[SmallGearBay]:FIRST
[LOG 09:33:05.732] Config(@PART[sasModule]:FOR[KSPCommunityFixes]) KSPCommunityFixes/MMPatches/StockTweaks/ManufacturerFixes/@PART[sasModule]:FOR[KSPCommunityFixes]
[LOG 09:33:05.732] Config(@PART[xenonTankRadial]:FOR[KSPCommunityFixes]) KSPCommunityFixes/MMPatches/StockTweaks/ManufacturerFixes/@PART[xenonTankRadial]:FOR[KSPCommunityFixes]
[LOG 09:33:05.732] Config(@PART[winglet|fireworksLauncherSmall|fireworksLauncherBig]:FOR[KSPCommunityFixes]) KSPCommunityFixes/MMPatches/StockTweaks/ManufacturerFixes/@PART[winglet|fireworksLauncherSmall|fireworksLauncherBig]:FOR[KSPCommunityFixes]
[LOG 09:33:05.732] Config(@PART[solidBooster_sm_v2|solidBooster_v2]:FOR[KSPCommunityFixes]) KSPCommunityFixes/MMPatches/StockTweaks/ManufacturerFixes/@PART[solidBooster_sm_v2|solidBooster_v2]:FOR[KSPCommunityFixes]
[LOG 09:33:05.732] Config(@PART[ServiceBay_125_v2|ServiceBay_250_v2]:FOR[KSPCommunityFixes]) KSPCommunityFixes/MMPatches/StockTweaks/ManufacturerFixes/@PART[ServiceBay_125_v2|ServiceBay_250_v2]:FOR[KSPCommunityFixes]
[LOG 09:33:05.732] Config(@PART[externalTankCapsule]:FOR[KSPCommunityFixes]) KSPCommunityFixes/MMPatches/StockTweaks/ManufacturerFixes/@PART[externalTankCapsule]:FOR[KSPCommunityFixes]
[LOG 09:33:05.732] Config(@PART[RCSFuelTank|rcsTankMini|RCSTank1-2]:FOR[KSPCommunityFixes]) KSPCommunityFixes/MMPatches/StockTweaks/ManufacturerFixes/@PART[RCSFuelTank|rcsTankMini|RCSTank1-2]:FOR[KSPCommunityFixes]
[LOG 09:33:05.732] Config(@PART[landerCabinSmall]:FOR[KSPCommunityFixes]) KSPCommunityFixes/MMPatches/StockTweaks/ManufacturerFixes/@PART[landerCabinSmall]:FOR[KSPCommunityFixes]
[LOG 09:33:05.732] Config(@PART[dockingPortLateral]:FOR[KSPCommunityFixes]) KSPCommunityFixes/MMPatches/StockTweaks/ManufacturerFixes/@PART[dockingPortLateral]:FOR[KSPCommunityFixes]
[LOG 09:33:05.732] Config(@PART[EnginePlate4]:FOR[KSPCommunityFixes]:NEEDS[SquadExpansion/MakingHistory]) KSPCommunityFixes/MMPatches/StockTweaks/ManufacturerFixes/@PART[EnginePlate4]:FOR[KSPCommunityFixes]:NEEDS[SquadExpansion/MakingHistory]
[LOG 09:33:05.732] Config(@PART[Mk2Pod]:FOR[KSPCommunityFixes]:NEEDS[SquadExpansion/MakingHistory]) KSPCommunityFixes/MMPatches/StockTweaks/ManufacturerFixes/@PART[Mk2Pod]:FOR[KSPCommunityFixes]:NEEDS[SquadExpansion/MakingHistory]
[LOG 09:33:05.732] Config(@PART[evaChute|parachuteSingle|parachuteRadial|radialDrogue|parachuteLarge|parachuteDrogue]:FOR[KSPCommunityFixes]) KSPCommunityFixes/MMPatches/StockTweaks/ManufacturerFixes/@PART[evaChute|parachuteSingle|parachuteRadial|radialDrogue|parachuteLarge|parachuteDrogue]:FOR[KSPCommunityFixes]
[LOG 09:33:05.732] Config(@PART[stackPoint1|dockingPort1|dockingPort2|dockingPort3|dockingPortLarge]:FOR[KSPCommunityFixes]) KSPCommunityFixes/MMPatches/StockTweaks/ManufacturerFixes/@PART[stackPoint1|dockingPort1|dockingPort2|dockingPort3|dockingPortLarge]:FOR[KSPCommunityFixes]
[LOG 09:33:05.732] Config(AGENT) KSPCommunityFixes/MMPatches/StockTweaks/ManufacturerFixes/Clamp-O-Tron
[LOG 09:33:05.732] Config(AGENT) KSPCommunityFixes/MMPatches/StockTweaks/ManufacturerFixes/FreeFall Parachutes
[LOG 09:33:05.732] Config(AGENT) KSPCommunityFixes/MMPatches/StockTweaks/ManufacturerFixes/LightYear Tire Company
[LOG 09:33:05.732] Config(AGENT) KSPCommunityFixes/MMPatches/StockTweaks/ManufacturerFixes/Stratus Corporation
[LOG 09:33:05.732] Config(Localization) KSPCommunityFixes/MMPatches/StockTweaks/ManufacturerFixes/Localization
[LOG 09:33:05.732] Config(AGENT) Squad/Agencies/Agents/C7 Aerospace Division
[LOG 09:33:05.732] Config(AGENT) Squad/Agencies/Agents/Dinkelstein Kerman's Construction Emporium
[LOG 09:33:05.732] Config(AGENT) Squad/Agencies/Agents/Experimental Engineering Group
[LOG 09:33:05.732] Config(AGENT) Squad/Agencies/Agents/FLOOYD Dynamics Research Labs
[LOG 09:33:05.732] Config(AGENT) Squad/Agencies/Agents/Goliath National Products
[LOG 09:33:05.732] Config(AGENT) Squad/Agencies/Agents/Integrated Integrals
[LOG 09:33:05.732] Config(AGENT) Squad/Agencies/Agents/Ionic Symphonic Protonic Electronics
[LOG 09:33:05.732] Config(AGENT) Squad/Agencies/Agents/Jebediah Kerman's Junkyard and Spacecraft Parts Co
[LOG 09:33:05.732] Config(AGENT) Squad/Agencies/Agents/Kerbal Motion LLC
[LOG 09:33:05.733] Config(AGENT) Squad/Agencies/Agents/Kerbin World-Firsts Record-Keeping Society
[LOG 09:33:05.733] Config(AGENT) Squad/Agencies/Agents/Kerbodyne
[LOG 09:33:05.733] Config(AGENT) Squad/Agencies/Agents/Kerlington Model Rockets and Paper Products Inc
[LOG 09:33:05.733] Config(AGENT) Squad/Agencies/Agents/Maxo Construction Toys
[LOG 09:33:05.733] Config(AGENT) Squad/Agencies/Agents/Moving Parts Experts Group
[LOG 09:33:05.733] Config(AGENT) Squad/Agencies/Agents/O.M.B. Demolition Enterprises
[LOG 09:33:05.733] Config(AGENT) Squad/Agencies/Agents/Periapsis Rocket Supplies Co
[LOG 09:33:05.733] Config(AGENT) Squad/Agencies/Agents/Probodobodyne Inc
[LOG 09:33:05.733] Config(AGENT) Squad/Agencies/Agents/Research & Development Department
[LOG 09:33:05.733] Config(AGENT) Squad/Agencies/Agents/Reaction Systems Ltd
[LOG 09:33:05.733] Config(AGENT) Squad/Agencies/Agents/Rockomax Conglomerate
[LOG 09:33:05.733] Config(AGENT) Squad/Agencies/Agents/Rokea Inc
[LOG 09:33:05.733] Config(AGENT) Squad/Agencies/Agents/Sean's Cannery
[LOG 09:33:05.733] Config(AGENT) Squad/Agencies/Agents/STEADLER Engineering Corps
[LOG 09:33:05.733] Config(AGENT) Squad/Agencies/Agents/StrutCo
[LOG 09:33:05.733] Config(AGENT) Squad/Agencies/Agents/Vac-Co Advanced Suction Systems
[LOG 09:33:05.733] Config(AGENT) Squad/Agencies/Agents/WinterOwl Aircraft Emporium
[LOG 09:33:05.733] Config(AGENT) Squad/Agencies/Agents/Zaltonic Electronics
[LOG 09:33:05.733] Config(CONTRACT_CONSTRUCTION_PARTS) Squad/Contracts/constructionContractParts/CONTRACT_CONSTRUCTION_PARTS
[LOG 09:33:05.733] Config(Contracts) Squad/Contracts/Contracts/Contracts
[LOG 09:33:05.733] Config(CONTRACTCRAFT) Squad/Contracts/PrebuiltCraft/prebuiltData/CONTRACTCRAFT
[LOG 09:33:05.733] Config(CONTRACTCRAFT) Squad/Contracts/PrebuiltCraft/OrbitalConstructionContract/orbitalConstructionContractCraft/CONTRACTCRAFT
[LOG 09:33:05.733] Config(CONTRACTCRAFT) Squad/Contracts/PrebuiltCraft/RepairContract/repairContractCraft/CONTRACTCRAFT
[LOG 09:33:05.733] Config(CONTRACTCRAFT) Squad/Contracts/PrebuiltCraft/RoverContract/roverContractCraft/CONTRACTCRAFT
[LOG 09:33:05.733] Config(KEYBOARD_LAYOUT) Squad/Controls/Azerty/#autoLOC_6001233
[LOG 09:33:05.733] Config(PITCH_DOWN) Squad/Controls/Azerty/PITCH_DOWN
[LOG 09:33:05.733] Config(PITCH_UP) Squad/Controls/Azerty/PITCH_UP
[LOG 09:33:05.733] Config(YAW_LEFT) Squad/Controls/Azerty/YAW_LEFT
[LOG 09:33:05.733] Config(YAW_RIGHT) Squad/Controls/Azerty/YAW_RIGHT
[LOG 09:33:05.733] Config(ROLL_LEFT) Squad/Controls/Azerty/ROLL_LEFT
[LOG 09:33:05.733] Config(ROLL_RIGHT) Squad/Controls/Azerty/ROLL_RIGHT
[LOG 09:33:05.733] Config(THROTTLE_UP) Squad/Controls/Azerty/THROTTLE_UP
[LOG 09:33:05.733] Config(THROTTLE_DOWN) Squad/Controls/Azerty/THROTTLE_DOWN
[LOG 09:33:05.733] Config(SAS_HOLD) Squad/Controls/Azerty/SAS_HOLD
[LOG 09:33:05.733] Config(SAS_TOGGLE) Squad/Controls/Azerty/SAS_TOGGLE
[LOG 09:33:05.733] Config(LAUNCH_STAGES) Squad/Controls/Azerty/LAUNCH_STAGES
[LOG 09:33:05.733] Config(Docking_toggleRotLin) Squad/Controls/Azerty/Docking_toggleRotLin
[LOG 09:33:05.733] Config(CAMERA_MODE) Squad/Controls/Azerty/CAMERA_MODE
[LOG 09:33:05.733] Config(CAMERA_NEXT) Squad/Controls/Azerty/CAMERA_NEXT
[LOG 09:33:05.733] Config(PAUSE) Squad/Controls/Azerty/PAUSE
[LOG 09:33:05.733] Config(PRECISION_CTRL) Squad/Controls/Azerty/PRECISION_CTRL
[LOG 09:33:05.733] Config(ZOOM_IN) Squad/Controls/Azerty/ZOOM_IN
[LOG 09:33:05.733] Config(ZOOM_OUT) Squad/Controls/Azerty/ZOOM_OUT
[LOG 09:33:05.733] Config(SCROLL_VIEW_UP) Squad/Controls/Azerty/SCROLL_VIEW_UP
[LOG 09:33:05.734] Config(SCROLL_VIEW_DOWN) Squad/Controls/Azerty/SCROLL_VIEW_DOWN
[LOG 09:33:05.734] Config(SCROLL_ICONS_UP) Squad/Controls/Azerty/SCROLL_ICONS_UP
[LOG 09:33:05.734] Config(SCROLL_ICONS_DOWN) Squad/Controls/Azerty/SCROLL_ICONS_DOWN
[LOG 09:33:05.734] Config(CAMERA_ORBIT_UP) Squad/Controls/Azerty/CAMERA_ORBIT_UP
[LOG 09:33:05.734] Config(CAMERA_ORBIT_DOWN) Squad/Controls/Azerty/CAMERA_ORBIT_DOWN
[LOG 09:33:05.734] Config(CAMERA_ORBIT_LEFT) Squad/Controls/Azerty/CAMERA_ORBIT_LEFT
[LOG 09:33:05.734] Config(CAMERA_ORBIT_RIGHT) Squad/Controls/Azerty/CAMERA_ORBIT_RIGHT
[LOG 09:33:05.734] Config(CAMERA_RESET) Squad/Controls/Azerty/CAMERA_RESET
[LOG 09:33:05.734] Config(CAMERA_MOUSE_TOGGLE) Squad/Controls/Azerty/CAMERA_MOUSE_TOGGLE
[LOG 09:33:05.734] Config(TIME_WARP_INCREASE) Squad/Controls/Azerty/TIME_WARP_INCREASE
[LOG 09:33:05.734] Config(TIME_WARP_DECREASE) Squad/Controls/Azerty/TIME_WARP_DECREASE
[LOG 09:33:05.734] Config(TIME_WARP_STOP) Squad/Controls/Azerty/TIME_WARP_STOP
[LOG 09:33:05.734] Config(MAP_VIEW_TOGGLE) Squad/Controls/Azerty/MAP_VIEW_TOGGLE
[LOG 09:33:05.734] Config(NAVBALL_TOGGLE) Squad/Controls/Azerty/NAVBALL_TOGGLE
[LOG 09:33:05.734] Config(UIMODE_STAGING) Squad/Controls/Azerty/UIMODE_STAGING
[LOG 09:33:05.734] Config(UIMODE_DOCKING) Squad/Controls/Azerty/UIMODE_DOCKING
[LOG 09:33:05.734] Config(TRANSLATE_DOWN) Squad/Controls/Azerty/TRANSLATE_DOWN
[LOG 09:33:05.734] Config(TRANSLATE_UP) Squad/Controls/Azerty/TRANSLATE_UP
[LOG 09:33:05.734] Config(TRANSLATE_LEFT) Squad/Controls/Azerty/TRANSLATE_LEFT
[LOG 09:33:05.734] Config(TRANSLATE_RIGHT) Squad/Controls/Azerty/TRANSLATE_RIGHT
[LOG 09:33:05.734] Config(TRANSLATE_FWD) Squad/Controls/Azerty/TRANSLATE_FWD
[LOG 09:33:05.734] Config(TRANSLATE_BACK) Squad/Controls/Azerty/TRANSLATE_BACK
[LOG 09:33:05.734] Config(RCS_TOGGLE) Squad/Controls/Azerty/RCS_TOGGLE
[LOG 09:33:05.734] Config(FOCUS_NEXT_VESSEL) Squad/Controls/Azerty/FOCUS_NEXT_VESSEL
[LOG 09:33:05.734] Config(FOCUS_PREV_VESSEL) Squad/Controls/Azerty/FOCUS_PREV_VESSEL
[LOG 09:33:05.734] Config(TOGGLE_UI) Squad/Controls/Azerty/TOGGLE_UI
[LOG 09:33:05.734] Config(TOGGLE_STATUS_SCREEN) Squad/Controls/Azerty/TOGGLE_STATUS_SCREEN
[LOG 09:33:05.734] Config(TAKE_SCREENSHOT) Squad/Controls/Azerty/TAKE_SCREENSHOT
[LOG 09:33:05.734] Config(TOGGLE_LABELS) Squad/Controls/Azerty/TOGGLE_LABELS
[LOG 09:33:05.734] Config(TOGGLE_TEMP_GAUGES) Squad/Controls/Azerty/TOGGLE_TEMP_GAUGES
[LOG 09:33:05.734] Config(TOGGLE_TEMP_OVERLAY) Squad/Controls/Azerty/TOGGLE_TEMP_OVERLAY
[LOG 09:33:05.734] Config(TOGGLE_FLIGHT_FORCES) Squad/Controls/Azerty/TOGGLE_FLIGHT_FORCES
[LOG 09:33:05.734] Config(QUICKSAVE) Squad/Controls/Azerty/QUICKSAVE
[LOG 09:33:05.734] Config(QUICKLOAD) Squad/Controls/Azerty/QUICKLOAD
[LOG 09:33:05.734] Config(THROTTLE_CUTOFF) Squad/Controls/Azerty/THROTTLE_CUTOFF
[LOG 09:33:05.734] Config(THROTTLE_FULL) Squad/Controls/Azerty/THROTTLE_FULL
[LOG 09:33:05.734] Config(LANDING_GEAR) Squad/Controls/Azerty/LANDING_GEAR
[LOG 09:33:05.734] Config(HEADLIGHT_TOGGLE) Squad/Controls/Azerty/HEADLIGHT_TOGGLE
[LOG 09:33:05.734] Config(BRAKES) Squad/Controls/Azerty/BRAKES
[LOG 09:33:05.734] Config(TOGGLE_SPACENAV_FLIGHT_CONTROL) Squad/Controls/Azerty/TOGGLE_SPACENAV_FLIGHT_CONTROL
[LOG 09:33:05.734] Config(TOGGLE_SPACENAV_ROLL_LOCK) Squad/Controls/Azerty/TOGGLE_SPACENAV_ROLL_LOCK
[LOG 09:33:05.734] Config(WHEEL_STEER_LEFT) Squad/Controls/Azerty/WHEEL_STEER_LEFT
[LOG 09:33:05.734] Config(WHEEL_STEER_RIGHT) Squad/Controls/Azerty/WHEEL_STEER_RIGHT
[LOG 09:33:05.734] Config(WHEEL_THROTTLE_DOWN) Squad/Controls/Azerty/WHEEL_THROTTLE_DOWN
[LOG 09:33:05.734] Config(WHEEL_THROTTLE_UP) Squad/Controls/Azerty/WHEEL_THROTTLE_UP
[LOG 09:33:05.734] Config(EVA_forward) Squad/Controls/Azerty/EVA_forward
[LOG 09:33:05.734] Config(EVA_back) Squad/Controls/Azerty/EVA_back
[LOG 09:33:05.735] Config(EVA_left) Squad/Controls/Azerty/EVA_left
[LOG 09:33:05.735] Config(EVA_right) Squad/Controls/Azerty/EVA_right
[LOG 09:33:05.735] Config(EVA_yaw_left) Squad/Controls/Azerty/EVA_yaw_left
[LOG 09:33:05.735] Config(EVA_yaw_right) Squad/Controls/Azerty/EVA_yaw_right
[LOG 09:33:05.735] Config(EVA_Pack_forward) Squad/Controls/Azerty/EVA_Pack_forward
[LOG 09:33:05.735] Config(EVA_Pack_back) Squad/Controls/Azerty/EVA_Pack_back
[LOG 09:33:05.735] Config(EVA_Pack_left) Squad/Controls/Azerty/EVA_Pack_left
[LOG 09:33:05.735] Config(EVA_Pack_right) Squad/Controls/Azerty/EVA_Pack_right
[LOG 09:33:05.735] Config(EVA_Pack_up) Squad/Controls/Azerty/EVA_Pack_up
[LOG 09:33:05.735] Config(EVA_Pack_down) Squad/Controls/Azerty/EVA_Pack_down
[LOG 09:33:05.735] Config(EVA_Jump) Squad/Controls/Azerty/EVA_Jump
[LOG 09:33:05.735] Config(EVA_Run) Squad/Controls/Azerty/EVA_Run
[LOG 09:33:05.735] Config(EVA_ToggleMovementMode) Squad/Controls/Azerty/EVA_ToggleMovementMode
[LOG 09:33:05.735] Config(EVA_TogglePack) Squad/Controls/Azerty/EVA_TogglePack
[LOG 09:33:05.735] Config(EVA_Use) Squad/Controls/Azerty/EVA_Use
[LOG 09:33:05.735] Config(EVA_Board) Squad/Controls/Azerty/EVA_Board
[LOG 09:33:05.735] Config(EVA_Orient) Squad/Controls/Azerty/EVA_Orient
[LOG 09:33:05.735] Config(EVA_Lights) Squad/Controls/Azerty/EVA_Lights
[LOG 09:33:05.735] Config(EVA_ChuteDeploy) Squad/Controls/Azerty/EVA_ChuteDeploy
[LOG 09:33:05.735] Config(Editor_pitchUp) Squad/Controls/Azerty/Editor_pitchUp
[LOG 09:33:05.735] Config(Editor_pitchDown) Squad/Controls/Azerty/Editor_pitchDown
[LOG 09:33:05.735] Config(Editor_yawLeft) Squad/Controls/Azerty/Editor_yawLeft
[LOG 09:33:05.735] Config(Editor_yawRight) Squad/Controls/Azerty/Editor_yawRight
[LOG 09:33:05.735] Config(Editor_rollLeft) Squad/Controls/Azerty/Editor_rollLeft
[LOG 09:33:05.735] Config(Editor_rollRight) Squad/Controls/Azerty/Editor_rollRight
[LOG 09:33:05.735] Config(Editor_resetRotation) Squad/Controls/Azerty/Editor_resetRotation
[LOG 09:33:05.735] Config(Editor_modePlace) Squad/Controls/Azerty/Editor_modePlace
[LOG 09:33:05.735] Config(Editor_modeOffset) Squad/Controls/Azerty/Editor_modeOffset
[LOG 09:33:05.735] Config(Editor_modeRotate) Squad/Controls/Azerty/Editor_modeRotate
[LOG 09:33:05.735] Config(Editor_modeRoot) Squad/Controls/Azerty/Editor_modeRoot
[LOG 09:33:05.735] Config(Editor_coordSystem) Squad/Controls/Azerty/Editor_coordSystem
[LOG 09:33:05.735] Config(Editor_toggleSymMethod) Squad/Controls/Azerty/Editor_toggleSymMethod
[LOG 09:33:05.735] Config(Editor_toggleSymMode) Squad/Controls/Azerty/Editor_toggleSymMode
[LOG 09:33:05.735] Config(Editor_toggleAngleSnap) Squad/Controls/Azerty/Editor_toggleAngleSnap
[LOG 09:33:05.735] Config(Editor_fineTweak) Squad/Controls/Azerty/Editor_fineTweak
[LOG 09:33:05.735] Config(Editor_partSearch) Squad/Controls/Azerty/Editor_partSearch
[LOG 09:33:05.735] Config(Editor_zoomScrollModifier) Squad/Controls/Azerty/Editor_zoomScrollModifier
[LOG 09:33:05.735] Config(MODIFIER_KEY) Squad/Controls/Azerty/MODIFIER_KEY
[LOG 09:33:05.735] Config(AbortActionGroup) Squad/Controls/Azerty/AbortActionGroup
[LOG 09:33:05.735] Config(CustomActionGroup1) Squad/Controls/Azerty/CustomActionGroup1
[LOG 09:33:05.735] Config(CustomActionGroup2) Squad/Controls/Azerty/CustomActionGroup2
[LOG 09:33:05.735] Config(CustomActionGroup3) Squad/Controls/Azerty/CustomActionGroup3
[LOG 09:33:05.735] Config(CustomActionGroup4) Squad/Controls/Azerty/CustomActionGroup4
[LOG 09:33:05.735] Config(CustomActionGroup5) Squad/Controls/Azerty/CustomActionGroup5
[LOG 09:33:05.735] Config(CustomActionGroup6) Squad/Controls/Azerty/CustomActionGroup6
[LOG 09:33:05.735] Config(CustomActionGroup7) Squad/Controls/Azerty/CustomActionGroup7
[LOG 09:33:05.735] Config(CustomActionGroup8) Squad/Controls/Azerty/CustomActionGroup8
[LOG 09:33:05.736] Config(CustomActionGroup9) Squad/Controls/Azerty/CustomActionGroup9
[LOG 09:33:05.736] Config(CustomActionGroup10) Squad/Controls/Azerty/CustomActionGroup10
[LOG 09:33:05.736] Config(KEY_MAP) Squad/Controls/Azerty/KEY_MAP
[LOG 09:33:05.736] Config(KEYBOARD_LAYOUT) Squad/Controls/Dvorak/#autoLOC_6001234
[LOG 09:33:05.736] Config(PITCH_DOWN) Squad/Controls/Dvorak/PITCH_DOWN
[LOG 09:33:05.736] Config(PITCH_UP) Squad/Controls/Dvorak/PITCH_UP
[LOG 09:33:05.736] Config(YAW_LEFT) Squad/Controls/Dvorak/YAW_LEFT
[LOG 09:33:05.736] Config(YAW_RIGHT) Squad/Controls/Dvorak/YAW_RIGHT
[LOG 09:33:05.736] Config(ROLL_LEFT) Squad/Controls/Dvorak/ROLL_LEFT
[LOG 09:33:05.736] Config(ROLL_RIGHT) Squad/Controls/Dvorak/ROLL_RIGHT
[LOG 09:33:05.736] Config(THROTTLE_UP) Squad/Controls/Dvorak/THROTTLE_UP
[LOG 09:33:05.736] Config(THROTTLE_DOWN) Squad/Controls/Dvorak/THROTTLE_DOWN
[LOG 09:33:05.736] Config(SAS_HOLD) Squad/Controls/Dvorak/SAS_HOLD
[LOG 09:33:05.736] Config(SAS_TOGGLE) Squad/Controls/Dvorak/SAS_TOGGLE
[LOG 09:33:05.736] Config(LAUNCH_STAGES) Squad/Controls/Dvorak/LAUNCH_STAGES
[LOG 09:33:05.736] Config(Docking_toggleRotLin) Squad/Controls/Dvorak/Docking_toggleRotLin
[LOG 09:33:05.736] Config(CAMERA_MODE) Squad/Controls/Dvorak/CAMERA_MODE
[LOG 09:33:05.736] Config(CAMERA_NEXT) Squad/Controls/Dvorak/CAMERA_NEXT
[LOG 09:33:05.736] Config(PAUSE) Squad/Controls/Dvorak/PAUSE
[LOG 09:33:05.736] Config(PRECISION_CTRL) Squad/Controls/Dvorak/PRECISION_CTRL
[LOG 09:33:05.736] Config(ZOOM_IN) Squad/Controls/Dvorak/ZOOM_IN
[LOG 09:33:05.736] Config(ZOOM_OUT) Squad/Controls/Dvorak/ZOOM_OUT
[LOG 09:33:05.736] Config(SCROLL_VIEW_UP) Squad/Controls/Dvorak/SCROLL_VIEW_UP
[LOG 09:33:05.736] Config(SCROLL_VIEW_DOWN) Squad/Controls/Dvorak/SCROLL_VIEW_DOWN
[LOG 09:33:05.736] Config(SCROLL_ICONS_UP) Squad/Controls/Dvorak/SCROLL_ICONS_UP
[LOG 09:33:05.736] Config(SCROLL_ICONS_DOWN) Squad/Controls/Dvorak/SCROLL_ICONS_DOWN
[LOG 09:33:05.736] Config(CAMERA_ORBIT_UP) Squad/Controls/Dvorak/CAMERA_ORBIT_UP
[LOG 09:33:05.736] Config(CAMERA_ORBIT_DOWN) Squad/Controls/Dvorak/CAMERA_ORBIT_DOWN
[LOG 09:33:05.736] Config(CAMERA_ORBIT_LEFT) Squad/Controls/Dvorak/CAMERA_ORBIT_LEFT
[LOG 09:33:05.736] Config(CAMERA_ORBIT_RIGHT) Squad/Controls/Dvorak/CAMERA_ORBIT_RIGHT
[LOG 09:33:05.736] Config(CAMERA_RESET) Squad/Controls/Dvorak/CAMERA_RESET
[LOG 09:33:05.736] Config(CAMERA_MOUSE_TOGGLE) Squad/Controls/Dvorak/CAMERA_MOUSE_TOGGLE
[LOG 09:33:05.736] Config(TIME_WARP_INCREASE) Squad/Controls/Dvorak/TIME_WARP_INCREASE
[LOG 09:33:05.736] Config(TIME_WARP_DECREASE) Squad/Controls/Dvorak/TIME_WARP_DECREASE
[LOG 09:33:05.736] Config(TIME_WARP_STOP) Squad/Controls/Dvorak/TIME_WARP_STOP
[LOG 09:33:05.736] Config(MAP_VIEW_TOGGLE) Squad/Controls/Dvorak/MAP_VIEW_TOGGLE
[LOG 09:33:05.736] Config(NAVBALL_TOGGLE) Squad/Controls/Dvorak/NAVBALL_TOGGLE
[LOG 09:33:05.736] Config(UIMODE_STAGING) Squad/Controls/Dvorak/UIMODE_STAGING
[LOG 09:33:05.736] Config(UIMODE_DOCKING) Squad/Controls/Dvorak/UIMODE_DOCKING
[LOG 09:33:05.736] Config(TRANSLATE_DOWN) Squad/Controls/Dvorak/TRANSLATE_DOWN
[LOG 09:33:05.736] Config(TRANSLATE_UP) Squad/Controls/Dvorak/TRANSLATE_UP
[LOG 09:33:05.736] Config(TRANSLATE_LEFT) Squad/Controls/Dvorak/TRANSLATE_LEFT
[LOG 09:33:05.736] Config(TRANSLATE_RIGHT) Squad/Controls/Dvorak/TRANSLATE_RIGHT
[LOG 09:33:05.736] Config(TRANSLATE_FWD) Squad/Controls/Dvorak/TRANSLATE_FWD
[LOG 09:33:05.736] Config(TRANSLATE_BACK) Squad/Controls/Dvorak/TRANSLATE_BACK
[LOG 09:33:05.736] Config(RCS_TOGGLE) Squad/Controls/Dvorak/RCS_TOGGLE
[LOG 09:33:05.736] Config(FOCUS_NEXT_VESSEL) Squad/Controls/Dvorak/FOCUS_NEXT_VESSEL
[LOG 09:33:05.736] Config(FOCUS_PREV_VESSEL) Squad/Controls/Dvorak/FOCUS_PREV_VESSEL
[LOG 09:33:05.736] Config(TOGGLE_UI) Squad/Controls/Dvorak/TOGGLE_UI
[LOG 09:33:05.737] Config(TOGGLE_STATUS_SCREEN) Squad/Controls/Dvorak/TOGGLE_STATUS_SCREEN
[LOG 09:33:05.737] Config(TAKE_SCREENSHOT) Squad/Controls/Dvorak/TAKE_SCREENSHOT
[LOG 09:33:05.737] Config(TOGGLE_LABELS) Squad/Controls/Dvorak/TOGGLE_LABELS
[LOG 09:33:05.737] Config(TOGGLE_TEMP_GAUGES) Squad/Controls/Dvorak/TOGGLE_TEMP_GAUGES
[LOG 09:33:05.737] Config(TOGGLE_TEMP_OVERLAY) Squad/Controls/Dvorak/TOGGLE_TEMP_OVERLAY
[LOG 09:33:05.737] Config(TOGGLE_FLIGHT_FORCES) Squad/Controls/Dvorak/TOGGLE_FLIGHT_FORCES
[LOG 09:33:05.737] Config(QUICKSAVE) Squad/Controls/Dvorak/QUICKSAVE
[LOG 09:33:05.737] Config(QUICKLOAD) Squad/Controls/Dvorak/QUICKLOAD
[LOG 09:33:05.737] Config(THROTTLE_CUTOFF) Squad/Controls/Dvorak/THROTTLE_CUTOFF
[LOG 09:33:05.737] Config(THROTTLE_FULL) Squad/Controls/Dvorak/THROTTLE_FULL
[LOG 09:33:05.737] Config(LANDING_GEAR) Squad/Controls/Dvorak/LANDING_GEAR
[LOG 09:33:05.737] Config(HEADLIGHT_TOGGLE) Squad/Controls/Dvorak/HEADLIGHT_TOGGLE
[LOG 09:33:05.737] Config(BRAKES) Squad/Controls/Dvorak/BRAKES
[LOG 09:33:05.737] Config(TOGGLE_SPACENAV_FLIGHT_CONTROL) Squad/Controls/Dvorak/TOGGLE_SPACENAV_FLIGHT_CONTROL
[LOG 09:33:05.737] Config(TOGGLE_SPACENAV_ROLL_LOCK) Squad/Controls/Dvorak/TOGGLE_SPACENAV_ROLL_LOCK
[LOG 09:33:05.737] Config(WHEEL_STEER_LEFT) Squad/Controls/Dvorak/WHEEL_STEER_LEFT
[LOG 09:33:05.737] Config(WHEEL_STEER_RIGHT) Squad/Controls/Dvorak/WHEEL_STEER_RIGHT
[LOG 09:33:05.737] Config(WHEEL_THROTTLE_DOWN) Squad/Controls/Dvorak/WHEEL_THROTTLE_DOWN
[LOG 09:33:05.737] Config(WHEEL_THROTTLE_UP) Squad/Controls/Dvorak/WHEEL_THROTTLE_UP
[LOG 09:33:05.737] Config(EVA_forward) Squad/Controls/Dvorak/EVA_forward
[LOG 09:33:05.737] Config(EVA_back) Squad/Controls/Dvorak/EVA_back
[LOG 09:33:05.737] Config(EVA_left) Squad/Controls/Dvorak/EVA_left
[LOG 09:33:05.737] Config(EVA_right) Squad/Controls/Dvorak/EVA_right
[LOG 09:33:05.737] Config(EVA_yaw_left) Squad/Controls/Dvorak/EVA_yaw_left
[LOG 09:33:05.737] Config(EVA_yaw_right) Squad/Controls/Dvorak/EVA_yaw_right
[LOG 09:33:05.737] Config(EVA_Pack_forward) Squad/Controls/Dvorak/EVA_Pack_forward
[LOG 09:33:05.737] Config(EVA_Pack_back) Squad/Controls/Dvorak/EVA_Pack_back
[LOG 09:33:05.737] Config(EVA_Pack_left) Squad/Controls/Dvorak/EVA_Pack_left
[LOG 09:33:05.737] Config(EVA_Pack_right) Squad/Controls/Dvorak/EVA_Pack_right
[LOG 09:33:05.737] Config(EVA_Pack_up) Squad/Controls/Dvorak/EVA_Pack_up
[LOG 09:33:05.737] Config(EVA_Pack_down) Squad/Controls/Dvorak/EVA_Pack_down
[LOG 09:33:05.737] Config(EVA_Jump) Squad/Controls/Dvorak/EVA_Jump
[LOG 09:33:05.737] Config(EVA_Run) Squad/Controls/Dvorak/EVA_Run
[LOG 09:33:05.737] Config(EVA_ToggleMovementMode) Squad/Controls/Dvorak/EVA_ToggleMovementMode
[LOG 09:33:05.737] Config(EVA_TogglePack) Squad/Controls/Dvorak/EVA_TogglePack
[LOG 09:33:05.737] Config(EVA_Use) Squad/Controls/Dvorak/EVA_Use
[LOG 09:33:05.737] Config(EVA_Board) Squad/Controls/Dvorak/EVA_Board
[LOG 09:33:05.737] Config(EVA_Orient) Squad/Controls/Dvorak/EVA_Orient
[LOG 09:33:05.737] Config(EVA_Lights) Squad/Controls/Dvorak/EVA_Lights
[LOG 09:33:05.737] Config(EVA_ChuteDeploy) Squad/Controls/Dvorak/EVA_ChuteDeploy
[LOG 09:33:05.737] Config(Editor_pitchUp) Squad/Controls/Dvorak/Editor_pitchUp
[LOG 09:33:05.737] Config(Editor_pitchDown) Squad/Controls/Dvorak/Editor_pitchDown
[LOG 09:33:05.737] Config(Editor_yawLeft) Squad/Controls/Dvorak/Editor_yawLeft
[LOG 09:33:05.737] Config(Editor_yawRight) Squad/Controls/Dvorak/Editor_yawRight
[LOG 09:33:05.737] Config(Editor_rollLeft) Squad/Controls/Dvorak/Editor_rollLeft
[LOG 09:33:05.737] Config(Editor_rollRight) Squad/Controls/Dvorak/Editor_rollRight
[LOG 09:33:05.737] Config(Editor_resetRotation) Squad/Controls/Dvorak/Editor_resetRotation
[LOG 09:33:05.737] Config(Editor_modePlace) Squad/Controls/Dvorak/Editor_modePlace
[LOG 09:33:05.737] Config(Editor_modeOffset) Squad/Controls/Dvorak/Editor_modeOffset
[LOG 09:33:05.737] Config(Editor_modeRotate) Squad/Controls/Dvorak/Editor_modeRotate
[LOG 09:33:05.737] Config(Editor_modeRoot) Squad/Controls/Dvorak/Editor_modeRoot
[LOG 09:33:05.737] Config(Editor_coordSystem) Squad/Controls/Dvorak/Editor_coordSystem
[LOG 09:33:05.737] Config(Editor_toggleSymMethod) Squad/Controls/Dvorak/Editor_toggleSymMethod
[LOG 09:33:05.737] Config(Editor_toggleSymMode) Squad/Controls/Dvorak/Editor_toggleSymMode
[LOG 09:33:05.737] Config(Editor_toggleAngleSnap) Squad/Controls/Dvorak/Editor_toggleAngleSnap
[LOG 09:33:05.737] Config(Editor_fineTweak) Squad/Controls/Dvorak/Editor_fineTweak
[LOG 09:33:05.737] Config(Editor_partSearch) Squad/Controls/Dvorak/Editor_partSearch
[LOG 09:33:05.737] Config(Editor_zoomScrollModifier) Squad/Controls/Dvorak/Editor_zoomScrollModifier
[LOG 09:33:05.737] Config(MODIFIER_KEY) Squad/Controls/Dvorak/MODIFIER_KEY
[LOG 09:33:05.737] Config(AbortActionGroup) Squad/Controls/Dvorak/AbortActionGroup
[LOG 09:33:05.738] Config(CustomActionGroup1) Squad/Controls/Dvorak/CustomActionGroup1
[LOG 09:33:05.738] Config(CustomActionGroup2) Squad/Controls/Dvorak/CustomActionGroup2
[LOG 09:33:05.738] Config(CustomActionGroup3) Squad/Controls/Dvorak/CustomActionGroup3
[LOG 09:33:05.738] Config(CustomActionGroup4) Squad/Controls/Dvorak/CustomActionGroup4
[LOG 09:33:05.738] Config(CustomActionGroup5) Squad/Controls/Dvorak/CustomActionGroup5
[LOG 09:33:05.738] Config(CustomActionGroup6) Squad/Controls/Dvorak/CustomActionGroup6
[LOG 09:33:05.738] Config(CustomActionGroup7) Squad/Controls/Dvorak/CustomActionGroup7
[LOG 09:33:05.738] Config(CustomActionGroup8) Squad/Controls/Dvorak/CustomActionGroup8
[LOG 09:33:05.738] Config(CustomActionGroup9) Squad/Controls/Dvorak/CustomActionGroup9
[LOG 09:33:05.738] Config(CustomActionGroup10) Squad/Controls/Dvorak/CustomActionGroup10
[LOG 09:33:05.738] Config(KEY_MAP) Squad/Controls/Dvorak/KEY_MAP
[LOG 09:33:05.738] Config(KEYBOARD_LAYOUT) Squad/Controls/Qwerty/#autoLOC_6001227
[LOG 09:33:05.738] Config(PITCH_DOWN) Squad/Controls/Qwerty/PITCH_DOWN
[LOG 09:33:05.738] Config(PITCH_UP) Squad/Controls/Qwerty/PITCH_UP
[LOG 09:33:05.738] Config(YAW_LEFT) Squad/Controls/Qwerty/YAW_LEFT
[LOG 09:33:05.738] Config(YAW_RIGHT) Squad/Controls/Qwerty/YAW_RIGHT
[LOG 09:33:05.738] Config(ROLL_LEFT) Squad/Controls/Qwerty/ROLL_LEFT
[LOG 09:33:05.738] Config(ROLL_RIGHT) Squad/Controls/Qwerty/ROLL_RIGHT
[LOG 09:33:05.738] Config(THROTTLE_UP) Squad/Controls/Qwerty/THROTTLE_UP
[LOG 09:33:05.738] Config(THROTTLE_DOWN) Squad/Controls/Qwerty/THROTTLE_DOWN
[LOG 09:33:05.738] Config(SAS_HOLD) Squad/Controls/Qwerty/SAS_HOLD
[LOG 09:33:05.738] Config(SAS_TOGGLE) Squad/Controls/Qwerty/SAS_TOGGLE
[LOG 09:33:05.738] Config(LAUNCH_STAGES) Squad/Controls/Qwerty/LAUNCH_STAGES
[LOG 09:33:05.738] Config(Docking_toggleRotLin) Squad/Controls/Qwerty/Docking_toggleRotLin
[LOG 09:33:05.738] Config(CAMERA_MODE) Squad/Controls/Qwerty/CAMERA_MODE
[LOG 09:33:05.738] Config(CAMERA_NEXT) Squad/Controls/Qwerty/CAMERA_NEXT
[LOG 09:33:05.738] Config(PAUSE) Squad/Controls/Qwerty/PAUSE
[LOG 09:33:05.738] Config(PRECISION_CTRL) Squad/Controls/Qwerty/PRECISION_CTRL
[LOG 09:33:05.738] Config(ZOOM_IN) Squad/Controls/Qwerty/ZOOM_IN
[LOG 09:33:05.738] Config(ZOOM_OUT) Squad/Controls/Qwerty/ZOOM_OUT
[LOG 09:33:05.738] Config(SCROLL_VIEW_UP) Squad/Controls/Qwerty/SCROLL_VIEW_UP
[LOG 09:33:05.738] Config(SCROLL_VIEW_DOWN) Squad/Controls/Qwerty/SCROLL_VIEW_DOWN
[LOG 09:33:05.738] Config(SCROLL_ICONS_UP) Squad/Controls/Qwerty/SCROLL_ICONS_UP
[LOG 09:33:05.738] Config(SCROLL_ICONS_DOWN) Squad/Controls/Qwerty/SCROLL_ICONS_DOWN
[LOG 09:33:05.738] Config(CAMERA_ORBIT_UP) Squad/Controls/Qwerty/CAMERA_ORBIT_UP
[LOG 09:33:05.738] Config(CAMERA_ORBIT_DOWN) Squad/Controls/Qwerty/CAMERA_ORBIT_DOWN
[LOG 09:33:05.738] Config(CAMERA_ORBIT_LEFT) Squad/Controls/Qwerty/CAMERA_ORBIT_LEFT
[LOG 09:33:05.738] Config(CAMERA_ORBIT_RIGHT) Squad/Controls/Qwerty/CAMERA_ORBIT_RIGHT
[LOG 09:33:05.738] Config(CAMERA_RESET) Squad/Controls/Qwerty/CAMERA_RESET
[LOG 09:33:05.738] Config(CAMERA_MOUSE_TOGGLE) Squad/Controls/Qwerty/CAMERA_MOUSE_TOGGLE
[LOG 09:33:05.738] Config(TIME_WARP_INCREASE) Squad/Controls/Qwerty/TIME_WARP_INCREASE
[LOG 09:33:05.738] Config(TIME_WARP_DECREASE) Squad/Controls/Qwerty/TIME_WARP_DECREASE
[LOG 09:33:05.738] Config(TIME_WARP_STOP) Squad/Controls/Qwerty/TIME_WARP_STOP
[LOG 09:33:05.738] Config(MAP_VIEW_TOGGLE) Squad/Controls/Qwerty/MAP_VIEW_TOGGLE
[LOG 09:33:05.738] Config(NAVBALL_TOGGLE) Squad/Controls/Qwerty/NAVBALL_TOGGLE
[LOG 09:33:05.738] Config(UIMODE_STAGING) Squad/Controls/Qwerty/UIMODE_STAGING
[LOG 09:33:05.738] Config(UIMODE_DOCKING) Squad/Controls/Qwerty/UIMODE_DOCKING
[LOG 09:33:05.738] Config(TRANSLATE_DOWN) Squad/Controls/Qwerty/TRANSLATE_DOWN
[LOG 09:33:05.739] Config(TRANSLATE_UP) Squad/Controls/Qwerty/TRANSLATE_UP
[LOG 09:33:05.739] Config(TRANSLATE_LEFT) Squad/Controls/Qwerty/TRANSLATE_LEFT
[LOG 09:33:05.739] Config(TRANSLATE_RIGHT) Squad/Controls/Qwerty/TRANSLATE_RIGHT
[LOG 09:33:05.739] Config(TRANSLATE_FWD) Squad/Controls/Qwerty/TRANSLATE_FWD
[LOG 09:33:05.739] Config(TRANSLATE_BACK) Squad/Controls/Qwerty/TRANSLATE_BACK
[LOG 09:33:05.739] Config(RCS_TOGGLE) Squad/Controls/Qwerty/RCS_TOGGLE
[LOG 09:33:05.739] Config(FOCUS_NEXT_VESSEL) Squad/Controls/Qwerty/FOCUS_NEXT_VESSEL
[LOG 09:33:05.739] Config(FOCUS_PREV_VESSEL) Squad/Controls/Qwerty/FOCUS_PREV_VESSEL
[LOG 09:33:05.739] Config(TOGGLE_UI) Squad/Controls/Qwerty/TOGGLE_UI
[LOG 09:33:05.739] Config(TOGGLE_STATUS_SCREEN) Squad/Controls/Qwerty/TOGGLE_STATUS_SCREEN
[LOG 09:33:05.739] Config(TAKE_SCREENSHOT) Squad/Controls/Qwerty/TAKE_SCREENSHOT
[LOG 09:33:05.739] Config(TOGGLE_LABELS) Squad/Controls/Qwerty/TOGGLE_LABELS
[LOG 09:33:05.739] Config(TOGGLE_TEMP_GAUGES) Squad/Controls/Qwerty/TOGGLE_TEMP_GAUGES
[LOG 09:33:05.739] Config(TOGGLE_TEMP_OVERLAY) Squad/Controls/Qwerty/TOGGLE_TEMP_OVERLAY
[LOG 09:33:05.739] Config(TOGGLE_FLIGHT_FORCES) Squad/Controls/Qwerty/TOGGLE_FLIGHT_FORCES
[LOG 09:33:05.739] Config(QUICKSAVE) Squad/Controls/Qwerty/QUICKSAVE
[LOG 09:33:05.739] Config(QUICKLOAD) Squad/Controls/Qwerty/QUICKLOAD
[LOG 09:33:05.739] Config(THROTTLE_CUTOFF) Squad/Controls/Qwerty/THROTTLE_CUTOFF
[LOG 09:33:05.739] Config(THROTTLE_FULL) Squad/Controls/Qwerty/THROTTLE_FULL
[LOG 09:33:05.739] Config(LANDING_GEAR) Squad/Controls/Qwerty/LANDING_GEAR
[LOG 09:33:05.739] Config(HEADLIGHT_TOGGLE) Squad/Controls/Qwerty/HEADLIGHT_TOGGLE
[LOG 09:33:05.739] Config(BRAKES) Squad/Controls/Qwerty/BRAKES
[LOG 09:33:05.739] Config(TOGGLE_SPACENAV_FLIGHT_CONTROL) Squad/Controls/Qwerty/TOGGLE_SPACENAV_FLIGHT_CONTROL
[LOG 09:33:05.739] Config(TOGGLE_SPACENAV_ROLL_LOCK) Squad/Controls/Qwerty/TOGGLE_SPACENAV_ROLL_LOCK
[LOG 09:33:05.739] Config(WHEEL_STEER_LEFT) Squad/Controls/Qwerty/WHEEL_STEER_LEFT
[LOG 09:33:05.739] Config(WHEEL_STEER_RIGHT) Squad/Controls/Qwerty/WHEEL_STEER_RIGHT
[LOG 09:33:05.739] Config(WHEEL_THROTTLE_DOWN) Squad/Controls/Qwerty/WHEEL_THROTTLE_DOWN
[LOG 09:33:05.739] Config(WHEEL_THROTTLE_UP) Squad/Controls/Qwerty/WHEEL_THROTTLE_UP
[LOG 09:33:05.739] Config(EVA_forward) Squad/Controls/Qwerty/EVA_forward
[LOG 09:33:05.739] Config(EVA_back) Squad/Controls/Qwerty/EVA_back
[LOG 09:33:05.739] Config(EVA_left) Squad/Controls/Qwerty/EVA_left
[LOG 09:33:05.739] Config(EVA_right) Squad/Controls/Qwerty/EVA_right
[LOG 09:33:05.739] Config(EVA_yaw_left) Squad/Controls/Qwerty/EVA_yaw_left
[LOG 09:33:05.739] Config(EVA_yaw_right) Squad/Controls/Qwerty/EVA_yaw_right
[LOG 09:33:05.739] Config(EVA_Pack_forward) Squad/Controls/Qwerty/EVA_Pack_forward
[LOG 09:33:05.739] Config(EVA_Pack_back) Squad/Controls/Qwerty/EVA_Pack_back
[LOG 09:33:05.739] Config(EVA_Pack_left) Squad/Controls/Qwerty/EVA_Pack_left
[LOG 09:33:05.739] Config(EVA_Pack_right) Squad/Controls/Qwerty/EVA_Pack_right
[LOG 09:33:05.739] Config(EVA_Pack_up) Squad/Controls/Qwerty/EVA_Pack_up
[LOG 09:33:05.739] Config(EVA_Pack_down) Squad/Controls/Qwerty/EVA_Pack_down
[LOG 09:33:05.739] Config(EVA_Jump) Squad/Controls/Qwerty/EVA_Jump
[LOG 09:33:05.739] Config(EVA_Run) Squad/Controls/Qwerty/EVA_Run
[LOG 09:33:05.739] Config(EVA_ToggleMovementMode) Squad/Controls/Qwerty/EVA_ToggleMovementMode
[LOG 09:33:05.739] Config(EVA_TogglePack) Squad/Controls/Qwerty/EVA_TogglePack
[LOG 09:33:05.739] Config(EVA_Use) Squad/Controls/Qwerty/EVA_Use
[LOG 09:33:05.739] Config(EVA_Board) Squad/Controls/Qwerty/EVA_Board
[LOG 09:33:05.739] Config(EVA_Orient) Squad/Controls/Qwerty/EVA_Orient
[LOG 09:33:05.740] Config(EVA_Lights) Squad/Controls/Qwerty/EVA_Lights
[LOG 09:33:05.740] Config(EVA_ChuteDeploy) Squad/Controls/Qwerty/EVA_ChuteDeploy
[LOG 09:33:05.740] Config(Editor_pitchUp) Squad/Controls/Qwerty/Editor_pitchUp
[LOG 09:33:05.740] Config(Editor_pitchDown) Squad/Controls/Qwerty/Editor_pitchDown
[LOG 09:33:05.740] Config(Editor_yawLeft) Squad/Controls/Qwerty/Editor_yawLeft
[LOG 09:33:05.740] Config(Editor_yawRight) Squad/Controls/Qwerty/Editor_yawRight
[LOG 09:33:05.740] Config(Editor_rollLeft) Squad/Controls/Qwerty/Editor_rollLeft
[LOG 09:33:05.740] Config(Editor_rollRight) Squad/Controls/Qwerty/Editor_rollRight
[LOG 09:33:05.740] Config(Editor_resetRotation) Squad/Controls/Qwerty/Editor_resetRotation
[LOG 09:33:05.740] Config(Editor_modePlace) Squad/Controls/Qwerty/Editor_modePlace
[LOG 09:33:05.740] Config(Editor_modeOffset) Squad/Controls/Qwerty/Editor_modeOffset
[LOG 09:33:05.740] Config(Editor_modeRotate) Squad/Controls/Qwerty/Editor_modeRotate
[LOG 09:33:05.740] Config(Editor_modeRoot) Squad/Controls/Qwerty/Editor_modeRoot
[LOG 09:33:05.740] Config(Editor_coordSystem) Squad/Controls/Qwerty/Editor_coordSystem
[LOG 09:33:05.740] Config(Editor_toggleSymMethod) Squad/Controls/Qwerty/Editor_toggleSymMethod
[LOG 09:33:05.740] Config(Editor_toggleSymMode) Squad/Controls/Qwerty/Editor_toggleSymMode
[LOG 09:33:05.740] Config(Editor_toggleAngleSnap) Squad/Controls/Qwerty/Editor_toggleAngleSnap
[LOG 09:33:05.740] Config(Editor_fineTweak) Squad/Controls/Qwerty/Editor_fineTweak
[LOG 09:33:05.740] Config(Editor_partSearch) Squad/Controls/Qwerty/Editor_partSearch
[LOG 09:33:05.740] Config(Editor_zoomScrollModifier) Squad/Controls/Qwerty/Editor_zoomScrollModifier
[LOG 09:33:05.740] Config(MODIFIER_KEY) Squad/Controls/Qwerty/MODIFIER_KEY
[LOG 09:33:05.740] Config(AbortActionGroup) Squad/Controls/Qwerty/AbortActionGroup
[LOG 09:33:05.740] Config(CustomActionGroup1) Squad/Controls/Qwerty/CustomActionGroup1
[LOG 09:33:05.740] Config(CustomActionGroup2) Squad/Controls/Qwerty/CustomActionGroup2
[LOG 09:33:05.740] Config(CustomActionGroup3) Squad/Controls/Qwerty/CustomActionGroup3
[LOG 09:33:05.740] Config(CustomActionGroup4) Squad/Controls/Qwerty/CustomActionGroup4
[LOG 09:33:05.740] Config(CustomActionGroup5) Squad/Controls/Qwerty/CustomActionGroup5
[LOG 09:33:05.740] Config(CustomActionGroup6) Squad/Controls/Qwerty/CustomActionGroup6
[LOG 09:33:05.740] Config(CustomActionGroup7) Squad/Controls/Qwerty/CustomActionGroup7
[LOG 09:33:05.740] Config(CustomActionGroup8) Squad/Controls/Qwerty/CustomActionGroup8
[LOG 09:33:05.740] Config(CustomActionGroup9) Squad/Controls/Qwerty/CustomActionGroup9
[LOG 09:33:05.740] Config(CustomActionGroup10) Squad/Controls/Qwerty/CustomActionGroup10
[LOG 09:33:05.740] Config(KEY_MAP) Squad/Controls/Qwerty/KEY_MAP
[LOG 09:33:05.740] Config(KEYBOARD_LAYOUT) Squad/Controls/Qwerty_en-GB/#autoLOC_6001228
[LOG 09:33:05.740] Config(KEY_MAP) Squad/Controls/Qwerty_en-GB/KEY_MAP
[LOG 09:33:05.740] Config(KEYBOARD_LAYOUT) Squad/Controls/Qwerty_es-LA/#autoLOC_6001229
[LOG 09:33:05.740] Config(CAMERA_MOUSE_TOGGLE) Squad/Controls/Qwerty_es-LA/CAMERA_MOUSE_TOGGLE
[LOG 09:33:05.740] Config(TIME_WARP_STOP) Squad/Controls/Qwerty_es-LA/TIME_WARP_STOP
[LOG 09:33:05.740] Config(FOCUS_NEXT_VESSEL) Squad/Controls/Qwerty_es-LA/FOCUS_NEXT_VESSEL
[LOG 09:33:05.740] Config(FOCUS_PREV_VESSEL) Squad/Controls/Qwerty_es-LA/FOCUS_PREV_VESSEL
[LOG 09:33:05.740] Config(CAMERA_RESET) Squad/Controls/Qwerty_es-LA/CAMERA_RESET
[LOG 09:33:05.740] Config(Editor_partSearch) Squad/Controls/Qwerty_es-LA/Editor_partSearch
[LOG 09:33:05.740] Config(KEY_MAP) Squad/Controls/Qwerty_es-LA/KEY_MAP
[LOG 09:33:05.740] Config(KEYBOARD_LAYOUT) Squad/Controls/Qwerty_it-IT/#autoLOC_6001230
[LOG 09:33:05.740] Config(FOCUS_NEXT_VESSEL) Squad/Controls/Qwerty_it-IT/FOCUS_NEXT_VESSEL
[LOG 09:33:05.740] Config(FOCUS_PREV_VESSEL) Squad/Controls/Qwerty_it-IT/FOCUS_PREV_VESSEL
[LOG 09:33:05.740] Config(CAMERA_MOUSE_TOGGLE) Squad/Controls/Qwerty_it-IT/CAMERA_MOUSE_TOGGLE
[LOG 09:33:05.741] Config(TIME_WARP_STOP) Squad/Controls/Qwerty_it-IT/TIME_WARP_STOP
[LOG 09:33:05.741] Config(CAMERA_RESET) Squad/Controls/Qwerty_it-IT/CAMERA_RESET
[LOG 09:33:05.741] Config(Editor_partSearch) Squad/Controls/Qwerty_it-IT/Editor_partSearch
[LOG 09:33:05.741] Config(KEY_MAP) Squad/Controls/Qwerty_it-IT/KEY_MAP
[LOG 09:33:05.741] Config(KEYBOARD_LAYOUT) Squad/Controls/Qwerty_ja-JP/#autoLOC_6001231
[LOG 09:33:05.741] Config(FOCUS_NEXT_VESSEL) Squad/Controls/Qwerty_ja-JP/FOCUS_NEXT_VESSEL
[LOG 09:33:05.741] Config(FOCUS_PREV_VESSEL) Squad/Controls/Qwerty_ja-JP/FOCUS_PREV_VESSEL
[LOG 09:33:05.741] Config(PRECISION_CTRL) Squad/Controls/Qwerty_ja-JP/PRECISION_CTRL
[LOG 09:33:05.741] Config(CAMERA_MOUSE_TOGGLE) Squad/Controls/Qwerty_ja-JP/CAMERA_MOUSE_TOGGLE
[LOG 09:33:05.741] Config(Editor_partSearch) Squad/Controls/Qwerty_ja-JP/Editor_partSearch
[LOG 09:33:05.741] Config(CAMERA_RESET) Squad/Controls/Qwerty_ja-JP/CAMERA_RESET
[LOG 09:33:05.741] Config(KEY_MAP) Squad/Controls/Qwerty_ja-JP/KEY_MAP
[LOG 09:33:05.741] Config(KEYBOARD_LAYOUT) Squad/Controls/Qwerty_pt-PT/#autoLOC_6001230
[LOG 09:33:05.741] Config(FOCUS_NEXT_VESSEL) Squad/Controls/Qwerty_pt-PT/FOCUS_NEXT_VESSEL
[LOG 09:33:05.741] Config(FOCUS_PREV_VESSEL) Squad/Controls/Qwerty_pt-PT/FOCUS_PREV_VESSEL
[LOG 09:33:05.741] Config(CAMERA_MOUSE_TOGGLE) Squad/Controls/Qwerty_pt-PT/CAMERA_MOUSE_TOGGLE
[LOG 09:33:05.741] Config(TIME_WARP_STOP) Squad/Controls/Qwerty_pt-PT/TIME_WARP_STOP
[LOG 09:33:05.741] Config(CAMERA_RESET) Squad/Controls/Qwerty_pt-PT/CAMERA_RESET
[LOG 09:33:05.741] Config(Editor_partSearch) Squad/Controls/Qwerty_pt-PT/Editor_partSearch
[LOG 09:33:05.741] Config(KEY_MAP) Squad/Controls/Qwerty_pt-PT/KEY_MAP
[LOG 09:33:05.741] Config(KEYBOARD_LAYOUT) Squad/Controls/Qwertz/#autoLOC_6001232
[LOG 09:33:05.741] Config(PITCH_DOWN) Squad/Controls/Qwertz/PITCH_DOWN
[LOG 09:33:05.741] Config(PITCH_UP) Squad/Controls/Qwertz/PITCH_UP
[LOG 09:33:05.741] Config(YAW_LEFT) Squad/Controls/Qwertz/YAW_LEFT
[LOG 09:33:05.741] Config(YAW_RIGHT) Squad/Controls/Qwertz/YAW_RIGHT
[LOG 09:33:05.741] Config(ROLL_LEFT) Squad/Controls/Qwertz/ROLL_LEFT
[LOG 09:33:05.741] Config(ROLL_RIGHT) Squad/Controls/Qwertz/ROLL_RIGHT
[LOG 09:33:05.741] Config(THROTTLE_UP) Squad/Controls/Qwertz/THROTTLE_UP
[LOG 09:33:05.741] Config(THROTTLE_DOWN) Squad/Controls/Qwertz/THROTTLE_DOWN
[LOG 09:33:05.741] Config(SAS_HOLD) Squad/Controls/Qwertz/SAS_HOLD
[LOG 09:33:05.741] Config(SAS_TOGGLE) Squad/Controls/Qwertz/SAS_TOGGLE
[LOG 09:33:05.741] Config(LAUNCH_STAGES) Squad/Controls/Qwertz/LAUNCH_STAGES
[LOG 09:33:05.741] Config(Docking_toggleRotLin) Squad/Controls/Qwertz/Docking_toggleRotLin
[LOG 09:33:05.741] Config(CAMERA_MODE) Squad/Controls/Qwertz/CAMERA_MODE
[LOG 09:33:05.741] Config(CAMERA_NEXT) Squad/Controls/Qwertz/CAMERA_NEXT
[LOG 09:33:05.741] Config(PAUSE) Squad/Controls/Qwertz/PAUSE
[LOG 09:33:05.741] Config(PRECISION_CTRL) Squad/Controls/Qwertz/PRECISION_CTRL
[LOG 09:33:05.741] Config(ZOOM_IN) Squad/Controls/Qwertz/ZOOM_IN
[LOG 09:33:05.741] Config(ZOOM_OUT) Squad/Controls/Qwertz/ZOOM_OUT
[LOG 09:33:05.741] Config(SCROLL_VIEW_UP) Squad/Controls/Qwertz/SCROLL_VIEW_UP
[LOG 09:33:05.741] Config(SCROLL_VIEW_DOWN) Squad/Controls/Qwertz/SCROLL_VIEW_DOWN
[LOG 09:33:05.741] Config(SCROLL_ICONS_UP) Squad/Controls/Qwertz/SCROLL_ICONS_UP
[LOG 09:33:05.742] Config(SCROLL_ICONS_DOWN) Squad/Controls/Qwertz/SCROLL_ICONS_DOWN
[LOG 09:33:05.742] Config(CAMERA_ORBIT_UP) Squad/Controls/Qwertz/CAMERA_ORBIT_UP
[LOG 09:33:05.742] Config(CAMERA_ORBIT_DOWN) Squad/Controls/Qwertz/CAMERA_ORBIT_DOWN
[LOG 09:33:05.742] Config(CAMERA_ORBIT_LEFT) Squad/Controls/Qwertz/CAMERA_ORBIT_LEFT
[LOG 09:33:05.742] Config(CAMERA_ORBIT_RIGHT) Squad/Controls/Qwertz/CAMERA_ORBIT_RIGHT
[LOG 09:33:05.742] Config(CAMERA_RESET) Squad/Controls/Qwertz/CAMERA_RESET
[LOG 09:33:05.742] Config(CAMERA_MOUSE_TOGGLE) Squad/Controls/Qwertz/CAMERA_MOUSE_TOGGLE
[LOG 09:33:05.742] Config(TIME_WARP_INCREASE) Squad/Controls/Qwertz/TIME_WARP_INCREASE
[LOG 09:33:05.742] Config(TIME_WARP_DECREASE) Squad/Controls/Qwertz/TIME_WARP_DECREASE
[LOG 09:33:05.742] Config(TIME_WARP_STOP) Squad/Controls/Qwertz/TIME_WARP_STOP
[LOG 09:33:05.742] Config(MAP_VIEW_TOGGLE) Squad/Controls/Qwertz/MAP_VIEW_TOGGLE
[LOG 09:33:05.742] Config(NAVBALL_TOGGLE) Squad/Controls/Qwertz/NAVBALL_TOGGLE
[LOG 09:33:05.742] Config(UIMODE_STAGING) Squad/Controls/Qwertz/UIMODE_STAGING
[LOG 09:33:05.742] Config(UIMODE_DOCKING) Squad/Controls/Qwertz/UIMODE_DOCKING
[LOG 09:33:05.742] Config(TRANSLATE_DOWN) Squad/Controls/Qwertz/TRANSLATE_DOWN
[LOG 09:33:05.742] Config(TRANSLATE_UP) Squad/Controls/Qwertz/TRANSLATE_UP
[LOG 09:33:05.742] Config(TRANSLATE_LEFT) Squad/Controls/Qwertz/TRANSLATE_LEFT
[LOG 09:33:05.742] Config(TRANSLATE_RIGHT) Squad/Controls/Qwertz/TRANSLATE_RIGHT
[LOG 09:33:05.742] Config(TRANSLATE_FWD) Squad/Controls/Qwertz/TRANSLATE_FWD
[LOG 09:33:05.742] Config(TRANSLATE_BACK) Squad/Controls/Qwertz/TRANSLATE_BACK
[LOG 09:33:05.742] Config(RCS_TOGGLE) Squad/Controls/Qwertz/RCS_TOGGLE
[LOG 09:33:05.742] Config(FOCUS_NEXT_VESSEL) Squad/Controls/Qwertz/FOCUS_NEXT_VESSEL
[LOG 09:33:05.742] Config(FOCUS_PREV_VESSEL) Squad/Controls/Qwertz/FOCUS_PREV_VESSEL
[LOG 09:33:05.742] Config(TOGGLE_UI) Squad/Controls/Qwertz/TOGGLE_UI
[LOG 09:33:05.742] Config(TOGGLE_STATUS_SCREEN) Squad/Controls/Qwertz/TOGGLE_STATUS_SCREEN
[LOG 09:33:05.742] Config(TAKE_SCREENSHOT) Squad/Controls/Qwertz/TAKE_SCREENSHOT
[LOG 09:33:05.742] Config(TOGGLE_LABELS) Squad/Controls/Qwertz/TOGGLE_LABELS
[LOG 09:33:05.742] Config(TOGGLE_TEMP_GAUGES) Squad/Controls/Qwertz/TOGGLE_TEMP_GAUGES
[LOG 09:33:05.742] Config(TOGGLE_TEMP_OVERLAY) Squad/Controls/Qwertz/TOGGLE_TEMP_OVERLAY
[LOG 09:33:05.742] Config(TOGGLE_FLIGHT_FORCES) Squad/Controls/Qwertz/TOGGLE_FLIGHT_FORCES
[LOG 09:33:05.742] Config(QUICKSAVE) Squad/Controls/Qwertz/QUICKSAVE
[LOG 09:33:05.742] Config(QUICKLOAD) Squad/Controls/Qwertz/QUICKLOAD
[LOG 09:33:05.742] Config(THROTTLE_CUTOFF) Squad/Controls/Qwertz/THROTTLE_CUTOFF
[LOG 09:33:05.742] Config(THROTTLE_FULL) Squad/Controls/Qwertz/THROTTLE_FULL
[LOG 09:33:05.742] Config(LANDING_GEAR) Squad/Controls/Qwertz/LANDING_GEAR
[LOG 09:33:05.742] Config(HEADLIGHT_TOGGLE) Squad/Controls/Qwertz/HEADLIGHT_TOGGLE
[LOG 09:33:05.742] Config(BRAKES) Squad/Controls/Qwertz/BRAKES
[LOG 09:33:05.742] Config(TOGGLE_SPACENAV_FLIGHT_CONTROL) Squad/Controls/Qwertz/TOGGLE_SPACENAV_FLIGHT_CONTROL
[LOG 09:33:05.742] Config(TOGGLE_SPACENAV_ROLL_LOCK) Squad/Controls/Qwertz/TOGGLE_SPACENAV_ROLL_LOCK
[LOG 09:33:05.742] Config(WHEEL_STEER_LEFT) Squad/Controls/Qwertz/WHEEL_STEER_LEFT
[LOG 09:33:05.742] Config(WHEEL_STEER_RIGHT) Squad/Controls/Qwertz/WHEEL_STEER_RIGHT
[LOG 09:33:05.742] Config(WHEEL_THROTTLE_DOWN) Squad/Controls/Qwertz/WHEEL_THROTTLE_DOWN
[LOG 09:33:05.742] Config(WHEEL_THROTTLE_UP) Squad/Controls/Qwertz/WHEEL_THROTTLE_UP
[LOG 09:33:05.742] Config(EVA_forward) Squad/Controls/Qwertz/EVA_forward
[LOG 09:33:05.742] Config(EVA_back) Squad/Controls/Qwertz/EVA_back
[LOG 09:33:05.742] Config(EVA_left) Squad/Controls/Qwertz/EVA_left
[LOG 09:33:05.742] Config(EVA_right) Squad/Controls/Qwertz/EVA_right
[LOG 09:33:05.742] Config(EVA_yaw_left) Squad/Controls/Qwertz/EVA_yaw_left
[LOG 09:33:05.743] Config(EVA_yaw_right) Squad/Controls/Qwertz/EVA_yaw_right
[LOG 09:33:05.743] Config(EVA_Pack_forward) Squad/Controls/Qwertz/EVA_Pack_forward
[LOG 09:33:05.743] Config(EVA_Pack_back) Squad/Controls/Qwertz/EVA_Pack_back
[LOG 09:33:05.743] Config(EVA_Pack_left) Squad/Controls/Qwertz/EVA_Pack_left
[LOG 09:33:05.743] Config(EVA_Pack_right) Squad/Controls/Qwertz/EVA_Pack_right
[LOG 09:33:05.743] Config(EVA_Pack_up) Squad/Controls/Qwertz/EVA_Pack_up
[LOG 09:33:05.743] Config(EVA_Pack_down) Squad/Controls/Qwertz/EVA_Pack_down
[LOG 09:33:05.743] Config(EVA_Jump) Squad/Controls/Qwertz/EVA_Jump
[LOG 09:33:05.743] Config(EVA_Run) Squad/Controls/Qwertz/EVA_Run
[LOG 09:33:05.743] Config(EVA_ToggleMovementMode) Squad/Controls/Qwertz/EVA_ToggleMovementMode
[LOG 09:33:05.743] Config(EVA_TogglePack) Squad/Controls/Qwertz/EVA_TogglePack
[LOG 09:33:05.743] Config(EVA_Use) Squad/Controls/Qwertz/EVA_Use
[LOG 09:33:05.743] Config(EVA_Board) Squad/Controls/Qwertz/EVA_Board
[LOG 09:33:05.743] Config(EVA_Orient) Squad/Controls/Qwertz/EVA_Orient
[LOG 09:33:05.743] Config(EVA_Lights) Squad/Controls/Qwertz/EVA_Lights
[LOG 09:33:05.743] Config(Editor_pitchUp) Squad/Controls/Qwertz/Editor_pitchUp
[LOG 09:33:05.743] Config(Editor_pitchDown) Squad/Controls/Qwertz/Editor_pitchDown
[LOG 09:33:05.743] Config(Editor_yawLeft) Squad/Controls/Qwertz/Editor_yawLeft
[LOG 09:33:05.743] Config(Editor_yawRight) Squad/Controls/Qwertz/Editor_yawRight
[LOG 09:33:05.743] Config(Editor_rollLeft) Squad/Controls/Qwertz/Editor_rollLeft
[LOG 09:33:05.743] Config(Editor_rollRight) Squad/Controls/Qwertz/Editor_rollRight
[LOG 09:33:05.743] Config(Editor_resetRotation) Squad/Controls/Qwertz/Editor_resetRotation
[LOG 09:33:05.743] Config(Editor_modePlace) Squad/Controls/Qwertz/Editor_modePlace
[LOG 09:33:05.743] Config(Editor_modeOffset) Squad/Controls/Qwertz/Editor_modeOffset
[LOG 09:33:05.743] Config(Editor_modeRotate) Squad/Controls/Qwertz/Editor_modeRotate
[LOG 09:33:05.743] Config(Editor_modeRoot) Squad/Controls/Qwertz/Editor_modeRoot
[LOG 09:33:05.743] Config(Editor_coordSystem) Squad/Controls/Qwertz/Editor_coordSystem
[LOG 09:33:05.743] Config(Editor_toggleSymMethod) Squad/Controls/Qwertz/Editor_toggleSymMethod
[LOG 09:33:05.743] Config(Editor_toggleSymMode) Squad/Controls/Qwertz/Editor_toggleSymMode
[LOG 09:33:05.743] Config(Editor_toggleAngleSnap) Squad/Controls/Qwertz/Editor_toggleAngleSnap
[LOG 09:33:05.743] Config(Editor_fineTweak) Squad/Controls/Qwertz/Editor_fineTweak
[LOG 09:33:05.743] Config(Editor_partSearch) Squad/Controls/Qwertz/Editor_partSearch
[LOG 09:33:05.743] Config(Editor_zoomScrollModifier) Squad/Controls/Qwertz/Editor_zoomScrollModifier
[LOG 09:33:05.743] Config(MODIFIER_KEY) Squad/Controls/Qwertz/MODIFIER_KEY
[LOG 09:33:05.743] Config(AbortActionGroup) Squad/Controls/Qwertz/AbortActionGroup
[LOG 09:33:05.743] Config(CustomActionGroup1) Squad/Controls/Qwertz/CustomActionGroup1
[LOG 09:33:05.743] Config(CustomActionGroup2) Squad/Controls/Qwertz/CustomActionGroup2
[LOG 09:33:05.743] Config(CustomActionGroup3) Squad/Controls/Qwertz/CustomActionGroup3
[LOG 09:33:05.743] Config(CustomActionGroup4) Squad/Controls/Qwertz/CustomActionGroup4
[LOG 09:33:05.743] Config(CustomActionGroup5) Squad/Controls/Qwertz/CustomActionGroup5
[LOG 09:33:05.743] Config(CustomActionGroup6) Squad/Controls/Qwertz/CustomActionGroup6
[LOG 09:33:05.743] Config(CustomActionGroup7) Squad/Controls/Qwertz/CustomActionGroup7
[LOG 09:33:05.743] Config(CustomActionGroup8) Squad/Controls/Qwertz/CustomActionGroup8
[LOG 09:33:05.743] Config(CustomActionGroup9) Squad/Controls/Qwertz/CustomActionGroup9
[LOG 09:33:05.743] Config(CustomActionGroup10) Squad/Controls/Qwertz/CustomActionGroup10
[LOG 09:33:05.743] Config(KEY_MAP) Squad/Controls/Qwertz/KEY_MAP
[LOG 09:33:05.743] Config(EXPERIENCE_TRAIT) Squad/Experience/Traits/Pilot
[LOG 09:33:05.744] Config(EXPERIENCE_TRAIT) Squad/Experience/Traits/Engineer
[LOG 09:33:05.744] Config(EXPERIENCE_TRAIT) Squad/Experience/Traits/Scientist
[LOG 09:33:05.744] Config(EXPERIENCE_TRAIT) Squad/Experience/Traits/Tourist
[LOG 09:33:05.744] Config(Localization) Squad/Localization/dictionary/Localization
[LOG 09:33:05.744] Config(MISSIONPACK) Squad/Missions/MissionPacks/squad_ESA
[LOG 09:33:05.744] Config(VARIANTTHEME) Squad/Parts/VariantThemes/White
[LOG 09:33:05.744] Config(VARIANTTHEME) Squad/Parts/VariantThemes/BlackAndWhite
[LOG 09:33:05.744] Config(VARIANTTHEME) Squad/Parts/VariantThemes/GrayAndOrange
[LOG 09:33:05.744] Config(VARIANTTHEME) Squad/Parts/VariantThemes/Dark
[LOG 09:33:05.744] Config(VARIANTTHEME) Squad/Parts/VariantThemes/Gray
[LOG 09:33:05.744] Config(VARIANTTHEME) Squad/Parts/VariantThemes/Orange
[LOG 09:33:05.744] Config(VARIANTTHEME) Squad/Parts/VariantThemes/Gold
[LOG 09:33:05.744] Config(VARIANTTHEME) Squad/Parts/VariantThemes/Bare
[LOG 09:33:05.744] Config(VARIANTTHEME) Squad/Parts/VariantThemes/Shroud
[LOG 09:33:05.744] Config(VARIANTTHEME) Squad/Parts/VariantThemes/GrayAndWhite
[LOG 09:33:05.744] Config(VARIANTTHEME) Squad/Parts/VariantThemes/YellowAndWhite
[LOG 09:33:05.744] Config(VARIANTTHEME) Squad/Parts/VariantThemes/Silver
[LOG 09:33:05.744] Config(VARIANTTHEME) Squad/Parts/VariantThemes/Gray with Stripes
[LOG 09:33:05.744] Config(PART) Squad/Parts/Aero/aerodynamicNoseCone/aerodynamicNoseCone/noseCone
[LOG 09:33:05.744] Config(PART) Squad/Parts/Aero/airbrake/Airbrake/airbrake1
[LOG 09:33:05.744] Config(PART) Squad/Parts/Aero/airIntakeRadialXM-G50/airIntakeRadialXM-G50/airScoop
[LOG 09:33:05.744] Config(PART) Squad/Parts/Aero/airlinerWings/ControlSurface/airlinerCtrlSrf
[LOG 09:33:05.744] Config(PART) Squad/Parts/Aero/airlinerWings/MainWing/airlinerMainWing
[LOG 09:33:05.744] Config(PART) Squad/Parts/Aero/airlinerWings/TailFin/airlinerTailFin
[LOG 09:33:05.744] Config(PART) Squad/Parts/Aero/airplaneFins/advancedCanard/AdvancedCanard
[LOG 09:33:05.744] Config(PART) Squad/Parts/Aero/airplaneFins/standardCanard/CanardController
[LOG 09:33:05.744] Config(PART) Squad/Parts/Aero/airplaneFins/sweptWing/sweptWing
[LOG 09:33:05.744] Config(PART) Squad/Parts/Aero/airplaneFins/tailfin/tailfin
[LOG 09:33:05.744] Config(PART) Squad/Parts/Aero/basicFin/basicFin/basicFin
[LOG 09:33:05.744] Config(PART) Squad/Parts/Aero/circularIntake/circularIntake/CircularIntake
[LOG 09:33:05.744] Config(PART) Squad/Parts/Aero/circularIntake/intakeShockCone/shockConeIntake
[LOG 09:33:05.744] Config(PART) Squad/Parts/Aero/cones/avionicsNoseCone/avionicsNoseCone
[LOG 09:33:05.744] Config(PART) Squad/Parts/Aero/cones/ConeA/pointyNoseConeA
[LOG 09:33:05.744] Config(PART) Squad/Parts/Aero/cones/ConeB/pointyNoseConeB
[LOG 09:33:05.744] Config(PART) Squad/Parts/Aero/cones/noseConeAdapter/noseConeAdapter
[LOG 09:33:05.744] Config(PART) Squad/Parts/Aero/cones/protectiveRocketNoseMk7_v2/rocketNoseCone_v2
[LOG 09:33:05.744] Config(PART) Squad/Parts/Aero/cones/protectiveRocketNoseMk7_v3/rocketNoseCone_v3
[LOG 09:33:05.744] Config(PART) Squad/Parts/Aero/cones/rocketNoseCone_size3/rocketNoseConeSize3
[LOG 09:33:05.745] Config(PART) Squad/Parts/Aero/cones/smallNoseCone/standardNoseCone
[LOG 09:33:05.745] Config(PART) Squad/Parts/Aero/cones/tailConnectorA/airplaneTail
[LOG 09:33:05.745] Config(PART) Squad/Parts/Aero/cones/tailConnectorB/airplaneTailB
[LOG 09:33:05.745] Config(PART) Squad/Parts/Aero/fairings/fairingSize1/fairingSize1
[LOG 09:33:05.745] Config(PART) Squad/Parts/Aero/fairings/fairingSize2/fairingSize2
[LOG 09:33:05.745] Config(PART) Squad/Parts/Aero/fairings/fairingSize3/fairingSize3
[LOG 09:33:05.745] Config(PART) Squad/Parts/Aero/HeatShield/HeatShield0/HeatShield0
[LOG 09:33:05.745] Config(PART) Squad/Parts/Aero/HeatShield/HeatShield1/HeatShield1
[LOG 09:33:05.745] Config(PART) Squad/Parts/Aero/HeatShield/HeatShield2/HeatShield2
[LOG 09:33:05.745] Config(PART) Squad/Parts/Aero/HeatShield/HeatShield3/HeatShield3
[LOG 09:33:05.745] Config(PART) Squad/Parts/Aero/InflatableHeatShield/HeatShield/InflatableHeatShield
[LOG 09:33:05.745] Config(PART) Squad/Parts/Aero/intakeRadialLong/intakeRadialLong/IntakeRadialLong
[LOG 09:33:05.745] Config(PART) Squad/Parts/Aero/miniIntake/SmallIntake/miniIntake
[LOG 09:33:05.745] Config(PART) Squad/Parts/Aero/ramAirIntake/ramAirIntake/ramAirIntake
[LOG 09:33:05.745] Config(PART) Squad/Parts/Aero/shuttleWings/delta/wingShuttleDelta
[LOG 09:33:05.745] Config(PART) Squad/Parts/Aero/shuttleWings/elevon1/wingShuttleElevon1
[LOG 09:33:05.745] Config(PART) Squad/Parts/Aero/shuttleWings/elevon2/wingShuttleElevon2
[LOG 09:33:05.745] Config(PART) Squad/Parts/Aero/shuttleWings/rudder/wingShuttleRudder
[LOG 09:33:05.745] Config(PART) Squad/Parts/Aero/shuttleWings/strake/wingShuttleStrake
[LOG 09:33:05.745] Config(PART) Squad/Parts/Aero/wingletAV-R8/wingletAV-R8/R8winglet
[LOG 09:33:05.745] Config(PART) Squad/Parts/Aero/wingletAV-T1/wingletAV-T1/winglet
[LOG 09:33:05.745] Config(PART) Squad/Parts/Aero/wingletDeltaDeluxe/wingletDeltaDeluxe/winglet3
[LOG 09:33:05.745] Config(PART) Squad/Parts/Aero/wings/connector1/wingConnector
[LOG 09:33:05.745] Config(PART) Squad/Parts/Aero/wings/connector2/wingConnector2
[LOG 09:33:05.745] Config(PART) Squad/Parts/Aero/wings/connector3/wingConnector3
[LOG 09:33:05.745] Config(PART) Squad/Parts/Aero/wings/connector4/wingConnector4
[LOG 09:33:05.745] Config(PART) Squad/Parts/Aero/wings/connector5/wingConnector5
[LOG 09:33:05.745] Config(PART) Squad/Parts/Aero/wings/delta/deltaWing
[LOG 09:33:05.745] Config(PART) Squad/Parts/Aero/wings/delta_small/delta_small
[LOG 09:33:05.745] Config(PART) Squad/Parts/Aero/wings/elevon1/StandardCtrlSrf
[LOG 09:33:05.745] Config(PART) Squad/Parts/Aero/wings/elevon2/elevon2
[LOG 09:33:05.745] Config(PART) Squad/Parts/Aero/wings/elevon3/elevon3
[LOG 09:33:05.745] Config(PART) Squad/Parts/Aero/wings/elevon4/smallCtrlSrf
[LOG 09:33:05.745] Config(PART) Squad/Parts/Aero/wings/elevon5/elevon5
[LOG 09:33:05.745] Config(PART) Squad/Parts/Aero/wings/strake/wingStrake
[LOG 09:33:05.746] Config(PART) Squad/Parts/Aero/wings/structural1/structuralWing
[LOG 09:33:05.746] Config(PART) Squad/Parts/Aero/wings/structural2/structuralWing2
[LOG 09:33:05.746] Config(PART) Squad/Parts/Aero/wings/structural3/structuralWing3
[LOG 09:33:05.746] Config(PART) Squad/Parts/Aero/wings/structural4/structuralWing4
[LOG 09:33:05.746] Config(PART) Squad/Parts/Aero/wings/swept1/sweptWing1
[LOG 09:33:05.746] Config(PART) Squad/Parts/Aero/wings/swept2/sweptWing2
[LOG 09:33:05.746] Config(PART) Squad/Parts/Cargo/CargoContainers/cargoContainer/cargoContainer
[LOG 09:33:05.746] Config(PART) Squad/Parts/Cargo/CargoContainers/smallCargoContainer/smallCargoContainer
[LOG 09:33:05.746] Config(PART) Squad/Parts/Cargo/Cylinder/Cylinder/evaCylinder
[LOG 09:33:05.746] Config(PART) Squad/Parts/Cargo/GroundAnchor/groundAnchor/groundAnchor
[LOG 09:33:05.746] Config(PART) Squad/Parts/Cargo/Jetpack/Jetpack/evaJetpack
[LOG 09:33:05.746] Config(PART) Squad/Parts/Cargo/Parachute/Parachute/evaChute
[LOG 09:33:05.746] Config(PART) Squad/Parts/Cargo/RepairKit/RepairKit/evaRepairKit
[LOG 09:33:05.746] Config(PART) Squad/Parts/Cargo/ScienceKit/evaScienceKit/evaScienceKit
[LOG 09:33:05.746] Config(PART) Squad/Parts/Cargo/StorageUnits/CargoStorageUnit/CargoStorageUnit
[LOG 09:33:05.746] Config(PART) Squad/Parts/Cargo/StorageUnits/ConformalStorageUnit/ConformalStorageUnit
[LOG 09:33:05.746] Config(PART) Squad/Parts/Command/advancedSasModuleLarge/advSasModuleLarge/asasmodule1-2
[LOG 09:33:05.746] Config(PART) Squad/Parts/Command/cupola/cupola/cupola
[LOG 09:33:05.746] Config(PART) Squad/Parts/Command/externalCommandSeat/externalCommandSeat/seatExternalCmd
[LOG 09:33:05.746] Config(PART) Squad/Parts/Command/hitchhikerStorageContainer/hitchikerStorageContainer/crewCabin
[LOG 09:33:05.746] Config(PART) Squad/Parts/Command/inlineAdvancedStabilizer/inlineAdvancedStabilizer/advSasModule
[LOG 09:33:05.746] Config(PART) Squad/Parts/Command/inlineReactionWheel/inlineReactionWheel/sasModule
[LOG 09:33:05.746] Config(PART) Squad/Parts/Command/Mk1-3Pod/mk1-3/mk1-3pod
[LOG 09:33:05.746] Config(PART) Squad/Parts/Command/mk1Cockpits/mk1Cockpit/Mark1Cockpit
[LOG 09:33:05.746] Config(PART) Squad/Parts/Command/mk1Cockpits/mk1CrewCabin/MK1CrewCabin
[LOG 09:33:05.746] Config(PART) Squad/Parts/Command/mk1Cockpits/mk1InlineCockpit/Mark2Cockpit
[LOG 09:33:05.746] Config(PART) Squad/Parts/Command/mk1LanderCan/mk1LanderCan/landerCabinSmall
[LOG 09:33:05.746] Config(PART) Squad/Parts/Command/mk1pod_v2/mk1Pod_v2/mk1pod_v2
[LOG 09:33:05.746] Config(PART) Squad/Parts/Command/mk2CockpitInline/mk2CockpitInline/mk2Cockpit_Inline
[LOG 09:33:05.746] Config(PART) Squad/Parts/Command/mk2CockpitStandard/mk2CockpitStandard/mk2Cockpit_Standard
[LOG 09:33:05.746] Config(PART) Squad/Parts/Command/mk2DroneCore/mk2Dronecore/mk2DroneCore
[LOG 09:33:05.746] Config(PART) Squad/Parts/Command/mk2LanderCan/mk2LanderCan/mk2LanderCabin
[LOG 09:33:05.746] Config(PART) Squad/Parts/Command/mk2LanderCan_v2/mk2LanderCan_v2/mk2LanderCabin_v2
[LOG 09:33:05.746] Config(PART) Squad/Parts/Command/mk3CockpitShuttle/mk3CockpitShuttle/mk3Cockpit_Shuttle
[LOG 09:33:05.746] Config(PART) Squad/Parts/Command/MpoProbe/MpoProbe/MpoProbe
[LOG 09:33:05.746] Config(PART) Squad/Parts/Command/MtmStage/MTM_Stage/MtmStage
[LOG 09:33:05.746] Config(PART) Squad/Parts/Command/probeCoreCube/probeCoreCube/probeCoreCube
[LOG 09:33:05.746] Config(PART) Squad/Parts/Command/probeCoreHex/probeCoreHex/probeCoreHex
[LOG 09:33:05.746] Config(PART) Squad/Parts/Command/probeCoreHex_v2/probeCoreHex_v2/probeCoreHex_v2
[LOG 09:33:05.746] Config(PART) Squad/Parts/Command/probeCoreOcto2_v2/probeCoreOcto2_v2/probeCoreOcto2_v2
[LOG 09:33:05.747] Config(PART) Squad/Parts/Command/probeCoreOcto_v2/probeCoreOcto_v2/probeCoreOcto_v2
[LOG 09:33:05.747] Config(PART) Squad/Parts/Command/probeRoverBody/probeRoverBody/roverBody
[LOG 09:33:05.747] Config(PART) Squad/Parts/Command/probeRoverBody_v2/probeRoverBody_v2/roverBody_v2
[LOG 09:33:05.747] Config(PART) Squad/Parts/Command/probeStackLarge/probeStackLarge/probeStackLarge
[LOG 09:33:05.747] Config(PART) Squad/Parts/Command/probeStackSmall/probeStackSmall/probeStackSmall
[LOG 09:33:05.747] Config(PART) Squad/Parts/Command/probeStackSphere_v2/probeStackSphere_v2/probeCoreSphere_v2
[LOG 09:33:05.747] Config(PART) Squad/Parts/CompoundParts/FuelLine/fuelLine/fuelLine
[LOG 09:33:05.747] Config(PART) Squad/Parts/CompoundParts/strutConnector/strutConnector/strutConnector
[LOG 09:33:05.747] Config(PART) Squad/Parts/Coupling/Decoupler_0/Decoupler_0
[LOG 09:33:05.747] Config(PART) Squad/Parts/Coupling/Decoupler_1/Decoupler_1
[LOG 09:33:05.747] Config(PART) Squad/Parts/Coupling/Decoupler_2/Decoupler_2
[LOG 09:33:05.747] Config(PART) Squad/Parts/Coupling/Decoupler_3/Decoupler_3
[LOG 09:33:05.747] Config(PART) Squad/Parts/Coupling/Separator_0/Separator_0
[LOG 09:33:05.747] Config(PART) Squad/Parts/Coupling/Separator_1/Separator_1
[LOG 09:33:05.747] Config(PART) Squad/Parts/Coupling/Separator_2/Separator_2
[LOG 09:33:05.747] Config(PART) Squad/Parts/Coupling/Separator_3/Separator_3
[LOG 09:33:05.747] Config(PART) Squad/Parts/Electrical/10CSolarPanels/OX-10C/solarPanelOX10C
[LOG 09:33:05.747] Config(PART) Squad/Parts/Electrical/10CSolarPanels/SP-10C/solarPanelSP10C
[LOG 09:33:05.747] Config(PART) Squad/Parts/Electrical/10LSolarPanels/OX-10L/solarPanelOX10L
[LOG 09:33:05.747] Config(PART) Squad/Parts/Electrical/10LSolarPanels/SP-10L/solarPanelSP10L
[LOG 09:33:05.747] Config(PART) Squad/Parts/Electrical/1x6ShroudSolarPanels/1x6ShroudSolarPanels/solarPanels2
[LOG 09:33:05.747] Config(PART) Squad/Parts/Electrical/1x6SolarPanels/1x6SolarPanels/solarPanels4
[LOG 09:33:05.747] Config(PART) Squad/Parts/Electrical/3x2ShroudSolarPanels/3x2ShroudSolarPanels/solarPanels1
[LOG 09:33:05.747] Config(PART) Squad/Parts/Electrical/3x2SolarPanels/3x2SolarPanels/solarPanels3
[LOG 09:33:05.747] Config(PART) Squad/Parts/Electrical/gigantorXlSolarArray/gigantorXlSolarArray/largeSolarPanel
[LOG 09:33:05.747] Config(PART) Squad/Parts/Electrical/radialFlatSolarPanel/radialFlatSolarPanel/solarPanels5
[LOG 09:33:05.747] Config(PART) Squad/Parts/Electrical/RTG/RTG/rtg
[LOG 09:33:05.747] Config(PART) Squad/Parts/Electrical/z-100Battery/z-100Battery/batteryPack
[LOG 09:33:05.747] Config(PART) Squad/Parts/Electrical/z-1kBattery/z-1kBattery/batteryBank
[LOG 09:33:05.747] Config(PART) Squad/Parts/Electrical/z-200Battery/z-200Battery/batteryBankMini
[LOG 09:33:05.747] Config(PART) Squad/Parts/Electrical/z-400Battery/z-400Battery/ksp_r_largeBatteryPack
[LOG 09:33:05.747] Config(PART) Squad/Parts/Electrical/z-4kBattery/z-4kBattery/batteryBankLarge
[LOG 09:33:05.747] Config(PART) Squad/Parts/Engine/ionEngine/ionEngine/ionEngine
[LOG 09:33:05.747] Config(PART) Squad/Parts/Engine/jetEngines/jetEngineAfterburning/turboJet
[LOG 09:33:05.747] Config(PART) Squad/Parts/Engine/jetEngines/jetEngineBasic/JetEngine
[LOG 09:33:05.747] Config(PART) Squad/Parts/Engine/jetEngines/jetEngineBig/turboFanSize2
[LOG 09:33:05.747] Config(PART) Squad/Parts/Engine/jetEngines/jetEngineTurbo/turboFanEngine
[LOG 09:33:05.747] Config(PART) Squad/Parts/Engine/liquidEngine24-77/liquidEngine24-77/smallRadialEngine
[LOG 09:33:05.748] Config(PART) Squad/Parts/Engine/liquidEngine24-77_v2/liquidEngine24-77_v2/smallRadialEngine_v2
[LOG 09:33:05.748] Config(PART) Squad/Parts/Engine/liquidEngine48-7S_v2/liquidEngine48-7S_v2/liquidEngineMini_v2
[LOG 09:33:05.748] Config(PART) Squad/Parts/Engine/liquidEngineAerospike/liquidEngineAerospike/toroidalAerospike
[LOG 09:33:05.748] Config(PART) Squad/Parts/Engine/liquidEngineLV-1_v2/liquidEngineLV-1R _v2/radialEngineMini_v2
[LOG 09:33:05.748] Config(PART) Squad/Parts/Engine/liquidEngineLV-1_v2/liquidEngineLV-1_v2/microEngine_v2
[LOG 09:33:05.748] Config(PART) Squad/Parts/Engine/liquidEngineLV-909_v2/liquidEngineLV-909_v2/liquidEngine3_v2
[LOG 09:33:05.748] Config(PART) Squad/Parts/Engine/liquidEngineLV-N/liquidEngineLV-N/nuclearEngine
[LOG 09:33:05.748] Config(PART) Squad/Parts/Engine/liquidEngineLV-T30/liquidEngineLV-T30/liquidEngine
[LOG 09:33:05.748] Config(PART) Squad/Parts/Engine/liquidEngineLV-T30_v2/liquidEngineLV-T30_v2/liquidEngine_v2
[LOG 09:33:05.748] Config(PART) Squad/Parts/Engine/liquidEngineLV-T45/liquidEngineLV-T45/liquidEngine2
[LOG 09:33:05.748] Config(PART) Squad/Parts/Engine/liquidEngineLV-T45_v2/liquidEngineLV-T45_v2/liquidEngine2_v2
[LOG 09:33:05.749] Config(PART) Squad/Parts/Engine/liquidEngineMainsail_v2/liquidEngineMainsail_v2/liquidEngineMainsail_v2
[LOG 09:33:05.749] Config(PART) Squad/Parts/Engine/liquidEngineMk55/liquidEngineMk55/radialLiquidEngine1-2
[LOG 09:33:05.749] Config(PART) Squad/Parts/Engine/liquidEnginePoodle_v2/liquidEnginePoodle_v2/liquidEngine2-2_v2
[LOG 09:33:05.749] Config(PART) Squad/Parts/Engine/liquidEngineSkipper_v2/skipperLiquidEngine_v2/engineLargeSkipper_v2
[LOG 09:33:05.749] Config(PART) Squad/Parts/Engine/liquidEngineSSME/SSME/SSME
[LOG 09:33:05.749] Config(PART) Squad/Parts/Engine/MassiveSRB/part/MassiveBooster
[LOG 09:33:05.749] Config(PART) Squad/Parts/Engine/miniJet/SmallJetEngine/miniJetEngine
[LOG 09:33:05.749] Config(PART) Squad/Parts/Engine/OMSEngine/omsEngine/omsEngine
[LOG 09:33:05.749] Config(PART) Squad/Parts/Engine/rapierEngine/rapierEngine/RAPIER
[LOG 09:33:05.749] Config(PART) Squad/Parts/Engine/Size1_SRBs/solidBoosterRT-10_v2/solidBooster_v2
[LOG 09:33:05.749] Config(PART) Squad/Parts/Engine/Size1_SRBs/solidBoosterRT-5_v2/solidBooster_sm_v2
[LOG 09:33:05.749] Config(PART) Squad/Parts/Engine/Size2LFB/part/Size2LFB
[LOG 09:33:05.749] Config(PART) Squad/Parts/Engine/Size2LFB_v2/part/Size2LFB_v2
[LOG 09:33:05.749] Config(PART) Squad/Parts/Engine/Size3AdvancedEngine/part/Size3AdvancedEngine
[LOG 09:33:05.749] Config(PART) Squad/Parts/Engine/Size3EngineCluster/part/Size3EngineCluster
[LOG 09:33:05.749] Config(PART) Squad/Parts/Engine/solidBoosterBACC/solidBoosterBACC/solidBooster1-1
[LOG 09:33:05.749] Config(PART) Squad/Parts/Engine/solidBoosterS2-17/solidBoosterS2-17/Thoroughbred
[LOG 09:33:05.749] Config(PART) Squad/Parts/Engine/solidBoosterS2-33/solidBoosterS2-33/Clydesdale
[LOG 09:33:05.749] Config(PART) Squad/Parts/Engine/solidBoosterSep/solidBoosterSep/sepMotor1
[LOG 09:33:05.749] Config(PART) Squad/Parts/Engine/SolidBoostersF/SolidBoosterF3S0/Shrimp
[LOG 09:33:05.749] Config(PART) Squad/Parts/Engine/SolidBoostersF/SolidBoosterFM1/Mite
[LOG 09:33:05.749] Config(PART) Squad/Parts/FuelTank/adapterTanks/Mk3-Mk2/adapterMk3-Mk2
[LOG 09:33:05.749] Config(PART) Squad/Parts/FuelTank/adapterTanks/Mk3-ShuttleAdapter/adapterEngines
[LOG 09:33:05.749] Config(PART) Squad/Parts/FuelTank/adapterTanks/Mk3-Size2/adapterMk3-Size2
[LOG 09:33:05.749] Config(PART) Squad/Parts/FuelTank/adapterTanks/Mk3-Size2Slant/adapterMk3-Size2Slant
[LOG 09:33:05.749] Config(PART) Squad/Parts/FuelTank/adapterTanks/Size2-Mk2/adapterSize2-Mk2
[LOG 09:33:05.749] Config(PART) Squad/Parts/FuelTank/adapterTanks/Size2-Size1/adapterSize2-Size1
[LOG 09:33:05.749] Config(PART) Squad/Parts/FuelTank/adapterTanks/Size2-Size1Slant/adapterSize2-Size1Slant
[LOG 09:33:05.749] Config(PART) Squad/Parts/FuelTank/adapterTanks/Size3-Mk3/adapterSize3-Mk3
[LOG 09:33:05.749] Config(PART) Squad/Parts/FuelTank/drainTankFTE-1/ReleaseValve/ReleaseValve
[LOG 09:33:05.749] Config(PART) Squad/Parts/FuelTank/FoilTanks/RadialTank_Capsule/externalTankCapsule
[LOG 09:33:05.749] Config(PART) Squad/Parts/FuelTank/FoilTanks/RadialTank_Round/externalTankRound
[LOG 09:33:05.749] Config(PART) Squad/Parts/FuelTank/FoilTanks/ToroidTank/externalTankToroid
[LOG 09:33:05.749] Config(PART) Squad/Parts/FuelTank/fuelTankOscarB/fuelTankOscarB/miniFuelTank
[LOG 09:33:05.749] Config(PART) Squad/Parts/FuelTank/miniFuselage/miniFuselage/miniFuselage
[LOG 09:33:05.749] Config(PART) Squad/Parts/FuelTank/mk2Adapters/bicoupler/mk2_1m_Bicoupler
[LOG 09:33:05.749] Config(PART) Squad/Parts/FuelTank/mk2Adapters/long/mk2_1m_AdapterLong
[LOG 09:33:05.749] Config(PART) Squad/Parts/FuelTank/mk2Adapters/standard/mk2SpacePlaneAdapter
[LOG 09:33:05.749] Config(PART) Squad/Parts/FuelTank/mk2FuselageLong/LFO_long/mk2FuselageLongLFO
[LOG 09:33:05.750] Config(PART) Squad/Parts/FuelTank/mk2FuselageLong/L_long/mk2Fuselage
[LOG 09:33:05.750] Config(PART) Squad/Parts/FuelTank/mk2FuselageShort/LFO_short/mk2FuselageShortLFO
[LOG 09:33:05.750] Config(PART) Squad/Parts/FuelTank/mk2FuselageShort/L_short/mk2FuselageShortLiquid
[LOG 09:33:05.750] Config(PART) Squad/Parts/FuelTank/mk2FuselageShort/Mono_short/mk2FuselageShortMono
[LOG 09:33:05.750] Config(PART) Squad/Parts/FuelTank/mk3Fuselage/CREW/mk3CrewCabin
[LOG 09:33:05.750] Config(PART) Squad/Parts/FuelTank/mk3Fuselage/LFO_100/mk3FuselageLFO_100
[LOG 09:33:05.750] Config(PART) Squad/Parts/FuelTank/mk3Fuselage/LFO_25/mk3FuselageLFO_25
[LOG 09:33:05.750] Config(PART) Squad/Parts/FuelTank/mk3Fuselage/LFO_50/mk3FuselageLFO_50
[LOG 09:33:05.750] Config(PART) Squad/Parts/FuelTank/mk3Fuselage/LF_100/mk3FuselageLF_100
[LOG 09:33:05.750] Config(PART) Squad/Parts/FuelTank/mk3Fuselage/LF_25/mk3FuselageLF_25
[LOG 09:33:05.750] Config(PART) Squad/Parts/FuelTank/mk3Fuselage/LF_50/mk3FuselageLF_50
[LOG 09:33:05.750] Config(PART) Squad/Parts/FuelTank/mk3Fuselage/MONO/mk3FuselageMONO
[LOG 09:33:05.750] Config(PART) Squad/Parts/FuelTank/RCSFuelTankR1/RCSFuelTankR1/RCSTank1-2
[LOG 09:33:05.750] Config(PART) Squad/Parts/FuelTank/RCSFuelTankR10/RCSFuelTankR10/rcsTankMini
[LOG 09:33:05.750] Config(PART) Squad/Parts/FuelTank/RCSFuelTankR25/RCSFuelTankR25/RCSFuelTank
[LOG 09:33:05.750] Config(PART) Squad/Parts/FuelTank/RCSTankRadial/radialRCSTank/radialRCSTank
[LOG 09:33:05.750] Config(PART) Squad/Parts/FuelTank/RCStankRadialLong/RCSTankRadialLong/rcsTankRadialLong
[LOG 09:33:05.750] Config(PART) Squad/Parts/FuelTank/RockomaxTanks/Rockomax16/Rockomax16_BW
[LOG 09:33:05.750] Config(PART) Squad/Parts/FuelTank/RockomaxTanks/Rockomax32/Rockomax32_BW
[LOG 09:33:05.750] Config(PART) Squad/Parts/FuelTank/RockomaxTanks/Rockomax64/Rockomax64_BW
[LOG 09:33:05.750] Config(PART) Squad/Parts/FuelTank/RockomaxTanks/Rockomax8/Rockomax8BW
[LOG 09:33:05.750] Config(PART) Squad/Parts/FuelTank/Size1_Tanks/fuelTankT100/fuelTankSmallFlat
[LOG 09:33:05.750] Config(PART) Squad/Parts/FuelTank/Size1_Tanks/fuelTankT200/fuelTankSmall
[LOG 09:33:05.750] Config(PART) Squad/Parts/FuelTank/Size1_Tanks/fuelTankT400/fuelTank
[LOG 09:33:05.750] Config(PART) Squad/Parts/FuelTank/Size1_Tanks/fuelTankT800/fuelTank_long
[LOG 09:33:05.750] Config(PART) Squad/Parts/FuelTank/Size3Tanks/large/Size3LargeTank
[LOG 09:33:05.750] Config(PART) Squad/Parts/FuelTank/Size3Tanks/medium/Size3MediumTank
[LOG 09:33:05.750] Config(PART) Squad/Parts/FuelTank/Size3Tanks/small/Size3SmallTank
[LOG 09:33:05.750] Config(PART) Squad/Parts/FuelTank/xenonTank/xenonTank/xenonTank
[LOG 09:33:05.750] Config(PART) Squad/Parts/FuelTank/xenonTankLarge/xenonTankLarge/xenonTankLarge
[LOG 09:33:05.750] Config(PART) Squad/Parts/FuelTank/xenonTankRadial/xenonTankRadial/xenonTankRadial
[LOG 09:33:05.750] Config(PART) Squad/Parts/Misc/AsteroidDay/CamSat/InfraredTelescope
[LOG 09:33:05.750] Config(PART) Squad/Parts/Misc/AsteroidDay/HECS2/HECS2_ProbeCore
[LOG 09:33:05.750] Config(PART) Squad/Parts/Misc/AsteroidDay/HighGainAntenna/HighGainAntenna
[LOG 09:33:05.750] Config(PART) Squad/Parts/Misc/AsteroidDay/LgRadialSolar/LgRadialSolarPanel
[LOG 09:33:05.750] Config(PART) Squad/Parts/Misc/PotatoComet/part/PotatoComet
[LOG 09:33:05.750] Config(PART) Squad/Parts/Misc/PotatoRoid/part/PotatoRoid
[LOG 09:33:05.750] Config(PART) Squad/Parts/Prebuilt/flag/flag
[LOG 09:33:05.750] Config(PART) Squad/Parts/Prebuilt/kerbalEVA/kerbalEVA
[LOG 09:33:05.750] Config(PART) Squad/Parts/Prebuilt/kerbalEVAfemale/kerbalEVAfemale
[LOG 09:33:05.750] Config(PART) Squad/Parts/Prebuilt/kerbalEVASlimSuit/kerbalEVASlimSuit
[LOG 09:33:05.750] Config(PART) Squad/Parts/Prebuilt/kerbalEVASlimSuitFemale/kerbalEVASlimSuitFemale
[LOG 09:33:05.751] Config(PART) Squad/Parts/Resources/FuelCell/FuelCell/FuelCell
[LOG 09:33:05.751] Config(PART) Squad/Parts/Resources/FuelCell/FuelCellArray/FuelCellArray
[LOG 09:33:05.751] Config(PART) Squad/Parts/Resources/ISRU/ISRU/ISRU
[LOG 09:33:05.751] Config(PART) Squad/Parts/Resources/LargeTank/LargeTank/LargeTank
[LOG 09:33:05.751] Config(PART) Squad/Parts/Resources/MiniDrill/MiniDrill/MiniDrill
[LOG 09:33:05.751] Config(PART) Squad/Parts/Resources/MiniISRU/MiniISRU/MiniISRU
[LOG 09:33:05.751] Config(PART) Squad/Parts/Resources/OrbitalScanner/OrbitalScanner/OrbitalScanner
[LOG 09:33:05.751] Config(PART) Squad/Parts/Resources/RadialDrill/RadialDrill/RadialDrill
[LOG 09:33:05.751] Config(PART) Squad/Parts/Resources/RadialTank/RadialTank/RadialOreTank
[LOG 09:33:05.751] Config(PART) Squad/Parts/Resources/SmallTank/SmallTank/SmallTank
[LOG 09:33:05.751] Config(PART) Squad/Parts/Resources/SurfaceScanner/SurfaceScanner/SurfaceScanner
[LOG 09:33:05.751] Config(PART) Squad/Parts/Resources/SurveyScanner/SurveyScanner/SurveyScanner
[LOG 09:33:05.751] Config(PART) Squad/Parts/Science/AtmosphereSensor/sensorAtmosphere/sensorAtmosphere
[LOG 09:33:05.751] Config(PART) Squad/Parts/Science/GooExperiment/gooExperiment/GooExperiment
[LOG 09:33:05.751] Config(PART) Squad/Parts/Science/LargeCrewedLab/largeCrewedLab/Large_Crewed_Lab
[LOG 09:33:05.751] Config(PART) Squad/Parts/Science/Magnetometer/Magnetometer/Magnetometer
[LOG 09:33:05.751] Config(PART) Squad/Parts/Science/MaterialBay/materialBay/science_module
[LOG 09:33:05.751] Config(PART) Squad/Parts/Science/ScienceBox/ScienceBox/ScienceBox
[LOG 09:33:05.751] Config(PART) Squad/Parts/Science/sensorAccelerometer/sensorAccelerometer/sensorAccelerometer
[LOG 09:33:05.751] Config(PART) Squad/Parts/Science/sensorBarometer/sensorBarometer/sensorBarometer
[LOG 09:33:05.751] Config(PART) Squad/Parts/Science/sensorGravimeter/sensorGravimeter/sensorGravimeter
[LOG 09:33:05.751] Config(PART) Squad/Parts/Science/sensorThermometer/sensorThermometer/sensorThermometer
[LOG 09:33:05.751] Config(PART) Squad/Parts/Structural/FLAdapters/adapterSmallMiniShort/adapterSmallMiniShort
[LOG 09:33:05.751] Config(PART) Squad/Parts/Structural/FLAdapters/adapterSmallMiniTall/adapterSmallMiniTall
[LOG 09:33:05.751] Config(PART) Squad/Parts/Structural/mk1Parts/engineBodyRadial/radialEngineBody
[LOG 09:33:05.751] Config(PART) Squad/Parts/Structural/mk1Parts/engineNacelle/nacelleBody
[LOG 09:33:05.751] Config(PART) Squad/Parts/Structural/mk1Parts/mk1Fuselage/MK1Fuselage
[LOG 09:33:05.751] Config(PART) Squad/Parts/Structural/mk1Parts/mk1FuselageIntake/MK1IntakeFuselage
[LOG 09:33:05.751] Config(PART) Squad/Parts/Structural/mk1Parts/mk1Structural/Mk1FuselageStructural
[LOG 09:33:05.751] Config(PART) Squad/Parts/Structural/Size3To2Adapter_v2/Size2to3_v2/Size3To2Adapter_v2
[LOG 09:33:05.751] Config(PART) Squad/Parts/Structural/stackAdapters/adapterLargeSmallBi/adapterLargeSmallBi
[LOG 09:33:05.751] Config(PART) Squad/Parts/Structural/stackAdapters/adapterLargeSmallQuad/adapterLargeSmallQuad
[LOG 09:33:05.751] Config(PART) Squad/Parts/Structural/stackAdapters/adapterLargeSmallTri/adapterLargeSmallTri
[LOG 09:33:05.751] Config(PART) Squad/Parts/Structural/stationHub/stationHub/stationHub
[LOG 09:33:05.751] Config(PART) Squad/Parts/Structural/structuralIBeam200/structuralIBeam200/structuralIBeam2
[LOG 09:33:05.751] Config(PART) Squad/Parts/Structural/structuralIBeam200Pocket/structuralIBeam200Pocket/structuralIBeam3
[LOG 09:33:05.751] Config(PART) Squad/Parts/Structural/structuralIBeam650/structuralIBeam650/structuralIBeam1
[LOG 09:33:05.751] Config(PART) Squad/Parts/Structural/structuralMicronode/structuralMicronode/structuralMiniNode
[LOG 09:33:05.751] Config(PART) Squad/Parts/Structural/structuralPanel1x1/structuralPanel1x1/structuralPanel1
[LOG 09:33:05.751] Config(PART) Squad/Parts/Structural/structuralPanel2x2/structuralPanel2x2/structuralPanel2
[LOG 09:33:05.751] Config(PART) Squad/Parts/Structural/structuralPylons/smallHardpoint/smallHardpoint
[LOG 09:33:05.752] Config(PART) Squad/Parts/Structural/structuralPylons/structuralPylon/structuralPylon
[LOG 09:33:05.752] Config(PART) Squad/Parts/Structural/strutCubicOcto/strutCubicOcto/strutCube
[LOG 09:33:05.752] Config(PART) Squad/Parts/Structural/strutOcto/strutOcto/strutOcto
[LOG 09:33:05.752] Config(PART) Squad/Parts/Structural/trussGirderAdapter/trussGirderAdapter/trussAdapter
[LOG 09:33:05.752] Config(PART) Squad/Parts/Structural/trussGirderL/trussGirderL/trussPiece1x
[LOG 09:33:05.752] Config(PART) Squad/Parts/Structural/trussGirderXL/trussGirderXL/trussPiece3x
[LOG 09:33:05.752] Config(PART) Squad/Parts/Thermal/FoldingRadiators/foldingRadLarge/foldingRadLarge
[LOG 09:33:05.752] Config(PART) Squad/Parts/Thermal/FoldingRadiators/foldingRadMed/foldingRadMed
[LOG 09:33:05.752] Config(PART) Squad/Parts/Thermal/FoldingRadiators/foldingRadSmall/foldingRadSmall
[LOG 09:33:05.752] Config(PART) Squad/Parts/Thermal/RadiatorPanels/radPanelEdge/radPanelEdge
[LOG 09:33:05.752] Config(PART) Squad/Parts/Thermal/RadiatorPanels/radPanelLg/radPanelLg
[LOG 09:33:05.752] Config(PART) Squad/Parts/Thermal/RadiatorPanels/radPanelSm/radPanelSm
[LOG 09:33:05.752] Config(PART) Squad/Parts/Utility/commDish88-88/commDish88-88/commDish
[LOG 09:33:05.752] Config(PART) Squad/Parts/Utility/commsAntennaDTS-M1/commsAntennaDTS-M1/mediumDishAntenna
[LOG 09:33:05.752] Config(PART) Squad/Parts/Utility/commsDish16/commsAntenna16/longAntenna
[LOG 09:33:05.752] Config(PART) Squad/Parts/Utility/decouplerRadialHDM/decouplerRadialHDM/radialDecoupler1-2
[LOG 09:33:05.752] Config(PART) Squad/Parts/Utility/decouplerRadialTT-38K/decouplerRadialTT-38K/radialDecoupler
[LOG 09:33:05.752] Config(PART) Squad/Parts/Utility/decouplerRadialTT-70/decouplerRadialTT-70/radialDecoupler2
[LOG 09:33:05.752] Config(PART) Squad/Parts/Utility/DirectAntennas/C16S/SurfAntenna
[LOG 09:33:05.752] Config(PART) Squad/Parts/Utility/DirectAntennas/HG-5/HighGainAntenna5
[LOG 09:33:05.752] Config(PART) Squad/Parts/Utility/DirectAntennas/HG-5_v2/HighGainAntenna5_v2
[LOG 09:33:05.752] Config(PART) Squad/Parts/Utility/dockingPort/dockingPort/dockingPort2
[LOG 09:33:05.752] Config(PART) Squad/Parts/Utility/dockingPortInline/dockingPortInline/dockingPortLateral
[LOG 09:33:05.752] Config(PART) Squad/Parts/Utility/dockingPortJr/dockingPortJr/dockingPort3
[LOG 09:33:05.752] Config(PART) Squad/Parts/Utility/dockingPortShielded/dockingPortShielded/dockingPort1
[LOG 09:33:05.752] Config(PART) Squad/Parts/Utility/dockingPortSr/dockingPortSr/dockingPortLarge
[LOG 09:33:05.752] Config(PART) Squad/Parts/Utility/Fireworks/fireworksLauncherBig/fireworksLauncherBig
[LOG 09:33:05.752] Config(PART) Squad/Parts/Utility/Fireworks/fireworksLauncherSmall/fireworksLauncherSmall
[LOG 09:33:05.752] Config(PART) Squad/Parts/Utility/flags/flagFlat/flagFlat/flagPartFlat
[LOG 09:33:05.752] Config(PART) Squad/Parts/Utility/flags/flagSize0/flagSize0/flagPartSize0
[LOG 09:33:05.752] Config(PART) Squad/Parts/Utility/flags/flagSize1/flagSize1/flagPartSize1
[LOG 09:33:05.752] Config(PART) Squad/Parts/Utility/flags/flagSize2/flagSize2/flagPartSize2
[LOG 09:33:05.752] Config(PART) Squad/Parts/Utility/flags/flagSize3/flagSize3/flagPartSize3
[LOG 09:33:05.752] Config(PART) Squad/Parts/Utility/GrapplingDevice/part/GrapplingDevice
[LOG 09:33:05.752] Config(PART) Squad/Parts/Utility/ladderRadial/ladderRadial/ladder1
[LOG 09:33:05.752] Config(PART) Squad/Parts/Utility/ladderTelescopic/ladderTelescopic/telescopicLadder
[LOG 09:33:05.752] Config(PART) Squad/Parts/Utility/ladderTelescopicBay/ladderTelescopicBay/telescopicLadderBay
[LOG 09:33:05.752] Config(PART) Squad/Parts/Utility/landingLegLT-1/landingLegLT-1/landingLeg1
[LOG 09:33:05.752] Config(PART) Squad/Parts/Utility/landingLegLT-2/landingLegLT-2/landingLeg1-2
[LOG 09:33:05.752] Config(PART) Squad/Parts/Utility/landingLegLT-5/landingLegLT-5/miniLandingLeg
[LOG 09:33:05.752] Config(PART) Squad/Parts/Utility/launchClamp1/launchClamp1/launchClamp1
[LOG 09:33:05.752] Config(PART) Squad/Parts/Utility/launchEscapeSystem/part/LaunchEscapeSystem
[LOG 09:33:05.753] Config(PART) Squad/Parts/Utility/Lights/domeLight1/domeLight1
[LOG 09:33:05.753] Config(PART) Squad/Parts/Utility/Lights/groundLight1/groundLight1
[LOG 09:33:05.753] Config(PART) Squad/Parts/Utility/Lights/groundLight2/groundLight2
[LOG 09:33:05.753] Config(PART) Squad/Parts/Utility/Lights/navLight1/navLight1
[LOG 09:33:05.753] Config(PART) Squad/Parts/Utility/Lights/spotLight1/spotLight3
[LOG 09:33:05.753] Config(PART) Squad/Parts/Utility/Lights/stripLight1/stripLight1
[LOG 09:33:05.753] Config(PART) Squad/Parts/Utility/linearVernorRCS/linearRCS/linearRcs
[LOG 09:33:05.753] Config(PART) Squad/Parts/Utility/linearVernorRCS/vernorEngine/vernierEngine
[LOG 09:33:05.753] Config(PART) Squad/Parts/Utility/mk2CargoBay/BayL/mk2CargoBayL
[LOG 09:33:05.753] Config(PART) Squad/Parts/Utility/mk2CargoBay/BayS/mk2CargoBayS
[LOG 09:33:05.753] Config(PART) Squad/Parts/Utility/mk2CrewCabin/mk2CrewCabin/mk2CrewCabin
[LOG 09:33:05.753] Config(PART) Squad/Parts/Utility/mk2DockingPort/mk2DockingPort/mk2DockingPort
[LOG 09:33:05.753] Config(PART) Squad/Parts/Utility/mk3CargoBay/long/mk3CargoBayL
[LOG 09:33:05.753] Config(PART) Squad/Parts/Utility/mk3CargoBay/medium/mk3CargoBayM
[LOG 09:33:05.753] Config(PART) Squad/Parts/Utility/mk3CargoBay/ramp/mk3CargoRamp
[LOG 09:33:05.753] Config(PART) Squad/Parts/Utility/mk3CargoBay/short/mk3CargoBayS
[LOG 09:33:05.753] Config(PART) Squad/Parts/Utility/parachuteMk1/parachuteMk1/parachuteSingle
[LOG 09:33:05.753] Config(PART) Squad/Parts/Utility/parachuteMk12-R/parachuteMk12-R/radialDrogue
[LOG 09:33:05.753] Config(PART) Squad/Parts/Utility/parachuteMk16-XL/parachuteMk16-XL/parachuteLarge
[LOG 09:33:05.753] Config(PART) Squad/Parts/Utility/parachuteMk2-R/parachuteMk2-R/parachuteRadial
[LOG 09:33:05.753] Config(PART) Squad/Parts/Utility/parachuteMk25/parachuteMk25/parachuteDrogue
[LOG 09:33:05.753] Config(PART) Squad/Parts/Utility/radialAttachmentPoint/radialAttachmentPoint/stackPoint1
[LOG 09:33:05.753] Config(PART) Squad/Parts/Utility/rcsBlockRV-105_v2/rcsBlockRV-105/RCSBlock_v2
[LOG 09:33:05.753] Config(PART) Squad/Parts/Utility/rcsBlockRV-105_v2/RCSblock_01_small/RCSblock_01_small
[LOG 09:33:05.753] Config(PART) Squad/Parts/Utility/rcsSmallLinear/RCSLinearSmall/RCSLinearSmall
[LOG 09:33:05.753] Config(PART) Squad/Parts/Utility/RelayAntennas/RA-100/RelayAntenna100
[LOG 09:33:05.753] Config(PART) Squad/Parts/Utility/RelayAntennas/RA-5/RelayAntenna5
[LOG 09:33:05.753] Config(PART) Squad/Parts/Utility/RelayAntennas/RA-50/RelayAntenna50
[LOG 09:33:05.753] Config(PART) Squad/Parts/Utility/rockomaxAdapters/largeAdapter/largeAdapter
[LOG 09:33:05.753] Config(PART) Squad/Parts/Utility/rockomaxAdapters/largeAdapterShort/largeAdapter2
[LOG 09:33:05.753] Config(PART) Squad/Parts/Utility/ServiceBay_v2/ServiceBay_125_v2/ServiceBay_125_v2
[LOG 09:33:05.753] Config(PART) Squad/Parts/Utility/ServiceBay_v2/ServiceBay_250_v2/ServiceBay_250_v2
[LOG 09:33:05.753] Config(PART) Squad/Parts/Utility/smallClaw/smallClaw/smallClaw
[LOG 09:33:05.753] Config(PART) Squad/Parts/Utility/spotLightMk1/spotLightMk1/spotLight1
[LOG 09:33:05.753] Config(PART) Squad/Parts/Utility/spotLightMk1_v2/spotLightMk1_v2/spotLight1_v2
[LOG 09:33:05.753] Config(PART) Squad/Parts/Utility/spotLightMk2/spotLightMk2/spotLight2
[LOG 09:33:05.753] Config(PART) Squad/Parts/Utility/spotLightMk2_v2/spotLightMk2_v2/spotLight2_v2
[LOG 09:33:05.753] Config(PART) Squad/Parts/Utility/stackCouplers/stackBiCoupler_v2/stackBiCoupler_v2
[LOG 09:33:05.753] Config(PART) Squad/Parts/Utility/stackCouplers/stackQuadCoupler/stackQuadCoupler
[LOG 09:33:05.753] Config(PART) Squad/Parts/Utility/stackCouplers/stackTriCoupler_v2/stackTriCoupler_v2
[LOG 09:33:05.753] Config(PART) Squad/Parts/Wheel/LandingGear/GearExtraLarge/GearLarge
[LOG 09:33:05.753] Config(PART) Squad/Parts/Wheel/LandingGear/GearFixed/GearFixed
[LOG 09:33:05.753] Config(PART) Squad/Parts/Wheel/LandingGear/GearFree/GearFree
[LOG 09:33:05.754] Config(PART) Squad/Parts/Wheel/LandingGear/GearLarge/GearMedium
[LOG 09:33:05.754] Config(PART) Squad/Parts/Wheel/LandingGear/GearMedium/GearSmall
[LOG 09:33:05.754] Config(PART) Squad/Parts/Wheel/LandingGear/GearSmall/SmallGearBay
[LOG 09:33:05.754] Config(PART) Squad/Parts/Wheel/roverWheelM1/roverWheelM1/roverWheel1
[LOG 09:33:05.754] Config(PART) Squad/Parts/Wheel/roverWheelS2/roverWheelS2/roverWheel2
[LOG 09:33:05.754] Config(PART) Squad/Parts/Wheel/roverWheelTR-2L/roverWheelTR-2L/wheelMed
[LOG 09:33:05.754] Config(PART) Squad/Parts/Wheel/roverWheelXL3/roverWheelXL3/roverWheel3
[LOG 09:33:05.754] Config(PROP) Squad/Props/AltimeterThreeHands/prop/AltimeterThreeHands
[LOG 09:33:05.754] Config(PROP) Squad/Props/AtmosphereDepth/prop/AtmosphereDepth
[LOG 09:33:05.754] Config(PROP) Squad/Props/AxisIndicator/pitchConfig/AxisIndicatorPitch
[LOG 09:33:05.754] Config(PROP) Squad/Props/AxisIndicator/rollConfig/AxisIndicatorRoll
[LOG 09:33:05.754] Config(PROP) Squad/Props/AxisIndicator/yawConfig/AxisIndicatorYaw
[LOG 09:33:05.754] Config(PROP) Squad/Props/buttonsGeneric/circularButton/genericCircularButton
[LOG 09:33:05.754] Config(PROP) Squad/Props/buttonsGeneric/clusterButtons/genericClusterButtons
[LOG 09:33:05.754] Config(PROP) Squad/Props/buttonsGeneric/clusterButtons2/genericClusterButtons2
[LOG 09:33:05.754] Config(PROP) Squad/Props/buttonsGeneric/clusterKnob/genericClusterKnobs
[LOG 09:33:05.754] Config(PROP) Squad/Props/buttonsGeneric/clusterKnob2/genericClusterKnobs2
[LOG 09:33:05.754] Config(PROP) Squad/Props/buttonsGeneric/clusterMixed/genericClusterMixed
[LOG 09:33:05.754] Config(PROP) Squad/Props/buttonsGeneric/clusterSwitches01/genericClusterSwitches01
[LOG 09:33:05.754] Config(PROP) Squad/Props/buttonsGeneric/clusterSwitches02/genericClusterSwitches02
[LOG 09:33:05.754] Config(PROP) Squad/Props/buttonsGeneric/clusterSwitches03/genericClusterSwitches03
[LOG 09:33:05.754] Config(PROP) Squad/Props/buttonsGeneric/clusterSwitches04/genericClusterSwitches04
[LOG 09:33:05.754] Config(PROP) Squad/Props/buttonsGeneric/clusterSwitches05/genericClusterSwitches05
[LOG 09:33:05.754] Config(PROP) Squad/Props/buttonsGeneric/clusterSwitches06/genericClusterSwitches06
[LOG 09:33:05.754] Config(PROP) Squad/Props/buttonsGeneric/clusterSwitches07/genericClusterSwitches07
[LOG 09:33:05.754] Config(PROP) Squad/Props/buttonsGeneric/directionalKnob/genericDirectionalKnob
[LOG 09:33:05.754] Config(PROP) Squad/Props/buttonsGeneric/directionalKnob2/genericDirectionalKnob2
[LOG 09:33:05.754] Config(PROP) Squad/Props/buttonsGeneric/pullSwitch/genericPullSwitch
[LOG 09:33:05.754] Config(PROP) Squad/Props/buttonsGeneric/squareButton/genericSquareButton
[LOG 09:33:05.754] Config(PROP) Squad/Props/buttonsGeneric/standingSwitch/genericStandingSwitch
[LOG 09:33:05.754] Config(PROP) Squad/Props/buttonsGeneric/switch/genericSwitch
[LOG 09:33:05.754] Config(PROP) Squad/Props/buttonsGeneric/switchWithGuards/genericSwitchWithGuards
[LOG 09:33:05.754] Config(PROP) Squad/Props/ButtonSquare/prop/ButtonSquare
[LOG 09:33:05.754] Config(PROP) Squad/Props/circularButton/prop/circularButton
[LOG 09:33:05.754] Config(PROP) Squad/Props/Compass/prop/Compass
[LOG 09:33:05.754] Config(PROP) Squad/Props/directionalKnob/prop/directionalKnob
[LOG 09:33:05.754] Config(PROP) Squad/Props/directionalKnob2/prop/directionalKnob2
[LOG 09:33:05.754] Config(PROP) Squad/Props/IndicatorPanel/prop/IndicatorPanel
[LOG 09:33:05.754] Config(PROP) Squad/Props/IVANavBall/prop/NavBall
[LOG 09:33:05.754] Config(PROP) Squad/Props/IVANavBallNoBase/prop/NavBallNoBase
[LOG 09:33:05.755] Config(PROP) Squad/Props/ledPanelSpeed/prop/ledPanelSpeed
[LOG 09:33:05.755] Config(PROP) Squad/Props/Monitor/DockingMode/MonitorDockingMode
[LOG 09:33:05.755] Config(PROP) Squad/Props/NavBall/prop/NavBall
[LOG 09:33:05.755] Config(PROP) Squad/Props/PropsGeneric/Button_DockingMode/Button_DockingMode
[LOG 09:33:05.755] Config(PROP) Squad/Props/PropsGeneric/CargoBagA/CargoBagA
[LOG 09:33:05.755] Config(PROP) Squad/Props/PropsGeneric/CargoBagB/CargoBagB
[LOG 09:33:05.755] Config(PROP) Squad/Props/PropsGeneric/CargoBagC/CargoBagC
[LOG 09:33:05.755] Config(PROP) Squad/Props/PropsGeneric/Hatch_Plane/Hatch_Plane
[LOG 09:33:05.755] Config(PROP) Squad/Props/PropsGeneric/Hatch_Plane_Curve90/Hatch_Plane_Curve90
[LOG 09:33:05.755] Config(PROP) Squad/Props/PropsGeneric/Hatch_Plane_Frame/Hatch_Plane_Frame
[LOG 09:33:05.755] Config(PROP) Squad/Props/PropsGeneric/Seat_Passenger/Seat_Passenger
[LOG 09:33:05.755] Config(PROP) Squad/Props/PropsGeneric/Seat_Pilot/Seat_Pilot
[LOG 09:33:05.755] Config(PROP) Squad/Props/PropsGeneric/Seat_Pilot_Helmet/Seat_Pilot_Helmet
[LOG 09:33:05.755] Config(PROP) Squad/Props/PropsGeneric/SideStick/SideStick
[LOG 09:33:05.755] Config(PROP) Squad/Props/pullSwitch/prop/pullSwitch
[LOG 09:33:05.755] Config(PROP) Squad/Props/radarAltitude/prop/RadarAltimeter
[LOG 09:33:05.755] Config(PROP) Squad/Props/squareButton/prop/squareButton
[LOG 09:33:05.755] Config(PROP) Squad/Props/standingSwitch/prop/standingSwitch
[LOG 09:33:05.755] Config(PROP) Squad/Props/switch/prop/switch
[LOG 09:33:05.755] Config(PROP) Squad/Props/switchGuard/prop/switchGuard
[LOG 09:33:05.755] Config(PROP) Squad/Props/switchWithGuards/prop/switchWithGuards
[LOG 09:33:05.755] Config(PROP) Squad/Props/throttle/prop/throttle
[LOG 09:33:05.755] Config(PROP) Squad/Props/VSI/prop/VSI
[LOG 09:33:05.755] Config(SPACEOBJECTS_LIMITS) Squad/Resources/CometDefs/SPACEOBJECTS_LIMITS
[LOG 09:33:05.755] Config(COMET_MANAGER) Squad/Resources/CometDefs/COMET_MANAGER
[LOG 09:33:05.755] Config(COMET_ORBIT_TYPE) Squad/Resources/CometDefs/short
[LOG 09:33:05.755] Config(COMET_ORBIT_TYPE) Squad/Resources/CometDefs/intermediate
[LOG 09:33:05.755] Config(COMET_ORBIT_TYPE) Squad/Resources/CometDefs/long
[LOG 09:33:05.755] Config(COMET_ORBIT_TYPE) Squad/Resources/CometDefs/interstellar
[LOG 09:33:05.755] Config(FIREWORKFX_DEFINITION) Squad/Resources/FireworkFXDefinitions/classicTrail
[LOG 09:33:05.755] Config(FIREWORKFX_DEFINITION) Squad/Resources/FireworkFXDefinitions/whirlyTrail
[LOG 09:33:05.755] Config(FIREWORKFX_DEFINITION) Squad/Resources/FireworkFXDefinitions/strobeTrail
[LOG 09:33:05.755] Config(FIREWORKFX_DEFINITION) Squad/Resources/FireworkFXDefinitions/bareTrail
[LOG 09:33:05.755] Config(FIREWORKFX_DEFINITION) Squad/Resources/FireworkFXDefinitions/classicBurst
[LOG 09:33:05.755] Config(FIREWORKFX_DEFINITION) Squad/Resources/FireworkFXDefinitions/chrysBurst
[LOG 09:33:05.755] Config(FIREWORKFX_DEFINITION) Squad/Resources/FireworkFXDefinitions/palmBurst
[LOG 09:33:05.755] Config(FIREWORKFX_DEFINITION) Squad/Resources/FireworkFXDefinitions/ringBurst
[LOG 09:33:05.755] Config(FIREWORKFX_DEFINITION) Squad/Resources/FireworkFXDefinitions/crosetteBurst
[LOG 09:33:05.755] Config(FIREWORKFX_DEFINITION) Squad/Resources/FireworkFXDefinitions/willowBurst
[LOG 09:33:05.755] Config(FIREWORKFX_DEFINITION) Squad/Resources/FireworkFXDefinitions/crackeBurst
[LOG 09:33:05.755] Config(FIREWORKFX_DEFINITION) Squad/Resources/FireworkFXDefinitions/palmCrackleBurst
[LOG 09:33:05.755] Config(FIREWORKFX_DEFINITION) Squad/Resources/FireworkFXDefinitions/dragonBurst
[LOG 09:33:05.755] Config(GLOBAL_RESOURCE) Squad/Resources/Ore/GLOBAL_RESOURCE
[LOG 09:33:05.755] Config(PLANETARY_RESOURCE) Squad/Resources/Ore/PLANETARY_RESOURCE
[LOG 09:33:05.756] Config(PLANETARY_RESOURCE) Squad/Resources/Ore/PLANETARY_RESOURCE
[LOG 09:33:05.756] Config(RESOURCE_OVERLAY_CONFIGURATION_SOLID) Squad/Resources/Overlay/RESOURCE_OVERLAY_CONFIGURATION_SOLID
[LOG 09:33:05.756] Config(RESOURCE_OVERLAY_CONFIGURATION_LINES) Squad/Resources/Overlay/RESOURCE_OVERLAY_CONFIGURATION_LINES
[LOG 09:33:05.756] Config(RESOURCE_OVERLAY_CONFIGURATION_DOTS) Squad/Resources/Overlay/RESOURCE_OVERLAY_CONFIGURATION_DOTS
[LOG 09:33:05.756] Config(RESOURCE_CONFIGURATION) Squad/Resources/ResourceDefaults/RESOURCE_CONFIGURATION
[LOG 09:33:05.756] Config(RESOURCE_DEFINITION) Squad/Resources/ResourcesGeneric/LiquidFuel
[LOG 09:33:05.756] Config(RESOURCE_DEFINITION) Squad/Resources/ResourcesGeneric/Oxidizer
[LOG 09:33:05.756] Config(RESOURCE_DEFINITION) Squad/Resources/ResourcesGeneric/SolidFuel
[LOG 09:33:05.756] Config(RESOURCE_DEFINITION) Squad/Resources/ResourcesGeneric/MonoPropellant
[LOG 09:33:05.756] Config(RESOURCE_DEFINITION) Squad/Resources/ResourcesGeneric/XenonGas
[LOG 09:33:05.756] Config(RESOURCE_DEFINITION) Squad/Resources/ResourcesGeneric/ElectricCharge
[LOG 09:33:05.756] Config(RESOURCE_DEFINITION) Squad/Resources/ResourcesGeneric/IntakeAir
[LOG 09:33:05.756] Config(RESOURCE_DEFINITION) Squad/Resources/ResourcesGeneric/EVA Propellant
[LOG 09:33:05.756] Config(RESOURCE_DEFINITION) Squad/Resources/ResourcesGeneric/Ore
[LOG 09:33:05.756] Config(RESOURCE_DEFINITION) Squad/Resources/ResourcesGeneric/Ablator
[LOG 09:33:05.756] Config(EXPERIMENT_DEFINITION) Squad/Resources/ScienceDefs/EXPERIMENT_DEFINITION
[LOG 09:33:05.756] Config(EXPERIMENT_DEFINITION) Squad/Resources/ScienceDefs/EXPERIMENT_DEFINITION
[LOG 09:33:05.756] Config(EXPERIMENT_DEFINITION) Squad/Resources/ScienceDefs/EXPERIMENT_DEFINITION
[LOG 09:33:05.756] Config(EXPERIMENT_DEFINITION) Squad/Resources/ScienceDefs/EXPERIMENT_DEFINITION
[LOG 09:33:05.756] Config(EXPERIMENT_DEFINITION) Squad/Resources/ScienceDefs/EXPERIMENT_DEFINITION
[LOG 09:33:05.756] Config(EXPERIMENT_DEFINITION) Squad/Resources/ScienceDefs/EXPERIMENT_DEFINITION
[LOG 09:33:05.756] Config(EXPERIMENT_DEFINITION) Squad/Resources/ScienceDefs/EXPERIMENT_DEFINITION
[LOG 09:33:05.756] Config(EXPERIMENT_DEFINITION) Squad/Resources/ScienceDefs/EXPERIMENT_DEFINITION
[LOG 09:33:05.756] Config(EXPERIMENT_DEFINITION) Squad/Resources/ScienceDefs/EXPERIMENT_DEFINITION
[LOG 09:33:05.756] Config(EXPERIMENT_DEFINITION) Squad/Resources/ScienceDefs/EXPERIMENT_DEFINITION
[LOG 09:33:05.756] Config(EXPERIMENT_DEFINITION) Squad/Resources/ScienceDefs/EXPERIMENT_DEFINITION
[LOG 09:33:05.756] Config(EXPERIMENT_DEFINITION) Squad/Resources/ScienceDefs/EXPERIMENT_DEFINITION
[LOG 09:33:05.756] Config(EXPERIMENT_DEFINITION) Squad/Resources/ScienceDefs/EXPERIMENT_DEFINITION
[LOG 09:33:05.756] Config(EXPERIMENT_DEFINITION) Squad/Resources/ScienceDefs/EXPERIMENT_DEFINITION
[LOG 09:33:05.756] Config(EXPERIMENT_DEFINITION) Squad/Resources/ScienceDefs/EXPERIMENT_DEFINITION
[LOG 09:33:05.756] Config(EXPERIMENT_DEFINITION) Squad/Resources/ScienceDefs/EXPERIMENT_DEFINITION
[LOG 09:33:05.756] Config(EXPERIMENT_DEFINITION) Squad/Resources/ScienceDefs/EXPERIMENT_DEFINITION
[LOG 09:33:05.756] Config(EXPERIMENT_DEFINITION) Squad/Resources/ScienceDefs/EXPERIMENT_DEFINITION
[LOG 09:33:05.756] Config(STORY_DEF) Squad/Resources/StoryDefs/STORY_DEF
[LOG 09:33:05.756] Config(TechTree) Squad/Resources/TechTree/TechTree
[LOG 09:33:05.756] Config(INTERNAL) Squad/Spaces/crewCabinInternals/internal/crewCabinInternals
[LOG 09:33:05.756] Config(INTERNAL) Squad/Spaces/cupolaInternal/internal/cupolaInternal
[LOG 09:33:05.756] Config(INTERNAL) Squad/Spaces/GenericSpace1/internal/GenericSpace1
[LOG 09:33:05.756] Config(INTERNAL) Squad/Spaces/GenericSpace3/internal/GenericSpace3
[LOG 09:33:05.756] Config(INTERNAL) Squad/Spaces/landerCabinInternals/internal/landerCabinInternals
[LOG 09:33:05.756] Config(INTERNAL) Squad/Spaces/landerCabinSmallInternal/internal/landerCabinSmallInternal
[LOG 09:33:05.756] Config(INTERNAL) Squad/Spaces/LargeCrewedLabInternals/internal/Mobile_Processing_Lab_Int
[LOG 09:33:05.756] Config(INTERNAL) Squad/Spaces/Mk1-3/internal/Mk1-3
[LOG 09:33:05.756] Config(INTERNAL) Squad/Spaces/mk1CabinInternal/internal/mk1CabinInternal
[LOG 09:33:05.757] Config(INTERNAL) Squad/Spaces/mk1CockpitInternal/internal/mk1CockpitInternal
[LOG 09:33:05.757] Config(INTERNAL) Squad/Spaces/mk1InlineInternal/internal/mk1InlineInternal
[LOG 09:33:05.757] Config(INTERNAL) Squad/Spaces/mk1PodCockpit/internal/mk1PodCockpit
[LOG 09:33:05.757] Config(INTERNAL) Squad/Spaces/mk1pod_IVA/mk1pod_Internal/mk1pod_IVA
[LOG 09:33:05.757] Config(INTERNAL) Squad/Spaces/mk2CockpitStandardInternal/internal/mk2CockpitStandardInternals
[LOG 09:33:05.757] Config(INTERNAL) Squad/Spaces/Mk2CrewCabinInternal/internal_MK2_CrewCab/MK2_CrewCab_Int
[LOG 09:33:05.757] Config(INTERNAL) Squad/Spaces/mk2InlineInternal/internal/mk2InlineInternal
[LOG 09:33:05.757] Config(INTERNAL) Squad/Spaces/mk2LanderCanInternal/internal/mk2LanderCanInternal
[LOG 09:33:05.757] Config(INTERNAL) Squad/Spaces/MK3CockpitInternal/internal_MK3/MK3_Cockpit_Int
[LOG 09:33:05.757] Config(INTERNAL) Squad/Spaces/MK3_CrewCab_Int/internal_MK3_CrewCab/MK3_CrewCab_Int
[LOG 09:33:05.757] Config(INTERNAL) Squad/Spaces/Placeholder/internal/Placeholder
[LOG 09:33:05.757] Config(INTERNAL) Squad/Spaces/PodCockpit/internal/PodCockpit
[LOG 09:33:05.757] Config(STRATEGY_DEPARTMENT) Squad/Strategies/Departments/Finances
[LOG 09:33:05.757] Config(STRATEGY_DEPARTMENT) Squad/Strategies/Departments/Science
[LOG 09:33:05.757] Config(STRATEGY_DEPARTMENT) Squad/Strategies/Departments/Public Relations
[LOG 09:33:05.757] Config(STRATEGY_DEPARTMENT) Squad/Strategies/Departments/Operations
[LOG 09:33:05.757] Config(STRATEGY) Squad/Strategies/Strategies/AppreciationCampaignCfg
[LOG 09:33:05.757] Config(STRATEGY) Squad/Strategies/Strategies/FundraisingCampaignCfg
[LOG 09:33:05.757] Config(STRATEGY) Squad/Strategies/Strategies/OpenSourceTechProgramCfg
[LOG 09:33:05.757] Config(STRATEGY) Squad/Strategies/Strategies/UnpaidResearchProgramCfg
[LOG 09:33:05.757] Config(STRATEGY) Squad/Strategies/Strategies/OutsourcedResearchCfg
[LOG 09:33:05.757] Config(STRATEGY) Squad/Strategies/Strategies/PatentsLicensingCfg
[LOG 09:33:05.757] Config(STRATEGY) Squad/Strategies/Strategies/AgressiveNegotiations
[LOG 09:33:05.757] Config(STRATEGY) Squad/Strategies/Strategies/RecoveryTransponders
[LOG 09:33:05.757] Config(STRATEGY) Squad/Strategies/Strategies/BailoutGrant
[LOG 09:33:05.757] Config(STRATEGY) Squad/Strategies/Strategies/researchIPsellout
[LOG 09:33:05.757] Config(STRATEGY) Squad/Strategies/Strategies/LeadershipInitiative
[LOG 09:33:05.757] Config(TUTORIAL) Squad/Tutorials/FlightSuborbital/FlightSuborbital
[LOG 09:33:05.757] Config(TUTORIAL) Squad/Tutorials/FromMun/FromMun
[LOG 09:33:05.757] Config(TUTORIAL) Squad/Tutorials/GoForOrbit/GoForOrbit
[LOG 09:33:05.757] Config(MISSIONPACK) SquadExpansion/MakingHistory/Missions/MissionPacks/squad_MakingHistory
[LOG 09:33:05.757] Config(MISSIONPACK) SquadExpansion/MakingHistory/Missions/MissionPacks/squad_MakingHistory_Other
[LOG 09:33:05.757] Config(MISSIONPACK) SquadExpansion/MakingHistory/Missions/MissionPacks/squad_MakingHistory_Tutorial
[LOG 09:33:05.757] Config(MEBASICNODE) SquadExpansion/MakingHistory/Nodes/AccuracyLogic/TestAccuracyLogic
[LOG 09:33:05.757] Config(MEBASICNODE) SquadExpansion/MakingHistory/Nodes/ActionChancePartResourceLevels/ActionPartResourceAmount
[LOG 09:33:05.757] Config(MEBASICNODE) SquadExpansion/MakingHistory/Nodes/ActionExplode/ActionVesselExplode
[LOG 09:33:05.757] Config(MEBASICNODE) SquadExpansion/MakingHistory/Nodes/ActionMissionScore/MissionScore
[LOG 09:33:05.757] Config(MEBASICNODE) SquadExpansion/MakingHistory/Nodes/ActionModifierFunds/ModifyFunds
[LOG 09:33:05.757] Config(MEBASICNODE) SquadExpansion/MakingHistory/Nodes/ActionModifierScore/MissionScore
[LOG 09:33:05.757] Config(MEBASICNODE) SquadExpansion/MakingHistory/Nodes/ActionPartExplode/ActionPartExplode
[LOG 09:33:05.757] Config(MEBASICNODE) SquadExpansion/MakingHistory/Nodes/ActionPartResourceDrain/ActionPartResourceDrain
[LOG 09:33:05.757] Config(MEBASICNODE) SquadExpansion/MakingHistory/Nodes/ActionVesselActionGroup/ActionVesselActionGroup
[LOG 09:33:05.757] Config(MEBASICNODE) SquadExpansion/MakingHistory/Nodes/ActionVesselStage/ActionVesselStage
[LOG 09:33:05.757] Config(MEBASICNODE) SquadExpansion/MakingHistory/Nodes/CreateAsteroid/CreateAsteroid
[LOG 09:33:05.757] Config(MEBASICNODE) SquadExpansion/MakingHistory/Nodes/CreateComet/CreateComet
[LOG 09:33:05.757] Config(MEBASICNODE) SquadExpansion/MakingHistory/Nodes/CreateFlag/CreateFlag
[LOG 09:33:05.758] Config(MEBASICNODE) SquadExpansion/MakingHistory/Nodes/CreateLaunchSite/CreateLaunchSite
[LOG 09:33:05.758] Config(MEBASICNODE) SquadExpansion/MakingHistory/Nodes/CreateVessel/CreateVessel
[LOG 09:33:05.758] Config(MEBASICNODE) SquadExpansion/MakingHistory/Nodes/CrewAssignment/TestCrewAssignment
[LOG 09:33:05.758] Config(MEBASICNODE) SquadExpansion/MakingHistory/Nodes/Destroyed/Crashed
[LOG 09:33:05.758] Config(MEBASICNODE) SquadExpansion/MakingHistory/Nodes/DialogMessage/DialogMessage
[LOG 09:33:05.758] Config(MEBASICNODE) SquadExpansion/MakingHistory/Nodes/Distance/Distance
[LOG 09:33:05.758] Config(MEBASICNODE) SquadExpansion/MakingHistory/Nodes/EmptyFalse/EmptyFalse
[LOG 09:33:05.758] Config(MEBASICNODE) SquadExpansion/MakingHistory/Nodes/EmptyTrue/EmptyTrue
[LOG 09:33:05.758] Config(MEBASICNODE) SquadExpansion/MakingHistory/Nodes/EscapeSOI/SOILeft
[LOG 09:33:05.758] Config(MEBASICNODE) SquadExpansion/MakingHistory/Nodes/EVA/EVA
[LOG 09:33:05.758] Config(MEBASICNODE) SquadExpansion/MakingHistory/Nodes/Flying/Flying
[LOG 09:33:05.758] Config(MEBASICNODE) SquadExpansion/MakingHistory/Nodes/FundsRecovery/FundsRecovery
[LOG 09:33:05.758] Config(MEBASICNODE) SquadExpansion/MakingHistory/Nodes/KerbalBoarded/TestKerbalBoarded
[LOG 09:33:05.758] Config(MEBASICNODE) SquadExpansion/MakingHistory/Nodes/KerbalKilled/EVA
[LOG 09:33:05.758] Config(MEBASICNODE) SquadExpansion/MakingHistory/Nodes/KerbalRecovery/KerbalRecovery
[LOG 09:33:05.758] Config(MEBASICNODE) SquadExpansion/MakingHistory/Nodes/KerbalRescue/KerbalRescue
[LOG 09:33:05.758] Config(MEBASICNODE) SquadExpansion/MakingHistory/Nodes/Landed/Landed
[LOG 09:33:05.758] Config(MEBASICNODE) SquadExpansion/MakingHistory/Nodes/Message/Message
[LOG 09:33:05.758] Config(MEBASICNODE) SquadExpansion/MakingHistory/Nodes/MissionFunds/MissionFunds
[LOG 09:33:05.758] Config(MEBASICNODE) SquadExpansion/MakingHistory/Nodes/MissionScore/MissionScore
[LOG 09:33:05.758] Config(MEBASICNODE) SquadExpansion/MakingHistory/Nodes/Orbit/Orbit
[LOG 09:33:05.758] Config(MEBASICNODE) SquadExpansion/MakingHistory/Nodes/OrbitParams/OrbitParams
[LOG 09:33:05.758] Config(MEBASICNODE) SquadExpansion/MakingHistory/Nodes/PartDocking/TestPartDocking
[LOG 09:33:05.758] Config(MEBASICNODE) SquadExpansion/MakingHistory/Nodes/PartFailure/PartFailure
[LOG 09:33:05.758] Config(MEBASICNODE) SquadExpansion/MakingHistory/Nodes/PartGrapple/TestGrapple
[LOG 09:33:05.758] Config(MEBASICNODE) SquadExpansion/MakingHistory/Nodes/PartRepair/PartRepair
[LOG 09:33:05.758] Config(MEBASICNODE) SquadExpansion/MakingHistory/Nodes/PlaceKerbal/CreateKerbal
[LOG 09:33:05.758] Config(MEBASICNODE) SquadExpansion/MakingHistory/Nodes/PlantFlag/PlantFlag
[LOG 09:33:05.758] Config(MEBASICNODE) SquadExpansion/MakingHistory/Nodes/ReachSOI/ReachSOI
[LOG 09:33:05.758] Config(MEBASICNODE) SquadExpansion/MakingHistory/Nodes/Resource/ResourceAmount
[LOG 09:33:05.758] Config(MEBASICNODE) SquadExpansion/MakingHistory/Nodes/ResourceRecovery/TestResourcesRecovery
[LOG 09:33:05.758] Config(MEBASICNODE) SquadExpansion/MakingHistory/Nodes/ScienceExperiment/ScienceExperiment
[LOG 09:33:05.758] Config(MEBASICNODE) SquadExpansion/MakingHistory/Nodes/SetCamera/SetCamera
[LOG 09:33:05.758] Config(MEBASICNODE) SquadExpansion/MakingHistory/Nodes/SplashDown/SplashDown
[LOG 09:33:05.758] Config(MEBASICNODE) SquadExpansion/MakingHistory/Nodes/StageActivated/TestVesselStageActivated
[LOG 09:33:05.758] Config(MEBASICNODE) SquadExpansion/MakingHistory/Nodes/TakeKerbal/TestTakeKerbal
[LOG 09:33:05.758] Config(MEBASICNODE) SquadExpansion/MakingHistory/Nodes/TestFlyThrough/TestFlyThrough
[LOG 09:33:05.758] Config(MEBASICNODE) SquadExpansion/MakingHistory/Nodes/TestGoTo/TestGoTo
[LOG 09:33:05.758] Config(MEBASICNODE) SquadExpansion/MakingHistory/Nodes/TimeMET/TimeMET
[LOG 09:33:05.758] Config(MEBASICNODE) SquadExpansion/MakingHistory/Nodes/TimeOfMission/TimeOfMission
[LOG 09:33:05.758] Config(MEBASICNODE) SquadExpansion/MakingHistory/Nodes/TimeSinceNode/TestTimeSinceNode
[LOG 09:33:05.758] Config(MEBASICNODE) SquadExpansion/MakingHistory/Nodes/VesselActiveCount/TestVesselActiveCount
[LOG 09:33:05.758] Config(MEBASICNODE) SquadExpansion/MakingHistory/Nodes/VesselAltitudeGoal/VesselAltitudeGoal
[LOG 09:33:05.758] Config(MEBASICNODE) SquadExpansion/MakingHistory/Nodes/VesselCrewCount/VeselCrewCount
[LOG 09:33:05.758] Config(MEBASICNODE) SquadExpansion/MakingHistory/Nodes/VesselMassLogic/VesselMass
[LOG 09:33:05.758] Config(MEBASICNODE) SquadExpansion/MakingHistory/Nodes/VesselPartCount/PartCount
[LOG 09:33:05.759] Config(MEBASICNODE) SquadExpansion/MakingHistory/Nodes/VesselRecovery/TestVesselRecovery
[LOG 09:33:05.759] Config(MEBASICNODE) SquadExpansion/MakingHistory/Nodes/VesselStage/TestVesselStage
[LOG 09:33:05.759] Config(MEBASICNODE) SquadExpansion/MakingHistory/Nodes/VesselVelocity/VesselVelocity
[LOG 09:33:05.759] Config(PART) SquadExpansion/MakingHistory/Parts/Aero/protectiveRocketNoseMk16/rocketNoseCone_size4/rocketNoseConeSize4
[LOG 09:33:05.759] Config(PART) SquadExpansion/MakingHistory/Parts/Aero/protectiveRocketNoseMk5A/Size_1_5_Cone/Size_1_5_Cone
[LOG 09:33:05.759] Config(PART) SquadExpansion/MakingHistory/Parts/Coupling/Decoupler_1p5/Decoupler_1p5
[LOG 09:33:05.759] Config(PART) SquadExpansion/MakingHistory/Parts/Coupling/Decoupler_4/Decoupler_4
[LOG 09:33:05.759] Config(PART) SquadExpansion/MakingHistory/Parts/Coupling/EnginePlate_1p5/EnginePlate1p5
[LOG 09:33:05.759] Config(PART) SquadExpansion/MakingHistory/Parts/Coupling/EnginePlate_2/EnginePlate2
[LOG 09:33:05.759] Config(PART) SquadExpansion/MakingHistory/Parts/Coupling/EnginePlate_3/EnginePlate3
[LOG 09:33:05.759] Config(PART) SquadExpansion/MakingHistory/Parts/Coupling/EnginePlate_4/EnginePlate4
[LOG 09:33:05.759] Config(PART) SquadExpansion/MakingHistory/Parts/Coupling/EnginePlate_5/EnginePlate5
[LOG 09:33:05.759] Config(PART) SquadExpansion/MakingHistory/Parts/Coupling/InflatableAirlock/InflatableAirlock
[LOG 09:33:05.759] Config(PART) SquadExpansion/MakingHistory/Parts/Coupling/Separator_1p5/Separator_1p5
[LOG 09:33:05.759] Config(PART) SquadExpansion/MakingHistory/Parts/Coupling/Separator_4/Separator_4
[LOG 09:33:05.759] Config(PART) SquadExpansion/MakingHistory/Parts/Coupling/Size1p5_Strut_Decoupler/Size1p5_Strut_Decoupler
[LOG 09:33:05.759] Config(PART) SquadExpansion/MakingHistory/Parts/Engine/LiquidEngineKE-1/LiquidEngineKE-1
[LOG 09:33:05.759] Config(PART) SquadExpansion/MakingHistory/Parts/Engine/LiquidEngineLV-T91/LiquidEngineLV-T91
[LOG 09:33:05.759] Config(PART) SquadExpansion/MakingHistory/Parts/Engine/LiquidEngineLV-TX87/LiquidEngineLV-TX87
[LOG 09:33:05.759] Config(PART) SquadExpansion/MakingHistory/Parts/Engine/LiquidEngineRE-I2/LiquidEngineRE-I2
[LOG 09:33:05.759] Config(PART) SquadExpansion/MakingHistory/Parts/Engine/LiquidEngineRE-J10/LiquidEngineRE-J10
[LOG 09:33:05.759] Config(PART) SquadExpansion/MakingHistory/Parts/Engine/LiquidEngineRK-7/LiquidEngineRK-7
[LOG 09:33:05.759] Config(PART) SquadExpansion/MakingHistory/Parts/Engine/LiquidEngineRV-1/LiquidEngineRV-1
[LOG 09:33:05.759] Config(PART) SquadExpansion/MakingHistory/Parts/Engine/solidBoosterTHK/solidBoosterTHK/Pollux
[LOG 09:33:05.759] Config(PART) SquadExpansion/MakingHistory/Parts/FuelTank/MonoPropMini/monopropMiniSphere
[LOG 09:33:05.759] Config(PART) SquadExpansion/MakingHistory/Parts/FuelTank/Size1p5_Monoprop/Size1p5_Monoprop
[LOG 09:33:05.759] Config(PART) SquadExpansion/MakingHistory/Parts/FuelTank/Size1p5_Size0_Adapter_01/Size1p5_Size0_Adapter_01
[LOG 09:33:05.759] Config(PART) SquadExpansion/MakingHistory/Parts/FuelTank/Size1p5_Size1_Adapter_01/Size1p5_Size1_Adapter_01
[LOG 09:33:05.759] Config(PART) SquadExpansion/MakingHistory/Parts/FuelTank/Size1p5_Size1_Adapter_02/Size1p5_Size1_Adapter_02
[LOG 09:33:05.759] Config(PART) SquadExpansion/MakingHistory/Parts/FuelTank/Size1p5_Size2_Adapter_01/Size1p5_Size2_Adapter_01
[LOG 09:33:05.759] Config(PART) SquadExpansion/MakingHistory/Parts/FuelTank/Size1p5_Tank_01/Size1p5_Tank_01
[LOG 09:33:05.759] Config(PART) SquadExpansion/MakingHistory/Parts/FuelTank/Size1p5_Tank_02/Size1p5_Tank_02
[LOG 09:33:05.759] Config(PART) SquadExpansion/MakingHistory/Parts/FuelTank/Size1p5_Tank_03/Size1p5_Tank_03
[LOG 09:33:05.759] Config(PART) SquadExpansion/MakingHistory/Parts/FuelTank/Size1p5_Tank_04/Size1p5_Tank_04
[LOG 09:33:05.759] Config(PART) SquadExpansion/MakingHistory/Parts/FuelTank/Size1p5_Tank_05/Size1p5_Tank_05
[LOG 09:33:05.759] Config(PART) SquadExpansion/MakingHistory/Parts/FuelTank/Size3_Size4_Adapter_01/Size3_Size4_Adapter_01
[LOG 09:33:05.759] Config(PART) SquadExpansion/MakingHistory/Parts/FuelTank/Size4_EngineAdapter_01/Size4_EngineAdapter_01
[LOG 09:33:05.759] Config(PART) SquadExpansion/MakingHistory/Parts/FuelTank/Size4_Tank_01/Size4_Tank_01
[LOG 09:33:05.759] Config(PART) SquadExpansion/MakingHistory/Parts/FuelTank/Size4_Tank_02/Size4_Tank_02
[LOG 09:33:05.760] Config(PART) SquadExpansion/MakingHistory/Parts/FuelTank/Size4_Tank_03/Size4_Tank_03
[LOG 09:33:05.760] Config(PART) SquadExpansion/MakingHistory/Parts/FuelTank/Size4_Tank_04/Size4_Tank_04
[LOG 09:33:05.760] Config(PART) SquadExpansion/MakingHistory/Parts/Ground/RoverWheel/roverWheelM1-F
[LOG 09:33:05.760] Config(PART) SquadExpansion/MakingHistory/Parts/Payload/fairingSize1p5/fairingSize1p5
[LOG 09:33:05.760] Config(PART) SquadExpansion/MakingHistory/Parts/Payload/fairingSize4/fairingSize4
[LOG 09:33:05.760] Config(PART) SquadExpansion/MakingHistory/Parts/Payload/Size1to0ServiceModule/Size1to0ServiceModule
[LOG 09:33:05.760] Config(PART) SquadExpansion/MakingHistory/Parts/Payload/SM18/ServiceModule18
[LOG 09:33:05.760] Config(PART) SquadExpansion/MakingHistory/Parts/Payload/SM25/ServiceModule25
[LOG 09:33:05.760] Config(PART) SquadExpansion/MakingHistory/Parts/Pods/KV1Pod/kv1Pod
[LOG 09:33:05.760] Config(PART) SquadExpansion/MakingHistory/Parts/Pods/KV2Pod/kv2Pod
[LOG 09:33:05.760] Config(PART) SquadExpansion/MakingHistory/Parts/Pods/KV3Pod/kv3Pod
[LOG 09:33:05.760] Config(PART) SquadExpansion/MakingHistory/Parts/Pods/Mk2Pod/Mk2Pod
[LOG 09:33:05.760] Config(PART) SquadExpansion/MakingHistory/Parts/Pods/Size1_5_Lander/MEMLander
[LOG 09:33:05.760] Config(PART) SquadExpansion/MakingHistory/Parts/Prebuilt/kerbalEVAfemaleVintage/kerbalEVAfemaleVintage
[LOG 09:33:05.760] Config(PART) SquadExpansion/MakingHistory/Parts/Prebuilt/kerbalEVAVintage/kerbalEVAVintage
[LOG 09:33:05.760] Config(PART) SquadExpansion/MakingHistory/Parts/Structural/EquiTriangle0/EquiTriangle0
[LOG 09:33:05.760] Config(PART) SquadExpansion/MakingHistory/Parts/Structural/EquiTriangle1/EquiTriangle1
[LOG 09:33:05.760] Config(PART) SquadExpansion/MakingHistory/Parts/Structural/EquiTriangle1p5/EquiTriangle1p5
[LOG 09:33:05.760] Config(PART) SquadExpansion/MakingHistory/Parts/Structural/EquiTriangle2/EquiTriangle2
[LOG 09:33:05.760] Config(PART) SquadExpansion/MakingHistory/Parts/Structural/Panel0/Panel0
[LOG 09:33:05.760] Config(PART) SquadExpansion/MakingHistory/Parts/Structural/Panel1/Panel1
[LOG 09:33:05.760] Config(PART) SquadExpansion/MakingHistory/Parts/Structural/Panel1p5/Panel1p5
[LOG 09:33:05.760] Config(PART) SquadExpansion/MakingHistory/Parts/Structural/Panel2/Panel2
[LOG 09:33:05.760] Config(PART) SquadExpansion/MakingHistory/Parts/Structural/Triangle0/Triangle0
[LOG 09:33:05.760] Config(PART) SquadExpansion/MakingHistory/Parts/Structural/Triangle1/Triangle1
[LOG 09:33:05.760] Config(PART) SquadExpansion/MakingHistory/Parts/Structural/Triangle1p5/Triangle1p5
[LOG 09:33:05.760] Config(PART) SquadExpansion/MakingHistory/Parts/Structural/Triangle2/Triangle2
[LOG 09:33:05.760] Config(PART) SquadExpansion/MakingHistory/Parts/Structural/Tube1/Tube1
[LOG 09:33:05.760] Config(PART) SquadExpansion/MakingHistory/Parts/Structural/Tube1p5/Tube1p5
[LOG 09:33:05.760] Config(PART) SquadExpansion/MakingHistory/Parts/Structural/Tube2/Tube2
[LOG 09:33:05.760] Config(PART) SquadExpansion/MakingHistory/Parts/Structural/Tube3/Tube3
[LOG 09:33:05.760] Config(PART) SquadExpansion/MakingHistory/Parts/Structural/Tube4/Tube4
[LOG 09:33:05.760] Config(PART) SquadExpansion/MakingHistory/Parts/Thermal/HeatShield1p5/HeatShield1p5
[LOG 09:33:05.760] Config(PART) SquadExpansion/MakingHistory/Parts/Utility/flags/flagSize1p5/flagSize1p5/flagPartSize1p5
[LOG 09:33:05.760] Config(PART) SquadExpansion/MakingHistory/Parts/Utility/flags/flagSize4/flagSize4/flagPartSize4
[LOG 09:33:05.760] Config(INTERNAL) SquadExpansion/MakingHistory/Spaces/KVPods/Airlock_Internal/Airlock_IVA
[LOG 09:33:05.760] Config(INTERNAL) SquadExpansion/MakingHistory/Spaces/KVPods/KV1_Internal/KV1_IVA
[LOG 09:33:05.760] Config(INTERNAL) SquadExpansion/MakingHistory/Spaces/KVPods/KV2_Internal/KV2_IVA
[LOG 09:33:05.760] Config(INTERNAL) SquadExpansion/MakingHistory/Spaces/KVPods/KV3_Internal/KV3_IVA
[LOG 09:33:05.760] Config(INTERNAL) SquadExpansion/MakingHistory/Spaces/MEM/MEM_IVA/MEM_IVA
[LOG 09:33:05.760] Config(INTERNAL) SquadExpansion/MakingHistory/Spaces/Mk2Pod/Mk2Pod_Internal/MK2POD_IVA
[LOG 09:33:05.761] Config(Contracts) SquadExpansion/Serenity/Contracts/contracts/Contracts
[LOG 09:33:05.761] Config(EXPERIENCE_TRAIT) SquadExpansion/Serenity/Experience/Traits/Engineer
[LOG 09:33:05.761] Config(EXPERIENCE_TRAIT) SquadExpansion/Serenity/Experience/Traits/Scientist
[LOG 09:33:05.761] Config(Localization) SquadExpansion/Serenity/Localization/dictionary/Localization
[LOG 09:33:05.761] Config(PART) SquadExpansion/Serenity/Parts/Aero/FanShroud_01/FanShroud_01
[LOG 09:33:05.761] Config(PART) SquadExpansion/Serenity/Parts/Aero/FanShroud_02/FanShroud_02
[LOG 09:33:05.761] Config(PART) SquadExpansion/Serenity/Parts/Aero/FanShroud_03/FanShroud_03
[LOG 09:33:05.761] Config(PART) SquadExpansion/Serenity/Parts/Aero/noseconeTiny/noseconeTiny
[LOG 09:33:05.761] Config(PART) SquadExpansion/Serenity/Parts/Aero/noseconeVS/noseconeVS
[LOG 09:33:05.761] Config(PART) SquadExpansion/Serenity/Parts/DeployedScience/centralStation/DeployedCentralStation
[LOG 09:33:05.761] Config(PART) SquadExpansion/Serenity/Parts/DeployedScience/gooObservation/DeployedGoExOb
[LOG 09:33:05.761] Config(PART) SquadExpansion/Serenity/Parts/DeployedScience/ionCollector/DeployedIONExp
[LOG 09:33:05.761] Config(PART) SquadExpansion/Serenity/Parts/DeployedScience/rtg/DeployedRTG
[LOG 09:33:05.761] Config(PART) SquadExpansion/Serenity/Parts/DeployedScience/satDish/DeployedSatDish
[LOG 09:33:05.761] Config(PART) SquadExpansion/Serenity/Parts/DeployedScience/seismicSensor/DeployedSeismicSensor
[LOG 09:33:05.761] Config(PART) SquadExpansion/Serenity/Parts/DeployedScience/solarPanel/DeployedSolarPanel
[LOG 09:33:05.761] Config(PART) SquadExpansion/Serenity/Parts/DeployedScience/weatherStation/DeployedWeatherStn
[LOG 09:33:05.761] Config(PART) SquadExpansion/Serenity/Parts/Prebuilt/kerbalEVA/kerbalEVA
[LOG 09:33:05.761] Config(PART) SquadExpansion/Serenity/Parts/Prebuilt/kerbalEVAfemale/kerbalEVAfemale
[LOG 09:33:05.761] Config(PART) SquadExpansion/Serenity/Parts/Prebuilt/kerbalEVAfemaleFuture/kerbalEVAfemaleFuture
[LOG 09:33:05.761] Config(PART) SquadExpansion/Serenity/Parts/Prebuilt/kerbalEVAfemaleVintage/kerbalEVAfemaleVintage
[LOG 09:33:05.761] Config(PART) SquadExpansion/Serenity/Parts/Prebuilt/kerbalEVAFuture/kerbalEVAFuture
[LOG 09:33:05.761] Config(PART) SquadExpansion/Serenity/Parts/Prebuilt/kerbalEVASlimSuit/kerbalEVASlimSuit
[LOG 09:33:05.761] Config(PART) SquadExpansion/Serenity/Parts/Prebuilt/kerbalEVASlimSuitFemale/kerbalEVASlimSuitFemale
[LOG 09:33:05.761] Config(PART) SquadExpansion/Serenity/Parts/Prebuilt/kerbalEVAVintage/kerbalEVAVintage
[LOG 09:33:05.761] Config(PART) SquadExpansion/Serenity/Parts/Propellers/largeFanBlade/largeFanBlade
[LOG 09:33:05.761] Config(PART) SquadExpansion/Serenity/Parts/Propellers/largeHeliBlade/largeHeliBlade
[LOG 09:33:05.761] Config(PART) SquadExpansion/Serenity/Parts/Propellers/largePropeller/largePropeller
[LOG 09:33:05.761] Config(PART) SquadExpansion/Serenity/Parts/Propellers/mediumFanBlade/mediumFanBlade
[LOG 09:33:05.761] Config(PART) SquadExpansion/Serenity/Parts/Propellers/mediumHeliBlade/mediumHeliBlade
[LOG 09:33:05.761] Config(PART) SquadExpansion/Serenity/Parts/Propellers/mediumPropeller/mediumPropeller
[LOG 09:33:05.761] Config(PART) SquadExpansion/Serenity/Parts/Propellers/smallFanBlade/smallFanBlade
[LOG 09:33:05.761] Config(PART) SquadExpansion/Serenity/Parts/Propellers/smallHeliBlade/smallHeliBlade
[LOG 09:33:05.761] Config(PART) SquadExpansion/Serenity/Parts/Propellers/smallPropeller/smallPropeller
[LOG 09:33:05.761] Config(PART) SquadExpansion/Serenity/Parts/Robotics/hinge_01/hinge_01
[LOG 09:33:05.761] Config(PART) SquadExpansion/Serenity/Parts/Robotics/hinge_01_s/hinge_01_s
[LOG 09:33:05.761] Config(PART) SquadExpansion/Serenity/Parts/Robotics/hinge_03/hinge_03
[LOG 09:33:05.761] Config(PART) SquadExpansion/Serenity/Parts/Robotics/hinge_03_s/hinge_03_s
[LOG 09:33:05.761] Config(PART) SquadExpansion/Serenity/Parts/Robotics/hinge_04/hinge_04
[LOG 09:33:05.761] Config(PART) SquadExpansion/Serenity/Parts/Robotics/piston_01/piston_01
[LOG 09:33:05.761] Config(PART) SquadExpansion/Serenity/Parts/Robotics/piston_02/piston_02
[LOG 09:33:05.761] Config(PART) SquadExpansion/Serenity/Parts/Robotics/piston_03/piston_03
[LOG 09:33:05.762] Config(PART) SquadExpansion/Serenity/Parts/Robotics/piston_04/piston_04
[LOG 09:33:05.762] Config(PART) SquadExpansion/Serenity/Parts/Robotics/RotorEngine_02/RotorEngine_02
[LOG 09:33:05.762] Config(PART) SquadExpansion/Serenity/Parts/Robotics/RotorEngine_03/RotorEngine_03
[LOG 09:33:05.762] Config(PART) SquadExpansion/Serenity/Parts/Robotics/rotor_01/rotor_01
[LOG 09:33:05.762] Config(PART) SquadExpansion/Serenity/Parts/Robotics/rotor_01s/rotor_01s
[LOG 09:33:05.762] Config(PART) SquadExpansion/Serenity/Parts/Robotics/rotor_02/rotor_02
[LOG 09:33:05.762] Config(PART) SquadExpansion/Serenity/Parts/Robotics/rotor_02s/rotor_02s
[LOG 09:33:05.762] Config(PART) SquadExpansion/Serenity/Parts/Robotics/rotor_03/rotor_03
[LOG 09:33:05.762] Config(PART) SquadExpansion/Serenity/Parts/Robotics/rotor_03s/rotor_03s
[LOG 09:33:05.762] Config(PART) SquadExpansion/Serenity/Parts/Robotics/rotoServo_00/rotoServo_00
[LOG 09:33:05.762] Config(PART) SquadExpansion/Serenity/Parts/Robotics/rotoServo_02/rotoServo_02
[LOG 09:33:05.762] Config(PART) SquadExpansion/Serenity/Parts/Robotics/rotoServo_03/rotoServo_03
[LOG 09:33:05.762] Config(PART) SquadExpansion/Serenity/Parts/Robotics/rotoServo_04/rotoServo_04
[LOG 09:33:05.762] Config(PART) SquadExpansion/Serenity/Parts/Robotics/Controllers/KAL1000/controller1000
[LOG 09:33:05.762] Config(PART) SquadExpansion/Serenity/Parts/Science/RobotArmScanner/RobotArmScanner_S1/RobotArmScanner_S1
[LOG 09:33:05.762] Config(PART) SquadExpansion/Serenity/Parts/Science/RobotArmScanner/RobotArmScanner_S2/RobotArmScanner_S2
[LOG 09:33:05.762] Config(PART) SquadExpansion/Serenity/Parts/Science/RobotArmScanner/RobotArmScanner_S3/RobotArmScanner_S3
[LOG 09:33:05.762] Config(PART) SquadExpansion/Serenity/Parts/Structural/gripPads/lGripPad/lGripPad
[LOG 09:33:05.762] Config(PART) SquadExpansion/Serenity/Parts/Structural/gripPads/lGripStrip/lGripStrip
[LOG 09:33:05.762] Config(PART) SquadExpansion/Serenity/Parts/Structural/gripPads/mGripPad/mGripPad
[LOG 09:33:05.762] Config(PART) SquadExpansion/Serenity/Parts/Structural/gripPads/sGripPad/sGripPad
[LOG 09:33:05.762] Config(PART) SquadExpansion/Serenity/Parts/Structural/gripPads/sGripStrip/sGripStrip
[LOG 09:33:05.762] Config(DEPLOYEDSCIENCE) SquadExpansion/Serenity/Resources/DeployedScience/DEPLOYEDSCIENCE
[LOG 09:33:05.762] Config(PHYSICMATERIAL_DEFINITION) SquadExpansion/Serenity/Resources/PhysicsMaterials/MediumGrip
[LOG 09:33:05.762] Config(PHYSICMATERIAL_DEFINITION) SquadExpansion/Serenity/Resources/PhysicsMaterials/HighGrip
[LOG 09:33:05.762] Config(PHYSICMATERIAL_DEFINITION) SquadExpansion/Serenity/Resources/PhysicsMaterials/ExtremeGrip
[LOG 09:33:05.762] Config(PHYSICMATERIAL_DEFINITION) SquadExpansion/Serenity/Resources/PhysicsMaterials/LowGrip
[LOG 09:33:05.762] Config(PHYSICMATERIAL_DEFINITION) SquadExpansion/Serenity/Resources/PhysicsMaterials/Default
[LOG 09:33:05.762] Config(ROC_DEFINITION) SquadExpansion/Serenity/Resources/rocsdef/ROC_DEFINITION
[LOG 09:33:05.762] Config(ROC_DEFINITION) SquadExpansion/Serenity/Resources/rocsdef/ROC_DEFINITION
[LOG 09:33:05.762] Config(ROC_DEFINITION) SquadExpansion/Serenity/Resources/rocsdef/ROC_DEFINITION
[LOG 09:33:05.762] Config(ROC_DEFINITION) SquadExpansion/Serenity/Resources/rocsdef/ROC_DEFINITION
[LOG 09:33:05.762] Config(ROC_DEFINITION) SquadExpansion/Serenity/Resources/rocsdef/ROC_DEFINITION
[LOG 09:33:05.762] Config(ROC_DEFINITION) SquadExpansion/Serenity/Resources/rocsdef/ROC_DEFINITION
[LOG 09:33:05.762] Config(ROC_DEFINITION) SquadExpansion/Serenity/Resources/rocsdef/ROC_DEFINITION
[LOG 09:33:05.762] Config(ROC_DEFINITION) SquadExpansion/Serenity/Resources/rocsdef/ROC_DEFINITION
[LOG 09:33:05.762] Config(ROC_DEFINITION) SquadExpansion/Serenity/Resources/rocsdef/ROC_DEFINITION
[LOG 09:33:05.762] Config(ROC_DEFINITION) SquadExpansion/Serenity/Resources/rocsdef/ROC_DEFINITION
[LOG 09:33:05.762] Config(ROC_DEFINITION) SquadExpansion/Serenity/Resources/rocsdef/ROC_DEFINITION
[LOG 09:33:05.762] Config(ROC_DEFINITION) SquadExpansion/Serenity/Resources/rocsdef/ROC_DEFINITION
[LOG 09:33:05.762] Config(ROC_DEFINITION) SquadExpansion/Serenity/Resources/rocsdef/ROC_DEFINITION
[LOG 09:33:05.762] Config(ROC_DEFINITION) SquadExpansion/Serenity/Resources/rocsdef/ROC_DEFINITION
[LOG 09:33:05.762] Config(ROC_DEFINITION) SquadExpansion/Serenity/Resources/rocsdef/ROC_DEFINITION
[LOG 09:33:05.762] Config(ROC_DEFINITION) SquadExpansion/Serenity/Resources/rocsdef/ROC_DEFINITION
[LOG 09:33:05.763] Config(ROC_DEFINITION) SquadExpansion/Serenity/Resources/rocsdef/ROC_DEFINITION
[LOG 09:33:05.763] Config(ROC_DEFINITION) SquadExpansion/Serenity/Resources/rocsdef/ROC_DEFINITION
[LOG 09:33:05.763] Config(ROC_DEFINITION) SquadExpansion/Serenity/Resources/rocsdef/ROC_DEFINITION
[LOG 09:33:05.763] Config(ROC_DEFINITION) SquadExpansion/Serenity/Resources/rocsdef/ROC_DEFINITION
[LOG 09:33:05.763] Config(ROC_DEFINITION) SquadExpansion/Serenity/Resources/rocsdef/ROC_DEFINITION
[LOG 09:33:05.763] Config(ROC_DEFINITION) SquadExpansion/Serenity/Resources/rocsdef/ROC_DEFINITION
[LOG 09:33:05.763] Config(ROC_DEFINITION) SquadExpansion/Serenity/Resources/rocsdef/ROC_DEFINITION
[LOG 09:33:05.763] Config(ROC_DEFINITION) SquadExpansion/Serenity/Resources/rocsdef/ROC_DEFINITION
[LOG 09:33:05.763] Config(ROC_DEFINITION) SquadExpansion/Serenity/Resources/rocsdef/ROC_DEFINITION
[LOG 09:33:05.763] Config(ROC_DEFINITION) SquadExpansion/Serenity/Resources/rocsdef/ROC_DEFINITION
[LOG 09:33:05.763] Config(ROC_DEFINITION) SquadExpansion/Serenity/Resources/rocsdef/ROC_DEFINITION
[LOG 09:33:05.763] Config(ROC_DEFINITION) SquadExpansion/Serenity/Resources/rocsdef/ROC_DEFINITION
[LOG 09:33:05.763] Config(ROC_DEFINITION) SquadExpansion/Serenity/Resources/rocsdef/ROC_DEFINITION
[LOG 09:33:05.763] Config(ROC_DEFINITION) SquadExpansion/Serenity/Resources/rocsdef/ROC_DEFINITION
[LOG 09:33:05.763] Config(ROC_DEFINITION) SquadExpansion/Serenity/Resources/rocsdef/ROC_DEFINITION
[LOG 09:33:05.763] Config(ROC_DEFINITION) SquadExpansion/Serenity/Resources/rocsdef/ROC_DEFINITION
[LOG 09:33:05.763] Config(ROC_DEFINITION) SquadExpansion/Serenity/Resources/rocsdef/ROC_DEFINITION
[LOG 09:33:05.763] Config(ROC_DEFINITION) SquadExpansion/Serenity/Resources/rocsdef/ROC_DEFINITION
[LOG 09:33:05.763] Config(EXPERIMENT_DEFINITION) SquadExpansion/Serenity/Resources/ScienceDefs/EXPERIMENT_DEFINITION
[LOG 09:33:05.763] Config(EXPERIMENT_DEFINITION) SquadExpansion/Serenity/Resources/ScienceDefs/EXPERIMENT_DEFINITION
[LOG 09:33:05.763] Config(EXPERIMENT_DEFINITION) SquadExpansion/Serenity/Resources/ScienceDefs/EXPERIMENT_DEFINITION
[LOG 09:33:05.763] Config(EXPERIMENT_DEFINITION) SquadExpansion/Serenity/Resources/ScienceDefs/EXPERIMENT_DEFINITION
[LOG 09:33:05.763] Config(EXPERIMENT_DEFINITION) SquadExpansion/Serenity/Resources/ScienceDefs/EXPERIMENT_DEFINITION
[LOG 09:33:05.763] Config(EXPERIMENT_DEFINITION) SquadExpansion/Serenity/Resources/ScienceDefs/EXPERIMENT_DEFINITION
[LOG 09:33:05.763] Config(EXPERIMENT_DEFINITION) SquadExpansion/Serenity/Resources/ScienceDefs/EXPERIMENT_DEFINITION
[LOG 09:33:05.763] Config(EXPERIMENT_DEFINITION) SquadExpansion/Serenity/Resources/ScienceDefs/EXPERIMENT_DEFINITION
[LOG 09:33:05.763] Config(EXPERIMENT_DEFINITION) SquadExpansion/Serenity/Resources/ScienceDefs/EXPERIMENT_DEFINITION
[LOG 09:33:05.763] Config(EXPERIMENT_DEFINITION) SquadExpansion/Serenity/Resources/ScienceDefs/EXPERIMENT_DEFINITION
[LOG 09:33:05.763] Config(EXPERIMENT_DEFINITION) SquadExpansion/Serenity/Resources/ScienceDefs/EXPERIMENT_DEFINITION
[LOG 09:33:05.763] Config(EXPERIMENT_DEFINITION) SquadExpansion/Serenity/Resources/ScienceDefs/EXPERIMENT_DEFINITION
[LOG 09:33:05.763] Config(EXPERIMENT_DEFINITION) SquadExpansion/Serenity/Resources/ScienceDefs/EXPERIMENT_DEFINITION
[LOG 09:33:05.763] Config(EXPERIMENT_DEFINITION) SquadExpansion/Serenity/Resources/ScienceDefs/EXPERIMENT_DEFINITION
[LOG 09:33:05.763] Config(EXPERIMENT_DEFINITION) SquadExpansion/Serenity/Resources/ScienceDefs/EXPERIMENT_DEFINITION
[LOG 09:33:05.763] Config(EXPERIMENT_DEFINITION) SquadExpansion/Serenity/Resources/ScienceDefs/EXPERIMENT_DEFINITION
[LOG 09:33:05.763] Config(EXPERIMENT_DEFINITION) SquadExpansion/Serenity/Resources/ScienceDefs/EXPERIMENT_DEFINITION
[LOG 09:33:05.763] Config(EXPERIMENT_DEFINITION) SquadExpansion/Serenity/Resources/ScienceDefs/EXPERIMENT_DEFINITION
[LOG 09:33:05.763] Config(EXPERIMENT_DEFINITION) SquadExpansion/Serenity/Resources/ScienceDefs/EXPERIMENT_DEFINITION
[LOG 09:33:05.763] Config(EXPERIMENT_DEFINITION) SquadExpansion/Serenity/Resources/ScienceDefs/EXPERIMENT_DEFINITION
[LOG 09:33:05.763] Config(EXPERIMENT_DEFINITION) SquadExpansion/Serenity/Resources/ScienceDefs/EXPERIMENT_DEFINITION
[LOG 09:33:05.763] Config(EXPERIMENT_DEFINITION) SquadExpansion/Serenity/Resources/ScienceDefs/EXPERIMENT_DEFINITION
[LOG 09:33:05.763] Config(EXPERIMENT_DEFINITION) SquadExpansion/Serenity/Resources/ScienceDefs/EXPERIMENT_DEFINITION
[LOG 09:33:05.763] Config(EXPERIMENT_DEFINITION) SquadExpansion/Serenity/Resources/ScienceDefs/EXPERIMENT_DEFINITION
[LOG 09:33:05.763] Config(EXPERIMENT_DEFINITION) SquadExpansion/Serenity/Resources/ScienceDefs/EXPERIMENT_DEFINITION
[LOG 09:33:05.763] Config(EXPERIMENT_DEFINITION) SquadExpansion/Serenity/Resources/ScienceDefs/EXPERIMENT_DEFINITION
[LOG 09:33:05.763] Config(EXPERIMENT_DEFINITION) SquadExpansion/Serenity/Resources/ScienceDefs/EXPERIMENT_DEFINITION
[LOG 09:33:05.763] Config(EXPERIMENT_DEFINITION) SquadExpansion/Serenity/Resources/ScienceDefs/EXPERIMENT_DEFINITION
[LOG 09:33:05.764] Config(EXPERIMENT_DEFINITION) SquadExpansion/Serenity/Resources/ScienceDefs/EXPERIMENT_DEFINITION
[LOG 09:33:05.764] Config(EXPERIMENT_DEFINITION) SquadExpansion/Serenity/Resources/ScienceDefs/EXPERIMENT_DEFINITION
[LOG 09:33:05.764] Config(EXPERIMENT_DEFINITION) SquadExpansion/Serenity/Resources/ScienceDefs/EXPERIMENT_DEFINITION
[LOG 09:33:05.764] Config(EXPERIMENT_DEFINITION) SquadExpansion/Serenity/Resources/ScienceDefs/EXPERIMENT_DEFINITION
[LOG 09:33:05.764] Config(EXPERIMENT_DEFINITION) SquadExpansion/Serenity/Resources/ScienceDefs/EXPERIMENT_DEFINITION
[LOG 09:33:05.764] Config(EXPERIMENT_DEFINITION) SquadExpansion/Serenity/Resources/ScienceDefs/EXPERIMENT_DEFINITION
[LOG 09:33:05.764] Config(EXPERIMENT_DEFINITION) SquadExpansion/Serenity/Resources/ScienceDefs/EXPERIMENT_DEFINITION
[LOG 09:33:05.764] Config(EXPERIMENT_DEFINITION) SquadExpansion/Serenity/Resources/ScienceDefs/EXPERIMENT_DEFINITION
[LOG 09:33:05.764] Config(EXPERIMENT_DEFINITION) SquadExpansion/Serenity/Resources/ScienceDefs/EXPERIMENT_DEFINITION
[LOG 09:33:05.764] Config(EXPERIMENT_DEFINITION) SquadExpansion/Serenity/Resources/ScienceDefs/EXPERIMENT_DEFINITION
[LOG 09:33:05.764] Config(STORY_DEF) SquadExpansion/Serenity/Resources/StoryDefs/STORY_DEF
[LOG 09:33:05.764] Compiling Configs Completed.
[LOG 09:33:05.766] Resource LiquidFuel added to database
[LOG 09:33:05.766] Resource Oxidizer added to database
[LOG 09:33:05.766] Resource SolidFuel added to database
[LOG 09:33:05.766] Resource MonoPropellant added to database
[LOG 09:33:05.766] Resource XenonGas added to database
[LOG 09:33:05.766] Resource ElectricCharge added to database
[LOG 09:33:05.767] Resource IntakeAir added to database
[LOG 09:33:05.767] Resource EVA Propellant added to database
[LOG 09:33:05.767] Resource Ore added to database
[LOG 09:33:05.767] Resource Ablator added to database
[LOG 09:33:05.768] Resource MediumGrip added to database
[LOG 09:33:05.768] Resource HighGrip added to database
[LOG 09:33:05.768] Resource ExtremeGrip added to database
[LOG 09:33:05.768] Resource LowGrip added to database
[LOG 09:33:05.768] Resource Default added to database
[LOG 09:33:05.769] CodeAssetLoader: Compiling all code assets
[LOG 09:33:05.772] ExperienceSystemConfig: Added Effect 'DeployedSciencePowerSkill' to Trait 'Ingénieur'
[LOG 09:33:05.772] ExperienceSystemConfig: Added Effect 'DeployedScienceExpSkill' to Trait 'Scientifique'
[LOG 09:33:05.776] ConfigNode[]
[LOG 09:33:05.776] GameDatabase: Assets loaded in 28.616s
[LOG 09:33:05.777] [ModuleManager] Waited 0.000s for patching to finish
[LOG 09:33:05.777] [ModuleManager] Applying patched game database
[LOG 09:33:05.780] [ModuleManager] Dumping ModuleManager log to main log
[LOG 09:33:05.781] [ModuleManager] 
#### BEGIN MODULEMANAGER LOG ####


[LOG 09:32:45.972] Log started at 2026-10-04 09:32:45.972
[LOG 09:32:47.961] Checking Cache
[LOG 09:32:48.261] SHA generated in 0.298s
[LOG 09:32:48.261]       SHA = 3A-DF-17-15-74-39-62-5E-38-1D-A6-14-F0-70-68-55-A7-30-F4-48-51-9D-75-AB-5B-02-2E-39-FE-A5-11-39
[LOG 09:32:48.290] Cache SHA = 3A-DF-17-15-74-39-62-5E-38-1D-A6-14-F0-70-68-55-A7-30-F4-48-51-9D-75-AB-5B-02-2E-39-FE-A5-11-39
[LOG 09:32:48.290] useCache = True
[LOG 09:32:48.290] Loading from Cache
[LOG 09:32:48.388] Cache Loaded
[LOG 09:32:48.388] Dumping patch log
[LOG 09:32:48.400] 
#### BEGIN PATCH LOG ####


[LOG 01:30:57.698] Log started at 2026-10-04 01:30:57.698
[LOG 01:30:57.698] Pre patch init
[LOG 01:30:57.819] compiling list of loaded mods...
Mod DLLs found:
  Name                                    Assembly Version         Assembly File Version    KSPAssembly Version      SHA256

  Assembly-CSharp                         0.0.0.0                  0.0.0.0                  1.12                     d9e42483f25ee80a9c11d6c1c0a0d29b4ec78c1e08d76c971b71580c9cce51e4
  ModuleManager                           4.2.3.0                  4.2.3.0                  2.5                      95847827ab293b9e82a19b7efb97ffea3e98cc03b181862536ac8eb572e30d7d
  0Harmony                                2.2.1.0                  2.2.1.0                                           19ce60ac3280f72ec1751d36a40cb7e2fece2934df8345969dc7feb83bd633e4
  HarmonyInstallChecker                   2.2.1.0                  2.2.1.0                  1.0                      f11e659e91a52c21c5bda78e52b82a7bdc246bcab6a999733af3c69a11a9dc0e
  0_MultipleModuleInPartAPI               1.0.0.0                  1.0.0.0                  1.0                      df4a22fb0535de7fa154ca234b50dd7c2fc6be879e4a877d9bad1f87bafafcbf
  KSPCommunityFixes                       1.41.0.0                 1.41.1.0                 1.41                     e08ebbec7ab34f4f7ff56d6e900051bb0d259a4bc092881d7db3ca2f9f2e9a11
  KSPDiagQuadSeams                        1.0.9772.27973           1.0.9772.27973                                    9b9e6d0eb2ed2c79ade129f4bb3624a74f63a3ec2c8e4245cf9c7bc89b3ca6ff
  KSPMCPServer                            0.0.0.0                  0.0.0.0                                           f7d5cf9b797c2cc811c515f78bff2b52042c868b9d7b60c19fde5ae37ad65416
  KSPSteamCtrlr                           0.0.1.35                 0.0.1.35                                          1675fa4fcb61d014eb1babe7eed703e7f76a1008537ee57ca7cec65cd9ff94ac
Non-DLL mods added (:FOR[xxx]):
Mods by directory (sub directories of GameData):
  000_Harmony
  Squad
  SquadExpansion
Mods added by assemblies:

[LOG 01:30:57.827] Extracting patches
[LOG 01:30:57.836] Deleting root node in file KSPCommunityFixes/MMPatches/ModSupport/FixDockingNodes node: @PART[*]:HAS[@MODULE[ModuleDockingNodeFixed]]:NEEDS[FixDockingNodes]:FINAL as it can't satisfy its NEEDS
[LOG 01:30:57.838] Deleting root node in file KSPCommunityFixes/MMPatches/ModSupport/KSPRecall node: @KSP_COMMUNITY_FIXES:NEEDS[AttachedOnEditor] as it can't satisfy its NEEDS
[LOG 01:30:57.838] Deleting root node in file KSPCommunityFixes/MMPatches/ModSupport/UniversalStorage node: @KSP_COMMUNITY_FIXES:NEEDS[UniversalStorage2] as it can't satisfy its NEEDS
[LOG 01:30:57.893] Applying patches
[LOG 01:30:57.894] :INSERT (initial) pass
[LOG 01:30:57.919] :FIRST pass
[LOG 01:30:57.922] Applying update KSPCommunityFixes/MMPatches/StockTweaks/LadderToggleableLight/@PART[telescopicLadderBay]:FIRST to Squad/Parts/Utility/ladderTelescopicBay/ladderTelescopicBay.cfg/PART[telescopicLadderBay]
[LOG 01:30:57.929] Applying update KSPCommunityFixes/MMPatches/StockTweaks/LadderToggleableLight/@PART[telescopicLadderBay]:HAS[#LadderToggleableLight[?rue]]:FIRST to Squad/Parts/Utility/ladderTelescopicBay/ladderTelescopicBay.cfg/PART[telescopicLadderBay]
[LOG 01:30:57.930] Applying update KSPCommunityFixes/MMPatches/StockTweaks/LadderToggleableLight/@PART[telescopicLadderBay]:HAS[#LadderToggleableLight]:FIRST to Squad/Parts/Utility/ladderTelescopicBay/ladderTelescopicBay.cfg/PART[telescopicLadderBay]
[LOG 01:30:57.930] Applying update KSPCommunityFixes/MMPatches/StockTweaks/LandingGearLights/@PART[GearSmall]:FIRST to Squad/Parts/Wheel/LandingGear/GearMedium.cfg/PART[GearSmall]
[LOG 01:30:57.932] Applying update KSPCommunityFixes/MMPatches/StockTweaks/LandingGearLights/@PART[SmallGearBay]:FIRST to Squad/Parts/Wheel/LandingGear/GearSmall.cfg/PART[SmallGearBay]
[LOG 01:30:57.932] :LEGACY (default) pass
[LOG 01:30:57.933] :BEFORE[0_MULTIPLEMODULEINPARTAPI] pass
[LOG 01:30:57.933] :FOR[0_MULTIPLEMODULEINPARTAPI] pass
[LOG 01:30:57.933] :AFTER[0_MULTIPLEMODULEINPARTAPI] pass
[LOG 01:30:57.933] :BEFORE[000_HARMONY] pass
[LOG 01:30:57.933] :FOR[000_HARMONY] pass
[LOG 01:30:57.933] :AFTER[000_HARMONY] pass
[LOG 01:30:57.933] :BEFORE[0HARMONY] pass
[LOG 01:30:57.933] :FOR[0HARMONY] pass
[LOG 01:30:57.933] :AFTER[0HARMONY] pass
[LOG 01:30:57.933] :BEFORE[ASSEMBLY-CSHARP] pass
[LOG 01:30:57.933] :FOR[ASSEMBLY-CSHARP] pass
[LOG 01:30:57.933] :AFTER[ASSEMBLY-CSHARP] pass
[LOG 01:30:57.933] :BEFORE[HARMONYINSTALLCHECKER] pass
[LOG 01:30:57.933] :FOR[HARMONYINSTALLCHECKER] pass
[LOG 01:30:57.933] :AFTER[HARMONYINSTALLCHECKER] pass
[LOG 01:30:57.933] :BEFORE[KSPCOMMUNITYFIXES] pass
[LOG 01:30:57.933] :FOR[KSPCOMMUNITYFIXES] pass
[LOG 01:30:57.933] Applying update KSPCommunityFixes/MMPatches/StockTweaks/ManufacturerFixes/@PART[sasModule]:FOR[KSPCommunityFixes] to Squad/Parts/Command/inlineReactionWheel/inlineReactionWheel.cfg/PART[sasModule]
[LOG 01:30:57.934] Applying update KSPCommunityFixes/MMPatches/StockTweaks/ManufacturerFixes/@PART[xenonTankRadial]:FOR[KSPCommunityFixes] to Squad/Parts/FuelTank/xenonTankRadial/xenonTankRadial.cfg/PART[xenonTankRadial]
[LOG 01:30:57.934] Applying update KSPCommunityFixes/MMPatches/StockTweaks/ManufacturerFixes/@PART[winglet|fireworksLauncherSmall|fireworksLauncherBig]:FOR[KSPCommunityFixes] to Squad/Parts/Aero/wingletAV-T1/wingletAV-T1.cfg/PART[winglet]
[LOG 01:30:57.935] Applying update KSPCommunityFixes/MMPatches/StockTweaks/ManufacturerFixes/@PART[winglet|fireworksLauncherSmall|fireworksLauncherBig]:FOR[KSPCommunityFixes] to Squad/Parts/Utility/Fireworks/fireworksLauncherBig.cfg/PART[fireworksLauncherBig]
[LOG 01:30:57.935] Applying update KSPCommunityFixes/MMPatches/StockTweaks/ManufacturerFixes/@PART[winglet|fireworksLauncherSmall|fireworksLauncherBig]:FOR[KSPCommunityFixes] to Squad/Parts/Utility/Fireworks/fireworksLauncherSmall.cfg/PART[fireworksLauncherSmall]
[LOG 01:30:57.935] Applying update KSPCommunityFixes/MMPatches/StockTweaks/ManufacturerFixes/@PART[solidBooster_sm_v2|solidBooster_v2]:FOR[KSPCommunityFixes] to Squad/Parts/Engine/Size1_SRBs/solidBoosterRT-10_v2.cfg/PART[solidBooster_v2]
[LOG 01:30:57.935] Applying update KSPCommunityFixes/MMPatches/StockTweaks/ManufacturerFixes/@PART[solidBooster_sm_v2|solidBooster_v2]:FOR[KSPCommunityFixes] to Squad/Parts/Engine/Size1_SRBs/solidBoosterRT-5_v2.cfg/PART[solidBooster_sm_v2]
[LOG 01:30:57.936] Applying update KSPCommunityFixes/MMPatches/StockTweaks/ManufacturerFixes/@PART[ServiceBay_125_v2|ServiceBay_250_v2]:FOR[KSPCommunityFixes] to Squad/Parts/Utility/ServiceBay_v2/ServiceBay_125_v2.cfg/PART[ServiceBay_125_v2]
[LOG 01:30:57.936] Applying update KSPCommunityFixes/MMPatches/StockTweaks/ManufacturerFixes/@PART[ServiceBay_125_v2|ServiceBay_250_v2]:FOR[KSPCommunityFixes] to Squad/Parts/Utility/ServiceBay_v2/ServiceBay_250_v2.cfg/PART[ServiceBay_250_v2]
[LOG 01:30:57.936] Applying update KSPCommunityFixes/MMPatches/StockTweaks/ManufacturerFixes/@PART[externalTankCapsule]:FOR[KSPCommunityFixes] to Squad/Parts/FuelTank/FoilTanks/RadialTank_Capsule.cfg/PART[externalTankCapsule]
[LOG 01:30:57.937] Applying update KSPCommunityFixes/MMPatches/StockTweaks/ManufacturerFixes/@PART[RCSFuelTank|rcsTankMini|RCSTank1-2]:FOR[KSPCommunityFixes] to Squad/Parts/FuelTank/RCSFuelTankR1/RCSFuelTankR1.cfg/PART[RCSTank1-2]
[LOG 01:30:57.937] Applying update KSPCommunityFixes/MMPatches/StockTweaks/ManufacturerFixes/@PART[RCSFuelTank|rcsTankMini|RCSTank1-2]:FOR[KSPCommunityFixes] to Squad/Parts/FuelTank/RCSFuelTankR10/RCSFuelTankR10.cfg/PART[rcsTankMini]
[LOG 01:30:57.937] Applying update KSPCommunityFixes/MMPatches/StockTweaks/ManufacturerFixes/@PART[RCSFuelTank|rcsTankMini|RCSTank1-2]:FOR[KSPCommunityFixes] to Squad/Parts/FuelTank/RCSFuelTankR25/RCSFuelTankR25.cfg/PART[RCSFuelTank]
[LOG 01:30:57.941] Applying update KSPCommunityFixes/MMPatches/StockTweaks/ManufacturerFixes/@PART[landerCabinSmall]:FOR[KSPCommunityFixes] to Squad/Parts/Command/mk1LanderCan/mk1LanderCan.cfg/PART[landerCabinSmall]
[LOG 01:30:57.941] Applying update KSPCommunityFixes/MMPatches/StockTweaks/ManufacturerFixes/@PART[dockingPortLateral]:FOR[KSPCommunityFixes] to Squad/Parts/Utility/dockingPortInline/dockingPortInline.cfg/PART[dockingPortLateral]
[LOG 01:30:57.942] Applying update KSPCommunityFixes/MMPatches/StockTweaks/ManufacturerFixes/@PART[EnginePlate4]:FOR[KSPCommunityFixes]:NEEDS[SquadExpansion/MakingHistory] to SquadExpansion/MakingHistory/Parts/Coupling/EnginePlate_4.cfg/PART[EnginePlate4]
[LOG 01:30:57.944] Applying update KSPCommunityFixes/MMPatches/StockTweaks/ManufacturerFixes/@PART[Mk2Pod]:FOR[KSPCommunityFixes]:NEEDS[SquadExpansion/MakingHistory] to SquadExpansion/MakingHistory/Parts/Pods/Mk2Pod.cfg/PART[Mk2Pod]
[LOG 01:30:57.945] Applying update KSPCommunityFixes/MMPatches/StockTweaks/ManufacturerFixes/@PART[evaChute|parachuteSingle|parachuteRadial|radialDrogue|parachuteLarge|parachuteDrogue]:FOR[KSPCommunityFixes] to Squad/Parts/Cargo/Parachute/Parachute.cfg/PART[evaChute]
[LOG 01:30:57.948] Applying update KSPCommunityFixes/MMPatches/StockTweaks/ManufacturerFixes/@PART[evaChute|parachuteSingle|parachuteRadial|radialDrogue|parachuteLarge|parachuteDrogue]:FOR[KSPCommunityFixes] to Squad/Parts/Utility/parachuteMk1/parachuteMk1.cfg/PART[parachuteSingle]
[LOG 01:30:57.948] Applying update KSPCommunityFixes/MMPatches/StockTweaks/ManufacturerFixes/@PART[evaChute|parachuteSingle|parachuteRadial|radialDrogue|parachuteLarge|parachuteDrogue]:FOR[KSPCommunityFixes] to Squad/Parts/Utility/parachuteMk12-R/parachuteMk12-R.cfg/PART[radialDrogue]
[LOG 01:30:57.948] Applying update KSPCommunityFixes/MMPatches/StockTweaks/ManufacturerFixes/@PART[evaChute|parachuteSingle|parachuteRadial|radialDrogue|parachuteLarge|parachuteDrogue]:FOR[KSPCommunityFixes] to Squad/Parts/Utility/parachuteMk16-XL/parachuteMk16-XL.cfg/PART[parachuteLarge]
[LOG 01:30:57.948] Applying update KSPCommunityFixes/MMPatches/StockTweaks/ManufacturerFixes/@PART[evaChute|parachuteSingle|parachuteRadial|radialDrogue|parachuteLarge|parachuteDrogue]:FOR[KSPCommunityFixes] to Squad/Parts/Utility/parachuteMk2-R/parachuteMk2-R.cfg/PART[parachuteRadial]
[LOG 01:30:57.948] Applying update KSPCommunityFixes/MMPatches/StockTweaks/ManufacturerFixes/@PART[evaChute|parachuteSingle|parachuteRadial|radialDrogue|parachuteLarge|parachuteDrogue]:FOR[KSPCommunityFixes] to Squad/Parts/Utility/parachuteMk25/parachuteMk25.cfg/PART[parachuteDrogue]
[LOG 01:30:57.949] Applying update KSPCommunityFixes/MMPatches/StockTweaks/ManufacturerFixes/@PART[stackPoint1|dockingPort1|dockingPort2|dockingPort3|dockingPortLarge]:FOR[KSPCommunityFixes] to Squad/Parts/Utility/dockingPort/dockingPort.cfg/PART[dockingPort2]
[LOG 01:30:57.949] Applying update KSPCommunityFixes/MMPatches/StockTweaks/ManufacturerFixes/@PART[stackPoint1|dockingPort1|dockingPort2|dockingPort3|dockingPortLarge]:FOR[KSPCommunityFixes] to Squad/Parts/Utility/dockingPortJr/dockingPortJr.cfg/PART[dockingPort3]
[LOG 01:30:57.949] Applying update KSPCommunityFixes/MMPatches/StockTweaks/ManufacturerFixes/@PART[stackPoint1|dockingPort1|dockingPort2|dockingPort3|dockingPortLarge]:FOR[KSPCommunityFixes] to Squad/Parts/Utility/dockingPortShielded/dockingPortShielded.cfg/PART[dockingPort1]
[LOG 01:30:57.949] Applying update KSPCommunityFixes/MMPatches/StockTweaks/ManufacturerFixes/@PART[stackPoint1|dockingPort1|dockingPort2|dockingPort3|dockingPortLarge]:FOR[KSPCommunityFixes] to Squad/Parts/Utility/dockingPortSr/dockingPortSr.cfg/PART[dockingPortLarge]
[LOG 01:30:57.950] Applying update KSPCommunityFixes/MMPatches/StockTweaks/ManufacturerFixes/@PART[stackPoint1|dockingPort1|dockingPort2|dockingPort3|dockingPortLarge]:FOR[KSPCommunityFixes] to Squad/Parts/Utility/radialAttachmentPoint/radialAttachmentPoint.cfg/PART[stackPoint1]
[LOG 01:30:57.950] :AFTER[KSPCOMMUNITYFIXES] pass
[LOG 01:30:57.950] :BEFORE[KSPDIAGQUADSEAMS] pass
[LOG 01:30:57.950] :FOR[KSPDIAGQUADSEAMS] pass
[LOG 01:30:57.950] :AFTER[KSPDIAGQUADSEAMS] pass
[LOG 01:30:57.950] :BEFORE[KSPMCPSERVER] pass
[LOG 01:30:57.950] :FOR[KSPMCPSERVER] pass
[LOG 01:30:57.950] :AFTER[KSPMCPSERVER] pass
[LOG 01:30:57.950] :BEFORE[KSPSTEAMCTRLR] pass
[LOG 01:30:57.950] :FOR[KSPSTEAMCTRLR] pass
[LOG 01:30:57.950] :AFTER[KSPSTEAMCTRLR] pass
[LOG 01:30:57.950] :BEFORE[MODULEMANAGER] pass
[LOG 01:30:57.950] :FOR[MODULEMANAGER] pass
[LOG 01:30:57.950] :AFTER[MODULEMANAGER] pass
[LOG 01:30:57.950] :BEFORE[SQUAD] pass
[LOG 01:30:57.950] :FOR[SQUAD] pass
[LOG 01:30:57.950] :AFTER[SQUAD] pass
[LOG 01:30:57.950] :BEFORE[SQUADEXPANSION] pass
[LOG 01:30:57.950] :FOR[SQUADEXPANSION] pass
[LOG 01:30:57.950] :AFTER[SQUADEXPANSION] pass
[LOG 01:30:57.951] :LAST[999_KSP-RECALL] pass
[LOG 01:30:57.963] :FINAL pass
[LOG 01:30:57.963] Done patching
[LOG 01:30:57.963] Saving Cache
[LOG 01:30:58.102] Done!



#### END PATCH LOG ####
[LOG 09:32:48.581] ModuleManager: 33 patches loaded from cache

[LOG 09:32:48.581] Ran in 0.619s
[LOG 09:32:48.606] Done!



#### END MODULEMANAGER LOG ####
[LOG 09:33:05.783] [ModuleManager] Running tests...
[LOG 09:33:05.783] [ModuleManager] tests complete.
[LOG 09:33:05.784] [ModuleManager] Reloading resources definitions
[LOG 09:33:05.784] Resource LiquidFuel added to database
[LOG 09:33:05.784] Resource Oxidizer added to database
[LOG 09:33:05.784] Resource SolidFuel added to database
[LOG 09:33:05.784] Resource MonoPropellant added to database
[LOG 09:33:05.784] Resource XenonGas added to database
[LOG 09:33:05.784] Resource ElectricCharge added to database
[LOG 09:33:05.784] Resource IntakeAir added to database
[LOG 09:33:05.784] Resource EVA Propellant added to database
[LOG 09:33:05.784] Resource Ore added to database
[LOG 09:33:05.784] Resource Ablator added to database
[LOG 09:33:05.784] [ModuleManager] Reloading Trait configs
[LOG 09:33:05.785] ExperienceSystemConfig: Added Effect 'DeployedSciencePowerSkill' to Trait 'Ingénieur'
[LOG 09:33:05.785] ExperienceSystemConfig: Added Effect 'DeployedScienceExpSkill' to Trait 'Scientifique'
[LOG 09:33:05.785] [ModuleManager] Reloading Part Upgrades
[LOG 09:33:05.785] [ModuleManager] Setting modded physics as the active one
[LOG 09:33:05.802] PhysicsGlobals: Loading database
[LOG 09:33:05.803] [ModuleManager] Running post patch callbacks
[LOG 09:33:05.812] [KSPCommunityFixes] Patch AutoStrutDrift applied.
[LOG 09:33:05.815] [KSPCommunityFixes] Patch EditorAnimatedPartsShipModified applied.
[LOG 09:33:05.820] [KSPCommunityFixes] Patch DragCubeLoadException applied.
[LOG 09:33:05.824] [KSPCommunityFixes] Patch DoubleCurvePreserveTangents applied.
[LOG 09:33:05.856] [KSPCommunityFixes] Patch DockingPortRotationDriftAndFixes applied.
[LOG 09:33:05.901] [KSPCommunityFixes] Patch DockingPortConserveMomentum applied.
[LOG 09:33:05.906] [KSPCommunityFixes] Patch DebugConsoleDontStealInput applied.
[LOG 09:33:05.908] [KSPCommunityFixes] Patch CorrectDragForFlags applied.
[LOG 09:33:05.909] [KSPCommunityFixes] Patch CometMiningNotRemovingMass applied.
[LOG 09:33:05.914] [KSPCommunityFixes] Patch ChutePhantomSymmetry applied.
[LOG 09:33:05.917] [KSPCommunityFixes] Patch CometSpawnerUniqueFlightId applied.
[LOG 09:33:05.918] [KSPCommunityFixes] Patch AsteroidSpawnerUniqueFlightId applied.
[LOG 09:33:05.918] [KSPCommunityFixes] Patch AsteroidInfiniteMining applied.
[LOG 09:33:05.940] [KSPCommunityFixes] Patch PersistentIConfigNode applied.
[LOG 09:33:05.940] [KSPCommunityFixes] Patch OnSymmetryFieldChanged not applied (not enabled in Settings.cfg)
[LOG 09:33:05.940] [KSPCommunityFixes] Patch ModUpgradePipeline not applied (not enabled in Settings.cfg)
[LOG 09:33:05.940] [KSPCommunityFixes] Patch KSPFieldEnumDesc not applied (not enabled in Settings.cfg)
[LOG 09:33:05.941] [KSPCommunityFixes] Patch EventProfilerMarkers not applied (not enabled in Settings.cfg)
[LOG 09:33:05.941] [KSPCommunityFixes] Patch DockingPortLockedEvents not applied (not enabled in Settings.cfg)
[LOG 09:33:05.945] [KSPCommunityFixes] Patch DepartmentHeadImage applied.
[LOG 09:33:05.954] [KSPCommunityFixes] Patch BaseFieldListUseFieldHost applied.
[LOG 09:33:05.976] [KSPCommunityFixes] Patch ResourceConverterPerf applied.
[LOG 09:33:05.982] [KSPCommunityFixes] Patch ProgressTrackingSpeedBoost applied.
[LOG 09:33:05.985] [KSPCommunityFixes] Patch PQSUpdateNoMemoryAlloc applied.
[LOG 09:33:05.985] [KSPCommunityFixes] Patch PQSOnlyStartOnce not applied (not enabled in Settings.cfg)
[LOG 09:33:05.993] [KSPCommunityFixes] Patch PQSCoroutineLeak applied.
[LOG 09:33:06.016] [KSPCommunityFixes] Patch PartSystemsFastUpdate applied.
[LOG 09:33:06.031] [KSPCommunityFixes] Patch PartParsingPerf applied.
[LOG 09:33:06.034] [KSPCommunityFixes] Patch EnginePlateAirstreamShieldedTopPart applied.
[LOG 09:33:06.039] [KSPCommunityFixes] Patch EVAConstructionMass applied.
[LOG 09:33:06.048] [KSPCommunityFixes] Patch EVAConstructionUninitializedInventory applied.
[LOG 09:33:06.053] [KSPCommunityFixes] Patch EVAKerbalRecovery applied.
[LOG 09:33:06.059] [KSPCommunityFixes] Patch TimeWarpOrbitShift applied.
[LOG 09:33:06.064] [KSPCommunityFixes] Patch TimeWarpBodyCollision applied.
[LOG 09:33:06.073] [KSPCommunityFixes] Patch ThumbnailSpotlight applied.
[LOG 09:33:06.076] [KSPCommunityFixes] Patch SymmetryReferenceOnDelete applied.
[LOG 09:33:06.076] [KSPCommunityFixes] Patch StrategyDuration not applied (not enabled in Settings.cfg)
[LOG 09:33:06.079] [KSPCommunityFixes] Patch StockAlarmDescPreserveLineBreak applied.
[LOG 09:33:06.099] [KSPCommunityFixes] Patch StickySplashedFixer applied.
[LOG 09:33:06.105] [KSPCommunityFixes] Patch ScatterDistribution applied.
[LOG 09:33:06.126] [KSPCommunityFixes] Patch RoboticsDrift applied.
[LOG 09:33:06.127] [KSPCommunityFixes] Patch RestoreMaxPhysicsDT applied.
[LOG 09:33:06.140] [KSPCommunityFixes] Patch RespawnDeadKerbals applied.
[LOG 09:33:06.143] [KSPCommunityFixes] Patch RescaledRoboticParts applied.
[LOG 09:33:06.146] [KSPCommunityFixes] Patch ReRootPreserveSurfaceAttach applied.
[LOG 09:33:06.160] [KSPCommunityFixes] Patch OptimizedModuleRaycasts applied.
[LOG 09:33:06.167] GetSubclassesOfParentClass: Found 1 types with ModuleInventoryPart parent in 9 assemblies.
[LOG 09:33:06.170] [KSPCommunityFixes] Patch RefundingOnRecovery applied.
[LOG 09:33:06.170] [KSPCommunityFixes] Patch PatchedConicEncounterFlickering applied.
[LOG 09:33:06.178] [KSPCommunityFixes] Patch PartListTooltipIconSpin applied.
[LOG 09:33:06.181] [KSPCommunityFixes] Patch PackedPartsRotation applied.
[LOG 09:33:06.194] [KSPCommunityFixes] Patch ModulePartVariantsNodePersistence applied.
[LOG 09:33:06.197] [KSPCommunityFixes] Patch ModuleAnimateGenericCrewModSpawnIVA applied.
[LOG 09:33:06.198] [KSPCommunityFixes] Patch ModuleActiveRadiatorNoParentException applied.
[LOG 09:33:06.201] [KSPCommunityFixes] Patch MapTargetBodyWithEncounter applied.
[LOG 09:33:06.204] [KSPCommunityFixes] Patch LostSoundAfterSceneSwitch applied.
[LOG 09:33:06.215] [KSPCommunityFixes] Patch LadderToggleableLight applied.
[LOG 09:33:06.225] [KSPCommunityFixes] Patch InventoryPartMass applied.
[LOG 09:33:06.231] [KSPCommunityFixes] Patch HarvesterECConsumption applied.
[LOG 09:33:06.232] [KSPCommunityFixes] Patch FixGetUnivseralTime applied.
[LOG 09:33:06.239] [KSPCommunityFixes] Patch ExtendedDeployableParts applied.
[LOG 09:33:06.241] [KSPCommunityFixes] Patch PropellantFlowDescription applied.
[LOG 09:33:06.258] [KSPCommunityFixes] Patch OptimisedVectorLines applied.
[LOG 09:33:06.263] [KSPCommunityFixes] Patch ModuleDockingNodeFindOtherNodesFaster applied.
[LOG 09:33:06.266] [KSPCommunityFixes] Patch ModuleColorChangerOptimization applied.
[LOG 09:33:06.272] [KSPCommunityFixes] Patch AutoSavedCraftNameAtLaunch applied.
[LOG 09:33:06.289] [KSPCommunityFixes] Patch PAWCollapsedInventories applied.
[LOG 09:33:06.293] [KSPCommunityFixes] Patch UIFloatEditNumericInput applied.
[LOG 09:33:06.313] [KSPCommunityFixes] Patch PAWStockGroups applied.
[LOG 09:33:06.323] [KSPCommunityFixes] Patch AltimeterHorizontalPosition applied.
[LOG 09:33:06.341] [KSPCommunityFixes] Patch SceneLoadSpeedBoost applied.
[LOG 09:33:06.378] [KSPCommunityFixes] Patch OnDemandPartBuoyancy applied.
[LOG 09:33:06.380] [KSPCommunityFixes] Patch ForceSyncSceneSwitch applied.
[LOG 09:33:06.380] [KSPCommunityFixes] Patch FewerSaves not applied (not enabled in Settings.cfg)
[LOG 09:33:06.381] [KSPCommunityFixes] Patch WheelInertiaLimit applied.
[LOG 09:33:06.382] [KSPCommunityFixes] Patch StockAlarmCustomFormatterDate isn't applicable to this KSP version.
[LOG 09:33:06.387] [KSPCommunityFixes] Patch ROCValidationOOR applied.
[LOG 09:33:06.390] [KSPCommunityFixes] Patch ZeroCostTechNodes applied.
[LOG 09:33:06.391] [KSPCommunityFixes] Patch ReactionWheelsPotentialTorque applied.
[LOG 09:33:06.395] [KSPCommunityFixes] Patch PAWGroupMemory applied.
[LOG 09:33:06.426] [KSPCommunityFixes] Patch PartStartStability applied.
[LOG 09:33:06.432] [KSPCommunityFixes] Patch PartBoundsIgnoreDisabledTransforms applied.
[LOG 09:33:06.463] [KSPCommunityFixes] Patch ModuleIndexingMismatch applied.
[LOG 09:33:06.468] [KSPCommunityFixes] Patch MapSOCorrectWrapping applied.
[LOG 09:33:06.468] [KSPCommunityFixes] Patch KerbalTooltipMaxSustainedG applied.
[LOG 09:33:06.471] [KSPCommunityFixes] Patch KerbalInventoryPersistence applied.
[LOG 09:33:06.471] [KSPCommunityFixes] Patch FlightSceneLoadKraken not applied (not enabled in Settings.cfg)
[LOG 09:33:06.473] [KSPCommunityFixes] Patch FIUpdateRadiation applied.
[LOG 09:33:06.477] [KSPCommunityFixes] Patch FastAndFixedEnumExtensions applied.
[LOG 09:33:06.518] [KSPCommunityFixes] Patch DeltaVHideWhenDisabled applied.
[LOG 09:33:06.522] [KSPCommunityFixes] Patch BlockMapViewPartClick applied.
[LOG 09:33:06.526] [KSPCommunityFixes] Patch PAWItemsOrder applied.
[LOG 09:33:06.567] [KSPCommunityFixes] Patch BetterEditorUndoRedo applied.
[LOG 09:33:06.577] [KSPCommunityFixes] Patch AutostrutActions applied.
[LOG 09:33:06.577] [KSPCommunityFixes] Patch DisableNewGameIntro not applied (not enabled in Settings.cfg)
[LOG 09:33:06.604] [KSPCommunityFixes] Patch MinorPerfTweaks applied.
[LOG 09:33:06.677] [KSPCommunityFixes] Patch MemoryLeaks applied.
[LOG 09:33:06.682] [KSPCommunityFixes] Patch LowerMinPhysicsDTPerFrame applied.
[LOG 09:33:06.686] [KSPCommunityFixes] Patch LocalizerPerf applied.
[LOG 09:33:06.687] [KSPCommunityFixes] Patch IMGUIOptimization applied.
[LOG 09:33:06.701] [KSPCommunityFixes] Patch FloatingOriginPerf applied.
[LOG 09:33:06.746] [KSPCommunityFixes] Patch FlightIntegratorPerf applied.
[LOG 09:33:06.750] [KSPCommunityFixes] Patch FasterPartFindTransform applied.
[LOG 09:33:06.760] [KSPCommunityFixes] Patch FasterEditorPartList applied.
[LOG 09:33:06.761] [KSPCommunityFixes] Patch ExpansionBundlePreload applied.
[LOG 09:33:06.772] [KSPCommunityFixes] Patch DragCubeGeneration applied.
[LOG 09:33:06.775] [KSPCommunityFixes] Patch DisableMapUpdateInFlight applied.
[LOG 09:33:06.776] [KSPCommunityFixes] Patch DisableHiddenPortraits applied.
[LOG 09:33:06.778] [KSPCommunityFixes] Patch DisableManeuverTool applied.
[LOG 09:33:06.815] [KSPCommunityFixes] Patch CraftBrowserOptimisations applied.
[LOG 09:33:06.817] [KSPCommunityFixes] Patch CommNetThrottling applied.
[LOG 09:33:06.821] [KSPCommunityFixes] Patch FairingMouseOverPersistence applied.
[LOG 09:33:06.837] [KSPCommunityFixes] Patch OptionalMakingHistoryDLCFeatures applied.
[LOG 09:33:06.849] [KSPCommunityFixes] Patch ResourceLockActions applied.
[LOG 09:33:06.855] [KSPCommunityFixes] Patch ShowContractFinishDates applied.
[LOG 09:33:06.862] [KSPCommunityFixes] Patch TargetParentBody applied.
[LOG 09:33:06.877] [KSPCommunityFixes] Patch ToolbarShowHide applied.
[LOG 09:33:06.880] [KSPCommunityFixes] Patch ContractProgressEnumCache applied.
[LOG 09:33:06.887] [KSPCommunityFixes] Patch ActiveRadiatorPerf applied.
[LOG 09:33:06.891] [KSPCommunityFixes] Patch CargoBayPerf applied.
[LOG 09:33:06.898] [KSPCommunityFixes] Patch CollisionEnhancerFastUpdate applied.
[LOG 09:33:06.903] [KSPCommunityFixes] Patch CollisionManagerFastUpdate applied.
[LOG 09:33:06.906] [KSPCommunityFixes] Patch AsteroidAndCometDrillCache applied.
[LOG 09:33:06.918] [KSPCommunityFixes] Patch TweakableWheelsAutostrut applied.
[LOG 09:33:06.939] [KSPCommunityFixes] Patch PatchSettings applied.
[LOG 09:33:06.986] [KSPCommunityFixes] Patch UpgradeBugs applied.
[LOG 09:33:06.987] [KSPCommunityFixes] Patch PartTooltipUpgradesApplyToSubstituteParts not applied (not enabled in Settings.cfg)
[LOG 09:33:07.046] [ModuleManager] Calling ConfigNodePerf.ModuleManagerPostLoad()
[LOG 09:33:07.069] [ModuleManager] Post patch ran in 1.291s
[LOG 09:33:07.097] PartLoader: Loading part database
[LOG 09:33:07.098] PartLoader: Compiling Part 'Squad/Parts/Aero/aerodynamicNoseCone/aerodynamicNoseCone/noseCone'
[LOG 09:33:07.119] EffectList: Created 15 effect types
[LOG 09:33:07.208] PartLoader: Compiling Part 'Squad/Parts/Aero/airbrake/Airbrake/airbrake1'
[LOG 09:33:07.309] PartLoader: Compiling Part 'Squad/Parts/Aero/airIntakeRadialXM-G50/airIntakeRadialXM-G50/airScoop'
[LOG 09:33:07.320] PartLoader: Compiling Part 'Squad/Parts/Aero/airlinerWings/ControlSurface/airlinerCtrlSrf'
[LOG 09:33:07.329] PartLoader: Compiling Part 'Squad/Parts/Aero/airlinerWings/MainWing/airlinerMainWing'
[LOG 09:33:07.336] PartLoader: Compiling Part 'Squad/Parts/Aero/airlinerWings/TailFin/airlinerTailFin'
[LOG 09:33:07.343] PartLoader: Compiling Part 'Squad/Parts/Aero/airplaneFins/advancedCanard/AdvancedCanard'
[LOG 09:33:07.348] PartLoader: Compiling Part 'Squad/Parts/Aero/airplaneFins/standardCanard/CanardController'
[LOG 09:33:07.353] PartLoader: Compiling Part 'Squad/Parts/Aero/airplaneFins/sweptWing/sweptWing'
[LOG 09:33:07.355] PartLoader: Compiling Part 'Squad/Parts/Aero/airplaneFins/tailfin/tailfin'
[LOG 09:33:07.359] PartLoader: Compiling Part 'Squad/Parts/Aero/basicFin/basicFin/basicFin'
[LOG 09:33:07.362] PartLoader: Compiling Part 'Squad/Parts/Aero/circularIntake/circularIntake/CircularIntake'
[LOG 09:33:07.368] PartLoader: Compiling Part 'Squad/Parts/Aero/circularIntake/intakeShockCone/shockConeIntake'
[LOG 09:33:07.371] PartLoader: Compiling Part 'Squad/Parts/Aero/cones/avionicsNoseCone/avionicsNoseCone'
[LOG 09:33:07.392] PartLoader: Compiling Part 'Squad/Parts/Aero/cones/ConeA/pointyNoseConeA'
[LOG 09:33:07.396] PartLoader: Compiling Part 'Squad/Parts/Aero/cones/ConeB/pointyNoseConeB'
[LOG 09:33:07.399] PartLoader: Compiling Part 'Squad/Parts/Aero/cones/noseConeAdapter/noseConeAdapter'
[LOG 09:33:07.401] PartLoader: Compiling Part 'Squad/Parts/Aero/cones/protectiveRocketNoseMk7_v2/rocketNoseCone_v2'
[LOG 09:33:07.403] PartLoader: Compiling Part 'Squad/Parts/Aero/cones/protectiveRocketNoseMk7_v3/rocketNoseCone_v3'
[LOG 09:33:07.406] PartLoader: Compiling Part 'Squad/Parts/Aero/cones/rocketNoseCone_size3/rocketNoseConeSize3'
[LOG 09:33:07.408] PartLoader: Compiling Part 'Squad/Parts/Aero/cones/smallNoseCone/standardNoseCone'
[LOG 09:33:07.410] PartLoader: Compiling Part 'Squad/Parts/Aero/cones/tailConnectorA/airplaneTail'
[LOG 09:33:07.414] PartLoader: Compiling Part 'Squad/Parts/Aero/cones/tailConnectorB/airplaneTailB'
[LOG 09:33:07.417] PartLoader: Compiling Part 'Squad/Parts/Aero/fairings/fairingSize1/fairingSize1'
[LOG 09:33:07.442] PartLoader: Compiling Part 'Squad/Parts/Aero/fairings/fairingSize2/fairingSize2'
[LOG 09:33:07.449] PartLoader: Compiling Part 'Squad/Parts/Aero/fairings/fairingSize3/fairingSize3'
[LOG 09:33:07.454] PartLoader: Compiling Part 'Squad/Parts/Aero/HeatShield/HeatShield0/HeatShield0'
[LOG 09:33:07.467] PartLoader: Compiling Part 'Squad/Parts/Aero/HeatShield/HeatShield1/HeatShield1'
[LOG 09:33:07.474] PartLoader: Compiling Part 'Squad/Parts/Aero/HeatShield/HeatShield2/HeatShield2'
[LOG 09:33:07.479] PartLoader: Compiling Part 'Squad/Parts/Aero/HeatShield/HeatShield3/HeatShield3'
[LOG 09:33:07.482] PartLoader: Compiling Part 'Squad/Parts/Aero/InflatableHeatShield/HeatShield/InflatableHeatShield'
[LOG 09:33:07.488] PartLoader: Compiling Part 'Squad/Parts/Aero/intakeRadialLong/intakeRadialLong/IntakeRadialLong'
[LOG 09:33:07.491] PartLoader: Compiling Part 'Squad/Parts/Aero/miniIntake/SmallIntake/miniIntake'
[LOG 09:33:07.492] PartLoader: Compiling Part 'Squad/Parts/Aero/ramAirIntake/ramAirIntake/ramAirIntake'
[LOG 09:33:07.494] PartLoader: Compiling Part 'Squad/Parts/Aero/shuttleWings/delta/wingShuttleDelta'
[LOG 09:33:07.496] PartLoader: Compiling Part 'Squad/Parts/Aero/shuttleWings/elevon1/wingShuttleElevon1'
[LOG 09:33:07.499] PartLoader: Compiling Part 'Squad/Parts/Aero/shuttleWings/elevon2/wingShuttleElevon2'
[LOG 09:33:07.501] PartLoader: Compiling Part 'Squad/Parts/Aero/shuttleWings/rudder/wingShuttleRudder'
[LOG 09:33:07.504] PartLoader: Compiling Part 'Squad/Parts/Aero/shuttleWings/strake/wingShuttleStrake'
[LOG 09:33:07.505] PartLoader: Compiling Part 'Squad/Parts/Aero/wingletAV-R8/wingletAV-R8/R8winglet'
[LOG 09:33:07.508] PartLoader: Compiling Part 'Squad/Parts/Aero/wingletAV-T1/wingletAV-T1/winglet'
[LOG 09:33:07.510] PartLoader: Compiling Part 'Squad/Parts/Aero/wingletDeltaDeluxe/wingletDeltaDeluxe/winglet3'
[LOG 09:33:07.513] PartLoader: Compiling Part 'Squad/Parts/Aero/wings/connector1/wingConnector'
[LOG 09:33:07.515] PartLoader: Compiling Part 'Squad/Parts/Aero/wings/connector2/wingConnector2'
[LOG 09:33:07.516] PartLoader: Compiling Part 'Squad/Parts/Aero/wings/connector3/wingConnector3'
[LOG 09:33:07.519] PartLoader: Compiling Part 'Squad/Parts/Aero/wings/connector4/wingConnector4'
[LOG 09:33:07.520] PartLoader: Compiling Part 'Squad/Parts/Aero/wings/connector5/wingConnector5'
[LOG 09:33:07.522] PartLoader: Compiling Part 'Squad/Parts/Aero/wings/delta/deltaWing'
[LOG 09:33:07.523] PartLoader: Compiling Part 'Squad/Parts/Aero/wings/delta_small/delta_small'
[LOG 09:33:07.524] PartLoader: Compiling Part 'Squad/Parts/Aero/wings/elevon1/StandardCtrlSrf'
[LOG 09:33:07.526] PartLoader: Compiling Part 'Squad/Parts/Aero/wings/elevon2/elevon2'
[LOG 09:33:07.529] PartLoader: Compiling Part 'Squad/Parts/Aero/wings/elevon3/elevon3'
[LOG 09:33:07.531] PartLoader: Compiling Part 'Squad/Parts/Aero/wings/elevon4/smallCtrlSrf'
[LOG 09:33:07.534] PartLoader: Compiling Part 'Squad/Parts/Aero/wings/elevon5/elevon5'
[LOG 09:33:07.536] PartLoader: Compiling Part 'Squad/Parts/Aero/wings/strake/wingStrake'
[LOG 09:33:07.537] PartLoader: Compiling Part 'Squad/Parts/Aero/wings/structural1/structuralWing'
[LOG 09:33:07.538] PartLoader: Compiling Part 'Squad/Parts/Aero/wings/structural2/structuralWing2'
[LOG 09:33:07.540] PartLoader: Compiling Part 'Squad/Parts/Aero/wings/structural3/structuralWing3'
[LOG 09:33:07.541] PartLoader: Compiling Part 'Squad/Parts/Aero/wings/structural4/structuralWing4'
[LOG 09:33:07.543] PartLoader: Compiling Part 'Squad/Parts/Aero/wings/swept1/sweptWing1'
[LOG 09:33:07.544] PartLoader: Compiling Part 'Squad/Parts/Aero/wings/swept2/sweptWing2'
[LOG 09:33:07.546] PartLoader: Compiling Part 'Squad/Parts/Cargo/CargoContainers/cargoContainer/cargoContainer'
[WRN 09:33:07.546] [Part]: Cannot have ModuleCargoPart and ModuleInventoryPart on same Part [cargoContainer'. Removed ModuleCargoPart
[LOG 09:33:07.554] PartLoader: Compiling Part 'Squad/Parts/Cargo/CargoContainers/smallCargoContainer/smallCargoContainer'
[WRN 09:33:07.556] [Part]: Cannot have ModuleCargoPart and ModuleInventoryPart on same Part [smallCargoContainer'. Removed ModuleCargoPart
[LOG 09:33:07.557] PartLoader: Compiling Part 'Squad/Parts/Cargo/Cylinder/Cylinder/evaCylinder'
[LOG 09:33:07.559] PartLoader: Compiling Part 'Squad/Parts/Cargo/GroundAnchor/groundAnchor/groundAnchor'
[LOG 09:33:07.581] PartLoader: Compiling Part 'Squad/Parts/Cargo/Jetpack/Jetpack/evaJetpack'
[LOG 09:33:07.583] PartLoader: Compiling Part 'Squad/Parts/Cargo/Parachute/Parachute/evaChute'
[LOG 09:33:07.584] PartLoader: Compiling Part 'Squad/Parts/Cargo/RepairKit/RepairKit/evaRepairKit'
[LOG 09:33:07.586] PartLoader: Compiling Part 'Squad/Parts/Cargo/ScienceKit/evaScienceKit/evaScienceKit'
[LOG 09:33:07.588] PartLoader: Compiling Part 'Squad/Parts/Cargo/StorageUnits/CargoStorageUnit/CargoStorageUnit'
[WRN 09:33:07.589] [Part]: Cannot have ModuleCargoPart and ModuleInventoryPart on same Part [CargoStorageUnit'. Removed ModuleCargoPart
[LOG 09:33:07.590] PartLoader: Compiling Part 'Squad/Parts/Cargo/StorageUnits/ConformalStorageUnit/ConformalStorageUnit'
[WRN 09:33:07.591] [Part]: Cannot have ModuleCargoPart and ModuleInventoryPart on same Part [ConformalStorageUnit'. Removed ModuleCargoPart
[LOG 09:33:07.592] PartLoader: Compiling Part 'Squad/Parts/Command/advancedSasModuleLarge/advSasModuleLarge/asasmodule1-2'
[LOG 09:33:07.597] PartLoader: Compiling Part 'Squad/Parts/Command/cupola/cupola/cupola'
[LOG 09:33:07.617] PartLoader: Compiling Part 'Squad/Parts/Command/externalCommandSeat/externalCommandSeat/seatExternalCmd'
[LOG 09:33:07.623] PartLoader: Compiling Part 'Squad/Parts/Command/hitchhikerStorageContainer/hitchikerStorageContainer/crewCabin'
[LOG 09:33:07.627] PartLoader: Compiling Part 'Squad/Parts/Command/inlineAdvancedStabilizer/inlineAdvancedStabilizer/advSasModule'
[LOG 09:33:07.630] PartLoader: Compiling Part 'Squad/Parts/Command/inlineReactionWheel/inlineReactionWheel/sasModule'
[LOG 09:33:07.632] PartLoader: Compiling Part 'Squad/Parts/Command/Mk1-3Pod/mk1-3/mk1-3pod'
[LOG 09:33:07.647] PartLoader: Compiling Part 'Squad/Parts/Command/mk1Cockpits/mk1Cockpit/Mark1Cockpit'
[WRN 09:33:07.650] [Part]: Cannot have ModuleCargoPart and ModuleInventoryPart on same Part [Mark1Cockpit'. Removed ModuleCargoPart
[LOG 09:33:07.653] PartLoader: Compiling Part 'Squad/Parts/Command/mk1Cockpits/mk1CrewCabin/MK1CrewCabin'
[WRN 09:33:07.655] [Part]: Cannot have ModuleCargoPart and ModuleInventoryPart on same Part [MK1CrewCabin'. Removed ModuleCargoPart
[LOG 09:33:07.658] PartLoader: Compiling Part 'Squad/Parts/Command/mk1Cockpits/mk1InlineCockpit/Mark2Cockpit'
[WRN 09:33:07.660] [Part]: Cannot have ModuleCargoPart and ModuleInventoryPart on same Part [Mark2Cockpit'. Removed ModuleCargoPart
[LOG 09:33:07.666] PartLoader: Compiling Part 'Squad/Parts/Command/mk1LanderCan/mk1LanderCan/landerCabinSmall'
[WRN 09:33:07.667] [Part]: Cannot have ModuleCargoPart and ModuleInventoryPart on same Part [landerCabinSmall'. Removed ModuleCargoPart
[LOG 09:33:07.670] PartLoader: Compiling Part 'Squad/Parts/Command/mk1pod_v2/mk1Pod_v2/mk1pod_v2'
[WRN 09:33:07.676] [Part]: Cannot have ModuleCargoPart and ModuleInventoryPart on same Part [mk1pod.v2'. Removed ModuleCargoPart
[LOG 09:33:07.682] PartLoader: Compiling Part 'Squad/Parts/Command/mk2CockpitInline/mk2CockpitInline/mk2Cockpit_Inline'
[WRN 09:33:07.685] [Part]: Cannot have ModuleCargoPart and ModuleInventoryPart on same Part [mk2Cockpit.Inline'. Removed ModuleCargoPart
[LOG 09:33:07.691] PartLoader: Compiling Part 'Squad/Parts/Command/mk2CockpitStandard/mk2CockpitStandard/mk2Cockpit_Standard'
[WRN 09:33:07.694] [Part]: Cannot have ModuleCargoPart and ModuleInventoryPart on same Part [mk2Cockpit.Standard'. Removed ModuleCargoPart
[LOG 09:33:07.697] PartLoader: Compiling Part 'Squad/Parts/Command/mk2DroneCore/mk2Dronecore/mk2DroneCore'
[LOG 09:33:07.700] PartLoader: Compiling Part 'Squad/Parts/Command/mk2LanderCan/mk2LanderCan/mk2LanderCabin'
[WRN 09:33:07.702] [Part]: Cannot have ModuleCargoPart and ModuleInventoryPart on same Part [mk2LanderCabin'. Removed ModuleCargoPart
[LOG 09:33:07.706] PartLoader: Compiling Part 'Squad/Parts/Command/mk2LanderCan_v2/mk2LanderCan_v2/mk2LanderCabin_v2'
[WRN 09:33:07.709] [Part]: Cannot have ModuleCargoPart and ModuleInventoryPart on same Part [mk2LanderCabin.v2'. Removed ModuleCargoPart
[LOG 09:33:07.713] PartLoader: Compiling Part 'Squad/Parts/Command/mk3CockpitShuttle/mk3CockpitShuttle/mk3Cockpit_Shuttle'
[LOG 09:33:07.719] PartLoader: Compiling Part 'Squad/Parts/Command/MpoProbe/MpoProbe/MpoProbe'
[LOG 09:33:07.729] PartLoader: Compiling Part 'Squad/Parts/Command/MtmStage/MTM_Stage/MtmStage'
[LOG 09:33:07.735] PartLoader: Compiling Part 'Squad/Parts/Command/probeCoreCube/probeCoreCube/probeCoreCube'
[LOG 09:33:07.740] PartLoader: Compiling Part 'Squad/Parts/Command/probeCoreHex/probeCoreHex/probeCoreHex'
[LOG 09:33:07.745] PartLoader: Compiling Part 'Squad/Parts/Command/probeCoreHex_v2/probeCoreHex_v2/probeCoreHex_v2'
[LOG 09:33:07.749] PartLoader: Compiling Part 'Squad/Parts/Command/probeCoreOcto2_v2/probeCoreOcto2_v2/probeCoreOcto2_v2'
[LOG 09:33:07.754] PartLoader: Compiling Part 'Squad/Parts/Command/probeCoreOcto_v2/probeCoreOcto_v2/probeCoreOcto_v2'
[LOG 09:33:07.764] PartLoader: Compiling Part 'Squad/Parts/Command/probeRoverBody/probeRoverBody/roverBody'
[LOG 09:33:07.768] PartLoader: Compiling Part 'Squad/Parts/Command/probeRoverBody_v2/probeRoverBody_v2/roverBody_v2'
[LOG 09:33:07.774] PartLoader: Compiling Part 'Squad/Parts/Command/probeStackLarge/probeStackLarge/probeStackLarge'
[LOG 09:33:07.779] PartLoader: Compiling Part 'Squad/Parts/Command/probeStackSmall/probeStackSmall/probeStackSmall'
[LOG 09:33:07.785] PartLoader: Compiling Part 'Squad/Parts/Command/probeStackSphere_v2/probeStackSphere_v2/probeCoreSphere_v2'
[LOG 09:33:07.791] PartLoader: Compiling Part 'Squad/Parts/CompoundParts/FuelLine/fuelLine/fuelLine'
[LOG 09:33:07.811] PartLoader: Compiling Part 'Squad/Parts/CompoundParts/strutConnector/strutConnector/strutConnector'
[LOG 09:33:07.816] PartLoader: Compiling Part 'Squad/Parts/Coupling/Decoupler_0/Decoupler_0'
[LOG 09:33:07.821] PartLoader: Compiling Part 'Squad/Parts/Coupling/Decoupler_1/Decoupler_1'
[LOG 09:33:07.824] PartLoader: Compiling Part 'Squad/Parts/Coupling/Decoupler_2/Decoupler_2'
[LOG 09:33:07.827] PartLoader: Compiling Part 'Squad/Parts/Coupling/Decoupler_3/Decoupler_3'
[LOG 09:33:07.830] PartLoader: Compiling Part 'Squad/Parts/Coupling/Separator_0/Separator_0'
[LOG 09:33:07.833] PartLoader: Compiling Part 'Squad/Parts/Coupling/Separator_1/Separator_1'
[LOG 09:33:07.837] PartLoader: Compiling Part 'Squad/Parts/Coupling/Separator_2/Separator_2'
[LOG 09:33:07.839] PartLoader: Compiling Part 'Squad/Parts/Coupling/Separator_3/Separator_3'
[LOG 09:33:07.841] PartLoader: Compiling Part 'Squad/Parts/Electrical/10CSolarPanels/OX-10C/solarPanelOX10C'
[LOG 09:33:07.849] PartLoader: Compiling Part 'Squad/Parts/Electrical/10CSolarPanels/SP-10C/solarPanelSP10C'
[LOG 09:33:07.853] PartLoader: Compiling Part 'Squad/Parts/Electrical/10LSolarPanels/OX-10L/solarPanelOX10L'
[LOG 09:33:07.856] PartLoader: Compiling Part 'Squad/Parts/Electrical/10LSolarPanels/SP-10L/solarPanelSP10L'
[LOG 09:33:07.859] PartLoader: Compiling Part 'Squad/Parts/Electrical/1x6ShroudSolarPanels/1x6ShroudSolarPanels/solarPanels2'
[LOG 09:33:07.863] PartLoader: Compiling Part 'Squad/Parts/Electrical/1x6SolarPanels/1x6SolarPanels/solarPanels4'
[LOG 09:33:07.866] PartLoader: Compiling Part 'Squad/Parts/Electrical/3x2ShroudSolarPanels/3x2ShroudSolarPanels/solarPanels1'
[LOG 09:33:07.868] PartLoader: Compiling Part 'Squad/Parts/Electrical/3x2SolarPanels/3x2SolarPanels/solarPanels3'
[LOG 09:33:07.871] PartLoader: Compiling Part 'Squad/Parts/Electrical/gigantorXlSolarArray/gigantorXlSolarArray/largeSolarPanel'
[LOG 09:33:07.873] PartLoader: Compiling Part 'Squad/Parts/Electrical/radialFlatSolarPanel/radialFlatSolarPanel/solarPanels5'
[LOG 09:33:07.875] PartLoader: Compiling Part 'Squad/Parts/Electrical/RTG/RTG/rtg'
[LOG 09:33:07.883] PartLoader: Compiling Part 'Squad/Parts/Electrical/z-100Battery/z-100Battery/batteryPack'
[LOG 09:33:07.885] PartLoader: Compiling Part 'Squad/Parts/Electrical/z-1kBattery/z-1kBattery/batteryBank'
[LOG 09:33:07.887] PartLoader: Compiling Part 'Squad/Parts/Electrical/z-200Battery/z-200Battery/batteryBankMini'
[LOG 09:33:07.889] PartLoader: Compiling Part 'Squad/Parts/Electrical/z-400Battery/z-400Battery/ksp_r_largeBatteryPack'
[LOG 09:33:07.890] PartLoader: Compiling Part 'Squad/Parts/Electrical/z-4kBattery/z-4kBattery/batteryBankLarge'
[LOG 09:33:07.891] PartLoader: Compiling Part 'Squad/Parts/Engine/ionEngine/ionEngine/ionEngine'
[LOG 09:33:07.903] PartLoader: Compiling Part 'Squad/Parts/Engine/jetEngines/jetEngineAfterburning/turboJet'
[LOG 09:33:07.925] PartLoader: Compiling Part 'Squad/Parts/Engine/jetEngines/jetEngineBasic/JetEngine'
[LOG 09:33:07.930] PartLoader: Compiling Part 'Squad/Parts/Engine/jetEngines/jetEngineBig/turboFanSize2'
[LOG 09:33:07.936] PartLoader: Compiling Part 'Squad/Parts/Engine/jetEngines/jetEngineTurbo/turboFanEngine'
[LOG 09:33:07.942] PartLoader: Compiling Part 'Squad/Parts/Engine/liquidEngine24-77/liquidEngine24-77/smallRadialEngine'
[LOG 09:33:07.946] PartLoader: Compiling Part 'Squad/Parts/Engine/liquidEngine24-77_v2/liquidEngine24-77_v2/smallRadialEngine_v2'
[LOG 09:33:07.951] PartLoader: Compiling Part 'Squad/Parts/Engine/liquidEngine48-7S_v2/liquidEngine48-7S_v2/liquidEngineMini_v2'
[LOG 09:33:07.957] PartLoader: Compiling Part 'Squad/Parts/Engine/liquidEngineAerospike/liquidEngineAerospike/toroidalAerospike'
[LOG 09:33:07.979] PartLoader: Compiling Part 'Squad/Parts/Engine/liquidEngineLV-1_v2/liquidEngineLV-1R _v2/radialEngineMini_v2'
[LOG 09:33:07.984] PartLoader: Compiling Part 'Squad/Parts/Engine/liquidEngineLV-1_v2/liquidEngineLV-1_v2/microEngine_v2'
[LOG 09:33:07.988] PartLoader: Compiling Part 'Squad/Parts/Engine/liquidEngineLV-909_v2/liquidEngineLV-909_v2/liquidEngine3_v2'
[LOG 09:33:07.995] PartLoader: Compiling Part 'Squad/Parts/Engine/liquidEngineLV-N/liquidEngineLV-N/nuclearEngine'
[LOG 09:33:08.000] PartLoader: Compiling Part 'Squad/Parts/Engine/liquidEngineLV-T30/liquidEngineLV-T30/liquidEngine'
[LOG 09:33:08.004] PartLoader: Compiling Part 'Squad/Parts/Engine/liquidEngineLV-T30_v2/liquidEngineLV-T30_v2/liquidEngine_v2'
[LOG 09:33:08.011] PartLoader: Compiling Part 'Squad/Parts/Engine/liquidEngineLV-T45/liquidEngineLV-T45/liquidEngine2'
[LOG 09:33:08.019] PartLoader: Compiling Part 'Squad/Parts/Engine/liquidEngineLV-T45_v2/liquidEngineLV-T45_v2/liquidEngine2_v2'
[LOG 09:33:08.027] PartLoader: Compiling Part 'Squad/Parts/Engine/liquidEngineMainsail_v2/liquidEngineMainsail_v2/liquidEngineMainsail_v2'
[LOG 09:33:08.035] PartLoader: Compiling Part 'Squad/Parts/Engine/liquidEngineMk55/liquidEngineMk55/radialLiquidEngine1-2'
[LOG 09:33:08.040] PartLoader: Compiling Part 'Squad/Parts/Engine/liquidEnginePoodle_v2/liquidEnginePoodle_v2/liquidEngine2-2_v2'
[LOG 09:33:08.047] PartLoader: Compiling Part 'Squad/Parts/Engine/liquidEngineSkipper_v2/skipperLiquidEngine_v2/engineLargeSkipper_v2'
[LOG 09:33:08.052] PartLoader: Compiling Part 'Squad/Parts/Engine/liquidEngineSSME/SSME/SSME'
[LOG 09:33:08.060] PartLoader: Compiling Part 'Squad/Parts/Engine/MassiveSRB/part/MassiveBooster'
[LOG 09:33:08.067] PartLoader: Compiling Part 'Squad/Parts/Engine/miniJet/SmallJetEngine/miniJetEngine'
[LOG 09:33:08.073] PartLoader: Compiling Part 'Squad/Parts/Engine/OMSEngine/omsEngine/omsEngine'
[LOG 09:33:08.077] PartLoader: Compiling Part 'Squad/Parts/Engine/rapierEngine/rapierEngine/RAPIER'
[LOG 09:33:08.084] PartLoader: Compiling Part 'Squad/Parts/Engine/Size1_SRBs/solidBoosterRT-10_v2/solidBooster_v2'
[LOG 09:33:08.089] PartLoader: Compiling Part 'Squad/Parts/Engine/Size1_SRBs/solidBoosterRT-5_v2/solidBooster_sm_v2'
[LOG 09:33:08.094] PartLoader: Compiling Part 'Squad/Parts/Engine/Size2LFB/part/Size2LFB'
[LOG 09:33:08.098] PartLoader: Compiling Part 'Squad/Parts/Engine/Size2LFB_v2/part/Size2LFB_v2'
[LOG 09:33:08.103] PartLoader: Compiling Part 'Squad/Parts/Engine/Size3AdvancedEngine/part/Size3AdvancedEngine'
[LOG 09:33:08.109] PartLoader: Compiling Part 'Squad/Parts/Engine/Size3EngineCluster/part/Size3EngineCluster'
[LOG 09:33:08.114] PartLoader: Compiling Part 'Squad/Parts/Engine/solidBoosterBACC/solidBoosterBACC/solidBooster1-1'
[LOG 09:33:08.118] PartLoader: Compiling Part 'Squad/Parts/Engine/solidBoosterS2-17/solidBoosterS2-17/Thoroughbred'
[LOG 09:33:08.123] PartLoader: Compiling Part 'Squad/Parts/Engine/solidBoosterS2-33/solidBoosterS2-33/Clydesdale'
[LOG 09:33:08.127] PartLoader: Compiling Part 'Squad/Parts/Engine/solidBoosterSep/solidBoosterSep/sepMotor1'
[LOG 09:33:08.128] [ModuleCargoPart]: Setting stackableQuantity to 1 as sepMotor1 contains resources
[LOG 09:33:08.130] PartLoader: Compiling Part 'Squad/Parts/Engine/SolidBoostersF/SolidBoosterF3S0/Shrimp'
[LOG 09:33:08.134] PartLoader: Compiling Part 'Squad/Parts/Engine/SolidBoostersF/SolidBoosterFM1/Mite'
[LOG 09:33:08.143] PartLoader: Compiling Part 'Squad/Parts/FuelTank/adapterTanks/Mk3-Mk2/adapterMk3-Mk2'
[LOG 09:33:08.144] PartLoader: Compiling Part 'Squad/Parts/FuelTank/adapterTanks/Mk3-ShuttleAdapter/adapterEngines'
[LOG 09:33:08.145] PartLoader: Compiling Part 'Squad/Parts/FuelTank/adapterTanks/Mk3-Size2/adapterMk3-Size2'
[LOG 09:33:08.147] PartLoader: Compiling Part 'Squad/Parts/FuelTank/adapterTanks/Mk3-Size2Slant/adapterMk3-Size2Slant'
[LOG 09:33:08.147] PartLoader: Compiling Part 'Squad/Parts/FuelTank/adapterTanks/Size2-Mk2/adapterSize2-Mk2'
[LOG 09:33:08.150] PartLoader: Compiling Part 'Squad/Parts/FuelTank/adapterTanks/Size2-Size1/adapterSize2-Size1'
[LOG 09:33:08.151] PartLoader: Compiling Part 'Squad/Parts/FuelTank/adapterTanks/Size2-Size1Slant/adapterSize2-Size1Slant'
[LOG 09:33:08.153] PartLoader: Compiling Part 'Squad/Parts/FuelTank/adapterTanks/Size3-Mk3/adapterSize3-Mk3'
[LOG 09:33:08.155] PartLoader: Compiling Part 'Squad/Parts/FuelTank/drainTankFTE-1/ReleaseValve/ReleaseValve'
[LOG 09:33:08.172] PartLoader: Compiling Part 'Squad/Parts/FuelTank/FoilTanks/RadialTank_Capsule/externalTankCapsule'
[LOG 09:33:08.174] PartLoader: Compiling Part 'Squad/Parts/FuelTank/FoilTanks/RadialTank_Round/externalTankRound'
[LOG 09:33:08.181] PartLoader: Compiling Part 'Squad/Parts/FuelTank/FoilTanks/ToroidTank/externalTankToroid'
[LOG 09:33:08.184] PartLoader: Compiling Part 'Squad/Parts/FuelTank/fuelTankOscarB/fuelTankOscarB/miniFuelTank'
[LOG 09:33:08.186] PartLoader: Compiling Part 'Squad/Parts/FuelTank/miniFuselage/miniFuselage/miniFuselage'
[LOG 09:33:08.188] PartLoader: Compiling Part 'Squad/Parts/FuelTank/mk2Adapters/bicoupler/mk2_1m_Bicoupler'
[LOG 09:33:08.191] PartLoader: Compiling Part 'Squad/Parts/FuelTank/mk2Adapters/long/mk2_1m_AdapterLong'
[LOG 09:33:08.193] PartLoader: Compiling Part 'Squad/Parts/FuelTank/mk2Adapters/standard/mk2SpacePlaneAdapter'
[LOG 09:33:08.195] PartLoader: Compiling Part 'Squad/Parts/FuelTank/mk2FuselageLong/LFO_long/mk2FuselageLongLFO'
[LOG 09:33:08.198] PartLoader: Compiling Part 'Squad/Parts/FuelTank/mk2FuselageLong/L_long/mk2Fuselage'
[LOG 09:33:08.200] PartLoader: Compiling Part 'Squad/Parts/FuelTank/mk2FuselageShort/LFO_short/mk2FuselageShortLFO'
[LOG 09:33:08.202] PartLoader: Compiling Part 'Squad/Parts/FuelTank/mk2FuselageShort/L_short/mk2FuselageShortLiquid'
[LOG 09:33:08.204] PartLoader: Compiling Part 'Squad/Parts/FuelTank/mk2FuselageShort/Mono_short/mk2FuselageShortMono'
[LOG 09:33:08.206] PartLoader: Compiling Part 'Squad/Parts/FuelTank/mk3Fuselage/CREW/mk3CrewCabin'
[LOG 09:33:08.216] PartLoader: Compiling Part 'Squad/Parts/FuelTank/mk3Fuselage/LFO_100/mk3FuselageLFO_100'
[LOG 09:33:08.219] PartLoader: Compiling Part 'Squad/Parts/FuelTank/mk3Fuselage/LFO_25/mk3FuselageLFO_25'
[LOG 09:33:08.220] PartLoader: Compiling Part 'Squad/Parts/FuelTank/mk3Fuselage/LFO_50/mk3FuselageLFO_50'
[LOG 09:33:08.222] PartLoader: Compiling Part 'Squad/Parts/FuelTank/mk3Fuselage/LF_100/mk3FuselageLF_100'
[LOG 09:33:08.223] PartLoader: Compiling Part 'Squad/Parts/FuelTank/mk3Fuselage/LF_25/mk3FuselageLF_25'
[LOG 09:33:08.224] PartLoader: Compiling Part 'Squad/Parts/FuelTank/mk3Fuselage/LF_50/mk3FuselageLF_50'
[LOG 09:33:08.226] PartLoader: Compiling Part 'Squad/Parts/FuelTank/mk3Fuselage/MONO/mk3FuselageMONO'
[LOG 09:33:08.228] PartLoader: Compiling Part 'Squad/Parts/FuelTank/RCSFuelTankR1/RCSFuelTankR1/RCSTank1-2'
[LOG 09:33:08.230] PartLoader: Compiling Part 'Squad/Parts/FuelTank/RCSFuelTankR10/RCSFuelTankR10/rcsTankMini'
[LOG 09:33:08.232] PartLoader: Compiling Part 'Squad/Parts/FuelTank/RCSFuelTankR25/RCSFuelTankR25/RCSFuelTank'
[LOG 09:33:08.234] PartLoader: Compiling Part 'Squad/Parts/FuelTank/RCSTankRadial/radialRCSTank/radialRCSTank'
[LOG 09:33:08.236] PartLoader: Compiling Part 'Squad/Parts/FuelTank/RCStankRadialLong/RCSTankRadialLong/rcsTankRadialLong'
[LOG 09:33:08.238] PartLoader: Compiling Part 'Squad/Parts/FuelTank/RockomaxTanks/Rockomax16/Rockomax16_BW'
[LOG 09:33:08.240] PartLoader: Compiling Part 'Squad/Parts/FuelTank/RockomaxTanks/Rockomax32/Rockomax32_BW'
[LOG 09:33:08.242] PartLoader: Compiling Part 'Squad/Parts/FuelTank/RockomaxTanks/Rockomax64/Rockomax64_BW'
[LOG 09:33:08.243] PartLoader: Compiling Part 'Squad/Parts/FuelTank/RockomaxTanks/Rockomax8/Rockomax8BW'
[LOG 09:33:08.245] PartLoader: Compiling Part 'Squad/Parts/FuelTank/Size1_Tanks/fuelTankT100/fuelTankSmallFlat'
[LOG 09:33:08.247] PartLoader: Compiling Part 'Squad/Parts/FuelTank/Size1_Tanks/fuelTankT200/fuelTankSmall'
[LOG 09:33:08.248] PartLoader: Compiling Part 'Squad/Parts/FuelTank/Size1_Tanks/fuelTankT400/fuelTank'
[LOG 09:33:08.251] PartLoader: Compiling Part 'Squad/Parts/FuelTank/Size1_Tanks/fuelTankT800/fuelTank_long'
[LOG 09:33:08.253] PartLoader: Compiling Part 'Squad/Parts/FuelTank/Size3Tanks/large/Size3LargeTank'
[LOG 09:33:08.255] PartLoader: Compiling Part 'Squad/Parts/FuelTank/Size3Tanks/medium/Size3MediumTank'
[LOG 09:33:08.256] PartLoader: Compiling Part 'Squad/Parts/FuelTank/Size3Tanks/small/Size3SmallTank'
[LOG 09:33:08.257] PartLoader: Compiling Part 'Squad/Parts/FuelTank/xenonTank/xenonTank/xenonTank'
[LOG 09:33:08.259] PartLoader: Compiling Part 'Squad/Parts/FuelTank/xenonTankLarge/xenonTankLarge/xenonTankLarge'
[LOG 09:33:08.261] PartLoader: Compiling Part 'Squad/Parts/FuelTank/xenonTankRadial/xenonTankRadial/xenonTankRadial'
[LOG 09:33:08.262] PartLoader: Compiling Part 'Squad/Parts/Misc/AsteroidDay/CamSat/InfraredTelescope'
[LOG 09:33:08.266] PartLoader: Compiling Part 'Squad/Parts/Misc/AsteroidDay/HECS2/HECS2_ProbeCore'
[LOG 09:33:08.270] PartLoader: Compiling Part 'Squad/Parts/Misc/AsteroidDay/HighGainAntenna/HighGainAntenna'
[LOG 09:33:08.275] PartLoader: Compiling Part 'Squad/Parts/Misc/AsteroidDay/LgRadialSolar/LgRadialSolarPanel'
[LOG 09:33:08.277] PartLoader: Compiling Part 'Squad/Parts/Misc/PotatoComet/part/PotatoComet'
[LOG 09:33:08.284] PartLoader: Compiling Part 'Squad/Parts/Misc/PotatoRoid/part/PotatoRoid'
[LOG 09:33:08.291] PartLoader: Compiling Part 'Squad/Parts/Prebuilt/flag/flag'
[LOG 09:33:08.292] PartLoader: Compiling Part 'Squad/Parts/Prebuilt/kerbalEVA/kerbalEVA'
[LOG 09:33:08.304] PartLoader: Compiling Part 'Squad/Parts/Prebuilt/kerbalEVAfemale/kerbalEVAfemale'
[LOG 09:33:08.307] PartLoader: Compiling Part 'Squad/Parts/Prebuilt/kerbalEVASlimSuit/kerbalEVASlimSuit'
[LOG 09:33:08.310] PartLoader: Compiling Part 'Squad/Parts/Prebuilt/kerbalEVASlimSuitFemale/kerbalEVASlimSuitFemale'
[LOG 09:33:08.313] PartLoader: Compiling Part 'Squad/Parts/Resources/FuelCell/FuelCell/FuelCell'
[LOG 09:33:08.321] PartLoader: Compiling Part 'Squad/Parts/Resources/FuelCell/FuelCellArray/FuelCellArray'
[LOG 09:33:08.324] PartLoader: Compiling Part 'Squad/Parts/Resources/ISRU/ISRU/ISRU'
[LOG 09:33:08.329] PartLoader: Compiling Part 'Squad/Parts/Resources/LargeTank/LargeTank/LargeTank'
[LOG 09:33:08.332] PartLoader: Compiling Part 'Squad/Parts/Resources/MiniDrill/MiniDrill/MiniDrill'
[LOG 09:33:08.348] PartLoader: Compiling Part 'Squad/Parts/Resources/MiniISRU/MiniISRU/MiniISRU'
[LOG 09:33:08.352] PartLoader: Compiling Part 'Squad/Parts/Resources/OrbitalScanner/OrbitalScanner/OrbitalScanner'
[LOG 09:33:08.361] PartLoader: Compiling Part 'Squad/Parts/Resources/RadialDrill/RadialDrill/RadialDrill'
[LOG 09:33:08.366] PartLoader: Compiling Part 'Squad/Parts/Resources/RadialTank/RadialTank/RadialOreTank'
[LOG 09:33:08.370] PartLoader: Compiling Part 'Squad/Parts/Resources/SmallTank/SmallTank/SmallTank'
[LOG 09:33:08.371] PartLoader: Compiling Part 'Squad/Parts/Resources/SurfaceScanner/SurfaceScanner/SurfaceScanner'
[LOG 09:33:08.387] PartLoader: Compiling Part 'Squad/Parts/Resources/SurveyScanner/SurveyScanner/SurveyScanner'
[LOG 09:33:08.393] PartLoader: Compiling Part 'Squad/Parts/Science/AtmosphereSensor/sensorAtmosphere/sensorAtmosphere'
[LOG 09:33:08.396] PartLoader: Compiling Part 'Squad/Parts/Science/GooExperiment/gooExperiment/GooExperiment'
[LOG 09:33:08.400] PartLoader: Compiling Part 'Squad/Parts/Science/LargeCrewedLab/largeCrewedLab/Large_Crewed_Lab'
[LOG 09:33:08.412] PartLoader: Compiling Part 'Squad/Parts/Science/Magnetometer/Magnetometer/Magnetometer'
[LOG 09:33:08.419] PartLoader: Compiling Part 'Squad/Parts/Science/MaterialBay/materialBay/science_module'
[LOG 09:33:08.422] PartLoader: Compiling Part 'Squad/Parts/Science/ScienceBox/ScienceBox/ScienceBox'
[LOG 09:33:08.424] PartLoader: Compiling Part 'Squad/Parts/Science/sensorAccelerometer/sensorAccelerometer/sensorAccelerometer'
[LOG 09:33:08.430] PartLoader: Compiling Part 'Squad/Parts/Science/sensorBarometer/sensorBarometer/sensorBarometer'
[LOG 09:33:08.433] PartLoader: Compiling Part 'Squad/Parts/Science/sensorGravimeter/sensorGravimeter/sensorGravimeter'
[LOG 09:33:08.436] PartLoader: Compiling Part 'Squad/Parts/Science/sensorThermometer/sensorThermometer/sensorThermometer'
[LOG 09:33:08.439] PartLoader: Compiling Part 'Squad/Parts/Structural/FLAdapters/adapterSmallMiniShort/adapterSmallMiniShort'
[LOG 09:33:08.440] PartLoader: Compiling Part 'Squad/Parts/Structural/FLAdapters/adapterSmallMiniTall/adapterSmallMiniTall'
[LOG 09:33:08.442] PartLoader: Compiling Part 'Squad/Parts/Structural/mk1Parts/engineBodyRadial/radialEngineBody'
[LOG 09:33:08.444] PartLoader: Compiling Part 'Squad/Parts/Structural/mk1Parts/engineNacelle/nacelleBody'
[LOG 09:33:08.446] PartLoader: Compiling Part 'Squad/Parts/Structural/mk1Parts/mk1Fuselage/MK1Fuselage'
[LOG 09:33:08.448] PartLoader: Compiling Part 'Squad/Parts/Structural/mk1Parts/mk1FuselageIntake/MK1IntakeFuselage'
[LOG 09:33:08.450] PartLoader: Compiling Part 'Squad/Parts/Structural/mk1Parts/mk1Structural/Mk1FuselageStructural'
[LOG 09:33:08.451] PartLoader: Compiling Part 'Squad/Parts/Structural/Size3To2Adapter_v2/Size2to3_v2/Size3To2Adapter_v2'
[LOG 09:33:08.454] PartLoader: Compiling Part 'Squad/Parts/Structural/stackAdapters/adapterLargeSmallBi/adapterLargeSmallBi'
[LOG 09:33:08.456] PartLoader: Compiling Part 'Squad/Parts/Structural/stackAdapters/adapterLargeSmallQuad/adapterLargeSmallQuad'
[LOG 09:33:08.459] PartLoader: Compiling Part 'Squad/Parts/Structural/stackAdapters/adapterLargeSmallTri/adapterLargeSmallTri'
[LOG 09:33:08.461] PartLoader: Compiling Part 'Squad/Parts/Structural/stationHub/stationHub/stationHub'
[LOG 09:33:08.463] PartLoader: Compiling Part 'Squad/Parts/Structural/structuralIBeam200/structuralIBeam200/structuralIBeam2'
[LOG 09:33:08.465] PartLoader: Compiling Part 'Squad/Parts/Structural/structuralIBeam200Pocket/structuralIBeam200Pocket/structuralIBeam3'
[LOG 09:33:08.466] PartLoader: Compiling Part 'Squad/Parts/Structural/structuralIBeam650/structuralIBeam650/structuralIBeam1'
[LOG 09:33:08.468] PartLoader: Compiling Part 'Squad/Parts/Structural/structuralMicronode/structuralMicronode/structuralMiniNode'
[LOG 09:33:08.470] PartLoader: Compiling Part 'Squad/Parts/Structural/structuralPanel1x1/structuralPanel1x1/structuralPanel1'
[LOG 09:33:08.471] PartLoader: Compiling Part 'Squad/Parts/Structural/structuralPanel2x2/structuralPanel2x2/structuralPanel2'
[LOG 09:33:08.472] PartLoader: Compiling Part 'Squad/Parts/Structural/structuralPylons/smallHardpoint/smallHardpoint'
[LOG 09:33:08.475] PartLoader: Compiling Part 'Squad/Parts/Structural/structuralPylons/structuralPylon/structuralPylon'
[LOG 09:33:08.478] PartLoader: Compiling Part 'Squad/Parts/Structural/strutCubicOcto/strutCubicOcto/strutCube'
[LOG 09:33:08.480] PartLoader: Compiling Part 'Squad/Parts/Structural/strutOcto/strutOcto/strutOcto'
[LOG 09:33:08.482] PartLoader: Compiling Part 'Squad/Parts/Structural/trussGirderAdapter/trussGirderAdapter/trussAdapter'
[LOG 09:33:08.484] PartLoader: Compiling Part 'Squad/Parts/Structural/trussGirderL/trussGirderL/trussPiece1x'
[LOG 09:33:08.485] PartLoader: Compiling Part 'Squad/Parts/Structural/trussGirderXL/trussGirderXL/trussPiece3x'
[LOG 09:33:08.486] PartLoader: Compiling Part 'Squad/Parts/Thermal/FoldingRadiators/foldingRadLarge/foldingRadLarge'
[LOG 09:33:08.497] PartLoader: Compiling Part 'Squad/Parts/Thermal/FoldingRadiators/foldingRadMed/foldingRadMed'
[LOG 09:33:08.500] PartLoader: Compiling Part 'Squad/Parts/Thermal/FoldingRadiators/foldingRadSmall/foldingRadSmall'
[LOG 09:33:08.504] PartLoader: Compiling Part 'Squad/Parts/Thermal/RadiatorPanels/radPanelEdge/radPanelEdge'
[LOG 09:33:08.507] PartLoader: Compiling Part 'Squad/Parts/Thermal/RadiatorPanels/radPanelLg/radPanelLg'
[LOG 09:33:08.509] PartLoader: Compiling Part 'Squad/Parts/Thermal/RadiatorPanels/radPanelSm/radPanelSm'
[LOG 09:33:08.511] PartLoader: Compiling Part 'Squad/Parts/Utility/commDish88-88/commDish88-88/commDish'
[LOG 09:33:08.516] PartLoader: Compiling Part 'Squad/Parts/Utility/commsAntennaDTS-M1/commsAntennaDTS-M1/mediumDishAntenna'
[LOG 09:33:08.520] PartLoader: Compiling Part 'Squad/Parts/Utility/commsDish16/commsAntenna16/longAntenna'
[LOG 09:33:08.524] PartLoader: Compiling Part 'Squad/Parts/Utility/decouplerRadialHDM/decouplerRadialHDM/radialDecoupler1-2'
[LOG 09:33:08.528] PartLoader: Compiling Part 'Squad/Parts/Utility/decouplerRadialTT-38K/decouplerRadialTT-38K/radialDecoupler'
[LOG 09:33:08.531] PartLoader: Compiling Part 'Squad/Parts/Utility/decouplerRadialTT-70/decouplerRadialTT-70/radialDecoupler2'
[LOG 09:33:08.535] PartLoader: Compiling Part 'Squad/Parts/Utility/DirectAntennas/C16S/SurfAntenna'
[LOG 09:33:08.537] PartLoader: Compiling Part 'Squad/Parts/Utility/DirectAntennas/HG-5/HighGainAntenna5'
[LOG 09:33:08.543] PartLoader: Compiling Part 'Squad/Parts/Utility/DirectAntennas/HG-5_v2/HighGainAntenna5_v2'
[LOG 09:33:08.546] PartLoader: Compiling Part 'Squad/Parts/Utility/dockingPort/dockingPort/dockingPort2'
[LOG 09:33:08.554] PartLoader: Compiling Part 'Squad/Parts/Utility/dockingPortInline/dockingPortInline/dockingPortLateral'
[LOG 09:33:08.558] PartLoader: Compiling Part 'Squad/Parts/Utility/dockingPortJr/dockingPortJr/dockingPort3'
[LOG 09:33:08.560] PartLoader: Compiling Part 'Squad/Parts/Utility/dockingPortShielded/dockingPortShielded/dockingPort1'
[LOG 09:33:08.564] PartLoader: Compiling Part 'Squad/Parts/Utility/dockingPortSr/dockingPortSr/dockingPortLarge'
[LOG 09:33:08.567] PartLoader: Compiling Part 'Squad/Parts/Utility/Fireworks/fireworksLauncherBig/fireworksLauncherBig'
[LOG 09:33:08.579] PartLoader: Compiling Part 'Squad/Parts/Utility/Fireworks/fireworksLauncherSmall/fireworksLauncherSmall'
[LOG 09:33:08.583] PartLoader: Compiling Part 'Squad/Parts/Utility/flags/flagFlat/flagFlat/flagPartFlat'
[LOG 09:33:08.591] PartLoader: Compiling Part 'Squad/Parts/Utility/flags/flagSize0/flagSize0/flagPartSize0'
[LOG 09:33:08.596] PartLoader: Compiling Part 'Squad/Parts/Utility/flags/flagSize1/flagSize1/flagPartSize1'
[LOG 09:33:08.599] PartLoader: Compiling Part 'Squad/Parts/Utility/flags/flagSize2/flagSize2/flagPartSize2'
[LOG 09:33:08.603] PartLoader: Compiling Part 'Squad/Parts/Utility/flags/flagSize3/flagSize3/flagPartSize3'
[LOG 09:33:08.606] PartLoader: Compiling Part 'Squad/Parts/Utility/GrapplingDevice/part/GrapplingDevice'
[LOG 09:33:08.623] PartLoader: Compiling Part 'Squad/Parts/Utility/ladderRadial/ladderRadial/ladder1'
[LOG 09:33:08.626] PartLoader: Compiling Part 'Squad/Parts/Utility/ladderTelescopic/ladderTelescopic/telescopicLadder'
[LOG 09:33:08.631] PartLoader: Compiling Part 'Squad/Parts/Utility/ladderTelescopicBay/ladderTelescopicBay/telescopicLadderBay'
[LOG 09:33:08.642] PartLoader: Compiling Part 'Squad/Parts/Utility/landingLegLT-1/landingLegLT-1/landingLeg1'
[LOG 09:33:08.667] PartLoader: Compiling Part 'Squad/Parts/Utility/landingLegLT-2/landingLegLT-2/landingLeg1-2'
[LOG 09:33:08.671] PartLoader: Compiling Part 'Squad/Parts/Utility/landingLegLT-5/landingLegLT-5/miniLandingLeg'
[LOG 09:33:08.675] PartLoader: Compiling Part 'Squad/Parts/Utility/launchClamp1/launchClamp1/launchClamp1'
[LOG 09:33:08.680] PartLoader: Compiling Part 'Squad/Parts/Utility/launchEscapeSystem/part/LaunchEscapeSystem'
[LOG 09:33:08.683] PartLoader: Compiling Part 'Squad/Parts/Utility/Lights/domeLight1/domeLight1'
[LOG 09:33:08.686] PartLoader: Compiling Part 'Squad/Parts/Utility/Lights/groundLight1/groundLight1'
[LOG 09:33:08.688] PartLoader: Compiling Part 'Squad/Parts/Utility/Lights/groundLight2/groundLight2'
[LOG 09:33:08.690] PartLoader: Compiling Part 'Squad/Parts/Utility/Lights/navLight1/navLight1'
[LOG 09:33:08.694] PartLoader: Compiling Part 'Squad/Parts/Utility/Lights/spotLight1/spotLight3'
[LOG 09:33:08.698] PartLoader: Compiling Part 'Squad/Parts/Utility/Lights/stripLight1/stripLight1'
[LOG 09:33:08.704] PartLoader: Compiling Part 'Squad/Parts/Utility/linearVernorRCS/linearRCS/linearRcs'
[LOG 09:33:08.708] PartLoader: Compiling Part 'Squad/Parts/Utility/linearVernorRCS/vernorEngine/vernierEngine'
[LOG 09:33:08.712] PartLoader: Compiling Part 'Squad/Parts/Utility/mk2CargoBay/BayL/mk2CargoBayL'
[LOG 09:33:08.714] PartLoader: Compiling Part 'Squad/Parts/Utility/mk2CargoBay/BayS/mk2CargoBayS'
[LOG 09:33:08.716] PartLoader: Compiling Part 'Squad/Parts/Utility/mk2CrewCabin/mk2CrewCabin/mk2CrewCabin'
[WRN 09:33:08.718] [Part]: Cannot have ModuleCargoPart and ModuleInventoryPart on same Part [mk2CrewCabin'. Removed ModuleCargoPart
[LOG 09:33:08.720] PartLoader: Compiling Part 'Squad/Parts/Utility/mk2DockingPort/mk2DockingPort/mk2DockingPort'
[LOG 09:33:08.723] PartLoader: Compiling Part 'Squad/Parts/Utility/mk3CargoBay/long/mk3CargoBayL'
[LOG 09:33:08.725] PartLoader: Compiling Part 'Squad/Parts/Utility/mk3CargoBay/medium/mk3CargoBayM'
[LOG 09:33:08.727] PartLoader: Compiling Part 'Squad/Parts/Utility/mk3CargoBay/ramp/mk3CargoRamp'
[LOG 09:33:08.730] PartLoader: Compiling Part 'Squad/Parts/Utility/mk3CargoBay/short/mk3CargoBayS'
[LOG 09:33:08.732] PartLoader: Compiling Part 'Squad/Parts/Utility/parachuteMk1/parachuteMk1/parachuteSingle'
[LOG 09:33:08.740] PartLoader: Compiling Part 'Squad/Parts/Utility/parachuteMk12-R/parachuteMk12-R/radialDrogue'
[LOG 09:33:08.744] PartLoader: Compiling Part 'Squad/Parts/Utility/parachuteMk16-XL/parachuteMk16-XL/parachuteLarge'
[LOG 09:33:08.746] PartLoader: Compiling Part 'Squad/Parts/Utility/parachuteMk2-R/parachuteMk2-R/parachuteRadial'
[LOG 09:33:08.749] PartLoader: Compiling Part 'Squad/Parts/Utility/parachuteMk25/parachuteMk25/parachuteDrogue'
[LOG 09:33:08.752] PartLoader: Compiling Part 'Squad/Parts/Utility/radialAttachmentPoint/radialAttachmentPoint/stackPoint1'
[LOG 09:33:08.752] PartLoader: Compiling Part 'Squad/Parts/Utility/rcsBlockRV-105_v2/rcsBlockRV-105/RCSBlock_v2'
[LOG 09:33:08.758] PartLoader: Compiling Part 'Squad/Parts/Utility/rcsBlockRV-105_v2/RCSblock_01_small/RCSblock_01_small'
[LOG 09:33:08.761] PartLoader: Compiling Part 'Squad/Parts/Utility/rcsSmallLinear/RCSLinearSmall/RCSLinearSmall'
[LOG 09:33:08.764] PartLoader: Compiling Part 'Squad/Parts/Utility/RelayAntennas/RA-100/RelayAntenna100'
[LOG 09:33:08.766] PartLoader: Compiling Part 'Squad/Parts/Utility/RelayAntennas/RA-5/RelayAntenna5'
[LOG 09:33:08.769] PartLoader: Compiling Part 'Squad/Parts/Utility/RelayAntennas/RA-50/RelayAntenna50'
[LOG 09:33:08.773] PartLoader: Compiling Part 'Squad/Parts/Utility/rockomaxAdapters/largeAdapter/largeAdapter'
[LOG 09:33:08.775] PartLoader: Compiling Part 'Squad/Parts/Utility/rockomaxAdapters/largeAdapterShort/largeAdapter2'
[LOG 09:33:08.777] PartLoader: Compiling Part 'Squad/Parts/Utility/ServiceBay_v2/ServiceBay_125_v2/ServiceBay_125_v2'
[LOG 09:33:08.779] PartLoader: Compiling Part 'Squad/Parts/Utility/ServiceBay_v2/ServiceBay_250_v2/ServiceBay_250_v2'
[LOG 09:33:08.781] PartLoader: Compiling Part 'Squad/Parts/Utility/smallClaw/smallClaw/smallClaw'
[LOG 09:33:08.786] PartLoader: Compiling Part 'Squad/Parts/Utility/spotLightMk1/spotLightMk1/spotLight1'
[LOG 09:33:08.789] PartLoader: Compiling Part 'Squad/Parts/Utility/spotLightMk1_v2/spotLightMk1_v2/spotLight1_v2'
[LOG 09:33:08.792] PartLoader: Compiling Part 'Squad/Parts/Utility/spotLightMk2/spotLightMk2/spotLight2'
[LOG 09:33:08.794] PartLoader: Compiling Part 'Squad/Parts/Utility/spotLightMk2_v2/spotLightMk2_v2/spotLight2_v2'
[LOG 09:33:08.796] PartLoader: Compiling Part 'Squad/Parts/Utility/stackCouplers/stackBiCoupler_v2/stackBiCoupler_v2'
[LOG 09:33:08.799] PartLoader: Compiling Part 'Squad/Parts/Utility/stackCouplers/stackQuadCoupler/stackQuadCoupler'
[LOG 09:33:08.800] PartLoader: Compiling Part 'Squad/Parts/Utility/stackCouplers/stackTriCoupler_v2/stackTriCoupler_v2'
[LOG 09:33:08.802] PartLoader: Compiling Part 'Squad/Parts/Wheel/LandingGear/GearExtraLarge/GearLarge'
[LOG 09:33:08.812] PartLoader: Compiling Part 'Squad/Parts/Wheel/LandingGear/GearFixed/GearFixed'
[LOG 09:33:08.815] PartLoader: Compiling Part 'Squad/Parts/Wheel/LandingGear/GearFree/GearFree'
[LOG 09:33:08.822] PartLoader: Compiling Part 'Squad/Parts/Wheel/LandingGear/GearLarge/GearMedium'
[LOG 09:33:08.830] PartLoader: Compiling Part 'Squad/Parts/Wheel/LandingGear/GearMedium/GearSmall'
[LOG 09:33:08.839] PartLoader: Compiling Part 'Squad/Parts/Wheel/LandingGear/GearSmall/SmallGearBay'
[LOG 09:33:08.849] PartLoader: Compiling Part 'Squad/Parts/Wheel/roverWheelM1/roverWheelM1/roverWheel1'
[LOG 09:33:08.857] PartLoader: Compiling Part 'Squad/Parts/Wheel/roverWheelS2/roverWheelS2/roverWheel2'
[LOG 09:33:08.862] PartLoader: Compiling Part 'Squad/Parts/Wheel/roverWheelTR-2L/roverWheelTR-2L/wheelMed'
[LOG 09:33:08.867] PartLoader: Compiling Part 'Squad/Parts/Wheel/roverWheelXL3/roverWheelXL3/roverWheel3'
[LOG 09:33:08.874] PartLoader: Compiling Part 'SquadExpansion/MakingHistory/Parts/Aero/protectiveRocketNoseMk16/rocketNoseCone_size4/rocketNoseConeSize4'
[LOG 09:33:08.875] PartLoader: Compiling Part 'SquadExpansion/MakingHistory/Parts/Aero/protectiveRocketNoseMk5A/Size_1_5_Cone/Size_1_5_Cone'
[LOG 09:33:08.878] PartLoader: Compiling Part 'SquadExpansion/MakingHistory/Parts/Coupling/Decoupler_1p5/Decoupler_1p5'
[LOG 09:33:08.883] PartLoader: Compiling Part 'SquadExpansion/MakingHistory/Parts/Coupling/Decoupler_4/Decoupler_4'
[LOG 09:33:08.886] PartLoader: Compiling Part 'SquadExpansion/MakingHistory/Parts/Coupling/EnginePlate_1p5/EnginePlate1p5'
[LOG 09:33:08.892] PartLoader: Compiling Part 'SquadExpansion/MakingHistory/Parts/Coupling/EnginePlate_2/EnginePlate2'
[LOG 09:33:08.897] PartLoader: Compiling Part 'SquadExpansion/MakingHistory/Parts/Coupling/EnginePlate_3/EnginePlate3'
[LOG 09:33:08.900] PartLoader: Compiling Part 'SquadExpansion/MakingHistory/Parts/Coupling/EnginePlate_4/EnginePlate4'
[LOG 09:33:08.903] PartLoader: Compiling Part 'SquadExpansion/MakingHistory/Parts/Coupling/EnginePlate_5/EnginePlate5'
[LOG 09:33:08.906] PartLoader: Compiling Part 'SquadExpansion/MakingHistory/Parts/Coupling/InflatableAirlock/InflatableAirlock'
[LOG 09:33:08.910] PartLoader: Compiling Part 'SquadExpansion/MakingHistory/Parts/Coupling/Separator_1p5/Separator_1p5'
[LOG 09:33:08.913] PartLoader: Compiling Part 'SquadExpansion/MakingHistory/Parts/Coupling/Separator_4/Separator_4'
[LOG 09:33:08.915] PartLoader: Compiling Part 'SquadExpansion/MakingHistory/Parts/Coupling/Size1p5_Strut_Decoupler/Size1p5_Strut_Decoupler'
[LOG 09:33:08.919] PartLoader: Compiling Part 'SquadExpansion/MakingHistory/Parts/Engine/LiquidEngineKE-1/LiquidEngineKE-1'
[LOG 09:33:08.925] PartLoader: Compiling Part 'SquadExpansion/MakingHistory/Parts/Engine/LiquidEngineLV-T91/LiquidEngineLV-T91'
[LOG 09:33:08.931] PartLoader: Compiling Part 'SquadExpansion/MakingHistory/Parts/Engine/LiquidEngineLV-TX87/LiquidEngineLV-TX87'
[LOG 09:33:08.937] PartLoader: Compiling Part 'SquadExpansion/MakingHistory/Parts/Engine/LiquidEngineRE-I2/LiquidEngineRE-I2'
[LOG 09:33:08.942] PartLoader: Compiling Part 'SquadExpansion/MakingHistory/Parts/Engine/LiquidEngineRE-J10/LiquidEngineRE-J10'
[LOG 09:33:08.947] PartLoader: Compiling Part 'SquadExpansion/MakingHistory/Parts/Engine/LiquidEngineRK-7/LiquidEngineRK-7'
[LOG 09:33:08.954] PartLoader: Compiling Part 'SquadExpansion/MakingHistory/Parts/Engine/LiquidEngineRV-1/LiquidEngineRV-1'
[LOG 09:33:08.959] PartLoader: Compiling Part 'SquadExpansion/MakingHistory/Parts/Engine/solidBoosterTHK/solidBoosterTHK/Pollux'
[LOG 09:33:08.962] PartLoader: Compiling Part 'SquadExpansion/MakingHistory/Parts/FuelTank/MonoPropMini/monopropMiniSphere'
[LOG 09:33:08.964] PartLoader: Compiling Part 'SquadExpansion/MakingHistory/Parts/FuelTank/Size1p5_Monoprop/Size1p5_Monoprop'
[LOG 09:33:08.966] PartLoader: Compiling Part 'SquadExpansion/MakingHistory/Parts/FuelTank/Size1p5_Size0_Adapter_01/Size1p5_Size0_Adapter_01'
[LOG 09:33:08.967] PartLoader: Compiling Part 'SquadExpansion/MakingHistory/Parts/FuelTank/Size1p5_Size1_Adapter_01/Size1p5_Size1_Adapter_01'
[LOG 09:33:08.969] PartLoader: Compiling Part 'SquadExpansion/MakingHistory/Parts/FuelTank/Size1p5_Size1_Adapter_02/Size1p5_Size1_Adapter_02'
[LOG 09:33:08.970] PartLoader: Compiling Part 'SquadExpansion/MakingHistory/Parts/FuelTank/Size1p5_Size2_Adapter_01/Size1p5_Size2_Adapter_01'
[LOG 09:33:08.972] PartLoader: Compiling Part 'SquadExpansion/MakingHistory/Parts/FuelTank/Size1p5_Tank_01/Size1p5_Tank_01'
[LOG 09:33:08.974] PartLoader: Compiling Part 'SquadExpansion/MakingHistory/Parts/FuelTank/Size1p5_Tank_02/Size1p5_Tank_02'
[LOG 09:33:08.976] PartLoader: Compiling Part 'SquadExpansion/MakingHistory/Parts/FuelTank/Size1p5_Tank_03/Size1p5_Tank_03'
[LOG 09:33:08.977] PartLoader: Compiling Part 'SquadExpansion/MakingHistory/Parts/FuelTank/Size1p5_Tank_04/Size1p5_Tank_04'
[LOG 09:33:08.980] PartLoader: Compiling Part 'SquadExpansion/MakingHistory/Parts/FuelTank/Size1p5_Tank_05/Size1p5_Tank_05'
[LOG 09:33:08.983] PartLoader: Compiling Part 'SquadExpansion/MakingHistory/Parts/FuelTank/Size3_Size4_Adapter_01/Size3_Size4_Adapter_01'
[LOG 09:33:08.984] PartLoader: Compiling Part 'SquadExpansion/MakingHistory/Parts/FuelTank/Size4_EngineAdapter_01/Size4_EngineAdapter_01'
[LOG 09:33:08.987] PartLoader: Compiling Part 'SquadExpansion/MakingHistory/Parts/FuelTank/Size4_Tank_01/Size4_Tank_01'
[LOG 09:33:08.988] PartLoader: Compiling Part 'SquadExpansion/MakingHistory/Parts/FuelTank/Size4_Tank_02/Size4_Tank_02'
[LOG 09:33:08.990] PartLoader: Compiling Part 'SquadExpansion/MakingHistory/Parts/FuelTank/Size4_Tank_03/Size4_Tank_03'
[LOG 09:33:08.992] PartLoader: Compiling Part 'SquadExpansion/MakingHistory/Parts/FuelTank/Size4_Tank_04/Size4_Tank_04'
[LOG 09:33:08.993] PartLoader: Compiling Part 'SquadExpansion/MakingHistory/Parts/Ground/RoverWheel/roverWheelM1-F'
[LOG 09:33:08.998] PartLoader: Compiling Part 'SquadExpansion/MakingHistory/Parts/Payload/fairingSize1p5/fairingSize1p5'
[LOG 09:33:09.004] PartLoader: Compiling Part 'SquadExpansion/MakingHistory/Parts/Payload/fairingSize4/fairingSize4'
[LOG 09:33:09.010] PartLoader: Compiling Part 'SquadExpansion/MakingHistory/Parts/Payload/Size1to0ServiceModule/Size1to0ServiceModule'
[LOG 09:33:09.018] PartLoader: Compiling Part 'SquadExpansion/MakingHistory/Parts/Payload/SM18/ServiceModule18'
[LOG 09:33:09.022] PartLoader: Compiling Part 'SquadExpansion/MakingHistory/Parts/Payload/SM25/ServiceModule25'
[LOG 09:33:09.025] PartLoader: Compiling Part 'SquadExpansion/MakingHistory/Parts/Pods/KV1Pod/kv1Pod'
[WRN 09:33:09.028] [Part]: Cannot have ModuleCargoPart and ModuleInventoryPart on same Part [kv1Pod'. Removed ModuleCargoPart
[LOG 09:33:09.032] PartLoader: Compiling Part 'SquadExpansion/MakingHistory/Parts/Pods/KV2Pod/kv2Pod'
[WRN 09:33:09.034] [Part]: Cannot have ModuleCargoPart and ModuleInventoryPart on same Part [kv2Pod'. Removed ModuleCargoPart
[LOG 09:33:09.038] PartLoader: Compiling Part 'SquadExpansion/MakingHistory/Parts/Pods/KV3Pod/kv3Pod'
[WRN 09:33:09.039] [Part]: Cannot have ModuleCargoPart and ModuleInventoryPart on same Part [kv3Pod'. Removed ModuleCargoPart
[LOG 09:33:09.043] PartLoader: Compiling Part 'SquadExpansion/MakingHistory/Parts/Pods/Mk2Pod/Mk2Pod'
[WRN 09:33:09.044] [Part]: Cannot have ModuleCargoPart and ModuleInventoryPart on same Part [Mk2Pod'. Removed ModuleCargoPart
[LOG 09:33:09.050] PartLoader: Compiling Part 'SquadExpansion/MakingHistory/Parts/Pods/Size1_5_Lander/MEMLander'
[WRN 09:33:09.055] [Part]: Cannot add ModuleCargoPart as this Part 'MEMLander' already has a ModuleInventoryPart PartModule and they are mutually exclusive.
[LOG 09:33:09.064] PartLoader: Compiling Part 'SquadExpansion/MakingHistory/Parts/Prebuilt/kerbalEVAfemaleVintage/kerbalEVAfemaleVintage'
[LOG 09:33:09.070] PartLoader: Compiling Part 'SquadExpansion/MakingHistory/Parts/Prebuilt/kerbalEVAVintage/kerbalEVAVintage'
[LOG 09:33:09.074] PartLoader: Compiling Part 'SquadExpansion/MakingHistory/Parts/Structural/EquiTriangle0/EquiTriangle0'
[LOG 09:33:09.079] PartLoader: Compiling Part 'SquadExpansion/MakingHistory/Parts/Structural/EquiTriangle1/EquiTriangle1'
[LOG 09:33:09.081] PartLoader: Compiling Part 'SquadExpansion/MakingHistory/Parts/Structural/EquiTriangle1p5/EquiTriangle1p5'
[LOG 09:33:09.084] PartLoader: Compiling Part 'SquadExpansion/MakingHistory/Parts/Structural/EquiTriangle2/EquiTriangle2'
[LOG 09:33:09.086] PartLoader: Compiling Part 'SquadExpansion/MakingHistory/Parts/Structural/Panel0/Panel0'
[LOG 09:33:09.089] PartLoader: Compiling Part 'SquadExpansion/MakingHistory/Parts/Structural/Panel1/Panel1'
[LOG 09:33:09.099] PartLoader: Compiling Part 'SquadExpansion/MakingHistory/Parts/Structural/Panel1p5/Panel1p5'
[LOG 09:33:09.101] PartLoader: Compiling Part 'SquadExpansion/MakingHistory/Parts/Structural/Panel2/Panel2'
[LOG 09:33:09.103] PartLoader: Compiling Part 'SquadExpansion/MakingHistory/Parts/Structural/Triangle0/Triangle0'
[LOG 09:33:09.105] PartLoader: Compiling Part 'SquadExpansion/MakingHistory/Parts/Structural/Triangle1/Triangle1'
[LOG 09:33:09.107] PartLoader: Compiling Part 'SquadExpansion/MakingHistory/Parts/Structural/Triangle1p5/Triangle1p5'
[LOG 09:33:09.108] PartLoader: Compiling Part 'SquadExpansion/MakingHistory/Parts/Structural/Triangle2/Triangle2'
[LOG 09:33:09.110] PartLoader: Compiling Part 'SquadExpansion/MakingHistory/Parts/Structural/Tube1/Tube1'
[LOG 09:33:09.112] PartLoader: Compiling Part 'SquadExpansion/MakingHistory/Parts/Structural/Tube1p5/Tube1p5'
[LOG 09:33:09.115] PartLoader: Compiling Part 'SquadExpansion/MakingHistory/Parts/Structural/Tube2/Tube2'
[LOG 09:33:09.118] PartLoader: Compiling Part 'SquadExpansion/MakingHistory/Parts/Structural/Tube3/Tube3'
[LOG 09:33:09.120] PartLoader: Compiling Part 'SquadExpansion/MakingHistory/Parts/Structural/Tube4/Tube4'
[LOG 09:33:09.123] PartLoader: Compiling Part 'SquadExpansion/MakingHistory/Parts/Thermal/HeatShield1p5/HeatShield1p5'
[LOG 09:33:09.126] PartLoader: Compiling Part 'SquadExpansion/MakingHistory/Parts/Utility/flags/flagSize1p5/flagSize1p5/flagPartSize1p5'
[LOG 09:33:09.129] PartLoader: Compiling Part 'SquadExpansion/MakingHistory/Parts/Utility/flags/flagSize4/flagSize4/flagPartSize4'
[LOG 09:33:09.134] PartLoader: Compiling Part 'SquadExpansion/Serenity/Parts/Aero/FanShroud_01/FanShroud_01'
[LOG 09:33:09.136] PartLoader: Compiling Part 'SquadExpansion/Serenity/Parts/Aero/FanShroud_02/FanShroud_02'
[LOG 09:33:09.137] PartLoader: Compiling Part 'SquadExpansion/Serenity/Parts/Aero/FanShroud_03/FanShroud_03'
[LOG 09:33:09.140] PartLoader: Compiling Part 'SquadExpansion/Serenity/Parts/Aero/noseconeTiny/noseconeTiny'
[LOG 09:33:09.141] PartLoader: Compiling Part 'SquadExpansion/Serenity/Parts/Aero/noseconeVS/noseconeVS'
[LOG 09:33:09.142] PartLoader: Compiling Part 'SquadExpansion/Serenity/Parts/DeployedScience/centralStation/DeployedCentralStation'
[LOG 09:33:09.149] PartLoader: Compiling Part 'SquadExpansion/Serenity/Parts/DeployedScience/gooObservation/DeployedGoExOb'
[LOG 09:33:09.156] PartLoader: Compiling Part 'SquadExpansion/Serenity/Parts/DeployedScience/ionCollector/DeployedIONExp'
[LOG 09:33:09.159] PartLoader: Compiling Part 'SquadExpansion/Serenity/Parts/DeployedScience/rtg/DeployedRTG'
[LOG 09:33:09.165] PartLoader: Compiling Part 'SquadExpansion/Serenity/Parts/DeployedScience/satDish/DeployedSatDish'
[LOG 09:33:09.171] PartLoader: Compiling Part 'SquadExpansion/Serenity/Parts/DeployedScience/seismicSensor/DeployedSeismicSensor'
[LOG 09:33:09.174] PartLoader: Compiling Part 'SquadExpansion/Serenity/Parts/DeployedScience/solarPanel/DeployedSolarPanel'
[LOG 09:33:09.178] PartLoader: Compiling Part 'SquadExpansion/Serenity/Parts/DeployedScience/weatherStation/DeployedWeatherStn'
[LOG 09:33:09.181] PartLoader: Compiling Part 'SquadExpansion/Serenity/Parts/Prebuilt/kerbalEVA/kerbalEVA'
[LOG 09:33:09.182] PartLoader: Compiling Part 'SquadExpansion/Serenity/Parts/Prebuilt/kerbalEVAfemale/kerbalEVAfemale'
[LOG 09:33:09.183] PartLoader: Compiling Part 'SquadExpansion/Serenity/Parts/Prebuilt/kerbalEVAfemaleFuture/kerbalEVAfemaleFuture'
[LOG 09:33:09.186] PartLoader: Compiling Part 'SquadExpansion/Serenity/Parts/Prebuilt/kerbalEVAfemaleVintage/kerbalEVAfemaleVintage'
[LOG 09:33:09.188] PartLoader: Compiling Part 'SquadExpansion/Serenity/Parts/Prebuilt/kerbalEVAFuture/kerbalEVAFuture'
[LOG 09:33:09.191] PartLoader: Compiling Part 'SquadExpansion/Serenity/Parts/Prebuilt/kerbalEVASlimSuit/kerbalEVASlimSuit'
[LOG 09:33:09.193] PartLoader: Compiling Part 'SquadExpansion/Serenity/Parts/Prebuilt/kerbalEVASlimSuitFemale/kerbalEVASlimSuitFemale'
[LOG 09:33:09.194] PartLoader: Compiling Part 'SquadExpansion/Serenity/Parts/Prebuilt/kerbalEVAVintage/kerbalEVAVintage'
[LOG 09:33:09.194] PartLoader: Compiling Part 'SquadExpansion/Serenity/Parts/Propellers/largeFanBlade/largeFanBlade'
[LOG 09:33:09.198] PartLoader: Compiling Part 'SquadExpansion/Serenity/Parts/Propellers/largeHeliBlade/largeHeliBlade'
[LOG 09:33:09.201] PartLoader: Compiling Part 'SquadExpansion/Serenity/Parts/Propellers/largePropeller/largePropeller'
[LOG 09:33:09.205] PartLoader: Compiling Part 'SquadExpansion/Serenity/Parts/Propellers/mediumFanBlade/mediumFanBlade'
[LOG 09:33:09.208] PartLoader: Compiling Part 'SquadExpansion/Serenity/Parts/Propellers/mediumHeliBlade/mediumHeliBlade'
[LOG 09:33:09.211] PartLoader: Compiling Part 'SquadExpansion/Serenity/Parts/Propellers/mediumPropeller/mediumPropeller'
[LOG 09:33:09.214] PartLoader: Compiling Part 'SquadExpansion/Serenity/Parts/Propellers/smallFanBlade/smallFanBlade'
[LOG 09:33:09.216] PartLoader: Compiling Part 'SquadExpansion/Serenity/Parts/Propellers/smallHeliBlade/smallHeliBlade'
[LOG 09:33:09.220] PartLoader: Compiling Part 'SquadExpansion/Serenity/Parts/Propellers/smallPropeller/smallPropeller'
[LOG 09:33:09.223] PartLoader: Compiling Part 'SquadExpansion/Serenity/Parts/Robotics/hinge_01/hinge_01'
[LOG 09:33:09.232] PartLoader: Compiling Part 'SquadExpansion/Serenity/Parts/Robotics/hinge_01_s/hinge_01_s'
[LOG 09:33:09.236] PartLoader: Compiling Part 'SquadExpansion/Serenity/Parts/Robotics/hinge_03/hinge_03'
[LOG 09:33:09.241] PartLoader: Compiling Part 'SquadExpansion/Serenity/Parts/Robotics/hinge_03_s/hinge_03_s'
[LOG 09:33:09.245] PartLoader: Compiling Part 'SquadExpansion/Serenity/Parts/Robotics/hinge_04/hinge_04'
[LOG 09:33:09.250] PartLoader: Compiling Part 'SquadExpansion/Serenity/Parts/Robotics/piston_01/piston_01'
[LOG 09:33:09.257] PartLoader: Compiling Part 'SquadExpansion/Serenity/Parts/Robotics/piston_02/piston_02'
[LOG 09:33:09.261] PartLoader: Compiling Part 'SquadExpansion/Serenity/Parts/Robotics/piston_03/piston_03'
[LOG 09:33:09.264] PartLoader: Compiling Part 'SquadExpansion/Serenity/Parts/Robotics/piston_04/piston_04'
[LOG 09:33:09.268] PartLoader: Compiling Part 'SquadExpansion/Serenity/Parts/Robotics/RotorEngine_02/RotorEngine_02'
[LOG 09:33:09.277] PartLoader: Compiling Part 'SquadExpansion/Serenity/Parts/Robotics/RotorEngine_03/RotorEngine_03'
[LOG 09:33:09.282] PartLoader: Compiling Part 'SquadExpansion/Serenity/Parts/Robotics/rotor_01/rotor_01'
[LOG 09:33:09.287] PartLoader: Compiling Part 'SquadExpansion/Serenity/Parts/Robotics/rotor_01s/rotor_01s'
[LOG 09:33:09.292] PartLoader: Compiling Part 'SquadExpansion/Serenity/Parts/Robotics/rotor_02/rotor_02'
[LOG 09:33:09.295] PartLoader: Compiling Part 'SquadExpansion/Serenity/Parts/Robotics/rotor_02s/rotor_02s'
[LOG 09:33:09.299] PartLoader: Compiling Part 'SquadExpansion/Serenity/Parts/Robotics/rotor_03/rotor_03'
[LOG 09:33:09.303] PartLoader: Compiling Part 'SquadExpansion/Serenity/Parts/Robotics/rotor_03s/rotor_03s'
[LOG 09:33:09.307] PartLoader: Compiling Part 'SquadExpansion/Serenity/Parts/Robotics/rotoServo_00/rotoServo_00'
[LOG 09:33:09.315] PartLoader: Compiling Part 'SquadExpansion/Serenity/Parts/Robotics/rotoServo_02/rotoServo_02'
[LOG 09:33:09.320] PartLoader: Compiling Part 'SquadExpansion/Serenity/Parts/Robotics/rotoServo_03/rotoServo_03'
[LOG 09:33:09.323] PartLoader: Compiling Part 'SquadExpansion/Serenity/Parts/Robotics/rotoServo_04/rotoServo_04'
[LOG 09:33:09.327] PartLoader: Compiling Part 'SquadExpansion/Serenity/Parts/Robotics/Controllers/KAL1000/controller1000'
[LOG 09:33:09.334] PartLoader: Compiling Part 'SquadExpansion/Serenity/Parts/Science/RobotArmScanner/RobotArmScanner_S1/RobotArmScanner_S1'
[LOG 09:33:09.342] PartLoader: Compiling Part 'SquadExpansion/Serenity/Parts/Science/RobotArmScanner/RobotArmScanner_S2/RobotArmScanner_S2'
[LOG 09:33:09.345] PartLoader: Compiling Part 'SquadExpansion/Serenity/Parts/Science/RobotArmScanner/RobotArmScanner_S3/RobotArmScanner_S3'
[LOG 09:33:09.351] PartLoader: Compiling Part 'SquadExpansion/Serenity/Parts/Structural/gripPads/lGripPad/lGripPad'
[LOG 09:33:09.358] PartLoader: Compiling Part 'SquadExpansion/Serenity/Parts/Structural/gripPads/lGripStrip/lGripStrip'
[LOG 09:33:09.360] PartLoader: Compiling Part 'SquadExpansion/Serenity/Parts/Structural/gripPads/mGripPad/mGripPad'
[LOG 09:33:09.361] PartLoader: Compiling Part 'SquadExpansion/Serenity/Parts/Structural/gripPads/sGripPad/sGripPad'
[LOG 09:33:09.363] PartLoader: Compiling Part 'SquadExpansion/Serenity/Parts/Structural/gripPads/sGripStrip/sGripStrip'
[LOG 09:33:09.366] PartLoader: Compiling Internal Prop 'Squad/Props/AltimeterThreeHands/prop/AltimeterThreeHands'
[LOG 09:33:09.368] PartLoader: Compiling Internal Prop 'Squad/Props/AtmosphereDepth/prop/AtmosphereDepth'
[LOG 09:33:09.369] PartLoader: Compiling Internal Prop 'Squad/Props/AxisIndicator/pitchConfig/AxisIndicatorPitch'
[LOG 09:33:09.370] PartLoader: Compiling Internal Prop 'Squad/Props/AxisIndicator/rollConfig/AxisIndicatorRoll'
[LOG 09:33:09.371] PartLoader: Compiling Internal Prop 'Squad/Props/AxisIndicator/yawConfig/AxisIndicatorYaw'
[LOG 09:33:09.372] PartLoader: Compiling Internal Prop 'Squad/Props/buttonsGeneric/circularButton/genericCircularButton'
[LOG 09:33:09.373] PartLoader: Compiling Internal Prop 'Squad/Props/buttonsGeneric/clusterButtons/genericClusterButtons'
[LOG 09:33:09.374] PartLoader: Compiling Internal Prop 'Squad/Props/buttonsGeneric/clusterButtons2/genericClusterButtons2'
[LOG 09:33:09.374] PartLoader: Compiling Internal Prop 'Squad/Props/buttonsGeneric/clusterKnob/genericClusterKnobs'
[LOG 09:33:09.374] PartLoader: Compiling Internal Prop 'Squad/Props/buttonsGeneric/clusterKnob2/genericClusterKnobs2'
[LOG 09:33:09.375] PartLoader: Compiling Internal Prop 'Squad/Props/buttonsGeneric/clusterMixed/genericClusterMixed'
[LOG 09:33:09.375] PartLoader: Compiling Internal Prop 'Squad/Props/buttonsGeneric/clusterSwitches01/genericClusterSwitches01'
[LOG 09:33:09.376] PartLoader: Compiling Internal Prop 'Squad/Props/buttonsGeneric/clusterSwitches02/genericClusterSwitches02'
[LOG 09:33:09.376] PartLoader: Compiling Internal Prop 'Squad/Props/buttonsGeneric/clusterSwitches03/genericClusterSwitches03'
[LOG 09:33:09.376] PartLoader: Compiling Internal Prop 'Squad/Props/buttonsGeneric/clusterSwitches04/genericClusterSwitches04'
[LOG 09:33:09.376] PartLoader: Compiling Internal Prop 'Squad/Props/buttonsGeneric/clusterSwitches05/genericClusterSwitches05'
[LOG 09:33:09.376] PartLoader: Compiling Internal Prop 'Squad/Props/buttonsGeneric/clusterSwitches06/genericClusterSwitches06'
[LOG 09:33:09.378] PartLoader: Compiling Internal Prop 'Squad/Props/buttonsGeneric/clusterSwitches07/genericClusterSwitches07'
[LOG 09:33:09.378] PartLoader: Compiling Internal Prop 'Squad/Props/buttonsGeneric/directionalKnob/genericDirectionalKnob'
[LOG 09:33:09.379] PartLoader: Compiling Internal Prop 'Squad/Props/buttonsGeneric/directionalKnob2/genericDirectionalKnob2'
[LOG 09:33:09.379] PartLoader: Compiling Internal Prop 'Squad/Props/buttonsGeneric/pullSwitch/genericPullSwitch'
[LOG 09:33:09.379] PartLoader: Compiling Internal Prop 'Squad/Props/buttonsGeneric/squareButton/genericSquareButton'
[LOG 09:33:09.380] PartLoader: Compiling Internal Prop 'Squad/Props/buttonsGeneric/standingSwitch/genericStandingSwitch'
[LOG 09:33:09.380] PartLoader: Compiling Internal Prop 'Squad/Props/buttonsGeneric/switch/genericSwitch'
[LOG 09:33:09.380] PartLoader: Compiling Internal Prop 'Squad/Props/buttonsGeneric/switchWithGuards/genericSwitchWithGuards'
[LOG 09:33:09.381] PartLoader: Compiling Internal Prop 'Squad/Props/ButtonSquare/prop/ButtonSquare'
[LOG 09:33:09.383] PartLoader: Compiling Internal Prop 'Squad/Props/circularButton/prop/circularButton'
[LOG 09:33:09.383] PartLoader: Compiling Internal Prop 'Squad/Props/Compass/prop/Compass'
[LOG 09:33:09.384] PartLoader: Compiling Internal Prop 'Squad/Props/directionalKnob/prop/directionalKnob'
[LOG 09:33:09.384] PartLoader: Compiling Internal Prop 'Squad/Props/directionalKnob2/prop/directionalKnob2'
[LOG 09:33:09.385] PartLoader: Compiling Internal Prop 'Squad/Props/IndicatorPanel/prop/IndicatorPanel'
[LOG 09:33:09.387] PartLoader: Compiling Internal Prop 'Squad/Props/IVANavBall/prop/NavBall'
[LOG 09:33:09.388] PartLoader: Compiling Internal Prop 'Squad/Props/IVANavBallNoBase/prop/NavBallNoBase'
[LOG 09:33:09.389] PartLoader: Compiling Internal Prop 'Squad/Props/ledPanelSpeed/prop/ledPanelSpeed'
[LOG 09:33:09.390] PartLoader: Compiling Internal Prop 'Squad/Props/Monitor/DockingMode/MonitorDockingMode'
[LOG 09:33:09.391] PartLoader: Compiling Internal Prop 'Squad/Props/NavBall/prop/NavBall'
[LOG 09:33:09.391] PartLoader: Compiling Internal Prop 'Squad/Props/PropsGeneric/Button_DockingMode/Button_DockingMode'
[LOG 09:33:09.392] PartLoader: Compiling Internal Prop 'Squad/Props/PropsGeneric/CargoBagA/CargoBagA'
[LOG 09:33:09.392] PartLoader: Compiling Internal Prop 'Squad/Props/PropsGeneric/CargoBagB/CargoBagB'
[LOG 09:33:09.392] PartLoader: Compiling Internal Prop 'Squad/Props/PropsGeneric/CargoBagC/CargoBagC'
[LOG 09:33:09.393] PartLoader: Compiling Internal Prop 'Squad/Props/PropsGeneric/Hatch_Plane/Hatch_Plane'
[LOG 09:33:09.393] PartLoader: Compiling Internal Prop 'Squad/Props/PropsGeneric/Hatch_Plane_Curve90/Hatch_Plane_Curve90'
[LOG 09:33:09.394] PartLoader: Compiling Internal Prop 'Squad/Props/PropsGeneric/Hatch_Plane_Frame/Hatch_Plane_Frame'
[LOG 09:33:09.394] PartLoader: Compiling Internal Prop 'Squad/Props/PropsGeneric/Seat_Passenger/Seat_Passenger'
[LOG 09:33:09.394] PartLoader: Compiling Internal Prop 'Squad/Props/PropsGeneric/Seat_Pilot/Seat_Pilot'
[LOG 09:33:09.394] PartLoader: Compiling Internal Prop 'Squad/Props/PropsGeneric/Seat_Pilot_Helmet/Seat_Pilot_Helmet'
[LOG 09:33:09.394] PartLoader: Compiling Internal Prop 'Squad/Props/PropsGeneric/SideStick/SideStick'
[LOG 09:33:09.396] PartLoader: Compiling Internal Prop 'Squad/Props/pullSwitch/prop/pullSwitch'
[LOG 09:33:09.396] PartLoader: Compiling Internal Prop 'Squad/Props/radarAltitude/prop/RadarAltimeter'
[LOG 09:33:09.397] PartLoader: Compiling Internal Prop 'Squad/Props/squareButton/prop/squareButton'
[LOG 09:33:09.398] PartLoader: Compiling Internal Prop 'Squad/Props/standingSwitch/prop/standingSwitch'
[LOG 09:33:09.398] PartLoader: Compiling Internal Prop 'Squad/Props/switch/prop/switch'
[LOG 09:33:09.398] PartLoader: Compiling Internal Prop 'Squad/Props/switchGuard/prop/switchGuard'
[LOG 09:33:09.398] PartLoader: Compiling Internal Prop 'Squad/Props/switchWithGuards/prop/switchWithGuards'
[LOG 09:33:09.398] PartLoader: Compiling Internal Prop 'Squad/Props/throttle/prop/throttle'
[LOG 09:33:09.400] PartLoader: Compiling Internal Prop 'Squad/Props/VSI/prop/VSI'
[LOG 09:33:09.400] PartLoader: Compiling Internal Space 'Squad/Spaces/crewCabinInternals/internal/crewCabinInternals'
[LOG 09:33:09.406] PartLoader: Compiling Internal Space 'Squad/Spaces/cupolaInternal/internal/cupolaInternal'
[LOG 09:33:09.412] PartLoader: Compiling Internal Space 'Squad/Spaces/GenericSpace1/internal/GenericSpace1'
[LOG 09:33:09.413] PartLoader: Compiling Internal Space 'Squad/Spaces/GenericSpace3/internal/GenericSpace3'
[LOG 09:33:09.413] PartLoader: Compiling Internal Space 'Squad/Spaces/landerCabinInternals/internal/landerCabinInternals'
[LOG 09:33:09.415] PartLoader: Compiling Internal Space 'Squad/Spaces/landerCabinSmallInternal/internal/landerCabinSmallInternal'
[LOG 09:33:09.416] PartLoader: Compiling Internal Space 'Squad/Spaces/LargeCrewedLabInternals/internal/Mobile_Processing_Lab_Int'
[LOG 09:33:09.417] PartLoader: Compiling Internal Space 'Squad/Spaces/Mk1-3/internal/Mk1-3'
[LOG 09:33:09.421] PartLoader: Compiling Internal Space 'Squad/Spaces/mk1CabinInternal/internal/mk1CabinInternal'
[LOG 09:33:09.423] PartLoader: Compiling Internal Space 'Squad/Spaces/mk1CockpitInternal/internal/mk1CockpitInternal'
[LOG 09:33:09.426] PartLoader: Compiling Internal Space 'Squad/Spaces/mk1InlineInternal/internal/mk1InlineInternal'
[LOG 09:33:09.429] PartLoader: Compiling Internal Space 'Squad/Spaces/mk1PodCockpit/internal/mk1PodCockpit'
[LOG 09:33:09.431] PartLoader: Compiling Internal Space 'Squad/Spaces/mk1pod_IVA/mk1pod_Internal/mk1pod_IVA'
[LOG 09:33:09.434] PartLoader: Compiling Internal Space 'Squad/Spaces/mk2CockpitStandardInternal/internal/mk2CockpitStandardInternals'
[LOG 09:33:09.438] PartLoader: Compiling Internal Space 'Squad/Spaces/Mk2CrewCabinInternal/internal_MK2_CrewCab/MK2_CrewCab_Int'
[LOG 09:33:09.439] PartLoader: Compiling Internal Space 'Squad/Spaces/mk2InlineInternal/internal/mk2InlineInternal'
[LOG 09:33:09.443] PartLoader: Compiling Internal Space 'Squad/Spaces/mk2LanderCanInternal/internal/mk2LanderCanInternal'
[LOG 09:33:09.446] PartLoader: Compiling Internal Space 'Squad/Spaces/MK3CockpitInternal/internal_MK3/MK3_Cockpit_Int'
[LOG 09:33:09.454] PartLoader: Compiling Internal Space 'Squad/Spaces/MK3_CrewCab_Int/internal_MK3_CrewCab/MK3_CrewCab_Int'
[LOG 09:33:09.456] InternalSeat: Cannot find portraitCamera of name 'Camera_Left003'
[LOG 09:33:09.460] PartLoader: Compiling Internal Space 'Squad/Spaces/Placeholder/internal/Placeholder'
[LOG 09:33:09.463] PartLoader: Compiling Internal Space 'Squad/Spaces/PodCockpit/internal/PodCockpit'
[LOG 09:33:09.466] PartLoader: Compiling Internal Space 'SquadExpansion/MakingHistory/Spaces/KVPods/Airlock_Internal/Airlock_IVA'
[LOG 09:33:09.468] PartLoader: Compiling Internal Space 'SquadExpansion/MakingHistory/Spaces/KVPods/KV1_Internal/KV1_IVA'
[LOG 09:33:09.470] PartLoader: Compiling Internal Space 'SquadExpansion/MakingHistory/Spaces/KVPods/KV2_Internal/KV2_IVA'
[LOG 09:33:09.472] PartLoader: Compiling Internal Space 'SquadExpansion/MakingHistory/Spaces/KVPods/KV3_Internal/KV3_IVA'
[LOG 09:33:09.474] PartLoader: Compiling Internal Space 'SquadExpansion/MakingHistory/Spaces/MEM/MEM_IVA/MEM_IVA'
[LOG 09:33:09.478] PartLoader: Compiling Internal Space 'SquadExpansion/MakingHistory/Spaces/Mk2Pod/Mk2Pod_Internal/MK2POD_IVA'
[LOG 09:33:13.803] Assets:
[LOG 09:33:13.803] anim_missionsapp_idle.anim
[LOG 09:33:13.803] anim_missionsapp_idle_warning.anim
[LOG 09:33:13.803] anim_missionsapp_warning.anim
[LOG 09:33:13.804] anim_missionssapp.anim
[LOG 09:33:13.804] animcontroller_missionsappmaster.controller
[LOG 09:33:13.804] app_bg.tif
[LOG 09:33:13.804] app_bottom_gray.tif
[LOG 09:33:13.804] app_divider_pulldown_body.tif
[LOG 09:33:13.804] app_divider_pulldown_footer.tif
[LOG 09:33:13.804] app_divider_pulldown_header.tif
[LOG 09:33:13.804] app_divider_pulldown_header_over.tif
[LOG 09:33:13.804] app_header_gray.tif
[LOG 09:33:13.804] app_missions_icon_active.tif
[LOG 09:33:13.804] app_missions_icon_complete.tif
[LOG 09:33:13.804] app_missions_icon_failed.tif
[LOG 09:33:13.804] app_missions_icon_inactive.tif
[LOG 09:33:13.804] spritesheet_missionsapp.tif
[LOG 09:33:13.804] spritesheet_missionsappwarning.tif
[LOG 09:33:13.804] missionbriefingdialog.prefab
[LOG 09:33:13.804] missionbriefingtag.prefab
[LOG 09:33:13.804] awardwidget.prefab
[LOG 09:33:13.804] missionenddialog.prefab
[LOG 09:33:13.804] missionitemwidget.prefab
[LOG 09:33:13.804] missionplaybutton.prefab
[LOG 09:33:13.804] missionplaydialog.prefab
[LOG 09:33:13.804] missionsteamitemwidget.prefab
[LOG 09:33:13.804] missionvalidationdialog.prefab
[LOG 09:33:13.804] validationentry.prefab
[LOG 09:33:13.804] comettoken.fbx
[LOG 09:33:13.804] comettoken.jpg
[LOG 09:33:13.804] placementegizmo_comet.mat
[LOG 09:33:13.804] placementegizmo_comet_tail.mat
[LOG 09:33:13.804] femalevintagepreview.prefab
[LOG 09:33:13.804] malevintagepreview.prefab
[LOG 09:33:13.804] checkpointentrywidget.prefab
[LOG 09:33:13.804] crewmanagementdialog.prefab
[LOG 09:33:13.805] listitem_vesseltitle.prefab
[LOG 09:33:13.805] missionbrowser.prefab
[LOG 09:33:13.805] missioncheckpointbrowser.prefab
[LOG 09:33:13.805] missioncrewlistitem.prefab
[LOG 09:33:13.805] missionentrywidget.prefab
[LOG 09:33:13.805] missiontemplateentrywidget.prefab
[LOG 09:33:13.805] partcategorizerbutton.prefab
[LOG 09:33:13.805] partselectorbrowser.prefab
[LOG 09:33:13.805] partselectorentry.prefab
[LOG 09:33:13.805] gaputil_vesselframe.prefab
[LOG 09:33:13.805] meguiconnector.prefab
[LOG 09:33:13.805] meguinode.prefab
[LOG 09:33:13.805] meguinodecategorybutton.prefab
[LOG 09:33:13.805] meguinodeicon.prefab
[LOG 09:33:13.805] meguinodeicongroup.prefab
[LOG 09:33:13.805] meguiscrollviewitem.prefab
[LOG 09:33:13.805] meiconloaderbasicnode.prefab
[LOG 09:33:13.805] meiconloadergap.prefab
[LOG 09:33:13.805] meiconloadernodecategorizer.prefab
[LOG 09:33:13.805] menodecanvas.prefab
[LOG 09:33:13.805] missioneditorscreen.prefab
[LOG 09:33:13.805] nodelisttooltip.prefab
[LOG 09:33:13.805] nodelisttooltipextinfolistspacer.prefab
[LOG 09:33:13.805] orbitgizmo.prefab
[LOG 09:33:13.805] biomeshighlight.shader
[LOG 09:33:13.805] projector-surfacegizmo.shader
[LOG 09:33:13.805] scaledplanetbiomeshighlight.shader
[LOG 09:33:13.805] sprites-alwaysover.shader
[LOG 09:33:13.805] ui-unlit-infinite.shader
[LOG 09:33:13.805] ui-unlit-solid.shader
[LOG 09:33:13.805] assetgraph_connectionpoint_inputmark.png
[LOG 09:33:13.806] assetgraph_inputbg.png
[LOG 09:33:13.806] boldly.png
[LOG 09:33:13.806] carpool.png
[LOG 09:33:13.806] frugal.png
[LOG 09:33:13.806] homesick.png
[LOG 09:33:13.806] keys.png
[LOG 09:33:13.806] saint.png
[LOG 09:33:13.806] sinner.png
[LOG 09:33:13.806] thespot.png
[LOG 09:33:13.806] timekeeper.png
[LOG 09:33:13.806] helmetbronze.png
[LOG 09:33:13.806] helmetgold.png
[LOG 09:33:13.806] helmetsilver.png
[LOG 09:33:13.806] action-part-resource-drain.png
[LOG 09:33:13.806] change-part-resource-levels.png
[LOG 09:33:13.806] create-asteroid.png
[LOG 09:33:13.806] create-kerbal.png
[LOG 09:33:13.806] create-vessel.png
[LOG 09:33:13.806] crew-assignment.png
[LOG 09:33:13.806] dialog-message.png
[LOG 09:33:13.806] display-message.png
[LOG 09:33:13.806] fail-part.png
[LOG 09:33:13.806] fly-through.png
[LOG 09:33:13.806] funds-recovery.png
[LOG 09:33:13.806] generic-node.png
[LOG 09:33:13.806] go-to.png
[LOG 09:33:13.806] kerbal-boarded.png
[LOG 09:33:13.806] kerbal-recovery.png
[LOG 09:33:13.806] kerbal-rescue.png
[LOG 09:33:13.806] launch-site.png
[LOG 09:33:13.806] leave-soi.png
[LOG 09:33:13.806] orbit.png
[LOG 09:33:13.806] part-explode.png
[LOG 09:33:13.806] plant-flag.png
[LOG 09:33:13.806] reach-soi.png
[LOG 09:33:13.806] repair-part.png
[LOG 09:33:13.806] resource-amount.png
[LOG 09:33:13.806] resource-recovery.png
[LOG 09:33:13.806] science-experiment.png
[LOG 09:33:13.806] score.png
[LOG 09:33:13.806] take-tourist.png
[LOG 09:33:13.806] test-altitude.png
[LOG 09:33:13.806] test-eva.png
[LOG 09:33:13.806] test-grapple.png
[LOG 09:33:13.806] time-of-flight.png
[LOG 09:33:13.806] time-of-mission.png
[LOG 09:33:13.806] time-since-node.png
[LOG 09:33:13.806] vessel-crashed.png
[LOG 09:33:13.806] vessel-crew-count.png
[LOG 09:33:13.806] vessel-explode.png
[LOG 09:33:13.806] vessel-flying.png
[LOG 09:33:13.807] vessel-landed.png
[LOG 09:33:13.807] vessel-mass.png
[LOG 09:33:13.807] vessel-splashed.png
[LOG 09:33:13.807] vessel-stage-activated.png
[LOG 09:33:13.807] vessel-stage.png
[LOG 09:33:13.807] arrange-graph.png
[LOG 09:33:13.807] builderbuttons_briefing.png
[LOG 09:33:13.807] builderbuttons_reset.png
[LOG 09:33:13.807] builderbuttons_trackingstation.png
[LOG 09:33:13.807] frame-graph.png
[LOG 09:33:13.807] lock.png
[LOG 09:33:13.807] maximize.png
[LOG 09:33:13.807] minimize.png
[LOG 09:33:13.807] pin.png
[LOG 09:33:13.807] pin_down.png
[LOG 09:33:13.807] redo.png
[LOG 09:33:13.807] reset.png
[LOG 09:33:13.807] tracking-station.png
[LOG 09:33:13.807] undo.png
[LOG 09:33:13.807] visible-in-gap.png
[LOG 09:33:13.807] location.png
[LOG 09:33:13.807] logic.png
[LOG 09:33:13.807] science.png
[LOG 09:33:13.807] utility.png
[LOG 09:33:13.807] vessel.png
[LOG 09:33:13.807] eye.png
[LOG 09:33:13.807] iconmb.png
[LOG 09:33:13.807] me_btn_generic_normal.tif
[LOG 09:33:13.807] me_button_generic_normal.tif
[LOG 09:33:13.807] nodecat_bg.png
[LOG 09:33:13.807] nodecat_divider.tif
[LOG 09:33:13.807] nodecat_divider_bottom.tif
[LOG 09:33:13.807] pholderwarningicon.png
[LOG 09:33:13.807] reseticon.png
[LOG 09:33:13.807] validityindicator.controller
[LOG 09:33:13.808] validtyinidicatorpulse.anim
[LOG 09:33:13.808] broadorbittoggle button.png
[LOG 09:33:13.808] maneuvertoggle button.png
[LOG 09:33:13.808] orbitalgizmoicons.png
[LOG 09:33:13.808] reset orbit button.png
[LOG 09:33:13.808] nodelabel.prefab
[LOG 09:33:13.808] kerbaleva_female_exp.prefab
[LOG 09:33:13.808] kerbaleva_rd_exp.prefab
[LOG 09:33:13.808] missioneditorevabody.mat
[LOG 09:33:13.808] missioneditorevabodyalternate.mat
[LOG 09:33:13.808] missioneditorevabodybrown.mat
[LOG 09:33:13.808] missioneditorevaeyeballs.mat
[LOG 09:33:13.808] missioneditorevaeyes.mat
[LOG 09:33:13.808] missioneditorevahead.mat
[LOG 09:33:13.808] missioneditorevahelmet.mat
[LOG 09:33:13.808] missioneditorevahelmetred.mat
[LOG 09:33:13.808] missioneditorevajetpack.mat
[LOG 09:33:13.809] missioneditorevalight.mat
[LOG 09:33:13.809] kbevafemalevintage.prefab
[LOG 09:33:13.809] kbevavintage.prefab
[LOG 09:33:13.809] evalight.fbx
[LOG 09:33:13.809] kbeva@new.fbx
[LOG 09:33:13.809] kbeva@newfem.fbx
[LOG 09:33:13.809] mevahelmetlight.fbx
[LOG 09:33:13.809] evajetpackscondary.dds
[LOG 09:33:13.809] evajetpacksecondary_n.dds
[LOG 09:33:13.809] evalight.png
[LOG 09:33:13.809] kerbalmainnrm.dds
[LOG 09:33:13.809] me_suit_difuse_blue.dds
[LOG 09:33:13.809] me_suit_difuse_low_polybrown.dds
[LOG 09:33:13.809] me_suit_difuse_orange.dds
[LOG 09:33:13.809] kerbalfemalevintage.prefab
[LOG 09:33:13.809] kerbalmalevintage.prefab
[LOG 09:33:13.809] evahelmet.mat
[LOG 09:33:13.809] evatexture.mat
[LOG 09:33:13.809] kerbalgirl_06_basecolor.mat
[LOG 09:33:13.809] kerbalhead.mat
[LOG 09:33:13.809] lambert6.mat
[LOG 09:33:13.809] mat_eyeballs.mat
[LOG 09:33:13.809] mat_eyes01.mat
[LOG 09:33:13.809] material #4.mat
[LOG 09:33:13.809] mesh_female_kerbalastronaut01_kerbalgirl_export_15_lambert20.mat
[LOG 09:33:13.809] mesh_female_kerbalastronaut01_kerbalgirl_export_15_lambert21.mat
[LOG 09:33:13.809] kbfemale_iva_mecanim.fbx
[LOG 09:33:13.809] kbiva_mecanim.fbx
[LOG 09:33:13.809] kerbalicon_eva_female_vintage.tif
[LOG 09:33:13.809] kerbalicon_eva_vintage.tif
[LOG 09:33:13.809] kerbalicon_suit_female_vintage.tif
[LOG 09:33:13.810] kerbalicon_suit_orange_female_vintage.tif
[LOG 09:33:13.810] kerbalicon_suit_orange_vintage.tif
[LOG 09:33:13.810] kerbalicon_suit_vintage.tif
[LOG 09:33:13.810] gap_celestialbody_camerasetup.prefab
[LOG 09:33:13.810] gap_celestialbody_collisionsphere.prefab
[LOG 09:33:13.810] gap_celestialbody_surfacegizmo_area.prefab
[LOG 09:33:13.810] gap_celestialbody_surfacegizmo_basic.prefab
[LOG 09:33:13.810] gap_celestialbody_surfacegizmo_icon.prefab
[LOG 09:33:13.810] gap_celestialbody_surfacegizmo_vessel.prefab
[LOG 09:33:13.810] gap_celestialbody_surfacegizmo_volume.prefab
[LOG 09:33:13.810] gap_proceduralasteroid.prefab
[LOG 09:33:13.810] gap_proceduralcomet.prefab
[LOG 09:33:13.810] gapbuttonprefab.prefab
[LOG 09:33:13.810] gapkerbal_femaleveteran.prefab
[LOG 09:33:13.810] gapkerbal_femaleveteran_vintage.prefab
[LOG 09:33:13.810] gapkerbal_male_slimsuit.prefab
[LOG 09:33:13.810] gapkerbal_maleveteran.prefab
[LOG 09:33:13.810] gapkerbal_maleveteran_vintage.prefab
[LOG 09:33:13.810] gapscrollablesidebarbutton.prefab
[LOG 09:33:13.810] gapsidebarbutton.prefab
[LOG 09:33:13.810] gaptoggleprefab.prefab
[LOG 09:33:13.810] gaputil_biselector.prefab
[LOG 09:33:13.810] gaputil_celestialbody.prefab
[LOG 09:33:13.810] vesseldisplay_camerasetup.prefab
[LOG 09:33:13.810] desert_airfield.prefab
[LOG 09:33:13.810] desert_groundobjects.prefab
[LOG 09:33:13.810] desert_launch_site.prefab
[LOG 09:33:13.810] larkes.prefab
[LOG 09:33:13.810] floor bottom.mat
[LOG 09:33:13.810] floor top.mat
[LOG 09:33:13.810] legs.mat
[LOG 09:33:13.810] ramp.mat
[LOG 09:33:13.810] stairs grid lights pivot.mat
[LOG 09:33:13.810] supports 1.mat
[LOG 09:33:13.810] supports 2.mat
[LOG 09:33:13.810] tunnels.mat
[LOG 09:33:13.810] floor bottom.dds
[LOG 09:33:13.810] floor top.dds
[LOG 09:33:13.810] floor top_normal.dds
[LOG 09:33:13.811] legs.dds
[LOG 09:33:13.811] ramp.dds
[LOG 09:33:13.811] stairs grid lights pivot.dds
[LOG 09:33:13.811] supports 1.dds
[LOG 09:33:13.811] supports 2.dds
[LOG 09:33:13.811] tunnels.dds
[LOG 09:33:13.811] diffuse.mat
[LOG 09:33:13.811] floor bottom_base_color.mat
[LOG 09:33:13.811] floor top_base_color.mat
[LOG 09:33:13.811] legs_base_color.mat
[LOG 09:33:13.811] ramp_base_color.mat
[LOG 09:33:13.811] stairs grid lights pivot_base_colormodpsd.mat
[LOG 09:33:13.811] stairs_grid_lights_pivot_base_color.mat
[LOG 09:33:13.811] supports 1_base_color.mat
[LOG 09:33:13.811] supports 2_base_color.mat
[LOG 09:33:13.811] tunnels_base_color.mat
[LOG 09:33:13.811] mobilelaunchpad_19.fbx
[LOG 09:33:13.811] pontoons.fbx
[LOG 09:33:13.811] pontoons_diffuse.dds
[LOG 09:33:13.811] ramp_normal.png
[LOG 09:33:13.811] 1001_base_color.mat
[LOG 09:33:13.811] desert groundtransition.mat
[LOG 09:33:13.811] desert groundtransition_highquality.mat
[LOG 09:33:13.811] desert groundtransition_lowquality.mat
[LOG 09:33:13.811] desert groundtransition_mediumquality.mat
[LOG 09:33:13.811] desert groundtransition_ultraquality.mat
[LOG 09:33:13.811] desert runway sand.mat
[LOG 09:33:13.811] desert runway stone.mat
[LOG 09:33:13.811] mobilelaunchpad.prefab
[LOG 09:33:13.811] woomerang_groundobjects.prefab
[LOG 09:33:13.811] woomerang_launch_site.prefab
[LOG 09:33:13.812] Scenes:
[LOG 09:33:13.812] kspMissionEditor.unity
[LOG 09:33:21.306] Assets:
[LOG 09:33:21.306] appanim_missionsapp.prefab
[LOG 09:33:21.306] cascading_body_missionheader.prefab
[LOG 09:33:21.306] cascading_body_missioninfo.prefab
[LOG 09:33:21.306] cascading_body_missionobjective.prefab
[LOG 09:33:21.306] cascading_body_missionsvesselheader.prefab
[LOG 09:33:21.306] cascading_body_missionsvesselitem.prefab
[LOG 09:33:21.306] cascading_body_settingsbutton.prefab
[LOG 09:33:21.306] cascading_body_settingstoggle.prefab
[LOG 09:33:21.306] missionsapp.prefab
[LOG 09:33:21.307] axislimitline.prefab
[LOG 09:33:21.307] controlleraction.prefab
[LOG 09:33:21.307] controlleraxis.prefab
[LOG 09:33:21.307] controllerwindow.prefab
[LOG 09:33:21.307] curvepanelpoint.prefab
[LOG 09:33:21.307] curvepanelpointaction.prefab
[LOG 09:33:21.307] axis_align_ends.png
[LOG 09:33:21.307] axis_clamp_values.png
[LOG 09:33:21.307] axis_copy.png
[LOG 09:33:21.307] axis_flip_horizontal.png
[LOG 09:33:21.307] axis_flip_vertical.png
[LOG 09:33:21.307] axis_move_down-trackrow.png
[LOG 09:33:21.307] axis_move_down.png
[LOG 09:33:21.307] axis_move_up-trackrow.png
[LOG 09:33:21.307] axis_move_up.png
[LOG 09:33:21.307] axis_paste.png
[LOG 09:33:21.307] axis_preset_flat.png
[LOG 09:33:21.307] axis_preset_sawtooth.png
[LOG 09:33:21.307] axis_preset_sine.png
[LOG 09:33:21.307] axis_preset_square.png
[LOG 09:33:21.307] axis_preset_triangle.png
[LOG 09:33:21.307] axis_select_all.png
[LOG 09:33:21.307] background_squared_inset.png
[LOG 09:33:21.307] close.png
[LOG 09:33:21.307] direction_forward.png
[LOG 09:33:21.307] direction_reverse.png
[LOG 09:33:21.307] edit.png
[LOG 09:33:21.307] fieldlimitline.png
[LOG 09:33:21.307] keyframe_add.png
[LOG 09:33:21.307] keyframe_clamp_value.png
[LOG 09:33:21.307] keyframe_delete.png
[LOG 09:33:21.307] keyframe_linear.png
[LOG 09:33:21.307] keyframe_smooth.png
[LOG 09:33:21.307] keyframe_step_backward.png
[LOG 09:33:21.307] keyframe_step_forward.png
[LOG 09:33:21.307] line.png
[LOG 09:33:21.307] line_dashed.png
[LOG 09:33:21.307] loop_pingpong.png
[LOG 09:33:21.307] loop_playonce.png
[LOG 09:33:21.307] loop_repeat.png
[LOG 09:33:21.307] node.png
[LOG 09:33:21.307] node_circle.png
[LOG 09:33:21.307] node_square.png
[LOG 09:33:21.307] pause.png
[LOG 09:33:21.308] play.png
[LOG 09:33:21.308] pointer.png
[LOG 09:33:21.308] remove-axis.png
[LOG 09:33:21.308] remove_key.png
[LOG 09:33:21.308] resize_icon.png
[LOG 09:33:21.308] sequence_resize_button_states.png
[LOG 09:33:21.308] sequence_resize_maintain.png
[LOG 09:33:21.308] sequence_resize_scale.png
[LOG 09:33:21.308] sequence_speed.png
[LOG 09:33:21.308] tracking_editor_button_states.png
[LOG 09:33:21.308] femalefuturepreview.prefab
[LOG 09:33:21.308] malefuturepreview.prefab
[LOG 09:33:21.308] kbfemale@controlpanel_a.fbx
[LOG 09:33:21.308] kbfemale@controlpanel_b.fbx
[LOG 09:33:21.308] kbfemale@controlpanel_c.fbx
[LOG 09:33:21.308] kbfemale@rocksample.fbx
[LOG 09:33:21.308] hammerfemale.fbx
[LOG 09:33:21.308] hammermale.fbx
[LOG 09:33:21.308] kbeva@controlpanel_a.fbx
[LOG 09:33:21.308] kbeva@controlpanel_b.fbx
[LOG 09:33:21.308] kbeva@controlpanel_c.fbx
[LOG 09:33:21.308] kbeva@rocksample.fbx
[LOG 09:33:21.308] kerbaleva_female_future.prefab
[LOG 09:33:21.308] kerbaleva_rd_future.prefab
[LOG 09:33:21.308] futureevabody.mat
[LOG 09:33:21.308] futureevabodyalternate.mat
[LOG 09:33:21.308] futureevajetpack.mat
[LOG 09:33:21.308] futureevalight.mat
[LOG 09:33:21.308] futurehelmet.mat
[LOG 09:33:21.308] kbevafemalefuture.prefab
[LOG 09:33:21.308] kbevafuture.prefab
[LOG 09:33:21.308] kbeva@new.fbx
[LOG 09:33:21.308] kbeva@newfem.fbx
[LOG 09:33:21.308] mevahelmetlight.fbx
[LOG 09:33:21.308] serenityfemaleeva.fbx
[LOG 09:33:21.308] serenityflares.fbx
[LOG 09:33:21.308] serenitymaleeva.fbx
[LOG 09:33:21.308] evajetpacknrm.dds
[LOG 09:33:21.308] futuresuit_diffuse_orange.dds
[LOG 09:33:21.308] futuresuit_diffuse_whiteblue.dds
[LOG 09:33:21.308] futuresuit_diffuse_whiteorange.dds
[LOG 09:33:21.308] futuresuit_emissive.dds
[LOG 09:33:21.308] futuresuit_evalight.png
[LOG 09:33:21.308] futuresuitmainnrm.dds
[LOG 09:33:21.308] ksp_ig_jetpack_diffuse.jpg
[LOG 09:33:21.308] kerbalfemalefuture.prefab
[LOG 09:33:21.308] kerbalmalefuture.prefab
[LOG 09:33:21.308] futuresuit_diffuse.mat
[LOG 09:33:21.308] serenityfemaleiva.fbx
[LOG 09:33:21.308] serenitymaleiva.fbx
[LOG 09:33:21.308] kerbalicon_eva_female_future.tif
[LOG 09:33:21.308] kerbalicon_eva_future.tif
[LOG 09:33:21.308] kerbalicon_suit_female_future.tif
[LOG 09:33:21.308] kerbalicon_suit_future.tif
[LOG 09:33:21.308] kerbalicon_suit_orange_female_future.tif
[LOG 09:33:21.308] kerbalicon_suit_orange_future.tif
[LOG 09:33:21.308] bottom_emissor.mat
[LOG 09:33:21.308] burst_emissor.mat
[LOG 09:33:21.308] burstprojectiles_emissor.mat
[LOG 09:33:21.308] constantburst_emissor.mat
[LOG 09:33:21.308] snowflakes_emissor.mat
[LOG 09:33:21.308] vapor_emissor.mat
[LOG 09:33:21.308] base_0.mat
[LOG 09:33:21.308] base_1.mat
[LOG 09:33:21.308] base_2.mat
[LOG 09:33:21.308] base_3_1.mat
[LOG 09:33:21.308] base_3_2.mat
[LOG 09:33:21.308] vapor.mat
[LOG 09:33:21.308] burst.png
[LOG 09:33:21.309] cloud2.png
[LOG 09:33:21.309] v1.png
[LOG 09:33:21.309] v2.png
[LOG 09:33:21.309] v3.png
[LOG 09:33:21.309] v5.png
[LOG 09:33:21.309] gapkerbal_female_future.prefab
[LOG 09:33:21.309] gapkerbal_male_future.prefab
[LOG 09:33:21.309] hammerfemale.prefab
[LOG 09:33:21.309] hammermale.prefab
[LOG 09:33:21.309] bopgravelpile.prefab
[LOG 09:33:21.309] bopgravelpile.fbx
[LOG 09:33:21.309] bop_gravel pile_d.mat
[LOG 09:33:21.309] lambert1.mat
[LOG 09:33:21.309] bop_gravel pile_d.png
[LOG 09:33:21.309] bop_gravel pile_d.tga
[LOG 09:33:21.309] bop_gravel pile_n.png
[LOG 09:33:21.309] bop_gravel pile_s.png
[LOG 09:33:21.309] drescrater.prefab
[LOG 09:33:21.309] dresmeteorite.prefab
[LOG 09:33:21.309] drescrater.fbx
[LOG 09:33:21.309] dresmeteorite.fbx
[LOG 09:33:21.309] dres_crater_d.mat
[LOG 09:33:21.309] dres_meteorite_d.mat
[LOG 09:33:21.309] lambert1.mat
[LOG 09:33:21.309] dres_crater_d.tga
[LOG 09:33:21.309] dres_crater_n.png
[LOG 09:33:21.309] dres_meteorite_d.tga
[LOG 09:33:21.309] dres_meteorite_n.png
[LOG 09:33:21.309] dunablueberries.prefab
[LOG 09:33:21.309] dunadune.prefab
[LOG 09:33:21.309] dunameteorite.prefab
[LOG 09:33:21.309] dunastone.prefab
[LOG 09:33:21.309] dunaasteroid.fbx
[LOG 09:33:21.309] dunablueberries.fbx
[LOG 09:33:21.309] dunadune.fbx
[LOG 09:33:21.309] dunastone.fbx
[LOG 09:33:21.309] duna_asteroid_d.mat
[LOG 09:33:21.309] duna_dune_d.mat
[LOG 09:33:21.309] duna_stone_d.mat
[LOG 09:33:21.309] dune_blueberries_d.mat
[LOG 09:33:21.309] lambert1.mat
[LOG 09:33:21.309] duna_asteroid_d.tga
[LOG 09:33:21.309] duna_asteroid_n.png
[LOG 09:33:21.309] duna_dune_d.tga
[LOG 09:33:21.309] duna_dune_n.tga
[LOG 09:33:21.309] duna_stone_d.tga
[LOG 09:33:21.309] duna_stone_n.png
[LOG 09:33:21.309] dune_blueberries_d.tga
[LOG 09:33:21.309] dune_blueberries_n.png
[LOG 09:33:21.309] eelooberg.prefab
[LOG 09:33:21.309] eeloobrownboulder.prefab
[LOG 09:33:21.309] eelooicechunk.prefab
[LOG 09:33:21.309] eelooberg.fbx
[LOG 09:33:21.309] eelooboulder.fbx
[LOG 09:33:21.309] eelooicechunk.fbx
[LOG 09:33:21.309] eeloo_alien_glacier_d.mat
[LOG 09:33:21.309] eeloo_brown_ boulder_d.mat
[LOG 09:33:21.309] eeloo_ice chunk_d.mat
[LOG 09:33:21.309] lambert1.mat
[LOG 09:33:21.309] eeloo_alien_glacier_d.tga
[LOG 09:33:21.309] eeloo_alien_glacier_e.tga
[LOG 09:33:21.309] eeloo_alien_glacier_n.png
[LOG 09:33:21.309] eeloo_brown_ boulder_d.tga
[LOG 09:33:21.309] eeloo_brown_ boulder_n.png
[LOG 09:33:21.309] eeloo_ice chunk_d.tga
[LOG 09:33:21.309] eeloo_ice chunk_e.tga
[LOG 09:33:21.309] eeloo_ice chunk_n.png
[LOG 09:33:21.309] eeloo_ice chunk_s.tga
[LOG 09:33:21.309] evebasaltformation.prefab
[LOG 09:33:21.311] evepancakedome.prefab
[LOG 09:33:21.311] evevolcanicrock.prefab
[LOG 09:33:21.311] evebasaltformation.fbx
[LOG 09:33:21.311] evepancakeformation.fbx
[LOG 09:33:21.311] evevolcanicrock.fbx
[LOG 09:33:21.311] eve basalt formation_d.mat
[LOG 09:33:21.311] eve pancake formation_d.mat
[LOG 09:33:21.311] eve volcanic rock_d.mat
[LOG 09:33:21.311] lambert1.mat
[LOG 09:33:21.311] eve basalt formation_d.tga
[LOG 09:33:21.311] eve basalt formation_n.tga
[LOG 09:33:21.311] eve pancake formation_d.tga
[LOG 09:33:21.311] eve pancake formation_e.png
[LOG 09:33:21.311] eve pancake formation_n.png
[LOG 09:33:21.311] eve volcanic rock_d.tga
[LOG 09:33:21.311] eve volcanic rock_n.png
[LOG 09:33:21.311] gillyridgeline.fbx
[LOG 09:33:21.311] gilly ridegeline_d.mat
[LOG 09:33:21.311] lambert1.mat
[LOG 09:33:21.311] gillyridgeline.prefab
[LOG 09:33:21.311] gilly ridegeline_d.tga
[LOG 09:33:21.311] gilly ridegeline_n.png
[LOG 09:33:21.311] dunaejecta.prefab
[LOG 09:33:21.311] ikedunaejecta.fbx
[LOG 09:33:21.311] ike_duna_ejecta_mat.mat
[LOG 09:33:21.311] ike duna ejecta_d.tga
[LOG 09:33:21.311] ike duna ejecta_n.png
[LOG 09:33:21.311] kerbinbaobabtree.fbx
[LOG 09:33:21.311] kerbinquartz.fbx
[LOG 09:33:21.311] baobaptree.mat
[LOG 09:33:21.311] kerbin_baobab_tree_d.mat
[LOG 09:33:21.311] kerbin_boabob_tree_d.mat
[LOG 09:33:21.311] kerbin_giant_quartz_d.mat
[LOG 09:33:21.311] lambert1.mat
[LOG 09:33:21.312] lambert2.mat
[LOG 09:33:21.312] kerbinbaobabtree.prefab
[LOG 09:33:21.312] kerbinquartz.prefab
[LOG 09:33:21.312] kerbin_baobab_tree_alpha.png
[LOG 09:33:21.312] kerbin_baobab_tree_d.tga
[LOG 09:33:21.312] kerbin_baobab_tree_n.png
[LOG 09:33:21.312] kerbin_giant_quartz_d.tga
[LOG 09:33:21.312] kerbin_giant_quartz_e.tga
[LOG 09:33:21.312] kerbin_giant_quartz_n.tga
[LOG 09:33:21.312] kerbin_giant_quartz_s.tga
[LOG 09:33:21.312] laytheboulder.fbx
[LOG 09:33:21.312] laythegeyser.fbx
[LOG 09:33:21.312] laythestone.fbx
[LOG 09:33:21.312] lambert1.mat
[LOG 09:33:21.312] laythe_boulder_d.mat
[LOG 09:33:21.312] laythe_geyser_d.mat
[LOG 09:33:21.312] laythe_stone_d.mat
[LOG 09:33:21.312] laytheboulder.prefab
[LOG 09:33:21.312] laythegeyser.prefab
[LOG 09:33:21.312] laythestone.prefab
[LOG 09:33:21.312] laythe_boulder_d.tga
[LOG 09:33:21.312] laythe_boulder_n.png
[LOG 09:33:21.312] laythe_geyser_d.tga
[LOG 09:33:21.312] laythe_geyser_n.png
[LOG 09:33:21.312] laythe_stone_d.tga
[LOG 09:33:21.312] laythe_stone_n.png
[LOG 09:33:21.312] greensandstone.fbx
[LOG 09:33:21.312] lambert1.mat
[LOG 09:33:21.312] minmus_green_sandstone_d.mat
[LOG 09:33:21.312] minmus_olivine_formation_d.mat
[LOG 09:33:21.312] minmusolivineformation.fbx
[LOG 09:33:21.312] minmus_greensandstone.prefab
[LOG 09:33:21.312] minmus_olivineformation.prefab
[LOG 09:33:21.312] minmus_green_sandstone_d.tga
[LOG 09:33:21.312] minmus_green_sandstone_n.png
[LOG 09:33:21.312] minmus_olivine_formation_d.tga
[LOG 09:33:21.312] minmus_olivine_formation_n.png
[LOG 09:33:21.312] lambert1.mat
[LOG 09:33:21.312] moho wrinkleridge_d.mat
[LOG 09:33:21.312] moho_stone_d.mat
[LOG 09:33:21.312] mohostone.fbx
[LOG 09:33:21.312] mohowrinkleridge.fbx
[LOG 09:33:21.312] mohostone.prefab
[LOG 09:33:21.312] mohowrinkleridge.prefab
[LOG 09:33:21.312] moho wrinkleridge_d.tga
[LOG 09:33:21.312] moho wrinkleridge_e.png
[LOG 09:33:21.313] moho wrinkleridge_n.png
[LOG 09:33:21.313] moho_stone_d.tga
[LOG 09:33:21.313] moho_stone_n.png
[LOG 09:33:21.313] lambert1.mat
[LOG 09:33:21.313] mun_crater_d.mat
[LOG 09:33:21.313] mun_large_crater_d.mat
[LOG 09:33:21.313] mun_stone_d.mat
[LOG 09:33:21.313] muncrater.fbx
[LOG 09:33:21.313] munlargecrater.fbx
[LOG 09:33:21.313] munstone.fbx
[LOG 09:33:21.313] muncrater.prefab
[LOG 09:33:21.313] munlargecrater.prefab
[LOG 09:33:21.313] munstone.prefab
[LOG 09:33:21.313] mun_crater_d.tga
[LOG 09:33:21.313] mun_crater_n.png
[LOG 09:33:21.313] mun_large_crater_d.tga
[LOG 09:33:21.313] mun_large_crater_n.png
[LOG 09:33:21.313] mun_stone_d.tga
[LOG 09:33:21.313] mun_stone_n.png
[LOG 09:33:21.313] lambert1.mat
[LOG 09:33:21.313] pol_yellowstone_d.mat
[LOG 09:33:21.313] polyellowstone.fbx
[LOG 09:33:21.313] pol_yellowstones.prefab
[LOG 09:33:21.313] pol_yellowstone_d.png
[LOG 09:33:21.313] pol_yellowstone_n.png
[LOG 09:33:21.313] lambert1.mat
[LOG 09:33:21.313] tylo_checkerboard_d.mat
[LOG 09:33:21.313] tylo_dark boulder_d.mat
[LOG 09:33:21.313] tylo_light_d.mat
[LOG 09:33:21.313] tyloboulder.fbx
[LOG 09:33:21.313] tylocheckerboard.fbx
[LOG 09:33:21.313] tylolightstone.fbx
[LOG 09:33:21.313] tylo_ checkerboard_n.png
[LOG 09:33:21.313] tylo_checkerboard_d.png
[LOG 09:33:21.313] tylo_dark boulder_d.tga
[LOG 09:33:21.313] tylo_dark boulder_n.png
[LOG 09:33:21.313] tylo_light_d.tga
[LOG 09:33:21.313] tylo_light_n.png
[LOG 09:33:21.313] tylocheckerboard.prefab
[LOG 09:33:21.313] tylodarkboulder.prefab
[LOG 09:33:21.313] tylolightstone.prefab
[LOG 09:33:21.313] cryovolcano_d.mat
[LOG 09:33:21.313] lambert1.mat
[LOG 09:33:21.313] vallicechunk_d.mat
[LOG 09:33:21.313] vallstone_d.mat
[LOG 09:33:21.313] vall_cryovolcano.fbx
[LOG 09:33:21.314] vall_icechunk.fbx
[LOG 09:33:21.314] vall_stone.fbx
[LOG 09:33:21.314] cryovolcano_d.tga
[LOG 09:33:21.314] cryovolcano_e.png
[LOG 09:33:21.314] cryovolcano_n.jpg
[LOG 09:33:21.314] cryovolcano_s.jpg
[LOG 09:33:21.314] vallicechunk_d.jpg
[LOG 09:33:21.314] vallicechunk_e.jpg
[LOG 09:33:21.314] vallicechunk_n.jpg
[LOG 09:33:21.314] vallicechunk_s.jpg
[LOG 09:33:21.314] vallstone_d.jpg
[LOG 09:33:21.314] vallstone_e.jpg
[LOG 09:33:21.314] vallstone_n.jpg
[LOG 09:33:21.314] vallstone_s.jpg
[LOG 09:33:21.314] vallcryovolcano.prefab
[LOG 09:33:21.314] vallicechunk.prefab
[LOG 09:33:21.314] vallstone.prefab
[LOG 09:33:21.314] vfx_spark.mat
[LOG 09:33:21.314] vfx_welding_flare.mat
[LOG 09:33:21.314] cometdustmaterial.mat
[LOG 09:33:21.314] cometgeysermat.mat
[LOG 09:33:21.322] GetTypesOfModulesImplementingInterface2: Found 69 types with IPartModuleAdjuster interface in 9 assemblies.
[LOG 09:33:21.333] GetSubclassesOfParentClass: Found 0 types with ModuleActiveRadiator parent in 9 assemblies.
[LOG 09:33:21.342] GetSubclassesOfParentClass: Found 0 types with ModuleAlternator parent in 9 assemblies.
[LOG 09:33:21.348] GetSubclassesOfParentClass: Found 1 types with ModuleControlSurface parent in 9 assemblies.
[LOG 09:33:21.354] GetSubclassesOfParentClass: Found 0 types with ModuleDataTransmitter parent in 9 assemblies.
[LOG 09:33:21.361] GetSubclassesOfParentClass: Found 0 types with ModuleDeployableSolarPanel parent in 9 assemblies.
[LOG 09:33:21.369] GetSubclassesOfParentClass: Found 1 types with ModuleEngines parent in 9 assemblies.
[LOG 09:33:21.376] GetSubclassesOfParentClass: Found 0 types with ModuleGenerator parent in 9 assemblies.
[LOG 09:33:21.385] GetSubclassesOfParentClass: Found 0 types with ModuleGimbal parent in 9 assemblies.
[LOG 09:33:21.392] GetSubclassesOfParentClass: Found 2 types with ModuleLiftingSurface parent in 9 assemblies.
[LOG 09:33:21.401] GetSubclassesOfParentClass: Found 0 types with ModuleLight parent in 9 assemblies.
[LOG 09:33:21.408] GetSubclassesOfParentClass: Found 0 types with ModuleReactionWheel parent in 9 assemblies.
[LOG 09:33:21.413] GetSubclassesOfParentClass: Found 0 types with ModuleSAS parent in 9 assemblies.
[LOG 09:33:21.418] GetSubclassesOfParentClass: Found 0 types with ModuleWheelBrakes parent in 9 assemblies.
[LOG 09:33:21.423] GetSubclassesOfParentClass: Found 1 types with ModuleWheelMotor parent in 9 assemblies.
[LOG 09:33:21.424] GetSubclassesOfParentClass: Using cached results for ModuleActiveRadiator
[LOG 09:33:21.428] GetSubclassesOfParentClass: Found 0 types with ModuleAnchoredDecoupler parent in 9 assemblies.
[LOG 09:33:21.433] GetSubclassesOfParentClass: Found 0 types with ModuleCargoBay parent in 9 assemblies.
[LOG 09:33:21.433] GetSubclassesOfParentClass: Using cached results for ModuleControlSurface
[LOG 09:33:21.434] GetSubclassesOfParentClass: Using cached results for ModuleDataTransmitter
[LOG 09:33:21.439] GetSubclassesOfParentClass: Found 0 types with ModuleDecouple parent in 9 assemblies.
[LOG 09:33:21.446] GetSubclassesOfParentClass: Found 4 types with ModuleDeployablePart parent in 9 assemblies.
[LOG 09:33:21.449] GetSubclassesOfParentClass: Found 0 types with ModuleDockingNode parent in 9 assemblies.
[LOG 09:33:21.450] GetSubclassesOfParentClass: Using cached results for ModuleEngines
[LOG 09:33:21.454] GetSubclassesOfParentClass: Found 0 types with CModuleFuelLine parent in 9 assemblies.
[LOG 09:33:21.458] GetSubclassesOfParentClass: Found 0 types with ModuleGPS parent in 9 assemblies.
[LOG 09:33:21.463] GetSubclassesOfParentClass: Found 0 types with ModuleGrappleNode parent in 9 assemblies.
[LOG 09:33:21.463] GetSubclassesOfParentClass: Using cached results for ModuleGrappleNode
[LOG 09:33:21.467] GetSubclassesOfParentClass: Found 0 types with ModuleKerbNetAccess parent in 9 assemblies.
[LOG 09:33:21.467] GetSubclassesOfParentClass: Using cached results for ModuleLight
[LOG 09:33:21.467] GetSubclassesOfParentClass: Using cached results for ModuleLight
[LOG 09:33:21.472] GetSubclassesOfParentClass: Found 0 types with ModuleProbeControlPoint parent in 9 assemblies.
[LOG 09:33:21.476] GetSubclassesOfParentClass: Found 1 types with ModuleRCS parent in 9 assemblies.
[LOG 09:33:21.476] GetSubclassesOfParentClass: Using cached results for ModuleRCS
[LOG 09:33:21.476] GetSubclassesOfParentClass: Using cached results for ModuleReactionWheel
[LOG 09:33:21.476] GetSubclassesOfParentClass: Using cached results for ModuleReactionWheel
[LOG 09:33:21.481] GetSubclassesOfParentClass: Found 0 types with ModuleResourceIntake parent in 9 assemblies.
[LOG 09:33:21.485] GetSubclassesOfParentClass: Found 0 types with ModuleScienceExperiment parent in 9 assemblies.
[LOG 09:33:21.488] GetSubclassesOfParentClass: Found 0 types with ModuleToggleCrossfeed parent in 9 assemblies.
[LOG 09:33:21.493] GetSubclassesOfParentClass: Found 0 types with ModuleWheelDeployment parent in 9 assemblies.
[LOG 09:33:21.507] ExpansionsLoader: Expansions loaded in 11.939s
[LOG 09:33:21.507] Loading Systems: Elapsed time is 44.61092s
[LOG 09:33:24.854] [AddonLoader]: Instantiating addon 'KSPCFFastLoaderPSystemSetup' from assembly 'KSPCommunityFixes'
[LOG 09:33:25.150] [Agent]: Found 19 agent mentality types
[LOG 09:33:25.151] [AgentList]: 31 agents parsed and loaded.
[LOG 09:33:25.181] [UIMasterController]: HideUI
[LOG 09:33:25.256] [CelestialBody]: Kerbin's solar day length is 1d, 0h, 0m long. sidereal day length is 5h, 59m, 9s long
[LOG 09:33:29.735] [UIMasterController]: HideUI
[LOG 09:33:29.742] [HighLogic]: =========================== Scene Change : From LOADING to MAINMENU =====================
[LOG 09:33:30.190] [AddonLoader]: Instantiating addon 'ContractDefs' from assembly 'KSP'
[LOG 09:33:30.207] [AddonLoader]: Instantiating addon 'KSPCFFastLoaderReport' from assembly 'KSPCommunityFixes'
[LOG 09:33:30.226] [UIMasterController]: ShowUI
[LOG 09:33:30.424] [GameParameters]: Loaded custom parameter class CommNetParams.
[LOG 09:33:30.425] [GameParameters]: Loaded custom parameter class MissionParamsGeneral.
[LOG 09:33:30.425] [GameParameters]: Loaded custom parameter class MissionParamsFacilities.
[LOG 09:33:30.425] [GameParameters]: Loaded custom parameter class MissionParamsExtras.
[LOG 09:33:30.425] [GameParameters]: Loaded custom parameter class AdvancedParams.
[LOG 09:33:30.441] [ReflectionUtil]: Found 40 types with UpgradeModule attribute in 9 assemblies.
[LOG 09:33:30.459] [KSPCF:FastLoader] Intel(R) Core(TM) Ultra 7 155H | 32265 MB | Intel(R) Arc(TM) Pro Graphics (18391 MB)
Total loading time to main menu : 56.412s
- Configs and assemblies loaded in 12.100s
- Configs reload done in 1.147s
- Configs translated in 0.008s
- 2347 assets loaded in 17.491s :
  - 86 audio assets (79.689 MiB) in 0.435s, 183.242 MiB/s
  - 1634 texture assets (1.294 GiB) in 12.747s, 103.957 MiB/s
  - 626 model assets (64.41 MiB) in 4.306s, 14.957 MiB/s
- Asset bundles loaded in 0.401s
- GameDatabase (configs, resources, traits, upgrades...) loaded in 0.046s
- Built-in parts copied in 0.016s
- Part and internal configs extracted in 0.007s
- 483 parts and 1927 modules compiled in 2.268s
  - 4.0 modules/part, 4.696 ms/part, 1.177 ms/module
  - PartIcon compilation : 0.712s
- 27 internal spaces and 56 props compiled in 0.116s
- 2 DLC (Making History, Breaking Ground) loaded in 11.983s
- Planetary system loaded in 5.761s
[LOG 09:33:30.459] Texture queries : 1709, slow path : 1 (0.06 %)
[LOG 09:33:30.463] [ModuleManager] Total loading Time = 44.499s
[LOG 09:33:30.538] [ScenarioTypes]: List Created 23 scenario types loaded from 9 loaded assemblies.
[WRN 09:33:30.545] File 'C:/Users/lhervier/Perso/ksp-dev/KSP_x64_Data/../Missions/MissionScoreInfo.cfg' does not exist
[LOG 09:33:30.548] [ApplicationLauncher] Awake False
[LOG 09:33:30.548] [ApplicationLauncher] SpawnSimpleLayout: VerticalTopDown
[LOG 09:33:30.558] [UiApp] Awake: 
[LOG 09:33:30.560] [ApplicationLauncher] OnSceneLoadedGUIReady: scene MAINMENU ShouldBeVisible() True ShouldBeOnTop() True iIsPositionedAtTop True
[LOG 09:33:30.578] [UIApp] Adding  to Application Launcher
[LOG 09:33:30.581] [ApplicationLauncher] SetHidden: 
[LOG 09:33:30.586] [MessageSystem] OnAppInitialized
[LOG 09:33:30.586] [MessageSystem] Reposition 0.0388064 9550
[LOG 09:33:30.817] [ExperienceSystem]: Found 0 trait types
[LOG 09:33:30.825] [ExperienceSystem]: Found 20 effect types
[LOG 09:33:30.850] [ScenarioTypes]: List Created 23 scenario types loaded from 9 loaded assemblies.
[LOG 09:33:30.851] [MessageSystem] Load Messages
[LOG 09:33:30.853] [UIMasterController]: HideUI
[LOG 09:33:30.854] [HighLogic]: =========================== Scene Change : From MAINMENU to SPACECENTER =====================
[LOG 09:33:31.118] [AddonLoader]: Instantiating addon 'CustomConfigsManager' from assembly 'ModuleManager'
[LOG 09:33:32.969] [UIMasterController]: ShowUI
[LOG 09:33:33.179] [SceneLoadSpeedBoost] Save loaded from disk in 1ms
[LOG 09:33:33.188] GetSubclassesOfParentClass: Found 7 types with AlarmTypeBase parent in 9 assemblies.
[LOG 09:33:33.194] Loading Depletion Nodes
[LOG 09:33:33.195] DepNodeCount:  0
[LOG 09:33:33.195] Loading Biome Nodes
[LOG 09:33:33.195] BiomeNodeCount:  0
[LOG 09:33:33.195] Loading Planet Nodes
[LOG 09:33:33.195] PlanetNodeCount:  0
[LOG 09:33:33.205] [ScenarioDestructibles]: Loading... 0 objects registered
[LOG 09:33:33.281] [UiApp] Awake: KSPedia
[LOG 09:33:33.281] [UiApp] Awake: Missions App
[LOG 09:33:33.281] [UiApp] Awake: AlarmClock
[LOG 09:33:33.281] [GenericAppFrame] Reposition 0 9594
[LOG 09:33:33.282] [ApplicationLauncher] OnSceneLoadedGUIReady: scene SPACECENTER ShouldBeVisible() True ShouldBeOnTop() False iIsPositionedAtTop True
[LOG 09:33:33.282] [ApplicationLauncher] SpawnSimpleLayout: HorizontalRightLeft
[LOG 09:33:33.285] [ApplicationLauncher] SetVisible: 
[LOG 09:33:33.343] [UIApp] OnDestroy: Contracts
[LOG 09:33:33.348] [MessageSystem] Reposition 0.02 9595
[LOG 09:33:33.349] [GenericAppFrame] Reposition 0.02 9595
[LOG 09:33:33.349] [GenericAppFrame] Reposition 0.02 9595
[LOG 09:33:33.434] Launching vessel from LaunchPad. Craft file: C:\Users\lhervier\Perso\ksp-dev\saves\claude-campagnes\Ships\VAB\Diag3-Rocket.craft
[LOG 09:33:33.435] Flight State Captured
[LOG 09:33:33.438] Saving Achievements Tree...
[LOG 09:33:33.438] Saving Achievements Tree...
[LOG 09:33:33.441] [MessageSystem] Save Messages
[LOG 09:33:33.458] Game State Saved to saves/claude-campagnes/persistent
[LOG 09:33:33.472] [UIMasterController]: HideUI
[LOG 09:33:33.477] [HighLogic]: =========================== Scene Change : From SPACECENTER to FLIGHT =====================
[LOG 09:33:33.720] [UIApp] OnDestroy: KSPedia
[LOG 09:33:33.721] [UIApp] OnDestroy: Missions App
[LOG 09:33:33.721] [UIApp] OnDestroy: AlarmClock
[LOG 09:33:33.723] [KSPCF:MemoryLeaks] Removed a onPlanetariumTargetChange callback owned by a destroyed Assembly-CSharp:CommNetVessel instance
[LOG 09:33:33.728] [KSPCF:MemoryLeaks] Leaving scene "SpaceCenter", cleaned 3 memory leaks in 0.006s. GameEvents callbacks : 467. Allocated memory : 668.977 MiB (managed heap), 2.184 GiB (unmanaged)
[LOG 09:33:33.734] UICanvasPrefabSpawner FlightUI spawning Flight
[LOG 09:33:33.757] UICanvasPrefabSpawner FlightUI spawning VesselLabels
[LOG 09:33:33.757] [UiApp] Awake: ResourceDisplay
[LOG 09:33:33.822] [AddonLoader]: Instantiating addon 'AeroGUI' from assembly 'KSP'
[LOG 09:33:33.830] [AddonLoader]: Instantiating addon 'KSPDiagQuadSeams' from assembly 'KSPDiagQuadSeams'
[LOG 09:33:33.835] [KSPDiagQuadSeams] shader Hidden/Internal-Colored, depth test settable: True
[LOG 09:33:33.836] [PlanetariumCamera]: Focus: Kerbin
[LOG 09:33:33.837] [UIMasterController]: HideUI
[LOG 09:33:34.045] [UIMasterController]: HideUI
[LOG 09:33:34.045] ------------------- initializing flight mode... ------------------
[LOG 09:33:34.045] [SceneLoadSpeedBoost] Save loaded from cache in 0ms
[LOG 09:33:34.048] [MessageSystem] Save Messages
[LOG 09:33:34.049] GetSubclassesOfParentClass: Using cached results for AlarmTypeBase
[LOG 09:33:34.049] Loading Depletion Nodes
[LOG 09:33:34.049] DepNodeCount:  0
[LOG 09:33:34.049] Loading Biome Nodes
[LOG 09:33:34.049] BiomeNodeCount:  0
[LOG 09:33:34.049] Loading Planet Nodes
[LOG 09:33:34.049] PlanetNodeCount:  0
[LOG 09:33:34.050] [ScenarioDestructibles]: Loading... 0 objects registered
[LOG 09:33:34.075] Loading ship from file: C:\Users\lhervier\Perso\ksp-dev\saves\claude-campagnes\Ships\VAB\Diag3-Rocket.craft
[LOG 09:33:34.076] [UIMasterController]: HideUI
[LOG 09:33:34.093] Diag3-Rocket loaded!
[LOG 09:33:35.379] putting ship to ground: 11.36977
[LOG 09:33:35.385] [Diag3-Rocket]: Ready to Launch - waiting to start physics...
[LOG 09:33:35.396] Crewmember Jebediah Kerman assigned to Capsule de commande Mk1, seat # 0 (crew seat index: 0)
[LOG 09:33:35.396] [FLIGHT GLOBALS]: Switching To Vessel Diag3-Rocket ---------------------- 
[LOG 09:33:35.397] setting new dominant body: Kerbin
FlightGlobals.mainBody: Kerbin
[LOG 09:33:35.397] Reference Frame: Rotating
[LOG 09:33:35.412] Vessel assembly complete!
[LOG 09:33:37.229] all systems started
[LOG 09:33:37.400] [KSPDiagQuadSeams] body Kerbin, radius 600000 m, highest subdivision level 10, 15 vertices by side
[LOG 09:33:37.405] [KSPDiagQuadSeams] after an origin shift: 56 seam(s) between 44 quad(s) of level 10 and 20 coarser one(s); 448 shared vertices, gap mean 45.504 mm, max 117.718 mm; largest on Kerbin Zn1232223113 (East, level 10) against Kerbin Zn123223200 (West, level 9), where the finer quad is 115.585 mm below the coarser one and 22.306 mm beside it, 6.7 km from the active vessel
[LOG 09:33:37.485] [UiApp] Awake: CurrencyWidgetsApp
[LOG 09:33:37.485] [UiApp] Awake: ResourceDisplay
[LOG 09:33:37.485] [UiApp] Awake: KSPedia
[LOG 09:33:37.485] [UiApp] Awake: Missions App
[LOG 09:33:37.485] [UiApp] Awake: DeltaVApp
[LOG 09:33:37.485] [UiApp] Awake: ActionGroupsApp
[LOG 09:33:37.485] [UiApp] Awake: Construction
[LOG 09:33:37.485] [UiApp] Awake: Cargo
[LOG 09:33:37.486] [UiApp] Awake: AlarmClock
[LOG 09:33:37.486] [UiApp] Awake: ManeuverTool
[LOG 09:33:37.486] [ApplicationLauncher] OnSceneLoadedGUIReady: scene FLIGHT ShouldBeVisible() True ShouldBeOnTop() True iIsPositionedAtTop False
[LOG 09:33:37.486] [ApplicationLauncher] SpawnSimpleLayout: VerticalTopDown
[LOG 09:33:37.489] [KnowledgeBase] OnAppLauncherReady 9599
[LOG 09:33:37.501] [UIApp] OnDestroy: Contracts
[LOG 09:33:37.516] [FlightIntegrator]: Reloaded drag cube for zeroed cube root part mk1pod.v2 on vessel Diag3-Rocket
[LOG 09:33:37.523] [FlightIntegrator]: Vessel Diag3-Rocket has been unloaded 1.79769313486232E+308, applying analytic temperature 310.091362916765
[LOG 09:33:37.525] [MessageSystem] Reposition 0.02 9600
[LOG 09:33:37.525] [GenericAppFrame] Reposition 0.02 9600
[LOG 09:33:37.525] [GenericAppFrame] Reposition 0.02 9600
[LOG 09:33:37.606] [PlanetariumCamera]: Focus: Diag3-Rocket
[LOG 09:33:37.641] [UIApp] Adding ResourceDisplay to Application Launcher
[LOG 09:33:37.642] [UIApp] Adding ResourceDisplay to Application Launcher
[LOG 09:33:37.655] [ResourceDisplay] OnAppStarted(): id: -389240
[LOG 09:33:37.657] [GenericAppFrame] Reposition 0.1395379 9604
[LOG 09:33:37.657] [ResourceDisplay] OnAppStarted(): id: 264296
[LOG 09:33:37.657] ResourceDisplay already exist, destroying this instance
[LOG 09:33:37.657] [UIApp] OnDestroy: ResourceDisplay
[LOG 09:33:37.673] [UIApp] Adding AlarmClock to Application Launcher
[LOG 09:33:37.674] [UIApp] Adding ActionGroupsApp to Application Launcher
[LOG 09:33:37.675] [UIApp] Adding Missions App to Application Launcher
[LOG 09:33:37.676] CURRENCY WIDGET False False False
[LOG 09:33:37.678] [UIApp] OnDestroy: CurrencyWidgetsApp
[LOG 09:33:37.710] [GenericAppFrame] Reposition 0.1701848 9606
[LOG 09:33:37.714] [ActionGroupsApp] OnAppStarted(): id: -389264
[LOG 09:33:37.715] [GenericAppFrame] Reposition 0.1701848 9606
[LOG 09:33:37.716] [UIApp] Adding DeltaVApp to Application Launcher
[LOG 09:33:37.717] [MissionsApp] OnAppStarted(): id: -389252
[LOG 09:33:37.717] MissionsApp does not execute in this game mode, destroying this instance
[LOG 09:33:37.717] [UIApp] OnDestroy: Missions App
[LOG 09:33:37.726] [GenericAppFrame] Reposition 0.2101848 9607
[LOG 09:33:37.736] [UIApp] Adding Cargo to Application Launcher
[LOG 09:33:37.738] [UIApp] Adding Construction to Application Launcher
[LOG 09:33:37.740] [UIApp] Adding KSPedia to Application Launcher
[WRN 09:33:37.750] HighlightingSystem : Framebuffer depth data is not available and can't be used to occlude highlighting. Highlighting occluders enabled.
[LOG 09:33:37.770] [UIApp] Adding ManeuverTool to Application Launcher
[LOG 09:33:37.773] [ApplicationLauncher] SetHidden: 
[LOG 09:33:37.801] [GenericAppFrame] Reposition 0.2811061 9610
[LOG 09:33:37.810] [ManeuverTool]: Found 1 transfer types
[LOG 09:33:37.854] Flight State Captured
[LOG 09:33:37.854] Saving Achievements Tree...
[LOG 09:33:37.854] Saving Achievements Tree...
[LOG 09:33:37.855] [MessageSystem] Save Messages
[LOG 09:33:37.872] Game State Saved as persistent
[LOG 09:33:38.822] Unpacking Diag3-Rocket
[LOG 09:33:38.835] [UIMasterController]: ShowUI
[LOG 09:33:42.940] [MessageSystem] Load Messages
[LOG 09:33:42.943] [UIMasterController]: HideUI
[LOG 09:33:42.985] [HighLogic]: =========================== Scene Change : From FLIGHT to FLIGHT =====================
[LOG 09:33:43.106] [UIApp] OnDestroy: DeltaVApp
[LOG 09:33:43.106] [UIApp] OnDestroy: Cargo
[LOG 09:33:43.106] KbApp.OnDestroy Vessel Info
[LOG 09:33:43.109] [PlanetariumCamera]: Focus: Kerbin
[LOG 09:33:43.110] KbApp.OnDestroy Unowned Info
[LOG 09:33:43.111] KbApp.OnDestroy Vessel Crew
[LOG 09:33:43.111] [UIApp] OnDestroy: ManeuverTool
[LOG 09:33:43.111] KbApp.OnDestroy Planet Info
[LOG 09:33:43.111] [UIApp] OnDestroy: Construction
[LOG 09:33:43.115] KbApp.OnDestroy Planet Resources
[LOG 09:33:43.115] KbApp.OnDestroy NullName
[LOG 09:33:43.115] [UIApp] OnDestroy: ActionGroupsApp
[LOG 09:33:43.115] [UIApp] OnDestroy: ResourceDisplay
[LOG 09:33:43.115] [UIApp] OnDestroy: AlarmClock
[LOG 09:33:43.115] KbApp.OnDestroy Planet Parameters
[LOG 09:33:43.115] [UIApp] OnDestroy: KSPedia
[LOG 09:33:43.118] [KSPCF:MemoryLeaks] Removed a OnMapExited callback owned by a destroyed Assembly-CSharp:NavBallToggle instance
[LOG 09:33:43.118] [KSPCF:MemoryLeaks] Removed a OnGameSettingsApplied callback owned by a destroyed Assembly-CSharp:VesselAutopilotUI instance
[LOG 09:33:43.118] [KSPCF:MemoryLeaks] Removed a onPartActionUICreate callback owned by a destroyed Assembly-CSharp:ModuleInventoryPart instance
[LOG 09:33:43.118] [KSPCF:MemoryLeaks] Removed a onModuleInventoryChanged callback owned by a destroyed Assembly-CSharp:ModuleInventoryPart instance
[LOG 09:33:43.118] [KSPCF:MemoryLeaks] Removed a OnEVAConstructionMode callback owned by a destroyed Assembly-CSharp:ModuleCargoPart instance
[LOG 09:33:43.118] [KSPCF:MemoryLeaks] Removed a OnEVAConstructionMode callback owned by a destroyed Assembly-CSharp:ModuleCargoPart instance
[LOG 09:33:43.118] [KSPCF:MemoryLeaks] Removed a OnEVAConstructionMode callback owned by a destroyed Assembly-CSharp:ModuleCargoPart instance
[LOG 09:33:43.118] [KSPCF:MemoryLeaks] Removed a OnEVAConstructionMode callback owned by a destroyed Assembly-CSharp:ModuleCargoPart instance
[LOG 09:33:43.118] [KSPCF:MemoryLeaks] Removed a OnEVAConstructionMode callback owned by a destroyed Assembly-CSharp:ModuleCargoPart instance
[LOG 09:33:43.118] [KSPCF:MemoryLeaks] Removed a OnEVAConstructionMode callback owned by a destroyed Assembly-CSharp:ModuleCargoPart instance
[LOG 09:33:43.118] [KSPCF:MemoryLeaks] Removed a OnEVAConstructionMode callback owned by a destroyed Assembly-CSharp:ModuleCargoPart instance
[LOG 09:33:43.118] [KSPCF:MemoryLeaks] Removed a OnEVAConstructionMode callback owned by a destroyed Assembly-CSharp:ModuleCargoPart instance
[LOG 09:33:43.119] [KSPCF:MemoryLeaks] Removed a OnEVAConstructionMode callback owned by a destroyed Assembly-CSharp:ModuleCargoPart instance
[LOG 09:33:43.119] [KSPCF:MemoryLeaks] Removed a OnEVAConstructionMode callback owned by a destroyed Assembly-CSharp:ModuleCargoPart instance
[LOG 09:33:43.119] [KSPCF:MemoryLeaks] Removed a OnEVAConstructionMode callback owned by a destroyed Assembly-CSharp:ModuleCargoPart instance
[LOG 09:33:43.119] [KSPCF:MemoryLeaks] Removed a OnEVAConstructionMode callback owned by a destroyed Assembly-CSharp:ModuleCargoPart instance
[LOG 09:33:43.119] [KSPCF:MemoryLeaks] Removed a OnEVAConstructionMode callback owned by a destroyed Assembly-CSharp:ModuleCargoPart instance
[LOG 09:33:43.119] [KSPCF:MemoryLeaks] Removed a OnEVAConstructionMode callback owned by a destroyed Assembly-CSharp:ModuleCargoPart instance
[LOG 09:33:43.119] [KSPCF:MemoryLeaks] Removed a OnEVAConstructionMode callback owned by a destroyed Assembly-CSharp:ModuleCargoPart instance
[LOG 09:33:43.119] [KSPCF:MemoryLeaks] Removed a OnEVAConstructionMode callback owned by a destroyed Assembly-CSharp:ModuleCargoPart instance
[LOG 09:33:43.119] [KSPCF:MemoryLeaks] Removed a OnEVAConstructionMode callback owned by a destroyed Assembly-CSharp:ModuleCargoPart instance
[LOG 09:33:43.119] [KSPCF:MemoryLeaks] Removed a OnEVAConstructionMode callback owned by a destroyed Assembly-CSharp:ModuleCargoPart instance
[LOG 09:33:43.119] [KSPCF:MemoryLeaks] Removed a OnDestructibleLoaded callback owned by a destroyed Assembly-CSharp:RunwayCollisionHandler instance
[LOG 09:33:43.119] [KSPCF:MemoryLeaks] Removed a OnClick callback owned by a destroyed Assembly-CSharp:EVAConstructionModeEditor instance
[LOG 09:33:43.119] [KSPCF:MemoryLeaks] Removed a TimingManager.Instance.timing5.onLateUpdate callback owned by a destroyed Assembly-CSharp:MapView instance
[LOG 09:33:43.119] [KSPCF:MemoryLeaks] Leaving scene "Flight", cleaned 73 memory leaks in 0.002s. GameEvents callbacks : 530. Allocated memory : 691.316 MiB (managed heap), 2.185 GiB (unmanaged)
[LOG 09:33:43.125] UICanvasPrefabSpawner FlightUI spawning Flight
[LOG 09:33:43.140] UICanvasPrefabSpawner FlightUI spawning VesselLabels
[LOG 09:33:43.140] [UiApp] Awake: ResourceDisplay
[LOG 09:33:43.196] [AddonLoader]: Instantiating addon 'AeroGUI' from assembly 'KSP'
[LOG 09:33:43.203] [AddonLoader]: Instantiating addon 'KSPDiagQuadSeams' from assembly 'KSPDiagQuadSeams'
[LOG 09:33:43.203] [KSPDiagQuadSeams] shader Hidden/Internal-Colored, depth test settable: True
[LOG 09:33:43.204] [PlanetariumCamera]: Focus: Kerbin
[LOG 09:33:43.204] [UIMasterController]: HideUI
[LOG 09:33:43.416] [UIMasterController]: HideUI
[LOG 09:33:43.417] ------------------- initializing flight mode... ------------------
[LOG 09:33:43.417] GetSubclassesOfParentClass: Using cached results for AlarmTypeBase
[LOG 09:33:43.417] Loading Depletion Nodes
[LOG 09:33:43.417] DepNodeCount:  0
[LOG 09:33:43.417] Loading Biome Nodes
[LOG 09:33:43.417] BiomeNodeCount:  0
[LOG 09:33:43.417] Loading Planet Nodes
[LOG 09:33:43.417] PlanetNodeCount:  0
[LOG 09:33:43.418] [ScenarioDestructibles]: Loading... 0 objects registered
[LOG 09:33:43.441] Target vessel index: 9  vessel count: 10
[LOG 09:33:43.441] [FLIGHT GLOBALS]: Switching To Vessel Diag3-Rocket ---------------------- 
[LOG 09:33:43.441] setting new dominant body: Kerbin
FlightGlobals.mainBody: Kerbin
[LOG 09:33:43.441] Reference Frame: Rotating
[WRN 09:33:43.448] [Part]: Cannot have ModuleCargoPart and ModuleInventoryPart on same Part [Diag3-Rocket (unloaded)'. Removed ModuleCargoPart
[LOG 09:33:43.460] [Diag3-Rocket]: landed - waiting for ground contact to resume physics...
[LOG 09:33:43.462] Camera Mode: AUTO
[LOG 09:33:45.127] all systems started
[LOG 09:33:45.201] [KSPDiagQuadSeams] body Kerbin, radius 600000 m, highest subdivision level 10, 15 vertices by side
[LOG 09:33:45.202] [KSPDiagQuadSeams] after an origin shift: 56 seam(s) between 44 quad(s) of level 10 and 20 coarser one(s); 448 shared vertices, gap mean 62.628 mm, max 141.202 mm; largest on Kerbin Zn3010010012 (North, level 10) against Kerbin Zn301001003 (South, level 9), where the finer quad is 134.587 mm below the coarser one and 42.715 mm beside it, 6.7 km from the active vessel
[LOG 09:33:45.223] [UiApp] Awake: CurrencyWidgetsApp
[LOG 09:33:45.223] [UiApp] Awake: ResourceDisplay
[LOG 09:33:45.223] [UiApp] Awake: KSPedia
[LOG 09:33:45.223] [UiApp] Awake: Missions App
[LOG 09:33:45.223] [UiApp] Awake: DeltaVApp
[LOG 09:33:45.224] [UiApp] Awake: ActionGroupsApp
[LOG 09:33:45.224] [UiApp] Awake: Construction
[LOG 09:33:45.224] [UiApp] Awake: Cargo
[LOG 09:33:45.224] [UiApp] Awake: AlarmClock
[LOG 09:33:45.224] [UiApp] Awake: ManeuverTool
[LOG 09:33:45.224] [ApplicationLauncher] OnSceneLoadedGUIReady: scene FLIGHT ShouldBeVisible() True ShouldBeOnTop() True iIsPositionedAtTop True
[LOG 09:33:45.226] [KnowledgeBase] OnAppLauncherReady 9939
[LOG 09:33:45.234] [UIApp] OnDestroy: Contracts
[LOG 09:33:45.255] [FlightIntegrator]: Reloaded drag cube for zeroed cube root part mk1pod.v2 (Diag3-Rocket) on vessel Diag3-Rocket
[LOG 09:33:45.257] [MessageSystem] Reposition 0.02 9940
[LOG 09:33:45.257] [GenericAppFrame] Reposition 0.02 9940
[LOG 09:33:45.257] [GenericAppFrame] Reposition 0.02 9940
[LOG 09:33:45.311] [PlanetariumCamera]: Focus: Diag3-Rocket
[LOG 09:33:45.324] [UIApp] Adding ResourceDisplay to Application Launcher
[LOG 09:33:45.325] [UIApp] Adding ResourceDisplay to Application Launcher
[LOG 09:33:45.335] [ResourceDisplay] OnAppStarted(): id: -426738
[LOG 09:33:45.336] [GenericAppFrame] Reposition 0.0985932 9944
[LOG 09:33:45.336] [ResourceDisplay] OnAppStarted(): id: 264428
[LOG 09:33:45.336] ResourceDisplay already exist, destroying this instance
[LOG 09:33:45.336] [UIApp] OnDestroy: ResourceDisplay
[LOG 09:33:45.346] [UIApp] Adding AlarmClock to Application Launcher
[LOG 09:33:45.347] [UIApp] Adding ActionGroupsApp to Application Launcher
[LOG 09:33:45.348] [UIApp] Adding Missions App to Application Launcher
[LOG 09:33:45.349] CURRENCY WIDGET False False False
[LOG 09:33:45.351] [UIApp] OnDestroy: CurrencyWidgetsApp
[LOG 09:33:45.369] [GenericAppFrame] Reposition 0.1232635 9946
[LOG 09:33:45.371] [ActionGroupsApp] OnAppStarted(): id: -426762
[LOG 09:33:45.372] [GenericAppFrame] Reposition 0.1232635 9946
[LOG 09:33:45.372] [UIApp] Adding DeltaVApp to Application Launcher
[LOG 09:33:45.373] [MissionsApp] OnAppStarted(): id: -426750
[LOG 09:33:45.373] MissionsApp does not execute in this game mode, destroying this instance
[LOG 09:33:45.373] [UIApp] OnDestroy: Missions App
[LOG 09:33:45.383] [GenericAppFrame] Reposition 0.1458782 9947
[LOG 09:33:45.391] [UIApp] Adding Cargo to Application Launcher
[LOG 09:33:45.392] [UIApp] Adding Construction to Application Launcher
[LOG 09:33:45.393] [UIApp] Adding KSPedia to Application Launcher
[LOG 09:33:45.403] [UIApp] Adding ManeuverTool to Application Launcher
[LOG 09:33:45.405] [ApplicationLauncher] SetHidden: 
[LOG 09:33:45.423] [GenericAppFrame] Reposition 0.1826395 9950
[LOG 09:33:45.430] [ManeuverTool]: Found 1 transfer types
[LOG 09:33:45.468] Flight State Captured
[LOG 09:33:45.468] Saving Achievements Tree...
[LOG 09:33:45.468] Saving Achievements Tree...
[LOG 09:33:45.469] [MessageSystem] Save Messages
[LOG 09:33:45.493] Game State Saved as persistent
[LOG 09:33:46.431] Unpacking Diag3-Rocket
[LOG 09:33:46.443] [UIMasterController]: ShowUI
[LOG 09:33:50.490] [MessageSystem] Load Messages
[LOG 09:33:50.492] [UIMasterController]: HideUI
[LOG 09:33:50.532] [HighLogic]: =========================== Scene Change : From FLIGHT to FLIGHT =====================
[LOG 09:33:50.642] [PlanetariumCamera]: Focus: Kerbin
[LOG 09:33:50.643] KbApp.OnDestroy Planet Parameters
[LOG 09:33:50.643] [UIApp] OnDestroy: Construction
[LOG 09:33:50.643] KbApp.OnDestroy Planet Resources
[LOG 09:33:50.643] KbApp.OnDestroy NullName
[LOG 09:33:50.643] [UIApp] OnDestroy: AlarmClock
[LOG 09:33:50.644] [UIApp] OnDestroy: ManeuverTool
[LOG 09:33:50.644] KbApp.OnDestroy Vessel Crew
[LOG 09:33:50.644] KbApp.OnDestroy Planet Info
[LOG 09:33:50.645] KbApp.OnDestroy Unowned Info
[LOG 09:33:50.646] [UIApp] OnDestroy: ActionGroupsApp
[LOG 09:33:50.646] [UIApp] OnDestroy: Cargo
[LOG 09:33:50.646] [UIApp] OnDestroy: ResourceDisplay
[LOG 09:33:50.646] [UIApp] OnDestroy: DeltaVApp
[LOG 09:33:50.646] KbApp.OnDestroy Vessel Info
[LOG 09:33:50.646] [UIApp] OnDestroy: KSPedia
[LOG 09:33:50.647] [KSPCF:MemoryLeaks] Removed a OnMapExited callback owned by a destroyed Assembly-CSharp:NavBallToggle instance
[LOG 09:33:50.647] [KSPCF:MemoryLeaks] Removed a OnGameSettingsApplied callback owned by a destroyed Assembly-CSharp:VesselAutopilotUI instance
[LOG 09:33:50.647] [KSPCF:MemoryLeaks] Removed a onPartActionUICreate callback owned by a destroyed Assembly-CSharp:ModuleInventoryPart instance
[LOG 09:33:50.648] [KSPCF:MemoryLeaks] Removed a onModuleInventoryChanged callback owned by a destroyed Assembly-CSharp:ModuleInventoryPart instance
[LOG 09:33:50.648] [KSPCF:MemoryLeaks] Removed a OnDestructibleLoaded callback owned by a destroyed Assembly-CSharp:RunwayCollisionHandler instance
[LOG 09:33:50.648] [KSPCF:MemoryLeaks] Removed a OnClick callback owned by a destroyed Assembly-CSharp:EVAConstructionModeEditor instance
[LOG 09:33:50.648] [KSPCF:MemoryLeaks] Removed a TimingManager.Instance.timing5.onLateUpdate callback owned by a destroyed Assembly-CSharp:MapView instance
[LOG 09:33:50.648] [KSPCF:MemoryLeaks] Leaving scene "Flight", cleaned 55 memory leaks in 0.002s. GameEvents callbacks : 530. Allocated memory : 676.582 MiB (managed heap), 2.188 GiB (unmanaged)
[LOG 09:33:50.653] UICanvasPrefabSpawner FlightUI spawning Flight
[LOG 09:33:50.670] UICanvasPrefabSpawner FlightUI spawning VesselLabels
[LOG 09:33:50.670] [UiApp] Awake: ResourceDisplay
[LOG 09:33:50.727] [AddonLoader]: Instantiating addon 'AeroGUI' from assembly 'KSP'
[LOG 09:33:50.736] [AddonLoader]: Instantiating addon 'KSPDiagQuadSeams' from assembly 'KSPDiagQuadSeams'
[LOG 09:33:50.736] [KSPDiagQuadSeams] shader Hidden/Internal-Colored, depth test settable: True
[LOG 09:33:50.736] [PlanetariumCamera]: Focus: Kerbin
[LOG 09:33:50.736] [UIMasterController]: HideUI
[LOG 09:33:50.951] [UIMasterController]: HideUI
[LOG 09:33:50.951] ------------------- initializing flight mode... ------------------
[LOG 09:33:50.951] GetSubclassesOfParentClass: Using cached results for AlarmTypeBase
[LOG 09:33:50.951] Loading Depletion Nodes
[LOG 09:33:50.951] DepNodeCount:  0
[LOG 09:33:50.953] Loading Biome Nodes
[LOG 09:33:50.953] BiomeNodeCount:  0
[LOG 09:33:50.953] Loading Planet Nodes
[LOG 09:33:50.953] PlanetNodeCount:  0
[LOG 09:33:50.953] [ScenarioDestructibles]: Loading... 0 objects registered
[LOG 09:33:50.976] Target vessel index: 9  vessel count: 10
[LOG 09:33:50.976] [FLIGHT GLOBALS]: Switching To Vessel Diag3-Rocket ---------------------- 
[LOG 09:33:50.976] setting new dominant body: Kerbin
FlightGlobals.mainBody: Kerbin
[LOG 09:33:50.976] Reference Frame: Rotating
[WRN 09:33:50.982] [Part]: Cannot have ModuleCargoPart and ModuleInventoryPart on same Part [Diag3-Rocket (unloaded)'. Removed ModuleCargoPart
[LOG 09:33:50.992] [Diag3-Rocket]: landed - waiting for ground contact to resume physics...
[LOG 09:33:50.993] Camera Mode: AUTO
[LOG 09:33:52.659] all systems started
[LOG 09:33:52.734] [KSPDiagQuadSeams] body Kerbin, radius 600000 m, highest subdivision level 10, 15 vertices by side
[LOG 09:33:52.735] [KSPDiagQuadSeams] after an origin shift: 56 seam(s) between 44 quad(s) of level 10 and 20 coarser one(s); 448 shared vertices, gap mean 151.259 mm, max 237.001 mm; largest on Kerbin Zn1232222330 (South, level 10) against Kerbin Zn123222231 (North, level 9), where the finer quad is 236.997 mm below the coarser one and 1.287 mm beside it, 8.1 km from the active vessel
[LOG 09:33:52.757] [UiApp] Awake: CurrencyWidgetsApp
[LOG 09:33:52.757] [UiApp] Awake: ResourceDisplay
[LOG 09:33:52.757] [UiApp] Awake: KSPedia
[LOG 09:33:52.757] [UiApp] Awake: Missions App
[LOG 09:33:52.757] [UiApp] Awake: DeltaVApp
[LOG 09:33:52.757] [UiApp] Awake: ActionGroupsApp
[LOG 09:33:52.757] [UiApp] Awake: Construction
[LOG 09:33:52.757] [UiApp] Awake: Cargo
[LOG 09:33:52.757] [UiApp] Awake: AlarmClock
[LOG 09:33:52.757] [UiApp] Awake: ManeuverTool
[LOG 09:33:52.757] [ApplicationLauncher] OnSceneLoadedGUIReady: scene FLIGHT ShouldBeVisible() True ShouldBeOnTop() True iIsPositionedAtTop True
[LOG 09:33:52.758] [KnowledgeBase] OnAppLauncherReady 10278
[LOG 09:33:52.766] [UIApp] OnDestroy: Contracts
[LOG 09:33:52.786] [FlightIntegrator]: Reloaded drag cube for zeroed cube root part mk1pod.v2 (Diag3-Rocket) on vessel Diag3-Rocket
[LOG 09:33:52.788] [MessageSystem] Reposition 0.02 10279
[LOG 09:33:52.788] [GenericAppFrame] Reposition 0.02 10279
[LOG 09:33:52.788] [GenericAppFrame] Reposition 0.02 10279
[LOG 09:33:52.846] [PlanetariumCamera]: Focus: Diag3-Rocket
[LOG 09:33:52.861] [UIApp] Adding ResourceDisplay to Application Launcher
[LOG 09:33:52.862] [UIApp] Adding ResourceDisplay to Application Launcher
[LOG 09:33:52.870] [ResourceDisplay] OnAppStarted(): id: -464048
[LOG 09:33:52.870] [GenericAppFrame] Reposition 0.0988043 10283
[LOG 09:33:52.870] [ResourceDisplay] OnAppStarted(): id: 264560
[LOG 09:33:52.871] ResourceDisplay already exist, destroying this instance
[LOG 09:33:52.871] [UIApp] OnDestroy: ResourceDisplay
[LOG 09:33:52.882] [UIApp] Adding AlarmClock to Application Launcher
[LOG 09:33:52.883] [UIApp] Adding ActionGroupsApp to Application Launcher
[LOG 09:33:52.884] [UIApp] Adding Missions App to Application Launcher
[LOG 09:33:52.884] CURRENCY WIDGET False False False
[LOG 09:33:52.886] [UIApp] OnDestroy: CurrencyWidgetsApp
[LOG 09:33:52.902] [GenericAppFrame] Reposition 0.1206809 10285
[LOG 09:33:52.904] [ActionGroupsApp] OnAppStarted(): id: -464072
[LOG 09:33:52.904] [GenericAppFrame] Reposition 0.1206809 10285
[LOG 09:33:52.904] [UIApp] Adding DeltaVApp to Application Launcher
[LOG 09:33:52.905] [MissionsApp] OnAppStarted(): id: -464060
[LOG 09:33:52.905] MissionsApp does not execute in this game mode, destroying this instance
[LOG 09:33:52.905] [UIApp] OnDestroy: Missions App
[LOG 09:33:52.913] [GenericAppFrame] Reposition 0.1417042 10286
[LOG 09:33:52.923] [UIApp] Adding Cargo to Application Launcher
[LOG 09:33:52.925] [UIApp] Adding Construction to Application Launcher
[LOG 09:33:52.926] [UIApp] Adding KSPedia to Application Launcher
[LOG 09:33:52.936] [UIApp] Adding ManeuverTool to Application Launcher
[LOG 09:33:52.937] [ApplicationLauncher] SetHidden: 
[LOG 09:33:52.960] [GenericAppFrame] Reposition 0.1845816 10289
[LOG 09:33:52.967] [ManeuverTool]: Found 1 transfer types
[LOG 09:33:53.006] Flight State Captured
[LOG 09:33:53.006] Saving Achievements Tree...
[LOG 09:33:53.006] Saving Achievements Tree...
[LOG 09:33:53.007] [MessageSystem] Save Messages
[LOG 09:33:53.031] Game State Saved as persistent
[LOG 09:33:53.958] Unpacking Diag3-Rocket
[LOG 09:33:53.969] [UIMasterController]: ShowUI
[LOG 09:33:58.021] [MessageSystem] Load Messages
[LOG 09:33:58.022] [UIMasterController]: HideUI
[LOG 09:33:58.062] [HighLogic]: =========================== Scene Change : From FLIGHT to FLIGHT =====================
[LOG 09:33:58.173] [UIApp] OnDestroy: Construction
[LOG 09:33:58.175] [UIApp] OnDestroy: KSPedia
[LOG 09:33:58.175] [UIApp] OnDestroy: ResourceDisplay
[LOG 09:33:58.175] KbApp.OnDestroy Planet Parameters
[LOG 09:33:58.175] [UIApp] OnDestroy: ManeuverTool
[LOG 09:33:58.176] KbApp.OnDestroy Planet Info
[LOG 09:33:58.176] [UIApp] OnDestroy: DeltaVApp
[LOG 09:33:58.176] [UIApp] OnDestroy: ActionGroupsApp
[LOG 09:33:58.176] KbApp.OnDestroy Planet Resources
[LOG 09:33:58.176] KbApp.OnDestroy NullName
[LOG 09:33:58.176] KbApp.OnDestroy Unowned Info
[LOG 09:33:58.176] [UIApp] OnDestroy: AlarmClock
[LOG 09:33:58.177] KbApp.OnDestroy Vessel Crew
[LOG 09:33:58.177] KbApp.OnDestroy Vessel Info
[LOG 09:33:58.177] [UIApp] OnDestroy: Cargo
[LOG 09:33:58.177] [PlanetariumCamera]: Focus: Kerbin
[LOG 09:33:58.178] [KSPCF:MemoryLeaks] Removed a OnMapExited callback owned by a destroyed Assembly-CSharp:NavBallToggle instance
[LOG 09:33:58.178] [KSPCF:MemoryLeaks] Removed a OnGameSettingsApplied callback owned by a destroyed Assembly-CSharp:VesselAutopilotUI instance
[LOG 09:33:58.178] [KSPCF:MemoryLeaks] Removed a onPartActionUICreate callback owned by a destroyed Assembly-CSharp:ModuleInventoryPart instance
[LOG 09:33:58.179] [KSPCF:MemoryLeaks] Removed a onModuleInventoryChanged callback owned by a destroyed Assembly-CSharp:ModuleInventoryPart instance
[LOG 09:33:58.179] [KSPCF:MemoryLeaks] Removed a OnDestructibleLoaded callback owned by a destroyed Assembly-CSharp:RunwayCollisionHandler instance
[LOG 09:33:58.179] [KSPCF:MemoryLeaks] Removed a OnClick callback owned by a destroyed Assembly-CSharp:EVAConstructionModeEditor instance
[LOG 09:33:58.179] [KSPCF:MemoryLeaks] Removed a TimingManager.Instance.timing5.onLateUpdate callback owned by a destroyed Assembly-CSharp:MapView instance
[LOG 09:33:58.179] [KSPCF:MemoryLeaks] Leaving scene "Flight", cleaned 55 memory leaks in 0.002s. GameEvents callbacks : 530. Allocated memory : 679.543 MiB (managed heap), 2.188 GiB (unmanaged)
[LOG 09:33:58.185] UICanvasPrefabSpawner FlightUI spawning Flight
[LOG 09:33:58.202] UICanvasPrefabSpawner FlightUI spawning VesselLabels
[LOG 09:33:58.202] [UiApp] Awake: ResourceDisplay
[LOG 09:33:58.264] [AddonLoader]: Instantiating addon 'AeroGUI' from assembly 'KSP'
[LOG 09:33:58.272] [AddonLoader]: Instantiating addon 'KSPDiagQuadSeams' from assembly 'KSPDiagQuadSeams'
[LOG 09:33:58.272] [KSPDiagQuadSeams] shader Hidden/Internal-Colored, depth test settable: True
[LOG 09:33:58.272] [PlanetariumCamera]: Focus: Kerbin
[LOG 09:33:58.273] [UIMasterController]: HideUI
[LOG 09:33:58.486] [UIMasterController]: HideUI
[LOG 09:33:58.487] ------------------- initializing flight mode... ------------------
[LOG 09:33:58.487] GetSubclassesOfParentClass: Using cached results for AlarmTypeBase
[LOG 09:33:58.487] Loading Depletion Nodes
[LOG 09:33:58.488] DepNodeCount:  0
[LOG 09:33:58.488] Loading Biome Nodes
[LOG 09:33:58.488] BiomeNodeCount:  0
[LOG 09:33:58.488] Loading Planet Nodes
[LOG 09:33:58.488] PlanetNodeCount:  0
[LOG 09:33:58.488] [ScenarioDestructibles]: Loading... 0 objects registered
[LOG 09:33:58.514] Target vessel index: 9  vessel count: 10
[LOG 09:33:58.515] [FLIGHT GLOBALS]: Switching To Vessel Diag3-Rocket ---------------------- 
[LOG 09:33:58.515] setting new dominant body: Kerbin
FlightGlobals.mainBody: Kerbin
[LOG 09:33:58.515] Reference Frame: Rotating
[WRN 09:33:58.520] [Part]: Cannot have ModuleCargoPart and ModuleInventoryPart on same Part [Diag3-Rocket (unloaded)'. Removed ModuleCargoPart
[LOG 09:33:58.531] [Diag3-Rocket]: landed - waiting for ground contact to resume physics...
[LOG 09:33:58.531] Camera Mode: AUTO
[LOG 09:34:00.183] all systems started
[LOG 09:34:00.259] [KSPDiagQuadSeams] body Kerbin, radius 600000 m, highest subdivision level 10, 15 vertices by side
[LOG 09:34:00.260] [KSPDiagQuadSeams] after an origin shift: 56 seam(s) between 44 quad(s) of level 10 and 20 coarser one(s); 448 shared vertices, gap mean 224.539 mm, max 312.058 mm; largest on Kerbin Zn1232232211 (South, level 10) against Kerbin Zn123223203 (North, level 9), where the finer quad is 310.216 mm below the coarser one and 33.852 mm beside it, 7.1 km from the active vessel
[LOG 09:34:00.282] [UiApp] Awake: CurrencyWidgetsApp
[LOG 09:34:00.282] [UiApp] Awake: ResourceDisplay
[LOG 09:34:00.282] [UiApp] Awake: KSPedia
[LOG 09:34:00.282] [UiApp] Awake: Missions App
[LOG 09:34:00.282] [UiApp] Awake: DeltaVApp
[LOG 09:34:00.282] [UiApp] Awake: ActionGroupsApp
[LOG 09:34:00.282] [UiApp] Awake: Construction
[LOG 09:34:00.282] [UiApp] Awake: Cargo
[LOG 09:34:00.283] [UiApp] Awake: AlarmClock
[LOG 09:34:00.283] [UiApp] Awake: ManeuverTool
[LOG 09:34:00.283] [ApplicationLauncher] OnSceneLoadedGUIReady: scene FLIGHT ShouldBeVisible() True ShouldBeOnTop() True iIsPositionedAtTop True
[LOG 09:34:00.284] [KnowledgeBase] OnAppLauncherReady 10618
[LOG 09:34:00.293] [UIApp] OnDestroy: Contracts
[LOG 09:34:00.316] [FlightIntegrator]: Reloaded drag cube for zeroed cube root part mk1pod.v2 (Diag3-Rocket) on vessel Diag3-Rocket
[LOG 09:34:00.319] [MessageSystem] Reposition 0.02 10619
[LOG 09:34:00.319] [GenericAppFrame] Reposition 0.02 10619
[LOG 09:34:00.319] [GenericAppFrame] Reposition 0.02 10619
[LOG 09:34:00.386] [PlanetariumCamera]: Focus: Diag3-Rocket
[LOG 09:34:00.399] [UIApp] Adding ResourceDisplay to Application Launcher
[LOG 09:34:00.400] [UIApp] Adding ResourceDisplay to Application Launcher
[LOG 09:34:00.410] [ResourceDisplay] OnAppStarted(): id: -501326
[LOG 09:34:00.411] [GenericAppFrame] Reposition 0.1030402 10623
[LOG 09:34:00.411] [ResourceDisplay] OnAppStarted(): id: 264692
[LOG 09:34:00.411] ResourceDisplay already exist, destroying this instance
[LOG 09:34:00.411] [UIApp] OnDestroy: ResourceDisplay
[LOG 09:34:00.422] [UIApp] Adding AlarmClock to Application Launcher
[LOG 09:34:00.423] [UIApp] Adding ActionGroupsApp to Application Launcher
[LOG 09:34:00.424] [UIApp] Adding Missions App to Application Launcher
[LOG 09:34:00.424] CURRENCY WIDGET False False False
[LOG 09:34:00.426] [UIApp] OnDestroy: CurrencyWidgetsApp
[LOG 09:34:00.446] [GenericAppFrame] Reposition 0.1267647 10625
[LOG 09:34:00.448] [ActionGroupsApp] OnAppStarted(): id: -501350
[LOG 09:34:00.449] [GenericAppFrame] Reposition 0.1267647 10625
[LOG 09:34:00.449] [UIApp] Adding DeltaVApp to Application Launcher
[LOG 09:34:00.450] [MissionsApp] OnAppStarted(): id: -501338
[LOG 09:34:00.450] MissionsApp does not execute in this game mode, destroying this instance
[LOG 09:34:00.450] [UIApp] OnDestroy: Missions App
[LOG 09:34:00.460] [GenericAppFrame] Reposition 0.1525984 10626
[LOG 09:34:00.470] [UIApp] Adding Cargo to Application Launcher
[LOG 09:34:00.471] [UIApp] Adding Construction to Application Launcher
[LOG 09:34:00.473] [UIApp] Adding KSPedia to Application Launcher
[LOG 09:34:00.483] [UIApp] Adding ManeuverTool to Application Launcher
[LOG 09:34:00.484] [ApplicationLauncher] SetHidden: 
[LOG 09:34:00.498] [GenericAppFrame] Reposition 0.1872168 10629
[LOG 09:34:00.504] [ManeuverTool]: Found 1 transfer types
[LOG 09:34:00.547] Flight State Captured
[LOG 09:34:00.547] Saving Achievements Tree...
[LOG 09:34:00.547] Saving Achievements Tree...
[LOG 09:34:00.547] [MessageSystem] Save Messages
[LOG 09:34:00.562] Game State Saved as persistent
[LOG 09:34:01.506] Unpacking Diag3-Rocket
[LOG 09:34:01.520] [UIMasterController]: ShowUI
[LOG 09:34:05.586] [MessageSystem] Load Messages
[LOG 09:34:05.587] [UIMasterController]: HideUI
[LOG 09:34:05.628] [HighLogic]: =========================== Scene Change : From FLIGHT to FLIGHT =====================
[LOG 09:34:05.752] [PlanetariumCamera]: Focus: Kerbin
[LOG 09:34:05.752] [UIApp] OnDestroy: DeltaVApp
[LOG 09:34:05.752] [UIApp] OnDestroy: ManeuverTool
[LOG 09:34:05.752] KbApp.OnDestroy Planet Info
[LOG 09:34:05.753] KbApp.OnDestroy Vessel Info
[LOG 09:34:05.754] [UIApp] OnDestroy: ResourceDisplay
[LOG 09:34:05.754] KbApp.OnDestroy Vessel Crew
[LOG 09:34:05.755] [UIApp] OnDestroy: Construction
[LOG 09:34:05.755] [UIApp] OnDestroy: AlarmClock
[LOG 09:34:05.755] KbApp.OnDestroy Unowned Info
[LOG 09:34:05.755] KbApp.OnDestroy Planet Parameters
[LOG 09:34:05.755] [UIApp] OnDestroy: Cargo
[LOG 09:34:05.755] KbApp.OnDestroy NullName
[LOG 09:34:05.755] [UIApp] OnDestroy: ActionGroupsApp
[LOG 09:34:05.755] [UIApp] OnDestroy: KSPedia
[LOG 09:34:05.755] KbApp.OnDestroy Planet Resources
[LOG 09:34:05.756] [KSPCF:MemoryLeaks] Removed a OnMapExited callback owned by a destroyed Assembly-CSharp:NavBallToggle instance
[LOG 09:34:05.756] [KSPCF:MemoryLeaks] Removed a OnGameSettingsApplied callback owned by a destroyed Assembly-CSharp:VesselAutopilotUI instance
[LOG 09:34:05.756] [KSPCF:MemoryLeaks] Removed a onPartActionUICreate callback owned by a destroyed Assembly-CSharp:ModuleInventoryPart instance
[LOG 09:34:05.758] [KSPCF:MemoryLeaks] Removed a onModuleInventoryChanged callback owned by a destroyed Assembly-CSharp:ModuleInventoryPart instance
[LOG 09:34:05.758] [KSPCF:MemoryLeaks] Removed a OnDestructibleLoaded callback owned by a destroyed Assembly-CSharp:RunwayCollisionHandler instance
[LOG 09:34:05.758] [KSPCF:MemoryLeaks] Removed a OnClick callback owned by a destroyed Assembly-CSharp:EVAConstructionModeEditor instance
[LOG 09:34:05.758] [KSPCF:MemoryLeaks] Removed a TimingManager.Instance.timing5.onLateUpdate callback owned by a destroyed Assembly-CSharp:MapView instance
[LOG 09:34:05.758] [KSPCF:MemoryLeaks] Leaving scene "Flight", cleaned 55 memory leaks in 0.001s. GameEvents callbacks : 530. Allocated memory : 679.52 MiB (managed heap), 2.191 GiB (unmanaged)
[LOG 09:34:05.763] UICanvasPrefabSpawner FlightUI spawning Flight
[LOG 09:34:05.777] UICanvasPrefabSpawner FlightUI spawning VesselLabels
[LOG 09:34:05.777] [UiApp] Awake: ResourceDisplay
[LOG 09:34:05.834] [AddonLoader]: Instantiating addon 'AeroGUI' from assembly 'KSP'
[LOG 09:34:05.842] [AddonLoader]: Instantiating addon 'KSPDiagQuadSeams' from assembly 'KSPDiagQuadSeams'
[LOG 09:34:05.842] [KSPDiagQuadSeams] shader Hidden/Internal-Colored, depth test settable: True
[LOG 09:34:05.842] [PlanetariumCamera]: Focus: Kerbin
[LOG 09:34:05.843] [UIMasterController]: HideUI
[LOG 09:34:06.061] [UIMasterController]: HideUI
[LOG 09:34:06.061] ------------------- initializing flight mode... ------------------
[LOG 09:34:06.062] GetSubclassesOfParentClass: Using cached results for AlarmTypeBase
[LOG 09:34:06.062] Loading Depletion Nodes
[LOG 09:34:06.062] DepNodeCount:  0
[LOG 09:34:06.062] Loading Biome Nodes
[LOG 09:34:06.062] BiomeNodeCount:  0
[LOG 09:34:06.062] Loading Planet Nodes
[LOG 09:34:06.062] PlanetNodeCount:  0
[LOG 09:34:06.063] [ScenarioDestructibles]: Loading... 0 objects registered
[LOG 09:34:06.087] Target vessel index: 9  vessel count: 10
[LOG 09:34:06.087] [FLIGHT GLOBALS]: Switching To Vessel Diag3-Rocket ---------------------- 
[LOG 09:34:06.087] setting new dominant body: Kerbin
FlightGlobals.mainBody: Kerbin
[LOG 09:34:06.087] Reference Frame: Rotating
[WRN 09:34:06.094] [Part]: Cannot have ModuleCargoPart and ModuleInventoryPart on same Part [Diag3-Rocket (unloaded)'. Removed ModuleCargoPart
[LOG 09:34:06.103] [Diag3-Rocket]: landed - waiting for ground contact to resume physics...
[LOG 09:34:06.103] Camera Mode: AUTO
[LOG 09:34:07.761] all systems started
[LOG 09:34:07.835] [KSPDiagQuadSeams] body Kerbin, radius 600000 m, highest subdivision level 10, 15 vertices by side
[LOG 09:34:07.837] [KSPDiagQuadSeams] after an origin shift: 56 seam(s) between 44 quad(s) of level 10 and 20 coarser one(s); 448 shared vertices, gap mean 71.109 mm, max 156.462 mm; largest on Kerbin Zn3010001002 (West, level 10) against Kerbin Zn301000011 (East, level 9), where the finer quad is 156.045 mm below the coarser one and 11.420 mm beside it, 6.6 km from the active vessel
[LOG 09:34:07.858] [UiApp] Awake: CurrencyWidgetsApp
[LOG 09:34:07.858] [UiApp] Awake: ResourceDisplay
[LOG 09:34:07.858] [UiApp] Awake: KSPedia
[LOG 09:34:07.858] [UiApp] Awake: Missions App
[LOG 09:34:07.858] [UiApp] Awake: DeltaVApp
[LOG 09:34:07.858] [UiApp] Awake: ActionGroupsApp
[LOG 09:34:07.858] [UiApp] Awake: Construction
[LOG 09:34:07.858] [UiApp] Awake: Cargo
[LOG 09:34:07.858] [UiApp] Awake: AlarmClock
[LOG 09:34:07.858] [UiApp] Awake: ManeuverTool
[LOG 09:34:07.859] [ApplicationLauncher] OnSceneLoadedGUIReady: scene FLIGHT ShouldBeVisible() True ShouldBeOnTop() True iIsPositionedAtTop True
[LOG 09:34:07.860] [KnowledgeBase] OnAppLauncherReady 10957
[LOG 09:34:07.867] [UIApp] OnDestroy: Contracts
[LOG 09:34:07.890] [FlightIntegrator]: Reloaded drag cube for zeroed cube root part mk1pod.v2 (Diag3-Rocket) on vessel Diag3-Rocket
[LOG 09:34:07.891] [MessageSystem] Reposition 0.02 10958
[LOG 09:34:07.892] [GenericAppFrame] Reposition 0.02 10958
[LOG 09:34:07.892] [GenericAppFrame] Reposition 0.02 10958
[LOG 09:34:07.951] [PlanetariumCamera]: Focus: Diag3-Rocket
[LOG 09:34:07.964] [UIApp] Adding ResourceDisplay to Application Launcher
[LOG 09:34:07.965] [UIApp] Adding ResourceDisplay to Application Launcher
[LOG 09:34:07.974] [ResourceDisplay] OnAppStarted(): id: -538574
[LOG 09:34:07.974] [GenericAppFrame] Reposition 0.1000143 10962
[LOG 09:34:07.974] [ResourceDisplay] OnAppStarted(): id: 264824
[LOG 09:34:07.975] ResourceDisplay already exist, destroying this instance
[LOG 09:34:07.975] [UIApp] OnDestroy: ResourceDisplay
[LOG 09:34:07.986] [UIApp] Adding AlarmClock to Application Launcher
[LOG 09:34:07.987] [UIApp] Adding ActionGroupsApp to Application Launcher
[LOG 09:34:07.988] [UIApp] Adding Missions App to Application Launcher
[LOG 09:34:07.989] CURRENCY WIDGET False False False
[LOG 09:34:07.991] [UIApp] OnDestroy: CurrencyWidgetsApp
[LOG 09:34:08.008] [GenericAppFrame] Reposition 0.1230239 10964
[LOG 09:34:08.010] [ActionGroupsApp] OnAppStarted(): id: -538598
[LOG 09:34:08.011] [GenericAppFrame] Reposition 0.1230239 10964
[LOG 09:34:08.011] [UIApp] Adding DeltaVApp to Application Launcher
[LOG 09:34:08.012] [MissionsApp] OnAppStarted(): id: -538586
[LOG 09:34:08.012] MissionsApp does not execute in this game mode, destroying this instance
[LOG 09:34:08.012] [UIApp] OnDestroy: Missions App
[LOG 09:34:08.021] [GenericAppFrame] Reposition 0.146321 10965
[LOG 09:34:08.029] [UIApp] Adding Cargo to Application Launcher
[LOG 09:34:08.030] [UIApp] Adding Construction to Application Launcher
[LOG 09:34:08.031] [UIApp] Adding KSPedia to Application Launcher
[LOG 09:34:08.040] [UIApp] Adding ManeuverTool to Application Launcher
[LOG 09:34:08.042] [ApplicationLauncher] SetHidden: 
[LOG 09:34:08.059] [GenericAppFrame] Reposition 0.1820883 10968
[LOG 09:34:08.067] [ManeuverTool]: Found 1 transfer types
[LOG 09:34:08.106] Flight State Captured
[LOG 09:34:08.106] Saving Achievements Tree...
[LOG 09:34:08.106] Saving Achievements Tree...
[LOG 09:34:08.106] [MessageSystem] Save Messages
[LOG 09:34:08.131] Game State Saved as persistent
[LOG 09:34:09.066] Unpacking Diag3-Rocket
[LOG 09:34:09.081] [UIMasterController]: ShowUI
[LOG 09:34:13.124] [MessageSystem] Load Messages
[LOG 09:34:13.125] [UIMasterController]: HideUI
[LOG 09:34:13.167] [HighLogic]: =========================== Scene Change : From FLIGHT to FLIGHT =====================
[LOG 09:34:13.278] [UIApp] OnDestroy: AlarmClock
[LOG 09:34:13.278] [UIApp] OnDestroy: ManeuverTool
[LOG 09:34:13.279] KbApp.OnDestroy Planet Parameters
[LOG 09:34:13.279] [PlanetariumCamera]: Focus: Kerbin
[LOG 09:34:13.280] [UIApp] OnDestroy: DeltaVApp
[LOG 09:34:13.280] KbApp.OnDestroy Unowned Info
[LOG 09:34:13.280] KbApp.OnDestroy Planet Info
[LOG 09:34:13.280] [UIApp] OnDestroy: Construction
[LOG 09:34:13.281] [UIApp] OnDestroy: ResourceDisplay
[LOG 09:34:13.281] KbApp.OnDestroy NullName
[LOG 09:34:13.282] [UIApp] OnDestroy: ActionGroupsApp
[LOG 09:34:13.282] KbApp.OnDestroy Vessel Crew
[LOG 09:34:13.282] [UIApp] OnDestroy: KSPedia
[LOG 09:34:13.283] [UIApp] OnDestroy: Cargo
[LOG 09:34:13.283] KbApp.OnDestroy Planet Resources
[LOG 09:34:13.283] KbApp.OnDestroy Vessel Info
[LOG 09:34:13.286] [KSPCF:MemoryLeaks] Removed a OnMapExited callback owned by a destroyed Assembly-CSharp:NavBallToggle instance
[LOG 09:34:13.286] [KSPCF:MemoryLeaks] Removed a OnGameSettingsApplied callback owned by a destroyed Assembly-CSharp:VesselAutopilotUI instance
[LOG 09:34:13.286] [KSPCF:MemoryLeaks] Removed a onPartActionUICreate callback owned by a destroyed Assembly-CSharp:ModuleInventoryPart instance
[LOG 09:34:13.286] [KSPCF:MemoryLeaks] Removed a onModuleInventoryChanged callback owned by a destroyed Assembly-CSharp:ModuleInventoryPart instance
[LOG 09:34:13.287] [KSPCF:MemoryLeaks] Removed a OnDestructibleLoaded callback owned by a destroyed Assembly-CSharp:RunwayCollisionHandler instance
[LOG 09:34:13.287] [KSPCF:MemoryLeaks] Removed a OnClick callback owned by a destroyed Assembly-CSharp:EVAConstructionModeEditor instance
[LOG 09:34:13.287] [KSPCF:MemoryLeaks] Removed a TimingManager.Instance.timing5.onLateUpdate callback owned by a destroyed Assembly-CSharp:MapView instance
[LOG 09:34:13.287] [KSPCF:MemoryLeaks] Leaving scene "Flight", cleaned 55 memory leaks in 0.002s. GameEvents callbacks : 530. Allocated memory : 679.617 MiB (managed heap), 2.191 GiB (unmanaged)
[LOG 09:34:13.291] UICanvasPrefabSpawner FlightUI spawning Flight
[LOG 09:34:13.305] UICanvasPrefabSpawner FlightUI spawning VesselLabels
[LOG 09:34:13.305] [UiApp] Awake: ResourceDisplay
[LOG 09:34:13.362] [AddonLoader]: Instantiating addon 'AeroGUI' from assembly 'KSP'
[LOG 09:34:13.370] [AddonLoader]: Instantiating addon 'KSPDiagQuadSeams' from assembly 'KSPDiagQuadSeams'
[LOG 09:34:13.370] [KSPDiagQuadSeams] shader Hidden/Internal-Colored, depth test settable: True
[LOG 09:34:13.371] [PlanetariumCamera]: Focus: Kerbin
[LOG 09:34:13.371] [UIMasterController]: HideUI
[LOG 09:34:13.588] [UIMasterController]: HideUI
[LOG 09:34:13.588] ------------------- initializing flight mode... ------------------
[LOG 09:34:13.589] GetSubclassesOfParentClass: Using cached results for AlarmTypeBase
[LOG 09:34:13.589] Loading Depletion Nodes
[LOG 09:34:13.589] DepNodeCount:  0
[LOG 09:34:13.589] Loading Biome Nodes
[LOG 09:34:13.589] BiomeNodeCount:  0
[LOG 09:34:13.589] Loading Planet Nodes
[LOG 09:34:13.589] PlanetNodeCount:  0
[LOG 09:34:13.589] [ScenarioDestructibles]: Loading... 0 objects registered
[LOG 09:34:13.615] Target vessel index: 9  vessel count: 10
[LOG 09:34:13.616] [FLIGHT GLOBALS]: Switching To Vessel Diag3-Rocket ---------------------- 
[LOG 09:34:13.616] setting new dominant body: Kerbin
FlightGlobals.mainBody: Kerbin
[LOG 09:34:13.616] Reference Frame: Rotating
[WRN 09:34:13.621] [Part]: Cannot have ModuleCargoPart and ModuleInventoryPart on same Part [Diag3-Rocket (unloaded)'. Removed ModuleCargoPart
[LOG 09:34:13.631] [Diag3-Rocket]: landed - waiting for ground contact to resume physics...
[LOG 09:34:13.632] Camera Mode: AUTO
[LOG 09:34:15.291] all systems started
[LOG 09:34:15.363] [KSPDiagQuadSeams] body Kerbin, radius 600000 m, highest subdivision level 10, 15 vertices by side
[LOG 09:34:15.364] [KSPDiagQuadSeams] after an origin shift: 56 seam(s) between 44 quad(s) of level 10 and 20 coarser one(s); 448 shared vertices, gap mean 67.864 mm, max 168.571 mm; largest on Kerbin Zn3010001000 (West, level 10) against Kerbin Zn301000011 (East, level 9), where the finer quad is 167.249 mm below the coarser one and 21.064 mm beside it, 6.3 km from the active vessel
[LOG 09:34:15.385] [UiApp] Awake: CurrencyWidgetsApp
[LOG 09:34:15.386] [UiApp] Awake: ResourceDisplay
[LOG 09:34:15.386] [UiApp] Awake: KSPedia
[LOG 09:34:15.386] [UiApp] Awake: Missions App
[LOG 09:34:15.386] [UiApp] Awake: DeltaVApp
[LOG 09:34:15.386] [UiApp] Awake: ActionGroupsApp
[LOG 09:34:15.386] [UiApp] Awake: Construction
[LOG 09:34:15.386] [UiApp] Awake: Cargo
[LOG 09:34:15.386] [UiApp] Awake: AlarmClock
[LOG 09:34:15.386] [UiApp] Awake: ManeuverTool
[LOG 09:34:15.386] [ApplicationLauncher] OnSceneLoadedGUIReady: scene FLIGHT ShouldBeVisible() True ShouldBeOnTop() True iIsPositionedAtTop True
[LOG 09:34:15.387] [KnowledgeBase] OnAppLauncherReady 11294
[LOG 09:34:15.397] [UIApp] OnDestroy: Contracts
[LOG 09:34:15.419] [FlightIntegrator]: Reloaded drag cube for zeroed cube root part mk1pod.v2 (Diag3-Rocket) on vessel Diag3-Rocket
[LOG 09:34:15.421] [MessageSystem] Reposition 0.02 11295
[LOG 09:34:15.421] [GenericAppFrame] Reposition 0.02 11295
[LOG 09:34:15.421] [GenericAppFrame] Reposition 0.02 11295
[LOG 09:34:15.479] [PlanetariumCamera]: Focus: Diag3-Rocket
[LOG 09:34:15.492] [UIApp] Adding ResourceDisplay to Application Launcher
[LOG 09:34:15.493] [UIApp] Adding ResourceDisplay to Application Launcher
[LOG 09:34:15.502] [ResourceDisplay] OnAppStarted(): id: -575808
[LOG 09:34:15.504] [GenericAppFrame] Reposition 0.1002135 11299
[LOG 09:34:15.504] [ResourceDisplay] OnAppStarted(): id: 264956
[LOG 09:34:15.504] ResourceDisplay already exist, destroying this instance
[LOG 09:34:15.504] [UIApp] OnDestroy: ResourceDisplay
[LOG 09:34:15.514] [UIApp] Adding AlarmClock to Application Launcher
[LOG 09:34:15.515] [UIApp] Adding ActionGroupsApp to Application Launcher
[LOG 09:34:15.516] [UIApp] Adding Missions App to Application Launcher
[LOG 09:34:15.516] CURRENCY WIDGET False False False
[LOG 09:34:15.519] [UIApp] OnDestroy: CurrencyWidgetsApp
[LOG 09:34:15.538] [GenericAppFrame] Reposition 0.122786 11301
[LOG 09:34:15.540] [ActionGroupsApp] OnAppStarted(): id: -575832
[LOG 09:34:15.540] [GenericAppFrame] Reposition 0.122786 11301
[LOG 09:34:15.541] [UIApp] Adding DeltaVApp to Application Launcher
[LOG 09:34:15.542] [MissionsApp] OnAppStarted(): id: -575820
[LOG 09:34:15.542] MissionsApp does not execute in this game mode, destroying this instance
[LOG 09:34:15.542] [UIApp] OnDestroy: Missions App
[LOG 09:34:15.551] [GenericAppFrame] Reposition 0.146575 11302
[LOG 09:34:15.566] [UIApp] Adding Cargo to Application Launcher
[LOG 09:34:15.569] [UIApp] Adding Construction to Application Launcher
[LOG 09:34:15.570] [UIApp] Adding KSPedia to Application Launcher
[LOG 09:34:15.582] [UIApp] Adding ManeuverTool to Application Launcher
[LOG 09:34:15.583] [ApplicationLauncher] SetHidden: 
[LOG 09:34:15.603] [GenericAppFrame] Reposition 0.1941873 11305
[LOG 09:34:15.609] [ManeuverTool]: Found 1 transfer types
[LOG 09:34:15.648] Flight State Captured
[LOG 09:34:15.648] Saving Achievements Tree...
[LOG 09:34:15.648] Saving Achievements Tree...
[LOG 09:34:15.648] [MessageSystem] Save Messages
[LOG 09:34:15.665] Game State Saved as persistent
[LOG 09:34:16.611] Unpacking Diag3-Rocket
[LOG 09:34:16.628] [UIMasterController]: ShowUI
[LOG 09:34:20.692] [MessageSystem] Load Messages
[LOG 09:34:20.693] [UIMasterController]: HideUI
[LOG 09:34:20.736] [HighLogic]: =========================== Scene Change : From FLIGHT to FLIGHT =====================
[LOG 09:34:20.847] KbApp.OnDestroy Vessel Crew
[LOG 09:34:20.848] KbApp.OnDestroy Planet Parameters
[LOG 09:34:20.848] KbApp.OnDestroy Planet Resources
[LOG 09:34:20.848] [UIApp] OnDestroy: ResourceDisplay
[LOG 09:34:20.848] [UIApp] OnDestroy: AlarmClock
[LOG 09:34:20.848] KbApp.OnDestroy NullName
[LOG 09:34:20.848] [UIApp] OnDestroy: Construction
[LOG 09:34:20.849] [PlanetariumCamera]: Focus: Kerbin
[LOG 09:34:20.849] [UIApp] OnDestroy: KSPedia
[LOG 09:34:20.849] KbApp.OnDestroy Unowned Info
[LOG 09:34:20.849] [UIApp] OnDestroy: ActionGroupsApp
[LOG 09:34:20.850] [UIApp] OnDestroy: Cargo
[LOG 09:34:20.850] KbApp.OnDestroy Vessel Info
[LOG 09:34:20.850] KbApp.OnDestroy Planet Info
[LOG 09:34:20.850] [UIApp] OnDestroy: DeltaVApp
[LOG 09:34:20.852] [UIApp] OnDestroy: ManeuverTool
[LOG 09:34:20.853] [KSPCF:MemoryLeaks] Removed a OnMapExited callback owned by a destroyed Assembly-CSharp:NavBallToggle instance
[LOG 09:34:20.853] [KSPCF:MemoryLeaks] Removed a OnGameSettingsApplied callback owned by a destroyed Assembly-CSharp:VesselAutopilotUI instance
[LOG 09:34:20.853] [KSPCF:MemoryLeaks] Removed a onPartActionUICreate callback owned by a destroyed Assembly-CSharp:ModuleInventoryPart instance
[LOG 09:34:20.854] [KSPCF:MemoryLeaks] Removed a onModuleInventoryChanged callback owned by a destroyed Assembly-CSharp:ModuleInventoryPart instance
[LOG 09:34:20.854] [KSPCF:MemoryLeaks] Removed a OnDestructibleLoaded callback owned by a destroyed Assembly-CSharp:RunwayCollisionHandler instance
[LOG 09:34:20.854] [KSPCF:MemoryLeaks] Removed a OnClick callback owned by a destroyed Assembly-CSharp:EVAConstructionModeEditor instance
[LOG 09:34:20.854] [KSPCF:MemoryLeaks] Removed a TimingManager.Instance.timing5.onLateUpdate callback owned by a destroyed Assembly-CSharp:MapView instance
[LOG 09:34:20.854] [KSPCF:MemoryLeaks] Leaving scene "Flight", cleaned 55 memory leaks in 0.002s. GameEvents callbacks : 530. Allocated memory : 680.082 MiB (managed heap), 2.192 GiB (unmanaged)
[LOG 09:34:20.859] UICanvasPrefabSpawner FlightUI spawning Flight
[LOG 09:34:20.883] UICanvasPrefabSpawner FlightUI spawning VesselLabels
[LOG 09:34:20.883] [UiApp] Awake: ResourceDisplay
[LOG 09:34:20.944] [AddonLoader]: Instantiating addon 'AeroGUI' from assembly 'KSP'
[LOG 09:34:20.952] [AddonLoader]: Instantiating addon 'KSPDiagQuadSeams' from assembly 'KSPDiagQuadSeams'
[LOG 09:34:20.952] [KSPDiagQuadSeams] shader Hidden/Internal-Colored, depth test settable: True
[LOG 09:34:20.952] [PlanetariumCamera]: Focus: Kerbin
[LOG 09:34:20.952] [UIMasterController]: HideUI
[LOG 09:34:21.171] [UIMasterController]: HideUI
[LOG 09:34:21.172] ------------------- initializing flight mode... ------------------
[LOG 09:34:21.172] GetSubclassesOfParentClass: Using cached results for AlarmTypeBase
[LOG 09:34:21.173] Loading Depletion Nodes
[LOG 09:34:21.173] DepNodeCount:  0
[LOG 09:34:21.173] Loading Biome Nodes
[LOG 09:34:21.173] BiomeNodeCount:  0
[LOG 09:34:21.173] Loading Planet Nodes
[LOG 09:34:21.173] PlanetNodeCount:  0
[LOG 09:34:21.174] [ScenarioDestructibles]: Loading... 0 objects registered
[LOG 09:34:21.198] Target vessel index: 9  vessel count: 10
[LOG 09:34:21.198] [FLIGHT GLOBALS]: Switching To Vessel Diag3-Rocket ---------------------- 
[LOG 09:34:21.198] setting new dominant body: Kerbin
FlightGlobals.mainBody: Kerbin
[LOG 09:34:21.198] Reference Frame: Rotating
[WRN 09:34:21.204] [Part]: Cannot have ModuleCargoPart and ModuleInventoryPart on same Part [Diag3-Rocket (unloaded)'. Removed ModuleCargoPart
[LOG 09:34:21.214] [Diag3-Rocket]: landed - waiting for ground contact to resume physics...
[LOG 09:34:21.214] Camera Mode: AUTO
[LOG 09:34:22.859] all systems started
[LOG 09:34:22.932] [KSPDiagQuadSeams] body Kerbin, radius 600000 m, highest subdivision level 10, 15 vertices by side
[LOG 09:34:22.933] [KSPDiagQuadSeams] after an origin shift: 56 seam(s) between 44 quad(s) of level 10 and 20 coarser one(s); 448 shared vertices, gap mean 64.158 mm, max 140.016 mm; largest on Kerbin Zn1232223020 (South, level 10) against Kerbin Zn123222300 (North, level 9), where the finer quad is 131.208 mm above the coarser one and 48.877 mm beside it, 8.1 km from the active vessel
[LOG 09:34:22.955] [UiApp] Awake: CurrencyWidgetsApp
[LOG 09:34:22.955] [UiApp] Awake: ResourceDisplay
[LOG 09:34:22.955] [UiApp] Awake: KSPedia
[LOG 09:34:22.955] [UiApp] Awake: Missions App
[LOG 09:34:22.955] [UiApp] Awake: DeltaVApp
[LOG 09:34:22.955] [UiApp] Awake: ActionGroupsApp
[LOG 09:34:22.955] [UiApp] Awake: Construction
[LOG 09:34:22.955] [UiApp] Awake: Cargo
[LOG 09:34:22.955] [UiApp] Awake: AlarmClock
[LOG 09:34:22.956] [UiApp] Awake: ManeuverTool
[LOG 09:34:22.956] [ApplicationLauncher] OnSceneLoadedGUIReady: scene FLIGHT ShouldBeVisible() True ShouldBeOnTop() True iIsPositionedAtTop True
[LOG 09:34:22.957] [KnowledgeBase] OnAppLauncherReady 11626
[LOG 09:34:22.965] [UIApp] OnDestroy: Contracts
[LOG 09:34:22.989] [FlightIntegrator]: Reloaded drag cube for zeroed cube root part mk1pod.v2 (Diag3-Rocket) on vessel Diag3-Rocket
[LOG 09:34:22.991] [MessageSystem] Reposition 0.02 11627
[LOG 09:34:22.991] [GenericAppFrame] Reposition 0.02 11627
[LOG 09:34:22.991] [GenericAppFrame] Reposition 0.02 11627
[LOG 09:34:23.049] [PlanetariumCamera]: Focus: Diag3-Rocket
[LOG 09:34:23.063] [UIApp] Adding ResourceDisplay to Application Launcher
[LOG 09:34:23.063] [UIApp] Adding ResourceDisplay to Application Launcher
[LOG 09:34:23.073] [ResourceDisplay] OnAppStarted(): id: -613024
[LOG 09:34:23.074] [GenericAppFrame] Reposition 0.1001501 11631
[LOG 09:34:23.074] [ResourceDisplay] OnAppStarted(): id: 265088
[LOG 09:34:23.074] ResourceDisplay already exist, destroying this instance
[LOG 09:34:23.074] [UIApp] OnDestroy: ResourceDisplay
[LOG 09:34:23.086] [UIApp] Adding AlarmClock to Application Launcher
[LOG 09:34:23.087] [UIApp] Adding ActionGroupsApp to Application Launcher
[LOG 09:34:23.088] [UIApp] Adding Missions App to Application Launcher
[LOG 09:34:23.089] CURRENCY WIDGET False False False
[LOG 09:34:23.091] [UIApp] OnDestroy: CurrencyWidgetsApp
[LOG 09:34:23.108] [GenericAppFrame] Reposition 0.123521 11633
[LOG 09:34:23.109] [ActionGroupsApp] OnAppStarted(): id: -613048
[LOG 09:34:23.110] [GenericAppFrame] Reposition 0.123521 11633
[LOG 09:34:23.110] [UIApp] Adding DeltaVApp to Application Launcher
[LOG 09:34:23.111] [MissionsApp] OnAppStarted(): id: -613036
[LOG 09:34:23.111] MissionsApp does not execute in this game mode, destroying this instance
[LOG 09:34:23.111] [UIApp] OnDestroy: Missions App
[LOG 09:34:23.121] [GenericAppFrame] Reposition 0.1464943 11634
[LOG 09:34:23.129] [UIApp] Adding Cargo to Application Launcher
[LOG 09:34:23.130] [UIApp] Adding Construction to Application Launcher
[LOG 09:34:23.131] [UIApp] Adding KSPedia to Application Launcher
[LOG 09:34:23.140] [UIApp] Adding ManeuverTool to Application Launcher
[LOG 09:34:23.143] [ApplicationLauncher] SetHidden: 
[LOG 09:34:23.158] [GenericAppFrame] Reposition 0.1815899 11637
[LOG 09:34:23.165] [ManeuverTool]: Found 1 transfer types
[LOG 09:34:23.206] Flight State Captured
[LOG 09:34:23.206] Saving Achievements Tree...
[LOG 09:34:23.206] Saving Achievements Tree...
[LOG 09:34:23.206] [MessageSystem] Save Messages
[LOG 09:34:23.232] Game State Saved as persistent
[LOG 09:34:24.179] Unpacking Diag3-Rocket
[LOG 09:34:24.193] [UIMasterController]: ShowUI
[LOG 09:34:28.248] [KSPDiagQuadSeams] display: largest gap only
[LOG 09:34:31.482] [KSPDiagQuadSeams] display: seams and largest gap
[LOG 09:34:34.201] [KSP-MCPServer] Quitting KSP, as asked
[LOG 09:34:34.867] KbApp.OnDestroy Vessel Crew
[LOG 09:34:34.867] [UIApp] OnDestroy: AlarmClock
[LOG 09:34:34.880] [UIApp] OnDestroy: 
