[LOG 11:04:29.385] ******* Log Initiated for Kerbal Space Program - 1.12.5.3190 (WindowsPlayer x64) fr-fr *******
Kerbal Space Program - 1.12.5.3190 (WindowsPlayer x64) fr-fr


OS: Windows 10  (10.0.0) 64bit
CPU: Intel(R) Core(TM) Ultra 7 155H (22)
RAM: 32265
GPU: Intel(R) Arc(TM) Pro Graphics (18391MB)
SM: 50 (Direct3D 11.0 [level 11.1])
RT Formats: ARGB32, Depth, ARGBHalf, Shadowmap, RGB565, ARGB4444, ARGB1555, Default, ARGB2101010, DefaultHDR, ARGB64, ARGBFloat, RGFloat, RGHalf, RFloat, RHalf, R8, ARGBInt, RGInt, RInt, BGRA32, RGB111110Float, RG32, RGBAUShort, RG16, BGRA10101010_XR, BGR101010_XR, R16


Log started: Sun, Oct 04, 2026 11:04:29


[LOG 11:04:29.402] ActionCanvas MASK: 3458764513820540928
[LOG 11:04:29.403] AppCanvas MASK: 3458764513820540928
[LOG 11:04:29.405] MainCanvas MASK: 3458764513820540928
[LOG 11:04:31.188] Load(Assembly): /ModuleManager.4.2.3
[LOG 11:04:31.188] AssemblyLoader: Loading assembly at C:\Users\lhervier\Perso\ksp-dev\GameData\ModuleManager.4.2.3.dll
[LOG 11:04:31.206] AssemblyLoader: KSPAssembly 'ModuleManager' V2.5.0
[LOG 11:04:31.206] Load(Assembly): 000_Harmony/0Harmony
[LOG 11:04:31.206] AssemblyLoader: Loading assembly at C:\Users\lhervier\Perso\ksp-dev\GameData\000_Harmony\0Harmony.dll
[LOG 11:04:31.210] Load(Assembly): 000_Harmony/HarmonyInstallChecker
[LOG 11:04:31.210] AssemblyLoader: Loading assembly at C:\Users\lhervier\Perso\ksp-dev\GameData\000_Harmony\HarmonyInstallChecker.dll
[LOG 11:04:31.211] AssemblyLoader: KSPAssembly 'HarmonyKSP' V1.0.0
[LOG 11:04:31.211] Load(Assembly): Kopernicus/Plugins/Kopernicus
[LOG 11:04:31.211] AssemblyLoader: Loading assembly at C:\Users\lhervier\Perso\ksp-dev\GameData\Kopernicus\Plugins\Kopernicus.dll
[LOG 11:04:31.220] AssemblyLoader: KSPAssembly 'Kopernicus' V1.0.248
[LOG 11:04:31.220] AssemblyLoader: KSPAssemblyDependency 'Kopernicus.Parser' V1.0.0
[LOG 11:04:31.220] AssemblyLoader: KSPAssemblyDependency 'ModularFlightIntegrator' V1.0.0
[LOG 11:04:31.220] AssemblyLoader: KSPAssemblyDependency '0Harmony' V0.0.0
[LOG 11:04:31.220] AssemblyLoader: KSPAssemblyDependency 'KSPTextureLoader' V1.0.26
[LOG 11:04:31.220] Load(Assembly): Kopernicus/Plugins/Kopernicus.Parser
[LOG 11:04:31.220] AssemblyLoader: Loading assembly at C:\Users\lhervier\Perso\ksp-dev\GameData\Kopernicus\Plugins\Kopernicus.Parser.dll
[LOG 11:04:31.221] AssemblyLoader: KSPAssembly 'Kopernicus.Parser' V1.0.0
[LOG 11:04:31.221] Load(Assembly): KSPCommunityFixes/Plugins/0_MultipleModuleInPartAPI
[LOG 11:04:31.221] AssemblyLoader: Loading assembly at C:\Users\lhervier\Perso\ksp-dev\GameData\KSPCommunityFixes\Plugins\0_MultipleModuleInPartAPI.dll
[LOG 11:04:31.222] AssemblyLoader: KSPAssembly 'MultipleModulePartAPI' V1.0.0
[LOG 11:04:31.222] Load(Assembly): KSPCommunityFixes/Plugins/KSPCommunityFixes
[LOG 11:04:31.222] AssemblyLoader: Loading assembly at C:\Users\lhervier\Perso\ksp-dev\GameData\KSPCommunityFixes\Plugins\KSPCommunityFixes.dll
[LOG 11:04:31.224] AssemblyLoader: KSPAssembly 'KSPCommunityFixes' V1.41.1
[LOG 11:04:31.224] AssemblyLoader: KSPAssemblyDependency 'HarmonyKSP' V1.0.0
[LOG 11:04:31.224] AssemblyLoader: KSPAssemblyDependency 'ModuleManager' V1.0.0
[LOG 11:04:31.224] AssemblyLoader: KSPAssemblyDependency 'MultipleModulePartAPI' V1.0.0
[LOG 11:04:31.225] Load(Assembly): KSPDiagQuadSeams/KSPDiagQuadSeams
[LOG 11:04:31.225] AssemblyLoader: Loading assembly at C:\Users\lhervier\Perso\ksp-dev\GameData\KSPDiagQuadSeams\KSPDiagQuadSeams.dll
[LOG 11:04:31.226] Load(Assembly): KSPMCPServer/KSPMCPServer
[LOG 11:04:31.226] AssemblyLoader: Loading assembly at C:\Users\lhervier\Perso\ksp-dev\GameData\KSPMCPServer\KSPMCPServer.dll
[LOG 11:04:31.227] Load(Assembly): KSPTextureLoader/Plugins/KSPTextureLoader.Burst
[LOG 11:04:31.227] AssemblyLoader: Loading assembly at C:\Users\lhervier\Perso\ksp-dev\GameData\KSPTextureLoader\Plugins\KSPTextureLoader.Burst.dll
[LOG 11:04:31.242] Load(Assembly): KSPTextureLoader/Plugins/KSPTextureLoader
[LOG 11:04:31.242] AssemblyLoader: Loading assembly at C:\Users\lhervier\Perso\ksp-dev\GameData\KSPTextureLoader\Plugins\KSPTextureLoader.dll
[LOG 11:04:31.246] AssemblyLoader: KSPAssemblyDependency 'SharpDX' V0.0.0
[LOG 11:04:31.246] AssemblyLoader: KSPAssemblyDependency 'SharpDX.DXGI' V0.0.0
[LOG 11:04:31.246] AssemblyLoader: KSPAssemblyDependency 'SharpDX.Direct3D11' V0.0.0
[LOG 11:04:31.246] AssemblyLoader: KSPAssembly 'KSPTextureLoader' V1.0.36
[LOG 11:04:31.246] Load(Assembly): KSPTextureLoader/Plugins/SharpDX.Direct3D11
[LOG 11:04:31.246] AssemblyLoader: Loading assembly at C:\Users\lhervier\Perso\ksp-dev\GameData\KSPTextureLoader\Plugins\SharpDX.Direct3D11.dll
[LOG 11:04:31.249] Load(Assembly): KSPTextureLoader/Plugins/SharpDX
[LOG 11:04:31.249] AssemblyLoader: Loading assembly at C:\Users\lhervier\Perso\ksp-dev\GameData\KSPTextureLoader\Plugins\SharpDX.dll
[LOG 11:04:31.253] Load(Assembly): KSPTextureLoader/Plugins/SharpDX.DXGI
[LOG 11:04:31.253] AssemblyLoader: Loading assembly at C:\Users\lhervier\Perso\ksp-dev\GameData\KSPTextureLoader\Plugins\SharpDX.DXGI.dll
[LOG 11:04:31.256] Load(Assembly): ModularFlightIntegrator/ModularFlightIntegrator
[LOG 11:04:31.256] AssemblyLoader: Loading assembly at C:\Users\lhervier\Perso\ksp-dev\GameData\ModularFlightIntegrator\ModularFlightIntegrator.dll
[LOG 11:04:31.257] AssemblyLoader: KSPAssembly 'ModularFlightIntegrator' V1.0.0
[LOG 11:04:31.257] Load(Assembly): RealSolarSystem/Plugins/RealSolarSystem
[LOG 11:04:31.257] AssemblyLoader: Loading assembly at C:\Users\lhervier\Perso\ksp-dev\GameData\RealSolarSystem\Plugins\RealSolarSystem.dll
[LOG 11:04:31.258] AssemblyLoader: KSPAssemblyDependency 'Kopernicus' V1.0.0
[LOG 11:04:31.258] AssemblyLoader: KSPAssemblyDependency 'Kopernicus.Parser' V1.0.0
[LOG 11:04:31.258] Load(Assembly): Squad/Plugins/KSPSteamCtrlr
[LOG 11:04:31.258] AssemblyLoader: Loading assembly at C:\Users\lhervier\Perso\ksp-dev\GameData\Squad\Plugins\KSPSteamCtrlr.dll
[LOG 11:04:31.261] AssemblyLoader: Loading assemblies
[LOG 11:04:31.348] VesselModules: Found VesselModule of type AxisGroupsModule with order 999
[LOG 11:04:31.381] VesselModules: Found VesselModule of type CometVessel with order 999
[LOG 11:04:31.383] VesselModules: Found VesselModule of type SuspensionLoadBalancer with order 999
[LOG 11:04:31.384] VesselModules: Found VesselModule of type FlightIntegrator with order 0
[LOG 11:04:31.386] VesselModules: Found VesselModule of type CommNetVessel with order 999
[LOG 11:04:31.390] VesselModules: Found VesselModule of type ModularFlightIntegrator with order 0
[LOG 11:04:31.392] VesselModules: Found 6 VesselModule types
[LOG 11:04:31.405] 
************************************************************************

Environment Info
Win32NT 7FFFFFFFFFFFFFFF  Args: KSP_x64.exe 

Mod DLLs found:
Stock assembly: Assembly-CSharp v0.0.0.0
ModuleManager v4.2.3.0
0Harmony v2.2.1.0
HarmonyInstallChecker v2.2.1.0
Kopernicus.Parser v1.0.0.0 / v1.0.0.0+7b0dc7978641bd95510e13ea62c1f2d3fd3fe047
ModularFlightIntegrator v1.0.0.0 / v1.2.10.0
SharpDX v4.2.0.0 / v4.2.0+8e5df9f17b1d328c595a9df5851dbb2537b55621 / v4.2.0
SharpDX.DXGI v4.2.0.0 / v4.2.0+8e5df9f17b1d328c595a9df5851dbb2537b55621 / v4.2.0
SharpDX.Direct3D11 v4.2.0.0 / v4.2.0+8e5df9f17b1d328c595a9df5851dbb2537b55621 / v4.2.0
KSPTextureLoader v1.0.36.0 / v1.0.36+cda0e0fea05c372369b8464c01035616501d8d28
Kopernicus v1.0.248.0 / v1.0.248+7b0dc7978641bd95510e13ea62c1f2d3fd3fe047 / v1.12.248.0
0_MultipleModuleInPartAPI v1.0.0.0 / v1.0.0+7969fdc50bf4e350193abe5ba2e89533b12ca02f
KSPCommunityFixes v1.41.0.0 / v1.41.1+7969fdc50bf4e350193abe5ba2e89533b12ca02f / v1.41.1.0
KSPDiagQuadSeams v1.0.9772.27973
KSPMCPServer v0.0.0.0
KSPTextureLoader.Burst v0.0.0.0
RealSolarSystem v20.1.3.0
Stock assembly: KSPSteamCtrlr v0.0.1.35

Folders and files in GameData:
000_Harmony
Kopernicus
KSPCommunityFixes
KSPDiagQuadSeams
KSPMCPServer
KSPTextureLoader
ModularFlightIntegrator
RealSolarSystem
RSS-Textures
Stock folder: Squad

Stock folder: SquadExpansion

ModuleManager.4.2.3.dll
ModuleManager.ConfigCache
ModuleManager.ConfigSHA
ModuleManager.Physics
ModuleManager.TechTree

************************************************************************

[LOG 11:04:31.417] [AddonLoader]: Instantiating addon 'ModuleManager' from assembly 'ModuleManager'
[LOG 11:04:31.427] [ModuleManager] Adding post patch to the loading screen 4
[LOG 11:04:31.429] [ModuleManager] Patching started on a new thread, all output will be directed to C:\Users\lhervier\Perso\ksp-dev\Logs\ModuleManager\ModuleManager.log
[LOG 11:04:31.431] [AddonLoader]: Instantiating addon 'HarmonyInstallChecker' from assembly 'HarmonyKSP'
[LOG 11:04:31.432] [AddonLoader]: Instantiating addon 'MFIManager' from assembly 'ModularFlightIntegrator'
[LOG 11:04:31.434] [AddonLoader]: Instantiating addon 'TextureLoader' from assembly 'KSPTextureLoader'
[LOG 11:04:31.437] [AddonLoader]: Instantiating addon 'Events' from assembly 'Kopernicus'
[LOG 11:04:31.446] [AddonLoader]: Instantiating addon 'ToolbarButton' from assembly 'Kopernicus'
[LOG 11:04:31.447] [AddonLoader]: Instantiating addon 'ShadowMan' from assembly 'Kopernicus'
[LOG 11:04:31.447] [AddonLoader]: Instantiating addon 'RenderTypeFixer' from assembly 'Kopernicus'
[LOG 11:04:31.447] [AddonLoader]: Instantiating addon 'ShaderProperties' from assembly 'Kopernicus'
[LOG 11:04:31.448] [AddonLoader]: Instantiating addon 'AtmosphereFixer' from assembly 'Kopernicus'
[LOG 11:04:31.448] [AddonLoader]: Instantiating addon 'LogAggregatorWorker' from assembly 'Kopernicus'
[LOG 11:04:31.493] [AddonLoader]: Instantiating addon 'MeshPreloaderInjector' from assembly 'Kopernicus'
[LOG 11:04:31.493] [AddonLoader]: Instantiating addon 'SinkingBugFix' from assembly 'Kopernicus'
[LOG 11:04:31.494] [AddonLoader]: Instantiating addon 'TerrainQualitySetter' from assembly 'Kopernicus'
[LOG 11:04:31.494] [AddonLoader]: Instantiating addon 'CompatibilityChecker' from assembly 'Kopernicus'
[LOG 11:04:31.495] [AddonLoader]: Instantiating addon 'KSPCommunityFixes' from assembly 'KSPCommunityFixes'
[LOG 11:04:31.496] [AddonLoader]: Instantiating addon 'NoIVA' from assembly 'KSPCommunityFixes'
[LOG 11:04:31.497] [AddonLoader]: Instantiating addon 'ConfigNodePerf' from assembly 'KSPCommunityFixes'
[LOG 11:04:31.669] [AddonLoader]: Instantiating addon 'KSPCFFastLoader' from assembly 'KSPCommunityFixes'
[LOG 11:04:31.670] [KSPCF] Injecting FastLoader...
[LOG 11:04:31.690] [KSPCommunityFixes] Patch GameDatabasePerf applied.
[LOG 11:04:31.755] [AddonLoader]: Instantiating addon 'ReflectionTypeLoadExceptionHandler' from assembly 'KSPCommunityFixes'
[LOG 11:04:31.757] [AddonLoader]: Instantiating addon 'KSPMCPServerMod' from assembly 'KSPMCPServer'
[LOG 11:04:31.896] [KSP-MCPServer] Tool quadseams_read from KSPDiagQuadSeams (com.github.lhervier.ksp.diag.quadseams.McpTools.Read)
[LOG 11:04:31.897] [KSP-MCPServer] Tool quadseams_set_display from KSPDiagQuadSeams (com.github.lhervier.ksp.diag.quadseams.McpTools.SetDisplay)
[LOG 11:04:31.897] [KSP-MCPServer] Tool quadseams_move_window from KSPDiagQuadSeams (com.github.lhervier.ksp.diag.quadseams.McpTools.MoveWindow)
[LOG 11:04:31.942] [KSP-MCPServer] Listening on http://127.0.0.1:8770/mcp/ with 33 tools
[LOG 11:04:31.942] [AddonLoader]: Instantiating addon 'HarmonyPatcher' from assembly 'RealSolarSystem'
[LOG 11:04:31.943] [AddonLoader]: Instantiating addon 'RSSInstallationCheck' from assembly 'RealSolarSystem'
[LOG 11:04:31.943] [AddonLoader]: Instantiating addon 'TimeWarpFixer' from assembly 'RealSolarSystem'
[LOG 11:04:31.944] [AddonLoader]: Instantiating addon 'KSPSteamController' from assembly 'KSPSteamCtrlr'
[LOG 11:04:33.388] [KSPCF] Taking over stock loader. An exception will follow, this is intended.
[EXC 11:04:33.392] Exception: Terminating stock loader coroutine, this is intended and not an error
	KSPCommunityFixes.Performance.KSPCFFastLoader.GameDatabase_SetupMainLoaders_Prefix () (at <62bb7f5420994f409a34377c091e8538>:0)
	(wrapper dynamic-method) GameDatabase.GameDatabase.SetupMainLoaders_Patch1(GameDatabase)
	GameDatabase+<LoadObjects>d__90.MoveNext () (at <4b449f2841f84227adfaad3149c8fdba>:0)
	UnityEngine.SetupCoroutine.InvokeMoveNext (System.Collections.IEnumerator enumerator, System.IntPtr returnValueAddress) (at <12e76cd50cc64cf19e759e981cb725af>:0)
	UnityEngine.DebugLogHandler:LogException(Exception, Object)
	ModuleManager.UnityLogHandle.InterceptLogHandler:LogException(Exception, Object)
	UnityEngine.MonoBehaviour:StartCoroutine(IEnumerator)
	<CreateDatabase>d__71:MoveNext()
	UnityEngine.MonoBehaviour:StartCoroutine(IEnumerator)
	GameDatabase:StartLoad()
	<LoadSystems>d__11:MoveNext()
	UnityEngine.MonoBehaviour:StartCoroutine(IEnumerator)
	LoadingScreen:Start()
[LOG 11:04:33.433] [MFIManager] FlightIntegrator is active. Deactivating it
[LOG 11:04:33.433] [MFIManager] Current active VesselModule : 
[MFIManager]  AxisGroupsModule active=True order=999
[MFIManager]  CometVessel active=True order=999
[MFIManager]  SuspensionLoadBalancer active=True order=999
[MFIManager]  FlightIntegrator active=False order=0
[MFIManager]  CommNet.CommNetVessel active=True order=999
[MFIManager]  ModularFI.ModularFlightIntegrator active=True order=0

[LOG 11:04:33.438] [CompatibilityChecker] Running checker version 4 from 'Kopernicus'
[LOG 11:04:33.456] [RealSolarSystem] EarthColor.dds size: 2.7MB
[LOG 11:04:33.556] Preloading Asset Bundle Definitions
[LOG 11:04:33.811] Load Audio: Squad/Alarms/Sounds/Chirps
[LOG 11:04:33.819] Load Audio: Squad/Alarms/Sounds/Classic
[LOG 11:04:33.820] Load Audio: Squad/Alarms/Sounds/ClockTower
[LOG 11:04:33.820] Load Audio: Squad/Alarms/Sounds/ComputerGlass1
[LOG 11:04:33.820] Load Audio: Squad/Alarms/Sounds/ComputerGlass2
[LOG 11:04:33.820] Load Audio: Squad/Alarms/Sounds/ComputerShort
[LOG 11:04:33.821] Load Audio: Squad/Alarms/Sounds/ComputerTriad
[LOG 11:04:33.821] Load Audio: Squad/Alarms/Sounds/DoorBell
[LOG 11:04:33.821] Load Audio: Squad/Alarms/Sounds/Glass
[LOG 11:04:33.821] Load Audio: Squad/Alarms/Sounds/Klaxon
[LOG 11:04:33.822] Load Audio: Squad/Alarms/Sounds/Mobile
[LOG 11:04:33.822] Load Audio: Squad/Alarms/Sounds/Morning
[LOG 11:04:33.823] Load Audio: Squad/Alarms/Sounds/OldClock
[LOG 11:04:33.823] Load Audio: Squad/Alarms/Sounds/OldHorn
[LOG 11:04:33.823] Load Audio: Squad/Alarms/Sounds/Ripple
[LOG 11:04:33.823] Load Audio: Squad/Sounds/editorLoop01
[LOG 11:04:33.823] Load Audio: Squad/Sounds/elev_loop
[LOG 11:04:33.824] Load Audio: Squad/Sounds/elev_start
[LOG 11:04:33.824] Load Audio: Squad/Sounds/elev_stop
[LOG 11:04:33.824] Load Audio: Squad/Sounds/fireworks_explosion_2
[LOG 11:04:33.825] Load Audio: Squad/Sounds/fireworks_explosion_3
[LOG 11:04:33.825] Load Audio: Squad/Sounds/fireworks_explosion_4
[LOG 11:04:33.825] Load Audio: Squad/Sounds/fireworks_launch_boom
[LOG 11:04:33.825] Load Audio: Squad/Sounds/fireworks_only_crackle_crackle_1
[LOG 11:04:33.825] Load Audio: Squad/Sounds/fireworks_only_crackle_dragon_1
[LOG 11:04:33.936] Load Audio: Squad/Sounds/fireworks_only_crackle_palm_1
[LOG 11:04:33.937] Load Audio: Squad/Sounds/fireworks_whistle
[LOG 11:04:33.937] Load Audio: Squad/Sounds/ksp1_banana_V2_01
[LOG 11:04:33.937] Load Audio: Squad/Sounds/ksp1_banana_V2_04
[LOG 11:04:33.937] Load Audio: Squad/Sounds/ksp1_banana_V2_05
[LOG 11:04:33.937] Load Audio: Squad/Sounds/ksp1_golf_swing_normal
[LOG 11:04:33.938] Load Audio: Squad/Sounds/ksp1_ground_anchor_v2_1
[LOG 11:04:33.938] Load Audio: Squad/Sounds/ksp1_strunts_disconnect_v3_pitched2
[LOG 11:04:33.938] Load Audio: Squad/Sounds/repairKit_repair1
[LOG 11:04:33.939] Load Audio: Squad/Sounds/repairKit_repair2
[LOG 11:04:33.939] Load Audio: Squad/Sounds/sound_ambience_nature
[LOG 11:04:33.939] Load Audio: Squad/Sounds/sound_click_flick
[LOG 11:04:33.939] Load Audio: Squad/Sounds/sound_click_latch
[LOG 11:04:33.940] Load Audio: Squad/Sounds/sound_click_sharp
[LOG 11:04:33.940] Load Audio: Squad/Sounds/sound_click_tick
[LOG 11:04:33.940] Load Audio: Squad/Sounds/sound_click_tock
[LOG 11:04:33.940] Load Audio: Squad/Sounds/sound_decoupler_fire
[LOG 11:04:33.940] Load Audio: Squad/Sounds/sound_delete_bin
[LOG 11:04:34.064] Load Audio: Squad/Sounds/sound_explosion_debris1
[LOG 11:04:34.065] Load Audio: Squad/Sounds/sound_explosion_debris2
[LOG 11:04:34.065] Load Audio: Squad/Sounds/sound_explosion_large
[LOG 11:04:34.065] Load Audio: Squad/Sounds/sound_rocket_mini
[LOG 11:04:34.065] Load Audio: Squad/Sounds/sound_rocket_spurts
[LOG 11:04:34.065] Load Audio: Squad/Sounds/sound_servomotor
[LOG 11:04:34.066] Load Audio: Squad/Sounds/sound_tab_extend
[LOG 11:04:34.066] Load Audio: Squad/Sounds/sound_tab_retreat
[LOG 11:04:34.066] Load Audio: SquadExpansion/Serenity/Sounds/robo_arm_large_end
[LOG 11:04:34.066] Load Audio: SquadExpansion/Serenity/Sounds/robo_arm_large_motor_00
[LOG 11:04:34.066] Load Audio: SquadExpansion/Serenity/Sounds/robo_arm_large_scan
[LOG 11:04:34.066] Load Audio: SquadExpansion/Serenity/Sounds/robo_arm_large_start
[LOG 11:04:34.066] Load Audio: SquadExpansion/Serenity/Sounds/robo_arm_medium_end
[LOG 11:04:34.066] Load Audio: SquadExpansion/Serenity/Sounds/robo_arm_medium_motor_00
[LOG 11:04:34.067] Load Audio: SquadExpansion/Serenity/Sounds/robo_arm_medium_scan
[LOG 11:04:34.067] Load Audio: SquadExpansion/Serenity/Sounds/robo_arm_medium_start
[LOG 11:04:34.067] Load Audio: SquadExpansion/Serenity/Sounds/robo_arm_small_end
[LOG 11:04:34.067] Load Audio: SquadExpansion/Serenity/Sounds/robo_arm_small_motor_00
[LOG 11:04:34.067] Load Audio: SquadExpansion/Serenity/Sounds/robo_arm_small_scan
[LOG 11:04:34.067] Load Audio: SquadExpansion/Serenity/Sounds/robo_arm_small_start
[LOG 11:04:34.067] Load Audio: SquadExpansion/Serenity/Sounds/sfx_cryoVolcano_burst
[LOG 11:04:34.067] Load Audio: SquadExpansion/Serenity/Sounds/sfx_cryoVolcano_idle
[LOG 11:04:34.068] Load Audio: SquadExpansion/Serenity/Sounds/sfx_deployable_booster_antena_end
[LOG 11:04:34.068] Load Audio: SquadExpansion/Serenity/Sounds/sfx_deployable_booster_antena_start
[LOG 11:04:34.068] Load Audio: SquadExpansion/Serenity/Sounds/sfx_deployable_central_station_end
[LOG 11:04:34.071] Load Audio: SquadExpansion/Serenity/Sounds/sfx_deployable_central_station_loop
[LOG 11:04:34.071] Load Audio: SquadExpansion/Serenity/Sounds/sfx_deployable_central_station_start
[LOG 11:04:34.071] Load Audio: SquadExpansion/Serenity/Sounds/sfx_deployable_detector_end
[LOG 11:04:34.071] Load Audio: SquadExpansion/Serenity/Sounds/sfx_deployable_detector_start
[LOG 11:04:34.071] Load Audio: SquadExpansion/Serenity/Sounds/sfx_deployable_GoObEd_end
[LOG 11:04:34.071] Load Audio: SquadExpansion/Serenity/Sounds/sfx_deployable_GoObEd_loop
[LOG 11:04:34.071] Load Audio: SquadExpansion/Serenity/Sounds/sfx_deployable_GoObEd_start
[LOG 11:04:34.071] Load Audio: SquadExpansion/Serenity/Sounds/sfx_deployable_rtg_end
[LOG 11:04:34.071] Load Audio: SquadExpansion/Serenity/Sounds/sfx_deployable_rtg_start
[LOG 11:04:34.072] Load Audio: SquadExpansion/Serenity/Sounds/sfx_deployable_seismometer_end
[LOG 11:04:34.072] Load Audio: SquadExpansion/Serenity/Sounds/sfx_deployable_seismometer_start
[LOG 11:04:34.072] Load Audio: SquadExpansion/Serenity/Sounds/sfx_deployable_solar_panel_end
[LOG 11:04:34.072] Load Audio: SquadExpansion/Serenity/Sounds/sfx_deployable_solar_panel_start
[LOG 11:04:34.119] Load Audio: SquadExpansion/Serenity/Sounds/sfx_deployable_weather_station_end
[LOG 11:04:34.120] Load Audio: SquadExpansion/Serenity/Sounds/sfx_deployable_weather_station_loop
[LOG 11:04:34.120] Load Audio: SquadExpansion/Serenity/Sounds/sfx_deployable_weather_station_start
[LOG 11:04:34.120] Load Audio: SquadExpansion/Serenity/Sounds/sfx_geyser_burst
[LOG 11:04:34.120] Load Audio: SquadExpansion/Serenity/Sounds/sfx_geyser_idle
[LOG 11:04:34.143] Load Cached PNG Texture: Kopernicus/Graphics/KopernicusIcon
[LOG 11:04:34.146] Load DDS texture: KSPCommunityFixes/MMPatches/StockTweaks/Icons/Clamp-O-Tron
[LOG 11:04:34.149] Load TRUECOLOR texture: KSPCommunityFixes/MMPatches/StockTweaks/Icons/Clamp-O-Tron_scaled
[LOG 11:04:34.149] Load DDS texture: KSPCommunityFixes/MMPatches/StockTweaks/Icons/FreeFallParachutes
[LOG 11:04:34.149] Load TRUECOLOR texture: KSPCommunityFixes/MMPatches/StockTweaks/Icons/FreeFallParachutes_scaled
[LOG 11:04:34.151] Load DDS texture: KSPCommunityFixes/MMPatches/StockTweaks/Icons/LightYearTireCompany
[LOG 11:04:34.151] Load TRUECOLOR texture: KSPCommunityFixes/MMPatches/StockTweaks/Icons/LightYearTireCompany_scaled
[LOG 11:04:34.151] Load DDS texture: KSPCommunityFixes/MMPatches/StockTweaks/Icons/StratusCorporation
[LOG 11:04:34.151] Load TRUECOLOR texture: KSPCommunityFixes/MMPatches/StockTweaks/Icons/StratusCorporation_scaled
[LOG 11:04:34.151] Load DDS texture: RealSolarSystem/Compatibility/Parallax/zero_influence
[WRN 11:04:34.155] LOAD FAILED : UnityEngine.UnityException: LoadRawTextureData: not enough data provided (will result in overread).
  at UnityEngine.Texture2D.LoadRawTextureData (System.IntPtr data, System.Int32 size) [0x00056] in <12e76cd50cc64cf19e759e981cb725af>:0 
  at KSPCommunityFixes.Performance.KSPCFFastLoader+RawAsset.LoadDDS () [0x004e7] in <62bb7f5420994f409a34377c091e8538>:0 
  at KSPCommunityFixes.Performance.KSPCFFastLoader+RawAsset.LoadAndDisposeMainThread () [0x0004a] in <62bb7f5420994f409a34377c091e8538>:0 
[LOG 11:04:34.156] Load Cached PNG Texture: RealSolarSystem/Ribbons/Ariel/EvaGround
[LOG 11:04:34.156] Load Cached PNG Texture: RealSolarSystem/Ribbons/Ariel/EvaOrbit
[LOG 11:04:34.156] Load Cached PNG Texture: RealSolarSystem/Ribbons/Ariel/EvaSpace
[LOG 11:04:34.156] Load Cached PNG Texture: RealSolarSystem/Ribbons/Ariel/FirstEvaGround
[LOG 11:04:34.156] Load Cached PNG Texture: RealSolarSystem/Ribbons/Ariel/FirstEvaOrbit
[LOG 11:04:34.157] Load Cached PNG Texture: RealSolarSystem/Ribbons/Ariel/FirstEvaSpace
[LOG 11:04:34.157] Load Cached PNG Texture: RealSolarSystem/Ribbons/Ariel/FirstLanding
[LOG 11:04:34.157] Load Cached PNG Texture: RealSolarSystem/Ribbons/Ariel/FirstOrbitCapsule
[LOG 11:04:34.158] Load Cached PNG Texture: RealSolarSystem/Ribbons/Ariel/FirstOrbitCapsuleDocked
[LOG 11:04:34.158] Load Cached PNG Texture: RealSolarSystem/Ribbons/Ariel/FirstPlantFlag
[LOG 11:04:34.159] Load Cached PNG Texture: RealSolarSystem/Ribbons/Ariel/FirstRover
[LOG 11:04:34.161] Load Cached PNG Texture: RealSolarSystem/Ribbons/Ariel/Landing
[LOG 11:04:34.162] Load Cached PNG Texture: RealSolarSystem/Ribbons/Ariel/OrbitCapsule
[LOG 11:04:34.162] Load Cached PNG Texture: RealSolarSystem/Ribbons/Ariel/OrbitCapsuleDocked
[LOG 11:04:34.162] Load Cached PNG Texture: RealSolarSystem/Ribbons/Ariel/PlantFlag
[LOG 11:04:34.163] Load Cached PNG Texture: RealSolarSystem/Ribbons/Ariel/Rover
[LOG 11:04:34.163] Load Cached PNG Texture: RealSolarSystem/Ribbons/Ariel/SphereOfInfluence
[LOG 11:04:34.163] Load Cached PNG Texture: RealSolarSystem/Ribbons/Callisto/EvaGround
[LOG 11:04:34.163] Load Cached PNG Texture: RealSolarSystem/Ribbons/Callisto/EvaOrbit
[LOG 11:04:34.164] Load Cached PNG Texture: RealSolarSystem/Ribbons/Callisto/EvaSpace
[LOG 11:04:34.164] Load Cached PNG Texture: RealSolarSystem/Ribbons/Callisto/FirstEvaGround
[LOG 11:04:34.164] Load Cached PNG Texture: RealSolarSystem/Ribbons/Callisto/FirstEvaOrbit
[LOG 11:04:34.164] Load Cached PNG Texture: RealSolarSystem/Ribbons/Callisto/FirstEvaSpace
[LOG 11:04:34.165] Load Cached PNG Texture: RealSolarSystem/Ribbons/Callisto/FirstLanding
[LOG 11:04:34.165] Load Cached PNG Texture: RealSolarSystem/Ribbons/Callisto/FirstOrbitCapsule
[LOG 11:04:34.165] Load Cached PNG Texture: RealSolarSystem/Ribbons/Callisto/FirstOrbitCapsuleDocked
[LOG 11:04:34.166] Load Cached PNG Texture: RealSolarSystem/Ribbons/Callisto/FirstPlantFlag
[LOG 11:04:34.166] Load Cached PNG Texture: RealSolarSystem/Ribbons/Callisto/FirstRover
[LOG 11:04:34.166] Load Cached PNG Texture: RealSolarSystem/Ribbons/Callisto/Landing
[LOG 11:04:34.166] Load Cached PNG Texture: RealSolarSystem/Ribbons/Callisto/OrbitCapsule
[LOG 11:04:34.167] Load Cached PNG Texture: RealSolarSystem/Ribbons/Callisto/OrbitCapsuleDocked
[LOG 11:04:34.167] Load Cached PNG Texture: RealSolarSystem/Ribbons/Callisto/PlantFlag
[LOG 11:04:34.167] Load Cached PNG Texture: RealSolarSystem/Ribbons/Callisto/Rover
[LOG 11:04:34.168] Load Cached PNG Texture: RealSolarSystem/Ribbons/Callisto/SphereOfInfluence
[LOG 11:04:34.168] Load Cached PNG Texture: RealSolarSystem/Ribbons/Ceres/EvaGround
[LOG 11:04:34.168] Load Cached PNG Texture: RealSolarSystem/Ribbons/Ceres/EvaOrbit
[LOG 11:04:34.168] Load Cached PNG Texture: RealSolarSystem/Ribbons/Ceres/EvaSpace
[LOG 11:04:34.169] Load Cached PNG Texture: RealSolarSystem/Ribbons/Ceres/FirstEvaGround
[LOG 11:04:34.169] Load Cached PNG Texture: RealSolarSystem/Ribbons/Ceres/FirstEvaOrbit
[LOG 11:04:34.169] Load Cached PNG Texture: RealSolarSystem/Ribbons/Ceres/FirstEvaSpace
[LOG 11:04:34.169] Load Cached PNG Texture: RealSolarSystem/Ribbons/Ceres/FirstLanding
[LOG 11:04:34.169] Load Cached PNG Texture: RealSolarSystem/Ribbons/Ceres/FirstOrbitCapsule
[LOG 11:04:34.171] Load Cached PNG Texture: RealSolarSystem/Ribbons/Ceres/FirstOrbitCapsuleDocked
[LOG 11:04:34.171] Load Cached PNG Texture: RealSolarSystem/Ribbons/Ceres/FirstPlantFlag
[LOG 11:04:34.171] Load Cached PNG Texture: RealSolarSystem/Ribbons/Ceres/FirstRover
[LOG 11:04:34.171] Load Cached PNG Texture: RealSolarSystem/Ribbons/Ceres/Landing
[LOG 11:04:34.171] Load Cached PNG Texture: RealSolarSystem/Ribbons/Ceres/OrbitCapsule
[LOG 11:04:34.172] Load Cached PNG Texture: RealSolarSystem/Ribbons/Ceres/OrbitCapsuleDocked
[LOG 11:04:34.172] Load Cached PNG Texture: RealSolarSystem/Ribbons/Ceres/PlantFlag
[LOG 11:04:34.172] Load Cached PNG Texture: RealSolarSystem/Ribbons/Ceres/Rover
[LOG 11:04:34.173] Load Cached PNG Texture: RealSolarSystem/Ribbons/Ceres/SphereOfInfluence
[LOG 11:04:34.173] Load Cached PNG Texture: RealSolarSystem/Ribbons/Charon/EvaGround
[LOG 11:04:34.173] Load Cached PNG Texture: RealSolarSystem/Ribbons/Charon/EvaOrbit
[LOG 11:04:34.174] Load Cached PNG Texture: RealSolarSystem/Ribbons/Charon/EvaSpace
[LOG 11:04:34.174] Load Cached PNG Texture: RealSolarSystem/Ribbons/Charon/FirstEvaGround
[LOG 11:04:34.174] Load Cached PNG Texture: RealSolarSystem/Ribbons/Charon/FirstEvaOrbit
[LOG 11:04:34.174] Load Cached PNG Texture: RealSolarSystem/Ribbons/Charon/FirstEvaSpace
[LOG 11:04:34.174] Load Cached PNG Texture: RealSolarSystem/Ribbons/Charon/FirstLanding
[LOG 11:04:34.175] Load Cached PNG Texture: RealSolarSystem/Ribbons/Charon/FirstOrbitCapsule
[LOG 11:04:34.176] Load Cached PNG Texture: RealSolarSystem/Ribbons/Charon/FirstOrbitCapsuleDocked
[LOG 11:04:34.176] Load Cached PNG Texture: RealSolarSystem/Ribbons/Charon/FirstPlantFlag
[LOG 11:04:34.176] Load Cached PNG Texture: RealSolarSystem/Ribbons/Charon/FirstRover
[LOG 11:04:34.176] Load Cached PNG Texture: RealSolarSystem/Ribbons/Charon/Landing
[LOG 11:04:34.176] Load Cached PNG Texture: RealSolarSystem/Ribbons/Charon/OrbitCapsule
[LOG 11:04:34.176] Load Cached PNG Texture: RealSolarSystem/Ribbons/Charon/OrbitCapsuleDocked
[LOG 11:04:34.177] Load Cached PNG Texture: RealSolarSystem/Ribbons/Charon/PlantFlag
[LOG 11:04:34.177] Load Cached PNG Texture: RealSolarSystem/Ribbons/Charon/Rover
[LOG 11:04:34.177] Load Cached PNG Texture: RealSolarSystem/Ribbons/Charon/SphereOfInfluence
[LOG 11:04:34.177] Load Cached PNG Texture: RealSolarSystem/Ribbons/Deimos/EvaGround
[LOG 11:04:34.178] Load Cached PNG Texture: RealSolarSystem/Ribbons/Deimos/EvaOrbit
[LOG 11:04:34.178] Load Cached PNG Texture: RealSolarSystem/Ribbons/Deimos/EvaSpace
[LOG 11:04:34.178] Load Cached PNG Texture: RealSolarSystem/Ribbons/Deimos/FirstEvaGround
[LOG 11:04:34.179] Load Cached PNG Texture: RealSolarSystem/Ribbons/Deimos/FirstEvaOrbit
[LOG 11:04:34.179] Load Cached PNG Texture: RealSolarSystem/Ribbons/Deimos/FirstEvaSpace
[LOG 11:04:34.179] Load Cached PNG Texture: RealSolarSystem/Ribbons/Deimos/FirstLanding
[LOG 11:04:34.179] Load Cached PNG Texture: RealSolarSystem/Ribbons/Deimos/FirstOrbitCapsule
[LOG 11:04:34.179] Load Cached PNG Texture: RealSolarSystem/Ribbons/Deimos/FirstOrbitCapsuleDocked
[LOG 11:04:34.181] Load Cached PNG Texture: RealSolarSystem/Ribbons/Deimos/FirstPlantFlag
[LOG 11:04:34.181] Load Cached PNG Texture: RealSolarSystem/Ribbons/Deimos/FirstRover
[LOG 11:04:34.181] Load Cached PNG Texture: RealSolarSystem/Ribbons/Deimos/Landing
[LOG 11:04:34.181] Load Cached PNG Texture: RealSolarSystem/Ribbons/Deimos/OrbitCapsule
[LOG 11:04:34.182] Load Cached PNG Texture: RealSolarSystem/Ribbons/Deimos/OrbitCapsuleDocked
[LOG 11:04:34.182] Load Cached PNG Texture: RealSolarSystem/Ribbons/Deimos/PlantFlag
[LOG 11:04:34.182] Load Cached PNG Texture: RealSolarSystem/Ribbons/Deimos/Rover
[LOG 11:04:34.182] Load Cached PNG Texture: RealSolarSystem/Ribbons/Deimos/SphereOfInfluence
[LOG 11:04:34.183] Load Cached PNG Texture: RealSolarSystem/Ribbons/Dione/EvaGround
[LOG 11:04:34.183] Load Cached PNG Texture: RealSolarSystem/Ribbons/Dione/EvaOrbit
[LOG 11:04:34.183] Load Cached PNG Texture: RealSolarSystem/Ribbons/Dione/EvaSpace
[LOG 11:04:34.183] Load Cached PNG Texture: RealSolarSystem/Ribbons/Dione/FirstEvaGround
[LOG 11:04:34.184] Load Cached PNG Texture: RealSolarSystem/Ribbons/Dione/FirstEvaOrbit
[LOG 11:04:34.184] Load Cached PNG Texture: RealSolarSystem/Ribbons/Dione/FirstEvaSpace
[LOG 11:04:34.184] Load Cached PNG Texture: RealSolarSystem/Ribbons/Dione/FirstLanding
[LOG 11:04:34.184] Load Cached PNG Texture: RealSolarSystem/Ribbons/Dione/FirstOrbitCapsule
[LOG 11:04:34.185] Load Cached PNG Texture: RealSolarSystem/Ribbons/Dione/FirstOrbitCapsuleDocked
[LOG 11:04:34.185] Load Cached PNG Texture: RealSolarSystem/Ribbons/Dione/FirstPlantFlag
[LOG 11:04:34.185] Load Cached PNG Texture: RealSolarSystem/Ribbons/Dione/FirstRover
[LOG 11:04:34.185] Load Cached PNG Texture: RealSolarSystem/Ribbons/Dione/Landing
[LOG 11:04:34.186] Load Cached PNG Texture: RealSolarSystem/Ribbons/Dione/OrbitCapsule
[LOG 11:04:34.186] Load Cached PNG Texture: RealSolarSystem/Ribbons/Dione/OrbitCapsuleDocked
[LOG 11:04:34.186] Load Cached PNG Texture: RealSolarSystem/Ribbons/Dione/PlantFlag
[LOG 11:04:34.186] Load Cached PNG Texture: RealSolarSystem/Ribbons/Dione/Rover
[LOG 11:04:34.187] Load Cached PNG Texture: RealSolarSystem/Ribbons/Dione/SphereOfInfluence
[LOG 11:04:34.187] Load Cached PNG Texture: RealSolarSystem/Ribbons/Earth/Atmosphere
[LOG 11:04:34.187] Load Cached PNG Texture: RealSolarSystem/Ribbons/Earth/DeepAtmosphere
[LOG 11:04:34.188] Load Cached PNG Texture: RealSolarSystem/Ribbons/Earth/EvaGround
[LOG 11:04:34.188] Load Cached PNG Texture: RealSolarSystem/Ribbons/Earth/EvaOrbit
[LOG 11:04:34.188] Load Cached PNG Texture: RealSolarSystem/Ribbons/Earth/EvaSpace
[LOG 11:04:34.189] Load Cached PNG Texture: RealSolarSystem/Ribbons/Earth/FirstAtmosphere
[LOG 11:04:34.189] Load Cached PNG Texture: RealSolarSystem/Ribbons/Earth/FirstEvaGround
[LOG 11:04:34.189] Load Cached PNG Texture: RealSolarSystem/Ribbons/Earth/FirstEvaOrbit
[LOG 11:04:34.189] Load Cached PNG Texture: RealSolarSystem/Ribbons/Earth/FirstEvaSpace
[LOG 11:04:34.190] Load Cached PNG Texture: RealSolarSystem/Ribbons/Earth/FirstLanding
[LOG 11:04:34.190] Load Cached PNG Texture: RealSolarSystem/Ribbons/Earth/FirstOrbitCapsule
[LOG 11:04:34.190] Load Cached PNG Texture: RealSolarSystem/Ribbons/Earth/FirstOrbitCapsuleDocked
[LOG 11:04:34.190] Load Cached PNG Texture: RealSolarSystem/Ribbons/Earth/FirstPlantFlag
[LOG 11:04:34.191] Load Cached PNG Texture: RealSolarSystem/Ribbons/Earth/FirstRover
[LOG 11:04:34.191] Load Cached PNG Texture: RealSolarSystem/Ribbons/Earth/Landing
[LOG 11:04:34.191] Load Cached PNG Texture: RealSolarSystem/Ribbons/Earth/OrbitCapsule
[LOG 11:04:34.191] Load Cached PNG Texture: RealSolarSystem/Ribbons/Earth/OrbitCapsuleDocked
[LOG 11:04:34.192] Load Cached PNG Texture: RealSolarSystem/Ribbons/Earth/PlantFlag
[LOG 11:04:34.192] Load Cached PNG Texture: RealSolarSystem/Ribbons/Earth/Rover
[LOG 11:04:34.192] Load Cached PNG Texture: RealSolarSystem/Ribbons/Earth/SphereOfInfluence
[LOG 11:04:34.192] Load Cached PNG Texture: RealSolarSystem/Ribbons/Enceladus/EvaGround
[LOG 11:04:34.193] Load Cached PNG Texture: RealSolarSystem/Ribbons/Enceladus/EvaOrbit
[LOG 11:04:34.196] Load Cached PNG Texture: RealSolarSystem/Ribbons/Enceladus/EvaSpace
[LOG 11:04:34.196] Load Cached PNG Texture: RealSolarSystem/Ribbons/Enceladus/FirstEvaGround
[LOG 11:04:34.197] Load Cached PNG Texture: RealSolarSystem/Ribbons/Enceladus/FirstEvaOrbit
[LOG 11:04:34.197] Load Cached PNG Texture: RealSolarSystem/Ribbons/Enceladus/FirstEvaSpace
[LOG 11:04:34.197] Load Cached PNG Texture: RealSolarSystem/Ribbons/Enceladus/FirstLanding
[LOG 11:04:34.197] Load Cached PNG Texture: RealSolarSystem/Ribbons/Enceladus/FirstOrbitCapsule
[LOG 11:04:34.197] Load Cached PNG Texture: RealSolarSystem/Ribbons/Enceladus/FirstOrbitCapsuleDocked
[LOG 11:04:34.197] Load Cached PNG Texture: RealSolarSystem/Ribbons/Enceladus/FirstPlantFlag
[LOG 11:04:34.199] Load Cached PNG Texture: RealSolarSystem/Ribbons/Enceladus/FirstRover
[LOG 11:04:34.199] Load Cached PNG Texture: RealSolarSystem/Ribbons/Enceladus/Landing
[LOG 11:04:34.199] Load Cached PNG Texture: RealSolarSystem/Ribbons/Enceladus/OrbitCapsule
[LOG 11:04:34.199] Load Cached PNG Texture: RealSolarSystem/Ribbons/Enceladus/OrbitCapsuleDocked
[LOG 11:04:34.200] Load Cached PNG Texture: RealSolarSystem/Ribbons/Enceladus/PlantFlag
[LOG 11:04:34.200] Load Cached PNG Texture: RealSolarSystem/Ribbons/Enceladus/Rover
[LOG 11:04:34.200] Load Cached PNG Texture: RealSolarSystem/Ribbons/Enceladus/SphereOfInfluence
[LOG 11:04:34.200] Load Cached PNG Texture: RealSolarSystem/Ribbons/Europa/EvaGround
[LOG 11:04:34.201] Load Cached PNG Texture: RealSolarSystem/Ribbons/Europa/EvaOrbit
[LOG 11:04:34.201] Load Cached PNG Texture: RealSolarSystem/Ribbons/Europa/EvaSpace
[LOG 11:04:34.202] Load Cached PNG Texture: RealSolarSystem/Ribbons/Europa/FirstEvaGround
[LOG 11:04:34.202] Load Cached PNG Texture: RealSolarSystem/Ribbons/Europa/FirstEvaOrbit
[LOG 11:04:34.202] Load Cached PNG Texture: RealSolarSystem/Ribbons/Europa/FirstEvaSpace
[LOG 11:04:34.203] Load Cached PNG Texture: RealSolarSystem/Ribbons/Europa/FirstLanding
[LOG 11:04:34.203] Load Cached PNG Texture: RealSolarSystem/Ribbons/Europa/FirstOrbitCapsule
[LOG 11:04:34.204] Load Cached PNG Texture: RealSolarSystem/Ribbons/Europa/FirstOrbitCapsuleDocked
[LOG 11:04:34.204] Load Cached PNG Texture: RealSolarSystem/Ribbons/Europa/FirstPlantFlag
[LOG 11:04:34.204] Load Cached PNG Texture: RealSolarSystem/Ribbons/Europa/FirstRover
[LOG 11:04:34.205] Load Cached PNG Texture: RealSolarSystem/Ribbons/Europa/Landing
[LOG 11:04:34.205] Load Cached PNG Texture: RealSolarSystem/Ribbons/Europa/OrbitCapsule
[LOG 11:04:34.205] Load Cached PNG Texture: RealSolarSystem/Ribbons/Europa/OrbitCapsuleDocked
[LOG 11:04:34.206] Load Cached PNG Texture: RealSolarSystem/Ribbons/Europa/PlantFlag
[LOG 11:04:34.209] Load Cached PNG Texture: RealSolarSystem/Ribbons/Europa/Rover
[LOG 11:04:34.209] Load Cached PNG Texture: RealSolarSystem/Ribbons/Europa/SphereOfInfluence
[LOG 11:04:34.209] Load Cached PNG Texture: RealSolarSystem/Ribbons/Ganymede/EvaGround
[LOG 11:04:34.209] Load Cached PNG Texture: RealSolarSystem/Ribbons/Ganymede/EvaOrbit
[LOG 11:04:34.209] Load Cached PNG Texture: RealSolarSystem/Ribbons/Ganymede/EvaSpace
[LOG 11:04:34.211] Load Cached PNG Texture: RealSolarSystem/Ribbons/Ganymede/FirstEvaGround
[LOG 11:04:34.211] Load Cached PNG Texture: RealSolarSystem/Ribbons/Ganymede/FirstEvaOrbit
[LOG 11:04:34.211] Load Cached PNG Texture: RealSolarSystem/Ribbons/Ganymede/FirstEvaSpace
[LOG 11:04:34.211] Load Cached PNG Texture: RealSolarSystem/Ribbons/Ganymede/FirstLanding
[LOG 11:04:34.212] Load Cached PNG Texture: RealSolarSystem/Ribbons/Ganymede/FirstOrbitCapsule
[LOG 11:04:34.212] Load Cached PNG Texture: RealSolarSystem/Ribbons/Ganymede/FirstOrbitCapsuleDocked
[LOG 11:04:34.212] Load Cached PNG Texture: RealSolarSystem/Ribbons/Ganymede/FirstPlantFlag
[LOG 11:04:34.213] Load Cached PNG Texture: RealSolarSystem/Ribbons/Ganymede/FirstRover
[LOG 11:04:34.213] Load Cached PNG Texture: RealSolarSystem/Ribbons/Ganymede/Landing
[LOG 11:04:34.213] Load Cached PNG Texture: RealSolarSystem/Ribbons/Ganymede/OrbitCapsule
[LOG 11:04:34.213] Load Cached PNG Texture: RealSolarSystem/Ribbons/Ganymede/OrbitCapsuleDocked
[LOG 11:04:34.213] Load Cached PNG Texture: RealSolarSystem/Ribbons/Ganymede/PlantFlag
[LOG 11:04:34.214] Load Cached PNG Texture: RealSolarSystem/Ribbons/Ganymede/Rover
[LOG 11:04:34.214] Load Cached PNG Texture: RealSolarSystem/Ribbons/Ganymede/SphereOfInfluence
[LOG 11:04:34.214] Load Cached PNG Texture: RealSolarSystem/Ribbons/Iapetus/EvaGround
[LOG 11:04:34.215] Load Cached PNG Texture: RealSolarSystem/Ribbons/Iapetus/EvaOrbit
[LOG 11:04:34.215] Load Cached PNG Texture: RealSolarSystem/Ribbons/Iapetus/EvaSpace
[LOG 11:04:34.215] Load Cached PNG Texture: RealSolarSystem/Ribbons/Iapetus/FirstEvaGround
[LOG 11:04:34.215] Load Cached PNG Texture: RealSolarSystem/Ribbons/Iapetus/FirstEvaOrbit
[LOG 11:04:34.216] Load Cached PNG Texture: RealSolarSystem/Ribbons/Iapetus/FirstEvaSpace
[LOG 11:04:34.216] Load Cached PNG Texture: RealSolarSystem/Ribbons/Iapetus/FirstLanding
[LOG 11:04:34.216] Load Cached PNG Texture: RealSolarSystem/Ribbons/Iapetus/FirstOrbitCapsule
[LOG 11:04:34.217] Load Cached PNG Texture: RealSolarSystem/Ribbons/Iapetus/FirstOrbitCapsuleDocked
[LOG 11:04:34.217] Load Cached PNG Texture: RealSolarSystem/Ribbons/Iapetus/FirstPlantFlag
[LOG 11:04:34.217] Load Cached PNG Texture: RealSolarSystem/Ribbons/Iapetus/FirstRover
[LOG 11:04:34.217] Load Cached PNG Texture: RealSolarSystem/Ribbons/Iapetus/Landing
[LOG 11:04:34.218] Load Cached PNG Texture: RealSolarSystem/Ribbons/Iapetus/OrbitCapsule
[LOG 11:04:34.218] Load Cached PNG Texture: RealSolarSystem/Ribbons/Iapetus/OrbitCapsuleDocked
[LOG 11:04:34.219] Load Cached PNG Texture: RealSolarSystem/Ribbons/Iapetus/PlantFlag
[LOG 11:04:34.219] Load Cached PNG Texture: RealSolarSystem/Ribbons/Iapetus/Rover
[LOG 11:04:34.219] Load Cached PNG Texture: RealSolarSystem/Ribbons/Iapetus/SphereOfInfluence
[LOG 11:04:34.219] Load Cached PNG Texture: RealSolarSystem/Ribbons/Io/EvaGround
[LOG 11:04:34.219] Load Cached PNG Texture: RealSolarSystem/Ribbons/Io/EvaOrbit
[LOG 11:04:34.219] Load Cached PNG Texture: RealSolarSystem/Ribbons/Io/EvaSpace
[LOG 11:04:34.221] Load Cached PNG Texture: RealSolarSystem/Ribbons/Io/FirstEvaGround
[LOG 11:04:34.221] Load Cached PNG Texture: RealSolarSystem/Ribbons/Io/FirstEvaOrbit
[LOG 11:04:34.221] Load Cached PNG Texture: RealSolarSystem/Ribbons/Io/FirstEvaSpace
[LOG 11:04:34.221] Load Cached PNG Texture: RealSolarSystem/Ribbons/Io/FirstLanding
[LOG 11:04:34.222] Load Cached PNG Texture: RealSolarSystem/Ribbons/Io/FirstOrbitCapsule
[LOG 11:04:34.222] Load Cached PNG Texture: RealSolarSystem/Ribbons/Io/FirstOrbitCapsuleDocked
[LOG 11:04:34.222] Load Cached PNG Texture: RealSolarSystem/Ribbons/Io/FirstPlantFlag
[LOG 11:04:34.222] Load Cached PNG Texture: RealSolarSystem/Ribbons/Io/FirstRover
[LOG 11:04:34.223] Load Cached PNG Texture: RealSolarSystem/Ribbons/Io/Landing
[LOG 11:04:34.223] Load Cached PNG Texture: RealSolarSystem/Ribbons/Io/OrbitCapsule
[LOG 11:04:34.223] Load Cached PNG Texture: RealSolarSystem/Ribbons/Io/OrbitCapsuleDocked
[LOG 11:04:34.224] Load Cached PNG Texture: RealSolarSystem/Ribbons/Io/PlantFlag
[LOG 11:04:34.224] Load Cached PNG Texture: RealSolarSystem/Ribbons/Io/Rover
[LOG 11:04:34.224] Load Cached PNG Texture: RealSolarSystem/Ribbons/Io/SphereOfInfluence
[LOG 11:04:34.224] Load Cached PNG Texture: RealSolarSystem/Ribbons/Jupiter/Atmosphere
[LOG 11:04:34.225] Load Cached PNG Texture: RealSolarSystem/Ribbons/Jupiter/DeepAtmosphere
[LOG 11:04:34.225] Load Cached PNG Texture: RealSolarSystem/Ribbons/Jupiter/EvaOrbit
[LOG 11:04:34.225] Load Cached PNG Texture: RealSolarSystem/Ribbons/Jupiter/EvaSpace
[LOG 11:04:34.226] Load Cached PNG Texture: RealSolarSystem/Ribbons/Jupiter/FirstAtmosphere
[LOG 11:04:34.226] Load Cached PNG Texture: RealSolarSystem/Ribbons/Jupiter/FirstEvaOrbit
[LOG 11:04:34.226] Load Cached PNG Texture: RealSolarSystem/Ribbons/Jupiter/FirstEvaSpace
[LOG 11:04:34.226] Load Cached PNG Texture: RealSolarSystem/Ribbons/Jupiter/FirstOrbitCapsule
[LOG 11:04:34.227] Load Cached PNG Texture: RealSolarSystem/Ribbons/Jupiter/FirstOrbitCapsuleDocked
[LOG 11:04:34.227] Load Cached PNG Texture: RealSolarSystem/Ribbons/Jupiter/OrbitCapsule
[LOG 11:04:34.227] Load Cached PNG Texture: RealSolarSystem/Ribbons/Jupiter/OrbitCapsuleDocked
[LOG 11:04:34.227] Load Cached PNG Texture: RealSolarSystem/Ribbons/Jupiter/SphereOfInfluence
[LOG 11:04:34.228] Load Cached PNG Texture: RealSolarSystem/Ribbons/Mars/Atmosphere
[LOG 11:04:34.228] Load Cached PNG Texture: RealSolarSystem/Ribbons/Mars/DeepAtmosphere
[LOG 11:04:34.228] Load Cached PNG Texture: RealSolarSystem/Ribbons/Mars/EvaGround
[LOG 11:04:34.229] Load Cached PNG Texture: RealSolarSystem/Ribbons/Mars/EvaOrbit
[LOG 11:04:34.229] Load Cached PNG Texture: RealSolarSystem/Ribbons/Mars/EvaSpace
[LOG 11:04:34.229] Load Cached PNG Texture: RealSolarSystem/Ribbons/Mars/FirstAtmosphere
[LOG 11:04:34.229] Load Cached PNG Texture: RealSolarSystem/Ribbons/Mars/FirstEvaGround
[LOG 11:04:34.229] Load Cached PNG Texture: RealSolarSystem/Ribbons/Mars/FirstEvaOrbit
[LOG 11:04:34.229] Load Cached PNG Texture: RealSolarSystem/Ribbons/Mars/FirstEvaSpace
[LOG 11:04:34.230] Load Cached PNG Texture: RealSolarSystem/Ribbons/Mars/FirstLanding
[LOG 11:04:34.230] Load Cached PNG Texture: RealSolarSystem/Ribbons/Mars/FirstOrbitCapsule
[LOG 11:04:34.231] Load Cached PNG Texture: RealSolarSystem/Ribbons/Mars/FirstOrbitCapsuleDocked
[LOG 11:04:34.231] Load Cached PNG Texture: RealSolarSystem/Ribbons/Mars/FirstPlantFlag
[LOG 11:04:34.231] Load Cached PNG Texture: RealSolarSystem/Ribbons/Mars/FirstRover
[LOG 11:04:34.235] Load Cached PNG Texture: RealSolarSystem/Ribbons/Mars/Landing
[LOG 11:04:34.235] Load Cached PNG Texture: RealSolarSystem/Ribbons/Mars/OrbitCapsule
[LOG 11:04:34.236] Load Cached PNG Texture: RealSolarSystem/Ribbons/Mars/OrbitCapsuleDocked
[LOG 11:04:34.236] Load Cached PNG Texture: RealSolarSystem/Ribbons/Mars/PlantFlag
[LOG 11:04:34.236] Load Cached PNG Texture: RealSolarSystem/Ribbons/Mars/Rover
[LOG 11:04:34.236] Load Cached PNG Texture: RealSolarSystem/Ribbons/Mars/SphereOfInfluence
[LOG 11:04:34.237] Load Cached PNG Texture: RealSolarSystem/Ribbons/Mercury/EvaGround
[LOG 11:04:34.237] Load Cached PNG Texture: RealSolarSystem/Ribbons/Mercury/EvaOrbit
[LOG 11:04:34.237] Load Cached PNG Texture: RealSolarSystem/Ribbons/Mercury/EvaSpace
[LOG 11:04:34.237] Load Cached PNG Texture: RealSolarSystem/Ribbons/Mercury/FirstEvaGround
[LOG 11:04:34.238] Load Cached PNG Texture: RealSolarSystem/Ribbons/Mercury/FirstEvaOrbit
[LOG 11:04:34.238] Load Cached PNG Texture: RealSolarSystem/Ribbons/Mercury/FirstEvaSpace
[LOG 11:04:34.238] Load Cached PNG Texture: RealSolarSystem/Ribbons/Mercury/FirstLanding
[LOG 11:04:34.238] Load Cached PNG Texture: RealSolarSystem/Ribbons/Mercury/FirstOrbitCapsule
[LOG 11:04:34.239] Load Cached PNG Texture: RealSolarSystem/Ribbons/Mercury/FirstOrbitCapsuleDocked
[LOG 11:04:34.239] Load Cached PNG Texture: RealSolarSystem/Ribbons/Mercury/FirstPlantFlag
[LOG 11:04:34.239] Load Cached PNG Texture: RealSolarSystem/Ribbons/Mercury/FirstRover
[LOG 11:04:34.239] Load Cached PNG Texture: RealSolarSystem/Ribbons/Mercury/Landing
[LOG 11:04:34.240] Load Cached PNG Texture: RealSolarSystem/Ribbons/Mercury/OrbitCapsule
[LOG 11:04:34.240] Load Cached PNG Texture: RealSolarSystem/Ribbons/Mercury/OrbitCapsuleDocked
[LOG 11:04:34.240] Load Cached PNG Texture: RealSolarSystem/Ribbons/Mercury/PlantFlag
[LOG 11:04:34.241] Load Cached PNG Texture: RealSolarSystem/Ribbons/Mercury/Rover
[LOG 11:04:34.241] Load Cached PNG Texture: RealSolarSystem/Ribbons/Mercury/SphereOfInfluence
[LOG 11:04:34.241] Load Cached PNG Texture: RealSolarSystem/Ribbons/Mimas/EvaGround
[LOG 11:04:34.241] Load Cached PNG Texture: RealSolarSystem/Ribbons/Mimas/EvaOrbit
[LOG 11:04:34.241] Load Cached PNG Texture: RealSolarSystem/Ribbons/Mimas/EvaSpace
[LOG 11:04:34.241] Load Cached PNG Texture: RealSolarSystem/Ribbons/Mimas/FirstEvaGround
[LOG 11:04:34.242] Load Cached PNG Texture: RealSolarSystem/Ribbons/Mimas/FirstEvaOrbit
[LOG 11:04:34.243] Load Cached PNG Texture: RealSolarSystem/Ribbons/Mimas/FirstEvaSpace
[LOG 11:04:34.243] Load Cached PNG Texture: RealSolarSystem/Ribbons/Mimas/FirstLanding
[LOG 11:04:34.243] Load Cached PNG Texture: RealSolarSystem/Ribbons/Mimas/FirstOrbitCapsule
[LOG 11:04:34.243] Load Cached PNG Texture: RealSolarSystem/Ribbons/Mimas/FirstOrbitCapsuleDocked
[LOG 11:04:34.243] Load Cached PNG Texture: RealSolarSystem/Ribbons/Mimas/FirstPlantFlag
[LOG 11:04:34.243] Load Cached PNG Texture: RealSolarSystem/Ribbons/Mimas/FirstRover
[LOG 11:04:34.244] Load Cached PNG Texture: RealSolarSystem/Ribbons/Mimas/Landing
[LOG 11:04:34.244] Load Cached PNG Texture: RealSolarSystem/Ribbons/Mimas/OrbitCapsule
[LOG 11:04:34.244] Load Cached PNG Texture: RealSolarSystem/Ribbons/Mimas/OrbitCapsuleDocked
[LOG 11:04:34.244] Load Cached PNG Texture: RealSolarSystem/Ribbons/Mimas/PlantFlag
[LOG 11:04:34.245] Load Cached PNG Texture: RealSolarSystem/Ribbons/Mimas/Rover
[LOG 11:04:34.245] Load Cached PNG Texture: RealSolarSystem/Ribbons/Mimas/SphereOfInfluence
[LOG 11:04:34.245] Load Cached PNG Texture: RealSolarSystem/Ribbons/Miranda/EvaGround
[LOG 11:04:34.246] Load Cached PNG Texture: RealSolarSystem/Ribbons/Miranda/EvaOrbit
[LOG 11:04:34.246] Load Cached PNG Texture: RealSolarSystem/Ribbons/Miranda/EvaSpace
[LOG 11:04:34.246] Load Cached PNG Texture: RealSolarSystem/Ribbons/Miranda/FirstEvaGround
[LOG 11:04:34.247] Load Cached PNG Texture: RealSolarSystem/Ribbons/Miranda/FirstEvaOrbit
[LOG 11:04:34.247] Load Cached PNG Texture: RealSolarSystem/Ribbons/Miranda/FirstEvaSpace
[LOG 11:04:34.247] Load Cached PNG Texture: RealSolarSystem/Ribbons/Miranda/FirstLanding
[LOG 11:04:34.247] Load Cached PNG Texture: RealSolarSystem/Ribbons/Miranda/FirstOrbitCapsule
[LOG 11:04:34.248] Load Cached PNG Texture: RealSolarSystem/Ribbons/Miranda/FirstOrbitCapsuleDocked
[LOG 11:04:34.248] Load Cached PNG Texture: RealSolarSystem/Ribbons/Miranda/FirstPlantFlag
[LOG 11:04:34.248] Load Cached PNG Texture: RealSolarSystem/Ribbons/Miranda/FirstRover
[LOG 11:04:34.248] Load Cached PNG Texture: RealSolarSystem/Ribbons/Miranda/Landing
[LOG 11:04:34.249] Load Cached PNG Texture: RealSolarSystem/Ribbons/Miranda/OrbitCapsule
[LOG 11:04:34.249] Load Cached PNG Texture: RealSolarSystem/Ribbons/Miranda/OrbitCapsuleDocked
[LOG 11:04:34.249] Load Cached PNG Texture: RealSolarSystem/Ribbons/Miranda/PlantFlag
[LOG 11:04:34.249] Load Cached PNG Texture: RealSolarSystem/Ribbons/Miranda/Rover
[LOG 11:04:34.249] Load Cached PNG Texture: RealSolarSystem/Ribbons/Miranda/SphereOfInfluence
[LOG 11:04:34.251] Load Cached PNG Texture: RealSolarSystem/Ribbons/Moon/EvaGround
[LOG 11:04:34.251] Load Cached PNG Texture: RealSolarSystem/Ribbons/Moon/EvaOrbit
[LOG 11:04:34.251] Load Cached PNG Texture: RealSolarSystem/Ribbons/Moon/EvaSpace
[LOG 11:04:34.252] Load Cached PNG Texture: RealSolarSystem/Ribbons/Moon/FirstEvaGround
[LOG 11:04:34.252] Load Cached PNG Texture: RealSolarSystem/Ribbons/Moon/FirstEvaOrbit
[LOG 11:04:34.252] Load Cached PNG Texture: RealSolarSystem/Ribbons/Moon/FirstEvaSpace
[LOG 11:04:34.252] Load Cached PNG Texture: RealSolarSystem/Ribbons/Moon/FirstLanding
[LOG 11:04:34.253] Load Cached PNG Texture: RealSolarSystem/Ribbons/Moon/FirstOrbitCapsule
[LOG 11:04:34.253] Load Cached PNG Texture: RealSolarSystem/Ribbons/Moon/FirstOrbitCapsuleDocked
[LOG 11:04:34.253] Load Cached PNG Texture: RealSolarSystem/Ribbons/Moon/FirstPlantFlag
[LOG 11:04:34.253] Load Cached PNG Texture: RealSolarSystem/Ribbons/Moon/FirstRover
[LOG 11:04:34.254] Load Cached PNG Texture: RealSolarSystem/Ribbons/Moon/Landing
[LOG 11:04:34.254] Load Cached PNG Texture: RealSolarSystem/Ribbons/Moon/OrbitCapsule
[LOG 11:04:34.254] Load Cached PNG Texture: RealSolarSystem/Ribbons/Moon/OrbitCapsuleDocked
[LOG 11:04:34.254] Load Cached PNG Texture: RealSolarSystem/Ribbons/Moon/PlantFlag
[LOG 11:04:34.255] Load Cached PNG Texture: RealSolarSystem/Ribbons/Moon/Rover
[LOG 11:04:34.255] Load Cached PNG Texture: RealSolarSystem/Ribbons/Moon/SphereOfInfluence
[LOG 11:04:34.255] Load Cached PNG Texture: RealSolarSystem/Ribbons/Neptune/Atmosphere
[LOG 11:04:34.256] Load Cached PNG Texture: RealSolarSystem/Ribbons/Neptune/DeepAtmosphere
[LOG 11:04:34.256] Load Cached PNG Texture: RealSolarSystem/Ribbons/Neptune/EvaOrbit
[LOG 11:04:34.256] Load Cached PNG Texture: RealSolarSystem/Ribbons/Neptune/EvaSpace
[LOG 11:04:34.256] Load Cached PNG Texture: RealSolarSystem/Ribbons/Neptune/FirstAtmosphere
[LOG 11:04:34.260] Load Cached PNG Texture: RealSolarSystem/Ribbons/Neptune/FirstEvaOrbit
[LOG 11:04:34.260] Load Cached PNG Texture: RealSolarSystem/Ribbons/Neptune/FirstEvaSpace
[LOG 11:04:34.261] Load Cached PNG Texture: RealSolarSystem/Ribbons/Neptune/FirstOrbitCapsule
[LOG 11:04:34.261] Load Cached PNG Texture: RealSolarSystem/Ribbons/Neptune/FirstOrbitCapsuleDocked
[LOG 11:04:34.261] Load Cached PNG Texture: RealSolarSystem/Ribbons/Neptune/OrbitCapsule
[LOG 11:04:34.261] Load Cached PNG Texture: RealSolarSystem/Ribbons/Neptune/OrbitCapsuleDocked
[LOG 11:04:34.261] Load Cached PNG Texture: RealSolarSystem/Ribbons/Neptune/SphereOfInfluence
[LOG 11:04:34.262] Load Cached PNG Texture: RealSolarSystem/Ribbons/Oberon/EvaGround
[LOG 11:04:34.262] Load Cached PNG Texture: RealSolarSystem/Ribbons/Oberon/EvaOrbit
[LOG 11:04:34.262] Load Cached PNG Texture: RealSolarSystem/Ribbons/Oberon/EvaSpace
[LOG 11:04:34.262] Load Cached PNG Texture: RealSolarSystem/Ribbons/Oberon/FirstEvaGround
[LOG 11:04:34.263] Load Cached PNG Texture: RealSolarSystem/Ribbons/Oberon/FirstEvaOrbit
[LOG 11:04:34.263] Load Cached PNG Texture: RealSolarSystem/Ribbons/Oberon/FirstEvaSpace
[LOG 11:04:34.263] Load Cached PNG Texture: RealSolarSystem/Ribbons/Oberon/FirstLanding
[LOG 11:04:34.263] Load Cached PNG Texture: RealSolarSystem/Ribbons/Oberon/FirstOrbitCapsule
[LOG 11:04:34.264] Load Cached PNG Texture: RealSolarSystem/Ribbons/Oberon/FirstOrbitCapsuleDocked
[LOG 11:04:34.264] Load Cached PNG Texture: RealSolarSystem/Ribbons/Oberon/FirstPlantFlag
[LOG 11:04:34.264] Load Cached PNG Texture: RealSolarSystem/Ribbons/Oberon/FirstRover
[LOG 11:04:34.265] Load Cached PNG Texture: RealSolarSystem/Ribbons/Oberon/Landing
[LOG 11:04:34.265] Load Cached PNG Texture: RealSolarSystem/Ribbons/Oberon/OrbitCapsule
[LOG 11:04:34.265] Load Cached PNG Texture: RealSolarSystem/Ribbons/Oberon/OrbitCapsuleDocked
[LOG 11:04:34.265] Load Cached PNG Texture: RealSolarSystem/Ribbons/Oberon/PlantFlag
[LOG 11:04:34.266] Load Cached PNG Texture: RealSolarSystem/Ribbons/Oberon/Rover
[LOG 11:04:34.266] Load Cached PNG Texture: RealSolarSystem/Ribbons/Oberon/SphereOfInfluence
[LOG 11:04:34.266] Load Cached PNG Texture: RealSolarSystem/Ribbons/Phobos/EvaGround
[LOG 11:04:34.267] Load Cached PNG Texture: RealSolarSystem/Ribbons/Phobos/EvaOrbit
[LOG 11:04:34.267] Load Cached PNG Texture: RealSolarSystem/Ribbons/Phobos/EvaSpace
[LOG 11:04:34.267] Load Cached PNG Texture: RealSolarSystem/Ribbons/Phobos/FirstEvaGround
[LOG 11:04:34.268] Load Cached PNG Texture: RealSolarSystem/Ribbons/Phobos/FirstEvaOrbit
[LOG 11:04:34.268] Load Cached PNG Texture: RealSolarSystem/Ribbons/Phobos/FirstEvaSpace
[LOG 11:04:34.268] Load Cached PNG Texture: RealSolarSystem/Ribbons/Phobos/FirstLanding
[LOG 11:04:34.268] Load Cached PNG Texture: RealSolarSystem/Ribbons/Phobos/FirstOrbitCapsule
[LOG 11:04:34.269] Load Cached PNG Texture: RealSolarSystem/Ribbons/Phobos/FirstOrbitCapsuleDocked
[LOG 11:04:34.269] Load Cached PNG Texture: RealSolarSystem/Ribbons/Phobos/FirstPlantFlag
[LOG 11:04:34.269] Load Cached PNG Texture: RealSolarSystem/Ribbons/Phobos/FirstRover
[LOG 11:04:34.269] Load Cached PNG Texture: RealSolarSystem/Ribbons/Phobos/Landing
[LOG 11:04:34.270] Load Cached PNG Texture: RealSolarSystem/Ribbons/Phobos/OrbitCapsule
[LOG 11:04:34.270] Load Cached PNG Texture: RealSolarSystem/Ribbons/Phobos/OrbitCapsuleDocked
[LOG 11:04:34.270] Load Cached PNG Texture: RealSolarSystem/Ribbons/Phobos/PlantFlag
[LOG 11:04:34.270] Load Cached PNG Texture: RealSolarSystem/Ribbons/Phobos/Rover
[LOG 11:04:34.271] Load Cached PNG Texture: RealSolarSystem/Ribbons/Phobos/SphereOfInfluence
[LOG 11:04:34.271] Load Cached PNG Texture: RealSolarSystem/Ribbons/Pluto/Atmosphere
[LOG 11:04:34.271] Load Cached PNG Texture: RealSolarSystem/Ribbons/Pluto/DeepAtmosphere
[LOG 11:04:34.271] Load Cached PNG Texture: RealSolarSystem/Ribbons/Pluto/EvaGround
[LOG 11:04:34.272] Load Cached PNG Texture: RealSolarSystem/Ribbons/Pluto/EvaOrbit
[LOG 11:04:34.272] Load Cached PNG Texture: RealSolarSystem/Ribbons/Pluto/EvaSpace
[LOG 11:04:34.272] Load Cached PNG Texture: RealSolarSystem/Ribbons/Pluto/FirstAtmosphere
[LOG 11:04:34.272] Load Cached PNG Texture: RealSolarSystem/Ribbons/Pluto/FirstEvaGround
[LOG 11:04:34.273] Load Cached PNG Texture: RealSolarSystem/Ribbons/Pluto/FirstEvaOrbit
[LOG 11:04:34.273] Load Cached PNG Texture: RealSolarSystem/Ribbons/Pluto/FirstEvaSpace
[LOG 11:04:34.273] Load Cached PNG Texture: RealSolarSystem/Ribbons/Pluto/FirstLanding
[LOG 11:04:34.273] Load Cached PNG Texture: RealSolarSystem/Ribbons/Pluto/FirstOrbitCapsule
[LOG 11:04:34.274] Load Cached PNG Texture: RealSolarSystem/Ribbons/Pluto/FirstOrbitCapsuleDocked
[LOG 11:04:34.274] Load Cached PNG Texture: RealSolarSystem/Ribbons/Pluto/FirstPlantFlag
[LOG 11:04:34.274] Load Cached PNG Texture: RealSolarSystem/Ribbons/Pluto/FirstRover
[LOG 11:04:34.274] Load Cached PNG Texture: RealSolarSystem/Ribbons/Pluto/Landing
[LOG 11:04:34.275] Load Cached PNG Texture: RealSolarSystem/Ribbons/Pluto/OrbitCapsule
[LOG 11:04:34.275] Load Cached PNG Texture: RealSolarSystem/Ribbons/Pluto/OrbitCapsuleDocked
[LOG 11:04:34.276] Load Cached PNG Texture: RealSolarSystem/Ribbons/Pluto/PlantFlag
[LOG 11:04:34.277] Load Cached PNG Texture: RealSolarSystem/Ribbons/Pluto/Rover
[LOG 11:04:34.277] Load Cached PNG Texture: RealSolarSystem/Ribbons/Pluto/SphereOfInfluence
[LOG 11:04:34.277] Load Cached PNG Texture: RealSolarSystem/Ribbons/Rhea/EvaGround
[LOG 11:04:34.277] Load Cached PNG Texture: RealSolarSystem/Ribbons/Rhea/EvaOrbit
[LOG 11:04:34.277] Load Cached PNG Texture: RealSolarSystem/Ribbons/Rhea/EvaSpace
[LOG 11:04:34.277] Load Cached PNG Texture: RealSolarSystem/Ribbons/Rhea/FirstEvaGround
[LOG 11:04:34.277] Load Cached PNG Texture: RealSolarSystem/Ribbons/Rhea/FirstEvaOrbit
[LOG 11:04:34.277] Load Cached PNG Texture: RealSolarSystem/Ribbons/Rhea/FirstEvaSpace
[LOG 11:04:34.278] Load Cached PNG Texture: RealSolarSystem/Ribbons/Rhea/FirstLanding
[LOG 11:04:34.278] Load Cached PNG Texture: RealSolarSystem/Ribbons/Rhea/FirstOrbitCapsule
[LOG 11:04:34.278] Load Cached PNG Texture: RealSolarSystem/Ribbons/Rhea/FirstOrbitCapsuleDocked
[LOG 11:04:34.279] Load Cached PNG Texture: RealSolarSystem/Ribbons/Rhea/FirstPlantFlag
[LOG 11:04:34.279] Load Cached PNG Texture: RealSolarSystem/Ribbons/Rhea/FirstRover
[LOG 11:04:34.279] Load Cached PNG Texture: RealSolarSystem/Ribbons/Rhea/Landing
[LOG 11:04:34.279] Load Cached PNG Texture: RealSolarSystem/Ribbons/Rhea/OrbitCapsule
[LOG 11:04:34.279] Load Cached PNG Texture: RealSolarSystem/Ribbons/Rhea/OrbitCapsuleDocked
[LOG 11:04:34.279] Load Cached PNG Texture: RealSolarSystem/Ribbons/Rhea/PlantFlag
[LOG 11:04:34.281] Load Cached PNG Texture: RealSolarSystem/Ribbons/Rhea/Rover
[LOG 11:04:34.281] Load Cached PNG Texture: RealSolarSystem/Ribbons/Rhea/SphereOfInfluence
[LOG 11:04:34.281] Load Cached PNG Texture: RealSolarSystem/Ribbons/Saturn/Atmosphere
[LOG 11:04:34.281] Load Cached PNG Texture: RealSolarSystem/Ribbons/Saturn/DeepAtmosphere
[LOG 11:04:34.282] Load Cached PNG Texture: RealSolarSystem/Ribbons/Saturn/EvaOrbit
[LOG 11:04:34.282] Load Cached PNG Texture: RealSolarSystem/Ribbons/Saturn/EvaSpace
[LOG 11:04:34.283] Load Cached PNG Texture: RealSolarSystem/Ribbons/Saturn/FirstAtmosphere
[LOG 11:04:34.283] Load Cached PNG Texture: RealSolarSystem/Ribbons/Saturn/FirstEvaOrbit
[LOG 11:04:34.284] Load Cached PNG Texture: RealSolarSystem/Ribbons/Saturn/FirstEvaSpace
[LOG 11:04:34.284] Load Cached PNG Texture: RealSolarSystem/Ribbons/Saturn/FirstOrbitCapsule
[LOG 11:04:34.288] Load Cached PNG Texture: RealSolarSystem/Ribbons/Saturn/FirstOrbitCapsuleDocked
[LOG 11:04:34.288] Load Cached PNG Texture: RealSolarSystem/Ribbons/Saturn/OrbitCapsule
[LOG 11:04:34.289] Load Cached PNG Texture: RealSolarSystem/Ribbons/Saturn/OrbitCapsuleDocked
[LOG 11:04:34.289] Load Cached PNG Texture: RealSolarSystem/Ribbons/Saturn/SphereOfInfluence
[LOG 11:04:34.289] Load Cached PNG Texture: RealSolarSystem/Ribbons/Sol/Atmosphere
[LOG 11:04:34.289] Load Cached PNG Texture: RealSolarSystem/Ribbons/Sol/CloserSolarOrbit
[LOG 11:04:34.290] Load Cached PNG Texture: RealSolarSystem/Ribbons/Sol/DeepAtmosphere
[LOG 11:04:34.290] Load Cached PNG Texture: RealSolarSystem/Ribbons/Sol/EvaOrbit
[LOG 11:04:34.290] Load Cached PNG Texture: RealSolarSystem/Ribbons/Sol/EvaSpace
[LOG 11:04:34.291] Load Cached PNG Texture: RealSolarSystem/Ribbons/Sol/FirstAtmosphere
[LOG 11:04:34.291] Load Cached PNG Texture: RealSolarSystem/Ribbons/Sol/FirstCloserSolarOrbit
[LOG 11:04:34.292] Load Cached PNG Texture: RealSolarSystem/Ribbons/Sol/FirstEvaOrbit
[LOG 11:04:34.292] Load Cached PNG Texture: RealSolarSystem/Ribbons/Sol/FirstEvaSpace
[LOG 11:04:34.292] Load Cached PNG Texture: RealSolarSystem/Ribbons/Sol/FirstOrbitCapsule
[LOG 11:04:34.292] Load Cached PNG Texture: RealSolarSystem/Ribbons/Sol/FirstOrbitCapsuleDocked
[LOG 11:04:34.293] Load Cached PNG Texture: RealSolarSystem/Ribbons/Sol/OrbitCapsule
[LOG 11:04:34.293] Load Cached PNG Texture: RealSolarSystem/Ribbons/Sol/OrbitCapsuleDocked
[LOG 11:04:34.293] Load Cached PNG Texture: RealSolarSystem/Ribbons/Sol/SphereOfInfluence
[LOG 11:04:34.293] Load Cached PNG Texture: RealSolarSystem/Ribbons/Tethys/EvaGround
[LOG 11:04:34.294] Load Cached PNG Texture: RealSolarSystem/Ribbons/Tethys/EvaOrbit
[LOG 11:04:34.294] Load Cached PNG Texture: RealSolarSystem/Ribbons/Tethys/EvaSpace
[LOG 11:04:34.294] Load Cached PNG Texture: RealSolarSystem/Ribbons/Tethys/FirstEvaGround
[LOG 11:04:34.295] Load Cached PNG Texture: RealSolarSystem/Ribbons/Tethys/FirstEvaOrbit
[LOG 11:04:34.295] Load Cached PNG Texture: RealSolarSystem/Ribbons/Tethys/FirstEvaSpace
[LOG 11:04:34.295] Load Cached PNG Texture: RealSolarSystem/Ribbons/Tethys/FirstLanding
[LOG 11:04:34.295] Load Cached PNG Texture: RealSolarSystem/Ribbons/Tethys/FirstOrbitCapsule
[LOG 11:04:34.296] Load Cached PNG Texture: RealSolarSystem/Ribbons/Tethys/FirstOrbitCapsuleDocked
[LOG 11:04:34.296] Load Cached PNG Texture: RealSolarSystem/Ribbons/Tethys/FirstPlantFlag
[LOG 11:04:34.296] Load Cached PNG Texture: RealSolarSystem/Ribbons/Tethys/FirstRover
[LOG 11:04:34.296] Load Cached PNG Texture: RealSolarSystem/Ribbons/Tethys/Landing
[LOG 11:04:34.297] Load Cached PNG Texture: RealSolarSystem/Ribbons/Tethys/OrbitCapsule
[LOG 11:04:34.297] Load Cached PNG Texture: RealSolarSystem/Ribbons/Tethys/OrbitCapsuleDocked
[LOG 11:04:34.297] Load Cached PNG Texture: RealSolarSystem/Ribbons/Tethys/PlantFlag
[LOG 11:04:34.297] Load Cached PNG Texture: RealSolarSystem/Ribbons/Tethys/Rover
[LOG 11:04:34.298] Load Cached PNG Texture: RealSolarSystem/Ribbons/Tethys/SphereOfInfluence
[LOG 11:04:34.298] Load Cached PNG Texture: RealSolarSystem/Ribbons/Titan/Atmosphere
[LOG 11:04:34.298] Load Cached PNG Texture: RealSolarSystem/Ribbons/Titan/DeepAtmosphere
[LOG 11:04:34.298] Load Cached PNG Texture: RealSolarSystem/Ribbons/Titan/EvaGround
[LOG 11:04:34.298] Load Cached PNG Texture: RealSolarSystem/Ribbons/Titan/EvaOrbit
[LOG 11:04:34.299] Load Cached PNG Texture: RealSolarSystem/Ribbons/Titan/EvaSpace
[LOG 11:04:34.299] Load Cached PNG Texture: RealSolarSystem/Ribbons/Titan/FirstAtmosphere
[LOG 11:04:34.299] Load Cached PNG Texture: RealSolarSystem/Ribbons/Titan/FirstEvaGround
[LOG 11:04:34.299] Load Cached PNG Texture: RealSolarSystem/Ribbons/Titan/FirstEvaOrbit
[LOG 11:04:34.300] Load Cached PNG Texture: RealSolarSystem/Ribbons/Titan/FirstEvaSpace
[LOG 11:04:34.300] Load Cached PNG Texture: RealSolarSystem/Ribbons/Titan/FirstLanding
[LOG 11:04:34.300] Load Cached PNG Texture: RealSolarSystem/Ribbons/Titan/FirstOrbitCapsule
[LOG 11:04:34.300] Load Cached PNG Texture: RealSolarSystem/Ribbons/Titan/FirstOrbitCapsuleDocked
[LOG 11:04:34.301] Load Cached PNG Texture: RealSolarSystem/Ribbons/Titan/FirstPlantFlag
[LOG 11:04:34.309] Load Cached PNG Texture: RealSolarSystem/Ribbons/Titan/FirstRover
[LOG 11:04:34.309] Load Cached PNG Texture: RealSolarSystem/Ribbons/Titan/Landing
[LOG 11:04:34.313] Load Cached PNG Texture: RealSolarSystem/Ribbons/Titan/OrbitCapsule
[LOG 11:04:34.313] Load Cached PNG Texture: RealSolarSystem/Ribbons/Titan/OrbitCapsuleDocked
[LOG 11:04:34.314] Load Cached PNG Texture: RealSolarSystem/Ribbons/Titan/PlantFlag
[LOG 11:04:34.314] Load Cached PNG Texture: RealSolarSystem/Ribbons/Titan/Rover
[LOG 11:04:34.314] Load Cached PNG Texture: RealSolarSystem/Ribbons/Titan/SphereOfInfluence
[LOG 11:04:34.315] Load Cached PNG Texture: RealSolarSystem/Ribbons/Titania/EvaGround
[LOG 11:04:34.315] Load Cached PNG Texture: RealSolarSystem/Ribbons/Titania/EvaOrbit
[LOG 11:04:34.315] Load Cached PNG Texture: RealSolarSystem/Ribbons/Titania/EvaSpace
[LOG 11:04:34.316] Load Cached PNG Texture: RealSolarSystem/Ribbons/Titania/FirstEvaGround
[LOG 11:04:34.316] Load Cached PNG Texture: RealSolarSystem/Ribbons/Titania/FirstEvaOrbit
[LOG 11:04:34.316] Load Cached PNG Texture: RealSolarSystem/Ribbons/Titania/FirstEvaSpace
[LOG 11:04:34.317] Load Cached PNG Texture: RealSolarSystem/Ribbons/Titania/FirstLanding
[LOG 11:04:34.317] Load Cached PNG Texture: RealSolarSystem/Ribbons/Titania/FirstOrbitCapsule
[LOG 11:04:34.318] Load Cached PNG Texture: RealSolarSystem/Ribbons/Titania/FirstOrbitCapsuleDocked
[LOG 11:04:34.318] Load Cached PNG Texture: RealSolarSystem/Ribbons/Titania/FirstPlantFlag
[LOG 11:04:34.318] Load Cached PNG Texture: RealSolarSystem/Ribbons/Titania/FirstRover
[LOG 11:04:34.319] Load Cached PNG Texture: RealSolarSystem/Ribbons/Titania/Landing
[LOG 11:04:34.319] Load Cached PNG Texture: RealSolarSystem/Ribbons/Titania/OrbitCapsule
[LOG 11:04:34.319] Load Cached PNG Texture: RealSolarSystem/Ribbons/Titania/OrbitCapsuleDocked
[LOG 11:04:34.319] Load Cached PNG Texture: RealSolarSystem/Ribbons/Titania/PlantFlag
[LOG 11:04:34.320] Load Cached PNG Texture: RealSolarSystem/Ribbons/Titania/Rover
[LOG 11:04:34.320] Load Cached PNG Texture: RealSolarSystem/Ribbons/Titania/SphereOfInfluence
[LOG 11:04:34.320] Load Cached PNG Texture: RealSolarSystem/Ribbons/Triton/Atmosphere
[LOG 11:04:34.321] Load Cached PNG Texture: RealSolarSystem/Ribbons/Triton/DeepAtmosphere
[LOG 11:04:34.322] Load Cached PNG Texture: RealSolarSystem/Ribbons/Triton/EvaGround
[LOG 11:04:34.322] Load Cached PNG Texture: RealSolarSystem/Ribbons/Triton/EvaOrbit
[LOG 11:04:34.322] Load Cached PNG Texture: RealSolarSystem/Ribbons/Triton/EvaSpace
[LOG 11:04:34.322] Load Cached PNG Texture: RealSolarSystem/Ribbons/Triton/FirstAtmosphere
[LOG 11:04:34.323] Load Cached PNG Texture: RealSolarSystem/Ribbons/Triton/FirstEvaGround
[LOG 11:04:34.323] Load Cached PNG Texture: RealSolarSystem/Ribbons/Triton/FirstEvaOrbit
[LOG 11:04:34.323] Load Cached PNG Texture: RealSolarSystem/Ribbons/Triton/FirstEvaSpace
[LOG 11:04:34.324] Load Cached PNG Texture: RealSolarSystem/Ribbons/Triton/FirstLanding
[LOG 11:04:34.324] Load Cached PNG Texture: RealSolarSystem/Ribbons/Triton/FirstOrbitCapsule
[LOG 11:04:34.324] Load Cached PNG Texture: RealSolarSystem/Ribbons/Triton/FirstOrbitCapsuleDocked
[LOG 11:04:34.325] Load Cached PNG Texture: RealSolarSystem/Ribbons/Triton/FirstPlantFlag
[LOG 11:04:34.325] Load Cached PNG Texture: RealSolarSystem/Ribbons/Triton/FirstRover
[LOG 11:04:34.325] Load Cached PNG Texture: RealSolarSystem/Ribbons/Triton/Landing
[LOG 11:04:34.325] Load Cached PNG Texture: RealSolarSystem/Ribbons/Triton/OrbitCapsule
[LOG 11:04:34.326] Load Cached PNG Texture: RealSolarSystem/Ribbons/Triton/OrbitCapsuleDocked
[LOG 11:04:34.326] Load Cached PNG Texture: RealSolarSystem/Ribbons/Triton/PlantFlag
[LOG 11:04:34.326] Load Cached PNG Texture: RealSolarSystem/Ribbons/Triton/Rover
[LOG 11:04:34.327] Load Cached PNG Texture: RealSolarSystem/Ribbons/Triton/SphereOfInfluence
[LOG 11:04:34.327] Load Cached PNG Texture: RealSolarSystem/Ribbons/Umbriel/EvaGround
[LOG 11:04:34.327] Load Cached PNG Texture: RealSolarSystem/Ribbons/Umbriel/EvaOrbit
[LOG 11:04:34.328] Load Cached PNG Texture: RealSolarSystem/Ribbons/Umbriel/EvaSpace
[LOG 11:04:34.328] Load Cached PNG Texture: RealSolarSystem/Ribbons/Umbriel/FirstEvaGround
[LOG 11:04:34.328] Load Cached PNG Texture: RealSolarSystem/Ribbons/Umbriel/FirstEvaOrbit
[LOG 11:04:34.329] Load Cached PNG Texture: RealSolarSystem/Ribbons/Umbriel/FirstEvaSpace
[LOG 11:04:34.329] Load Cached PNG Texture: RealSolarSystem/Ribbons/Umbriel/FirstLanding
[LOG 11:04:34.329] Load Cached PNG Texture: RealSolarSystem/Ribbons/Umbriel/FirstOrbitCapsule
[LOG 11:04:34.330] Load Cached PNG Texture: RealSolarSystem/Ribbons/Umbriel/FirstOrbitCapsuleDocked
[LOG 11:04:34.330] Load Cached PNG Texture: RealSolarSystem/Ribbons/Umbriel/FirstPlantFlag
[LOG 11:04:34.330] Load Cached PNG Texture: RealSolarSystem/Ribbons/Umbriel/FirstRover
[LOG 11:04:34.330] Load Cached PNG Texture: RealSolarSystem/Ribbons/Umbriel/Landing
[LOG 11:04:34.331] Load Cached PNG Texture: RealSolarSystem/Ribbons/Umbriel/OrbitCapsule
[LOG 11:04:34.331] Load Cached PNG Texture: RealSolarSystem/Ribbons/Umbriel/OrbitCapsuleDocked
[LOG 11:04:34.331] Load Cached PNG Texture: RealSolarSystem/Ribbons/Umbriel/PlantFlag
[LOG 11:04:34.332] Load Cached PNG Texture: RealSolarSystem/Ribbons/Umbriel/Rover
[LOG 11:04:34.332] Load Cached PNG Texture: RealSolarSystem/Ribbons/Umbriel/SphereOfInfluence
[LOG 11:04:34.332] Load Cached PNG Texture: RealSolarSystem/Ribbons/Uranus/Atmosphere
[LOG 11:04:34.333] Load Cached PNG Texture: RealSolarSystem/Ribbons/Uranus/DeepAtmosphere
[LOG 11:04:34.333] Load Cached PNG Texture: RealSolarSystem/Ribbons/Uranus/EvaOrbit
[LOG 11:04:34.333] Load Cached PNG Texture: RealSolarSystem/Ribbons/Uranus/EvaSpace
[LOG 11:04:34.334] Load Cached PNG Texture: RealSolarSystem/Ribbons/Uranus/FirstAtmosphere
[LOG 11:04:34.334] Load Cached PNG Texture: RealSolarSystem/Ribbons/Uranus/FirstEvaOrbit
[LOG 11:04:34.334] Load Cached PNG Texture: RealSolarSystem/Ribbons/Uranus/FirstEvaSpace
[LOG 11:04:34.334] Load Cached PNG Texture: RealSolarSystem/Ribbons/Uranus/FirstOrbitCapsule
[LOG 11:04:34.335] Load Cached PNG Texture: RealSolarSystem/Ribbons/Uranus/FirstOrbitCapsuleDocked
[LOG 11:04:34.335] Load Cached PNG Texture: RealSolarSystem/Ribbons/Uranus/OrbitCapsule
[LOG 11:04:34.335] Load Cached PNG Texture: RealSolarSystem/Ribbons/Uranus/OrbitCapsuleDocked
[LOG 11:04:34.336] Load Cached PNG Texture: RealSolarSystem/Ribbons/Uranus/SphereOfInfluence
[LOG 11:04:34.336] Load Cached PNG Texture: RealSolarSystem/Ribbons/Venus/Atmosphere
[LOG 11:04:34.336] Load Cached PNG Texture: RealSolarSystem/Ribbons/Venus/DeepAtmosphere
[LOG 11:04:34.340] Load Cached PNG Texture: RealSolarSystem/Ribbons/Venus/EvaGround
[LOG 11:04:34.341] Load Cached PNG Texture: RealSolarSystem/Ribbons/Venus/EvaOrbit
[LOG 11:04:34.341] Load Cached PNG Texture: RealSolarSystem/Ribbons/Venus/EvaSpace
[LOG 11:04:34.341] Load Cached PNG Texture: RealSolarSystem/Ribbons/Venus/FirstAtmosphere
[LOG 11:04:34.342] Load Cached PNG Texture: RealSolarSystem/Ribbons/Venus/FirstEvaGround
[LOG 11:04:34.342] Load Cached PNG Texture: RealSolarSystem/Ribbons/Venus/FirstEvaOrbit
[LOG 11:04:34.342] Load Cached PNG Texture: RealSolarSystem/Ribbons/Venus/FirstEvaSpace
[LOG 11:04:34.343] Load Cached PNG Texture: RealSolarSystem/Ribbons/Venus/FirstLanding
[LOG 11:04:34.343] Load Cached PNG Texture: RealSolarSystem/Ribbons/Venus/FirstOrbitCapsule
[LOG 11:04:34.343] Load Cached PNG Texture: RealSolarSystem/Ribbons/Venus/FirstOrbitCapsuleDocked
[LOG 11:04:34.343] Load Cached PNG Texture: RealSolarSystem/Ribbons/Venus/FirstPlantFlag
[LOG 11:04:34.344] Load Cached PNG Texture: RealSolarSystem/Ribbons/Venus/FirstRover
[LOG 11:04:34.344] Load Cached PNG Texture: RealSolarSystem/Ribbons/Venus/Landing
[LOG 11:04:34.345] Load Cached PNG Texture: RealSolarSystem/Ribbons/Venus/OrbitCapsule
[LOG 11:04:34.345] Load Cached PNG Texture: RealSolarSystem/Ribbons/Venus/OrbitCapsuleDocked
[LOG 11:04:34.345] Load Cached PNG Texture: RealSolarSystem/Ribbons/Venus/PlantFlag
[LOG 11:04:34.346] Load Cached PNG Texture: RealSolarSystem/Ribbons/Venus/Rover
[LOG 11:04:34.346] Load Cached PNG Texture: RealSolarSystem/Ribbons/Venus/SphereOfInfluence
[LOG 11:04:34.346] Load Cached PNG Texture: RealSolarSystem/Ribbons/Vesta/EvaGround
[LOG 11:04:34.347] Load Cached PNG Texture: RealSolarSystem/Ribbons/Vesta/EvaOrbit
[LOG 11:04:34.347] Load Cached PNG Texture: RealSolarSystem/Ribbons/Vesta/EvaSpace
[LOG 11:04:34.347] Load Cached PNG Texture: RealSolarSystem/Ribbons/Vesta/FirstEvaGround
[LOG 11:04:34.348] Load Cached PNG Texture: RealSolarSystem/Ribbons/Vesta/FirstEvaOrbit
[LOG 11:04:34.348] Load Cached PNG Texture: RealSolarSystem/Ribbons/Vesta/FirstEvaSpace
[LOG 11:04:34.348] Load Cached PNG Texture: RealSolarSystem/Ribbons/Vesta/FirstLanding
[LOG 11:04:34.349] Load Cached PNG Texture: RealSolarSystem/Ribbons/Vesta/FirstOrbitCapsule
[LOG 11:04:34.349] Load Cached PNG Texture: RealSolarSystem/Ribbons/Vesta/FirstOrbitCapsuleDocked
[LOG 11:04:34.349] Load Cached PNG Texture: RealSolarSystem/Ribbons/Vesta/FirstPlantFlag
[LOG 11:04:34.349] Load Cached PNG Texture: RealSolarSystem/Ribbons/Vesta/FirstRover
[LOG 11:04:34.349] Load Cached PNG Texture: RealSolarSystem/Ribbons/Vesta/Landing
[LOG 11:04:34.351] Load Cached PNG Texture: RealSolarSystem/Ribbons/Vesta/OrbitCapsule
[LOG 11:04:34.351] Load Cached PNG Texture: RealSolarSystem/Ribbons/Vesta/OrbitCapsuleDocked
[LOG 11:04:34.352] Load Cached PNG Texture: RealSolarSystem/Ribbons/Vesta/PlantFlag
[LOG 11:04:34.352] Load Cached PNG Texture: RealSolarSystem/Ribbons/Vesta/Rover
[LOG 11:04:34.352] Load Cached PNG Texture: RealSolarSystem/Ribbons/Vesta/SphereOfInfluence
[LOG 11:04:34.354] Load DDS texture: RSS-Textures/EarthColor
[LOG 11:04:34.359] Load DDS texture: RSS-Textures/Earth_NRM
[LOG 11:04:34.367] Load DDS texture: RSS-Textures/MoonColor
[LOG 11:04:34.369] Load DDS texture: RSS-Textures/Moon_NRM
[LOG 11:04:34.372] Load DDS texture: Squad/Agencies/C7AerospaceDivision
[LOG 11:04:34.372] Load TRUECOLOR texture: Squad/Agencies/C7AerospaceDivision_scaled
[LOG 11:04:34.373] Load DDS texture: Squad/Agencies/DinkelsteinKermansConstructionEmporium
[LOG 11:04:34.373] Load TRUECOLOR texture: Squad/Agencies/DinkelsteinKermansConstructionEmporium_scaled
[LOG 11:04:34.373] Load DDS texture: Squad/Agencies/ExperimentalEngineering
[LOG 11:04:34.373] Load TRUECOLOR texture: Squad/Agencies/ExperimentalEngineering_scaled
[LOG 11:04:34.373] Load DDS texture: Squad/Agencies/FlooydResearchLab
[LOG 11:04:34.374] Load TRUECOLOR texture: Squad/Agencies/FlooydResearchLab_scaled
[LOG 11:04:34.374] Load DDS texture: Squad/Agencies/GoliathNationalProducts
[LOG 11:04:34.374] Load TRUECOLOR texture: Squad/Agencies/GoliathNationalProducts_scaled
[LOG 11:04:34.374] Load DDS texture: Squad/Agencies/IntegratedIntegrals
[LOG 11:04:34.374] Load TRUECOLOR texture: Squad/Agencies/IntegratedIntegrals_scaled
[LOG 11:04:34.375] Load DDS texture: Squad/Agencies/IonicSymphonicProtonicElectronics
[LOG 11:04:34.375] Load TRUECOLOR texture: Squad/Agencies/IonicSymphonicProtonicElectronics_scaled
[LOG 11:04:34.375] Load DDS texture: Squad/Agencies/JebsJunkyard
[LOG 11:04:34.375] Load TRUECOLOR texture: Squad/Agencies/JebsJunkyard_scaled
[LOG 11:04:34.376] Load DDS texture: Squad/Agencies/KerbalMotion
[LOG 11:04:34.377] Load TRUECOLOR texture: Squad/Agencies/KerbalMotion_scaled
[LOG 11:04:34.377] Load DDS texture: Squad/Agencies/KerbinWorldFirstRecordKeepingSociety
[LOG 11:04:34.378] Load TRUECOLOR texture: Squad/Agencies/KerbinWorldFirstRecordKeepingSociety_scaled
[LOG 11:04:34.378] Load DDS texture: Squad/Agencies/Kerbodyne
[LOG 11:04:34.378] Load TRUECOLOR texture: Squad/Agencies/Kerbodyne_scaled
[LOG 11:04:34.378] Load DDS texture: Squad/Agencies/Kerlington
[LOG 11:04:34.378] Load TRUECOLOR texture: Squad/Agencies/Kerlington_scaled
[LOG 11:04:34.378] Load DDS texture: Squad/Agencies/MaxoConstructionToys
[LOG 11:04:34.378] Load TRUECOLOR texture: Squad/Agencies/MaxoConstructionToys_scaled
[LOG 11:04:34.379] Load DDS texture: Squad/Agencies/MovingPartsExpertsGroup
[LOG 11:04:34.379] Load TRUECOLOR texture: Squad/Agencies/MovingPartsExpertsGroup_scaled
[LOG 11:04:34.379] Load DDS texture: Squad/Agencies/OMBDemolition
[LOG 11:04:34.380] Load TRUECOLOR texture: Squad/Agencies/OMBDemolition_scaled
[LOG 11:04:34.380] Load DDS texture: Squad/Agencies/PeriapsisCo
[LOG 11:04:34.380] Load TRUECOLOR texture: Squad/Agencies/PeriapsisCo_scaled
[LOG 11:04:34.381] Load DDS texture: Squad/Agencies/Probodobodyne
[LOG 11:04:34.381] Load TRUECOLOR texture: Squad/Agencies/Probodobodyne_scaled
[LOG 11:04:34.381] Load DDS texture: Squad/Agencies/R&D
[LOG 11:04:34.381] Load TRUECOLOR texture: Squad/Agencies/R&D_scaled
[LOG 11:04:34.382] Load DDS texture: Squad/Agencies/ReactionSystemsLtd
[LOG 11:04:34.382] Load TRUECOLOR texture: Squad/Agencies/ReactionSystemsLtd_scaled
[LOG 11:04:34.382] Load DDS texture: Squad/Agencies/Rockomax
[LOG 11:04:34.383] Load TRUECOLOR texture: Squad/Agencies/Rockomax_scaled
[LOG 11:04:34.383] Load DDS texture: Squad/Agencies/Rokea
[LOG 11:04:34.383] Load TRUECOLOR texture: Squad/Agencies/Rokea_scaled
[LOG 11:04:34.383] Load DDS texture: Squad/Agencies/SeansCannery
[LOG 11:04:34.384] Load TRUECOLOR texture: Squad/Agencies/SeansCannery_scaled
[LOG 11:04:34.384] Load DDS texture: Squad/Agencies/SteadlerEngineeringCorps
[LOG 11:04:34.384] Load TRUECOLOR texture: Squad/Agencies/SteadlerEngineeringCorps_scaled
[LOG 11:04:34.385] Load DDS texture: Squad/Agencies/StrutCo
[LOG 11:04:34.385] Load TRUECOLOR texture: Squad/Agencies/StrutCo_scaled
[LOG 11:04:34.385] Load DDS texture: Squad/Agencies/Vac-Co
[LOG 11:04:34.385] Load TRUECOLOR texture: Squad/Agencies/Vac-Co_scaled
[LOG 11:04:34.386] Load DDS texture: Squad/Agencies/WinterOwl
[LOG 11:04:34.386] Load TRUECOLOR texture: Squad/Agencies/WinterOwl_scaled
[LOG 11:04:34.386] Load DDS texture: Squad/Agencies/ZaltonicElectronics
[LOG 11:04:34.386] Load TRUECOLOR texture: Squad/Agencies/ZaltonicElectronics_scaled
[LOG 11:04:34.387] Load Cached PNG Texture: Squad/Alarms/Icons/ap
[LOG 11:04:34.387] Load Cached PNG Texture: Squad/Alarms/Icons/default
[LOG 11:04:34.388] Load Cached PNG Texture: Squad/Alarms/Icons/maneuver
[LOG 11:04:34.388] Load Cached PNG Texture: Squad/Alarms/Icons/pe
[LOG 11:04:34.388] Load Cached PNG Texture: Squad/Alarms/Icons/raw
[LOG 11:04:34.389] Load Cached PNG Texture: Squad/Alarms/Icons/soi
[LOG 11:04:34.389] Load Cached PNG Texture: Squad/Alarms/Icons/xfer
[LOG 11:04:34.391] Load DDS texture: Squad/Contracts/Icons/balloon
[LOG 11:04:34.391] Load DDS texture: Squad/Contracts/Icons/custom
[LOG 11:04:34.391] Load DDS texture: Squad/Contracts/Icons/default
[LOG 11:04:34.395] Load DDS texture: Squad/Contracts/Icons/dish
[LOG 11:04:34.396] Load DDS texture: Squad/Contracts/Icons/eva
[LOG 11:04:34.396] Load DDS texture: Squad/Contracts/Icons/gravity
[LOG 11:04:34.396] Load Cached PNG Texture: Squad/Contracts/Icons/ksc
[LOG 11:04:34.396] Load DDS texture: Squad/Contracts/Icons/launchsite
[LOG 11:04:34.397] Load DDS texture: Squad/Contracts/Icons/marker
[LOG 11:04:34.397] Load DDS texture: Squad/Contracts/Icons/pressure
[LOG 11:04:34.398] Load DDS texture: Squad/Contracts/Icons/report
[LOG 11:04:34.398] Load DDS texture: Squad/Contracts/Icons/runway
[LOG 11:04:34.398] Load DDS texture: Squad/Contracts/Icons/sample
[LOG 11:04:34.399] Load DDS texture: Squad/Contracts/Icons/seismic
[LOG 11:04:34.399] Load DDS texture: Squad/Contracts/Icons/thermometer
[LOG 11:04:34.399] Load DDS texture: Squad/Contracts/Icons/vessel
[LOG 11:04:34.401] Load Cached PNG Texture: Squad/Flags/09
[LOG 11:04:34.402] Load Cached PNG Texture: Squad/Flags/blorbs
[LOG 11:04:34.403] Load Cached PNG Texture: Squad/Flags/bullseye
[LOG 11:04:34.405] Load Cached PNG Texture: Squad/Flags/capsule
[LOG 11:04:34.405] Load Cached PNG Texture: Squad/Flags/circles
[LOG 11:04:34.407] Load Cached PNG Texture: Squad/Flags/default
[LOG 11:04:34.408] Load Cached PNG Texture: Squad/Flags/hexagon
[LOG 11:04:34.410] Load Cached PNG Texture: Squad/Flags/hexagonCircles
[LOG 11:04:34.411] Load Cached PNG Texture: Squad/Flags/kerbal1
[LOG 11:04:34.416] Load Cached PNG Texture: Squad/Flags/kerbal2
[LOG 11:04:34.416] Load Cached PNG Texture: Squad/Flags/kerbin
[LOG 11:04:34.417] Load Cached PNG Texture: Squad/Flags/kerbinmunflag
[LOG 11:04:34.418] Load Cached PNG Texture: Squad/Flags/line
[LOG 11:04:34.418] Load Cached PNG Texture: Squad/Flags/minimalistic
[LOG 11:04:34.418] Load Cached PNG Texture: Squad/Flags/orbit
[LOG 11:04:34.419] Load Cached PNG Texture: Squad/Flags/orbs
[LOG 11:04:34.419] Load Cached PNG Texture: Squad/Flags/retro
[LOG 11:04:34.420] Load Cached PNG Texture: Squad/Flags/rings
[LOG 11:04:34.420] Load Cached PNG Texture: Squad/Flags/rocketScience
[LOG 11:04:34.421] Load Cached PNG Texture: Squad/Flags/satellite
[LOG 11:04:34.422] Load Cached PNG Texture: Squad/Flags/Sentinel_Flag
[LOG 11:04:34.422] Load Cached PNG Texture: Squad/Flags/spheres
[LOG 11:04:34.423] Load Cached PNG Texture: Squad/Flags/squadLogo
[LOG 11:04:34.423] Load Cached PNG Texture: Squad/Flags/squadLogo2
[LOG 11:04:34.424] Load Cached PNG Texture: Squad/Flags/stripes
[LOG 11:04:34.425] Load Cached PNG Texture: Squad/Flags/trees
[LOG 11:04:34.425] Load Cached PNG Texture: Squad/Flags/trippy
[LOG 11:04:34.425] Load Cached PNG Texture: Squad/FlagsAgency/esa_dark_blue
[LOG 11:04:34.426] Load Cached PNG Texture: Squad/FlagsAgency/NASA
[LOG 11:04:34.426] Load Cached PNG Texture: Squad/FlagsAgency/uk_space_agency
[LOG 11:04:34.427] Load Cached PNG Texture: Squad/FlagsOrganization/B612_Foundation_flag
[LOG 11:04:34.428] Load Cached PNG Texture: Squad/FlagsOrganization/electron
[LOG 11:04:34.428] Load Cached PNG Texture: Squad/FlagsOrganization/ESA_Arianespace
[LOG 11:04:34.428] Load Cached PNG Texture: Squad/FlagsOrganization/rocketlab
[LOG 11:04:34.429] Load DDS texture: Squad/FX/DiamondBlue
[LOG 11:04:34.429] Load DDS texture: Squad/FX/FlameBlueOrange
[LOG 11:04:34.429] Load DDS texture: Squad/FX/FlamePurple
[LOG 11:04:34.429] Load DDS texture: Squad/FX/FlameRed
[LOG 11:04:34.430] Load DDS texture: Squad/FX/FlameRedOrange
[LOG 11:04:34.430] Load DDS texture: Squad/FX/Monoprop
[LOG 11:04:34.430] Load DDS texture: Squad/FX/plasma2
[LOG 11:04:34.430] Load DDS texture: Squad/FX/rocketplume2
[LOG 11:04:34.430] Load DDS texture: Squad/FX/shockDiamond2
[LOG 11:04:34.431] Load DDS texture: Squad/FX/smokepuff1
[LOG 11:04:34.433] Load DDS texture: Squad/Interiors/Administration/AdminBuilding_Lvl1
[LOG 11:04:34.435] Load DDS texture: Squad/Interiors/Administration/AdminBuilding_Lvl2
[LOG 11:04:34.439] Load DDS texture: Squad/Interiors/Administration/AdminBuilding_Lvl3
[LOG 11:04:34.445] Load DDS texture: Squad/MenuProps/MunOrBust
[LOG 11:04:34.446] Load Cached PNG Texture: Squad/Missions/Banners/Fail/default
[LOG 11:04:34.446] Load PNG texture: Squad/Missions/Banners/Menu/default
[WRN 11:04:34.449] Texture isn't eligible for DXT compression, width and height must be multiples of 4
[LOG 11:04:34.449] Load Cached PNG Texture: Squad/Missions/Banners/Success/default
[LOG 11:04:34.449] Load PNG texture: Squad/Missions/ESA-BepiColombo/Banners/Fail/ESA_MB_Fail_01
[WRN 11:04:34.454] Texture isn't eligible for DXT compression, width and height must be multiples of 4
[LOG 11:04:34.454] Load PNG texture: Squad/Missions/ESA-BepiColombo/Banners/Menu/ESA_MB_Select_01
[WRN 11:04:34.457] Texture isn't eligible for DXT compression, width and height must be multiples of 4
[LOG 11:04:34.457] Load PNG texture: Squad/Missions/ESA-BepiColombo/Banners/Success/ESA_MB_Success_01
[WRN 11:04:34.460] Texture isn't eligible for DXT compression, width and height must be multiples of 4
[LOG 11:04:34.460] Load PNG texture: Squad/Missions/ESA-BepiColombo-Short/Banners/Fail/ESA_MB_Fail_01
[WRN 11:04:34.463] Texture isn't eligible for DXT compression, width and height must be multiples of 4
[LOG 11:04:34.464] Load PNG texture: Squad/Missions/ESA-BepiColombo-Short/Banners/Menu/ESA_MB_Select_01
[WRN 11:04:34.468] Texture isn't eligible for DXT compression, width and height must be multiples of 4
[LOG 11:04:34.468] Load PNG texture: Squad/Missions/ESA-BepiColombo-Short/Banners/Success/ESA_MB_Success_01
[WRN 11:04:34.472] Texture isn't eligible for DXT compression, width and height must be multiples of 4
[LOG 11:04:34.472] Load PNG texture: Squad/Missions/ESA-Rosetta/Banners/Fail/ESA_MB_Fail_02
[WRN 11:04:34.476] Texture isn't eligible for DXT compression, width and height must be multiples of 4
[LOG 11:04:34.476] Load PNG texture: Squad/Missions/ESA-Rosetta/Banners/Menu/ESA_MB_Select_02
[WRN 11:04:34.481] Texture isn't eligible for DXT compression, width and height must be multiples of 4
[LOG 11:04:34.482] Load PNG texture: Squad/Missions/ESA-Rosetta/Banners/Success/ESA_MB_Success_02
[WRN 11:04:34.486] Texture isn't eligible for DXT compression, width and height must be multiples of 4
[LOG 11:04:34.486] Load Cached PNG Texture: Squad/PartList/SimpleIcons/ablator
[LOG 11:04:34.486] Load Cached PNG Texture: Squad/PartList/SimpleIcons/active_radiator
[LOG 11:04:34.486] Load Cached PNG Texture: Squad/PartList/SimpleIcons/asteroid_drill
[LOG 11:04:34.486] Load Cached PNG Texture: Squad/PartList/SimpleIcons/cargo_part
[LOG 11:04:34.486] Load Cached PNG Texture: Squad/PartList/SimpleIcons/comet_drill
[LOG 11:04:34.486] Load Cached PNG Texture: Squad/PartList/SimpleIcons/core_heat
[LOG 11:04:34.486] Load Cached PNG Texture: Squad/PartList/SimpleIcons/cs_main
[LOG 11:04:34.486] Load Cached PNG Texture: Squad/PartList/SimpleIcons/cs_mk2
[LOG 11:04:34.486] Load Cached PNG Texture: Squad/PartList/SimpleIcons/cs_mk3
[LOG 11:04:34.486] Load Cached PNG Texture: Squad/PartList/SimpleIcons/cs_size0
[LOG 11:04:34.486] Load Cached PNG Texture: Squad/PartList/SimpleIcons/cs_size1
[LOG 11:04:34.486] Load Cached PNG Texture: Squad/PartList/SimpleIcons/cs_size1p5
[LOG 11:04:34.486] Load Cached PNG Texture: Squad/PartList/SimpleIcons/cs_size2
[LOG 11:04:34.486] Load Cached PNG Texture: Squad/PartList/SimpleIcons/cs_size3
[LOG 11:04:34.486] Load Cached PNG Texture: Squad/PartList/SimpleIcons/cs_size4
[LOG 11:04:34.486] Load Cached PNG Texture: Squad/PartList/SimpleIcons/cs_surface
[LOG 11:04:34.486] Load Cached PNG Texture: Squad/PartList/SimpleIcons/custom_built_fairing
[LOG 11:04:34.486] Load Cached PNG Texture: Squad/PartList/SimpleIcons/deployable_antenna
[LOG 11:04:34.486] Load Cached PNG Texture: Squad/PartList/SimpleIcons/deployable_comms_part
[LOG 11:04:34.486] Load Cached PNG Texture: Squad/PartList/SimpleIcons/deployable_ground_part
[LOG 11:04:34.487] Load Cached PNG Texture: Squad/PartList/SimpleIcons/deployable_part
[LOG 11:04:34.487] Load Cached PNG Texture: Squad/PartList/SimpleIcons/deployable_radiator
[LOG 11:04:34.487] Load Cached PNG Texture: Squad/PartList/SimpleIcons/deployed_science_control_unit
[LOG 11:04:34.487] Load Cached PNG Texture: Squad/PartList/SimpleIcons/deployed_science_experiment
[LOG 11:04:34.487] Load Cached PNG Texture: Squad/PartList/SimpleIcons/deployed_science_part
[LOG 11:04:34.487] Load Cached PNG Texture: Squad/PartList/SimpleIcons/enviro_sensor
[LOG 11:04:34.487] Load Cached PNG Texture: Squad/PartList/SimpleIcons/experience_management
[LOG 11:04:34.487] Load Cached PNG Texture: Squad/PartList/SimpleIcons/fuels_monopropellant
[LOG 11:04:34.487] Load Cached PNG Texture: Squad/PartList/SimpleIcons/fuels_ore
[LOG 11:04:34.487] Load Cached PNG Texture: Squad/PartList/SimpleIcons/fuels_oxidizer
[LOG 11:04:34.487] Load Cached PNG Texture: Squad/PartList/SimpleIcons/fuels_solidfuel
[LOG 11:04:34.487] Load Cached PNG Texture: Squad/PartList/SimpleIcons/fuels_xenongas
[LOG 11:04:34.487] Load Cached PNG Texture: Squad/PartList/SimpleIcons/inventory_part
[LOG 11:04:34.487] Load Cached PNG Texture: Squad/PartList/SimpleIcons/kerbnet_access
[LOG 11:04:34.487] Load Cached PNG Texture: Squad/PartList/SimpleIcons/number1
[LOG 11:04:34.487] Load Cached PNG Texture: Squad/PartList/SimpleIcons/number2
[LOG 11:04:34.487] Load Cached PNG Texture: Squad/PartList/SimpleIcons/number3
[LOG 11:04:34.487] Load Cached PNG Texture: Squad/PartList/SimpleIcons/number4
[LOG 11:04:34.487] Load Cached PNG Texture: Squad/PartList/SimpleIcons/number5
[LOG 11:04:34.487] Load Cached PNG Texture: Squad/PartList/SimpleIcons/number6
[LOG 11:04:34.487] Load Cached PNG Texture: Squad/PartList/SimpleIcons/number7
[LOG 11:04:34.487] Load Cached PNG Texture: Squad/PartList/SimpleIcons/number8
[LOG 11:04:34.487] Load Cached PNG Texture: Squad/PartList/SimpleIcons/number9
[LOG 11:04:34.487] Load Cached PNG Texture: Squad/PartList/SimpleIcons/probe_control_unit
[LOG 11:04:34.487] Load Cached PNG Texture: Squad/PartList/SimpleIcons/R&D_node_icon_advaerodynamics
[LOG 11:04:34.487] Load Cached PNG Texture: Squad/PartList/SimpleIcons/R&D_node_icon_advancedmotors
[LOG 11:04:34.487] Load Cached PNG Texture: Squad/PartList/SimpleIcons/R&D_node_icon_advconstruction
[LOG 11:04:34.487] Load Cached PNG Texture: Squad/PartList/SimpleIcons/R&D_node_icon_advelectrics
[LOG 11:04:34.487] Load Cached PNG Texture: Squad/PartList/SimpleIcons/R&D_node_icon_advexploration
[LOG 11:04:34.487] Load Cached PNG Texture: Squad/PartList/SimpleIcons/R&D_node_icon_advflightcontrol
[LOG 11:04:34.487] Load Cached PNG Texture: Squad/PartList/SimpleIcons/R&D_node_icon_advlanding
[LOG 11:04:34.487] Load Cached PNG Texture: Squad/PartList/SimpleIcons/R&D_node_icon_advmetalworks
[LOG 11:04:34.487] Load Cached PNG Texture: Squad/PartList/SimpleIcons/R&D_node_icon_advrocketry
[LOG 11:04:34.488] Load Cached PNG Texture: Squad/PartList/SimpleIcons/R&D_node_icon_advsciencetech
[LOG 11:04:34.488] Load Cached PNG Texture: Squad/PartList/SimpleIcons/R&D_node_icon_advunmanned
[LOG 11:04:34.488] Load Cached PNG Texture: Squad/PartList/SimpleIcons/R&D_node_icon_aerodynamicsystems
[LOG 11:04:34.488] Load Cached PNG Texture: Squad/PartList/SimpleIcons/R&D_node_icon_aerospacetech
[LOG 11:04:34.488] Load Cached PNG Texture: Squad/PartList/SimpleIcons/R&D_node_icon_automation
[LOG 11:04:34.488] Load Cached PNG Texture: Squad/PartList/SimpleIcons/R&D_node_icon_basicprobes
[LOG 11:04:34.488] Load Cached PNG Texture: Squad/PartList/SimpleIcons/R&D_node_icon_basicrocketry
[LOG 11:04:34.488] Load Cached PNG Texture: Squad/PartList/SimpleIcons/R&D_node_icon_composites
[LOG 11:04:34.488] Load Cached PNG Texture: Squad/PartList/SimpleIcons/R&D_node_icon_electrics
[LOG 11:04:34.488] Load Cached PNG Texture: Squad/PartList/SimpleIcons/R&D_node_icon_electronics
[LOG 11:04:34.488] Load Cached PNG Texture: Squad/PartList/SimpleIcons/R&D_node_icon_evatech
[LOG 11:04:34.488] Load Cached PNG Texture: Squad/PartList/SimpleIcons/R&D_node_icon_experimentalaerodynamics
[LOG 11:04:34.488] Load Cached PNG Texture: Squad/PartList/SimpleIcons/R&D_node_icon_experimentalelectrics
[LOG 11:04:34.488] Load Cached PNG Texture: Squad/PartList/SimpleIcons/R&D_node_icon_experimentalmotors
[LOG 11:04:34.488] Load Cached PNG Texture: Squad/PartList/SimpleIcons/R&D_node_icon_experimentalrocketry
[LOG 11:04:34.488] Load Cached PNG Texture: Squad/PartList/SimpleIcons/R&D_node_icon_experimentalscience
[LOG 11:04:34.488] Load Cached PNG Texture: Squad/PartList/SimpleIcons/R&D_node_icon_fieldscience
[LOG 11:04:34.488] Load Cached PNG Texture: Squad/PartList/SimpleIcons/R&D_node_icon_flightcontrol
[LOG 11:04:34.488] Load Cached PNG Texture: Squad/PartList/SimpleIcons/R&D_node_icon_fuelsystems
[LOG 11:04:34.488] Load Cached PNG Texture: Squad/PartList/SimpleIcons/R&D_node_icon_generalconstruction
[LOG 11:04:34.488] Load Cached PNG Texture: Squad/PartList/SimpleIcons/R&D_node_icon_generalrocketry
[LOG 11:04:34.488] Load Cached PNG Texture: Squad/PartList/SimpleIcons/R&D_node_icon_generic
[LOG 11:04:34.488] Load Cached PNG Texture: Squad/PartList/SimpleIcons/R&D_node_icon_heavierrocketry
[LOG 11:04:34.488] Load Cached PNG Texture: Squad/PartList/SimpleIcons/R&D_node_icon_heavyaerodynamics
[LOG 11:04:34.488] Load Cached PNG Texture: Squad/PartList/SimpleIcons/R&D_node_icon_heavyrocketry
[LOG 11:04:34.488] Load Cached PNG Texture: Squad/PartList/SimpleIcons/R&D_node_icon_highaltitudeflight
[LOG 11:04:34.488] Load Cached PNG Texture: Squad/PartList/SimpleIcons/R&D_node_icon_highaltitudepropulsion
[LOG 11:04:34.488] Load Cached PNG Texture: Squad/PartList/SimpleIcons/R&D_node_icon_hypersonicflight
[LOG 11:04:34.488] Load Cached PNG Texture: Squad/PartList/SimpleIcons/R&D_node_icon_ionpropulsion
[LOG 11:04:34.488] Load Cached PNG Texture: Squad/PartList/SimpleIcons/R&D_node_icon_landing
[LOG 11:04:34.488] Load Cached PNG Texture: Squad/PartList/SimpleIcons/R&D_node_icon_largecontrol
[LOG 11:04:34.488] Load Cached PNG Texture: Squad/PartList/SimpleIcons/R&D_node_icon_largeelectrics
[LOG 11:04:34.488] Load Cached PNG Texture: Squad/PartList/SimpleIcons/R&D_node_icon_largeprobes
[LOG 11:04:34.489] Load Cached PNG Texture: Squad/PartList/SimpleIcons/R&D_node_icon_metamaterials
[LOG 11:04:34.489] Load Cached PNG Texture: Squad/PartList/SimpleIcons/R&D_node_icon_nanolathing
[LOG 11:04:34.489] Load Cached PNG Texture: Squad/PartList/SimpleIcons/R&D_node_icon_nuclearpropulsion
[LOG 11:04:34.489] Load Cached PNG Texture: Squad/PartList/SimpleIcons/R&D_node_icon_precisionengineering
[LOG 11:04:34.489] Load Cached PNG Texture: Squad/PartList/SimpleIcons/R&D_node_icon_robotics
[LOG 11:04:34.489] Load Cached PNG Texture: Squad/PartList/SimpleIcons/R&D_node_icon_sciencetech
[LOG 11:04:34.489] Load Cached PNG Texture: Squad/PartList/SimpleIcons/R&D_node_icon_specializedconstruction
[LOG 11:04:34.489] Load Cached PNG Texture: Squad/PartList/SimpleIcons/R&D_node_icon_specializedcontrol
[LOG 11:04:34.489] Load Cached PNG Texture: Squad/PartList/SimpleIcons/R&D_node_icon_specializedelectrics
[LOG 11:04:34.489] Load Cached PNG Texture: Squad/PartList/SimpleIcons/R&D_node_icon_stability
[LOG 11:04:34.489] Load Cached PNG Texture: Squad/PartList/SimpleIcons/R&D_node_icon_start
[LOG 11:04:34.489] Load Cached PNG Texture: Squad/PartList/SimpleIcons/R&D_node_icon_supersonicflight
[LOG 11:04:34.489] Load Cached PNG Texture: Squad/PartList/SimpleIcons/R&D_node_icon_survivability
[LOG 11:04:34.489] Load Cached PNG Texture: Squad/PartList/SimpleIcons/R&D_node_icon_unmannedtech
[LOG 11:04:34.489] Load Cached PNG Texture: Squad/PartList/SimpleIcons/R&D_node_icon_veryheavyrocketry
[LOG 11:04:34.489] Load Cached PNG Texture: Squad/PartList/SimpleIcons/rcsfx
[LOG 11:04:34.489] Load Cached PNG Texture: Squad/PartList/SimpleIcons/RDicon_aerospaceTech2
[LOG 11:04:34.489] Load Cached PNG Texture: Squad/PartList/SimpleIcons/RDicon_commandmodules
[LOG 11:04:34.489] Load Cached PNG Texture: Squad/PartList/SimpleIcons/RDicon_fuelSystems-advanced
[LOG 11:04:34.489] Load Cached PNG Texture: Squad/PartList/SimpleIcons/RDicon_fuelSystems-highPerformance
[LOG 11:04:34.489] Load Cached PNG Texture: Squad/PartList/SimpleIcons/RDicon_largeVolumeContainment
[LOG 11:04:34.489] Load Cached PNG Texture: Squad/PartList/SimpleIcons/RDicon_miniaturization
[LOG 11:04:34.489] Load Cached PNG Texture: Squad/PartList/SimpleIcons/RDicon_propulsion-precision
[LOG 11:04:34.489] Load Cached PNG Texture: Squad/PartList/SimpleIcons/RDicon_propulsionSystems
[LOG 11:04:34.489] Load Cached PNG Texture: Squad/PartList/SimpleIcons/RDicon_telescope
[LOG 11:04:34.489] Load Cached PNG Texture: Squad/PartList/SimpleIcons/robotic_controller
[LOG 11:04:34.489] Load Cached PNG Texture: Squad/PartList/SimpleIcons/robotic_rotation_servo
[LOG 11:04:34.489] Load Cached PNG Texture: Squad/PartList/SimpleIcons/robotic_servo_hinge
[LOG 11:04:34.489] Load Cached PNG Texture: Squad/PartList/SimpleIcons/robotic_servo_piston
[LOG 11:04:34.489] Load Cached PNG Texture: Squad/PartList/SimpleIcons/robotic_servo_rotor
[LOG 11:04:34.490] Load Cached PNG Texture: Squad/PartList/SimpleIcons/scanner_arm
[LOG 11:04:34.490] Load Cached PNG Texture: Squad/PartList/SimpleIcons/variant
[LOG 11:04:34.490] Load Cached PNG Texture: Squad/Parts/@thumbs/adapterSmallMiniShort_icon0
[LOG 11:04:34.490] Load Cached PNG Texture: Squad/Parts/@thumbs/adapterSmallMiniShort_icon1
[LOG 11:04:34.490] Load Cached PNG Texture: Squad/Parts/@thumbs/adapterSmallMiniTall_icon0
[LOG 11:04:34.490] Load Cached PNG Texture: Squad/Parts/@thumbs/adapterSmallMiniTall_icon1
[LOG 11:04:34.490] Load Cached PNG Texture: Squad/Parts/@thumbs/AdvancedCanard_icon
[LOG 11:04:34.490] Load Cached PNG Texture: Squad/Parts/@thumbs/advSasModule_icon
[LOG 11:04:34.490] Load Cached PNG Texture: Squad/Parts/@thumbs/airbrake1_icon
[LOG 11:04:34.490] Load Cached PNG Texture: Squad/Parts/@thumbs/airScoop_icon
[LOG 11:04:34.490] Load Cached PNG Texture: Squad/Parts/@thumbs/avionicsNoseCone_icon
[LOG 11:04:34.490] Load Cached PNG Texture: Squad/Parts/@thumbs/basicFin_icon
[LOG 11:04:34.490] Load Cached PNG Texture: Squad/Parts/@thumbs/batteryBankLarge_icon
[LOG 11:04:34.490] Load Cached PNG Texture: Squad/Parts/@thumbs/batteryBankMini_icon
[LOG 11:04:34.490] Load Cached PNG Texture: Squad/Parts/@thumbs/batteryBank_icon
[LOG 11:04:34.490] Load Cached PNG Texture: Squad/Parts/@thumbs/batteryPack_icon
[LOG 11:04:34.490] Load Cached PNG Texture: Squad/Parts/@thumbs/cargoContainer_icon
[LOG 11:04:34.490] Load Cached PNG Texture: Squad/Parts/@thumbs/CircularIntake_icon
[LOG 11:04:34.490] Load Cached PNG Texture: Squad/Parts/@thumbs/commDish_icon
[LOG 11:04:34.490] Load Cached PNG Texture: Squad/Parts/@thumbs/Decoupler.0_icon0
[LOG 11:04:34.490] Load Cached PNG Texture: Squad/Parts/@thumbs/Decoupler.0_icon1
[LOG 11:04:34.490] Load Cached PNG Texture: Squad/Parts/@thumbs/Decoupler.1_icon0
[LOG 11:04:34.491] Load Cached PNG Texture: Squad/Parts/@thumbs/Decoupler.1_icon1
[LOG 11:04:34.491] Load Cached PNG Texture: Squad/Parts/@thumbs/dockingPort1_icon
[LOG 11:04:34.491] Load Cached PNG Texture: Squad/Parts/@thumbs/dockingPort2_icon
[LOG 11:04:34.491] Load Cached PNG Texture: Squad/Parts/@thumbs/dockingPort3_icon
[LOG 11:04:34.491] Load Cached PNG Texture: Squad/Parts/@thumbs/domeLight1_icon0
[LOG 11:04:34.491] Load Cached PNG Texture: Squad/Parts/@thumbs/domeLight1_icon1
[LOG 11:04:34.491] Load Cached PNG Texture: Squad/Parts/@thumbs/elevon2_icon
[LOG 11:04:34.491] Load Cached PNG Texture: Squad/Parts/@thumbs/elevon3_icon
[LOG 11:04:34.491] Load Cached PNG Texture: Squad/Parts/@thumbs/elevon5_icon
[LOG 11:04:34.491] Load Cached PNG Texture: Squad/Parts/@thumbs/evaChute_icon
[LOG 11:04:34.491] Load Cached PNG Texture: Squad/Parts/@thumbs/evaCylinder_icon
[LOG 11:04:34.491] Load Cached PNG Texture: Squad/Parts/@thumbs/evaJetpack_icon
[LOG 11:04:34.491] Load Cached PNG Texture: Squad/Parts/@thumbs/evaRepairKit_icon
[LOG 11:04:34.491] Load Cached PNG Texture: Squad/Parts/@thumbs/evaScienceKit_icon
[LOG 11:04:34.492] Load Cached PNG Texture: Squad/Parts/@thumbs/externalTankCapsule_icon0
[LOG 11:04:34.492] Load Cached PNG Texture: Squad/Parts/@thumbs/externalTankCapsule_icon1
[LOG 11:04:34.492] Load Cached PNG Texture: Squad/Parts/@thumbs/externalTankRound_icon0
[LOG 11:04:34.493] Load Cached PNG Texture: Squad/Parts/@thumbs/externalTankRound_icon1
[LOG 11:04:34.493] Load Cached PNG Texture: Squad/Parts/@thumbs/externalTankToroid_icon0
[LOG 11:04:34.493] Load Cached PNG Texture: Squad/Parts/@thumbs/externalTankToroid_icon1
[LOG 11:04:34.493] Load Cached PNG Texture: Squad/Parts/@thumbs/fireworksLauncherBig_icon
[LOG 11:04:34.494] Load Cached PNG Texture: Squad/Parts/@thumbs/fireworksLauncherSmall_icon
[LOG 11:04:34.494] Load Cached PNG Texture: Squad/Parts/@thumbs/foldingRadMed_icon
[LOG 11:04:34.494] Load Cached PNG Texture: Squad/Parts/@thumbs/foldingRadSmall_icon
[LOG 11:04:34.495] Load Cached PNG Texture: Squad/Parts/@thumbs/FuelCellArray_icon
[LOG 11:04:34.495] Load Cached PNG Texture: Squad/Parts/@thumbs/FuelCell_icon
[LOG 11:04:34.495] Load Cached PNG Texture: Squad/Parts/@thumbs/fuelTank.long_icon0
[LOG 11:04:34.495] Load Cached PNG Texture: Squad/Parts/@thumbs/fuelTankSmallFlat_icon0
[LOG 11:04:34.496] Load Cached PNG Texture: Squad/Parts/@thumbs/fuelTankSmallFlat_icon1
[LOG 11:04:34.496] Load Cached PNG Texture: Squad/Parts/@thumbs/fuelTankSmallFlat_icon2
[LOG 11:04:34.496] Load Cached PNG Texture: Squad/Parts/@thumbs/fuelTankSmallFlat_icon3
[LOG 11:04:34.497] Load Cached PNG Texture: Squad/Parts/@thumbs/fuelTankSmall_icon0
[LOG 11:04:34.497] Load Cached PNG Texture: Squad/Parts/@thumbs/fuelTankSmall_icon1
[LOG 11:04:34.497] Load Cached PNG Texture: Squad/Parts/@thumbs/fuelTankSmall_icon2
[LOG 11:04:34.498] Load Cached PNG Texture: Squad/Parts/@thumbs/fuelTankSmall_icon3
[LOG 11:04:34.498] Load Cached PNG Texture: Squad/Parts/@thumbs/GearFixed_icon
[LOG 11:04:34.498] Load Cached PNG Texture: Squad/Parts/@thumbs/GearFree_icon
[LOG 11:04:34.498] Load Cached PNG Texture: Squad/Parts/@thumbs/GearSmall_icon
[LOG 11:04:34.498] Load Cached PNG Texture: Squad/Parts/@thumbs/GooExperiment_icon
[LOG 11:04:34.498] Load Cached PNG Texture: Squad/Parts/@thumbs/groundAnchor_icon
[LOG 11:04:34.500] Load Cached PNG Texture: Squad/Parts/@thumbs/groundLight1_icon
[LOG 11:04:34.500] Load Cached PNG Texture: Squad/Parts/@thumbs/groundLight2_icon
[LOG 11:04:34.500] Load Cached PNG Texture: Squad/Parts/@thumbs/HeatShield0_icon
[LOG 11:04:34.500] Load Cached PNG Texture: Squad/Parts/@thumbs/HeatShield1_icon
[LOG 11:04:34.500] Load Cached PNG Texture: Squad/Parts/@thumbs/HECS2.ProbeCore_icon
[LOG 11:04:34.501] Load Cached PNG Texture: Squad/Parts/@thumbs/HighGainAntenna5.v2_icon
[LOG 11:04:34.502] Load Cached PNG Texture: Squad/Parts/@thumbs/HighGainAntenna5_icon
[LOG 11:04:34.502] Load Cached PNG Texture: Squad/Parts/@thumbs/HighGainAntenna_icon
[LOG 11:04:34.502] Load Cached PNG Texture: Squad/Parts/@thumbs/IntakeRadialLong_icon
[LOG 11:04:34.502] Load Cached PNG Texture: Squad/Parts/@thumbs/ionEngine_icon
[LOG 11:04:34.503] Load Cached PNG Texture: Squad/Parts/@thumbs/ISRU_icon
[LOG 11:04:34.503] Load Cached PNG Texture: Squad/Parts/@thumbs/ksp.r.largeBatteryPack_icon
[LOG 11:04:34.503] Load Cached PNG Texture: Squad/Parts/@thumbs/ladder1_icon
[LOG 11:04:34.504] Load Cached PNG Texture: Squad/Parts/@thumbs/landingLeg1-2_icon
[LOG 11:04:34.504] Load Cached PNG Texture: Squad/Parts/@thumbs/landingLeg1_icon
[LOG 11:04:34.504] Load Cached PNG Texture: Squad/Parts/@thumbs/largeSolarPanel_icon
[LOG 11:04:34.504] Load Cached PNG Texture: Squad/Parts/@thumbs/LargeTank_icon
[LOG 11:04:34.505] Load Cached PNG Texture: Squad/Parts/@thumbs/LgRadialSolarPanel_icon
[LOG 11:04:34.505] Load Cached PNG Texture: Squad/Parts/@thumbs/linearRcs_icon
[LOG 11:04:34.506] Load Cached PNG Texture: Squad/Parts/@thumbs/liquidEngine3.v2_icon0
[LOG 11:04:34.506] Load Cached PNG Texture: Squad/Parts/@thumbs/liquidEngine3.v2_icon1
[LOG 11:04:34.506] Load Cached PNG Texture: Squad/Parts/@thumbs/liquidEngine3.v2_icon2
[LOG 11:04:34.506] Load Cached PNG Texture: Squad/Parts/@thumbs/liquidEngineMini.v2_icon0
[LOG 11:04:34.507] Load Cached PNG Texture: Squad/Parts/@thumbs/liquidEngineMini.v2_icon1
[LOG 11:04:34.507] Load Cached PNG Texture: Squad/Parts/@thumbs/liquidEngineMini.v2_icon2
[LOG 11:04:34.507] Load Cached PNG Texture: Squad/Parts/@thumbs/longAntenna_icon
[LOG 11:04:34.508] Load Cached PNG Texture: Squad/Parts/@thumbs/Magnetometer_icon
[LOG 11:04:34.508] Load Cached PNG Texture: Squad/Parts/@thumbs/mediumDishAntenna_icon
[LOG 11:04:34.508] Load Cached PNG Texture: Squad/Parts/@thumbs/microEngine.v2_icon0
[LOG 11:04:34.508] Load Cached PNG Texture: Squad/Parts/@thumbs/microEngine.v2_icon1
[LOG 11:04:34.509] Load Cached PNG Texture: Squad/Parts/@thumbs/MiniDrill_icon
[LOG 11:04:34.509] Load Cached PNG Texture: Squad/Parts/@thumbs/miniFuelTank_icon
[LOG 11:04:34.509] Load Cached PNG Texture: Squad/Parts/@thumbs/miniFuselage_icon
[LOG 11:04:34.509] Load Cached PNG Texture: Squad/Parts/@thumbs/miniIntake_icon
[LOG 11:04:34.510] Load Cached PNG Texture: Squad/Parts/@thumbs/miniJetEngine_icon
[LOG 11:04:34.510] Load Cached PNG Texture: Squad/Parts/@thumbs/miniLandingLeg_icon
[LOG 11:04:34.510] Load Cached PNG Texture: Squad/Parts/@thumbs/Mite_icon
[LOG 11:04:34.511] Load Cached PNG Texture: Squad/Parts/@thumbs/MK1CrewCabin_icon
[LOG 11:04:34.511] Load Cached PNG Texture: Squad/Parts/@thumbs/mk1pod.v2_icon0
[LOG 11:04:34.512] Load Cached PNG Texture: Squad/Parts/@thumbs/mk2DroneCore_icon
[LOG 11:04:34.512] Load Cached PNG Texture: Squad/Parts/@thumbs/mk2LanderCabin.v2_icon0
[LOG 11:04:34.512] Load Cached PNG Texture: Squad/Parts/@thumbs/mk2LanderCabin.v2_icon1
[LOG 11:04:34.512] Load Cached PNG Texture: Squad/Parts/@thumbs/MpoProbe_icon
[LOG 11:04:34.512] Load Cached PNG Texture: Squad/Parts/@thumbs/navLight1_icon0
[LOG 11:04:34.513] Load Cached PNG Texture: Squad/Parts/@thumbs/navLight1_icon1
[LOG 11:04:34.513] Load Cached PNG Texture: Squad/Parts/@thumbs/noseCone_icon0
[LOG 11:04:34.513] Load Cached PNG Texture: Squad/Parts/@thumbs/noseCone_icon1
[LOG 11:04:34.514] Load Cached PNG Texture: Squad/Parts/@thumbs/noseCone_icon2
[LOG 11:04:34.514] Load Cached PNG Texture: Squad/Parts/@thumbs/omsEngine_icon
[LOG 11:04:34.514] Load Cached PNG Texture: Squad/Parts/@thumbs/OrbitalScanner_icon
[LOG 11:04:34.515] Load Cached PNG Texture: Squad/Parts/@thumbs/parachuteDrogue_icon
[LOG 11:04:34.515] Load Cached PNG Texture: Squad/Parts/@thumbs/parachuteLarge_icon
[LOG 11:04:34.515] Load Cached PNG Texture: Squad/Parts/@thumbs/parachuteRadial_icon
[LOG 11:04:34.516] Load Cached PNG Texture: Squad/Parts/@thumbs/parachuteSingle_icon
[LOG 11:04:34.516] Load Cached PNG Texture: Squad/Parts/@thumbs/probeCoreCube_icon
[LOG 11:04:34.516] Load Cached PNG Texture: Squad/Parts/@thumbs/probeCoreHex.v2_icon
[LOG 11:04:34.516] Load Cached PNG Texture: Squad/Parts/@thumbs/probeCoreOcto.v2_icon
[LOG 11:04:34.517] Load Cached PNG Texture: Squad/Parts/@thumbs/probeCoreOcto2.v2_icon
[LOG 11:04:34.518] Load Cached PNG Texture: Squad/Parts/@thumbs/probeCoreSphere.v2_icon
[LOG 11:04:34.518] Load Cached PNG Texture: Squad/Parts/@thumbs/probeStackLarge_icon
[LOG 11:04:34.519] Load Cached PNG Texture: Squad/Parts/@thumbs/probeStackSmall_icon
[LOG 11:04:34.519] Load Cached PNG Texture: Squad/Parts/@thumbs/R8winglet_icon
[LOG 11:04:34.521] Load Cached PNG Texture: Squad/Parts/@thumbs/radialDecoupler1-2_icon
[LOG 11:04:34.521] Load Cached PNG Texture: Squad/Parts/@thumbs/radialDecoupler2_icon
[LOG 11:04:34.522] Load Cached PNG Texture: Squad/Parts/@thumbs/radialDecoupler_icon
[LOG 11:04:34.522] Load Cached PNG Texture: Squad/Parts/@thumbs/RadialDrill_icon
[LOG 11:04:34.522] Load Cached PNG Texture: Squad/Parts/@thumbs/radialDrogue_icon
[LOG 11:04:34.523] Load Cached PNG Texture: Squad/Parts/@thumbs/radialEngineMini.v2_icon0
[LOG 11:04:34.523] Load Cached PNG Texture: Squad/Parts/@thumbs/radialEngineMini.v2_icon1
[LOG 11:04:34.523] Load Cached PNG Texture: Squad/Parts/@thumbs/radialLiquidEngine1-2_icon
[LOG 11:04:34.523] Load Cached PNG Texture: Squad/Parts/@thumbs/RadialOreTank_icon
[LOG 11:04:34.524] Load Cached PNG Texture: Squad/Parts/@thumbs/radialRCSTank_icon
[LOG 11:04:34.524] Load Cached PNG Texture: Squad/Parts/@thumbs/radPanelEdge_icon
[LOG 11:04:34.524] Load Cached PNG Texture: Squad/Parts/@thumbs/radPanelLg_icon
[LOG 11:04:34.525] Load Cached PNG Texture: Squad/Parts/@thumbs/radPanelSm_icon
[LOG 11:04:34.525] Load Cached PNG Texture: Squad/Parts/@thumbs/RCSblock.01.small_icon0
[LOG 11:04:34.525] Load Cached PNG Texture: Squad/Parts/@thumbs/RCSblock.01.small_icon1
[LOG 11:04:34.526] Load Cached PNG Texture: Squad/Parts/@thumbs/RCSblock.01.small_icon2
[LOG 11:04:34.526] Load Cached PNG Texture: Squad/Parts/@thumbs/RCSblock.01.small_icon3
[LOG 11:04:34.526] Load Cached PNG Texture: Squad/Parts/@thumbs/RCSblock.01.small_icon4
[LOG 11:04:34.526] Load Cached PNG Texture: Squad/Parts/@thumbs/RCSBlock.v2_icon
[LOG 11:04:34.527] Load Cached PNG Texture: Squad/Parts/@thumbs/RCSBlock.v2_icon0
[LOG 11:04:34.527] Load Cached PNG Texture: Squad/Parts/@thumbs/RCSBlock.v2_icon1
[LOG 11:04:34.527] Load Cached PNG Texture: Squad/Parts/@thumbs/RCSBlock.v2_icon2
[LOG 11:04:34.527] Load Cached PNG Texture: Squad/Parts/@thumbs/RCSBlock.v2_icon3
[LOG 11:04:34.528] Load Cached PNG Texture: Squad/Parts/@thumbs/RCSBlock.v2_icon4
[LOG 11:04:34.528] Load Cached PNG Texture: Squad/Parts/@thumbs/RCSFuelTank_icon
[LOG 11:04:34.528] Load Cached PNG Texture: Squad/Parts/@thumbs/RCSLinearSmall_icon
[LOG 11:04:34.529] Load Cached PNG Texture: Squad/Parts/@thumbs/rcsTankMini_icon
[LOG 11:04:34.529] Load Cached PNG Texture: Squad/Parts/@thumbs/RelayAntenna100_icon
[LOG 11:04:34.529] Load Cached PNG Texture: Squad/Parts/@thumbs/RelayAntenna50_icon
[LOG 11:04:34.529] Load Cached PNG Texture: Squad/Parts/@thumbs/RelayAntenna5_icon
[LOG 11:04:34.530] Load Cached PNG Texture: Squad/Parts/@thumbs/ReleaseValve_icon
[LOG 11:04:34.530] Load Cached PNG Texture: Squad/Parts/@thumbs/Rockomax32.BW_icon0
[LOG 11:04:34.530] Load Cached PNG Texture: Squad/Parts/@thumbs/roverBody.v2_icon0
[LOG 11:04:34.531] Load Cached PNG Texture: Squad/Parts/@thumbs/roverBody.v2_icon1
[LOG 11:04:34.531] Load Cached PNG Texture: Squad/Parts/@thumbs/roverBody.v2_icon2
[LOG 11:04:34.531] Load Cached PNG Texture: Squad/Parts/@thumbs/roverWheel1_icon
[LOG 11:04:34.531] Load Cached PNG Texture: Squad/Parts/@thumbs/roverWheel2_icon
[LOG 11:04:34.532] Load Cached PNG Texture: Squad/Parts/@thumbs/rtg_icon
[LOG 11:04:34.532] Load Cached PNG Texture: Squad/Parts/@thumbs/sasModule_icon
[LOG 11:04:34.532] Load Cached PNG Texture: Squad/Parts/@thumbs/science.module_icon
[LOG 11:04:34.533] Load Cached PNG Texture: Squad/Parts/@thumbs/ScienceBox_icon
[LOG 11:04:34.533] Load Cached PNG Texture: Squad/Parts/@thumbs/seatExternalCmd_icon
[LOG 11:04:34.533] Load Cached PNG Texture: Squad/Parts/@thumbs/sensorAccelerometer_icon
[LOG 11:04:34.533] Load Cached PNG Texture: Squad/Parts/@thumbs/sensorAtmosphere_icon
[LOG 11:04:34.534] Load Cached PNG Texture: Squad/Parts/@thumbs/sensorBarometer_icon
[LOG 11:04:34.534] Load Cached PNG Texture: Squad/Parts/@thumbs/sensorGravimeter_icon
[LOG 11:04:34.534] Load Cached PNG Texture: Squad/Parts/@thumbs/sensorThermometer_icon
[LOG 11:04:34.534] Load Cached PNG Texture: Squad/Parts/@thumbs/Separator.0_icon0
[LOG 11:04:34.535] Load Cached PNG Texture: Squad/Parts/@thumbs/Separator.0_icon1
[LOG 11:04:34.535] Load Cached PNG Texture: Squad/Parts/@thumbs/Separator.1_icon0
[LOG 11:04:34.535] Load Cached PNG Texture: Squad/Parts/@thumbs/Separator.1_icon1
[LOG 11:04:34.535] Load Cached PNG Texture: Squad/Parts/@thumbs/sepMotor1_icon
[LOG 11:04:34.536] Load Cached PNG Texture: Squad/Parts/@thumbs/ServiceBay.125.v2_icon
[LOG 11:04:34.536] Load Cached PNG Texture: Squad/Parts/@thumbs/shockConeIntake_icon
[LOG 11:04:34.536] Load Cached PNG Texture: Squad/Parts/@thumbs/Shrimp_icon
[LOG 11:04:34.536] Load Cached PNG Texture: Squad/Parts/@thumbs/Size3LargeTank_icon0
[LOG 11:04:34.537] Load Cached PNG Texture: Squad/Parts/@thumbs/Size3MediumTank_icon0
[LOG 11:04:34.537] Load Cached PNG Texture: Squad/Parts/@thumbs/smallCargoContainer_icon
[LOG 11:04:34.537] Load Cached PNG Texture: Squad/Parts/@thumbs/smallClaw_icon0
[LOG 11:04:34.537] Load Cached PNG Texture: Squad/Parts/@thumbs/smallClaw_icon1
[LOG 11:04:34.538] Load Cached PNG Texture: Squad/Parts/@thumbs/smallCtrlSrf_icon
[LOG 11:04:34.538] Load Cached PNG Texture: Squad/Parts/@thumbs/SmallGearBay_icon
[LOG 11:04:34.538] Load Cached PNG Texture: Squad/Parts/@thumbs/smallHardpoint_icon
[LOG 11:04:34.538] Load Cached PNG Texture: Squad/Parts/@thumbs/smallRadialEngine.v2_icon0
[LOG 11:04:34.539] Load Cached PNG Texture: Squad/Parts/@thumbs/smallRadialEngine.v2_icon1
[LOG 11:04:34.539] Load Cached PNG Texture: Squad/Parts/@thumbs/SmallTank_icon
[LOG 11:04:34.539] Load Cached PNG Texture: Squad/Parts/@thumbs/solarPanelOX10C_icon
[LOG 11:04:34.539] Load Cached PNG Texture: Squad/Parts/@thumbs/solarPanelOX10L_icon
[LOG 11:04:34.539] Load Cached PNG Texture: Squad/Parts/@thumbs/solarPanels1_icon
[LOG 11:04:34.541] Load Cached PNG Texture: Squad/Parts/@thumbs/solarPanels2_icon
[LOG 11:04:34.541] Load Cached PNG Texture: Squad/Parts/@thumbs/solarPanels3_icon
[LOG 11:04:34.541] Load Cached PNG Texture: Squad/Parts/@thumbs/solarPanels4_icon
[LOG 11:04:34.541] Load Cached PNG Texture: Squad/Parts/@thumbs/solarPanels5_icon
[LOG 11:04:34.542] Load Cached PNG Texture: Squad/Parts/@thumbs/solarPanelSP10C_icon
[LOG 11:04:34.542] Load Cached PNG Texture: Squad/Parts/@thumbs/solarPanelSP10L_icon
[LOG 11:04:34.542] Load Cached PNG Texture: Squad/Parts/@thumbs/spotLight1_icon
[LOG 11:04:34.543] Load Cached PNG Texture: Squad/Parts/@thumbs/spotLight2_icon
[LOG 11:04:34.543] Load Cached PNG Texture: Squad/Parts/@thumbs/spotLight3_icon0
[LOG 11:04:34.543] Load Cached PNG Texture: Squad/Parts/@thumbs/spotLight3_icon1
[LOG 11:04:34.544] Load Cached PNG Texture: Squad/Parts/@thumbs/stackPoint1_icon
[LOG 11:04:34.544] Load Cached PNG Texture: Squad/Parts/@thumbs/StandardCtrlSrf_icon
[LOG 11:04:34.544] Load Cached PNG Texture: Squad/Parts/@thumbs/standardNoseCone_icon
[LOG 11:04:34.544] Load Cached PNG Texture: Squad/Parts/@thumbs/stripLight1_icon0
[LOG 11:04:34.544] Load Cached PNG Texture: Squad/Parts/@thumbs/stripLight1_icon1
[LOG 11:04:34.545] Load Cached PNG Texture: Squad/Parts/@thumbs/structuralIBeam1_icon
[LOG 11:04:34.545] Load Cached PNG Texture: Squad/Parts/@thumbs/structuralIBeam3_icon
[LOG 11:04:34.545] Load Cached PNG Texture: Squad/Parts/@thumbs/structuralMiniNode_icon
[LOG 11:04:34.546] Load Cached PNG Texture: Squad/Parts/@thumbs/structuralPanel1_icon
[LOG 11:04:34.546] Load Cached PNG Texture: Squad/Parts/@thumbs/structuralPanel2_icon
[LOG 11:04:34.546] Load Cached PNG Texture: Squad/Parts/@thumbs/structuralWing4_icon
[LOG 11:04:34.546] Load Cached PNG Texture: Squad/Parts/@thumbs/strutCube_icon
[LOG 11:04:34.547] Load Cached PNG Texture: Squad/Parts/@thumbs/strutOcto_icon
[LOG 11:04:34.547] Load Cached PNG Texture: Squad/Parts/@thumbs/SurfaceScanner_icon
[LOG 11:04:34.547] Load Cached PNG Texture: Squad/Parts/@thumbs/SurfAntenna_icon
[LOG 11:04:34.548] Load Cached PNG Texture: Squad/Parts/@thumbs/telescopicLadderBay_icon
[LOG 11:04:34.549] Load Cached PNG Texture: Squad/Parts/@thumbs/telescopicLadder_icon
[LOG 11:04:34.549] Load Cached PNG Texture: Squad/Parts/@thumbs/toroidalAerospike_icon
[LOG 11:04:34.549] Load Cached PNG Texture: Squad/Parts/@thumbs/trussAdapter_icon
[LOG 11:04:34.549] Load Cached PNG Texture: Squad/Parts/@thumbs/trussPiece1x_icon
[LOG 11:04:34.549] Load Cached PNG Texture: Squad/Parts/@thumbs/trussPiece3x_icon
[LOG 11:04:34.549] Load Cached PNG Texture: Squad/Parts/@thumbs/vernierEngine_icon
[LOG 11:04:34.551] Load Cached PNG Texture: Squad/Parts/@thumbs/wheelMed_icon
[LOG 11:04:34.551] Load Cached PNG Texture: Squad/Parts/@thumbs/wingConnector4_icon
[LOG 11:04:34.551] Load Cached PNG Texture: Squad/Parts/@thumbs/wingConnector5_icon
[LOG 11:04:34.552] Load Cached PNG Texture: Squad/Parts/@thumbs/winglet3_icon
[LOG 11:04:34.555] Load Cached PNG Texture: Squad/Parts/@thumbs/winglet_icon
[LOG 11:04:34.556] Load Cached PNG Texture: Squad/Parts/@thumbs/wingShuttleElevon1_icon
[LOG 11:04:34.556] Load Cached PNG Texture: Squad/Parts/@thumbs/xenonTankLarge_icon
[LOG 11:04:34.556] Load Cached PNG Texture: Squad/Parts/@thumbs/xenonTankRadial_icon
[LOG 11:04:34.557] Load Cached PNG Texture: Squad/Parts/@thumbs/xenonTank_icon
[LOG 11:04:34.557] Load DDS texture: Squad/Parts/Aero/aerodynamicNoseCone/Rockomax_Adapters_diffuse
[LOG 11:04:34.557] Load DDS texture: Squad/Parts/Aero/aerodynamicNoseCone/Rockomax_Adapters_normal
[LOG 11:04:34.557] Load DDS texture: Squad/Parts/Aero/airbrake/airbrake
[LOG 11:04:34.558] Load DDS texture: Squad/Parts/Aero/airIntakeRadialXM-G50/RadialIntake
[LOG 11:04:34.559] Load DDS texture: Squad/Parts/Aero/airlinerWings/AirlinerWings
[LOG 11:04:34.563] Load DDS texture: Squad/Parts/Aero/airplaneFins/AirplaneFins
[LOG 11:04:34.565] Load DDS texture: Squad/Parts/Aero/basicFin/BasicFin
[LOG 11:04:34.565] Load DDS texture: Squad/Parts/Aero/circularIntake/CircluarIntakes
[LOG 11:04:34.565] Load DDS texture: Squad/Parts/Aero/circularIntake/CircluarIntakes_Heat
[LOG 11:04:34.565] Load DDS texture: Squad/Parts/Aero/cones/Assets/Cones
[LOG 11:04:34.565] Load DDS texture: Squad/Parts/Aero/cones/Assets/ConesDiffuse
[LOG 11:04:34.567] Load DDS texture: Squad/Parts/Aero/cones/Assets/ConesDiffuse_Orange
[LOG 11:04:34.569] Load DDS texture: Squad/Parts/Aero/cones/Assets/ConesDiffuse_White
[LOG 11:04:34.570] Load DDS texture: Squad/Parts/Aero/cones/Assets/ConesHeat
[LOG 11:04:34.571] Load DDS texture: Squad/Parts/Aero/cones/Assets/ConesHeat_Orange
[LOG 11:04:34.572] Load DDS texture: Squad/Parts/Aero/cones/Assets/ConesHeat_White
[LOG 11:04:34.574] Load DDS texture: Squad/Parts/Aero/cones/Assets/Cones_Heat
[LOG 11:04:34.574] Load Cached PNG Texture: Squad/Parts/Aero/cones/Assets/rocketNoseCones_O
[LOG 11:04:34.581] Load Cached PNG Texture: Squad/Parts/Aero/cones/Assets/rocketNoseCones_O_Normal
[LOG 11:04:34.585] Load DDS texture: Squad/Parts/Aero/cones/Assets/rocketNoseCones_W
[LOG 11:04:34.589] Load DDS texture: Squad/Parts/Aero/cones/Assets/Rockomax_Adapters_diffuse
[LOG 11:04:34.590] Load DDS texture: Squad/Parts/Aero/cones/Assets/Rockomax_Adapters_normal
[LOG 11:04:34.590] Load DDS texture: Squad/Parts/Aero/fairings/AutoTruss
[LOG 11:04:34.590] Load DDS texture: Squad/Parts/Aero/fairings/FairingBase
[LOG 11:04:34.590] Load DDS texture: Squad/Parts/Aero/fairings/FairingBaseNormals
[LOG 11:04:34.594] Load DDS texture: Squad/Parts/Aero/fairings/FairingBaseNormals_bw
[LOG 11:04:34.594] Load DDS texture: Squad/Parts/Aero/fairings/FairingBaseNormals_goldSilver
[LOG 11:04:34.594] Load DDS texture: Squad/Parts/Aero/fairings/FairingBaseNormals_orange
[LOG 11:04:34.595] Load Cached PNG Texture: Squad/Parts/Aero/fairings/FairingBase_black
[LOG 11:04:34.598] Load DDS texture: Squad/Parts/Aero/fairings/FairingBase_bw
[LOG 11:04:34.598] Load DDS texture: Squad/Parts/Aero/fairings/FairingBase_goldDiffuse
[LOG 11:04:34.598] Load DDS texture: Squad/Parts/Aero/fairings/FairingBase_goldSpecular
[LOG 11:04:34.598] Load DDS texture: Squad/Parts/Aero/fairings/FairingBase_orange
[LOG 11:04:34.598] Load DDS texture: Squad/Parts/Aero/fairings/FairingBase_silverDiffuse
[LOG 11:04:34.599] Load DDS texture: Squad/Parts/Aero/fairings/FairingBase_silverSpecular
[LOG 11:04:34.599] Load DDS texture: Squad/Parts/Aero/fairings/fairingsCap
[LOG 11:04:34.599] Load DDS texture: Squad/Parts/Aero/fairings/FairingsMat_silverSpecular
[LOG 11:04:34.604] Load DDS texture: Squad/Parts/Aero/fairings/fairings_diff
[LOG 11:04:34.604] Load DDS texture: Squad/Parts/Aero/fairings/fairings_diff_grey
[LOG 11:04:34.605] Load DDS texture: Squad/Parts/Aero/fairings/fairings_diff_orange
[LOG 11:04:34.605] Load DDS texture: Squad/Parts/Aero/fairings/fairings_grey_normals
[LOG 11:04:34.606] Load DDS texture: Squad/Parts/Aero/fairings/fairings_normals
[LOG 11:04:34.606] Load DDS texture: Squad/Parts/Aero/fairings/fairings_normals_silver
[LOG 11:04:34.606] Load DDS texture: Squad/Parts/Aero/fairings/fairings_orange_normals
[LOG 11:04:34.607] Load DDS texture: Squad/Parts/Aero/fairings/fairings_silverDiffuse
[LOG 11:04:34.607] Load DDS texture: Squad/Parts/Aero/HeatShield/Fairing
[LOG 11:04:34.607] Load DDS texture: Squad/Parts/Aero/HeatShield/heatshield
[LOG 11:04:34.607] Load DDS texture: Squad/Parts/Aero/InflatableHeatShield/HeatShield
[LOG 11:04:34.608] Load DDS texture: Squad/Parts/Aero/InflatableHeatShield/HeatShieldFairing
[LOG 11:04:34.615] Load DDS texture: Squad/Parts/Aero/InflatableHeatShield/HeatShield_NRM
[LOG 11:04:34.620] Load DDS texture: Squad/Parts/Aero/intakeRadialLong/Radial_long
[LOG 11:04:34.620] Load DDS texture: Squad/Parts/Aero/miniIntake/SmallIntake
[LOG 11:04:34.620] Load DDS texture: Squad/Parts/Aero/ramAirIntake/RampIntake
[LOG 11:04:34.620] Load DDS texture: Squad/Parts/Aero/ramAirIntake/RampIntake_Heat
[LOG 11:04:34.620] Load DDS texture: Squad/Parts/Aero/shuttleWings/ShuttleWings
[LOG 11:04:34.623] Load DDS texture: Squad/Parts/Aero/wingletAV-R8/model000
[LOG 11:04:34.624] Load DDS texture: Squad/Parts/Aero/wingletAV-R8/model001
[LOG 11:04:34.624] Load DDS texture: Squad/Parts/Aero/wingletAV-T1/model000
[LOG 11:04:34.625] Load DDS texture: Squad/Parts/Aero/wingletAV-T1/model001
[LOG 11:04:34.625] Load DDS texture: Squad/Parts/Aero/wingletDeltaDeluxe/model000
[LOG 11:04:34.625] Load DDS texture: Squad/Parts/Aero/wings/Wings
[LOG 11:04:34.626] Load DDS texture: Squad/Parts/Cargo/CargoContainers/cargoContainer_diff
[LOG 11:04:34.626] Load DDS texture: Squad/Parts/Cargo/CargoContainers/smallCargoContainer_diffuse
[LOG 11:04:34.627] Load DDS texture: Squad/Parts/Cargo/CargoContainers/smallCargoContainer_nrm
[LOG 11:04:34.627] Load DDS texture: Squad/Parts/Cargo/CargoContainers/smallCargoContainer_specular
[LOG 11:04:34.627] Load DDS texture: Squad/Parts/Cargo/Cylinder/EVAcylinder_diffuse
[LOG 11:04:34.634] Load DDS texture: Squad/Parts/Cargo/Cylinder/EVAcylinder_nrm
[LOG 11:04:34.634] Load DDS texture: Squad/Parts/Cargo/GroundAnchor/groundAnchor_diffuse
[LOG 11:04:34.634] Load DDS texture: Squad/Parts/Cargo/GroundAnchor/groundAnchor_nrm
[LOG 11:04:34.634] Load DDS texture: Squad/Parts/Cargo/Jetpack/EVAjetpack
[LOG 11:04:34.634] Load DDS texture: Squad/Parts/Cargo/Jetpack/EVAjetpackEmmisive
[LOG 11:04:34.635] Load DDS texture: Squad/Parts/Cargo/Jetpack/EVAjetpackNRM
[LOG 11:04:34.635] Load DDS texture: Squad/Parts/Cargo/Parachute/backpack_Diff
[LOG 11:04:34.639] Load DDS texture: Squad/Parts/Cargo/Parachute/backpack_NM
[LOG 11:04:34.643] Load DDS texture: Squad/Parts/Cargo/RepairKit/RepairKit_Diffuse
[LOG 11:04:34.645] Load DDS texture: Squad/Parts/Cargo/RepairKit/RepairKit_Normal
[LOG 11:04:34.645] Load DDS texture: Squad/Parts/Cargo/ScienceKit/ExperimentKit_Material_Diffuse
[LOG 11:04:34.647] Load DDS texture: Squad/Parts/Cargo/ScienceKit/ExperimentKit_Material_Emissive
[LOG 11:04:34.648] Load DDS texture: Squad/Parts/Cargo/ScienceKit/ExperimentKit_Material_Normal
[LOG 11:04:34.651] Load DDS texture: Squad/Parts/Cargo/StorageUnits/Assets/Cargo_Material_Diffuse
[LOG 11:04:34.655] Load DDS texture: Squad/Parts/Cargo/StorageUnits/Assets/Cargo_Material_Normal
[LOG 11:04:34.661] Load DDS texture: Squad/Parts/Command/advancedSasModuleLarge/model000
[LOG 11:04:34.662] Load DDS texture: Squad/Parts/Command/advancedSasModuleLarge/model001
[LOG 11:04:34.662] Load DDS texture: Squad/Parts/Command/cupola/cupola_Emissive
[LOG 11:04:34.662] Load DDS texture: Squad/Parts/Command/cupola/ksp_l_cupola_diff
[LOG 11:04:34.662] Load DDS texture: Squad/Parts/Command/cupola/ksp_l_cupola_normal
[LOG 11:04:34.663] Load DDS texture: Squad/Parts/Command/cupola/window
[LOG 11:04:34.664] Load DDS texture: Squad/Parts/Command/externalCommandSeat/model000
[LOG 11:04:34.665] Load DDS texture: Squad/Parts/Command/hitchhikerStorageContainer/cabin
[LOG 11:04:34.665] Load DDS texture: Squad/Parts/Command/hitchhikerStorageContainer/cabin_Illum
[LOG 11:04:34.666] Load DDS texture: Squad/Parts/Command/hitchhikerStorageContainer/cabin_n
[LOG 11:04:34.666] Load DDS texture: Squad/Parts/Command/hitchhikerStorageContainer/window
[LOG 11:04:34.667] Load DDS texture: Squad/Parts/Command/inlineAdvancedStabilizer/model000
[LOG 11:04:34.667] Load DDS texture: Squad/Parts/Command/inlineAdvancedStabilizer/model001
[LOG 11:04:34.667] Load DDS texture: Squad/Parts/Command/inlineReactionWheel/model000
[LOG 11:04:34.667] Load DDS texture: Squad/Parts/Command/inlineReactionWheel/model001
[LOG 11:04:34.667] Load DDS texture: Squad/Parts/Command/inlineReactionWheel/model002
[LOG 11:04:34.667] Load DDS texture: Squad/Parts/Command/Mk1-2Pod/mk 1-2 external shell Variant-Hatch
[LOG 11:04:34.668] Load DDS texture: Squad/Parts/Command/Mk1-3Pod/M1-3 Pod
[LOG 11:04:34.669] Load DDS texture: Squad/Parts/Command/Mk1-3Pod/M1-3 Pod_GLOW
[LOG 11:04:34.669] Load DDS texture: Squad/Parts/Command/mk1Cockpits/GLOW
[LOG 11:04:34.669] Load DDS texture: Squad/Parts/Command/mk1Cockpits/Mk1Cockpit
[LOG 11:04:34.671] Load DDS texture: Squad/Parts/Command/mk1LanderCan/ksp_s_landerCan_diff
[LOG 11:04:34.671] Load DDS texture: Squad/Parts/Command/mk1LanderCan/ksp_s_landerCan_normal
[LOG 11:04:34.671] Load DDS texture: Squad/Parts/Command/mk1LanderCan/ksp_s_landerCan_psd_illum
[LOG 11:04:34.671] Load DDS texture: Squad/Parts/Command/mk1pod/outer shell
[LOG 11:04:34.672] Load DDS texture: Squad/Parts/Command/mk1pod_v2/Mk1_v2
[LOG 11:04:34.673] Load DDS texture: Squad/Parts/Command/mk1pod_v2/Mk1_v2_GLOW
[LOG 11:04:34.673] Load DDS texture: Squad/Parts/Command/mk1pod_v2/Mk1_v2_GW
[LOG 11:04:34.674] Load DDS texture: Squad/Parts/Command/mk1pod_v2/Mk1_v2_N
[LOG 11:04:34.674] Load DDS texture: Squad/Parts/Command/mk1pod_v2/Mk1_v2_W
[LOG 11:04:34.675] Load DDS texture: Squad/Parts/Command/mk1pod_v2/Mk1_v2_W_N
[LOG 11:04:34.676] Load DDS texture: Squad/Parts/Command/mk2CockpitInline/Cockpit_inline_A
[LOG 11:04:34.678] Load DDS texture: Squad/Parts/Command/mk2CockpitInline/Cockpit_inline_Emissive
[LOG 11:04:34.678] Load DDS texture: Squad/Parts/Command/mk2CockpitInline/Cockpit_inline_normal
[LOG 11:04:34.679] Load DDS texture: Squad/Parts/Command/mk2CockpitStandard/Cockpit
[LOG 11:04:34.680] Load DDS texture: Squad/Parts/Command/mk2CockpitStandard/Cockpit_Lum
[LOG 11:04:34.680] Load DDS texture: Squad/Parts/Command/mk2CockpitStandard/Cockpit_NRM
[LOG 11:04:34.682] Load DDS texture: Squad/Parts/Command/mk2DroneCore/mk2Dronecore
[LOG 11:04:34.684] Load DDS texture: Squad/Parts/Command/mk2LanderCan/Illum
[LOG 11:04:34.685] Load DDS texture: Squad/Parts/Command/mk2LanderCan/ladder
[LOG 11:04:34.685] Load DDS texture: Squad/Parts/Command/mk2LanderCan/outershell
[LOG 11:04:34.685] Load DDS texture: Squad/Parts/Command/mk2LanderCan/outershell_n
[LOG 11:04:34.686] Load DDS texture: Squad/Parts/Command/mk2LanderCan/window
[LOG 11:04:34.686] Load DDS texture: Squad/Parts/Command/mk2LanderCan_v2/Mk2Can
[LOG 11:04:34.691] Load DDS texture: Squad/Parts/Command/mk2LanderCan_v2/Mk2Can_glow
[LOG 11:04:34.695] Load DDS texture: Squad/Parts/Command/mk3CockpitShuttle/Mk3CockpitShuttle
[LOG 11:04:34.699] Load DDS texture: Squad/Parts/Command/mk3CockpitShuttle/Mk3CockpitShuttle_LUM
[LOG 11:04:34.699] Load DDS texture: Squad/Parts/Command/MpoProbe/MpoProbe_diffuse
[LOG 11:04:34.699] Load DDS texture: Squad/Parts/Command/MpoProbe/MpoProbe_nrm
[LOG 11:04:34.703] Load DDS texture: Squad/Parts/Command/MpoProbe/MpoProbe_specular
[LOG 11:04:34.704] Load DDS texture: Squad/Parts/Command/MtmStage/mtmStage_diffuse
[LOG 11:04:34.705] Load DDS texture: Squad/Parts/Command/MtmStage/mtmStage_nrm
[LOG 11:04:34.706] Load DDS texture: Squad/Parts/Command/MtmStage/mtmStage_specular
[LOG 11:04:34.707] Load DDS texture: Squad/Parts/Command/probeCoreCube/QBE_New_diffuse
[LOG 11:04:34.708] Load Cached PNG Texture: Squad/Parts/Command/probeCoreCube/QBE_New_NRM
[LOG 11:04:34.709] Load DDS texture: Squad/Parts/Command/probeCoreCube/QBE_New_specular
[LOG 11:04:34.710] Load DDS texture: Squad/Parts/Command/probeCoreHex/ksp_m_hexProbe_diff
[LOG 11:04:34.711] Load DDS texture: Squad/Parts/Command/probeCoreHex/ksp_m_hexProbe_normal
[LOG 11:04:34.711] Load DDS texture: Squad/Parts/Command/probeCoreHex_v2/hecsDiffuse
[LOG 11:04:34.711] Load DDS texture: Squad/Parts/Command/probeCoreHex_v2/hecsNormal
[LOG 11:04:34.711] Load DDS texture: Squad/Parts/Command/probeCoreOcto2_v2/octoDiffuse
[LOG 11:04:34.712] Load DDS texture: Squad/Parts/Command/probeCoreOcto2_v2/octoNormal
[LOG 11:04:34.712] Load DDS texture: Squad/Parts/Command/probeCoreOcto2_v2/octoSpecular
[LOG 11:04:34.712] Load DDS texture: Squad/Parts/Command/probeCoreOcto_v2/octoDiffuse
[LOG 11:04:34.712] Load DDS texture: Squad/Parts/Command/probeCoreOcto_v2/octoNormal
[LOG 11:04:34.714] Load DDS texture: Squad/Parts/Command/probeCoreOcto_v2/octoSpecular
[LOG 11:04:34.714] Load DDS texture: Squad/Parts/Command/probeRoverBody/model000
[LOG 11:04:34.714] Load DDS texture: Squad/Parts/Command/probeRoverBody/model001
[LOG 11:04:34.714] Load DDS texture: Squad/Parts/Command/probeRoverBody_v2/probeRoverBody_v2_gold_diffuse
[LOG 11:04:34.715] Load Cached PNG Texture: Squad/Parts/Command/probeRoverBody_v2/probeRoverBody_v2_gold_NRM
[LOG 11:04:34.716] Load DDS texture: Squad/Parts/Command/probeRoverBody_v2/probeRoverBody_v2_gold_specular
[LOG 11:04:34.719] Load DDS texture: Squad/Parts/Command/probeRoverBody_v2/probeRoverBody_v2_silver_diffuse
[LOG 11:04:34.720] Load Cached PNG Texture: Squad/Parts/Command/probeRoverBody_v2/probeRoverBody_v2_silver_NRM
[LOG 11:04:34.721] Load DDS texture: Squad/Parts/Command/probeRoverBody_v2/probeRoverBody_v2_silver_specular
[LOG 11:04:34.723] Load DDS texture: Squad/Parts/Command/probeRoverBody_v2/QBE_New_diffuse
[LOG 11:04:34.723] Load DDS texture: Squad/Parts/Command/probeRoverBody_v2/QBE_New_NRM
[LOG 11:04:34.723] Load DDS texture: Squad/Parts/Command/probeRoverBody_v2/QBE_New_specular
[LOG 11:04:34.723] Load DDS texture: Squad/Parts/Command/probeStackLarge/model000
[LOG 11:04:34.724] Load DDS texture: Squad/Parts/Command/probeStackLarge/model001
[LOG 11:04:34.725] Load DDS texture: Squad/Parts/Command/probeStackSmall/model000
[LOG 11:04:34.725] Load DDS texture: Squad/Parts/Command/probeStackSmall/model001
[LOG 11:04:34.726] Load DDS texture: Squad/Parts/Command/probeStackSphere_v2/probeStackSphere_diffuse
[LOG 11:04:34.727] Load DDS texture: Squad/Parts/Command/probeStackSphere_v2/probeStackSphere_normal
[LOG 11:04:34.728] Load DDS texture: Squad/Parts/Command/probeStackSphere_v2/probeStackSphere_specular
[LOG 11:04:34.728] Load Cached PNG Texture: Squad/Parts/CompoundParts/@thumbs/fuelLine_icon0
[LOG 11:04:34.728] Load Cached PNG Texture: Squad/Parts/CompoundParts/@thumbs/fuelLine_icon1
[LOG 11:04:34.728] Load Cached PNG Texture: Squad/Parts/CompoundParts/@thumbs/strutConnector_icon0
[LOG 11:04:34.728] Load Cached PNG Texture: Squad/Parts/CompoundParts/@thumbs/strutConnector_icon1
[LOG 11:04:34.728] Load DDS texture: Squad/Parts/CompoundParts/FuelLine/FTX-2 External Fuel Duct
[LOG 11:04:34.729] Load DDS texture: Squad/Parts/CompoundParts/FuelLine/FTX-2 External Fuel Duct_ESA
[LOG 11:04:34.729] Load DDS texture: Squad/Parts/CompoundParts/strutConnector/EAS-4 Strut Connector
[LOG 11:04:34.729] Load DDS texture: Squad/Parts/CompoundParts/strutConnector/EAS-4 Strut Connector_white
[LOG 11:04:34.729] Load DDS texture: Squad/Parts/Coupling/Assets/Decouplers
[LOG 11:04:34.731] Load DDS texture: Squad/Parts/Coupling/Assets/Decouplers_N
[LOG 11:04:34.733] Load DDS texture: Squad/Parts/Coupling/Assets/Decouplers_whiteYellow
[LOG 11:04:34.735] Load DDS texture: Squad/Parts/Coupling/Assets/Decouplers_whiteYellow_N
[LOG 11:04:34.737] Load DDS texture: Squad/Parts/Electrical/10CSolarPanels/assets/circularSolarPanel_diffuse
[LOG 11:04:34.738] Load DDS texture: Squad/Parts/Electrical/10CSolarPanels/assets/circularSolarPanel_nrm
[LOG 11:04:34.739] Load DDS texture: Squad/Parts/Electrical/10LSolarPanels/assets/retractableSolarPanel_diffuse
[LOG 11:04:34.740] Load DDS texture: Squad/Parts/Electrical/10LSolarPanels/assets/retractableSolarPanel_nrm
[LOG 11:04:34.740] Load DDS texture: Squad/Parts/Electrical/1x6ShroudSolarPanels/model000
[LOG 11:04:34.740] Load DDS texture: Squad/Parts/Electrical/1x6ShroudSolarPanels/model001
[LOG 11:04:34.741] Load DDS texture: Squad/Parts/Electrical/1x6ShroudSolarPanels/model002
[LOG 11:04:34.741] Load DDS texture: Squad/Parts/Electrical/1x6SolarPanels/model000
[LOG 11:04:34.741] Load DDS texture: Squad/Parts/Electrical/1x6SolarPanels/model001
[LOG 11:04:34.741] Load DDS texture: Squad/Parts/Electrical/1x6SolarPanels/model002
[LOG 11:04:34.741] Load DDS texture: Squad/Parts/Electrical/3x2ShroudSolarPanels/model000
[LOG 11:04:34.741] Load DDS texture: Squad/Parts/Electrical/3x2ShroudSolarPanels/model001
[LOG 11:04:34.741] Load DDS texture: Squad/Parts/Electrical/3x2ShroudSolarPanels/model002
[LOG 11:04:34.741] Load DDS texture: Squad/Parts/Electrical/3x2SolarPanels/model000
[LOG 11:04:34.741] Load DDS texture: Squad/Parts/Electrical/3x2SolarPanels/model001
[LOG 11:04:34.742] Load DDS texture: Squad/Parts/Electrical/3x2SolarPanels/model002
[LOG 11:04:34.742] Load DDS texture: Squad/Parts/Electrical/gigantorXlSolarArray/panel
[LOG 11:04:34.742] Load DDS texture: Squad/Parts/Electrical/radialFlatSolarPanel/model000
[LOG 11:04:34.742] Load DDS texture: Squad/Parts/Electrical/RTG/model000
[LOG 11:04:34.742] Load DDS texture: Squad/Parts/Electrical/z-100Battery/model000
[LOG 11:04:34.742] Load DDS texture: Squad/Parts/Electrical/z-1kBattery/model000
[LOG 11:04:34.742] Load DDS texture: Squad/Parts/Electrical/z-1kBattery/model001
[LOG 11:04:34.742] Load DDS texture: Squad/Parts/Electrical/z-200Battery/ksp_m_batteryPack_diff
[LOG 11:04:34.742] Load DDS texture: Squad/Parts/Electrical/z-400Battery/model000
[LOG 11:04:34.743] Load DDS texture: Squad/Parts/Electrical/z-4kBattery/ksp_l_batteryPack_diff
[LOG 11:04:34.743] Load DDS texture: Squad/Parts/Electrical/z-4kBattery/ksp_l_batteryPack_normal
[LOG 11:04:34.743] Load DDS texture: Squad/Parts/Engine/ionEngine/model000
[LOG 11:04:34.743] Load DDS texture: Squad/Parts/Engine/jetEngines/Jet Engines
[LOG 11:04:34.744] Load DDS texture: Squad/Parts/Engine/jetEngines/Jet_Heat
[LOG 11:04:34.744] Load DDS texture: Squad/Parts/Engine/liquidEngine24-77/engine
[LOG 11:04:34.744] Load DDS texture: Squad/Parts/Engine/liquidEngine24-77_v2/Twitch
[LOG 11:04:34.745] Load DDS texture: Squad/Parts/Engine/liquidEngine24-77_v2/Twitch_G
[LOG 11:04:34.745] Load DDS texture: Squad/Parts/Engine/liquidEngine24-77_v2/Twitch_GLOW
[LOG 11:04:34.745] Load DDS texture: Squad/Parts/Engine/liquidEngine48-7S/ksp_m_liquidEngine_diff
[LOG 11:04:34.746] Load DDS texture: Squad/Parts/Engine/liquidEngine48-7S_v2/Spark
[LOG 11:04:34.746] Load DDS texture: Squad/Parts/Engine/liquidEngine48-7S_v2/Spark_Glow
[LOG 11:04:34.746] Load DDS texture: Squad/Parts/Engine/liquidEngineAerospike/Aerospike
[LOG 11:04:34.746] Load DDS texture: Squad/Parts/Engine/liquidEngineAerospike/Aerospike_Heat
[LOG 11:04:34.746] Load DDS texture: Squad/Parts/Engine/liquidEngineLV-1_v2/Assets/Ant_and_Spider_diffuse
[LOG 11:04:34.746] Load DDS texture: Squad/Parts/Engine/liquidEngineLV-1_v2/Assets/Ant_and_Spider_emissive
[LOG 11:04:34.746] Load DDS texture: Squad/Parts/Engine/liquidEngineLV-1_v2/Assets/Ant_and_Spider_normal
[LOG 11:04:34.747] Load DDS texture: Squad/Parts/Engine/liquidEngineLV-1_v2/Assets/Ant_and_Spider_specular
[LOG 11:04:34.747] Load DDS texture: Squad/Parts/Engine/liquidEngineLV-909_v2/Terrier
[LOG 11:04:34.747] Load DDS texture: Squad/Parts/Engine/liquidEngineLV-909_v2/TerrierFairing
[LOG 11:04:34.748] Load DDS texture: Squad/Parts/Engine/liquidEngineLV-909_v2/Terrier_glow
[LOG 11:04:34.749] Load DDS texture: Squad/Parts/Engine/liquidEngineLV-N/model000
[LOG 11:04:34.749] Load DDS texture: Squad/Parts/Engine/liquidEngineLV-N/model001
[LOG 11:04:34.750] Load DDS texture: Squad/Parts/Engine/liquidEngineLV-N/model002
[LOG 11:04:34.750] Load DDS texture: Squad/Parts/Engine/liquidEngineLV-N/model003
[LOG 11:04:34.753] Load DDS texture: Squad/Parts/Engine/liquidEngineLV-T30/model000
[LOG 11:04:34.753] Load DDS texture: Squad/Parts/Engine/liquidEngineLV-T30/model001
[LOG 11:04:34.753] Load DDS texture: Squad/Parts/Engine/liquidEngineLV-T30/model002
[LOG 11:04:34.753] Load DDS texture: Squad/Parts/Engine/liquidEngineLV-T30_v2/Engine_Emissive
[LOG 11:04:34.757] Load DDS texture: Squad/Parts/Engine/liquidEngineLV-T30_v2/Engine_Normal
[LOG 11:04:34.761] Load DDS texture: Squad/Parts/Engine/liquidEngineLV-T30_v2/Fairing
[LOG 11:04:34.761] Load DDS texture: Squad/Parts/Engine/liquidEngineLV-T30_v2/Reliant_v2-shroud_Diffuse
[LOG 11:04:34.768] Load DDS texture: Squad/Parts/Engine/liquidEngineLV-T30_v2/Reliant_v2_Diffuse
[LOG 11:04:34.774] Load DDS texture: Squad/Parts/Engine/liquidEngineLV-T45/model000
[LOG 11:04:34.776] Load DDS texture: Squad/Parts/Engine/liquidEngineLV-T45/model001
[LOG 11:04:34.776] Load DDS texture: Squad/Parts/Engine/liquidEngineLV-T45/model002
[LOG 11:04:34.776] Load DDS texture: Squad/Parts/Engine/liquidEngineLV-T45/model003
[LOG 11:04:34.776] Load DDS texture: Squad/Parts/Engine/liquidEngineLV-T45_v2/Engine_Emissive
[LOG 11:04:34.789] Load DDS texture: Squad/Parts/Engine/liquidEngineLV-T45_v2/Fairing
[LOG 11:04:34.789] Load DDS texture: Squad/Parts/Engine/liquidEngineLV-T45_v2/Swivel_v2_Diffuse
[LOG 11:04:34.794] Load DDS texture: Squad/Parts/Engine/liquidEngineLV-T45_v2/Swivel_v2_Normal
[LOG 11:04:34.799] Load DDS texture: Squad/Parts/Engine/liquidEngineMainsail_v2/mainsail_diffuse
[LOG 11:04:34.804] Load DDS texture: Squad/Parts/Engine/liquidEngineMainsail_v2/mainsail_emissive
[LOG 11:04:34.806] Load DDS texture: Squad/Parts/Engine/liquidEngineMainsail_v2/mainsail_nrm
[LOG 11:04:34.811] Load DDS texture: Squad/Parts/Engine/liquidEngineMainsail_v2/mainsail_specular
[LOG 11:04:34.815] Load DDS texture: Squad/Parts/Engine/liquidEngineMainsail_v2/Shroud
[LOG 11:04:34.817] Load DDS texture: Squad/Parts/Engine/liquidEngineMk55/Thud
[LOG 11:04:34.818] Load DDS texture: Squad/Parts/Engine/liquidEngineMk55/Thud_Heat
[LOG 11:04:34.818] Load DDS texture: Squad/Parts/Engine/liquidEnginePoodle_v2/poodle
[LOG 11:04:34.818] Load DDS texture: Squad/Parts/Engine/liquidEnginePoodle_v2/PoodleShroud
[LOG 11:04:34.818] Load DDS texture: Squad/Parts/Engine/liquidEnginePoodle_v2/poodle_Glow
[LOG 11:04:34.819] Load DDS texture: Squad/Parts/Engine/liquidEnginePoodle_v2/Poodle_SingleBell_Poodle_Diffuse
[LOG 11:04:34.821] Load DDS texture: Squad/Parts/Engine/liquidEnginePoodle_v2/Poodle_SingleBell_Poodle_Emissive
[LOG 11:04:34.827] Load DDS texture: Squad/Parts/Engine/liquidEnginePoodle_v2/Poodle_SingleBell_Poodle_Normal
[LOG 11:04:34.828] Load DDS texture: Squad/Parts/Engine/liquidEngineSkipper_v2/Shroud
[LOG 11:04:34.828] Load DDS texture: Squad/Parts/Engine/liquidEngineSkipper_v2/skipper_v2_diffuse
[LOG 11:04:34.833] Load DDS texture: Squad/Parts/Engine/liquidEngineSkipper_v2/skipper_v2_emissive
[LOG 11:04:34.837] Load DDS texture: Squad/Parts/Engine/liquidEngineSkipper_v2/skipper_v2_normal
[LOG 11:04:34.842] Load DDS texture: Squad/Parts/Engine/liquidEngineSSME/SSME
[LOG 11:04:34.842] Load DDS texture: Squad/Parts/Engine/liquidEngineSSME/SSME_GLOW
[LOG 11:04:34.842] Load DDS texture: Squad/Parts/Engine/liquidEngineSSME/SSME_NRM
[LOG 11:04:34.842] Load DDS texture: Squad/Parts/Engine/MassiveSRB/solid_booster_cm
[LOG 11:04:34.856] Load DDS texture: Squad/Parts/Engine/MassiveSRB/solid_booster_cm_esa
[LOG 11:04:34.857] Load DDS texture: Squad/Parts/Engine/MassiveSRB/solid_booster_em
[LOG 11:04:34.858] Load DDS texture: Squad/Parts/Engine/MassiveSRB/solid_booster_nm
[LOG 11:04:34.859] Load DDS texture: Squad/Parts/Engine/miniJet/SmallJet
[LOG 11:04:34.859] Load DDS texture: Squad/Parts/Engine/OMSEngine/Puff_diffuse
[LOG 11:04:34.859] Load DDS texture: Squad/Parts/Engine/OMSEngine/Puff_emissive
[LOG 11:04:34.859] Load DDS texture: Squad/Parts/Engine/OMSEngine/Puff_normal
[LOG 11:04:34.859] Load DDS texture: Squad/Parts/Engine/OMSEngine/Puff_specular
[LOG 11:04:34.859] Load DDS texture: Squad/Parts/Engine/rapierEngine/rapierDiffuse
[LOG 11:04:34.860] Load DDS texture: Squad/Parts/Engine/rapierEngine/rapieremit
[LOG 11:04:34.860] Load DDS texture: Squad/Parts/Engine/Size1_SRBs/SRB_O
[LOG 11:04:34.860] Load DDS texture: Squad/Parts/Engine/Size1_SRBs/SRB_W
[LOG 11:04:34.860] Load DDS texture: Squad/Parts/Engine/Size1_SRBs/SRB_Y
[LOG 11:04:34.861] Load DDS texture: Squad/Parts/Engine/Size2LFB/Size2LFBEmissive
[LOG 11:04:34.861] Load DDS texture: Squad/Parts/Engine/Size2LFB/twin_nozzle_booster_cm
[LOG 11:04:34.861] Load DDS texture: Squad/Parts/Engine/Size2LFB/twin_nozzle_booster_nm
[LOG 11:04:34.862] Load DDS texture: Squad/Parts/Engine/Size2LFB_v2/Size2LFBEmissive
[LOG 11:04:34.862] Load DDS texture: Squad/Parts/Engine/Size2LFB_v2/twin_nozzle_booster_cm
[LOG 11:04:34.874] Load DDS texture: Squad/Parts/Engine/Size2LFB_v2/twin_nozzle_booster_nm
[LOG 11:04:34.875] Load DDS texture: Squad/Parts/Engine/Size3AdvancedEngine/decoupler_and_adaptor_cm
[LOG 11:04:34.876] Load DDS texture: Squad/Parts/Engine/Size3AdvancedEngine/Size3AdvancedEngineDiffuse
[LOG 11:04:34.877] Load DDS texture: Squad/Parts/Engine/Size3AdvancedEngine/Size3AdvancedEngineEmissive
[LOG 11:04:34.877] Load DDS texture: Squad/Parts/Engine/Size3AdvancedEngine/Size3AdvancedEngineNormal
[LOG 11:04:34.877] Load DDS texture: Squad/Parts/Engine/Size3EngineCluster/ClusterEngineEmit
[LOG 11:04:34.877] Load DDS texture: Squad/Parts/Engine/Size3EngineCluster/four_nozzle_engine_cm
[LOG 11:04:34.877] Load DDS texture: Squad/Parts/Engine/Size3EngineCluster/four_nozzle_engine_nm
[LOG 11:04:34.878] Load DDS texture: Squad/Parts/Engine/solidBoosterBACC/model000
[LOG 11:04:34.879] Load DDS texture: Squad/Parts/Engine/solidBoosterBACC/model001
[LOG 11:04:34.879] Load DDS texture: Squad/Parts/Engine/solidBoosterBACC/model002
[LOG 11:04:34.881] Load DDS texture: Squad/Parts/Engine/solidBoosterRT-5/RT5
[LOG 11:04:34.881] Load DDS texture: Squad/Parts/Engine/solidBoosterS2-17/solidBoosterS2-17_diffuse
[LOG 11:04:34.892] Load DDS texture: Squad/Parts/Engine/solidBoosterS2-17/solidBoosterS2-17_emissive
[LOG 11:04:34.916] Load DDS texture: Squad/Parts/Engine/solidBoosterS2-17/solidBoosterS2-17_normal
[LOG 11:04:34.923] Load DDS texture: Squad/Parts/Engine/solidBoosterS2-33/solidBoosterS2-33_diffuse
[LOG 11:04:34.942] Load DDS texture: Squad/Parts/Engine/solidBoosterS2-33/solidBoosterS2-33_emissive
[LOG 11:04:34.964] Load DDS texture: Squad/Parts/Engine/solidBoosterS2-33/solidBoosterS2-33_normal
[LOG 11:04:34.981] Load DDS texture: Squad/Parts/Engine/solidBoosterSep/model000
[LOG 11:04:34.983] Load DDS texture: Squad/Parts/Engine/solidBoosterSep/motor
[LOG 11:04:34.983] Load DDS texture: Squad/Parts/Engine/SolidBoostersF/Assets/SolidBoosterF3S0_diffuse
[LOG 11:04:34.983] Load DDS texture: Squad/Parts/Engine/SolidBoostersF/Assets/SolidBoosterF3S0_emissive
[LOG 11:04:34.984] Load DDS texture: Squad/Parts/Engine/SolidBoostersF/Assets/SolidBoosterF3S0_normal
[LOG 11:04:34.984] Load DDS texture: Squad/Parts/FuelTank/adapterTanks/Mk3Adapters
[LOG 11:04:34.986] Load DDS texture: Squad/Parts/FuelTank/drainTankFTE-1/fuelValve_diffuse
[LOG 11:04:34.987] Load DDS texture: Squad/Parts/FuelTank/drainTankFTE-1/fuelValve_nrm
[LOG 11:04:34.987] Load DDS texture: Squad/Parts/FuelTank/FoilTanks/RadialTanks
[LOG 11:04:34.988] Load DDS texture: Squad/Parts/FuelTank/FoilTanks/RadialTanksGold_specular
[LOG 11:04:34.989] Load DDS texture: Squad/Parts/FuelTank/FoilTanks/RadialTanksSilver_specular
[LOG 11:04:34.992] Load DDS texture: Squad/Parts/FuelTank/FoilTanks/RadialTanks_N
[LOG 11:04:34.993] Load DDS texture: Squad/Parts/FuelTank/FoilTanks/RadialTanks_silver
[LOG 11:04:34.994] Load DDS texture: Squad/Parts/FuelTank/fuelTankOscarB/model000
[LOG 11:04:34.994] Load DDS texture: Squad/Parts/FuelTank/fuelTankOscarB/model001
[LOG 11:04:34.996] Load DDS texture: Squad/Parts/FuelTank/fuelTankOscarB/tank
[LOG 11:04:34.996] Load DDS texture: Squad/Parts/FuelTank/fuelTankOscarB/tank_n
[LOG 11:04:34.996] Load DDS texture: Squad/Parts/FuelTank/miniFuselage/Fuselage
[LOG 11:04:34.996] Load DDS texture: Squad/Parts/FuelTank/mk2Adapters/mk2adapters1m
[LOG 11:04:34.997] Load DDS texture: Squad/Parts/FuelTank/mk2FuselageLong/mk2Fuselage
[LOG 11:04:34.998] Load DDS texture: Squad/Parts/FuelTank/mk2FuselageShort/mk2FuselageShort
[LOG 11:04:34.999] Load DDS texture: Squad/Parts/FuelTank/mk3Fuselage/Mk3Fuselage
[LOG 11:04:35.001] Load DDS texture: Squad/Parts/FuelTank/mk3Fuselage/Mk3Fuselage_LUM
[LOG 11:04:35.001] Load DDS texture: Squad/Parts/FuelTank/RCSFuelTankR1/RCSFuelTankR1_01
[LOG 11:04:35.002] Load DDS texture: Squad/Parts/FuelTank/RCSFuelTankR1/RCSFuelTankR1_02
[LOG 11:04:35.003] Load DDS texture: Squad/Parts/FuelTank/RCSFuelTankR1/RCSFuelTankR1_N
[LOG 11:04:35.003] Load DDS texture: Squad/Parts/FuelTank/RCSFuelTankR10/ksp_m_rcsTank_diff
[LOG 11:04:35.004] Load DDS texture: Squad/Parts/FuelTank/RCSFuelTankR10/ksp_m_rcsTank_normal
[LOG 11:04:35.004] Load DDS texture: Squad/Parts/FuelTank/RCSFuelTankR25/FL-R25 RCS Fuel Tank_D
[LOG 11:04:35.004] Load DDS texture: Squad/Parts/FuelTank/RCSFuelTankR25/FL-R25 RCS Fuel Tank_N
[LOG 11:04:35.004] Load DDS texture: Squad/Parts/FuelTank/RCSTankRadial/model000
[LOG 11:04:35.004] Load DDS texture: Squad/Parts/FuelTank/RCStankRadialLong/ksp_r_rcsCylTank_diff
[LOG 11:04:35.005] Load DDS texture: Squad/Parts/FuelTank/RockomaxTanks/Assets/rockomax_16 [AlbedoM] BW
[LOG 11:04:35.010] Load DDS texture: Squad/Parts/FuelTank/RockomaxTanks/Assets/rockomax_16 [AlbedoM] ESA
[LOG 11:04:35.013] Load DDS texture: Squad/Parts/FuelTank/RockomaxTanks/Assets/rockomax_16 [AlbedoM] O
[LOG 11:04:35.020] Load DDS texture: Squad/Parts/FuelTank/RockomaxTanks/Assets/rockomax_16 [Normal] BW
[LOG 11:04:35.028] Load DDS texture: Squad/Parts/FuelTank/RockomaxTanks/Assets/rockomax_16 [Normal]ESA
[LOG 11:04:35.036] Load DDS texture: Squad/Parts/FuelTank/RockomaxTanks/Assets/rockomax_16 [Normal]O
[LOG 11:04:35.041] Load DDS texture: Squad/Parts/FuelTank/RockomaxTanks/Assets/rockomax_32 [AlbedoM] ESA
[LOG 11:04:35.043] Load DDS texture: Squad/Parts/FuelTank/RockomaxTanks/Assets/rockomax_32 [Normal]ESA
[LOG 11:04:35.045] Load DDS texture: Squad/Parts/FuelTank/Size1_Tanks/125Tanks_BW
[LOG 11:04:35.046] Load DDS texture: Squad/Parts/FuelTank/Size1_Tanks/125Tanks_D
[LOG 11:04:35.048] Load DDS texture: Squad/Parts/FuelTank/Size1_Tanks/125Tanks_N
[LOG 11:04:35.050] Load DDS texture: Squad/Parts/FuelTank/Size1_Tanks/125Tanks_O
[LOG 11:04:35.056] Load DDS texture: Squad/Parts/FuelTank/Size1_Tanks/125Tanks_W
[LOG 11:04:35.057] Load DDS texture: Squad/Parts/FuelTank/Size3Tanks/fueltTanks_cm
[LOG 11:04:35.058] Load Cached PNG Texture: Squad/Parts/FuelTank/Size3Tanks/Size3Tanks
[LOG 11:04:35.058] Load Cached PNG Texture: Squad/Parts/FuelTank/Size3Tanks/Size3Tanks_Norm
[LOG 11:04:35.059] Load Cached PNG Texture: Squad/Parts/FuelTank/Size3Tanks/Size3Tanks_Orange
[LOG 11:04:35.060] Load Cached PNG Texture: Squad/Parts/FuelTank/Size3Tanks/Size3Tanks_Orange_Norm
[LOG 11:04:35.060] Load DDS texture: Squad/Parts/FuelTank/xenonTank/model000
[LOG 11:04:35.060] Load DDS texture: Squad/Parts/FuelTank/xenonTank/model001
[LOG 11:04:35.060] Load DDS texture: Squad/Parts/FuelTank/xenonTankLarge/tank
[LOG 11:04:35.060] Load DDS texture: Squad/Parts/FuelTank/xenonTankRadial/ksp_r_xenonTank_diff
[LOG 11:04:35.061] Load DDS texture: Squad/Parts/Misc/AsteroidDay/CamSat
[LOG 11:04:35.061] Load DDS texture: Squad/Parts/Misc/AsteroidDay/CamSat_glow
[LOG 11:04:35.061] Load DDS texture: Squad/Parts/Misc/AsteroidDay/CamSat_N_NRM
[LOG 11:04:35.062] Load DDS texture: Squad/Parts/Misc/AsteroidDay/default
[LOG 11:04:35.062] Load DDS texture: Squad/Parts/Misc/AsteroidDay/hecsDiffuse
[LOG 11:04:35.062] Load DDS texture: Squad/Parts/Misc/AsteroidDay/hecsNormal
[LOG 11:04:35.062] Load DDS texture: Squad/Parts/Misc/AsteroidDay/hecsSpecular
[LOG 11:04:35.062] Load DDS texture: Squad/Parts/Misc/AsteroidDay/JumboHexProbe
[LOG 11:04:35.063] Load DDS texture: Squad/Parts/Misc/AsteroidDay/JumboHexProbe_NORM_NRM
[LOG 11:04:35.063] Load DDS texture: Squad/Parts/Resources/FuelCell/FCLamp
[LOG 11:04:35.063] Load DDS texture: Squad/Parts/Resources/FuelCell/FuelCellRack
[LOG 11:04:35.063] Load DDS texture: Squad/Parts/Resources/FuelCell/fuellcell
[LOG 11:04:35.063] Load DDS texture: Squad/Parts/Resources/ISRU/Processor_Large
[LOG 11:04:35.063] Load DDS texture: Squad/Parts/Resources/LargeTank/ksp_l_resourceContainer_diff
[LOG 11:04:35.064] Load DDS texture: Squad/Parts/Resources/LargeTank/ksp_l_resourceContainer_norm
[LOG 11:04:35.065] Load DDS texture: Squad/Parts/Resources/MiniDrill/DustParticle
[LOG 11:04:35.065] Load DDS texture: Squad/Parts/Resources/MiniDrill/ksp_r_rockProbe_diff
[LOG 11:04:35.066] Load DDS texture: Squad/Parts/Resources/MiniDrill/RockParticle
[LOG 11:04:35.066] Load DDS texture: Squad/Parts/Resources/MiniISRU/ksp_s_processorSmall_diff
[LOG 11:04:35.066] Load DDS texture: Squad/Parts/Resources/OrbitalScanner/detector
[LOG 11:04:35.066] Load DDS texture: Squad/Parts/Resources/RadialDrill/DustParticle
[LOG 11:04:35.066] Load DDS texture: Squad/Parts/Resources/RadialDrill/RockParticle
[LOG 11:04:35.066] Load DDS texture: Squad/Parts/Resources/RadialDrill/TriBitDrill
[LOG 11:04:35.066] Load DDS texture: Squad/Parts/Resources/RadialTank/ksp_r_resourceContainer_psd_2
[LOG 11:04:35.067] Load DDS texture: Squad/Parts/Resources/SmallTank/ksp_s_resourceContainer_diff
[LOG 11:04:35.067] Load DDS texture: Squad/Parts/Resources/SmallTank/ksp_s_resourceContainer_normal
[LOG 11:04:35.068] Load DDS texture: Squad/Parts/Resources/SurfaceScanner/ksp_r_samplerAir_diff
[LOG 11:04:35.069] Load DDS texture: Squad/Parts/Resources/SurveyScanner/dish
[LOG 11:04:35.069] Load DDS texture: Squad/Parts/Resources/SurveyScanner/dish_n
[LOG 11:04:35.071] Load DDS texture: Squad/Parts/Science/AtmosphereSensor/ksp_r_hydroscoop_diff
[LOG 11:04:35.071] Load DDS texture: Squad/Parts/Science/GooExperiment/GooExperiment
[LOG 11:04:35.071] Load DDS texture: Squad/Parts/Science/LargeCrewedLab/Large_Crewed_Lab
[LOG 11:04:35.072] Load DDS texture: Squad/Parts/Science/LargeCrewedLab/Large_Crewed_Lab_glow
[LOG 11:04:35.074] Load DDS texture: Squad/Parts/Science/LargeCrewedLab/window
[LOG 11:04:35.074] Load DDS texture: Squad/Parts/Science/Magnetometer/Magnetometer_diffuse
[LOG 11:04:35.074] Load DDS texture: Squad/Parts/Science/Magnetometer/Magnetometer_nrm
[LOG 11:04:35.074] Load DDS texture: Squad/Parts/Science/MaterialBay/science_module_small
[LOG 11:04:35.074] Load DDS texture: Squad/Parts/Science/MaterialBay/science_module_small_emit
[LOG 11:04:35.075] Load DDS texture: Squad/Parts/Science/MaterialBay/science_module_small_nrm
[LOG 11:04:35.075] Load DDS texture: Squad/Parts/Science/MaterialBay/wires
[LOG 11:04:35.075] Load DDS texture: Squad/Parts/Science/ScienceBox/Container
[LOG 11:04:35.075] Load DDS texture: Squad/Parts/Science/sensorAccelerometer/model000
[LOG 11:04:35.075] Load DDS texture: Squad/Parts/Science/sensorBarometer/model000
[LOG 11:04:35.075] Load DDS texture: Squad/Parts/Science/sensorGravimeter/model000
[LOG 11:04:35.075] Load DDS texture: Squad/Parts/Science/sensorThermometer/model000
[LOG 11:04:35.075] Load DDS texture: Squad/Parts/Structural/FLAdapters/Assets/FLA-Adapters_diffuse
[LOG 11:04:35.076] Load DDS texture: Squad/Parts/Structural/FLAdapters/Assets/FLA-Adapters_diffuse_O
[LOG 11:04:35.077] Load DDS texture: Squad/Parts/Structural/FLAdapters/Assets/FLA-Adapters_normal
[LOG 11:04:35.077] Load DDS texture: Squad/Parts/Structural/FLAdapters/Assets/FLA-Adapters_normal_O
[LOG 11:04:35.078] Load DDS texture: Squad/Parts/Structural/mk1Parts/Mk1Structural
[LOG 11:04:35.079] Load DDS texture: Squad/Parts/Structural/mk1Parts/Mk1StructuralHeat
[LOG 11:04:35.080] Load Cached PNG Texture: Squad/Parts/Structural/mk1Parts/@thumbs/MK1Fuselage_icon
[LOG 11:04:35.080] Load DDS texture: Squad/Parts/Structural/Size3To2Adapter_v2/Size2to3_BW_Diffuse
[LOG 11:04:35.084] Load DDS texture: Squad/Parts/Structural/Size3To2Adapter_v2/Size2to3_DUMMY_NRM
[LOG 11:04:35.084] Load DDS texture: Squad/Parts/Structural/Size3To2Adapter_v2/Size2to3_O_Diffuse
[LOG 11:04:35.087] Load DDS texture: Squad/Parts/Structural/Size3To2Adapter_v2/Size2to3_W_Diffuse
[LOG 11:04:35.101] Load DDS texture: Squad/Parts/Structural/Size3To2Adapter_v2/Size2to3_W_NRM
[LOG 11:04:35.111] Load DDS texture: Squad/Parts/Structural/stackAdapters/Assets/stackAdapters_diffuse
[LOG 11:04:35.111] Load DDS texture: Squad/Parts/Structural/stackAdapters/Assets/stackAdapters_diffuse_Dark
[LOG 11:04:35.111] Load DDS texture: Squad/Parts/Structural/stackAdapters/Assets/stackAdapters_diffuse_Orange
[LOG 11:04:35.114] Load DDS texture: Squad/Parts/Structural/stackAdapters/Assets/stackAdapters_normal
[LOG 11:04:35.114] Load DDS texture: Squad/Parts/Structural/stackAdapters/Assets/stackAdapters_normal_Orange
[LOG 11:04:35.115] Load DDS texture: Squad/Parts/Structural/stationHub/model000
[LOG 11:04:35.115] Load DDS texture: Squad/Parts/Structural/stationHub/model001
[LOG 11:04:35.115] Load DDS texture: Squad/Parts/Structural/structuralIBeam200/model000
[LOG 11:04:35.116] Load DDS texture: Squad/Parts/Structural/structuralIBeam200Pocket/model000
[LOG 11:04:35.116] Load DDS texture: Squad/Parts/Structural/structuralIBeam650/model000
[LOG 11:04:35.116] Load DDS texture: Squad/Parts/Structural/structuralMicronode/model000
[LOG 11:04:35.116] Load DDS texture: Squad/Parts/Structural/structuralPanel1x1/model000
[LOG 11:04:35.116] Load DDS texture: Squad/Parts/Structural/structuralPanel1x1/model001
[LOG 11:04:35.116] Load DDS texture: Squad/Parts/Structural/structuralPanel2x2/model000
[LOG 11:04:35.116] Load DDS texture: Squad/Parts/Structural/structuralPanel2x2/model001
[LOG 11:04:35.116] Load DDS texture: Squad/Parts/Structural/structuralPylons/Pylons
[LOG 11:04:35.116] Load DDS texture: Squad/Parts/Structural/strutCubicOcto/cubestrut
[LOG 11:04:35.116] Load DDS texture: Squad/Parts/Structural/strutOcto/model000
[LOG 11:04:35.117] Load DDS texture: Squad/Parts/Structural/trussGirderAdapter/model000
[LOG 11:04:35.122] Load DDS texture: Squad/Parts/Structural/trussGirderAdapter/model001
[LOG 11:04:35.122] Load DDS texture: Squad/Parts/Structural/trussGirderL/model000
[LOG 11:04:35.123] Load DDS texture: Squad/Parts/Structural/trussGirderXL/model000
[LOG 11:04:35.123] Load DDS texture: Squad/Parts/Thermal/FoldingRadiators/radiator
[LOG 11:04:35.123] Load DDS texture: Squad/Parts/Thermal/FoldingRadiators/radiator_N_NRM
[LOG 11:04:35.123] Load DDS texture: Squad/Parts/Thermal/RadiatorPanels/radPanel
[LOG 11:04:35.124] Load DDS texture: Squad/Parts/Thermal/RadiatorPanels/radPanel_N_NRM
[LOG 11:04:35.125] Load DDS texture: Squad/Parts/Utility/commDish88-88/comm_dish_array
[LOG 11:04:35.125] Load DDS texture: Squad/Parts/Utility/commDish88-88/comm_dish_v2_diff
[LOG 11:04:35.125] Load DDS texture: Squad/Parts/Utility/commDish88-88/model000
[LOG 11:04:35.125] Load DDS texture: Squad/Parts/Utility/commsAntennaDTS-M1/mediumDishAntenna
[LOG 11:04:35.125] Load DDS texture: Squad/Parts/Utility/commsAntennaDTS-M1/mediumDishAntenna_Emit
[LOG 11:04:35.126] Load DDS texture: Squad/Parts/Utility/commsDish16/model000
[LOG 11:04:35.126] Load DDS texture: Squad/Parts/Utility/decouplerRadialHDM/model000
[LOG 11:04:35.126] Load DDS texture: Squad/Parts/Utility/decouplerRadialTT-38K/model000
[LOG 11:04:35.126] Load DDS texture: Squad/Parts/Utility/decouplerRadialTT-38K/model001
[LOG 11:04:35.126] Load DDS texture: Squad/Parts/Utility/decouplerRadialTT-70/model000
[LOG 11:04:35.126] Load DDS texture: Squad/Parts/Utility/DirectAntennas/MiniAntenna
[LOG 11:04:35.126] Load DDS texture: Squad/Parts/Utility/dockingPort/Arrow Pointer
[LOG 11:04:35.126] Load DDS texture: Squad/Parts/Utility/dockingPort/DockingPorts_Clampotron_Diffuse
[LOG 11:04:35.129] Load DDS texture: Squad/Parts/Utility/dockingPort/DockingPorts_Clampotron_Emissive
[LOG 11:04:35.131] Load DDS texture: Squad/Parts/Utility/dockingPort/DockingPorts_Clampotron_Normal
[LOG 11:04:35.135] Load DDS texture: Squad/Parts/Utility/dockingPortInline/Arrow Pointer
[LOG 11:04:35.135] Load DDS texture: Squad/Parts/Utility/dockingPortInline/ClampotronLinear_ClampotronLinear_Diffuse
[LOG 11:04:35.138] Load DDS texture: Squad/Parts/Utility/dockingPortInline/ClampotronLinear_ClampotronLinear_Emissive
[LOG 11:04:35.139] Load DDS texture: Squad/Parts/Utility/dockingPortInline/ClampotronLinear_ClampotronLinear_Normal
[LOG 11:04:35.148] Load DDS texture: Squad/Parts/Utility/dockingPortInline/DockingPorts_Clampotron_Diffuse
[LOG 11:04:35.153] Load DDS texture: Squad/Parts/Utility/dockingPortInline/DockingPorts_Clampotron_Emissive
[LOG 11:04:35.155] Load DDS texture: Squad/Parts/Utility/dockingPortInline/DockingPorts_Clampotron_Normal
[LOG 11:04:35.158] Load DDS texture: Squad/Parts/Utility/dockingPortJr/Arrow Pointer
[LOG 11:04:35.159] Load DDS texture: Squad/Parts/Utility/dockingPortJr/DockingPorts_ClampotronJR_Diffuse
[LOG 11:04:35.159] Load DDS texture: Squad/Parts/Utility/dockingPortJr/DockingPorts_ClampotronJR_Normal
[LOG 11:04:35.160] Load DDS texture: Squad/Parts/Utility/dockingPortJr/model000
[LOG 11:04:35.160] Load DDS texture: Squad/Parts/Utility/dockingPortShielded/Arrow Pointer
[LOG 11:04:35.160] Load DDS texture: Squad/Parts/Utility/dockingPortShielded/Clamp-O-Tron Shielded Docking Port_ClampotronShielded_Diffuse
[LOG 11:04:35.164] Load DDS texture: Squad/Parts/Utility/dockingPortShielded/Clamp-O-Tron Shielded Docking Port_ClampotronShielded_Normal
[LOG 11:04:35.168] Load DDS texture: Squad/Parts/Utility/dockingPortShielded/DockingPorts_Clampotron_Diffuse
[LOG 11:04:35.172] Load DDS texture: Squad/Parts/Utility/dockingPortShielded/DockingPorts_Clampotron_Emissive
[LOG 11:04:35.173] Load DDS texture: Squad/Parts/Utility/dockingPortShielded/DockingPorts_Clampotron_Normal
[LOG 11:04:35.179] Load DDS texture: Squad/Parts/Utility/dockingPortSr/Arrow Pointer
[LOG 11:04:35.179] Load DDS texture: Squad/Parts/Utility/dockingPortSr/ClampotronSr_ClampotronSr_Diffuse
[LOG 11:04:35.183] Load DDS texture: Squad/Parts/Utility/dockingPortSr/ClampotronSr_ClampotronSr_Diffuse_gray
[LOG 11:04:35.187] Load DDS texture: Squad/Parts/Utility/dockingPortSr/ClampotronSr_ClampotronSr_Emissive
[LOG 11:04:35.188] Load DDS texture: Squad/Parts/Utility/dockingPortSr/ClampotronSr_ClampotronSr_Normal
[LOG 11:04:35.192] Load Cached PNG Texture: Squad/Parts/Utility/Fireworks/Assets/fireworks_launcher_big 1
[LOG 11:04:35.195] Load Cached PNG Texture: Squad/Parts/Utility/Fireworks/Assets/fireworks_launcher_big
[LOG 11:04:35.197] Load Cached PNG Texture: Squad/Parts/Utility/flags/backgroundTextures/dark_background
[LOG 11:04:35.198] Load Cached PNG Texture: Squad/Parts/Utility/flags/backgroundTextures/orange_background
[LOG 11:04:35.198] Load Cached PNG Texture: Squad/Parts/Utility/flags/backgroundTextures/white_background
[LOG 11:04:35.198] Load DDS texture: Squad/Parts/Utility/GrapplingDevice/grabberDiffuse
[LOG 11:04:35.198] Load DDS texture: Squad/Parts/Utility/GrapplingDevice/grabberDiffuse_dark
[LOG 11:04:35.199] Load DDS texture: Squad/Parts/Utility/GrapplingDevice/grabberNRM
[LOG 11:04:35.199] Load DDS texture: Squad/Parts/Utility/GrapplingDevice/window
[LOG 11:04:35.199] Load DDS texture: Squad/Parts/Utility/ladderRadial/model000
[LOG 11:04:35.199] Load DDS texture: Squad/Parts/Utility/ladderTelescopic/model000
[LOG 11:04:35.201] Load DDS texture: Squad/Parts/Utility/ladderTelescopic/model001
[LOG 11:04:35.201] Load DDS texture: Squad/Parts/Utility/ladderTelescopic/model002
[LOG 11:04:35.202] Load DDS texture: Squad/Parts/Utility/ladderTelescopicBay/model000
[LOG 11:04:35.204] Load DDS texture: Squad/Parts/Utility/ladderTelescopicBay/model001
[LOG 11:04:35.205] Load DDS texture: Squad/Parts/Utility/landingLegLT-1/ksp_r_landingStrut_diff
[LOG 11:04:35.205] Load DDS texture: Squad/Parts/Utility/landingLegLT-2/landingLeg
[LOG 11:04:35.205] Load DDS texture: Squad/Parts/Utility/landingLegLT-5/leg
[LOG 11:04:35.205] Load DDS texture: Squad/Parts/Utility/landingLegLT-5/model000
[LOG 11:04:35.205] Load DDS texture: Squad/Parts/Utility/launchClamp1/model000
[LOG 11:04:35.205] Load DDS texture: Squad/Parts/Utility/launchClamp1/model001
[LOG 11:04:35.205] Load DDS texture: Squad/Parts/Utility/launchEscapeSystem/LES_Diffuse
[LOG 11:04:35.206] Load DDS texture: Squad/Parts/Utility/Lights/Assets/Lights_Attacheable_Lights_Diffuse
[LOG 11:04:35.206] Load DDS texture: Squad/Parts/Utility/Lights/Assets/Lights_Attacheable_Lights_Diffuse_white
[LOG 11:04:35.206] Load DDS texture: Squad/Parts/Utility/Lights/Assets/Lights_Attacheable_Lights_Emissive
[LOG 11:04:35.206] Load DDS texture: Squad/Parts/Utility/Lights/Assets/Lights_Attacheable_Lights_Normal
[LOG 11:04:35.206] Load DDS texture: Squad/Parts/Utility/Lights/Assets/Lights_Rectangle_Light_Diffuse
[LOG 11:04:35.212] Load DDS texture: Squad/Parts/Utility/Lights/Assets/Lights_Rectangle_Light_Diffuse_white
[LOG 11:04:35.216] Load DDS texture: Squad/Parts/Utility/Lights/Assets/Lights_Rectangle_Light_Emissive
[LOG 11:04:35.220] Load DDS texture: Squad/Parts/Utility/Lights/Assets/Lights_Rectangle_Light_Normal
[LOG 11:04:35.225] Load DDS texture: Squad/Parts/Utility/Lights/Assets/Lights_Worklights_Diffuse
[LOG 11:04:35.226] Load DDS texture: Squad/Parts/Utility/Lights/Assets/Lights_Worklights_Emissive
[LOG 11:04:35.226] Load DDS texture: Squad/Parts/Utility/Lights/Assets/Lights_Worklights_Normal
[LOG 11:04:35.227] Load DDS texture: Squad/Parts/Utility/Lights/Assets/Spotlight_Attacheable_Lights_Diffuse
[LOG 11:04:35.227] Load DDS texture: Squad/Parts/Utility/Lights/Assets/Spotlight_Attacheable_Lights_Diffuse_white
[LOG 11:04:35.227] Load DDS texture: Squad/Parts/Utility/Lights/Assets/Spotlight_Attacheable_Lights_Emissive
[LOG 11:04:35.227] Load DDS texture: Squad/Parts/Utility/Lights/Assets/Spotlight_Attacheable_Lights_Normal
[LOG 11:04:35.228] Load DDS texture: Squad/Parts/Utility/linearVernorRCS/Assets/linear_vernor_diffuse
[LOG 11:04:35.228] Load DDS texture: Squad/Parts/Utility/linearVernorRCS/Assets/linear_vernor_emissive
[LOG 11:04:35.228] Load DDS texture: Squad/Parts/Utility/linearVernorRCS/Assets/linear_vernor_normalDummy
[LOG 11:04:35.228] Load DDS texture: Squad/Parts/Utility/linearVernorRCS/Assets/linear_vernor_specular
[LOG 11:04:35.228] Load DDS texture: Squad/Parts/Utility/mk2CargoBay/mk2CargoBay
[LOG 11:04:35.228] Load DDS texture: Squad/Parts/Utility/mk2CrewCabin/mk2CrewCabin
[LOG 11:04:35.229] Load DDS texture: Squad/Parts/Utility/mk2CrewCabin/mk2CrewCabin_LUM
[LOG 11:04:35.229] Load DDS texture: Squad/Parts/Utility/mk2DockingPort/Arrow Pointer
[LOG 11:04:35.229] Load DDS texture: Squad/Parts/Utility/mk2DockingPort/Mk2Clampotron_Caps_Diffuse
[LOG 11:04:35.229] Load DDS texture: Squad/Parts/Utility/mk2DockingPort/Mk2Clampotron_Caps_Emmisive
[LOG 11:04:35.229] Load DDS texture: Squad/Parts/Utility/mk2DockingPort/Mk2Clampotron_Caps_Normal
[LOG 11:04:35.229] Load DDS texture: Squad/Parts/Utility/mk2DockingPort/Mk2Clampotron_Mk2Clampotron_Diffuse
[LOG 11:04:35.233] Load DDS texture: Squad/Parts/Utility/mk2DockingPort/Mk2Clampotron_Mk2Clampotron_Emissive
[LOG 11:04:35.233] Load DDS texture: Squad/Parts/Utility/mk2DockingPort/Mk2Clampotron_Mk2Clampotron_Normal
[LOG 11:04:35.238] Load DDS texture: Squad/Parts/Utility/mk2DockingPort/mk2DockingPort
[LOG 11:04:35.239] Load DDS texture: Squad/Parts/Utility/mk3CargoBay/Mk3CargoBay
[LOG 11:04:35.240] Load DDS texture: Squad/Parts/Utility/parachuteMk1/model000
[LOG 11:04:35.240] Load DDS texture: Squad/Parts/Utility/parachuteMk1/model001
[LOG 11:04:35.241] Load DDS texture: Squad/Parts/Utility/parachuteMk12-R/model000
[LOG 11:04:35.241] Load DDS texture: Squad/Parts/Utility/parachuteMk12-R/model001
[LOG 11:04:35.241] Load DDS texture: Squad/Parts/Utility/parachuteMk16-XL/model000
[LOG 11:04:35.241] Load DDS texture: Squad/Parts/Utility/parachuteMk16-XL/model001
[LOG 11:04:35.241] Load DDS texture: Squad/Parts/Utility/parachuteMk2-R/model000
[LOG 11:04:35.241] Load DDS texture: Squad/Parts/Utility/parachuteMk2-R/model001
[LOG 11:04:35.241] Load DDS texture: Squad/Parts/Utility/parachuteMk25/model000
[LOG 11:04:35.241] Load DDS texture: Squad/Parts/Utility/parachuteMk25/model001
[LOG 11:04:35.241] Load DDS texture: Squad/Parts/Utility/radialAttachmentPoint/model000
[LOG 11:04:35.241] Load DDS texture: Squad/Parts/Utility/radialAttachmentPoint/model001
[LOG 11:04:35.241] Load DDS texture: Squad/Parts/Utility/rcsBlockRV-105_v2/rcsBlock_diffuse
[LOG 11:04:35.241] Load DDS texture: Squad/Parts/Utility/rcsBlockRV-105_v2/rcsThrusterBlock_normal
[LOG 11:04:35.241] Load DDS texture: Squad/Parts/Utility/rcsBlockRV-105_v2/rcsThruster_emissive
[LOG 11:04:35.241] Load DDS texture: Squad/Parts/Utility/rcsBlockRV-105_v2/rcsThruster_specular
[LOG 11:04:35.241] Load DDS texture: Squad/Parts/Utility/rcsBlockRV-105_v2/RCS_Block_Diffuse
[LOG 11:04:35.241] Load DDS texture: Squad/Parts/Utility/rcsBlockRV-105_v2/RCS_Block_Emissive
[LOG 11:04:35.241] Load DDS texture: Squad/Parts/Utility/rcsBlockRV-105_v2/RCS_Block_Normal
[LOG 11:04:35.241] Load DDS texture: Squad/Parts/Utility/rcsBlockRV-105_v2/RCS_Block_Specular
[LOG 11:04:35.242] Load DDS texture: Squad/Parts/Utility/rcsSmallLinear/Assets/RCS_Linear_Base_Diffuse
[LOG 11:04:35.242] Load DDS texture: Squad/Parts/Utility/rcsSmallLinear/Assets/RCS_Linear_Diffuse
[LOG 11:04:35.242] Load DDS texture: Squad/Parts/Utility/rcsSmallLinear/Assets/RCS_Linear_Emissive
[LOG 11:04:35.242] Load DDS texture: Squad/Parts/Utility/rcsSmallLinear/Assets/RCS_Linear_Normal
[LOG 11:04:35.242] Load DDS texture: Squad/Parts/Utility/rcsSmallLinear/Assets/RCS_Linear_Specular
[LOG 11:04:35.242] Load DDS texture: Squad/Parts/Utility/RelayAntennas/DishAntenna
[LOG 11:04:35.242] Load DDS texture: Squad/Parts/Utility/RelayAntennas/MiniAntenna
[LOG 11:04:35.242] Load DDS texture: Squad/Parts/Utility/rockomaxAdapters/Assets/Rockomax_Adapters_diffuse
[LOG 11:04:35.242] Load DDS texture: Squad/Parts/Utility/rockomaxAdapters/Assets/Rockomax_Adapters_diffuse_O
[LOG 11:04:35.245] Load DDS texture: Squad/Parts/Utility/rockomaxAdapters/Assets/Rockomax_Adapters_diffuse_W
[LOG 11:04:35.246] Load DDS texture: Squad/Parts/Utility/rockomaxAdapters/Assets/Rockomax_Adapters_normal
[LOG 11:04:35.247] Load DDS texture: Squad/Parts/Utility/rockomaxAdapters/Assets/Rockomax_Adapters_normal_O
[LOG 11:04:35.247] Load DDS texture: Squad/Parts/Utility/ServiceBay/ServiceBay
[LOG 11:04:35.247] Load Cached PNG Texture: Squad/Parts/Utility/ServiceBay_v2/Assets/Scratch
[LOG 11:04:35.248] Load Cached PNG Texture: Squad/Parts/Utility/ServiceBay_v2/Assets/ServiceBay_bump
[LOG 11:04:35.249] Load Cached PNG Texture: Squad/Parts/Utility/ServiceBay_v2/Assets/ServiceBay_v2
[LOG 11:04:35.249] Load DDS texture: Squad/Parts/Utility/smallClaw/grabberSmallDiffuse
[LOG 11:04:35.249] Load DDS texture: Squad/Parts/Utility/smallClaw/grabberSmallDiffuseDark
[LOG 11:04:35.249] Load DDS texture: Squad/Parts/Utility/smallClaw/grabberSmallNRM
[LOG 11:04:35.250] Load DDS texture: Squad/Parts/Utility/smallClaw/window
[LOG 11:04:35.250] Load DDS texture: Squad/Parts/Utility/spotLightMk1/light1
[LOG 11:04:35.250] Load DDS texture: Squad/Parts/Utility/spotLightMk1/light1_em
[LOG 11:04:35.250] Load DDS texture: Squad/Parts/Utility/spotLightMk1_v2/spotLightMk1_Diffuse
[LOG 11:04:35.250] Load DDS texture: Squad/Parts/Utility/spotLightMk1_v2/spotLightMk1_Diffuse_white
[LOG 11:04:35.250] Load DDS texture: Squad/Parts/Utility/spotLightMk1_v2/spotLightMk1_Emissive
[LOG 11:04:35.250] Load DDS texture: Squad/Parts/Utility/spotLightMk1_v2/spotLightMk1_Normal
[LOG 11:04:35.250] Load DDS texture: Squad/Parts/Utility/spotLightMk2/light2
[LOG 11:04:35.250] Load DDS texture: Squad/Parts/Utility/spotLightMk2/light2_em
[LOG 11:04:35.250] Load DDS texture: Squad/Parts/Utility/spotLightMk2_v2/spotLightMk2_Diffuse
[LOG 11:04:35.250] Load DDS texture: Squad/Parts/Utility/spotLightMk2_v2/spotLightMk2_Diffuse_white
[LOG 11:04:35.250] Load DDS texture: Squad/Parts/Utility/spotLightMk2_v2/spotLightMk2_Emissive
[LOG 11:04:35.250] Load DDS texture: Squad/Parts/Utility/spotLightMk2_v2/spotLightMk2_Normal
[LOG 11:04:35.251] Load DDS texture: Squad/Parts/Utility/stackCouplers/Assets/stackCouplersDiffuse
[LOG 11:04:35.252] Load DDS texture: Squad/Parts/Utility/stackCouplers/Assets/stackCouplersDiffuse_Dark
[LOG 11:04:35.253] Load DDS texture: Squad/Parts/Utility/stackCouplers/Assets/stackCouplersDiffuse_Orange
[LOG 11:04:35.254] Load DDS texture: Squad/Parts/Utility/stackCouplers/Assets/stackCouplers_NRM
[LOG 11:04:35.255] Load DDS texture: Squad/Parts/Utility/stackCouplers/Assets/stackCouplers_Orange_NRM
[LOG 11:04:35.255] Load DDS texture: Squad/Parts/Wheel/LandingGear/Flare
[LOG 11:04:35.255] Load DDS texture: Squad/Parts/Wheel/LandingGear/LandingGear
[LOG 11:04:35.256] Load DDS texture: Squad/Parts/Wheel/LandingGear/LandingGear_Emissive
[LOG 11:04:35.256] Load DDS texture: Squad/Parts/Wheel/roverWheelM1/model000
[LOG 11:04:35.256] Load DDS texture: Squad/Parts/Wheel/roverWheelM1/roverwheel1
[LOG 11:04:35.256] Load DDS texture: Squad/Parts/Wheel/roverWheelS2/model000
[LOG 11:04:35.256] Load DDS texture: Squad/Parts/Wheel/roverWheelS2/model001
[LOG 11:04:35.257] Load DDS texture: Squad/Parts/Wheel/roverWheelS2/roverwheel2
[LOG 11:04:35.257] Load DDS texture: Squad/Parts/Wheel/roverWheelS2/roverwheel2_n
[LOG 11:04:35.257] Load DDS texture: Squad/Parts/Wheel/roverWheelTR-2L/ksp_r_medWheel_diff
[LOG 11:04:35.257] Load DDS texture: Squad/Parts/Wheel/roverWheelTR-2L/ksp_r_medWheel_normal
[LOG 11:04:35.258] Load DDS texture: Squad/Parts/Wheel/roverWheelTR-2L/ksp_r_medWheel_wheel_diff
[LOG 11:04:35.258] Load DDS texture: Squad/Parts/Wheel/roverWheelTR-2L/ksp_r_medWheel_wheel_normal
[LOG 11:04:35.259] Load DDS texture: Squad/Parts/Wheel/roverWheelXL3/mount
[LOG 11:04:35.259] Load DDS texture: Squad/Parts/Wheel/roverWheelXL3/mount_n
[LOG 11:04:35.259] Load DDS texture: Squad/Parts/Wheel/roverWheelXL3/wheel
[LOG 11:04:35.260] Load DDS texture: Squad/Parts/Wheel/roverWheelXL3/wheel_n
[LOG 11:04:35.260] Load DDS texture: Squad/Props/AltimeterThreeHands/model000
[LOG 11:04:35.260] Load DDS texture: Squad/Props/AltimeterThreeHands/model001
[LOG 11:04:35.260] Load DDS texture: Squad/Props/AtmosphereDepth/model000
[LOG 11:04:35.260] Load DDS texture: Squad/Props/AtmosphereDepth/model001
[LOG 11:04:35.260] Load DDS texture: Squad/Props/AxisIndicator/model000
[LOG 11:04:35.260] Load DDS texture: Squad/Props/buttonsGeneric/ButtonsAndSwitches
[LOG 11:04:35.260] Load DDS texture: Squad/Props/ButtonSquare/model000
[LOG 11:04:35.261] Load DDS texture: Squad/Props/circularButton/model000
[LOG 11:04:35.261] Load DDS texture: Squad/Props/Compass/model000
[LOG 11:04:35.261] Load DDS texture: Squad/Props/directionalKnob/model000
[LOG 11:04:35.261] Load DDS texture: Squad/Props/directionalKnob2/model000
[LOG 11:04:35.261] Load DDS texture: Squad/Props/IndicatorPanel/model000
[LOG 11:04:35.261] Load DDS texture: Squad/Props/IndicatorPanel/model001
[LOG 11:04:35.261] Load DDS texture: Squad/Props/IVANavBall/Arrows8dir
[LOG 11:04:35.261] Load DDS texture: Squad/Props/IVANavBall/IVANavBall
[LOG 11:04:35.261] Load DDS texture: Squad/Props/IVANavBall/IVANavBall_Glow
[LOG 11:04:35.261] Load DDS texture: Squad/Props/IVANavBall/ManeuverNode_vectors
[LOG 11:04:35.261] Load DDS texture: Squad/Props/IVANavBall/navball2
[LOG 11:04:35.261] Load DDS texture: Squad/Props/IVANavBall/navBall_DV_IVA
[LOG 11:04:35.261] Load DDS texture: Squad/Props/IVANavBall/navBall_vectors_IVA
[LOG 11:04:35.261] Load Cached PNG Texture: Squad/Props/IVANavBallNoBase/Arrows8dir
[LOG 11:04:35.261] Load Cached PNG Texture: Squad/Props/IVANavBallNoBase/IVANavBall
[LOG 11:04:35.262] Load Cached PNG Texture: Squad/Props/IVANavBallNoBase/ManeuverNode_vectors
[LOG 11:04:35.262] Load Cached PNG Texture: Squad/Props/IVANavBallNoBase/navball2
[LOG 11:04:35.262] Load Cached PNG Texture: Squad/Props/IVANavBallNoBase/navBall_DV_IVA
[LOG 11:04:35.262] Load Cached PNG Texture: Squad/Props/IVANavBallNoBase/navBall_vectors_IVA
[LOG 11:04:35.262] Load DDS texture: Squad/Props/ledPanelSpeed/circularButton
[LOG 11:04:35.262] Load DDS texture: Squad/Props/ledPanelSpeed/ledPanel
[LOG 11:04:35.262] Load DDS texture: Squad/Props/Monitor/Emissives
[LOG 11:04:35.262] Load DDS texture: Squad/Props/Monitor/Emissives_glow
[LOG 11:04:35.262] Load DDS texture: Squad/Props/Monitor/Monitor
[LOG 11:04:35.262] Load DDS texture: Squad/Props/NavBall/GaugeGee
[LOG 11:04:35.262] Load DDS texture: Squad/Props/NavBall/GaugeThrottle
[LOG 11:04:35.262] Load DDS texture: Squad/Props/NavBall/model000
[LOG 11:04:35.262] Load DDS texture: Squad/Props/NavBall/model001
[LOG 11:04:35.262] Load DDS texture: Squad/Props/NavBall/model002
[LOG 11:04:35.263] Load DDS texture: Squad/Props/NavBall/model003
[LOG 11:04:35.263] Load DDS texture: Squad/Props/PropsGeneric/propsGeneric
[LOG 11:04:35.263] Load DDS texture: Squad/Props/pullSwitch/model000
[LOG 11:04:35.263] Load DDS texture: Squad/Props/pullSwitch/model001
[LOG 11:04:35.263] Load DDS texture: Squad/Props/radarAltitude/model000
[LOG 11:04:35.263] Load DDS texture: Squad/Props/squareButton/model000
[LOG 11:04:35.263] Load DDS texture: Squad/Props/standingSwitch/model000
[LOG 11:04:35.263] Load DDS texture: Squad/Props/standingSwitch/model001
[LOG 11:04:35.263] Load DDS texture: Squad/Props/switch/model000
[LOG 11:04:35.263] Load DDS texture: Squad/Props/switchGuard/model000
[LOG 11:04:35.263] Load DDS texture: Squad/Props/switchWithGuards/model000
[LOG 11:04:35.264] Load DDS texture: Squad/Props/switchWithGuards/model001
[LOG 11:04:35.264] Load DDS texture: Squad/Props/switchWithGuards/model002
[LOG 11:04:35.264] Load DDS texture: Squad/Props/throttle/model000
[LOG 11:04:35.264] Load DDS texture: Squad/Props/throttle/model001
[LOG 11:04:35.264] Load DDS texture: Squad/Props/VSI/model000
[LOG 11:04:35.264] Load DDS texture: Squad/Spaces/crewCabinInternals/model000
[LOG 11:04:35.264] Load DDS texture: Squad/Spaces/crewCabinInternals/model001
[LOG 11:04:35.267] Load DDS texture: Squad/Spaces/crewCabinInternals/model002
[LOG 11:04:35.267] Load DDS texture: Squad/Spaces/crewCabinInternals/model003
[LOG 11:04:35.268] Load DDS texture: Squad/Spaces/crewCabinInternals/model004
[LOG 11:04:35.268] Load DDS texture: Squad/Spaces/crewCabinInternals/model005
[LOG 11:04:35.269] Load DDS texture: Squad/Spaces/cupolaInternal/ksp_l_cupola_internal_diff
[LOG 11:04:35.272] Load DDS texture: Squad/Spaces/cupolaInternal/ksp_l_cupola_internal_normal
[LOG 11:04:35.275] Load DDS texture: Squad/Spaces/cupolaInternal/ksp_l_cupola_internal_windows_alpha
[LOG 11:04:35.276] Load DDS texture: Squad/Spaces/cupolaInternal/pilot Seat
[LOG 11:04:35.276] Load DDS texture: Squad/Spaces/GenericSpace1/model000
[LOG 11:04:35.278] Load DDS texture: Squad/Spaces/GenericSpace1/model001
[LOG 11:04:35.279] Load DDS texture: Squad/Spaces/GenericSpace1/model002
[LOG 11:04:35.279] Load DDS texture: Squad/Spaces/GenericSpace1/model003
[LOG 11:04:35.281] Load DDS texture: Squad/Spaces/GenericSpace1/model004
[LOG 11:04:35.282] Load DDS texture: Squad/Spaces/GenericSpace1/model005
[LOG 11:04:35.283] Load DDS texture: Squad/Spaces/GenericSpace3/model000
[LOG 11:04:35.284] Load DDS texture: Squad/Spaces/GenericSpace3/model001
[LOG 11:04:35.285] Load DDS texture: Squad/Spaces/GenericSpace3/model002
[LOG 11:04:35.285] Load DDS texture: Squad/Spaces/GenericSpace3/model003
[LOG 11:04:35.286] Load DDS texture: Squad/Spaces/GenericSpace3/model004
[LOG 11:04:35.287] Load DDS texture: Squad/Spaces/GenericSpace3/model005
[LOG 11:04:35.288] Load DDS texture: Squad/Spaces/GenericSpace3/model006
[LOG 11:04:35.288] Load DDS texture: Squad/Spaces/GenericSpace3/model007
[LOG 11:04:35.289] Load DDS texture: Squad/Spaces/landerCabinInternals/model000
[LOG 11:04:35.290] Load DDS texture: Squad/Spaces/landerCabinInternals/model001
[LOG 11:04:35.290] Load DDS texture: Squad/Spaces/landerCabinInternals/model002
[LOG 11:04:35.291] Load DDS texture: Squad/Spaces/landerCabinInternals/model003
[LOG 11:04:35.295] Load DDS texture: Squad/Spaces/landerCabinInternals/model004
[LOG 11:04:35.296] Load DDS texture: Squad/Spaces/landerCabinInternals/model005
[LOG 11:04:35.296] Load DDS texture: Squad/Spaces/landerCabinInternals/model006
[LOG 11:04:35.298] Load DDS texture: Squad/Spaces/landerCabinInternals/model007
[LOG 11:04:35.298] Load DDS texture: Squad/Spaces/landerCabinSmallInternal/ksp_s_landerCan_internal_diff
[LOG 11:04:35.300] Load DDS texture: Squad/Spaces/landerCabinSmallInternal/ksp_s_landerCan_internal_normal
[LOG 11:04:35.304] Load DDS texture: Squad/Spaces/landerCabinSmallInternal/ksp_s_landerCan_internal_window_alpha
[LOG 11:04:35.305] Load DDS texture: Squad/Spaces/landerCabinSmallInternal/pilot Seat
[LOG 11:04:35.306] Load DDS texture: Squad/Spaces/LargeCrewedLabInternals/Glass
[LOG 11:04:35.306] Load DDS texture: Squad/Spaces/LargeCrewedLabInternals/MPL_Int
[LOG 11:04:35.310] Load DDS texture: Squad/Spaces/LargeCrewedLabInternals/MPL_Int_n_NRM
[LOG 11:04:35.310] Load DDS texture: Squad/Spaces/Mk1-3/Mk1_3_IvaProps_Diffuse
[LOG 11:04:35.314] Load DDS texture: Squad/Spaces/Mk1-3/Mk1_3_IvaProps_Normal
[LOG 11:04:35.317] Load DDS texture: Squad/Spaces/Mk1-3/Mk1_3_IvaShell_Diffuse
[LOG 11:04:35.321] Load DDS texture: Squad/Spaces/Mk1-3/Mk1_3_IvaShell_Emissive
[LOG 11:04:35.324] Load DDS texture: Squad/Spaces/Mk1-3/Mk1_3_IvaShell_Normal
[LOG 11:04:35.327] Load DDS texture: Squad/Spaces/Mk1-3/pilot Seat
[LOG 11:04:35.327] Load DDS texture: Squad/Spaces/mk1CabinInternal/Cabin_Lightmap
[LOG 11:04:35.328] Load DDS texture: Squad/Spaces/mk1CabinInternal/CockpitGeneric
[LOG 11:04:35.328] Load DDS texture: Squad/Spaces/mk1CabinInternal/CockpitGeneric_NRM
[LOG 11:04:35.328] Load DDS texture: Squad/Spaces/mk1CockpitInternal/CockpitGeneric
[LOG 11:04:35.328] Load DDS texture: Squad/Spaces/mk1CockpitInternal/CockpitGeneric_NRM
[LOG 11:04:35.328] Load DDS texture: Squad/Spaces/mk1CockpitInternal/IVAMAP
[LOG 11:04:35.328] Load DDS texture: Squad/Spaces/mk1CockpitInternal/Windows
[LOG 11:04:35.328] Load DDS texture: Squad/Spaces/mk1InlineInternal/Canopy
[LOG 11:04:35.329] Load DDS texture: Squad/Spaces/mk1InlineInternal/CockpitGeneric
[LOG 11:04:35.329] Load DDS texture: Squad/Spaces/mk1InlineInternal/CockpitGeneric_NRM
[LOG 11:04:35.329] Load DDS texture: Squad/Spaces/mk1InlineInternal/Mk1Inline_Lightmap
[LOG 11:04:35.329] Load DDS texture: Squad/Spaces/mk1PodCockpit/model000
[LOG 11:04:35.329] Load DDS texture: Squad/Spaces/mk1PodCockpit/model001
[LOG 11:04:35.329] Load DDS texture: Squad/Spaces/mk1PodCockpit/model002
[LOG 11:04:35.331] Load DDS texture: Squad/Spaces/mk1PodCockpit/model003
[LOG 11:04:35.331] Load DDS texture: Squad/Spaces/mk1PodCockpit/model004
[LOG 11:04:35.333] Load DDS texture: Squad/Spaces/mk1PodCockpit/model005
[LOG 11:04:35.333] Load DDS texture: Squad/Spaces/mk1PodCockpit/model006
[LOG 11:04:35.333] Load DDS texture: Squad/Spaces/mk1PodCockpit/model007
[LOG 11:04:35.333] Load DDS texture: Squad/Spaces/mk1pod_IVA/mk1pod_iva_props_diffuse
[LOG 11:04:35.336] Load DDS texture: Squad/Spaces/mk1pod_IVA/mk1pod_iva_props_emissive
[LOG 11:04:35.337] Load DDS texture: Squad/Spaces/mk1pod_IVA/mk1pod_iva_props_normal
[LOG 11:04:35.341] Load DDS texture: Squad/Spaces/mk1pod_IVA/mk1pod_iva_shell_diffuse
[LOG 11:04:35.346] Load DDS texture: Squad/Spaces/mk1pod_IVA/mk1pod_iva_shell_normal
[LOG 11:04:35.351] Load MBM texture: Squad/Spaces/mk1pod_IVA/pilot Seat
[LOG 11:04:35.387] Load DDS texture: Squad/Spaces/mk2CockpitStandardInternal/CargoBagA
[LOG 11:04:35.387] Load DDS texture: Squad/Spaces/mk2CockpitStandardInternal/Mk2StandardIVA
[LOG 11:04:35.388] Load DDS texture: Squad/Spaces/mk2CockpitStandardInternal/Pilotseat
[LOG 11:04:35.388] Load DDS texture: Squad/Spaces/mk2CockpitStandardInternal/Windows
[LOG 11:04:35.388] Load DDS texture: Squad/Spaces/Mk2CrewCabinInternal/CargoBagA
[LOG 11:04:35.388] Load DDS texture: Squad/Spaces/Mk2CrewCabinInternal/Glass
[LOG 11:04:35.388] Load DDS texture: Squad/Spaces/Mk2CrewCabinInternal/Mk2StandardIVA
[LOG 11:04:35.389] Load DDS texture: Squad/Spaces/Mk2CrewCabinInternal/Pilotseat
[LOG 11:04:35.389] Load DDS texture: Squad/Spaces/mk2InlineInternal/CockpitGeneric
[LOG 11:04:35.389] Load DDS texture: Squad/Spaces/mk2InlineInternal/CockpitGeneric_NRM
[LOG 11:04:35.390] Load DDS texture: Squad/Spaces/mk2InlineInternal/Mk2InlineLightmap
[LOG 11:04:35.390] Load DDS texture: Squad/Spaces/mk2InlineInternal/propsGeneric
[LOG 11:04:35.391] Load DDS texture: Squad/Spaces/mk2LanderCanInternal/mk2LanderCan_props_diffuse
[LOG 11:04:35.394] Load DDS texture: Squad/Spaces/mk2LanderCanInternal/mk2LanderCan_props_normal
[LOG 11:04:35.397] Load DDS texture: Squad/Spaces/mk2LanderCanInternal/mk2LanderCan_shell_diffuse
[LOG 11:04:35.402] Load DDS texture: Squad/Spaces/mk2LanderCanInternal/mk2LanderCan_shell_normal
[LOG 11:04:35.408] Load MBM texture: Squad/Spaces/mk2LanderCanInternal/pilot Seat
[LOG 11:04:35.437] Load DDS texture: Squad/Spaces/MK3CockpitInternal/Glass
[LOG 11:04:35.437] Load DDS texture: Squad/Spaces/MK3CockpitInternal/Mk2StandardIVA
[LOG 11:04:35.437] Load DDS texture: Squad/Spaces/MK3_CrewCab_Int/Glass
[LOG 11:04:35.438] Load DDS texture: Squad/Spaces/MK3_CrewCab_Int/GlassMK3CC
[LOG 11:04:35.438] Load DDS texture: Squad/Spaces/MK3_CrewCab_Int/Mk2StandardIVA
[LOG 11:04:35.438] Load DDS texture: Squad/Spaces/MK3_CrewCab_Int/MK3_CrewCab_Int
[LOG 11:04:35.438] Load DDS texture: Squad/Spaces/MK3_CrewCab_Int/MK3_CrewCab_Int_n
[LOG 11:04:35.438] Load DDS texture: Squad/Spaces/MK3_CrewCab_Int/Pilotseat
[LOG 11:04:35.438] Load DDS texture: Squad/Spaces/Placeholder/PlaceholderIVA
[LOG 11:04:35.438] Load DDS texture: Squad/Spaces/PodCockpit/model000
[LOG 11:04:35.439] Load DDS texture: Squad/Spaces/PodCockpit/model001
[LOG 11:04:35.439] Load DDS texture: Squad/Spaces/PodCockpit/model002
[LOG 11:04:35.439] Load DDS texture: Squad/Spaces/PodCockpit/model003
[LOG 11:04:35.441] Load DDS texture: Squad/Spaces/PodCockpit/model004
[LOG 11:04:35.441] Load DDS texture: Squad/Spaces/PodCockpit/model005
[LOG 11:04:35.442] Load DDS texture: Squad/Spaces/PodCockpit/model006
[LOG 11:04:35.442] Load DDS texture: Squad/Spaces/PodCockpit/model007
[LOG 11:04:35.442] Load DDS texture: Squad/Spaces/sharedAssets/CockpitGeneric
[LOG 11:04:35.443] Load DDS texture: Squad/Spaces/sharedAssets/CockpitGeneric_NRM
[LOG 11:04:35.443] Load Cached PNG Texture: Squad/Strategies/Icons/AggressiveNegotiations
[LOG 11:04:35.444] Load Cached PNG Texture: Squad/Strategies/Icons/AppreciationCampaign
[LOG 11:04:35.444] Load Cached PNG Texture: Squad/Strategies/Icons/BailOutGrant
[LOG 11:04:35.444] Load Cached PNG Texture: Squad/Strategies/Icons/FundraisingCampaign
[LOG 11:04:35.444] Load Cached PNG Texture: Squad/Strategies/Icons/LeadershipInitiative
[LOG 11:04:35.444] Load Cached PNG Texture: Squad/Strategies/Icons/OpenSourceTechProgram
[LOG 11:04:35.444] Load Cached PNG Texture: Squad/Strategies/Icons/OutsourcedResearch
[LOG 11:04:35.444] Load Cached PNG Texture: Squad/Strategies/Icons/PatentsLicensing
[LOG 11:04:35.444] Load Cached PNG Texture: Squad/Strategies/Icons/RecoveryTransponderFitting
[LOG 11:04:35.444] Load Cached PNG Texture: Squad/Strategies/Icons/ResearchRightsSellOut
[LOG 11:04:35.444] Load Cached PNG Texture: Squad/Strategies/Icons/UnpaidResearchProgram
[LOG 11:04:35.445] Load Cached PNG Texture: Squad/Tutorials/ChuteColors
[LOG 11:04:35.445] Load DDS texture: Squad/Tutorials/EditorCoM
[LOG 11:04:35.445] Load Cached PNG Texture: Squad/Tutorials/EditorSnap
[LOG 11:04:35.445] Load Cached PNG Texture: Squad/Tutorials/EditorSnap4x
[LOG 11:04:35.445] Load Cached PNG Texture: Squad/Tutorials/EditorSymm
[LOG 11:04:35.445] Load Cached PNG Texture: Squad/Tutorials/StagingStack
[LOG 11:04:35.445] Load PNG texture: Squad/Tutorials/YPRDiagram
[WRN 11:04:35.446] Texture isn't eligible for DXT compression, width and height must be multiples of 4
[LOG 11:04:35.446] Load Cached PNG Texture: SquadExpansion/MakingHistory/Banners/Fail/default
[LOG 11:04:35.446] Load Cached PNG Texture: SquadExpansion/MakingHistory/Banners/Fail/fail01
[LOG 11:04:35.446] Load Cached PNG Texture: SquadExpansion/MakingHistory/Banners/Fail/fail02
[LOG 11:04:35.446] Load PNG texture: SquadExpansion/MakingHistory/Banners/Menu/default
[WRN 11:04:35.449] Texture isn't eligible for DXT compression, width and height must be multiples of 4
[LOG 11:04:35.449] Load PNG texture: SquadExpansion/MakingHistory/Banners/Menu/MBanner_01
[WRN 11:04:35.453] Texture isn't eligible for DXT compression, width and height must be multiples of 4
[LOG 11:04:35.453] Load PNG texture: SquadExpansion/MakingHistory/Banners/Menu/MBanner_02
[WRN 11:04:35.457] Texture isn't eligible for DXT compression, width and height must be multiples of 4
[LOG 11:04:35.457] Load PNG texture: SquadExpansion/MakingHistory/Banners/Menu/MBanner_03
[WRN 11:04:35.460] Texture isn't eligible for DXT compression, width and height must be multiples of 4
[LOG 11:04:35.460] Load Cached PNG Texture: SquadExpansion/MakingHistory/Banners/Success/default
[LOG 11:04:35.460] Load Cached PNG Texture: SquadExpansion/MakingHistory/Banners/Success/success01
[LOG 11:04:35.460] Load Cached PNG Texture: SquadExpansion/MakingHistory/Banners/Success/success02
[LOG 11:04:35.460] Load Cached PNG Texture: SquadExpansion/MakingHistory/Missions/Acapello 13/Banners/Fail/fail01
[LOG 11:04:35.460] Load PNG texture: SquadExpansion/MakingHistory/Missions/Acapello 13/Banners/Menu/Mun
[WRN 11:04:35.462] Texture isn't eligible for DXT compression, width and height must be multiples of 4
[LOG 11:04:35.462] Load Cached PNG Texture: SquadExpansion/MakingHistory/Missions/Acapello 13/Banners/Success/success01
[LOG 11:04:35.462] Load Cached PNG Texture: SquadExpansion/MakingHistory/Missions/Acapello 15/Banners/Fail/default
[LOG 11:04:35.462] Load Cached PNG Texture: SquadExpansion/MakingHistory/Missions/Acapello 15/Banners/Fail/fail02
[LOG 11:04:35.462] Load PNG texture: SquadExpansion/MakingHistory/Missions/Acapello 15/Banners/Menu/default
[WRN 11:04:35.464] Texture isn't eligible for DXT compression, width and height must be multiples of 4
[LOG 11:04:35.464] Load Cached PNG Texture: SquadExpansion/MakingHistory/Missions/Acapello 15/Banners/Success/default
[LOG 11:04:35.464] Load Cached PNG Texture: SquadExpansion/MakingHistory/Missions/Blue Mun/Banners/Fail/fail01
[LOG 11:04:35.464] Load PNG texture: SquadExpansion/MakingHistory/Missions/Blue Mun/Banners/Menu/default
[WRN 11:04:35.468] Texture isn't eligible for DXT compression, width and height must be multiples of 4
[LOG 11:04:35.468] Load Cached PNG Texture: SquadExpansion/MakingHistory/Missions/Blue Mun/Banners/Success/success02
[LOG 11:04:35.468] Load Cached PNG Texture: SquadExpansion/MakingHistory/Missions/Dawn of the Space Age/Banners/Fail/default
[LOG 11:04:35.468] Load PNG texture: SquadExpansion/MakingHistory/Missions/Dawn of the Space Age/Banners/Menu/default
[WRN 11:04:35.471] Texture isn't eligible for DXT compression, width and height must be multiples of 4
[LOG 11:04:35.472] Load Cached PNG Texture: SquadExpansion/MakingHistory/Missions/Dawn of the Space Age/Banners/Success/default
[LOG 11:04:35.473] Load Cached PNG Texture: SquadExpansion/MakingHistory/Missions/Meet Me in Zero G/Banners/Fail/default
[LOG 11:04:35.473] Load Cached PNG Texture: SquadExpansion/MakingHistory/Missions/Meet Me in Zero G/Banners/Fail/fail01
[LOG 11:04:35.473] Load PNG texture: SquadExpansion/MakingHistory/Missions/Meet Me in Zero G/Banners/Menu/default
[WRN 11:04:35.475] Texture isn't eligible for DXT compression, width and height must be multiples of 4
[LOG 11:04:35.475] Load Cached PNG Texture: SquadExpansion/MakingHistory/Missions/Meet Me in Zero G/Banners/Success/default
[LOG 11:04:35.475] Load Cached PNG Texture: SquadExpansion/MakingHistory/Missions/Meet Me in Zero G/Banners/Success/success02
[LOG 11:04:35.475] Load Cached PNG Texture: SquadExpansion/MakingHistory/Missions/Munar 1/Banners/Fail/default
[LOG 11:04:35.475] Load Cached PNG Texture: SquadExpansion/MakingHistory/Missions/Munar 1/Banners/Fail/fail02
[LOG 11:04:35.475] Load PNG texture: SquadExpansion/MakingHistory/Missions/Munar 1/Banners/Menu/default
[WRN 11:04:35.477] Texture isn't eligible for DXT compression, width and height must be multiples of 4
[LOG 11:04:35.477] Load Cached PNG Texture: SquadExpansion/MakingHistory/Missions/Munar 1/Banners/Success/default
[LOG 11:04:35.477] Load Cached PNG Texture: SquadExpansion/MakingHistory/Missions/Munar 1/Banners/Success/success01
[LOG 11:04:35.477] Load Cached PNG Texture: SquadExpansion/MakingHistory/Missions/Sally-Hut 1/Banners/Fail/default
[LOG 11:04:35.477] Load Cached PNG Texture: SquadExpansion/MakingHistory/Missions/Sally-Hut 1/Banners/Fail/fail01
[LOG 11:04:35.477] Load Cached PNG Texture: SquadExpansion/MakingHistory/Missions/Sally-Hut 1/Banners/Menu/bannerSatellite
[LOG 11:04:35.477] Load Cached PNG Texture: SquadExpansion/MakingHistory/Missions/Sally-Hut 1/Banners/Success/default
[LOG 11:04:35.478] Load Cached PNG Texture: SquadExpansion/MakingHistory/Missions/Sally-Hut 1/Banners/Success/success02
[LOG 11:04:35.478] Load Cached PNG Texture: SquadExpansion/MakingHistory/Missions/To the Mun Via Minmus/Banners/Fail/fail02
[LOG 11:04:35.478] Load PNG texture: SquadExpansion/MakingHistory/Missions/To the Mun Via Minmus/Banners/Menu/MissionBannerKerbin
[WRN 11:04:35.480] Texture isn't eligible for DXT compression, width and height must be multiples of 4
[LOG 11:04:35.480] Load Cached PNG Texture: SquadExpansion/MakingHistory/Missions/To the Mun Via Minmus/Banners/Success/success01
[LOG 11:04:35.482] Load Cached PNG Texture: SquadExpansion/MakingHistory/Missions/Trouble in the Void/Banners/Fail/fail01
[LOG 11:04:35.482] Load PNG texture: SquadExpansion/MakingHistory/Missions/Trouble in the Void/Banners/Menu/default
[WRN 11:04:35.485] Texture isn't eligible for DXT compression, width and height must be multiples of 4
[LOG 11:04:35.485] Load Cached PNG Texture: SquadExpansion/MakingHistory/Missions/Trouble in the Void/Banners/Success/success02
[LOG 11:04:35.485] Load Cached PNG Texture: SquadExpansion/MakingHistory/Missions/Ziggy Kerman and the Spiders from Duna/Banners/Fail/fail02
[LOG 11:04:35.485] Load Cached PNG Texture: SquadExpansion/MakingHistory/Missions/Ziggy Kerman and the Spiders from Duna/Banners/Menu/bannerSatellite
[LOG 11:04:35.485] Load Cached PNG Texture: SquadExpansion/MakingHistory/Missions/Ziggy Kerman and the Spiders from Duna/Banners/Success/success01
[LOG 11:04:35.485] Load Cached PNG Texture: SquadExpansion/MakingHistory/Parts/@thumbs/Decoupler.1p5_icon0
[LOG 11:04:35.485] Load Cached PNG Texture: SquadExpansion/MakingHistory/Parts/@thumbs/Decoupler.1p5_icon1
[LOG 11:04:35.485] Load Cached PNG Texture: SquadExpansion/MakingHistory/Parts/@thumbs/EquiTriangle0_icon0
[LOG 11:04:35.485] Load Cached PNG Texture: SquadExpansion/MakingHistory/Parts/@thumbs/EquiTriangle0_icon1
[LOG 11:04:35.485] Load Cached PNG Texture: SquadExpansion/MakingHistory/Parts/@thumbs/EquiTriangle0_icon2
[LOG 11:04:35.485] Load Cached PNG Texture: SquadExpansion/MakingHistory/Parts/@thumbs/EquiTriangle0_icon3
[LOG 11:04:35.485] Load Cached PNG Texture: SquadExpansion/MakingHistory/Parts/@thumbs/EquiTriangle1p5_icon0
[LOG 11:04:35.486] Load Cached PNG Texture: SquadExpansion/MakingHistory/Parts/@thumbs/EquiTriangle1p5_icon1
[LOG 11:04:35.486] Load Cached PNG Texture: SquadExpansion/MakingHistory/Parts/@thumbs/EquiTriangle1p5_icon2
[LOG 11:04:35.486] Load Cached PNG Texture: SquadExpansion/MakingHistory/Parts/@thumbs/EquiTriangle1p5_icon3
[LOG 11:04:35.486] Load Cached PNG Texture: SquadExpansion/MakingHistory/Parts/@thumbs/EquiTriangle1_icon0
[LOG 11:04:35.486] Load Cached PNG Texture: SquadExpansion/MakingHistory/Parts/@thumbs/EquiTriangle1_icon1
[LOG 11:04:35.486] Load Cached PNG Texture: SquadExpansion/MakingHistory/Parts/@thumbs/EquiTriangle1_icon2
[LOG 11:04:35.486] Load Cached PNG Texture: SquadExpansion/MakingHistory/Parts/@thumbs/EquiTriangle1_icon3
[LOG 11:04:35.486] Load Cached PNG Texture: SquadExpansion/MakingHistory/Parts/@thumbs/EquiTriangle2_icon0
[LOG 11:04:35.486] Load Cached PNG Texture: SquadExpansion/MakingHistory/Parts/@thumbs/EquiTriangle2_icon1
[LOG 11:04:35.486] Load Cached PNG Texture: SquadExpansion/MakingHistory/Parts/@thumbs/EquiTriangle2_icon2
[LOG 11:04:35.486] Load Cached PNG Texture: SquadExpansion/MakingHistory/Parts/@thumbs/EquiTriangle2_icon3
[LOG 11:04:35.486] Load Cached PNG Texture: SquadExpansion/MakingHistory/Parts/@thumbs/HeatShield1p5_icon
[LOG 11:04:35.486] Load Cached PNG Texture: SquadExpansion/MakingHistory/Parts/@thumbs/InflatableAirlock_icon
[LOG 11:04:35.486] Load Cached PNG Texture: SquadExpansion/MakingHistory/Parts/@thumbs/LiquidEngineRV-1_icon
[LOG 11:04:35.486] Load Cached PNG Texture: SquadExpansion/MakingHistory/Parts/@thumbs/monopropMiniSphere_icon
[LOG 11:04:35.486] Load Cached PNG Texture: SquadExpansion/MakingHistory/Parts/@thumbs/Panel0_icon0
[LOG 11:04:35.486] Load Cached PNG Texture: SquadExpansion/MakingHistory/Parts/@thumbs/Panel0_icon1
[LOG 11:04:35.486] Load Cached PNG Texture: SquadExpansion/MakingHistory/Parts/@thumbs/Panel0_icon2
[LOG 11:04:35.487] Load Cached PNG Texture: SquadExpansion/MakingHistory/Parts/@thumbs/Panel0_icon3
[LOG 11:04:35.487] Load Cached PNG Texture: SquadExpansion/MakingHistory/Parts/@thumbs/Panel1p5_icon0
[LOG 11:04:35.487] Load Cached PNG Texture: SquadExpansion/MakingHistory/Parts/@thumbs/Panel1p5_icon1
[LOG 11:04:35.487] Load Cached PNG Texture: SquadExpansion/MakingHistory/Parts/@thumbs/Panel1p5_icon2
[LOG 11:04:35.487] Load Cached PNG Texture: SquadExpansion/MakingHistory/Parts/@thumbs/Panel1p5_icon3
[LOG 11:04:35.487] Load Cached PNG Texture: SquadExpansion/MakingHistory/Parts/@thumbs/Panel1_icon0
[LOG 11:04:35.487] Load Cached PNG Texture: SquadExpansion/MakingHistory/Parts/@thumbs/Panel1_icon1
[LOG 11:04:35.487] Load Cached PNG Texture: SquadExpansion/MakingHistory/Parts/@thumbs/Panel1_icon2
[LOG 11:04:35.487] Load Cached PNG Texture: SquadExpansion/MakingHistory/Parts/@thumbs/Panel1_icon3
[LOG 11:04:35.487] Load Cached PNG Texture: SquadExpansion/MakingHistory/Parts/@thumbs/roverWheelM1-F_icon0
[LOG 11:04:35.487] Load Cached PNG Texture: SquadExpansion/MakingHistory/Parts/@thumbs/roverWheelM1-F_icon1
[LOG 11:04:35.487] Load Cached PNG Texture: SquadExpansion/MakingHistory/Parts/@thumbs/Separator.1p5_icon0
[LOG 11:04:35.487] Load Cached PNG Texture: SquadExpansion/MakingHistory/Parts/@thumbs/Separator.1p5_icon1
[LOG 11:04:35.487] Load Cached PNG Texture: SquadExpansion/MakingHistory/Parts/@thumbs/Size1p5.Strut.Decoupler_icon0
[LOG 11:04:35.487] Load Cached PNG Texture: SquadExpansion/MakingHistory/Parts/@thumbs/Size1p5.Strut.Decoupler_icon1
[LOG 11:04:35.487] Load Cached PNG Texture: SquadExpansion/MakingHistory/Parts/@thumbs/Size1p5.Tank.03_icon0
[LOG 11:04:35.488] Load Cached PNG Texture: SquadExpansion/MakingHistory/Parts/@thumbs/Size1p5.Tank.04_icon0
[LOG 11:04:35.488] Load Cached PNG Texture: SquadExpansion/MakingHistory/Parts/@thumbs/Size1to0ServiceModule_icon
[LOG 11:04:35.488] Load Cached PNG Texture: SquadExpansion/MakingHistory/Parts/@thumbs/Triangle0_icon0
[LOG 11:04:35.488] Load Cached PNG Texture: SquadExpansion/MakingHistory/Parts/@thumbs/Triangle0_icon1
[LOG 11:04:35.488] Load Cached PNG Texture: SquadExpansion/MakingHistory/Parts/@thumbs/Triangle0_icon2
[LOG 11:04:35.488] Load Cached PNG Texture: SquadExpansion/MakingHistory/Parts/@thumbs/Triangle0_icon3
[LOG 11:04:35.488] Load Cached PNG Texture: SquadExpansion/MakingHistory/Parts/@thumbs/Triangle1p5_icon0
[LOG 11:04:35.488] Load Cached PNG Texture: SquadExpansion/MakingHistory/Parts/@thumbs/Triangle1p5_icon1
[LOG 11:04:35.488] Load Cached PNG Texture: SquadExpansion/MakingHistory/Parts/@thumbs/Triangle1p5_icon2
[LOG 11:04:35.488] Load Cached PNG Texture: SquadExpansion/MakingHistory/Parts/@thumbs/Triangle1p5_icon3
[LOG 11:04:35.488] Load Cached PNG Texture: SquadExpansion/MakingHistory/Parts/@thumbs/Triangle1_icon0
[LOG 11:04:35.488] Load Cached PNG Texture: SquadExpansion/MakingHistory/Parts/@thumbs/Triangle1_icon1
[LOG 11:04:35.488] Load Cached PNG Texture: SquadExpansion/MakingHistory/Parts/@thumbs/Triangle1_icon2
[LOG 11:04:35.488] Load Cached PNG Texture: SquadExpansion/MakingHistory/Parts/@thumbs/Triangle1_icon3
[LOG 11:04:35.488] Load Cached PNG Texture: SquadExpansion/MakingHistory/Parts/@thumbs/Triangle2_icon0
[LOG 11:04:35.488] Load Cached PNG Texture: SquadExpansion/MakingHistory/Parts/@thumbs/Triangle2_icon1
[LOG 11:04:35.488] Load Cached PNG Texture: SquadExpansion/MakingHistory/Parts/@thumbs/Triangle2_icon2
[LOG 11:04:35.489] Load Cached PNG Texture: SquadExpansion/MakingHistory/Parts/@thumbs/Triangle2_icon3
[LOG 11:04:35.489] Load Cached PNG Texture: SquadExpansion/MakingHistory/Parts/@thumbs/Tube1_icon0
[LOG 11:04:35.489] Load Cached PNG Texture: SquadExpansion/MakingHistory/Parts/@thumbs/Tube1_icon1
[LOG 11:04:35.489] Load Cached PNG Texture: SquadExpansion/MakingHistory/Parts/@thumbs/Tube1_icon2
[LOG 11:04:35.489] Load Cached PNG Texture: SquadExpansion/MakingHistory/Parts/@thumbs/Tube1_icon3
[LOG 11:04:35.489] Load Cached PNG Texture: SquadExpansion/MakingHistory/Parts/@thumbs/Tube1_icon4
[LOG 11:04:35.489] Load Cached PNG Texture: SquadExpansion/MakingHistory/Parts/Aero/protectiveRocketNoseMk5A/s1p5_cone
[LOG 11:04:35.489] Load Cached PNG Texture: SquadExpansion/MakingHistory/Parts/Aero/protectiveRocketNoseMk5A/s1p5_cone_Orange
[LOG 11:04:35.490] Load DDS texture: SquadExpansion/MakingHistory/Parts/Coupling/Assets/airlock
[LOG 11:04:35.490] Load DDS texture: SquadExpansion/MakingHistory/Parts/Coupling/Assets/airlock_N
[LOG 11:04:35.490] Load DDS texture: SquadExpansion/MakingHistory/Parts/Coupling/Assets/EnginePlate
[LOG 11:04:35.490] Load DDS texture: SquadExpansion/MakingHistory/Parts/Coupling/Assets/Size1_5_Decoupler_grey
[LOG 11:04:35.490] Load DDS texture: SquadExpansion/MakingHistory/Parts/Coupling/Assets/Size1_5_Decoupler_orange
[LOG 11:04:35.491] Load DDS texture: SquadExpansion/MakingHistory/Parts/Engine/Assets/KE-1
[LOG 11:04:35.492] Load DDS texture: SquadExpansion/MakingHistory/Parts/Engine/Assets/KE-1_BASE
[LOG 11:04:35.492] Load DDS texture: SquadExpansion/MakingHistory/Parts/Engine/Assets/LV-T87
[LOG 11:04:35.493] Load DDS texture: SquadExpansion/MakingHistory/Parts/Engine/Assets/LV-T91
[LOG 11:04:35.493] Load DDS texture: SquadExpansion/MakingHistory/Parts/Engine/Assets/RE-I2
[LOG 11:04:35.495] Load DDS texture: SquadExpansion/MakingHistory/Parts/Engine/Assets/RE-J10
[LOG 11:04:35.496] Load DDS texture: SquadExpansion/MakingHistory/Parts/Engine/Assets/RE-J10_N
[LOG 11:04:35.497] Load DDS texture: SquadExpansion/MakingHistory/Parts/Engine/Assets/RK-7
[LOG 11:04:35.499] Load DDS texture: SquadExpansion/MakingHistory/Parts/Engine/Assets/RK-7_N
[LOG 11:04:35.499] Load DDS texture: SquadExpansion/MakingHistory/Parts/Engine/solidBoosterTHK/SolidBoosterS2-17_emissive
[LOG 11:04:35.502] Load DDS texture: SquadExpansion/MakingHistory/Parts/Engine/solidBoosterTHK/solidBoosterTHK_diffuse
[LOG 11:04:35.510] Load DDS texture: SquadExpansion/MakingHistory/Parts/FuelTank/Assets/Size1p5_02
[LOG 11:04:35.510] Load DDS texture: SquadExpansion/MakingHistory/Parts/FuelTank/Assets/Size1p5_02_ALT01
[LOG 11:04:35.511] Load DDS texture: SquadExpansion/MakingHistory/Parts/FuelTank/Assets/Size1p5_02_ALT02
[LOG 11:04:35.511] Load DDS texture: SquadExpansion/MakingHistory/Parts/FuelTank/Assets/Size1p5_02_ALT02_normal
[LOG 11:04:35.512] Load DDS texture: SquadExpansion/MakingHistory/Parts/FuelTank/Assets/Size1p5_mono
[LOG 11:04:35.513] Load DDS texture: SquadExpansion/MakingHistory/Parts/FuelTank/Assets/Size1p5_mono_2
[LOG 11:04:35.513] Load DDS texture: SquadExpansion/MakingHistory/Parts/FuelTank/Assets/Size1p5_mono_N
[LOG 11:04:35.515] Load DDS texture: SquadExpansion/MakingHistory/Parts/FuelTank/Assets/Size1_5_TankAdapters
[LOG 11:04:35.516] Load DDS texture: SquadExpansion/MakingHistory/Parts/FuelTank/Assets/Size1_5_TankAdapters_ALT01
[LOG 11:04:35.516] Load DDS texture: SquadExpansion/MakingHistory/Parts/FuelTank/Assets/Size1_5_TankAdapters_ALT02
[LOG 11:04:35.517] Load DDS texture: SquadExpansion/MakingHistory/Parts/FuelTank/Assets/Size1_5_TankAdapters_ALT02nm
[LOG 11:04:35.518] Load DDS texture: SquadExpansion/MakingHistory/Parts/FuelTank/Assets/Size1_5_TankAdapters_N
[LOG 11:04:35.518] Load DDS texture: SquadExpansion/MakingHistory/Parts/FuelTank/Assets/Size1_5_Tanks
[LOG 11:04:35.519] Load DDS texture: SquadExpansion/MakingHistory/Parts/FuelTank/Assets/Size1_5_Tanks_ALT02
[LOG 11:04:35.520] Load DDS texture: SquadExpansion/MakingHistory/Parts/FuelTank/Assets/Size1_5_Tanks_ALT02_nm
[LOG 11:04:35.521] Load DDS texture: SquadExpansion/MakingHistory/Parts/FuelTank/Assets/Size1_5_Tanks_grey
[LOG 11:04:35.521] Load DDS texture: SquadExpansion/MakingHistory/Parts/FuelTank/Assets/Size4_Tanks
[LOG 11:04:35.523] Load DDS texture: SquadExpansion/MakingHistory/Parts/FuelTank/Assets/Size4_Tanks_N
[LOG 11:04:35.528] Load DDS texture: SquadExpansion/MakingHistory/Parts/Ground/Assets/RoverWheel
[LOG 11:04:35.528] Load DDS texture: SquadExpansion/MakingHistory/Parts/Ground/Assets/RoverWheelG
[LOG 11:04:35.528] Load DDS texture: SquadExpansion/MakingHistory/Parts/Payload/Assets/Size1to0ServiceBay
[LOG 11:04:35.529] Load DDS texture: SquadExpansion/MakingHistory/Parts/Payload/Assets/Size1to0ServiceBay_n
[LOG 11:04:35.531] Load DDS texture: SquadExpansion/MakingHistory/Parts/Payload/Assets/SM18_diffuse
[LOG 11:04:35.534] Load Cached PNG Texture: SquadExpansion/MakingHistory/Parts/Payload/Assets/SM18_NRM
[LOG 11:04:35.538] Load DDS texture: SquadExpansion/MakingHistory/Parts/Payload/Assets/SM18_specular
[LOG 11:04:35.544] Load DDS texture: SquadExpansion/MakingHistory/Parts/Payload/Assets/SM25_diffuse
[LOG 11:04:35.549] Load DDS texture: SquadExpansion/MakingHistory/Parts/Payload/Assets/SM25_normals
[LOG 11:04:35.550] Load DDS texture: SquadExpansion/MakingHistory/Parts/Pods/Assets/KV1
[LOG 11:04:35.551] Load DDS texture: SquadExpansion/MakingHistory/Parts/Pods/Assets/KV1_GLOW
[LOG 11:04:35.551] Load DDS texture: SquadExpansion/MakingHistory/Parts/Pods/Assets/KV2
[LOG 11:04:35.551] Load DDS texture: SquadExpansion/MakingHistory/Parts/Pods/Assets/KV3
[LOG 11:04:35.552] Load DDS texture: SquadExpansion/MakingHistory/Parts/Pods/Assets/Mk2Pod
[LOG 11:04:35.553] Load DDS texture: SquadExpansion/MakingHistory/Parts/Pods/Assets/Mk2Pod_GLOW
[LOG 11:04:35.553] Load DDS texture: SquadExpansion/MakingHistory/Parts/Pods/Assets/Mk2Pod_n
[LOG 11:04:35.554] Load DDS texture: SquadExpansion/MakingHistory/Parts/Pods/Assets/Size1_5_Lander
[LOG 11:04:35.554] Load DDS texture: SquadExpansion/MakingHistory/Parts/Pods/Assets/Size1_5_Lander_GLOW
[LOG 11:04:35.554] Load DDS texture: SquadExpansion/MakingHistory/Parts/SharedAssets/Shrouds
[LOG 11:04:35.557] Load DDS texture: SquadExpansion/MakingHistory/Parts/SharedAssets/Shrouds_N
[LOG 11:04:35.558] Load DDS texture: SquadExpansion/MakingHistory/Parts/Structural/Assets/NormalMap
[LOG 11:04:35.559] Load DDS texture: SquadExpansion/MakingHistory/Parts/Structural/Assets/Panels
[LOG 11:04:35.561] Load DDS texture: SquadExpansion/MakingHistory/Parts/Structural/Assets/Panels_Dark_D
[LOG 11:04:35.562] Load DDS texture: SquadExpansion/MakingHistory/Parts/Structural/Assets/Panels_Gold_D
[LOG 11:04:35.564] Load Cached PNG Texture: SquadExpansion/MakingHistory/Parts/Structural/Assets/Panels_Gold_NRM
[LOG 11:04:35.566] Load DDS texture: SquadExpansion/MakingHistory/Parts/Structural/Assets/Panels_Gold_S
[LOG 11:04:35.568] Load DDS texture: SquadExpansion/MakingHistory/Parts/Structural/Assets/Panels_Silver_D
[LOG 11:04:35.571] Load DDS texture: SquadExpansion/MakingHistory/Parts/Structural/Assets/Panels_Silver_S
[LOG 11:04:35.572] Load Cached PNG Texture: SquadExpansion/MakingHistory/Ships/@thumbs/VAB/Acapello
[LOG 11:04:35.573] Load Cached PNG Texture: SquadExpansion/MakingHistory/Ships/@thumbs/VAB/Beta Centaurus
[LOG 11:04:35.573] Load Cached PNG Texture: SquadExpansion/MakingHistory/Ships/@thumbs/VAB/Goliath II HLV
[LOG 11:04:35.573] Load Cached PNG Texture: SquadExpansion/MakingHistory/Ships/@thumbs/VAB/Muna 1
[LOG 11:04:35.573] Load Cached PNG Texture: SquadExpansion/MakingHistory/Ships/@thumbs/VAB/Sally-Hut 1
[LOG 11:04:35.573] Load Cached PNG Texture: SquadExpansion/MakingHistory/Ships/@thumbs/VAB/SWM-94 Communications Satellite
[LOG 11:04:35.573] Load Cached PNG Texture: SquadExpansion/MakingHistory/Ships/@thumbs/VAB/Valshkod 2
[LOG 11:04:35.573] Load DDS texture: SquadExpansion/MakingHistory/Spaces/KVPods/airlock
[LOG 11:04:35.573] Load DDS texture: SquadExpansion/MakingHistory/Spaces/KVPods/airlock_N
[LOG 11:04:35.573] Load DDS texture: SquadExpansion/MakingHistory/Spaces/KVPods/KV1_Props_Diffuse
[LOG 11:04:35.586] Load DDS texture: SquadExpansion/MakingHistory/Spaces/KVPods/KV1_Props_Normal
[LOG 11:04:35.599] Load DDS texture: SquadExpansion/MakingHistory/Spaces/KVPods/KV1_Shell_Diffuse
[LOG 11:04:35.603] Load DDS texture: SquadExpansion/MakingHistory/Spaces/KVPods/KV1_Shell_Emissive
[LOG 11:04:35.605] Load DDS texture: SquadExpansion/MakingHistory/Spaces/KVPods/KV1_Shell_Normal
[LOG 11:04:35.610] Load DDS texture: SquadExpansion/MakingHistory/Spaces/KVPods/KV1_Vzor_Diffuse
[LOG 11:04:35.610] Load DDS texture: SquadExpansion/MakingHistory/Spaces/KVPods/KV2_Props_Diffuse
[LOG 11:04:35.613] Load DDS texture: SquadExpansion/MakingHistory/Spaces/KVPods/KV2_Props_Emissive
[LOG 11:04:35.617] Load DDS texture: SquadExpansion/MakingHistory/Spaces/KVPods/KV2_Props_Normal
[LOG 11:04:35.622] Load DDS texture: SquadExpansion/MakingHistory/Spaces/KVPods/KV2_Shell_Diffuse
[LOG 11:04:35.626] Load DDS texture: SquadExpansion/MakingHistory/Spaces/KVPods/KV2_Shell_Normal
[LOG 11:04:35.629] Load DDS texture: SquadExpansion/MakingHistory/Spaces/KVPods/KV3_Props_Diffuse
[LOG 11:04:35.633] Load DDS texture: SquadExpansion/MakingHistory/Spaces/KVPods/KV3_Props_Normal
[LOG 11:04:35.637] Load DDS texture: SquadExpansion/MakingHistory/Spaces/KVPods/KV3_Shell_Diffuse
[LOG 11:04:35.639] Load DDS texture: SquadExpansion/MakingHistory/Spaces/KVPods/KV3_Shell_Normal
[LOG 11:04:35.642] Load DDS texture: SquadExpansion/MakingHistory/Spaces/KVPods/motor
[LOG 11:04:35.642] Load DDS texture: SquadExpansion/MakingHistory/Spaces/KVPods/pilot Seat
[LOG 11:04:35.642] Load DDS texture: SquadExpansion/MakingHistory/Spaces/MEM/PANELS_AO
[LOG 11:04:35.646] Load DDS texture: SquadExpansion/MakingHistory/Spaces/MEM/PANELS_EMISSIVE
[LOG 11:04:35.648] Load DDS texture: SquadExpansion/MakingHistory/Spaces/MEM/PANELS_NORMAL
[LOG 11:04:35.651] Load DDS texture: SquadExpansion/MakingHistory/Spaces/MEM/pilot Seat
[LOG 11:04:35.651] Load DDS texture: SquadExpansion/MakingHistory/Spaces/MEM/propsGeneric
[LOG 11:04:35.653] Load DDS texture: SquadExpansion/MakingHistory/Spaces/MEM/PROPS_AO
[LOG 11:04:35.656] Load DDS texture: SquadExpansion/MakingHistory/Spaces/MEM/PROPS_EMISSIVE
[LOG 11:04:35.656] Load DDS texture: SquadExpansion/MakingHistory/Spaces/MEM/PROPS_NORMAL
[LOG 11:04:35.659] Load DDS texture: SquadExpansion/MakingHistory/Spaces/Mk2Pod/DIfuse_controlboard
[LOG 11:04:35.663] Load DDS texture: SquadExpansion/MakingHistory/Spaces/Mk2Pod/Normal_controlbard
[LOG 11:04:35.670] Load DDS texture: SquadExpansion/MakingHistory/Spaces/Mk2Pod/Outershell_Base_Color
[LOG 11:04:35.674] Load DDS texture: SquadExpansion/MakingHistory/Spaces/Mk2Pod/Outershell_Normal
[LOG 11:04:35.679] Load DDS texture: SquadExpansion/MakingHistory/Spaces/Mk2Pod/pilot Seat
[LOG 11:04:35.681] Load Cached PNG Texture: SquadExpansion/Serenity/Parts/@thumbs/controller1000_icon
[LOG 11:04:35.681] Load Cached PNG Texture: SquadExpansion/Serenity/Parts/@thumbs/DeployedCentralStation_icon
[LOG 11:04:35.681] Load Cached PNG Texture: SquadExpansion/Serenity/Parts/@thumbs/DeployedGoExOb_icon
[LOG 11:04:35.681] Load Cached PNG Texture: SquadExpansion/Serenity/Parts/@thumbs/DeployedIONExp_icon
[LOG 11:04:35.681] Load Cached PNG Texture: SquadExpansion/Serenity/Parts/@thumbs/DeployedRTG_icon
[LOG 11:04:35.681] Load Cached PNG Texture: SquadExpansion/Serenity/Parts/@thumbs/DeployedSatDish_icon
[LOG 11:04:35.681] Load Cached PNG Texture: SquadExpansion/Serenity/Parts/@thumbs/DeployedSeismicSensor_icon
[LOG 11:04:35.681] Load Cached PNG Texture: SquadExpansion/Serenity/Parts/@thumbs/DeployedSolarPanel_icon
[LOG 11:04:35.681] Load Cached PNG Texture: SquadExpansion/Serenity/Parts/@thumbs/DeployedWeatherStn_icon
[LOG 11:04:35.681] Load Cached PNG Texture: SquadExpansion/Serenity/Parts/@thumbs/FanShroud.01_icon0
[LOG 11:04:35.681] Load Cached PNG Texture: SquadExpansion/Serenity/Parts/@thumbs/FanShroud.01_icon1
[LOG 11:04:35.681] Load Cached PNG Texture: SquadExpansion/Serenity/Parts/@thumbs/FanShroud.02_icon0
[LOG 11:04:35.681] Load Cached PNG Texture: SquadExpansion/Serenity/Parts/@thumbs/FanShroud.02_icon1
[LOG 11:04:35.681] Load Cached PNG Texture: SquadExpansion/Serenity/Parts/@thumbs/hinge.01.s_icon0
[LOG 11:04:35.682] Load Cached PNG Texture: SquadExpansion/Serenity/Parts/@thumbs/hinge.01.s_icon1
[LOG 11:04:35.682] Load Cached PNG Texture: SquadExpansion/Serenity/Parts/@thumbs/hinge.01_icon0
[LOG 11:04:35.682] Load Cached PNG Texture: SquadExpansion/Serenity/Parts/@thumbs/hinge.01_icon1
[LOG 11:04:35.682] Load Cached PNG Texture: SquadExpansion/Serenity/Parts/@thumbs/hinge.03.s_icon0
[LOG 11:04:35.682] Load Cached PNG Texture: SquadExpansion/Serenity/Parts/@thumbs/hinge.03.s_icon1
[LOG 11:04:35.682] Load Cached PNG Texture: SquadExpansion/Serenity/Parts/@thumbs/hinge.03_icon0
[LOG 11:04:35.682] Load Cached PNG Texture: SquadExpansion/Serenity/Parts/@thumbs/hinge.03_icon1
[LOG 11:04:35.682] Load Cached PNG Texture: SquadExpansion/Serenity/Parts/@thumbs/largeFanBlade_icon0
[LOG 11:04:35.682] Load Cached PNG Texture: SquadExpansion/Serenity/Parts/@thumbs/largeFanBlade_icon1
[LOG 11:04:35.682] Load Cached PNG Texture: SquadExpansion/Serenity/Parts/@thumbs/largePropeller_icon0
[LOG 11:04:35.682] Load Cached PNG Texture: SquadExpansion/Serenity/Parts/@thumbs/largePropeller_icon1
[LOG 11:04:35.682] Load Cached PNG Texture: SquadExpansion/Serenity/Parts/@thumbs/lGripPad_icon0
[LOG 11:04:35.682] Load Cached PNG Texture: SquadExpansion/Serenity/Parts/@thumbs/lGripPad_icon1
[LOG 11:04:35.682] Load Cached PNG Texture: SquadExpansion/Serenity/Parts/@thumbs/lGripStrip_icon
[LOG 11:04:35.682] Load Cached PNG Texture: SquadExpansion/Serenity/Parts/@thumbs/mediumFanBlade_icon0
[LOG 11:04:35.682] Load Cached PNG Texture: SquadExpansion/Serenity/Parts/@thumbs/mediumFanBlade_icon1
[LOG 11:04:35.682] Load Cached PNG Texture: SquadExpansion/Serenity/Parts/@thumbs/mediumPropeller_icon0
[LOG 11:04:35.682] Load Cached PNG Texture: SquadExpansion/Serenity/Parts/@thumbs/mediumPropeller_icon1
[LOG 11:04:35.683] Load Cached PNG Texture: SquadExpansion/Serenity/Parts/@thumbs/mGripPad_icon0
[LOG 11:04:35.683] Load Cached PNG Texture: SquadExpansion/Serenity/Parts/@thumbs/mGripPad_icon1
[LOG 11:04:35.683] Load Cached PNG Texture: SquadExpansion/Serenity/Parts/@thumbs/noseconeTiny_icon
[LOG 11:04:35.683] Load Cached PNG Texture: SquadExpansion/Serenity/Parts/@thumbs/noseconeVS_icon
[LOG 11:04:35.683] Load Cached PNG Texture: SquadExpansion/Serenity/Parts/@thumbs/piston.01_icon0
[LOG 11:04:35.683] Load Cached PNG Texture: SquadExpansion/Serenity/Parts/@thumbs/piston.01_icon1
[LOG 11:04:35.683] Load Cached PNG Texture: SquadExpansion/Serenity/Parts/@thumbs/piston.02_icon0
[LOG 11:04:35.683] Load Cached PNG Texture: SquadExpansion/Serenity/Parts/@thumbs/piston.02_icon1
[LOG 11:04:35.683] Load Cached PNG Texture: SquadExpansion/Serenity/Parts/@thumbs/piston.03_icon0
[LOG 11:04:35.683] Load Cached PNG Texture: SquadExpansion/Serenity/Parts/@thumbs/piston.03_icon1
[LOG 11:04:35.683] Load Cached PNG Texture: SquadExpansion/Serenity/Parts/@thumbs/piston.04_icon0
[LOG 11:04:35.683] Load Cached PNG Texture: SquadExpansion/Serenity/Parts/@thumbs/piston.04_icon1
[LOG 11:04:35.683] Load Cached PNG Texture: SquadExpansion/Serenity/Parts/@thumbs/RobotArmScanner.S1_icon
[LOG 11:04:35.683] Load Cached PNG Texture: SquadExpansion/Serenity/Parts/@thumbs/RobotArmScanner.S2_icon
[LOG 11:04:35.683] Load Cached PNG Texture: SquadExpansion/Serenity/Parts/@thumbs/RobotArmScanner.S3_icon
[LOG 11:04:35.683] Load Cached PNG Texture: SquadExpansion/Serenity/Parts/@thumbs/rotor.01s_icon0
[LOG 11:04:35.683] Load Cached PNG Texture: SquadExpansion/Serenity/Parts/@thumbs/rotor.01s_icon1
[LOG 11:04:35.683] Load Cached PNG Texture: SquadExpansion/Serenity/Parts/@thumbs/rotor.01_icon0
[LOG 11:04:35.684] Load Cached PNG Texture: SquadExpansion/Serenity/Parts/@thumbs/rotor.01_icon1
[LOG 11:04:35.684] Load Cached PNG Texture: SquadExpansion/Serenity/Parts/@thumbs/rotor.02s_icon0
[LOG 11:04:35.684] Load Cached PNG Texture: SquadExpansion/Serenity/Parts/@thumbs/rotor.02s_icon1
[LOG 11:04:35.684] Load Cached PNG Texture: SquadExpansion/Serenity/Parts/@thumbs/rotor.02_icon0
[LOG 11:04:35.684] Load Cached PNG Texture: SquadExpansion/Serenity/Parts/@thumbs/rotor.02_icon1
[LOG 11:04:35.684] Load Cached PNG Texture: SquadExpansion/Serenity/Parts/@thumbs/RotorEngine.02_icon
[LOG 11:04:35.684] Load Cached PNG Texture: SquadExpansion/Serenity/Parts/@thumbs/rotoServo.00_icon0
[LOG 11:04:35.684] Load Cached PNG Texture: SquadExpansion/Serenity/Parts/@thumbs/rotoServo.00_icon1
[LOG 11:04:35.684] Load Cached PNG Texture: SquadExpansion/Serenity/Parts/@thumbs/rotoServo.02_icon0
[LOG 11:04:35.684] Load Cached PNG Texture: SquadExpansion/Serenity/Parts/@thumbs/rotoServo.02_icon1
[LOG 11:04:35.684] Load Cached PNG Texture: SquadExpansion/Serenity/Parts/@thumbs/rotoServo.03_icon0
[LOG 11:04:35.684] Load Cached PNG Texture: SquadExpansion/Serenity/Parts/@thumbs/rotoServo.03_icon1
[LOG 11:04:35.684] Load Cached PNG Texture: SquadExpansion/Serenity/Parts/@thumbs/sGripPad_icon0
[LOG 11:04:35.684] Load Cached PNG Texture: SquadExpansion/Serenity/Parts/@thumbs/sGripPad_icon1
[LOG 11:04:35.684] Load Cached PNG Texture: SquadExpansion/Serenity/Parts/@thumbs/sGripStrip_icon
[LOG 11:04:35.684] Load Cached PNG Texture: SquadExpansion/Serenity/Parts/@thumbs/smallFanBlade_icon0
[LOG 11:04:35.684] Load Cached PNG Texture: SquadExpansion/Serenity/Parts/@thumbs/smallFanBlade_icon1
[LOG 11:04:35.684] Load Cached PNG Texture: SquadExpansion/Serenity/Parts/@thumbs/smallHeliBlade_icon0
[LOG 11:04:35.684] Load Cached PNG Texture: SquadExpansion/Serenity/Parts/@thumbs/smallHeliBlade_icon1
[LOG 11:04:35.684] Load Cached PNG Texture: SquadExpansion/Serenity/Parts/@thumbs/smallPropeller_icon0
[LOG 11:04:35.684] Load Cached PNG Texture: SquadExpansion/Serenity/Parts/@thumbs/smallPropeller_icon1
[LOG 11:04:35.684] Load DDS texture: SquadExpansion/Serenity/Parts/Aero/Assets/copterBlades_diffuse
[LOG 11:04:35.684] Load DDS texture: SquadExpansion/Serenity/Parts/Aero/Assets/shroudsDiffuse_color
[LOG 11:04:35.685] Load DDS texture: SquadExpansion/Serenity/Parts/Aero/Assets/shroudsDiffuse_plain
[LOG 11:04:35.685] Load Cached PNG Texture: SquadExpansion/Serenity/Parts/DeployedScience/MockupTexture
[LOG 11:04:35.685] Load DDS texture: SquadExpansion/Serenity/Parts/DeployedScience/Assets/centralStation_diffuse
[LOG 11:04:35.685] Load DDS texture: SquadExpansion/Serenity/Parts/DeployedScience/Assets/centralStation_emissive
[LOG 11:04:35.703] Load DDS texture: SquadExpansion/Serenity/Parts/DeployedScience/Assets/GenericParts_diffuse
[LOG 11:04:35.705] Load DDS texture: SquadExpansion/Serenity/Parts/DeployedScience/Assets/GenericParts_emissive
[LOG 11:04:35.706] Load DDS texture: SquadExpansion/Serenity/Parts/DeployedScience/Assets/GenericParts_normal
[LOG 11:04:35.706] Load DDS texture: SquadExpansion/Serenity/Parts/DeployedScience/Assets/goex_diffuse
[LOG 11:04:35.708] Load DDS texture: SquadExpansion/Serenity/Parts/DeployedScience/Assets/goex_specMapped
[LOG 11:04:35.712] Load DDS texture: SquadExpansion/Serenity/Parts/DeployedScience/Assets/Grid
[LOG 11:04:35.713] Load DDS texture: SquadExpansion/Serenity/Parts/DeployedScience/Assets/IonExperiment_diffuse
[LOG 11:04:35.713] Load DDS texture: SquadExpansion/Serenity/Parts/DeployedScience/Assets/RTGCask_diffuse
[LOG 11:04:35.715] Load DDS texture: SquadExpansion/Serenity/Parts/DeployedScience/Assets/satDish_diffuse
[LOG 11:04:35.716] Load Cached PNG Texture: SquadExpansion/Serenity/Parts/DeployedScience/Assets/Scratch
[LOG 11:04:35.716] Load DDS texture: SquadExpansion/Serenity/Parts/DeployedScience/Assets/Screen2
[LOG 11:04:35.716] Load DDS texture: SquadExpansion/Serenity/Parts/DeployedScience/Assets/Screen3
[LOG 11:04:35.717] Load DDS texture: SquadExpansion/Serenity/Parts/DeployedScience/Assets/ScreenReadout
[LOG 11:04:35.717] Load DDS texture: SquadExpansion/Serenity/Parts/DeployedScience/Assets/seismicSensor_diffuse
[LOG 11:04:35.717] Load DDS texture: SquadExpansion/Serenity/Parts/DeployedScience/Assets/seismicSensor_nrm
[LOG 11:04:35.717] Load DDS texture: SquadExpansion/Serenity/Parts/DeployedScience/Assets/seismicSensor_specularMapped
[LOG 11:04:35.718] Load DDS texture: SquadExpansion/Serenity/Parts/DeployedScience/Assets/SolarGraph
[LOG 11:04:35.718] Load DDS texture: SquadExpansion/Serenity/Parts/DeployedScience/Assets/solarPanel_diffuse
[LOG 11:04:35.719] Load DDS texture: SquadExpansion/Serenity/Parts/DeployedScience/Assets/Waveleght3
[LOG 11:04:35.719] Load DDS texture: SquadExpansion/Serenity/Parts/DeployedScience/Assets/Wavelenght
[LOG 11:04:35.719] Load DDS texture: SquadExpansion/Serenity/Parts/DeployedScience/Assets/Wavelenght2
[LOG 11:04:35.720] Load DDS texture: SquadExpansion/Serenity/Parts/DeployedScience/Assets/wavelenght4
[LOG 11:04:35.720] Load DDS texture: SquadExpansion/Serenity/Parts/DeployedScience/Assets/wavelenght5
[LOG 11:04:35.720] Load DDS texture: SquadExpansion/Serenity/Parts/DeployedScience/Assets/WeatherStation [Normal]
[LOG 11:04:35.733] Load DDS texture: SquadExpansion/Serenity/Parts/DeployedScience/Assets/Weather_Station_diffuse
[LOG 11:04:35.739] Load DDS texture: SquadExpansion/Serenity/Parts/DeployedScience/Assets/Weather_Station_normal
[LOG 11:04:35.745] Load DDS texture: SquadExpansion/Serenity/Parts/Propellers/Assets/blade_diffuse
[LOG 11:04:35.746] Load DDS texture: SquadExpansion/Serenity/Parts/Propellers/Assets/copterBlades_diffuse
[LOG 11:04:35.747] Load DDS texture: SquadExpansion/Serenity/Parts/Propellers/Assets/fan_diffuse
[LOG 11:04:35.747] Load DDS texture: SquadExpansion/Serenity/Parts/Robotics/Assets/hinges-03-s_diffuse_Color
[LOG 11:04:35.748] Load DDS texture: SquadExpansion/Serenity/Parts/Robotics/Assets/hinges-03_diffuse_color
[LOG 11:04:35.748] Load DDS texture: SquadExpansion/Serenity/Parts/Robotics/Assets/hinges-03_diffuse_plain
[LOG 11:04:35.749] Load DDS texture: SquadExpansion/Serenity/Parts/Robotics/Assets/hinges_diffuse
[LOG 11:04:35.749] Load DDS texture: SquadExpansion/Serenity/Parts/Robotics/Assets/Hinge_diffuse_G-00_Color
[LOG 11:04:35.749] Load DDS texture: SquadExpansion/Serenity/Parts/Robotics/Assets/Hinge_diffuse_G-11_Color
[LOG 11:04:35.749] Load DDS texture: SquadExpansion/Serenity/Parts/Robotics/Assets/Hinge_diffuse_G-11_plain
[LOG 11:04:35.750] Load DDS texture: SquadExpansion/Serenity/Parts/Robotics/Assets/Hinge_normal
[LOG 11:04:35.750] Load DDS texture: SquadExpansion/Serenity/Parts/Robotics/Assets/RotorEngine_02_diffuse
[LOG 11:04:35.750] Load DDS texture: SquadExpansion/Serenity/Parts/Robotics/Assets/RotorEngine_03_diffuse
[LOG 11:04:35.751] Load DDS texture: SquadExpansion/Serenity/Parts/Robotics/Assets/RotorEngine_03_normal
[LOG 11:04:35.751] Load DDS texture: SquadExpansion/Serenity/Parts/Robotics/Assets/Rotor_01_diffuse_color
[LOG 11:04:35.752] Load DDS texture: SquadExpansion/Serenity/Parts/Robotics/Assets/Rotor_01_diffuse_plain
[LOG 11:04:35.752] Load DDS texture: SquadExpansion/Serenity/Parts/Robotics/Assets/Rotor_01_normal
[LOG 11:04:35.752] Load DDS texture: SquadExpansion/Serenity/Parts/Robotics/Assets/Rotor_01_specular_D
[LOG 11:04:35.753] Load DDS texture: SquadExpansion/Serenity/Parts/Robotics/Assets/Rotor_02_diffuse_color
[LOG 11:04:35.753] Load DDS texture: SquadExpansion/Serenity/Parts/Robotics/Assets/Rotor_03_diffuse_color
[LOG 11:04:35.754] Load DDS texture: SquadExpansion/Serenity/Parts/Robotics/Assets/Rotor_03_diffuse_plain
[LOG 11:04:35.754] Load DDS texture: SquadExpansion/Serenity/Parts/Robotics/Assets/Rotor_03_normal
[LOG 11:04:35.755] Load DDS texture: SquadExpansion/Serenity/Parts/Robotics/Assets/rotoServos_diffuse_color
[LOG 11:04:35.755] Load DDS texture: SquadExpansion/Serenity/Parts/Robotics/Assets/rotoServos_diffuse_plain
[LOG 11:04:35.755] Load DDS texture: SquadExpansion/Serenity/Parts/Robotics/Assets/rotoServos_nrm
[LOG 11:04:35.757] Load DDS texture: SquadExpansion/Serenity/Parts/Robotics/Controllers/roboController_diffuse
[LOG 11:04:35.757] Load DDS texture: SquadExpansion/Serenity/Parts/Robotics/Controllers/roboController_emissive
[LOG 11:04:35.757] Load Cached PNG Texture: SquadExpansion/Serenity/Parts/Science/RobotArmScanner/Assets/DrillBits
[LOG 11:04:35.757] Load DDS texture: SquadExpansion/Serenity/Parts/Science/RobotArmScanner/Assets/DustParticle
[WRN 11:04:35.757] Duplicate PNG texture 'SquadExpansion/Serenity/Parts/Science/RobotArmScanner/Assets/DustParticle' with extension 'png' won't be loaded
[LOG 11:04:35.757] Load DDS texture: SquadExpansion/Serenity/Parts/Science/RobotArmScanner/Assets/GenericParts_diffuse
[LOG 11:04:35.761] Load DDS texture: SquadExpansion/Serenity/Parts/Science/RobotArmScanner/Assets/GenericParts_normal
[LOG 11:04:35.764] Load DDS texture: SquadExpansion/Serenity/Parts/Science/RobotArmScanner/Assets/ROCArm3_diffuse
[LOG 11:04:35.768] Load DDS texture: SquadExpansion/Serenity/Parts/Science/RobotArmScanner/Assets/ROCArm3_normal
[LOG 11:04:35.773] Load DDS texture: SquadExpansion/Serenity/Parts/Science/RobotArmScanner/Assets/ROCArm_2_diffuse
[LOG 11:04:35.775] Load DDS texture: SquadExpansion/Serenity/Parts/Science/RobotArmScanner/Assets/ROCArm_2_normal
[LOG 11:04:35.777] Load Cached PNG Texture: SquadExpansion/Serenity/Parts/Science/RobotArmScanner/Assets/Scratch
[LOG 11:04:35.778] Load DDS texture: SquadExpansion/Serenity/Parts/Science/RobotArmScanner/Assets/SmallArm_diffuse
[LOG 11:04:35.778] Load DDS texture: SquadExpansion/Serenity/Parts/Science/RobotArmScanner/Assets/SmallArm_normal
[LOG 11:04:35.779] Load DDS texture: SquadExpansion/Serenity/Parts/Structural/gripPads/Assets/gripPads_diffuse
[LOG 11:04:35.779] Load DDS texture: SquadExpansion/Serenity/Parts/Structural/gripPads/Assets/gripPads_nrm
[LOG 11:04:35.780] Load Cached PNG Texture: SquadExpansion/Serenity/Ships/@thumbs/SPH/Arrow-E
[LOG 11:04:35.780] Load Cached PNG Texture: SquadExpansion/Serenity/Ships/@thumbs/SPH/Butterfly Rover
[LOG 11:04:35.780] Load Cached PNG Texture: SquadExpansion/Serenity/Ships/@thumbs/SPH/Jeb_s Quadtaxi
[LOG 11:04:35.780] Load Cached PNG Texture: SquadExpansion/Serenity/Ships/@thumbs/SPH/Kerbodyne Rotodyne
[LOG 11:04:35.780] Load Cached PNG Texture: SquadExpansion/Serenity/Ships/@thumbs/SPH/Seahawk
[LOG 11:04:35.780] Load Cached PNG Texture: SquadExpansion/Serenity/Ships/@thumbs/SPH/Val-Thopter
[LOG 11:04:35.782] Load MU model: Squad/FX/afterburner_flame
[LOG 11:04:35.788] Load MU model: Squad/FX/afterburner_shock
[LOG 11:04:35.789] Load MU model: Squad/FX/diamondBlue
[LOG 11:04:35.789] Load MU model: Squad/FX/exhaustFlames_blue
[LOG 11:04:35.877] Load MU model: Squad/FX/hydroLOXFlame
[LOG 11:04:35.877] Load MU model: Squad/FX/IonPlume
[LOG 11:04:35.877] Load MU model: Squad/FX/ks1_Exhaust
[LOG 11:04:35.878] Load MU model: Squad/FX/ks25_Exhaust
[LOG 11:04:35.879] Load MU model: Squad/FX/ksX_Exhaust
[LOG 11:04:35.879] Load MU model: Squad/FX/LES_Thruster
[LOG 11:04:35.880] Load MU model: Squad/FX/Monoprop_big
[LOG 11:04:35.880] Load MU model: Squad/FX/Monoprop_medium
[LOG 11:04:35.880] Load MU model: Squad/FX/Monoprop_small
[LOG 11:04:35.881] Load MU model: Squad/FX/shockExhaust_blue
[LOG 11:04:35.881] Load MU model: Squad/FX/shockExhaust_blue_small
[LOG 11:04:35.881] Load MU model: Squad/FX/shockExhaust_red_small
[LOG 11:04:35.881] Load MU model: Squad/FX/SRB_Large
[LOG 11:04:35.882] Load MU model: Squad/FX/SRB_LargeSparks
[LOG 11:04:35.882] Load MU model: Squad/Parts/Aero/aerodynamicNoseCone/aerodynamicNoseCone
[LOG 11:04:35.885] Load MU model: Squad/Parts/Aero/airbrake/Airbrake
[LOG 11:04:35.885] Load MU model: Squad/Parts/Aero/airIntakeRadialXM-G50/RadialIntake
[LOG 11:04:35.885] Load MU model: Squad/Parts/Aero/airlinerWings/ControlSurface
[LOG 11:04:35.885] Load MU model: Squad/Parts/Aero/airlinerWings/MainWing
[LOG 11:04:35.885] Load MU model: Squad/Parts/Aero/airlinerWings/TailFin
[LOG 11:04:35.887] Load MU model: Squad/Parts/Aero/airplaneFins/AdvCanard
[LOG 11:04:35.887] Load MU model: Squad/Parts/Aero/airplaneFins/Canard
[LOG 11:04:35.887] Load MU model: Squad/Parts/Aero/airplaneFins/Swept
[LOG 11:04:35.887] Load MU model: Squad/Parts/Aero/airplaneFins/TailFin
[LOG 11:04:35.887] Load MU model: Squad/Parts/Aero/basicFin/basicFin
[LOG 11:04:35.888] Load MU model: Squad/Parts/Aero/circularIntake/CircularIntake
[LOG 11:04:35.889] Load MU model: Squad/Parts/Aero/circularIntake/ConeIntake
[LOG 11:04:35.889] Load MU model: Squad/Parts/Aero/cones/Assets/AvioCone
[LOG 11:04:35.889] Load MU model: Squad/Parts/Aero/cones/Assets/ConeA
[LOG 11:04:35.889] Load MU model: Squad/Parts/Aero/cones/Assets/ConeB
[LOG 11:04:35.891] Load MU model: Squad/Parts/Aero/cones/Assets/NCS
[LOG 11:04:35.891] Load MU model: Squad/Parts/Aero/cones/Assets/orangeNoseCone
[LOG 11:04:35.891] Load MU model: Squad/Parts/Aero/cones/Assets/rocketNoseCone
[LOG 11:04:35.891] Load MU model: Squad/Parts/Aero/cones/Assets/rocketNoseCone_v2
[LOG 11:04:35.892] Load MU model: Squad/Parts/Aero/cones/Assets/rocketNoseCone_v3
[LOG 11:04:35.892] Load MU model: Squad/Parts/Aero/cones/Assets/TailA
[LOG 11:04:35.892] Load MU model: Squad/Parts/Aero/cones/Assets/TailB
[LOG 11:04:35.892] Load MU model: Squad/Parts/Aero/cones/Assets/TinyCone
[LOG 11:04:35.892] Load MU model: Squad/Parts/Aero/fairings/AutoTruss
[LOG 11:04:35.893] Load MU model: Squad/Parts/Aero/fairings/fairingSize1
[LOG 11:04:35.893] Load MU model: Squad/Parts/Aero/fairings/fairingSize2
[LOG 11:04:35.893] Load MU model: Squad/Parts/Aero/fairings/fairingSize3
[LOG 11:04:35.894] Load MU model: Squad/Parts/Aero/HeatShield/HeatShield0
[LOG 11:04:35.894] Load MU model: Squad/Parts/Aero/HeatShield/HeatShield1
[LOG 11:04:35.894] Load MU model: Squad/Parts/Aero/HeatShield/HeatShield2
[LOG 11:04:35.894] Load MU model: Squad/Parts/Aero/HeatShield/HeatShield3
[LOG 11:04:35.894] Load MU model: Squad/Parts/Aero/InflatableHeatShield/HeatShield
[LOG 11:04:35.896] Load MU model: Squad/Parts/Aero/intakeRadialLong/IntakeRadial
[LOG 11:04:35.896] Load MU model: Squad/Parts/Aero/miniIntake/SmallIntake
[LOG 11:04:35.896] Load MU model: Squad/Parts/Aero/ramAirIntake/RampIntake
[LOG 11:04:35.897] Load MU model: Squad/Parts/Aero/shuttleWings/ShuttleDeltaWing
[LOG 11:04:35.897] Load MU model: Squad/Parts/Aero/shuttleWings/ShuttleElevonA
[LOG 11:04:35.897] Load MU model: Squad/Parts/Aero/shuttleWings/ShuttleElevonB
[LOG 11:04:35.897] Load MU model: Squad/Parts/Aero/shuttleWings/ShuttleRudder
[LOG 11:04:35.897] Load MU model: Squad/Parts/Aero/shuttleWings/ShuttleStrake
[LOG 11:04:35.897] Load MU model: Squad/Parts/Aero/wingletAV-R8/model
[LOG 11:04:35.897] Load MU model: Squad/Parts/Aero/wingletAV-T1/model
[LOG 11:04:35.897] Load MU model: Squad/Parts/Aero/wingletDeltaDeluxe/model
[LOG 11:04:35.897] Load MU model: Squad/Parts/Aero/wings/connector1
[LOG 11:04:35.897] Load MU model: Squad/Parts/Aero/wings/connector2
[LOG 11:04:35.897] Load MU model: Squad/Parts/Aero/wings/connector3
[LOG 11:04:35.898] Load MU model: Squad/Parts/Aero/wings/connector4
[LOG 11:04:35.898] Load MU model: Squad/Parts/Aero/wings/connector5
[LOG 11:04:35.898] Load MU model: Squad/Parts/Aero/wings/delta
[LOG 11:04:35.898] Load MU model: Squad/Parts/Aero/wings/delta_small
[LOG 11:04:35.898] Load MU model: Squad/Parts/Aero/wings/elevon1
[LOG 11:04:35.898] Load MU model: Squad/Parts/Aero/wings/elevon2
[LOG 11:04:35.898] Load MU model: Squad/Parts/Aero/wings/elevon3
[LOG 11:04:35.898] Load MU model: Squad/Parts/Aero/wings/elevon4
[LOG 11:04:35.898] Load MU model: Squad/Parts/Aero/wings/elevon5
[LOG 11:04:35.898] Load MU model: Squad/Parts/Aero/wings/strake
[LOG 11:04:35.898] Load MU model: Squad/Parts/Aero/wings/structural1
[LOG 11:04:35.898] Load MU model: Squad/Parts/Aero/wings/structural2
[LOG 11:04:35.898] Load MU model: Squad/Parts/Aero/wings/structural3
[LOG 11:04:35.898] Load MU model: Squad/Parts/Aero/wings/structural4
[LOG 11:04:35.900] Load MU model: Squad/Parts/Aero/wings/swept1
[LOG 11:04:35.900] Load MU model: Squad/Parts/Aero/wings/swept2
[LOG 11:04:35.900] Load MU model: Squad/Parts/Cargo/CargoContainers/cargoContainer
[LOG 11:04:35.900] Load MU model: Squad/Parts/Cargo/CargoContainers/smallCargoContainer
[LOG 11:04:35.900] Load MU model: Squad/Parts/Cargo/Cylinder/EVAcylinder
[LOG 11:04:35.900] Load MU model: Squad/Parts/Cargo/GroundAnchor/groundAnchor
[LOG 11:04:35.900] Load MU model: Squad/Parts/Cargo/Jetpack/Jetpack
[LOG 11:04:35.901] Load MU model: Squad/Parts/Cargo/Parachute/Parachute
[LOG 11:04:35.901] Load MU model: Squad/Parts/Cargo/RepairKit/RepairKit
[LOG 11:04:35.914] Load MU model: Squad/Parts/Cargo/ScienceKit/ExperimentKit
[LOG 11:04:35.915] Load MU model: Squad/Parts/Cargo/StorageUnits/Assets/CargoStorageUnit
[LOG 11:04:35.915] Load MU model: Squad/Parts/Cargo/StorageUnits/Assets/ConformalStorageUnit
[LOG 11:04:35.916] Load MU model: Squad/Parts/Command/advancedSasModuleLarge/model
[LOG 11:04:35.916] Load MU model: Squad/Parts/Command/cupola/model
[LOG 11:04:35.916] Load MU model: Squad/Parts/Command/externalCommandSeat/model
[LOG 11:04:35.918] Load MU model: Squad/Parts/Command/hitchhikerStorageContainer/model
[LOG 11:04:35.918] Load MU model: Squad/Parts/Command/inlineAdvancedStabilizer/model
[LOG 11:04:35.918] Load MU model: Squad/Parts/Command/inlineReactionWheel/model
[LOG 11:04:35.918] Load MU model: Squad/Parts/Command/Mk1-3Pod/Mk1-3
[LOG 11:04:35.919] Load MU model: Squad/Parts/Command/mk1Cockpits/Cabin
[LOG 11:04:35.919] Load MU model: Squad/Parts/Command/mk1Cockpits/CockpitInline
[LOG 11:04:35.920] Load MU model: Squad/Parts/Command/mk1Cockpits/CockpitStandard
[LOG 11:04:35.932] Load MU model: Squad/Parts/Command/mk1LanderCan/model
[LOG 11:04:35.932] Load MU model: Squad/Parts/Command/mk1pod_v2/Mk1Pod_v2
[LOG 11:04:35.933] Load MU model: Squad/Parts/Command/mk2CockpitInline/model
[LOG 11:04:35.933] Load MU model: Squad/Parts/Command/mk2CockpitStandard/model
[LOG 11:04:35.934] Load MU model: Squad/Parts/Command/mk2DroneCore/model
[LOG 11:04:35.934] Load MU model: Squad/Parts/Command/mk2LanderCan/model
[LOG 11:04:35.934] Load MU model: Squad/Parts/Command/mk2LanderCan_v2/mk2LanderCan
[LOG 11:04:35.935] Load MU model: Squad/Parts/Command/mk3CockpitShuttle/model
[LOG 11:04:35.935] Load MU model: Squad/Parts/Command/MpoProbe/MpoProbe
[LOG 11:04:35.936] Load MU model: Squad/Parts/Command/MtmStage/MTM_Stage
[LOG 11:04:35.936] Load MU model: Squad/Parts/Command/probeCoreCube/probeCoreCube
[LOG 11:04:35.936] Load MU model: Squad/Parts/Command/probeCoreHex/model
[LOG 11:04:35.936] Load MU model: Squad/Parts/Command/probeCoreHex_v2/model
[LOG 11:04:35.936] Load MU model: Squad/Parts/Command/probeCoreOcto2_v2/probeCoreOcto2_v2
[LOG 11:04:35.936] Load MU model: Squad/Parts/Command/probeCoreOcto_v2/probeCoreOcto_v2
[LOG 11:04:35.937] Load MU model: Squad/Parts/Command/probeRoverBody/model
[LOG 11:04:35.937] Load MU model: Squad/Parts/Command/probeRoverBody_v2/probeRoverBody_v2
[LOG 11:04:35.937] Load MU model: Squad/Parts/Command/probeStackLarge/model
[LOG 11:04:35.937] Load MU model: Squad/Parts/Command/probeStackSmall/model
[LOG 11:04:35.937] Load MU model: Squad/Parts/Command/probeStackSphere_v2/probeStackSphere_v2
[LOG 11:04:35.938] Load MU model: Squad/Parts/CompoundParts/FuelLine/model
[LOG 11:04:35.938] Load MU model: Squad/Parts/CompoundParts/strutConnector/model
[LOG 11:04:35.938] Load MU model: Squad/Parts/Coupling/Assets/Decoupler_0
[LOG 11:04:35.938] Load MU model: Squad/Parts/Coupling/Assets/Decoupler_1
[LOG 11:04:35.938] Load MU model: Squad/Parts/Coupling/Assets/Decoupler_1p5
[LOG 11:04:35.939] Load MU model: Squad/Parts/Coupling/Assets/Decoupler_2
[LOG 11:04:35.939] Load MU model: Squad/Parts/Coupling/Assets/Decoupler_3
[LOG 11:04:35.939] Load MU model: Squad/Parts/Coupling/Assets/Decoupler_4
[LOG 11:04:35.939] Load MU model: Squad/Parts/Coupling/Assets/Separator_0
[LOG 11:04:35.939] Load MU model: Squad/Parts/Coupling/Assets/Separator_1
[LOG 11:04:35.940] Load MU model: Squad/Parts/Coupling/Assets/Separator_1p5
[LOG 11:04:35.940] Load MU model: Squad/Parts/Coupling/Assets/Separator_2
[LOG 11:04:35.940] Load MU model: Squad/Parts/Coupling/Assets/Separator_3
[LOG 11:04:35.940] Load MU model: Squad/Parts/Coupling/Assets/Separator_4
[LOG 11:04:35.940] Load MU model: Squad/Parts/Electrical/10CSolarPanels/assets/OX-10C
[LOG 11:04:35.942] Load MU model: Squad/Parts/Electrical/10CSolarPanels/assets/SP-10C
[LOG 11:04:35.943] Load MU model: Squad/Parts/Electrical/10LSolarPanels/assets/OX-10L
[LOG 11:04:35.944] Load MU model: Squad/Parts/Electrical/10LSolarPanels/assets/SP-10L
[LOG 11:04:35.945] Load MU model: Squad/Parts/Electrical/1x6ShroudSolarPanels/model
[LOG 11:04:35.945] Load MU model: Squad/Parts/Electrical/1x6SolarPanels/model
[LOG 11:04:35.946] Load MU model: Squad/Parts/Electrical/3x2ShroudSolarPanels/model
[LOG 11:04:35.946] Load MU model: Squad/Parts/Electrical/3x2SolarPanels/model
[LOG 11:04:35.946] Load MU model: Squad/Parts/Electrical/gigantorXlSolarArray/model
[LOG 11:04:35.947] Load MU model: Squad/Parts/Electrical/radialFlatSolarPanel/model
[LOG 11:04:35.948] Load MU model: Squad/Parts/Electrical/RTG/model
[LOG 11:04:35.948] Load MU model: Squad/Parts/Electrical/z-100Battery/model
[LOG 11:04:35.948] Load MU model: Squad/Parts/Electrical/z-1kBattery/model
[LOG 11:04:35.948] Load MU model: Squad/Parts/Electrical/z-200Battery/model
[LOG 11:04:35.948] Load MU model: Squad/Parts/Electrical/z-400Battery/model
[LOG 11:04:35.948] Load MU model: Squad/Parts/Electrical/z-4kBattery/model
[LOG 11:04:35.949] Load MU model: Squad/Parts/Engine/ionEngine/model
[LOG 11:04:35.949] Load MU model: Squad/Parts/Engine/jetEngines/turbineInside
[LOG 11:04:35.949] Load MU model: Squad/Parts/Engine/jetEngines/turboFanSize1
[LOG 11:04:35.950] Load MU model: Squad/Parts/Engine/jetEngines/turboFanSize2
[LOG 11:04:35.951] Load MU model: Squad/Parts/Engine/jetEngines/turboJet
[LOG 11:04:35.951] Load MU model: Squad/Parts/Engine/jetEngines/turboRamJet
[LOG 11:04:35.952] Load MU model: Squad/Parts/Engine/liquidEngine24-77/model
[LOG 11:04:35.952] Load MU model: Squad/Parts/Engine/liquidEngine24-77_v2/Twitch_v2
[LOG 11:04:35.956] Load MU model: Squad/Parts/Engine/liquidEngine48-7S_v2/SparkV2
[LOG 11:04:35.957] Load MU model: Squad/Parts/Engine/liquidEngineAerospike/AeroSpike
[LOG 11:04:35.959] Load MU model: Squad/Parts/Engine/liquidEngineLV-1_v2/Assets/Ant
[LOG 11:04:35.961] Load MU model: Squad/Parts/Engine/liquidEngineLV-1_v2/Assets/Spider
[LOG 11:04:35.961] Load MU model: Squad/Parts/Engine/liquidEngineLV-909_v2/TerrierV2
[LOG 11:04:35.962] Load MU model: Squad/Parts/Engine/liquidEngineLV-N/model
[LOG 11:04:35.962] Load MU model: Squad/Parts/Engine/liquidEngineLV-T30/model
[LOG 11:04:35.963] Load MU model: Squad/Parts/Engine/liquidEngineLV-T30_v2/Reliant_v2
[LOG 11:04:35.964] Load MU model: Squad/Parts/Engine/liquidEngineLV-T45/model
[LOG 11:04:35.964] Load MU model: Squad/Parts/Engine/liquidEngineLV-T45_v2/Swivel_v2
[LOG 11:04:35.965] Load MU model: Squad/Parts/Engine/liquidEngineMainsail_v2/liquidEngineMainsail_v2
[LOG 11:04:35.966] Load MU model: Squad/Parts/Engine/liquidEngineMk55/Thud
[LOG 11:04:35.966] Load MU model: Squad/Parts/Engine/liquidEnginePoodle_v2/LqdEnginePoodle_v2
[LOG 11:04:35.968] Load MU model: Squad/Parts/Engine/liquidEngineSkipper_v2/skipper_v2
[LOG 11:04:35.969] Load MU model: Squad/Parts/Engine/liquidEngineSSME/SSME
[LOG 11:04:35.969] Load MU model: Squad/Parts/Engine/MassiveSRB/MassiveSRB
[LOG 11:04:35.969] Load MU model: Squad/Parts/Engine/miniJet/SmallJet
[LOG 11:04:35.971] Load MU model: Squad/Parts/Engine/OMSEngine/Puff_v2
[LOG 11:04:35.971] Load MU model: Squad/Parts/Engine/rapierEngine/rapier
[LOG 11:04:35.971] Load MU model: Squad/Parts/Engine/Size1_SRBs/SRB10
[LOG 11:04:35.971] Load MU model: Squad/Parts/Engine/Size1_SRBs/SRB5
[LOG 11:04:35.972] Load MU model: Squad/Parts/Engine/Size2LFB/Size2LFB
[LOG 11:04:35.972] Load MU model: Squad/Parts/Engine/Size2LFB_v2/Size2LFB_v2
[LOG 11:04:35.973] Load MU model: Squad/Parts/Engine/Size3AdvancedEngine/Size3AdvancedEngine
[LOG 11:04:35.974] Load MU model: Squad/Parts/Engine/Size3EngineCluster/Size3EngineCluster
[LOG 11:04:35.976] Load MU model: Squad/Parts/Engine/solidBoosterBACC/model
[LOG 11:04:35.976] Load MU model: Squad/Parts/Engine/solidBoosterS2-17/solidBoosterS2-17
[LOG 11:04:35.976] Load MU model: Squad/Parts/Engine/solidBoosterS2-33/solidBoosterS2-33
[LOG 11:04:35.977] Load MU model: Squad/Parts/Engine/solidBoosterSep/model
[LOG 11:04:35.977] Load MU model: Squad/Parts/Engine/SolidBoostersF/Assets/SolidBoosterF3S0
[LOG 11:04:35.978] Load MU model: Squad/Parts/Engine/SolidBoostersF/Assets/SolidBoosterFM1
[LOG 11:04:35.978] Load MU model: Squad/Parts/FuelTank/adapterTanks/Mk3-Mk2
[LOG 11:04:35.978] Load MU model: Squad/Parts/FuelTank/adapterTanks/Mk3-Size2
[LOG 11:04:35.978] Load MU model: Squad/Parts/FuelTank/adapterTanks/Mk3-Size2Slant
[LOG 11:04:35.979] Load MU model: Squad/Parts/FuelTank/adapterTanks/ShuttleAdapter
[LOG 11:04:35.979] Load MU model: Squad/Parts/FuelTank/adapterTanks/Size2-Mk2
[LOG 11:04:35.979] Load MU model: Squad/Parts/FuelTank/adapterTanks/Size2-Size1
[LOG 11:04:35.979] Load MU model: Squad/Parts/FuelTank/adapterTanks/Size2-Size1Slant
[LOG 11:04:35.979] Load MU model: Squad/Parts/FuelTank/adapterTanks/Size3-Mk3
[LOG 11:04:35.980] Load MU model: Squad/Parts/FuelTank/drainTankFTE-1/fuelValve
[LOG 11:04:35.980] Load MU model: Squad/Parts/FuelTank/FoilTanks/RadialTank_Capsule
[LOG 11:04:35.980] Load MU model: Squad/Parts/FuelTank/FoilTanks/RadialTank_Round
[LOG 11:04:35.980] Load MU model: Squad/Parts/FuelTank/FoilTanks/ToroidTank
[LOG 11:04:35.981] Load MU model: Squad/Parts/FuelTank/fuelTankOscarB/model
[LOG 11:04:35.981] Load MU model: Squad/Parts/FuelTank/miniFuselage/Fuselage
[LOG 11:04:35.981] Load MU model: Squad/Parts/FuelTank/mk2Adapters/bicoupler
[LOG 11:04:35.981] Load MU model: Squad/Parts/FuelTank/mk2Adapters/long
[LOG 11:04:35.982] Load MU model: Squad/Parts/FuelTank/mk2Adapters/standard
[LOG 11:04:35.982] Load MU model: Squad/Parts/FuelTank/mk2FuselageLong/FuselageLongLFO
[LOG 11:04:35.982] Load MU model: Squad/Parts/FuelTank/mk2FuselageLong/FuselageLongLiquid
[LOG 11:04:35.982] Load MU model: Squad/Parts/FuelTank/mk2FuselageShort/FuselageShortLFO
[LOG 11:04:35.982] Load MU model: Squad/Parts/FuelTank/mk2FuselageShort/FuselageShortLiquid
[LOG 11:04:35.982] Load MU model: Squad/Parts/FuelTank/mk2FuselageShort/FuselageShortMono
[LOG 11:04:35.983] Load MU model: Squad/Parts/FuelTank/mk3Fuselage/CREW
[LOG 11:04:35.983] Load MU model: Squad/Parts/FuelTank/mk3Fuselage/LFO_100
[LOG 11:04:35.983] Load MU model: Squad/Parts/FuelTank/mk3Fuselage/LFO_25
[LOG 11:04:35.983] Load MU model: Squad/Parts/FuelTank/mk3Fuselage/LFO_50
[LOG 11:04:35.983] Load MU model: Squad/Parts/FuelTank/mk3Fuselage/LF_100
[LOG 11:04:35.983] Load MU model: Squad/Parts/FuelTank/mk3Fuselage/LF_25
[LOG 11:04:35.983] Load MU model: Squad/Parts/FuelTank/mk3Fuselage/LF_50
[LOG 11:04:35.984] Load MU model: Squad/Parts/FuelTank/mk3Fuselage/MONO
[LOG 11:04:35.984] Load MU model: Squad/Parts/FuelTank/RCSFuelTankR1/RCSFuelTankR1_01
[LOG 11:04:35.984] Load MU model: Squad/Parts/FuelTank/RCSFuelTankR10/model
[LOG 11:04:35.984] Load MU model: Squad/Parts/FuelTank/RCSFuelTankR25/RCSFuelTankR25
[LOG 11:04:35.984] Load MU model: Squad/Parts/FuelTank/RCSTankRadial/model
[LOG 11:04:35.984] Load MU model: Squad/Parts/FuelTank/RCStankRadialLong/model
[LOG 11:04:35.984] Load MU model: Squad/Parts/FuelTank/RockomaxTanks/Assets/Rockomax16
[LOG 11:04:35.984] Load MU model: Squad/Parts/FuelTank/RockomaxTanks/Assets/Rockomax32
[LOG 11:04:35.986] Load MU model: Squad/Parts/FuelTank/RockomaxTanks/Assets/Rockomax64
[LOG 11:04:35.986] Load MU model: Squad/Parts/FuelTank/RockomaxTanks/Assets/Rockomax8
[LOG 11:04:35.986] Load MU model: Squad/Parts/FuelTank/Size1_Tanks/Size1Tank_01
[LOG 11:04:35.987] Load MU model: Squad/Parts/FuelTank/Size1_Tanks/Size1Tank_02
[LOG 11:04:35.987] Load MU model: Squad/Parts/FuelTank/Size1_Tanks/Size1Tank_03
[LOG 11:04:35.987] Load MU model: Squad/Parts/FuelTank/Size1_Tanks/Size1Tank_04
[LOG 11:04:35.987] Load MU model: Squad/Parts/FuelTank/Size3Tanks/Size3LargeTank
[LOG 11:04:35.987] Load MU model: Squad/Parts/FuelTank/Size3Tanks/Size3MediumTank
[LOG 11:04:35.988] Load MU model: Squad/Parts/FuelTank/Size3Tanks/Size3SmallTank
[LOG 11:04:35.988] Load MU model: Squad/Parts/FuelTank/xenonTank/model
[LOG 11:04:35.988] Load MU model: Squad/Parts/FuelTank/xenonTankLarge/model
[LOG 11:04:35.988] Load MU model: Squad/Parts/FuelTank/xenonTankRadial/model
[LOG 11:04:35.988] Load MU model: Squad/Parts/Misc/AsteroidDay/CamSat
[LOG 11:04:35.989] Load MU model: Squad/Parts/Misc/AsteroidDay/HECS2
[LOG 11:04:35.989] Load MU model: Squad/Parts/Misc/AsteroidDay/HighGainAntenna
[LOG 11:04:35.990] Load MU model: Squad/Parts/Misc/AsteroidDay/LgRadialSolar
[LOG 11:04:35.990] Load MU model: Squad/Parts/Misc/PotatoComet/Cube
[LOG 11:04:35.990] Load MU model: Squad/Parts/Misc/PotatoRoid/Cube
[LOG 11:04:35.990] Load MU model: Squad/Parts/Resources/FuelCell/FuelCell
[LOG 11:04:35.990] Load MU model: Squad/Parts/Resources/FuelCell/FuelCellArray
[LOG 11:04:35.990] Load MU model: Squad/Parts/Resources/ISRU/ISRU
[LOG 11:04:35.991] Load MU model: Squad/Parts/Resources/LargeTank/LargeTank
[LOG 11:04:35.991] Load MU model: Squad/Parts/Resources/MiniDrill/MiniDrill
[LOG 11:04:35.992] Load MU model: Squad/Parts/Resources/MiniISRU/MiniISRU
[LOG 11:04:35.992] Load MU model: Squad/Parts/Resources/OrbitalScanner/OrbitalScanner
[LOG 11:04:35.992] Load MU model: Squad/Parts/Resources/RadialDrill/TriBitDrill
[LOG 11:04:35.994] Load MU model: Squad/Parts/Resources/RadialTank/RadialOreTank
[LOG 11:04:35.995] Load MU model: Squad/Parts/Resources/SmallTank/SmallTank
[LOG 11:04:35.995] Load MU model: Squad/Parts/Resources/SurfaceScanner/SurfaceScanner
[LOG 11:04:35.995] Load MU model: Squad/Parts/Resources/SurveyScanner/SurveyScanner
[LOG 11:04:35.995] Load MU model: Squad/Parts/Science/AtmosphereSensor/model
[LOG 11:04:35.995] Load MU model: Squad/Parts/Science/GooExperiment/GooExperiment
[LOG 11:04:35.996] Load MU model: Squad/Parts/Science/LargeCrewedLab/large_crewed_lab
[LOG 11:04:35.996] Load MU model: Squad/Parts/Science/Magnetometer/Magnetometer
[LOG 11:04:35.999] Load MU model: Squad/Parts/Science/MaterialBay/science_module_small
[LOG 11:04:36.001] Load MU model: Squad/Parts/Science/ScienceBox/ScienceBox
[LOG 11:04:36.001] Load MU model: Squad/Parts/Science/sensorAccelerometer/model
[LOG 11:04:36.001] Load MU model: Squad/Parts/Science/sensorBarometer/model
[LOG 11:04:36.001] Load MU model: Squad/Parts/Science/sensorGravimeter/model
[LOG 11:04:36.001] Load MU model: Squad/Parts/Science/sensorThermometer/model
[LOG 11:04:36.001] Load MU model: Squad/Parts/Structural/FLAdapters/Assets/adapterSmallMiniShort_v2
[LOG 11:04:36.001] Load MU model: Squad/Parts/Structural/FLAdapters/Assets/adapterSmallMiniTall_v2
[LOG 11:04:36.002] Load MU model: Squad/Parts/Structural/mk1Parts/Fuselage
[LOG 11:04:36.002] Load MU model: Squad/Parts/Structural/mk1Parts/IntakeFuselage
[LOG 11:04:36.002] Load MU model: Squad/Parts/Structural/mk1Parts/Nacelle1
[LOG 11:04:36.002] Load MU model: Squad/Parts/Structural/mk1Parts/Nacelle2
[LOG 11:04:36.003] Load MU model: Squad/Parts/Structural/mk1Parts/Structural
[LOG 11:04:36.003] Load MU model: Squad/Parts/Structural/mk1Parts/StructuralHollow
[LOG 11:04:36.003] Load MU model: Squad/Parts/Structural/Size3To2Adapter_v2/Size2to3_v2
[LOG 11:04:36.003] Load MU model: Squad/Parts/Structural/stackAdapters/Assets/adapterLargeSmallBi
[LOG 11:04:36.003] Load MU model: Squad/Parts/Structural/stackAdapters/Assets/adapterLargeSmallQuad
[LOG 11:04:36.004] Load MU model: Squad/Parts/Structural/stackAdapters/Assets/adapterLargeSmallTri
[LOG 11:04:36.004] Load MU model: Squad/Parts/Structural/stationHub/model
[LOG 11:04:36.004] Load MU model: Squad/Parts/Structural/structuralIBeam200/model
[LOG 11:04:36.004] Load MU model: Squad/Parts/Structural/structuralIBeam200Pocket/model
[LOG 11:04:36.004] Load MU model: Squad/Parts/Structural/structuralIBeam650/model
[LOG 11:04:36.004] Load MU model: Squad/Parts/Structural/structuralMicronode/model
[LOG 11:04:36.004] Load MU model: Squad/Parts/Structural/structuralPanel1x1/model
[LOG 11:04:36.004] Load MU model: Squad/Parts/Structural/structuralPanel2x2/model
[LOG 11:04:36.004] Load MU model: Squad/Parts/Structural/structuralPylons/PylonBig
[LOG 11:04:36.004] Load MU model: Squad/Parts/Structural/structuralPylons/PylonSmall
[LOG 11:04:36.004] Load MU model: Squad/Parts/Structural/strutCubicOcto/model
[LOG 11:04:36.004] Load MU model: Squad/Parts/Structural/strutOcto/model
[LOG 11:04:36.005] Load MU model: Squad/Parts/Structural/trussGirderAdapter/model
[LOG 11:04:36.005] Load MU model: Squad/Parts/Structural/trussGirderL/model
[LOG 11:04:36.005] Load MU model: Squad/Parts/Structural/trussGirderXL/model
[LOG 11:04:36.005] Load MU model: Squad/Parts/Thermal/FoldingRadiators/foldingRadLarge
[LOG 11:04:36.009] Load MU model: Squad/Parts/Thermal/FoldingRadiators/foldingRadMed
[LOG 11:04:36.012] Load MU model: Squad/Parts/Thermal/FoldingRadiators/foldingRadSmall
[LOG 11:04:36.012] Load MU model: Squad/Parts/Thermal/RadiatorPanels/radPanelEdge
[LOG 11:04:36.013] Load MU model: Squad/Parts/Thermal/RadiatorPanels/radPanelLg
[LOG 11:04:36.013] Load MU model: Squad/Parts/Thermal/RadiatorPanels/radPanelSm
[LOG 11:04:36.014] Load MU model: Squad/Parts/Utility/commDish88-88/model
[LOG 11:04:36.019] Load MU model: Squad/Parts/Utility/commsAntennaDTS-M1/mediumDishAntenna
[LOG 11:04:36.020] Load MU model: Squad/Parts/Utility/commsDish16/model
[LOG 11:04:36.020] Load MU model: Squad/Parts/Utility/decouplerRadialHDM/model
[LOG 11:04:36.021] Load MU model: Squad/Parts/Utility/decouplerRadialTT-38K/model
[LOG 11:04:36.021] Load MU model: Squad/Parts/Utility/decouplerRadialTT-70/model
[LOG 11:04:36.021] Load MU model: Squad/Parts/Utility/DirectAntennas/HGAntenna
[LOG 11:04:36.022] Load MU model: Squad/Parts/Utility/DirectAntennas/HGAntenna_v2
[LOG 11:04:36.023] Load MU model: Squad/Parts/Utility/DirectAntennas/SurfAntenna
[LOG 11:04:36.023] Load MU model: Squad/Parts/Utility/dockingPort/dockingPort
[LOG 11:04:36.024] Load MU model: Squad/Parts/Utility/dockingPortInline/dockingPortInline
[LOG 11:04:36.024] Load MU model: Squad/Parts/Utility/dockingPortJr/dockingPortJr
[LOG 11:04:36.025] Load MU model: Squad/Parts/Utility/dockingPortShielded/dockingPortShielded
[LOG 11:04:36.025] Load MU model: Squad/Parts/Utility/dockingPortSr/dockingPortSr
[LOG 11:04:36.026] Load MU model: Squad/Parts/Utility/Fireworks/Assets/fireworksLauncherBig
[LOG 11:04:36.026] Load MU model: Squad/Parts/Utility/Fireworks/Assets/fireworksLauncherSmall
[LOG 11:04:36.027] Load MU model: Squad/Parts/Utility/flags/flagFlat/flagFlatMeshes
[LOG 11:04:36.029] Load MU model: Squad/Parts/Utility/flags/flagSize0/flagSize0Meshes
[LOG 11:04:36.029] Load MU model: Squad/Parts/Utility/flags/flagSize1/flagSize1Meshes
[LOG 11:04:36.031] Load MU model: Squad/Parts/Utility/flags/flagSize2/flagSize2Meshes
[LOG 11:04:36.032] Load MU model: Squad/Parts/Utility/flags/flagSize3/flagSize3Meshes
[LOG 11:04:36.033] Load MU model: Squad/Parts/Utility/GrapplingDevice/GrapplingArm
[LOG 11:04:36.036] Load MU model: Squad/Parts/Utility/ladderRadial/model
[LOG 11:04:36.036] Load MU model: Squad/Parts/Utility/ladderTelescopic/model
[LOG 11:04:36.037] Load MU model: Squad/Parts/Utility/ladderTelescopicBay/model
[LOG 11:04:36.039] Load MU model: Squad/Parts/Utility/landingLegLT-1/model
[LOG 11:04:36.039] Load MU model: Squad/Parts/Utility/landingLegLT-2/model
[LOG 11:04:36.039] Load MU model: Squad/Parts/Utility/landingLegLT-5/model
[WRN 11:04:36.041] WheelCollider requires an attached Rigidbody to function.
[WRN 11:04:36.041] WheelCollider requires an attached Rigidbody to function.
[LOG 11:04:36.041] Load MU model: Squad/Parts/Utility/launchClamp1/model
[LOG 11:04:36.041] Load MU model: Squad/Parts/Utility/launchEscapeSystem/LaunchEscapeSystem
[LOG 11:04:36.042] Load MU model: Squad/Parts/Utility/Lights/Assets/light_02
[LOG 11:04:36.042] Load MU model: Squad/Parts/Utility/Lights/Assets/light_03
[LOG 11:04:36.042] Load MU model: Squad/Parts/Utility/Lights/Assets/light_04
[LOG 11:04:36.043] Load MU model: Squad/Parts/Utility/Lights/Assets/light_07
[LOG 11:04:36.043] Load MU model: Squad/Parts/Utility/Lights/Assets/light_08
[LOG 11:04:36.043] Load MU model: Squad/Parts/Utility/Lights/Assets/light_12
[LOG 11:04:36.044] Load MU model: Squad/Parts/Utility/linearVernorRCS/Assets/linearRCS
[LOG 11:04:36.044] Load MU model: Squad/Parts/Utility/linearVernorRCS/Assets/vernorEngine
[LOG 11:04:36.044] Load MU model: Squad/Parts/Utility/mk2CargoBay/BayLarge
[LOG 11:04:36.045] Load MU model: Squad/Parts/Utility/mk2CargoBay/BaySmall
[LOG 11:04:36.045] Load MU model: Squad/Parts/Utility/mk2CrewCabin/model
[LOG 11:04:36.045] Load MU model: Squad/Parts/Utility/mk2DockingPort/mk2Dockingport
[LOG 11:04:36.046] Load MU model: Squad/Parts/Utility/mk3CargoBay/long
[LOG 11:04:36.047] Load MU model: Squad/Parts/Utility/mk3CargoBay/medium
[LOG 11:04:36.048] Load MU model: Squad/Parts/Utility/mk3CargoBay/ramp
[LOG 11:04:36.049] Load MU model: Squad/Parts/Utility/mk3CargoBay/short
[LOG 11:04:36.049] Load MU model: Squad/Parts/Utility/parachuteMk1/model
[LOG 11:04:36.049] Load MU model: Squad/Parts/Utility/parachuteMk12-R/model
[LOG 11:04:36.049] Load MU model: Squad/Parts/Utility/parachuteMk16-XL/model
[LOG 11:04:36.051] Load MU model: Squad/Parts/Utility/parachuteMk2-R/model
[LOG 11:04:36.051] Load MU model: Squad/Parts/Utility/parachuteMk25/model
[LOG 11:04:36.052] Load MU model: Squad/Parts/Utility/radialAttachmentPoint/model
[LOG 11:04:36.052] Load MU model: Squad/Parts/Utility/rcsBlockRV-105_v2/rcsBlock105
[LOG 11:04:36.053] Load MU model: Squad/Parts/Utility/rcsSmallLinear/Assets/RCSLinearSmall
[LOG 11:04:36.053] Load MU model: Squad/Parts/Utility/RelayAntennas/HGAntenna
[LOG 11:04:36.054] Load MU model: Squad/Parts/Utility/RelayAntennas/RA-100
[LOG 11:04:36.054] Load MU model: Squad/Parts/Utility/RelayAntennas/RA-5
[LOG 11:04:36.054] Load MU model: Squad/Parts/Utility/RelayAntennas/RA-50
[LOG 11:04:36.054] Load MU model: Squad/Parts/Utility/rockomaxAdapters/Assets/brandAdapter
[LOG 11:04:36.054] Load MU model: Squad/Parts/Utility/rockomaxAdapters/Assets/brandAdapter02
[LOG 11:04:36.055] Load MU model: Squad/Parts/Utility/ServiceBay_v2/Assets/ServiceBay_125_v2
[LOG 11:04:36.056] Load MU model: Squad/Parts/Utility/ServiceBay_v2/Assets/ServiceBay_250_v2
[LOG 11:04:36.057] Load MU model: Squad/Parts/Utility/smallClaw/smallClaw
[LOG 11:04:36.059] Load MU model: Squad/Parts/Utility/spotLightMk1/model
[LOG 11:04:36.061] Load MU model: Squad/Parts/Utility/spotLightMk1_v2/model
[LOG 11:04:36.061] Load MU model: Squad/Parts/Utility/spotLightMk2/model
[LOG 11:04:36.061] Load MU model: Squad/Parts/Utility/spotLightMk2_v2/model
[LOG 11:04:36.061] Load MU model: Squad/Parts/Utility/stackCouplers/Assets/stackBiCoupler_v2
[LOG 11:04:36.061] Load MU model: Squad/Parts/Utility/stackCouplers/Assets/stackQuadCoupler
[LOG 11:04:36.062] Load MU model: Squad/Parts/Utility/stackCouplers/Assets/stackTriCoupler_v2
[LOG 11:04:36.062] Load MU model: Squad/Parts/Wheel/LandingGear/GearExtraLarge
[WRN 11:04:36.063] WheelCollider requires an attached Rigidbody to function.
[WRN 11:04:36.063] WheelCollider requires an attached Rigidbody to function.
[LOG 11:04:36.064] Load MU model: Squad/Parts/Wheel/LandingGear/GearFixed
[WRN 11:04:36.064] WheelCollider requires an attached Rigidbody to function.
[WRN 11:04:36.064] WheelCollider requires an attached Rigidbody to function.
[LOG 11:04:36.064] Load MU model: Squad/Parts/Wheel/LandingGear/GearFree
[WRN 11:04:36.064] WheelCollider requires an attached Rigidbody to function.
[WRN 11:04:36.064] WheelCollider requires an attached Rigidbody to function.
[LOG 11:04:36.065] Load MU model: Squad/Parts/Wheel/LandingGear/GearLarge
[WRN 11:04:36.065] WheelCollider requires an attached Rigidbody to function.
[WRN 11:04:36.065] WheelCollider requires an attached Rigidbody to function.
[LOG 11:04:36.065] Load MU model: Squad/Parts/Wheel/LandingGear/GearMedium
[WRN 11:04:36.066] WheelCollider requires an attached Rigidbody to function.
[WRN 11:04:36.066] WheelCollider requires an attached Rigidbody to function.
[LOG 11:04:36.066] Load MU model: Squad/Parts/Wheel/LandingGear/GearSmall
[WRN 11:04:36.066] WheelCollider requires an attached Rigidbody to function.
[WRN 11:04:36.066] WheelCollider requires an attached Rigidbody to function.
[LOG 11:04:36.066] Load MU model: Squad/Parts/Wheel/roverWheelM1/model
[WRN 11:04:36.067] WheelCollider requires an attached Rigidbody to function.
[WRN 11:04:36.067] WheelCollider requires an attached Rigidbody to function.
[LOG 11:04:36.067] Load MU model: Squad/Parts/Wheel/roverWheelS2/model
[WRN 11:04:36.067] WheelCollider requires an attached Rigidbody to function.
[WRN 11:04:36.067] WheelCollider requires an attached Rigidbody to function.
[LOG 11:04:36.067] Load MU model: Squad/Parts/Wheel/roverWheelTR-2L/model
[WRN 11:04:36.068] WheelCollider requires an attached Rigidbody to function.
[WRN 11:04:36.068] WheelCollider requires an attached Rigidbody to function.
[LOG 11:04:36.068] Load MU model: Squad/Parts/Wheel/roverWheelXL3/model
[WRN 11:04:36.069] WheelCollider requires an attached Rigidbody to function.
[WRN 11:04:36.069] WheelCollider requires an attached Rigidbody to function.
[LOG 11:04:36.070] Load MU model: Squad/Props/AltimeterThreeHands/model
[LOG 11:04:36.070] Load MU model: Squad/Props/AtmosphereDepth/model
[LOG 11:04:36.070] Load MU model: Squad/Props/AxisIndicator/model
[LOG 11:04:36.070] Load MU model: Squad/Props/buttonsGeneric/circularButton
[LOG 11:04:36.070] Load MU model: Squad/Props/buttonsGeneric/clusterButtons
[LOG 11:04:36.070] Load MU model: Squad/Props/buttonsGeneric/clusterButtons2
[LOG 11:04:36.070] Load MU model: Squad/Props/buttonsGeneric/clusterKnob
[LOG 11:04:36.070] Load MU model: Squad/Props/buttonsGeneric/clusterKnob2
[LOG 11:04:36.070] Load MU model: Squad/Props/buttonsGeneric/clusterMixed
[LOG 11:04:36.071] Load MU model: Squad/Props/buttonsGeneric/clusterSwitches01
[LOG 11:04:36.071] Load MU model: Squad/Props/buttonsGeneric/clusterSwitches02
[LOG 11:04:36.071] Load MU model: Squad/Props/buttonsGeneric/clusterSwitches03
[LOG 11:04:36.071] Load MU model: Squad/Props/buttonsGeneric/clusterSwitches04
[LOG 11:04:36.072] Load MU model: Squad/Props/buttonsGeneric/clusterSwitches05
[LOG 11:04:36.072] Load MU model: Squad/Props/buttonsGeneric/clusterSwitches06
[LOG 11:04:36.072] Load MU model: Squad/Props/buttonsGeneric/clusterSwitches07
[LOG 11:04:36.072] Load MU model: Squad/Props/buttonsGeneric/directionalKnob
[LOG 11:04:36.072] Load MU model: Squad/Props/buttonsGeneric/directionalKnob2
[LOG 11:04:36.072] Load MU model: Squad/Props/buttonsGeneric/pullSwitch
[LOG 11:04:36.072] Load MU model: Squad/Props/buttonsGeneric/squareButton
[LOG 11:04:36.072] Load MU model: Squad/Props/buttonsGeneric/standingSwitch
[LOG 11:04:36.072] Load MU model: Squad/Props/buttonsGeneric/switch
[LOG 11:04:36.072] Load MU model: Squad/Props/buttonsGeneric/switchWithGuards
[LOG 11:04:36.073] Load MU model: Squad/Props/ButtonSquare/model
[LOG 11:04:36.073] Load MU model: Squad/Props/circularButton/model
[LOG 11:04:36.073] Load MU model: Squad/Props/Compass/model
[LOG 11:04:36.073] Load MU model: Squad/Props/directionalKnob/model
[LOG 11:04:36.073] Load MU model: Squad/Props/directionalKnob2/model
[LOG 11:04:36.073] Load MU model: Squad/Props/IndicatorPanel/model
[LOG 11:04:36.073] Load MU model: Squad/Props/IVANavBall/model
[LOG 11:04:36.074] Load MU model: Squad/Props/IVANavBallNoBase/model
[LOG 11:04:36.074] Load MU model: Squad/Props/ledPanelSpeed/model
[LOG 11:04:36.074] Load MU model: Squad/Props/Monitor/MonitorDockingMode
[LOG 11:04:36.074] Load MU model: Squad/Props/NavBall/model
[LOG 11:04:36.075] Load MU model: Squad/Props/PropsGeneric/Button_DockingMode
[LOG 11:04:36.075] Load MU model: Squad/Props/PropsGeneric/CargoBagA
[LOG 11:04:36.077] Load MU model: Squad/Props/PropsGeneric/CargoBagB
[LOG 11:04:36.077] Load MU model: Squad/Props/PropsGeneric/CargoBagC
[LOG 11:04:36.077] Load MU model: Squad/Props/PropsGeneric/Hatch_Plane
[LOG 11:04:36.077] Load MU model: Squad/Props/PropsGeneric/Hatch_Plane_Curve90
[LOG 11:04:36.077] Load MU model: Squad/Props/PropsGeneric/Hatch_Plane_Frame
[LOG 11:04:36.077] Load MU model: Squad/Props/PropsGeneric/Seat_Passenger
[LOG 11:04:36.077] Load MU model: Squad/Props/PropsGeneric/Seat_Pilot
[LOG 11:04:36.077] Load MU model: Squad/Props/PropsGeneric/Seat_Pilot_Helmet
[LOG 11:04:36.077] Load MU model: Squad/Props/PropsGeneric/SideStick
[LOG 11:04:36.077] Load MU model: Squad/Props/pullSwitch/model
[LOG 11:04:36.078] Load MU model: Squad/Props/radarAltitude/model
[LOG 11:04:36.078] Load MU model: Squad/Props/squareButton/model
[LOG 11:04:36.078] Load MU model: Squad/Props/standingSwitch/model
[LOG 11:04:36.078] Load MU model: Squad/Props/switch/model
[LOG 11:04:36.078] Load MU model: Squad/Props/switchGuard/model
[LOG 11:04:36.078] Load MU model: Squad/Props/switchWithGuards/model
[LOG 11:04:36.078] Load MU model: Squad/Props/throttle/model
[LOG 11:04:36.078] Load MU model: Squad/Props/VSI/model
[LOG 11:04:36.078] Load MU model: Squad/Spaces/crewCabinInternals/model
[LOG 11:04:36.080] Load MU model: Squad/Spaces/cupolaInternal/model
[LOG 11:04:36.082] Load MU model: Squad/Spaces/GenericSpace1/model
[LOG 11:04:36.083] Load MU model: Squad/Spaces/GenericSpace3/model
[LOG 11:04:36.085] Load MU model: Squad/Spaces/landerCabinInternals/model
[LOG 11:04:36.086] Load MU model: Squad/Spaces/landerCabinSmallInternal/model
[LOG 11:04:36.086] Load MU model: Squad/Spaces/LargeCrewedLabInternals/Large_Crewed_lab_Int
[LOG 11:04:36.088] Load MU model: Squad/Spaces/Mk1-3/model
[LOG 11:04:36.089] Load MU model: Squad/Spaces/mk1CabinInternal/mk1cabin
[LOG 11:04:36.092] Load MU model: Squad/Spaces/mk1CockpitInternal/Mk1StandardIVA
[LOG 11:04:36.093] Load MU model: Squad/Spaces/mk1InlineInternal/Mk1InlineIVA
[LOG 11:04:36.094] Load MU model: Squad/Spaces/mk1PodCockpit/model
[LOG 11:04:36.095] Load MU model: Squad/Spaces/mk1pod_IVA/mk1pod_IVA
[LOG 11:04:36.096] Load MU model: Squad/Spaces/mk2CockpitStandardInternal/model
[LOG 11:04:36.096] Load MU model: Squad/Spaces/Mk2CrewCabinInternal/MK2_CrewCab_Int
[LOG 11:04:36.097] Load MU model: Squad/Spaces/mk2InlineInternal/mk2InlineIVA
[LOG 11:04:36.099] Load MU model: Squad/Spaces/mk2LanderCanInternal/mk2LanderCanInternal
[LOG 11:04:36.100] Load MU model: Squad/Spaces/MK3CockpitInternal/MK3_Cockpit_Int
[LOG 11:04:36.100] Load MU model: Squad/Spaces/MK3_CrewCab_Int/MK3_CrewCab_Int
[LOG 11:04:36.103] Load MU model: Squad/Spaces/OverlayMasks/CupolaMask
[LOG 11:04:36.103] Load MU model: Squad/Spaces/OverlayMasks/HitchhikerBorder
[LOG 11:04:36.104] Load MU model: Squad/Spaces/OverlayMasks/HitchhikerMask
[LOG 11:04:36.104] Load MU model: Squad/Spaces/OverlayMasks/LargeLabBorder
[LOG 11:04:36.104] Load MU model: Squad/Spaces/OverlayMasks/LargeLabMask
[LOG 11:04:36.104] Load MU model: Squad/Spaces/OverlayMasks/Mk1CabinBorder
[LOG 11:04:36.104] Load MU model: Squad/Spaces/OverlayMasks/Mk1CabinMask
[LOG 11:04:36.104] Load MU model: Squad/Spaces/OverlayMasks/Mk1InlineMask
[LOG 11:04:36.104] Load MU model: Squad/Spaces/OverlayMasks/Mk1InlineMask2
[LOG 11:04:36.104] Load MU model: Squad/Spaces/OverlayMasks/Mk1StandardBorder2
[LOG 11:04:36.104] Load MU model: Squad/Spaces/OverlayMasks/Mk1StandardBorder3
[LOG 11:04:36.104] Load MU model: Squad/Spaces/OverlayMasks/Mk1StandardMask
[LOG 11:04:36.104] Load MU model: Squad/Spaces/OverlayMasks/Mk1StandardMask2
[LOG 11:04:36.106] Load MU model: Squad/Spaces/OverlayMasks/Mk1StandardMask3
[LOG 11:04:36.106] Load MU model: Squad/Spaces/OverlayMasks/Mk2CabinBorder
[LOG 11:04:36.106] Load MU model: Squad/Spaces/OverlayMasks/Mk2CabinMask
[LOG 11:04:36.106] Load MU model: Squad/Spaces/OverlayMasks/Mk2InlineBorder
[LOG 11:04:36.106] Load MU model: Squad/Spaces/OverlayMasks/Mk2InlineMask
[LOG 11:04:36.106] Load MU model: Squad/Spaces/OverlayMasks/Mk2StandardBorder
[LOG 11:04:36.106] Load MU model: Squad/Spaces/OverlayMasks/Mk2StandardMask
[LOG 11:04:36.106] Load MU model: Squad/Spaces/OverlayMasks/Mk3CabinBorder
[LOG 11:04:36.106] Load MU model: Squad/Spaces/OverlayMasks/Mk3CabinMask
[LOG 11:04:36.106] Load MU model: Squad/Spaces/OverlayMasks/Mk3CabinMask2
[LOG 11:04:36.106] Load MU model: Squad/Spaces/OverlayMasks/Mk3ShuttleBorder
[LOG 11:04:36.106] Load MU model: Squad/Spaces/OverlayMasks/Mk3ShuttleMask
[LOG 11:04:36.106] Load MU model: Squad/Spaces/OverlayMasks/Size1LanderBorder
[LOG 11:04:36.106] Load MU model: Squad/Spaces/OverlayMasks/Size1LanderMask
[LOG 11:04:36.107] Load MU model: Squad/Spaces/OverlayMasks/Size1PodBorder
[LOG 11:04:36.107] Load MU model: Squad/Spaces/OverlayMasks/Size1PodMask
[LOG 11:04:36.107] Load MU model: Squad/Spaces/OverlayMasks/Size2LanderBorder
[LOG 11:04:36.107] Load MU model: Squad/Spaces/OverlayMasks/Size2LanderMask
[LOG 11:04:36.107] Load MU model: Squad/Spaces/OverlayMasks/Size2PodBorder
[LOG 11:04:36.107] Load MU model: Squad/Spaces/OverlayMasks/Size2PodMask
[LOG 11:04:36.107] Load MU model: Squad/Spaces/Placeholder/PlaceholderIVA
[LOG 11:04:36.107] Load MU model: Squad/Spaces/PodCockpit/model
[LOG 11:04:36.109] Load MU model: SquadExpansion/MakingHistory/Parts/Aero/protectiveRocketNoseMk5A/Size_1_5_Cone
[LOG 11:04:36.109] Load MU model: SquadExpansion/MakingHistory/Parts/Coupling/Assets/EnginePlate
[LOG 11:04:36.109] Load MU model: SquadExpansion/MakingHistory/Parts/Coupling/Assets/InflatableAirlock
[LOG 11:04:36.110] Load MU model: SquadExpansion/MakingHistory/Parts/Coupling/Assets/Size1_5_Decoupler
[LOG 11:04:36.110] Load MU model: SquadExpansion/MakingHistory/Parts/Engine/Assets/KE-1
[LOG 11:04:36.113] Load MU model: SquadExpansion/MakingHistory/Parts/Engine/Assets/LV-T87
[LOG 11:04:36.115] Load MU model: SquadExpansion/MakingHistory/Parts/Engine/Assets/LV-T91
[LOG 11:04:36.116] Load MU model: SquadExpansion/MakingHistory/Parts/Engine/Assets/RE-I2
[LOG 11:04:36.118] Load MU model: SquadExpansion/MakingHistory/Parts/Engine/Assets/RE-J10
[LOG 11:04:36.118] Load MU model: SquadExpansion/MakingHistory/Parts/Engine/Assets/RK-7
[LOG 11:04:36.120] Load MU model: SquadExpansion/MakingHistory/Parts/Engine/Assets/RV-1
[LOG 11:04:36.120] Load MU model: SquadExpansion/MakingHistory/Parts/Engine/solidBoosterTHK/solidBoosterTHK
[LOG 11:04:36.121] Load MU model: SquadExpansion/MakingHistory/Parts/FuelTank/Assets/MiniMonoTank
[LOG 11:04:36.121] Load MU model: SquadExpansion/MakingHistory/Parts/FuelTank/Assets/Size1_5_Size0_Adapter_01
[LOG 11:04:36.121] Load MU model: SquadExpansion/MakingHistory/Parts/FuelTank/Assets/Size1_5_Size1_Adapter_01
[LOG 11:04:36.122] Load MU model: SquadExpansion/MakingHistory/Parts/FuelTank/Assets/Size1_5_Size1_Adapter_02
[LOG 11:04:36.122] Load MU model: SquadExpansion/MakingHistory/Parts/FuelTank/Assets/Size1_5_Size2_Adapter_01
[LOG 11:04:36.122] Load MU model: SquadExpansion/MakingHistory/Parts/FuelTank/Assets/Size1_5_Tank_01
[LOG 11:04:36.122] Load MU model: SquadExpansion/MakingHistory/Parts/FuelTank/Assets/Size1_5_Tank_02
[LOG 11:04:36.123] Load MU model: SquadExpansion/MakingHistory/Parts/FuelTank/Assets/Size1_5_Tank_03
[LOG 11:04:36.123] Load MU model: SquadExpansion/MakingHistory/Parts/FuelTank/Assets/Size1_5_Tank_04
[LOG 11:04:36.123] Load MU model: SquadExpansion/MakingHistory/Parts/FuelTank/Assets/Size1_5_Tank_05
[LOG 11:04:36.123] Load MU model: SquadExpansion/MakingHistory/Parts/FuelTank/Assets/Size3_Size4_Adapter_01
[LOG 11:04:36.124] Load MU model: SquadExpansion/MakingHistory/Parts/FuelTank/Assets/Size4_EngineAdapter_01
[LOG 11:04:36.124] Load MU model: SquadExpansion/MakingHistory/Parts/FuelTank/Assets/Size4_Tank_01
[LOG 11:04:36.124] Load MU model: SquadExpansion/MakingHistory/Parts/FuelTank/Assets/Size4_Tank_02
[LOG 11:04:36.125] Load MU model: SquadExpansion/MakingHistory/Parts/FuelTank/Assets/Size4_Tank_03
[LOG 11:04:36.125] Load MU model: SquadExpansion/MakingHistory/Parts/FuelTank/Assets/Size4_Tank_04
[LOG 11:04:36.125] Load MU model: SquadExpansion/MakingHistory/Parts/FuelTank/Assets/Size_1p5_Monoprop
[LOG 11:04:36.126] Load MU model: SquadExpansion/MakingHistory/Parts/Ground/Assets/RoverWheel
[WRN 11:04:36.126] WheelCollider requires an attached Rigidbody to function.
[WRN 11:04:36.126] WheelCollider requires an attached Rigidbody to function.
[LOG 11:04:36.126] Load MU model: SquadExpansion/MakingHistory/Parts/Payload/Assets/ServiceModule18
[LOG 11:04:36.127] Load MU model: SquadExpansion/MakingHistory/Parts/Payload/Assets/ServiceModule25
[LOG 11:04:36.128] Load MU model: SquadExpansion/MakingHistory/Parts/Payload/Assets/Size1to0ServiceModule
[LOG 11:04:36.128] Load MU model: SquadExpansion/MakingHistory/Parts/Pods/Assets/Mk2Pod
[LOG 11:04:36.128] Load MU model: SquadExpansion/MakingHistory/Parts/Pods/Assets/RoundPod
[LOG 11:04:36.129] Load MU model: SquadExpansion/MakingHistory/Parts/Pods/Assets/Size1_5_Lander
[LOG 11:04:36.129] Load MU model: SquadExpansion/MakingHistory/Parts/SharedAssets/Shroud1p5x0
[LOG 11:04:36.130] Load MU model: SquadExpansion/MakingHistory/Parts/SharedAssets/Shroud1p5x1
[LOG 11:04:36.130] Load MU model: SquadExpansion/MakingHistory/Parts/SharedAssets/Shroud1p5x2
[LOG 11:04:36.130] Load MU model: SquadExpansion/MakingHistory/Parts/SharedAssets/Shroud1p5x3
[LOG 11:04:36.130] Load MU model: SquadExpansion/MakingHistory/Parts/SharedAssets/Shroud1p5x4
[LOG 11:04:36.130] Load MU model: SquadExpansion/MakingHistory/Parts/SharedAssets/Shroud1x0
[LOG 11:04:36.130] Load MU model: SquadExpansion/MakingHistory/Parts/SharedAssets/Shroud1x1
[LOG 11:04:36.130] Load MU model: SquadExpansion/MakingHistory/Parts/SharedAssets/Shroud1x2
[LOG 11:04:36.130] Load MU model: SquadExpansion/MakingHistory/Parts/SharedAssets/Shroud1x3
[LOG 11:04:36.130] Load MU model: SquadExpansion/MakingHistory/Parts/SharedAssets/Shroud1x4
[LOG 11:04:36.130] Load MU model: SquadExpansion/MakingHistory/Parts/SharedAssets/Shroud2x0
[LOG 11:04:36.130] Load MU model: SquadExpansion/MakingHistory/Parts/SharedAssets/Shroud2x1
[LOG 11:04:36.130] Load MU model: SquadExpansion/MakingHistory/Parts/SharedAssets/Shroud2x2
[LOG 11:04:36.130] Load MU model: SquadExpansion/MakingHistory/Parts/SharedAssets/Shroud2x3
[LOG 11:04:36.130] Load MU model: SquadExpansion/MakingHistory/Parts/SharedAssets/Shroud2x4
[LOG 11:04:36.130] Load MU model: SquadExpansion/MakingHistory/Parts/SharedAssets/Shroud3x0
[LOG 11:04:36.130] Load MU model: SquadExpansion/MakingHistory/Parts/SharedAssets/Shroud3x1
[LOG 11:04:36.131] Load MU model: SquadExpansion/MakingHistory/Parts/SharedAssets/Shroud3x2
[LOG 11:04:36.131] Load MU model: SquadExpansion/MakingHistory/Parts/SharedAssets/Shroud3x3
[LOG 11:04:36.131] Load MU model: SquadExpansion/MakingHistory/Parts/SharedAssets/Shroud3x4
[LOG 11:04:36.131] Load MU model: SquadExpansion/MakingHistory/Parts/SharedAssets/Shroud4x0
[LOG 11:04:36.131] Load MU model: SquadExpansion/MakingHistory/Parts/SharedAssets/Shroud4x1
[LOG 11:04:36.131] Load MU model: SquadExpansion/MakingHistory/Parts/SharedAssets/Shroud4x2
[LOG 11:04:36.131] Load MU model: SquadExpansion/MakingHistory/Parts/SharedAssets/Shroud4x3
[LOG 11:04:36.131] Load MU model: SquadExpansion/MakingHistory/Parts/SharedAssets/Shroud4x4
[LOG 11:04:36.131] Load MU model: SquadExpansion/MakingHistory/Parts/SharedAssets/ShroudCollider0
[LOG 11:04:36.132] Load MU model: SquadExpansion/MakingHistory/Parts/SharedAssets/ShroudCollider1
[LOG 11:04:36.132] Load MU model: SquadExpansion/MakingHistory/Parts/SharedAssets/ShroudCollider1p5
[LOG 11:04:36.132] Load MU model: SquadExpansion/MakingHistory/Parts/SharedAssets/ShroudCollider2
[LOG 11:04:36.132] Load MU model: SquadExpansion/MakingHistory/Parts/SharedAssets/ShroudCollider3
[LOG 11:04:36.133] Load MU model: SquadExpansion/MakingHistory/Parts/SharedAssets/ShroudCollider4
[LOG 11:04:36.133] Load MU model: SquadExpansion/MakingHistory/Parts/Structural/Assets/EquiTriangle0
[LOG 11:04:36.133] Load MU model: SquadExpansion/MakingHistory/Parts/Structural/Assets/EquiTriangle1
[LOG 11:04:36.133] Load MU model: SquadExpansion/MakingHistory/Parts/Structural/Assets/EquiTriangle1p5
[LOG 11:04:36.133] Load MU model: SquadExpansion/MakingHistory/Parts/Structural/Assets/EquiTriangle2
[LOG 11:04:36.133] Load MU model: SquadExpansion/MakingHistory/Parts/Structural/Assets/Panel0
[LOG 11:04:36.133] Load MU model: SquadExpansion/MakingHistory/Parts/Structural/Assets/Panel1
[LOG 11:04:36.133] Load MU model: SquadExpansion/MakingHistory/Parts/Structural/Assets/Panel1p5
[LOG 11:04:36.134] Load MU model: SquadExpansion/MakingHistory/Parts/Structural/Assets/Panel2
[LOG 11:04:36.134] Load MU model: SquadExpansion/MakingHistory/Parts/Structural/Assets/Triangle0
[LOG 11:04:36.134] Load MU model: SquadExpansion/MakingHistory/Parts/Structural/Assets/Triangle1
[LOG 11:04:36.134] Load MU model: SquadExpansion/MakingHistory/Parts/Structural/Assets/Triangle1p5
[LOG 11:04:36.134] Load MU model: SquadExpansion/MakingHistory/Parts/Structural/Assets/Triangle2
[LOG 11:04:36.134] Load MU model: SquadExpansion/MakingHistory/Parts/Utility/flags/flagSize1p5/flagSize1p5Meshes
[LOG 11:04:36.135] Load MU model: SquadExpansion/MakingHistory/Parts/Utility/flags/flagSize4/flagSize4Meshes
[LOG 11:04:36.136] Load MU model: SquadExpansion/MakingHistory/Spaces/KVPods/Airlock_IVA
[LOG 11:04:36.136] Load MU model: SquadExpansion/MakingHistory/Spaces/KVPods/KV1_IVA
[LOG 11:04:36.137] Load MU model: SquadExpansion/MakingHistory/Spaces/KVPods/KV2_IVA
[LOG 11:04:36.138] Load MU model: SquadExpansion/MakingHistory/Spaces/KVPods/KV3_IVA
[LOG 11:04:36.140] Load MU model: SquadExpansion/MakingHistory/Spaces/MEM/MEM_IVA
[LOG 11:04:36.142] Load MU model: SquadExpansion/MakingHistory/Spaces/Mk2Pod/MK2POD_IVA
[LOG 11:04:36.143] Load MU model: SquadExpansion/Serenity/Parts/Aero/Assets/FanShroud_01
[LOG 11:04:36.143] Load MU model: SquadExpansion/Serenity/Parts/Aero/Assets/FanShroud_02
[LOG 11:04:36.144] Load MU model: SquadExpansion/Serenity/Parts/Aero/Assets/FanShroud_03
[LOG 11:04:36.144] Load MU model: SquadExpansion/Serenity/Parts/Aero/Assets/noseconeTiny
[LOG 11:04:36.144] Load MU model: SquadExpansion/Serenity/Parts/Aero/Assets/noseconeVS
[LOG 11:04:36.144] Load MU model: SquadExpansion/Serenity/Parts/DeployedScience/Assets/CentralStation
[LOG 11:04:36.146] Load MU model: SquadExpansion/Serenity/Parts/DeployedScience/Assets/GoExOb
[LOG 11:04:36.149] Load MU model: SquadExpansion/Serenity/Parts/DeployedScience/Assets/IonExperiment
[LOG 11:04:36.150] Load MU model: SquadExpansion/Serenity/Parts/DeployedScience/Assets/RTGCask
[LOG 11:04:36.150] Load MU model: SquadExpansion/Serenity/Parts/DeployedScience/Assets/satDish
[LOG 11:04:36.153] Load MU model: SquadExpansion/Serenity/Parts/DeployedScience/Assets/seismicSensor
[LOG 11:04:36.156] Load MU model: SquadExpansion/Serenity/Parts/DeployedScience/Assets/solarPanel
[LOG 11:04:36.157] Load MU model: SquadExpansion/Serenity/Parts/DeployedScience/Assets/WeatherStation
[LOG 11:04:36.160] Load MU model: SquadExpansion/Serenity/Parts/Propellers/Assets/largeFanBlade
[LOG 11:04:36.161] Load MU model: SquadExpansion/Serenity/Parts/Propellers/Assets/largeHeliBlade
[LOG 11:04:36.161] Load MU model: SquadExpansion/Serenity/Parts/Propellers/Assets/largePropeller
[LOG 11:04:36.161] Load MU model: SquadExpansion/Serenity/Parts/Propellers/Assets/mediumFanBlade
[LOG 11:04:36.161] Load MU model: SquadExpansion/Serenity/Parts/Propellers/Assets/mediumHeliBlade
[LOG 11:04:36.161] Load MU model: SquadExpansion/Serenity/Parts/Propellers/Assets/mediumPropeller
[LOG 11:04:36.161] Load MU model: SquadExpansion/Serenity/Parts/Propellers/Assets/smallFanBlade
[LOG 11:04:36.161] Load MU model: SquadExpansion/Serenity/Parts/Propellers/Assets/smallHeliBlade
[LOG 11:04:36.161] Load MU model: SquadExpansion/Serenity/Parts/Propellers/Assets/smallPropeller
[LOG 11:04:36.162] Load MU model: SquadExpansion/Serenity/Parts/Robotics/Assets/hinge_01
[LOG 11:04:36.162] Load MU model: SquadExpansion/Serenity/Parts/Robotics/Assets/hinge_01_s
[LOG 11:04:36.162] Load MU model: SquadExpansion/Serenity/Parts/Robotics/Assets/hinge_03
[LOG 11:04:36.163] Load MU model: SquadExpansion/Serenity/Parts/Robotics/Assets/hinge_03_s
[LOG 11:04:36.163] Load MU model: SquadExpansion/Serenity/Parts/Robotics/Assets/hinge_04
[LOG 11:04:36.163] Load MU model: SquadExpansion/Serenity/Parts/Robotics/Assets/piston_01
[LOG 11:04:36.163] Load MU model: SquadExpansion/Serenity/Parts/Robotics/Assets/piston_02
[LOG 11:04:36.164] Load MU model: SquadExpansion/Serenity/Parts/Robotics/Assets/piston_03
[LOG 11:04:36.164] Load MU model: SquadExpansion/Serenity/Parts/Robotics/Assets/piston_04
[LOG 11:04:36.164] Load MU model: SquadExpansion/Serenity/Parts/Robotics/Assets/RotorEngine_02
[LOG 11:04:36.165] Load MU model: SquadExpansion/Serenity/Parts/Robotics/Assets/RotorEngine_03
[LOG 11:04:36.165] Load MU model: SquadExpansion/Serenity/Parts/Robotics/Assets/rotor_01
[LOG 11:04:36.166] Load MU model: SquadExpansion/Serenity/Parts/Robotics/Assets/rotor_01s
[LOG 11:04:36.166] Load MU model: SquadExpansion/Serenity/Parts/Robotics/Assets/rotor_02
[LOG 11:04:36.167] Load MU model: SquadExpansion/Serenity/Parts/Robotics/Assets/rotor_02s
[LOG 11:04:36.168] Load MU model: SquadExpansion/Serenity/Parts/Robotics/Assets/rotor_03
[LOG 11:04:36.169] Load MU model: SquadExpansion/Serenity/Parts/Robotics/Assets/rotor_03s
[LOG 11:04:36.169] Load MU model: SquadExpansion/Serenity/Parts/Robotics/Assets/RotoServo_00
[LOG 11:04:36.170] Load MU model: SquadExpansion/Serenity/Parts/Robotics/Assets/RotoServo_02
[LOG 11:04:36.170] Load MU model: SquadExpansion/Serenity/Parts/Robotics/Assets/RotoServo_03
[LOG 11:04:36.171] Load MU model: SquadExpansion/Serenity/Parts/Robotics/Assets/RotoServo_04
[LOG 11:04:36.171] Load MU model: SquadExpansion/Serenity/Parts/Robotics/Controllers/controller1000
[LOG 11:04:36.172] Load MU model: SquadExpansion/Serenity/Parts/Science/RobotArmScanner/Assets/ROCArm_01
[LOG 11:04:36.173] Load MU model: SquadExpansion/Serenity/Parts/Science/RobotArmScanner/Assets/ROCArm_02
[LOG 11:04:36.174] Load MU model: SquadExpansion/Serenity/Parts/Science/RobotArmScanner/Assets/ROCArm_03
[LOG 11:04:36.176] Load MU model: SquadExpansion/Serenity/Parts/Structural/gripPads/Assets/lGripPad
[LOG 11:04:36.177] Load MU model: SquadExpansion/Serenity/Parts/Structural/gripPads/Assets/lGripStrip
[LOG 11:04:36.177] Load MU model: SquadExpansion/Serenity/Parts/Structural/gripPads/Assets/mGripPad
[LOG 11:04:36.177] Load MU model: SquadExpansion/Serenity/Parts/Structural/gripPads/Assets/sGripPad
[LOG 11:04:36.177] Load MU model: SquadExpansion/Serenity/Parts/Structural/gripPads/Assets/sGripStrip
[LOG 11:04:36.177] Loading Asset Bundle Definitions
[LOG 11:04:36.179] AssetLoader: Loading bundle definitions
[LOG 11:04:36.286] AssetLoader: Loaded bundle 'squadcore'
[LOG 11:04:36.287] AssetLoader: Loaded bundle 'squadcorefx'
[LOG 11:04:36.288] AssetLoader: Loaded mod bundle 'kspedia'
[LOG 11:04:36.288] AssetLoader: Loaded mod bundle 'kspedia_actionsets'
[LOG 11:04:36.289] AssetLoader: Loaded mod bundle 'kspedia_aircraft'
[LOG 11:04:36.289] AssetLoader: Loaded mod bundle 'kspedia_aircraftbasics'
[LOG 11:04:36.289] AssetLoader: Loaded mod bundle 'kspedia_aircraftbasicsbalance'
[LOG 11:04:36.289] AssetLoader: Loaded mod bundle 'kspedia_aircraftbasicsbalance2'
[LOG 11:04:36.289] AssetLoader: Loaded mod bundle 'kspedia_aircraftbasicscol'
[LOG 11:04:36.290] AssetLoader: Loaded mod bundle 'kspedia_aircraftbasicscontrol'
[LOG 11:04:36.290] AssetLoader: Loaded mod bundle 'kspedia_aircraftbasicscontrolsurfaces'
[LOG 11:04:36.290] AssetLoader: Loaded mod bundle 'kspedia_aircraftbasicsdrag'
[LOG 11:04:36.290] AssetLoader: Loaded mod bundle 'kspedia_aircraftbasicsengines'
[LOG 11:04:36.290] AssetLoader: Loaded mod bundle 'kspedia_aircraftbasicsforces'
[LOG 11:04:36.291] AssetLoader: Loaded mod bundle 'kspedia_aircraftbasicsintakes'
[LOG 11:04:36.291] AssetLoader: Loaded mod bundle 'kspedia_aircraftbasicslandinggear'
[LOG 11:04:36.291] AssetLoader: Loaded mod bundle 'kspedia_aircraftbasicslift'
[LOG 11:04:36.291] AssetLoader: Loaded mod bundle 'kspedia_axisgroups'
[LOG 11:04:36.291] AssetLoader: Loaded mod bundle 'kspedia_career'
[LOG 11:04:36.291] AssetLoader: Loaded mod bundle 'kspedia_careerbasicscontracts'
[LOG 11:04:36.291] AssetLoader: Loaded mod bundle 'kspedia_careerbasicscrew'
[LOG 11:04:36.292] AssetLoader: Loaded mod bundle 'kspedia_careerbasicscurrencies'
[LOG 11:04:36.292] AssetLoader: Loaded mod bundle 'kspedia_careerbasicsexperience'
[LOG 11:04:36.292] AssetLoader: Loaded mod bundle 'kspedia_careerbasicsfacilities'
[LOG 11:04:36.292] AssetLoader: Loaded mod bundle 'kspedia_careerbasicsstrategies'
[LOG 11:04:36.293] AssetLoader: Loaded mod bundle 'kspedia_careerbasicstechnology'
[LOG 11:04:36.293] AssetLoader: Loaded mod bundle 'kspedia_careerui-ac'
[LOG 11:04:36.293] AssetLoader: Loaded mod bundle 'kspedia_careerui-admin'
[LOG 11:04:36.293] AssetLoader: Loaded mod bundle 'kspedia_careerui-ksc'
[LOG 11:04:36.293] AssetLoader: Loaded mod bundle 'kspedia_careerui-mc'
[LOG 11:04:36.294] AssetLoader: Loaded mod bundle 'kspedia_careerui-sciencearchives'
[LOG 11:04:36.294] AssetLoader: Loaded mod bundle 'kspedia_careerui-techtree'
[LOG 11:04:36.294] AssetLoader: Loaded mod bundle 'kspedia_careerui-ts'
[LOG 11:04:36.294] AssetLoader: Loaded mod bundle 'kspedia_careerui'
[LOG 11:04:36.295] AssetLoader: Loaded mod bundle 'kspedia_cargoapp'
[LOG 11:04:36.295] AssetLoader: Loaded mod bundle 'kspedia_cargomode'
[LOG 11:04:36.295] AssetLoader: Loaded mod bundle 'kspedia_cargosystem-placeableparts'
[LOG 11:04:36.295] AssetLoader: Loaded mod bundle 'kspedia_cargosystem'
[LOG 11:04:36.295] AssetLoader: Loaded mod bundle 'kspedia_chute'
[LOG 11:04:36.296] AssetLoader: Loaded mod bundle 'kspedia_commnet'
[LOG 11:04:36.296] AssetLoader: Loaded mod bundle 'kspedia_commnetbasics'
[LOG 11:04:36.296] AssetLoader: Loaded mod bundle 'kspedia_commnetbuildingeffectivenetworks'
[LOG 11:04:36.296] AssetLoader: Loaded mod bundle 'kspedia_commnetcalculatingrange'
[LOG 11:04:36.296] AssetLoader: Loaded mod bundle 'kspedia_commnetcontrollevels'
[LOG 11:04:36.296] AssetLoader: Loaded mod bundle 'kspedia_commnetcontrollinks'
[LOG 11:04:36.297] AssetLoader: Loaded mod bundle 'kspedia_commnetcontrolpoints'
[LOG 11:04:36.297] AssetLoader: Loaded mod bundle 'kspedia_commnetgui'
[LOG 11:04:36.297] AssetLoader: Loaded mod bundle 'kspedia_commnetgui01'
[LOG 11:04:36.297] AssetLoader: Loaded mod bundle 'kspedia_commnetgui02'
[LOG 11:04:36.297] AssetLoader: Loaded mod bundle 'kspedia_commnetrange'
[LOG 11:04:36.297] AssetLoader: Loaded mod bundle 'kspedia_commnetrelays'
[LOG 11:04:36.298] AssetLoader: Loaded mod bundle 'kspedia_commnetsciencetransmission'
[LOG 11:04:36.298] AssetLoader: Loaded mod bundle 'kspedia_commnetsignalstrength'
[LOG 11:04:36.298] AssetLoader: Loaded mod bundle 'kspedia_commnettransmission'
[LOG 11:04:36.298] AssetLoader: Loaded mod bundle 'kspedia_constructionui-actiongroups'
[LOG 11:04:36.298] AssetLoader: Loaded mod bundle 'kspedia_constructionui-applauncher'
[LOG 11:04:36.299] AssetLoader: Loaded mod bundle 'kspedia_constructionui-crew'
[LOG 11:04:36.299] AssetLoader: Loaded mod bundle 'kspedia_constructionui-engineersreport'
[LOG 11:04:36.299] AssetLoader: Loaded mod bundle 'kspedia_constructionui-gizmos'
[LOG 11:04:36.299] AssetLoader: Loaded mod bundle 'kspedia_constructionui-infos'
[LOG 11:04:36.299] AssetLoader: Loaded mod bundle 'kspedia_constructionui-partdetails'
[LOG 11:04:36.299] AssetLoader: Loaded mod bundle 'kspedia_constructionui-parts'
[LOG 11:04:36.299] AssetLoader: Loaded mod bundle 'kspedia_constructionui-symmetry'
[LOG 11:04:36.301] AssetLoader: Loaded mod bundle 'kspedia_constructionui-vesseldetails'
[LOG 11:04:36.301] AssetLoader: Loaded mod bundle 'kspedia_constructionui'
[LOG 11:04:36.301] AssetLoader: Loaded mod bundle 'kspedia_controls-dockingmode'
[LOG 11:04:36.301] AssetLoader: Loaded mod bundle 'kspedia_controls-editor'
[LOG 11:04:36.301] AssetLoader: Loaded mod bundle 'kspedia_controls-editorgizmos'
[LOG 11:04:36.302] AssetLoader: Loaded mod bundle 'kspedia_controls-eva'
[LOG 11:04:36.302] AssetLoader: Loaded mod bundle 'kspedia_controls-flight'
[LOG 11:04:36.302] AssetLoader: Loaded mod bundle 'kspedia_controls-flightactivities'
[LOG 11:04:36.302] AssetLoader: Loaded mod bundle 'kspedia_controls-flightdirections'
[LOG 11:04:36.302] AssetLoader: Loaded mod bundle 'kspedia_controls-general'
[LOG 11:04:36.302] AssetLoader: Loaded mod bundle 'kspedia_controls-mapandtime'
[LOG 11:04:36.302] AssetLoader: Loaded mod bundle 'kspedia_controls-mouseconstruction'
[LOG 11:04:36.304] AssetLoader: Loaded mod bundle 'kspedia_controls-mouseflight'
[LOG 11:04:36.304] AssetLoader: Loaded mod bundle 'kspedia_controls-rcs'
[LOG 11:04:36.304] AssetLoader: Loaded mod bundle 'kspedia_controls'
[LOG 11:04:36.304] AssetLoader: Loaded mod bundle 'kspedia_eastereggs'
[LOG 11:04:36.305] AssetLoader: Loaded mod bundle 'kspedia_evaconstructionmode'
[LOG 11:04:36.305] AssetLoader: Loaded mod bundle 'kspedia_facilities-ac'
[LOG 11:04:36.305] AssetLoader: Loaded mod bundle 'kspedia_facilities-admin'
[LOG 11:04:36.305] AssetLoader: Loaded mod bundle 'kspedia_facilities-context'
[LOG 11:04:36.305] AssetLoader: Loaded mod bundle 'kspedia_facilities-ksc'
[LOG 11:04:36.305] AssetLoader: Loaded mod bundle 'kspedia_facilities-launchpad'
[LOG 11:04:36.306] AssetLoader: Loaded mod bundle 'kspedia_facilities-mc'
[LOG 11:04:36.306] AssetLoader: Loaded mod bundle 'kspedia_facilities-randd'
[LOG 11:04:36.306] AssetLoader: Loaded mod bundle 'kspedia_facilities-runway'
[LOG 11:04:36.306] AssetLoader: Loaded mod bundle 'kspedia_facilities-sph'
[LOG 11:04:36.307] AssetLoader: Loaded mod bundle 'kspedia_facilities-ts'
[LOG 11:04:36.307] AssetLoader: Loaded mod bundle 'kspedia_facilities-vab'
[LOG 11:04:36.307] AssetLoader: Loaded mod bundle 'kspedia_flightui-altimeter'
[LOG 11:04:36.308] AssetLoader: Loaded mod bundle 'kspedia_flightui-applauncher'
[LOG 11:04:36.308] AssetLoader: Loaded mod bundle 'kspedia_flightui-evaactivities'
[LOG 11:04:36.308] AssetLoader: Loaded mod bundle 'kspedia_flightui-maneuvermodeeditor'
[LOG 11:04:36.308] AssetLoader: Loaded mod bundle 'kspedia_flightui-maneuvermodeeditorcont'
[LOG 11:04:36.309] AssetLoader: Loaded mod bundle 'kspedia_flightui-maneuvermodeorbit'
[LOG 11:04:36.309] AssetLoader: Loaded mod bundle 'kspedia_flightui-maneuvertoolinfo'
[LOG 11:04:36.309] AssetLoader: Loaded mod bundle 'kspedia_flightui-maneuvertoolmain'
[LOG 11:04:36.309] AssetLoader: Loaded mod bundle 'kspedia_flightui-modecontrol'
[LOG 11:04:36.309] AssetLoader: Loaded mod bundle 'kspedia_flightui-navball'
[LOG 11:04:36.311] AssetLoader: Loaded mod bundle 'kspedia_flightui-partrepairs'
[LOG 11:04:36.311] AssetLoader: Loaded mod bundle 'kspedia_flightui-portraits'
[LOG 11:04:36.311] AssetLoader: Loaded mod bundle 'kspedia_flightui-staging'
[LOG 11:04:36.311] AssetLoader: Loaded mod bundle 'kspedia_flightui-timeandaction'
[LOG 11:04:36.312] AssetLoader: Loaded mod bundle 'kspedia_flightui'
[LOG 11:04:36.312] AssetLoader: Loaded mod bundle 'kspedia_heat'
[LOG 11:04:36.312] AssetLoader: Loaded mod bundle 'kspedia_heatactiveradiators'
[LOG 11:04:36.312] AssetLoader: Loaded mod bundle 'kspedia_heatengines'
[LOG 11:04:36.313] AssetLoader: Loaded mod bundle 'kspedia_heatflow'
[LOG 11:04:36.313] AssetLoader: Loaded mod bundle 'kspedia_heatpart'
[LOG 11:04:36.313] AssetLoader: Loaded mod bundle 'kspedia_heatpassiveradiators'
[LOG 11:04:36.314] AssetLoader: Loaded mod bundle 'kspedia_heatshields'
[LOG 11:04:36.314] AssetLoader: Loaded mod bundle 'kspedia_kerbnet'
[LOG 11:04:36.314] AssetLoader: Loaded mod bundle 'kspedia_kerbnetinterface'
[LOG 11:04:36.314] AssetLoader: Loaded mod bundle 'kspedia_kerbnetmodes'
[LOG 11:04:36.315] AssetLoader: Loaded mod bundle 'kspedia_kerbnetwaypoints'
[LOG 11:04:36.315] AssetLoader: Loaded mod bundle 'kspedia_locations'
[LOG 11:04:36.315] AssetLoader: Loaded mod bundle 'kspedia_manual'
[LOG 11:04:36.315] AssetLoader: Loaded mod bundle 'kspedia_mapui-alarmclockcreation'
[LOG 11:04:36.316] AssetLoader: Loaded mod bundle 'kspedia_mapui-alarmclockmain'
[LOG 11:04:36.316] AssetLoader: Loaded mod bundle 'kspedia_mapui-burnindicator'
[LOG 11:04:36.316] AssetLoader: Loaded mod bundle 'kspedia_mapui-dvtoolsflight'
[LOG 11:04:36.317] AssetLoader: Loaded mod bundle 'kspedia_mapui-dvtoolsvab'
[LOG 11:04:36.317] AssetLoader: Loaded mod bundle 'kspedia_mapui-mannodes'
[LOG 11:04:36.317] AssetLoader: Loaded mod bundle 'kspedia_mapui-orbitnodes'
[LOG 11:04:36.317] AssetLoader: Loaded mod bundle 'kspedia_mapui-orbitnodes2'
[LOG 11:04:36.318] AssetLoader: Loaded mod bundle 'kspedia_mapui'
[LOG 11:04:36.318] AssetLoader: Loaded mod bundle 'kspedia_orbitalbasics-atmosphere'
[LOG 11:04:36.318] AssetLoader: Loaded mod bundle 'kspedia_orbitalbasics-gettingbackdown'
[LOG 11:04:36.319] AssetLoader: Loaded mod bundle 'kspedia_orbitalbasics-gettingupthere'
[LOG 11:04:36.319] AssetLoader: Loaded mod bundle 'kspedia_orbitalbasics-gravityturn'
[LOG 11:04:36.319] AssetLoader: Loaded mod bundle 'kspedia_orbitalbasics-orbits'
[LOG 11:04:36.319] AssetLoader: Loaded mod bundle 'kspedia_orbitalbasics-stayingupthere'
[LOG 11:04:36.319] AssetLoader: Loaded mod bundle 'kspedia_orbitalbasics'
[LOG 11:04:36.319] AssetLoader: Loaded mod bundle 'kspedia_orbitaldefinitions-appe'
[LOG 11:04:36.319] AssetLoader: Loaded mod bundle 'kspedia_orbitaldefinitions-dirandinc'
[LOG 11:04:36.321] AssetLoader: Loaded mod bundle 'kspedia_orbitaldefinitions-directions'
[LOG 11:04:36.321] AssetLoader: Loaded mod bundle 'kspedia_orbitaldefinitions-eccentricity'
[LOG 11:04:36.321] AssetLoader: Loaded mod bundle 'kspedia_orbitaldefinitions'
[LOG 11:04:36.321] AssetLoader: Loaded mod bundle 'kspedia_orbitalmaneuvers-adjustinginclination'
[LOG 11:04:36.322] AssetLoader: Loaded mod bundle 'kspedia_orbitalmaneuvers-deltav'
[LOG 11:04:36.322] AssetLoader: Loaded mod bundle 'kspedia_orbitalmaneuvers-efficiency'
[LOG 11:04:36.322] AssetLoader: Loaded mod bundle 'kspedia_orbitalmaneuvers-hohmanntransfer'
[LOG 11:04:36.322] AssetLoader: Loaded mod bundle 'kspedia_orbitalmaneuvers-hohmanntransfer2'
[LOG 11:04:36.322] AssetLoader: Loaded mod bundle 'kspedia_orbitalmaneuvers-orbittypes'
[LOG 11:04:36.323] AssetLoader: Loaded mod bundle 'kspedia_orbitalmaneuvers-radandantirad'
[LOG 11:04:36.323] AssetLoader: Loaded mod bundle 'kspedia_orbitalmaneuvers-shapingup'
[LOG 11:04:36.323] AssetLoader: Loaded mod bundle 'kspedia_orbitalmaneuvers'
[LOG 11:04:36.323] AssetLoader: Loaded mod bundle 'kspedia_planets-dres'
[LOG 11:04:36.323] AssetLoader: Loaded mod bundle 'kspedia_planets-duna'
[LOG 11:04:36.324] AssetLoader: Loaded mod bundle 'kspedia_planets-eeloo'
[LOG 11:04:36.324] AssetLoader: Loaded mod bundle 'kspedia_planets-eve'
[LOG 11:04:36.324] AssetLoader: Loaded mod bundle 'kspedia_planets-jool'
[LOG 11:04:36.324] AssetLoader: Loaded mod bundle 'kspedia_planets-kerbin'
[LOG 11:04:36.324] AssetLoader: Loaded mod bundle 'kspedia_planets-moho'
[LOG 11:04:36.325] AssetLoader: Loaded mod bundle 'kspedia_planets-sun'
[LOG 11:04:36.325] AssetLoader: Loaded mod bundle 'kspedia_planets-system'
[LOG 11:04:36.325] AssetLoader: Loaded mod bundle 'kspedia_resources-asteroidmining'
[LOG 11:04:36.325] AssetLoader: Loaded mod bundle 'kspedia_resources-conversionmanagement'
[LOG 11:04:36.325] AssetLoader: Loaded mod bundle 'kspedia_resources-drilling'
[LOG 11:04:36.325] AssetLoader: Loaded mod bundle 'kspedia_resources-findingit'
[LOG 11:04:36.326] AssetLoader: Loaded mod bundle 'kspedia_resources-findingit2'
[LOG 11:04:36.326] AssetLoader: Loaded mod bundle 'kspedia_resources-storageandconversion'
[LOG 11:04:36.326] AssetLoader: Loaded mod bundle 'kspedia_resources'
[LOG 11:04:36.326] AssetLoader: Loaded mod bundle 'kspedia_rocketry'
[LOG 11:04:36.326] AssetLoader: Loaded mod bundle 'kspedia_rocketryadvanced-fairings'
[LOG 11:04:36.326] AssetLoader: Loaded mod bundle 'kspedia_rocketryadvanced-girders'
[LOG 11:04:36.327] AssetLoader: Loaded mod bundle 'kspedia_rocketryadvanced'
[LOG 11:04:36.327] AssetLoader: Loaded mod bundle 'kspedia_rocketrybasics'
[LOG 11:04:36.327] AssetLoader: Loaded mod bundle 'kspedia_rocketrybasicsaero'
[LOG 11:04:36.327] AssetLoader: Loaded mod bundle 'kspedia_rocketrybasicscentered'
[LOG 11:04:36.327] AssetLoader: Loaded mod bundle 'kspedia_rocketrybasicschutes'
[LOG 11:04:36.328] AssetLoader: Loaded mod bundle 'kspedia_rocketrybasicscontrol'
[LOG 11:04:36.328] AssetLoader: Loaded mod bundle 'kspedia_rocketrybasicsecrecharging'
[LOG 11:04:36.328] AssetLoader: Loaded mod bundle 'kspedia_rocketrybasicsengines'
[LOG 11:04:36.328] AssetLoader: Loaded mod bundle 'kspedia_rocketrybasicsforces'
[LOG 11:04:36.328] AssetLoader: Loaded mod bundle 'kspedia_rocketrybasicshatchesandladders'
[LOG 11:04:36.329] AssetLoader: Loaded mod bundle 'kspedia_rocketrybasicshibernation'
[LOG 11:04:36.329] AssetLoader: Loaded mod bundle 'kspedia_rocketrybasicsresources'
[LOG 11:04:36.329] AssetLoader: Loaded mod bundle 'kspedia_rocketrybasicsservicecontainers'
[LOG 11:04:36.329] AssetLoader: Loaded mod bundle 'kspedia_rocketrybasicsstability'
[LOG 11:04:36.329] AssetLoader: Loaded mod bundle 'kspedia_rocketrybasicsstabilityassist'
[LOG 11:04:36.330] AssetLoader: Loaded mod bundle 'kspedia_rocketrybasicsstaging'
[LOG 11:04:36.330] AssetLoader: Loaded mod bundle 'kspedia_rocketrybasicssymmetry'
[LOG 11:04:36.330] AssetLoader: Loaded mod bundle 'kspedia_science'
[LOG 11:04:36.330] AssetLoader: Loaded mod bundle 'kspedia_sciencedata'
[LOG 11:04:36.330] AssetLoader: Loaded mod bundle 'kspedia_scienceexperiments'
[LOG 11:04:36.330] AssetLoader: Loaded mod bundle 'kspedia_sciencelab'
[LOG 11:04:36.331] AssetLoader: Loaded mod bundle 'kspedia_sciencetransmitted'
[LOG 11:04:36.331] AssetLoader: Loaded mod bundle 'kspedia_spacetravel'
[LOG 11:04:36.331] AssetLoader: Loaded mod bundle 'kspedia_variantswitcher'
[LOG 11:04:36.332] AssetLoader: Loaded mod bundle 'kspfonts'
[LOG 11:04:36.457] AssetLoader: Loaded bundle 'squadcore'
[LOG 11:04:36.458] AssetLoader: Loaded bundle 'squadcorefx'
[LOG 11:04:36.458] AssetLoader: Loaded mod bundle 'kspedia_builder'
[LOG 11:04:36.459] AssetLoader: Loaded mod bundle 'kspedia_buildertoolbar'
[LOG 11:04:36.459] AssetLoader: Loaded mod bundle 'kspedia_canvas'
[LOG 11:04:36.459] AssetLoader: Loaded mod bundle 'kspedia_exportingvalidation'
[LOG 11:04:36.459] AssetLoader: Loaded mod bundle 'kspedia_flight'
[LOG 11:04:36.460] AssetLoader: Loaded mod bundle 'kspedia_flightapp'
[LOG 11:04:36.460] AssetLoader: Loaded mod bundle 'kspedia_gap'
[LOG 11:04:36.460] AssetLoader: Loaded mod bundle 'kspedia_gaptools'
[LOG 11:04:36.460] AssetLoader: Loaded mod bundle 'kspedia_makinghistory'
[LOG 11:04:36.461] AssetLoader: Loaded mod bundle 'kspedia_missionbriefing'
[LOG 11:04:36.461] AssetLoader: Loaded mod bundle 'kspedia_nodedocking'
[LOG 11:04:36.461] AssetLoader: Loaded mod bundle 'kspedia_nodesconnectors'
[LOG 11:04:36.461] AssetLoader: Loaded mod bundle 'kspedia_sap'
[LOG 11:04:36.461] AssetLoader: Loaded mod bundle 'kspedia_sidebar'
[LOG 11:04:36.462] AssetLoader: Loaded mod bundle 'kspedia_testingcheckpoints'
[LOG 11:04:36.462] AssetLoader: Loaded bundle 'makinghistory'
[LOG 11:04:36.462] AssetLoader: Loaded mod bundle 'kspedia_bladecyclic-collective-behaviour'
[LOG 11:04:36.462] AssetLoader: Loaded mod bundle 'kspedia_bladecyclic-collective-controls'
[LOG 11:04:36.463] AssetLoader: Loaded mod bundle 'kspedia_deployedscience-experiments'
[LOG 11:04:36.463] AssetLoader: Loaded mod bundle 'kspedia_deployedscience'
[LOG 11:04:36.463] AssetLoader: Loaded mod bundle 'kspedia_grippads'
[LOG 11:04:36.463] AssetLoader: Loaded mod bundle 'kspedia_layindtracks'
[LOG 11:04:36.464] AssetLoader: Loaded mod bundle 'kspedia_propellers'
[LOG 11:04:36.464] AssetLoader: Loaded mod bundle 'kspedia_propellersaerodynamics'
[LOG 11:04:36.464] AssetLoader: Loaded mod bundle 'kspedia_roboticcontroller'
[LOG 11:04:36.464] AssetLoader: Loaded mod bundle 'kspedia_roboticparts'
[LOG 11:04:36.465] AssetLoader: Loaded mod bundle 'kspedia_surface features-overview'
[LOG 11:04:36.465] AssetLoader: Loaded mod bundle 'kspedia_surface features-roverarmdetails'
[LOG 11:04:36.465] AssetLoader: Loaded mod bundle 'kspedia_trackeditor'
[LOG 11:04:36.466] AssetLoader: Loaded mod bundle 'kspedia_trackeditortoolbar'
[LOG 11:04:36.466] AssetLoader: Loaded mod bundle 'serenity'
[LOG 11:04:36.467] AssetLoader: Finished loading. 226 bundle definitions loaded.
[LOG 11:04:36.467] Compiling Configs:
[LOG 11:04:36.467] Config(DRAG_TIP) /Physics/DRAG_TIP
[LOG 11:04:36.468] Config(DRAG_SURFACE) /Physics/DRAG_SURFACE
[LOG 11:04:36.468] Config(DRAG_TAIL) /Physics/DRAG_TAIL
[LOG 11:04:36.468] Config(DRAG_MULTIPLIER) /Physics/DRAG_MULTIPLIER
[LOG 11:04:36.468] Config(DRAG_CD) /Physics/DRAG_CD
[LOG 11:04:36.468] Config(DRAG_CD_POWER) /Physics/DRAG_CD_POWER
[LOG 11:04:36.468] Config(DRAG_PSEUDOREYNOLDS) /Physics/DRAG_PSEUDOREYNOLDS
[LOG 11:04:36.468] Config(LIFTING_SURFACE_CURVES) /Physics/LIFTING_SURFACE_CURVES
[LOG 11:04:36.468] Config(VesselRanges) /Physics/VesselRanges
[LOG 11:04:36.468] Config(KOP_VERSION) Kopernicus/Config/00Version/Kopernicus_Version
[LOG 11:04:36.468] Config(@KOP_VERSION:FOR[Kopernicus_Version]) Kopernicus/Config/00Version/@KOP_VERSION:FOR[Kopernicus_Version]
[LOG 11:04:36.468] Config(Kopernicus_config) Kopernicus/Config/01_DefaultConfig/Kopernicus_config
[LOG 11:04:36.468] Config(Kopernicus_config_backup) Kopernicus/Config/02_ConfigCompat/Kopernicus_config_backup
[LOG 11:04:36.468] Config(@Kopernicus_config_backup:LAST[zKopernicus]) Kopernicus/Config/02_ConfigCompat/@Kopernicus_config_backup:LAST[zKopernicus]
[LOG 11:04:36.468] Config(@Kopernicus_config:LAST[zKopernicus]) Kopernicus/Config/02_ConfigCompat/@Kopernicus_config:LAST[zKopernicus]
[LOG 11:04:36.468] Config(@Kopernicus_config:HAS[#__kopConfigIndex[>0]]:LAST[zKopernicus]) Kopernicus/Config/02_ConfigCompat/@Kopernicus_config:HAS[#__kopConfigIndex[>0]]:LAST[zKopernicus]
[LOG 11:04:36.468] Config(@Kopernicus_config:HAS[#__kopHasDuplicates[true]]:LAST[zKopernicus]) Kopernicus/Config/02_ConfigCompat/@Kopernicus_config:HAS[#__kopHasDuplicates[true]]:LAST[zKopernicus]
[LOG 11:04:36.468] Config(@Kopernicus_config:HAS[#__kopHasDuplicates[true]]:LAST[zKopernicus]) Kopernicus/Config/02_ConfigCompat/@Kopernicus_config:HAS[#__kopHasDuplicates[true]]:LAST[zKopernicus]
[LOG 11:04:36.468] Config(!Kopernicus_config:HAS[#__kopConfigIndex[>0]]:LAST[zKopernicus]) Kopernicus/Config/02_ConfigCompat/!Kopernicus_config:HAS[#__kopConfigIndex[>0]]:LAST[zKopernicus]
[LOG 11:04:36.468] Config(@Kopernicus_config:LAST[zKopernicus]) Kopernicus/Config/02_ConfigCompat/@Kopernicus_config:LAST[zKopernicus]
[LOG 11:04:36.468] Config(@Kopernicus_config_backup:LAST[zKopernicus]) Kopernicus/Config/02_ConfigCompat/@Kopernicus_config_backup:LAST[zKopernicus]
[LOG 11:04:36.468] Config(@Kopernicus:FOR[Kopernicus]) Kopernicus/Config/BodyPQSFix/@Kopernicus:FOR[Kopernicus]
[LOG 11:04:36.468] Config(@Kopernicus_config:LAST[zKopernicus]) Kopernicus/Config/Kopernicus_Config/@Kopernicus_config:LAST[zKopernicus]
[LOG 11:04:36.468] Config(@KSP_COMMUNITY_FIXES:FINAL) Kopernicus/Config/KSPCF_DisableMapSOPatches/@KSP_COMMUNITY_FIXES:FINAL
[LOG 11:04:36.468] Config(@PART:HAS[@MODULE:HAS[#useKopernicusSolarPanels[?alse]]]:LAST[KOP_MULTI_STAR]) Kopernicus/Config/SolarPanels/@PART:HAS[@MODULE:HAS[#useKopernicusSolarPanels[?alse]]]:LAST[KOP_MULTI_STAR]
[LOG 11:04:36.468] Config(@PART:HAS[#useKopernicusSolarPanels[*]]:LAST[KOP_MULTI_STAR]) Kopernicus/Config/SolarPanels/@PART:HAS[#useKopernicusSolarPanels[*]]:LAST[KOP_MULTI_STAR]
[LOG 11:04:36.468] Config(@PART:HAS[@MODULE[ModuleDeployableSolarPanel]]:LAST[KOP_MULTI_STAR]) Kopernicus/Config/SolarPanels/@PART:HAS[@MODULE[ModuleDeployableSolarPanel]]:LAST[KOP_MULTI_STAR]
[LOG 11:04:36.469] Config(@Kopernicus_config:LAST[KOP_MULTI_STAR]) Kopernicus/Config/SolarPanels/@Kopernicus_config:LAST[KOP_MULTI_STAR]
[LOG 11:04:36.469] Config(@Kopernicus:LAST[KOP_MULTI_STAR]) Kopernicus/Config/SolarPanels/@Kopernicus:LAST[KOP_MULTI_STAR]
[LOG 11:04:36.469] Config(@PART:HAS[@MODULE[ModuleDeployableSolarPanel],~useKopernicusSolarPanels[false]]) Kopernicus/Config/SolarPanels/@PART:HAS[@MODULE[ModuleDeployableSolarPanel],~useKopernicusSolarPanels[false]]
[LOG 11:04:36.469] Config(@PART:HAS[@MODULE[ModuleCurvedSolarPanel],~useKopernicusSolarPanels[false]]) Kopernicus/Config/SolarPanels/@PART:HAS[@MODULE[ModuleCurvedSolarPanel],~useKopernicusSolarPanels[false]]
[LOG 11:04:36.469] Config(@PART:HAS[@MODULE[SSTUSolarPanelStatic],~useKopernicusSolarPanels[false]]) Kopernicus/Config/SolarPanels/@PART:HAS[@MODULE[SSTUSolarPanelStatic],~useKopernicusSolarPanels[false]]
[LOG 11:04:36.469] Config(@PART:HAS[@MODULE[SSTUSolarPanelDeployable],~useKopernicusSolarPanels[false]]) Kopernicus/Config/SolarPanels/@PART:HAS[@MODULE[SSTUSolarPanelDeployable],~useKopernicusSolarPanels[false]]
[LOG 11:04:36.469] Config(@PART:HAS[@MODULE[SSTUModularPart],~useKopernicusSolarPanels[false]]) Kopernicus/Config/SolarPanels/@PART:HAS[@MODULE[SSTUModularPart],~useKopernicusSolarPanels[false]]
[LOG 11:04:36.469] Config(@PART:HAS[@MODULE[ModuleROSolar],~useKopernicusSolarPanels[false]]) Kopernicus/Config/SolarPanels/@PART:HAS[@MODULE[ModuleROSolar],~useKopernicusSolarPanels[false]]
[LOG 11:04:36.469] Config(@PART:HAS[@MODULE[USSolarSwitch],~useKopernicusSolarPanels[false]]) Kopernicus/Config/SolarPanels/@PART:HAS[@MODULE[USSolarSwitch],~useKopernicusSolarPanels[false]]
[LOG 11:04:36.469] Config(@PART:HAS[@MODULE[ModuleDeployableSolarPanel],~useKopernicusSolarPanels[false]]:LAST[KOP_MULTI_STAR]) Kopernicus/Config/SolarPanels/@PART:HAS[@MODULE[ModuleDeployableSolarPanel],~useKopernicusSolarPanels[false]]:LAST[KOP_MULTI_STAR]
[LOG 11:04:36.469] Config(@PART:HAS[@MODULE[ModuleCurvedSolarPanel],~useKopernicusSolarPanels[false]]:LAST[KOP_MULTI_STAR]) Kopernicus/Config/SolarPanels/@PART:HAS[@MODULE[ModuleCurvedSolarPanel],~useKopernicusSolarPanels[false]]:LAST[KOP_MULTI_STAR]
[LOG 11:04:36.469] Config(@PART:HAS[@MODULE[SSTUSolarPanelStatic],~useKopernicusSolarPanels[false]]:LAST[KOP_MULTI_STAR]) Kopernicus/Config/SolarPanels/@PART:HAS[@MODULE[SSTUSolarPanelStatic],~useKopernicusSolarPanels[false]]:LAST[KOP_MULTI_STAR]
[LOG 11:04:36.469] Config(@PART:HAS[@MODULE[SSTUSolarPanelDeployable],~useKopernicusSolarPanels[false]]:LAST[KOP_MULTI_STAR]) Kopernicus/Config/SolarPanels/@PART:HAS[@MODULE[SSTUSolarPanelDeployable],~useKopernicusSolarPanels[false]]:LAST[KOP_MULTI_STAR]
[LOG 11:04:36.469] Config(@PART:HAS[@MODULE[SSTUModularPart],~useKopernicusSolarPanels[false]]:LAST[KOP_MULTI_STAR]) Kopernicus/Config/SolarPanels/@PART:HAS[@MODULE[SSTUModularPart],~useKopernicusSolarPanels[false]]:LAST[KOP_MULTI_STAR]
[LOG 11:04:36.469] Config(@PART:HAS[@MODULE[ModuleROSolar],~useKopernicusSolarPanels[false]]:LAST[KOP_MULTI_STAR]) Kopernicus/Config/SolarPanels/@PART:HAS[@MODULE[ModuleROSolar],~useKopernicusSolarPanels[false]]:LAST[KOP_MULTI_STAR]
[LOG 11:04:36.469] Config(@PART:HAS[@MODULE[USSolarSwitch],~useKopernicusSolarPanels[false]]:LAST[KOP_MULTI_STAR]) Kopernicus/Config/SolarPanels/@PART:HAS[@MODULE[USSolarSwitch],~useKopernicusSolarPanels[false]]:LAST[KOP_MULTI_STAR]
[LOG 11:04:36.469] Config(@PART:HAS[@MODULE[ModuleDeployableSolarPanel]:HAS[#chargeRate[>0],~resourceName[ThermalPower]],#__kop_star_count[>1]]:NEEDS[!Kerbalism,!RealismOverhaul]:LAST[KOP_MULTI_STAR]) Kopernicus/Config/SolarPanels/@PART:HAS[@MODULE[ModuleDeployableSolarPanel]:HAS[#chargeRate[>0],~resourceName[ThermalPower]],#__kop_star_count[>1]]:NEEDS[!Kerbalism,!RealismOverhaul]:LAST[KOP_MULTI_STAR]
[LOG 11:04:36.469] Config(@PART:HAS[@MODULE[ModuleDeployableSolarPanel]:HAS[#resourceName[ThermalPower]],#__kop_star_count[>1]]:NEEDS[!Kerbalism,!RealismOverhaul]:LAST[KOP_MULTI_STAR]) Kopernicus/Config/SolarPanels/@PART:HAS[@MODULE[ModuleDeployableSolarPanel]:HAS[#resourceName[ThermalPower]],#__kop_star_count[>1]]:NEEDS[!Kerbalism,!RealismOverhaul]:LAST[KOP_MULTI_STAR]
[LOG 11:04:36.469] Config(@PART:HAS[@MODULE[ModuleCurvedSolarPanel],#__kop_star_count[>1]]:NEEDS[!RealismOverhaul,!Kerbalism,NearFutureSolar]:LAST[KOP_MULTI_STAR]) Kopernicus/Config/SolarPanels/@PART:HAS[@MODULE[ModuleCurvedSolarPanel],#__kop_star_count[>1]]:NEEDS[!RealismOverhaul,!Kerbalism,NearFutureSolar]:LAST[KOP_MULTI_STAR]
[LOG 11:04:36.469] Config(@PART:HAS[@MODULE[SSTUSolarPanelStatic],#__kop_star_count[>1]]:NEEDS[!RealismOverhaul,!Kerbalism,SSTU]:LAST[KOP_MULTI_STAR]) Kopernicus/Config/SolarPanels/@PART:HAS[@MODULE[SSTUSolarPanelStatic],#__kop_star_count[>1]]:NEEDS[!RealismOverhaul,!Kerbalism,SSTU]:LAST[KOP_MULTI_STAR]
[LOG 11:04:36.469] Config(@PART:HAS[@MODULE[SSTUSolarPanelDeployable],#__kop_star_count[>1]]:NEEDS[!RealismOverhaul,!Kerbalism,SSTU]:LAST[KOP_MULTI_STAR]) Kopernicus/Config/SolarPanels/@PART:HAS[@MODULE[SSTUSolarPanelDeployable],#__kop_star_count[>1]]:NEEDS[!RealismOverhaul,!Kerbalism,SSTU]:LAST[KOP_MULTI_STAR]
[LOG 11:04:36.469] Config(@PART:HAS[@MODULE:[SSTUModularPart],!#currentSolar[Solar-None],#__kop_star_count[>1]]:NEEDS[!RealismOverhaul,!Kerbalism,SSTU]:LAST[KOP_MULTI_STAR]) Kopernicus/Config/SolarPanels/@PART:HAS[@MODULE:[SSTUModularPart],!#currentSolar[Solar-None],#__kop_star_count[>1]]:NEEDS[!RealismOverhaul,!Kerbalism,SSTU]:LAST[KOP_MULTI_STAR]
[LOG 11:04:36.469] Config(@PART:HAS[@MODULE[ModuleROSolar],#__kop_star_count[>1]]:NEEDS[!Kerbalism,RealismOverhaul]:LAST[KOP_MULTI_STAR]) Kopernicus/Config/SolarPanels/@PART:HAS[@MODULE[ModuleROSolar],#__kop_star_count[>1]]:NEEDS[!Kerbalism,RealismOverhaul]:LAST[KOP_MULTI_STAR]
[LOG 11:04:36.469] Config(@PART:HAS[@MODULE[USSolarSwitch],#__kop_star_count[>1]]:NEEDS[!Kerbalism,UniversalStorage2]:LAST[KOP_MULTI_STAR]) Kopernicus/Config/SolarPanels/@PART:HAS[@MODULE[USSolarSwitch],#__kop_star_count[>1]]:NEEDS[!Kerbalism,UniversalStorage2]:LAST[KOP_MULTI_STAR]
[LOG 11:04:36.469] Config(@PART:HAS[#useKopernicusSolarPanels[*]]:LAST[KOP_MULTI_STAR]) Kopernicus/Config/SolarPanels/@PART:HAS[#useKopernicusSolarPanels[*]]:LAST[KOP_MULTI_STAR]
[LOG 11:04:36.469] Config(@PART:HAS[@MODULE:HAS[#useKopernicusSolarPanels[*]]]:LAST[KOP_MULTI_STAR]) Kopernicus/Config/SolarPanels/@PART:HAS[@MODULE:HAS[#useKopernicusSolarPanels[*]]]:LAST[KOP_MULTI_STAR]
[LOG 11:04:36.469] Config(@PART:HAS[#__kop_star_count]:LAST[KOP_MULTI_STAR]) Kopernicus/Config/SolarPanels/@PART:HAS[#__kop_star_count]:LAST[KOP_MULTI_STAR]
[LOG 11:04:36.469] Config(@Kopernicus_config:LAST[KOP_MULTI_STAR]) Kopernicus/Config/SolarPanels/@Kopernicus_config:LAST[KOP_MULTI_STAR]
[LOG 11:04:36.469] Config(Kopernicus) Kopernicus/Config/System/Kerbol System
[LOG 11:04:36.470] Config(Localization) Kopernicus/Localization/de-de/Localization
[LOG 11:04:36.470] Config(Localization) Kopernicus/Localization/en-us/Localization
[LOG 11:04:36.470] Config(Localization) Kopernicus/Localization/es-es/Localization
[LOG 11:04:36.470] Config(Localization) Kopernicus/Localization/fr-fr/Localization
[LOG 11:04:36.470] Config(Localization) Kopernicus/Localization/it-it/Localization
[LOG 11:04:36.470] Config(Localization) Kopernicus/Localization/ru/Localization
[LOG 11:04:36.470] Config(Localization) Kopernicus/Localization/zh-cn/Localization
[LOG 11:04:36.470] Config(KSP_COMMUNITY_FIXES) KSPCommunityFixes/Settings/KSP_COMMUNITY_FIXES
[LOG 11:04:36.470] Config(Localization) KSPCommunityFixes/Localization/en-us/Localization
[LOG 11:04:36.470] Config(Localization) KSPCommunityFixes/Localization/fr-fr/Localization
[LOG 11:04:36.470] Config(Localization) KSPCommunityFixes/Localization/ru/Localization
[LOG 11:04:36.470] Config(Localization) KSPCommunityFixes/Localization/zh-cn/Localization
[LOG 11:04:36.470] Config(@PART[*]:HAS[@MODULE[ModuleDockingNodeFixed]]:NEEDS[FixDockingNodes]:FINAL) KSPCommunityFixes/MMPatches/ModSupport/FixDockingNodes/@PART[*]:HAS[@MODULE[ModuleDockingNodeFixed]]:NEEDS[FixDockingNodes]:FINAL
[LOG 11:04:36.470] Config(@PART[*]:HAS[@MODULE[Refunding]]:LAST[999_KSP-Recall]) KSPCommunityFixes/MMPatches/ModSupport/KSPRecall/@PART[*]:HAS[@MODULE[Refunding]]:LAST[999_KSP-Recall]
[LOG 11:04:36.470] Config(@PART[*]:HAS[#hasRefundingOnRecovery[?rue]]:LAST[999_KSP-Recall]) KSPCommunityFixes/MMPatches/ModSupport/KSPRecall/@PART[*]:HAS[#hasRefundingOnRecovery[?rue]]:LAST[999_KSP-Recall]
[LOG 11:04:36.470] Config(@PART[*]:HAS[#hasRefundingOnRecovery]:LAST[999_KSP-Recall]) KSPCommunityFixes/MMPatches/ModSupport/KSPRecall/@PART[*]:HAS[#hasRefundingOnRecovery]:LAST[999_KSP-Recall]
[LOG 11:04:36.470] Config(@KSP-Recall:LAST[999_KSP-Recall]) KSPCommunityFixes/MMPatches/ModSupport/KSPRecall/@KSP-Recall:LAST[999_KSP-Recall]
[LOG 11:04:36.470] Config(@KSP-Recall:HAS[#hasRefundingOnRecovery[?rue]]:LAST[999_KSP-Recall]) KSPCommunityFixes/MMPatches/ModSupport/KSPRecall/@KSP-Recall:HAS[#hasRefundingOnRecovery[?rue]]:LAST[999_KSP-Recall]
[LOG 11:04:36.470] Config(@KSP-Recall:HAS[#hasRefundingOnRecovery]:LAST[999_KSP-Recall]) KSPCommunityFixes/MMPatches/ModSupport/KSPRecall/@KSP-Recall:HAS[#hasRefundingOnRecovery]:LAST[999_KSP-Recall]
[LOG 11:04:36.470] Config(@KSP_COMMUNITY_FIXES:NEEDS[AttachedOnEditor]) KSPCommunityFixes/MMPatches/ModSupport/KSPRecall/@KSP_COMMUNITY_FIXES:NEEDS[AttachedOnEditor]
[LOG 11:04:36.470] Config(@KSP_COMMUNITY_FIXES:NEEDS[UniversalStorage2]) KSPCommunityFixes/MMPatches/ModSupport/UniversalStorage/@KSP_COMMUNITY_FIXES:NEEDS[UniversalStorage2]
[LOG 11:04:36.470] Config(@PART[telescopicLadderBay]:FIRST) KSPCommunityFixes/MMPatches/StockTweaks/LadderToggleableLight/@PART[telescopicLadderBay]:FIRST
[LOG 11:04:36.470] Config(@PART[telescopicLadderBay]:HAS[#LadderToggleableLight[?rue]]:FIRST) KSPCommunityFixes/MMPatches/StockTweaks/LadderToggleableLight/@PART[telescopicLadderBay]:HAS[#LadderToggleableLight[?rue]]:FIRST
[LOG 11:04:36.470] Config(@PART[telescopicLadderBay]:HAS[#LadderToggleableLight]:FIRST) KSPCommunityFixes/MMPatches/StockTweaks/LadderToggleableLight/@PART[telescopicLadderBay]:HAS[#LadderToggleableLight]:FIRST
[LOG 11:04:36.470] Config(@PART[GearSmall]:FIRST) KSPCommunityFixes/MMPatches/StockTweaks/LandingGearLights/@PART[GearSmall]:FIRST
[LOG 11:04:36.470] Config(@PART[SmallGearBay]:FIRST) KSPCommunityFixes/MMPatches/StockTweaks/LandingGearLights/@PART[SmallGearBay]:FIRST
[LOG 11:04:36.470] Config(@PART[sasModule]:FOR[KSPCommunityFixes]) KSPCommunityFixes/MMPatches/StockTweaks/ManufacturerFixes/@PART[sasModule]:FOR[KSPCommunityFixes]
[LOG 11:04:36.470] Config(@PART[xenonTankRadial]:FOR[KSPCommunityFixes]) KSPCommunityFixes/MMPatches/StockTweaks/ManufacturerFixes/@PART[xenonTankRadial]:FOR[KSPCommunityFixes]
[LOG 11:04:36.470] Config(@PART[winglet|fireworksLauncherSmall|fireworksLauncherBig]:FOR[KSPCommunityFixes]) KSPCommunityFixes/MMPatches/StockTweaks/ManufacturerFixes/@PART[winglet|fireworksLauncherSmall|fireworksLauncherBig]:FOR[KSPCommunityFixes]
[LOG 11:04:36.470] Config(@PART[solidBooster_sm_v2|solidBooster_v2]:FOR[KSPCommunityFixes]) KSPCommunityFixes/MMPatches/StockTweaks/ManufacturerFixes/@PART[solidBooster_sm_v2|solidBooster_v2]:FOR[KSPCommunityFixes]
[LOG 11:04:36.470] Config(@PART[ServiceBay_125_v2|ServiceBay_250_v2]:FOR[KSPCommunityFixes]) KSPCommunityFixes/MMPatches/StockTweaks/ManufacturerFixes/@PART[ServiceBay_125_v2|ServiceBay_250_v2]:FOR[KSPCommunityFixes]
[LOG 11:04:36.470] Config(@PART[externalTankCapsule]:FOR[KSPCommunityFixes]) KSPCommunityFixes/MMPatches/StockTweaks/ManufacturerFixes/@PART[externalTankCapsule]:FOR[KSPCommunityFixes]
[LOG 11:04:36.470] Config(@PART[RCSFuelTank|rcsTankMini|RCSTank1-2]:FOR[KSPCommunityFixes]) KSPCommunityFixes/MMPatches/StockTweaks/ManufacturerFixes/@PART[RCSFuelTank|rcsTankMini|RCSTank1-2]:FOR[KSPCommunityFixes]
[LOG 11:04:36.470] Config(@PART[landerCabinSmall]:FOR[KSPCommunityFixes]) KSPCommunityFixes/MMPatches/StockTweaks/ManufacturerFixes/@PART[landerCabinSmall]:FOR[KSPCommunityFixes]
[LOG 11:04:36.470] Config(@PART[dockingPortLateral]:FOR[KSPCommunityFixes]) KSPCommunityFixes/MMPatches/StockTweaks/ManufacturerFixes/@PART[dockingPortLateral]:FOR[KSPCommunityFixes]
[LOG 11:04:36.470] Config(@PART[EnginePlate4]:FOR[KSPCommunityFixes]:NEEDS[SquadExpansion/MakingHistory]) KSPCommunityFixes/MMPatches/StockTweaks/ManufacturerFixes/@PART[EnginePlate4]:FOR[KSPCommunityFixes]:NEEDS[SquadExpansion/MakingHistory]
[LOG 11:04:36.470] Config(@PART[Mk2Pod]:FOR[KSPCommunityFixes]:NEEDS[SquadExpansion/MakingHistory]) KSPCommunityFixes/MMPatches/StockTweaks/ManufacturerFixes/@PART[Mk2Pod]:FOR[KSPCommunityFixes]:NEEDS[SquadExpansion/MakingHistory]
[LOG 11:04:36.470] Config(@PART[evaChute|parachuteSingle|parachuteRadial|radialDrogue|parachuteLarge|parachuteDrogue]:FOR[KSPCommunityFixes]) KSPCommunityFixes/MMPatches/StockTweaks/ManufacturerFixes/@PART[evaChute|parachuteSingle|parachuteRadial|radialDrogue|parachuteLarge|parachuteDrogue]:FOR[KSPCommunityFixes]
[LOG 11:04:36.471] Config(@PART[stackPoint1|dockingPort1|dockingPort2|dockingPort3|dockingPortLarge]:FOR[KSPCommunityFixes]) KSPCommunityFixes/MMPatches/StockTweaks/ManufacturerFixes/@PART[stackPoint1|dockingPort1|dockingPort2|dockingPort3|dockingPortLarge]:FOR[KSPCommunityFixes]
[LOG 11:04:36.471] Config(AGENT) KSPCommunityFixes/MMPatches/StockTweaks/ManufacturerFixes/Clamp-O-Tron
[LOG 11:04:36.471] Config(AGENT) KSPCommunityFixes/MMPatches/StockTweaks/ManufacturerFixes/FreeFall Parachutes
[LOG 11:04:36.471] Config(AGENT) KSPCommunityFixes/MMPatches/StockTweaks/ManufacturerFixes/LightYear Tire Company
[LOG 11:04:36.471] Config(AGENT) KSPCommunityFixes/MMPatches/StockTweaks/ManufacturerFixes/Stratus Corporation
[LOG 11:04:36.471] Config(Localization) KSPCommunityFixes/MMPatches/StockTweaks/ManufacturerFixes/Localization
[LOG 11:04:36.471] Config(KSPTextureLoader) KSPTextureLoader/KSPTextureLoader/KSPTextureLoader
[LOG 11:04:36.471] Config(COMET_ORBIT_TYPE) RealSolarSystem/CometDefs/centaur
[LOG 11:04:36.471] Config(COMET_ORBIT_TYPE) RealSolarSystem/CometDefs/sungrazer
[LOG 11:04:36.471] Config(@Contracts:FOR[RealSolarSystem]) RealSolarSystem/ContractModifier/@Contracts:FOR[RealSolarSystem]
[LOG 11:04:36.471] Config(@PART[*]:HAS[@MODULE[ModuleDataTransmitter]]) RealSolarSystem/DSN_Ranges/@PART[*]:HAS[@MODULE[ModuleDataTransmitter]]
[LOG 11:04:36.471] Config(@CUSTOMBARNKIT) RealSolarSystem/DSN_Ranges/@CUSTOMBARNKIT
[LOG 11:04:36.471] Config(@KERBAL_WIND:FOR[RealSolarSystem]:NEEDS[KerbalWind]) RealSolarSystem/KerbalWind/@KERBAL_WIND:FOR[RealSolarSystem]:NEEDS[KerbalWind]
[LOG 11:04:36.471] Config(@KSCSWITCHER:FOR[RealSolarSystem]) RealSolarSystem/LaunchSites/@KSCSWITCHER:FOR[RealSolarSystem]
[LOG 11:04:36.471] Config(@KSCSWITCHER:LAST[RealSolarSystem]) RealSolarSystem/LaunchSites/@KSCSWITCHER:LAST[RealSolarSystem]
[LOG 11:04:36.471] Config(@PHYSICSGLOBALS:FIRST) RealSolarSystem/PhysicsModifier/@PHYSICSGLOBALS:FIRST
[LOG 11:04:36.471] Config(REALSOLARSYSTEM) RealSolarSystem/RealSolarSystem/REALSOLARSYSTEM
[LOG 11:04:36.471] Config(RSSRUNWAYFIX) RealSolarSystem/RealSolarSystem/RSSRUNWAYFIX
[LOG 11:04:36.471] Config(@NIMBY:FOR[RealSolarSystem]) RealSolarSystem/RecoveryBeacons/@NIMBY:FOR[RealSolarSystem]
[LOG 11:04:36.472] Config(@RemoteTechSettings:FOR[RealSolarSystem]) RealSolarSystem/RemoteTech_Settings/@RemoteTechSettings:FOR[RealSolarSystem]
[LOG 11:04:36.472] Config(!ROC_DEFINITION:HAS[@CELESTIALBODY:HAS[#Name[Moho]]]:FOR[RealSolarSystem]) RealSolarSystem/ROCDefinitions/!ROC_DEFINITION:HAS[@CELESTIALBODY:HAS[#Name[Moho]]]:FOR[RealSolarSystem]
[LOG 11:04:36.472] Config(!ROC_DEFINITION:HAS[@CELESTIALBODY:HAS[#Name[Eve]]]:FOR[RealSolarSystem]) RealSolarSystem/ROCDefinitions/!ROC_DEFINITION:HAS[@CELESTIALBODY:HAS[#Name[Eve]]]:FOR[RealSolarSystem]
[LOG 11:04:36.472] Config(!ROC_DEFINITION:HAS[@CELESTIALBODY:HAS[#Name[Gilly]]]:FOR[RealSolarSystem]) RealSolarSystem/ROCDefinitions/!ROC_DEFINITION:HAS[@CELESTIALBODY:HAS[#Name[Gilly]]]:FOR[RealSolarSystem]
[LOG 11:04:36.472] Config(!ROC_DEFINITION:HAS[@CELESTIALBODY:HAS[#Name[Kerbin]]]:FOR[RealSolarSystem]) RealSolarSystem/ROCDefinitions/!ROC_DEFINITION:HAS[@CELESTIALBODY:HAS[#Name[Kerbin]]]:FOR[RealSolarSystem]
[LOG 11:04:36.472] Config(!ROC_DEFINITION:HAS[@CELESTIALBODY:HAS[#Name[Mun]]]:FOR[RealSolarSystem]) RealSolarSystem/ROCDefinitions/!ROC_DEFINITION:HAS[@CELESTIALBODY:HAS[#Name[Mun]]]:FOR[RealSolarSystem]
[LOG 11:04:36.472] Config(!ROC_DEFINITION:HAS[@CELESTIALBODY:HAS[#Name[Minmus]]]:FOR[RealSolarSystem]) RealSolarSystem/ROCDefinitions/!ROC_DEFINITION:HAS[@CELESTIALBODY:HAS[#Name[Minmus]]]:FOR[RealSolarSystem]
[LOG 11:04:36.472] Config(!ROC_DEFINITION:HAS[@CELESTIALBODY:HAS[#Name[Duna]]]:FOR[RealSolarSystem]) RealSolarSystem/ROCDefinitions/!ROC_DEFINITION:HAS[@CELESTIALBODY:HAS[#Name[Duna]]]:FOR[RealSolarSystem]
[LOG 11:04:36.472] Config(!ROC_DEFINITION:HAS[@CELESTIALBODY:HAS[#Name[Ike]]]:FOR[RealSolarSystem]) RealSolarSystem/ROCDefinitions/!ROC_DEFINITION:HAS[@CELESTIALBODY:HAS[#Name[Ike]]]:FOR[RealSolarSystem]
[LOG 11:04:36.472] Config(!ROC_DEFINITION:HAS[@CELESTIALBODY:HAS[#Name[Dres]]]:FOR[RealSolarSystem]) RealSolarSystem/ROCDefinitions/!ROC_DEFINITION:HAS[@CELESTIALBODY:HAS[#Name[Dres]]]:FOR[RealSolarSystem]
[LOG 11:04:36.472] Config(!ROC_DEFINITION:HAS[@CELESTIALBODY:HAS[#Name[Laythe]]]:FOR[RealSolarSystem]) RealSolarSystem/ROCDefinitions/!ROC_DEFINITION:HAS[@CELESTIALBODY:HAS[#Name[Laythe]]]:FOR[RealSolarSystem]
[LOG 11:04:36.472] Config(!ROC_DEFINITION:HAS[@CELESTIALBODY:HAS[#Name[Vall]]]:FOR[RealSolarSystem]) RealSolarSystem/ROCDefinitions/!ROC_DEFINITION:HAS[@CELESTIALBODY:HAS[#Name[Vall]]]:FOR[RealSolarSystem]
[LOG 11:04:36.472] Config(!ROC_DEFINITION:HAS[@CELESTIALBODY:HAS[#Name[Tylo]]]:FOR[RealSolarSystem]) RealSolarSystem/ROCDefinitions/!ROC_DEFINITION:HAS[@CELESTIALBODY:HAS[#Name[Tylo]]]:FOR[RealSolarSystem]
[LOG 11:04:36.472] Config(!ROC_DEFINITION:HAS[@CELESTIALBODY:HAS[#Name[Bop]]]:FOR[RealSolarSystem]) RealSolarSystem/ROCDefinitions/!ROC_DEFINITION:HAS[@CELESTIALBODY:HAS[#Name[Bop]]]:FOR[RealSolarSystem]
[LOG 11:04:36.472] Config(!ROC_DEFINITION:HAS[@CELESTIALBODY:HAS[#Name[Pol]]]:FOR[RealSolarSystem]) RealSolarSystem/ROCDefinitions/!ROC_DEFINITION:HAS[@CELESTIALBODY:HAS[#Name[Pol]]]:FOR[RealSolarSystem]
[LOG 11:04:36.472] Config(!ROC_DEFINITION:HAS[@CELESTIALBODY:HAS[#Name[Eeloo]]]:FOR[RealSolarSystem]) RealSolarSystem/ROCDefinitions/!ROC_DEFINITION:HAS[@CELESTIALBODY:HAS[#Name[Eeloo]]]:FOR[RealSolarSystem]
[LOG 11:04:36.472] Config(@Kopernicus_config:FOR[RealSolarSystem]) RealSolarSystem/RSSKopernicusSettings/@Kopernicus_config:FOR[RealSolarSystem]
[LOG 11:04:36.472] Config(@Kopernicus:FOR[RealSolarSystem]) RealSolarSystem/RSSKopernicusSettings/@Kopernicus:FOR[RealSolarSystem]
[LOG 11:04:36.472] Config(@Kopernicus:AFTER[RealSolarSystem]) RealSolarSystem/RSS_CommNet_Stations/@Kopernicus:AFTER[RealSolarSystem]
[LOG 11:04:36.472] Config(@Kopernicus:FOR[RealSolarSystem]) RealSolarSystem/RSS_TerrainDetailPresets/@Kopernicus:FOR[RealSolarSystem]
[LOG 11:04:36.472] Config(@EXPERIMENT_DEFINITION[*]:HAS[#id[crewReport]]) RealSolarSystem/ScienceDefs/@EXPERIMENT_DEFINITION[*]:HAS[#id[crewReport]]
[LOG 11:04:36.472] Config(@EXPERIMENT_DEFINITION[*]:HAS[#id[evaReport]]) RealSolarSystem/ScienceDefs/@EXPERIMENT_DEFINITION[*]:HAS[#id[evaReport]]
[LOG 11:04:36.472] Config(@EXPERIMENT_DEFINITION[*]:HAS[#id[surfaceSample]]) RealSolarSystem/ScienceDefs/@EXPERIMENT_DEFINITION[*]:HAS[#id[surfaceSample]]
[LOG 11:04:36.472] Config(@EXPERIMENT_DEFINITION[*]:HAS[#id[temperatureScan]]) RealSolarSystem/ScienceDefs/@EXPERIMENT_DEFINITION[*]:HAS[#id[temperatureScan]]
[LOG 11:04:36.472] Config(@EXPERIMENT_DEFINITION[*]:HAS[#id[seismicScan]]) RealSolarSystem/ScienceDefs/@EXPERIMENT_DEFINITION[*]:HAS[#id[seismicScan]]
[LOG 11:04:36.472] Config(@EXPERIMENT_DEFINITION[*]:HAS[#id[gravityScan]]) RealSolarSystem/ScienceDefs/@EXPERIMENT_DEFINITION[*]:HAS[#id[gravityScan]]
[LOG 11:04:36.472] Config(@EXPERIMENT_DEFINITION[*]:HAS[#id[atmosphereAnalysis]]) RealSolarSystem/ScienceDefs/@EXPERIMENT_DEFINITION[*]:HAS[#id[atmosphereAnalysis]]
[LOG 11:04:36.472] Config(@EXPERIMENT_DEFINITION[*]:HAS[#id[mysteryGoo]]) RealSolarSystem/ScienceDefs/@EXPERIMENT_DEFINITION[*]:HAS[#id[mysteryGoo]]
[LOG 11:04:36.472] Config(@EXPERIMENT_DEFINITION[*]:HAS[#id[mobileMaterialsLab]]) RealSolarSystem/ScienceDefs/@EXPERIMENT_DEFINITION[*]:HAS[#id[mobileMaterialsLab]]
[LOG 11:04:36.472] Config(EXPERIMENT_DEFINITION) RealSolarSystem/ScienceDefs/EXPERIMENT_DEFINITION
[LOG 11:04:36.472] Config(EXPERIMENT_DEFINITION) RealSolarSystem/ScienceDefs/EXPERIMENT_DEFINITION
[LOG 11:04:36.472] Config(@DEPLOYEDSCIENCE:AFTER[RealSolarSystem]) RealSolarSystem/Compatibility/BreakingGround/@DEPLOYEDSCIENCE:AFTER[RealSolarSystem]
[LOG 11:04:36.472] Config(@DEPLOYEDSCIENCE:AFTER[RealSolarSystem]) RealSolarSystem/Compatibility/BreakingGround/@DEPLOYEDSCIENCE:AFTER[RealSolarSystem]
[LOG 11:04:36.472] Config(!AsteroidSets[CustomAsteroids_*]:FOR[RealSolarSystem]) RealSolarSystem/Compatibility/CustomAsteroids/!AsteroidSets[CustomAsteroids_*]:FOR[RealSolarSystem]
[LOG 11:04:36.472] Config(@Kopernicus:AFTER[RealSolarSystem]:NEEDS[CustomAsteroids]) RealSolarSystem/Compatibility/CustomAsteroids/@Kopernicus:AFTER[RealSolarSystem]:NEEDS[CustomAsteroids]
[LOG 11:04:36.472] Config(CustomAsteroidPlanes) RealSolarSystem/Compatibility/CustomAsteroids/CustomAsteroidPlanes
[LOG 11:04:36.472] Config(@CustomAsteroidPlanes:FOR[RealSolarSystem]) RealSolarSystem/Compatibility/CustomAsteroids/@CustomAsteroidPlanes:FOR[RealSolarSystem]
[LOG 11:04:36.472] Config(AsteroidSets) RealSolarSystem/Compatibility/CustomAsteroids/RealSolarSystem_asteroids
[LOG 11:04:36.473] Config(@FARAeroData[default]:FOR[RealSolarSystem]) RealSolarSystem/Compatibility/FARAtmospheres/@FARAeroData[default]:FOR[RealSolarSystem]
[LOG 11:04:36.473] Config(PlanetshineCelestialBody) RealSolarSystem/Compatibility/PlanetShineColors/Callisto
[LOG 11:04:36.473] Config(PlanetshineCelestialBody) RealSolarSystem/Compatibility/PlanetShineColors/Deimos
[LOG 11:04:36.473] Config(PlanetshineCelestialBody) RealSolarSystem/Compatibility/PlanetShineColors/Dione
[LOG 11:04:36.473] Config(PlanetshineCelestialBody) RealSolarSystem/Compatibility/PlanetShineColors/Earth
[LOG 11:04:36.473] Config(PlanetshineCelestialBody) RealSolarSystem/Compatibility/PlanetShineColors/Enceladus
[LOG 11:04:36.473] Config(PlanetshineCelestialBody) RealSolarSystem/Compatibility/PlanetShineColors/Europa
[LOG 11:04:36.473] Config(PlanetshineCelestialBody) RealSolarSystem/Compatibility/PlanetShineColors/Ganymede
[LOG 11:04:36.473] Config(PlanetshineCelestialBody) RealSolarSystem/Compatibility/PlanetShineColors/Iapetus
[LOG 11:04:36.473] Config(PlanetshineCelestialBody) RealSolarSystem/Compatibility/PlanetShineColors/Io
[LOG 11:04:36.473] Config(PlanetshineCelestialBody) RealSolarSystem/Compatibility/PlanetShineColors/Jupiter
[LOG 11:04:36.473] Config(PlanetshineCelestialBody) RealSolarSystem/Compatibility/PlanetShineColors/Mars
[LOG 11:04:36.473] Config(PlanetshineCelestialBody) RealSolarSystem/Compatibility/PlanetShineColors/Mercury
[LOG 11:04:36.473] Config(PlanetshineCelestialBody) RealSolarSystem/Compatibility/PlanetShineColors/Mimas
[LOG 11:04:36.473] Config(PlanetshineCelestialBody) RealSolarSystem/Compatibility/PlanetShineColors/Moon
[LOG 11:04:36.473] Config(PlanetshineCelestialBody) RealSolarSystem/Compatibility/PlanetShineColors/Neptune
[LOG 11:04:36.473] Config(PlanetshineCelestialBody) RealSolarSystem/Compatibility/PlanetShineColors/Phobos
[LOG 11:04:36.473] Config(PlanetshineCelestialBody) RealSolarSystem/Compatibility/PlanetShineColors/Pluto
[LOG 11:04:36.473] Config(PlanetshineCelestialBody) RealSolarSystem/Compatibility/PlanetShineColors/Rhea
[LOG 11:04:36.473] Config(PlanetshineCelestialBody) RealSolarSystem/Compatibility/PlanetShineColors/Saturn
[LOG 11:04:36.473] Config(PlanetshineCelestialBody) RealSolarSystem/Compatibility/PlanetShineColors/Sun
[LOG 11:04:36.473] Config(PlanetshineCelestialBody) RealSolarSystem/Compatibility/PlanetShineColors/Tethys
[LOG 11:04:36.473] Config(PlanetshineCelestialBody) RealSolarSystem/Compatibility/PlanetShineColors/Titan
[LOG 11:04:36.473] Config(PlanetshineCelestialBody) RealSolarSystem/Compatibility/PlanetShineColors/Triton
[LOG 11:04:36.473] Config(PlanetshineCelestialBody) RealSolarSystem/Compatibility/PlanetShineColors/Uranus
[LOG 11:04:36.473] Config(PlanetshineCelestialBody) RealSolarSystem/Compatibility/PlanetShineColors/Venus
[LOG 11:04:36.473] Config(PlanetshineCelestialBody) RealSolarSystem/Compatibility/PlanetShineColors/Ceres
[LOG 11:04:36.473] Config(PlanetshineCelestialBody) RealSolarSystem/Compatibility/PlanetShineColors/Vesta
[LOG 11:04:36.473] Config(PlanetshineCelestialBody) RealSolarSystem/Compatibility/PlanetShineColors/Miranda
[LOG 11:04:36.473] Config(PlanetshineCelestialBody) RealSolarSystem/Compatibility/PlanetShineColors/Ariel
[LOG 11:04:36.473] Config(PlanetshineCelestialBody) RealSolarSystem/Compatibility/PlanetShineColors/Umbriel
[LOG 11:04:36.473] Config(PlanetshineCelestialBody) RealSolarSystem/Compatibility/PlanetShineColors/Titania
[LOG 11:04:36.473] Config(PlanetshineCelestialBody) RealSolarSystem/Compatibility/PlanetShineColors/Oberon
[LOG 11:04:36.473] Config(PlanetshineCelestialBody) RealSolarSystem/Compatibility/PlanetShineColors/Charon
[LOG 11:04:36.473] Config(@REALSOLARSYSTEM:FOR[RationalResourcesAU]) RealSolarSystem/Compatibility/RationalResources/@REALSOLARSYSTEM:FOR[RationalResourcesAU]
[LOG 11:04:36.473] Config(@PART[SCANsat_Scanner]:FOR[RealSolarSystem]) RealSolarSystem/Compatibility/SCANsat/@PART[SCANsat_Scanner]:FOR[RealSolarSystem]
[LOG 11:04:36.473] Config(@PART[SCANsat_Scanner2]:FOR[RealSolarSystem]) RealSolarSystem/Compatibility/SCANsat/@PART[SCANsat_Scanner2]:FOR[RealSolarSystem]
[LOG 11:04:36.473] Config(@PART[SCANsat_Scanner24]:FOR[RealSolarSystem]) RealSolarSystem/Compatibility/SCANsat/@PART[SCANsat_Scanner24]:FOR[RealSolarSystem]
[LOG 11:04:36.473] Config(@PART[SCANsat_Scanner32]:FOR[RealSolarSystem]) RealSolarSystem/Compatibility/SCANsat/@PART[SCANsat_Scanner32]:FOR[RealSolarSystem]
[LOG 11:04:36.473] Config(@PART[*]:HAS[@MODULE[ModuleSCANresourceScanner]]:FOR[RealSolarSystem]) RealSolarSystem/Compatibility/SCANsat/@PART[*]:HAS[@MODULE[ModuleSCANresourceScanner]]:FOR[RealSolarSystem]
[LOG 11:04:36.474] Config(@PART[*]:HAS[@MODULE[SCANsat]]:FOR[RealSolarSystem]) RealSolarSystem/Compatibility/SCANsat/@PART[*]:HAS[@MODULE[SCANsat]]:FOR[RealSolarSystem]
[LOG 11:04:36.474] Config(@PART[*]:HAS[@MODULE[ModuleSCANresourceScanner]]:FOR[RealSolarSystem]) RealSolarSystem/Compatibility/SCANsat/@PART[*]:HAS[@MODULE[ModuleSCANresourceScanner]]:FOR[RealSolarSystem]
[LOG 11:04:36.474] Config(@COACH_COMMNET[CommNet]) RealSolarSystem/Compatibility/SCANsat/@COACH_COMMNET[CommNet]
[LOG 11:04:36.474] Config(TextureReplacer) RealSolarSystem/Compatibility/TextureReplacer/TextureReplacer
[LOG 11:04:36.474] Config(@ParallaxGlobalConfig:FOR[RealSolarSystem]) RealSolarSystem/Compatibility/Parallax/Parallax/@ParallaxGlobalConfig:FOR[RealSolarSystem]
[LOG 11:04:36.474] Config(@Parallax:FOR[RealSolarSystem]:NEEDS[Parallax,Parallax_StockTextures]) RealSolarSystem/Compatibility/Parallax/Parallax/@Parallax:FOR[RealSolarSystem]:NEEDS[Parallax,Parallax_StockTextures]
[LOG 11:04:36.474] Config(@Kopernicus:AFTER[RealSolarSystem]:NEEDS[Parallax,Parallax_StockTextures]) RealSolarSystem/Compatibility/Parallax/Parallax/@Kopernicus:AFTER[RealSolarSystem]:NEEDS[Parallax,Parallax_StockTextures]
[LOG 11:04:36.474] Config(Localization) RealSolarSystem/Localization/en-us/Localization
[LOG 11:04:36.474] Config(Localization) RealSolarSystem/Localization/fr-fr/Localization
[LOG 11:04:36.474] Config(Localization) RealSolarSystem/Localization/ru/Localization
[LOG 11:04:36.474] Config(Localization) RealSolarSystem/Localization/zh-cn/Localization
[LOG 11:04:36.474] Config(Localization) RealSolarSystem/Localization/LaunchSites/en-us/Localization
[LOG 11:04:36.474] Config(Localization) RealSolarSystem/Localization/LaunchSites/zh-cn/Localization
[LOG 11:04:36.474] Config(PLANETARY_RESOURCE) RealSolarSystem/ResourceConfigs/ArgonGas/PLANETARY_RESOURCE
[LOG 11:04:36.474] Config(PLANETARY_RESOURCE) RealSolarSystem/ResourceConfigs/ArgonGas/PLANETARY_RESOURCE
[LOG 11:04:36.474] Config(PLANETARY_RESOURCE) RealSolarSystem/ResourceConfigs/ArgonGas/PLANETARY_RESOURCE
[LOG 11:04:36.474] Config(PLANETARY_RESOURCE) RealSolarSystem/ResourceConfigs/CarbonDioxide/PLANETARY_RESOURCE
[LOG 11:04:36.474] Config(PLANETARY_RESOURCE) RealSolarSystem/ResourceConfigs/CarbonDioxide/PLANETARY_RESOURCE
[LOG 11:04:36.474] Config(PLANETARY_RESOURCE) RealSolarSystem/ResourceConfigs/CarbonDioxide/PLANETARY_RESOURCE
[LOG 11:04:36.474] Config(BIOME_RESOURCE) RealSolarSystem/ResourceConfigs/CarbonDioxide/BIOME_RESOURCE
[LOG 11:04:36.474] Config(BIOME_RESOURCE) RealSolarSystem/ResourceConfigs/CarbonDioxide/BIOME_RESOURCE
[LOG 11:04:36.474] Config(PLANETARY_RESOURCE) RealSolarSystem/ResourceConfigs/Dirt/PLANETARY_RESOURCE
[LOG 11:04:36.474] Config(PLANETARY_RESOURCE) RealSolarSystem/ResourceConfigs/Dirt/PLANETARY_RESOURCE
[LOG 11:04:36.474] Config(PLANETARY_RESOURCE) RealSolarSystem/ResourceConfigs/Dirt/PLANETARY_RESOURCE
[LOG 11:04:36.474] Config(PLANETARY_RESOURCE) RealSolarSystem/ResourceConfigs/Dirt/PLANETARY_RESOURCE
[LOG 11:04:36.474] Config(PLANETARY_RESOURCE) RealSolarSystem/ResourceConfigs/Ethane/PLANETARY_RESOURCE
[LOG 11:04:36.474] Config(PLANETARY_RESOURCE) RealSolarSystem/ResourceConfigs/ExoticMinerals/PLANETARY_RESOURCE
[LOG 11:04:36.474] Config(PLANETARY_RESOURCE) RealSolarSystem/ResourceConfigs/ExoticMinerals/PLANETARY_RESOURCE
[LOG 11:04:36.474] Config(PLANETARY_RESOURCE) RealSolarSystem/ResourceConfigs/ExoticMinerals/PLANETARY_RESOURCE
[LOG 11:04:36.474] Config(PLANETARY_RESOURCE) RealSolarSystem/ResourceConfigs/ExoticMinerals/PLANETARY_RESOURCE
[LOG 11:04:36.474] Config(PLANETARY_RESOURCE) RealSolarSystem/ResourceConfigs/Gypsum/PLANETARY_RESOURCE
[LOG 11:04:36.474] Config(PLANETARY_RESOURCE) RealSolarSystem/ResourceConfigs/Gypsum/PLANETARY_RESOURCE
[LOG 11:04:36.474] Config(PLANETARY_RESOURCE) RealSolarSystem/ResourceConfigs/Gypsum/PLANETARY_RESOURCE
[LOG 11:04:36.474] Config(PLANETARY_RESOURCE) RealSolarSystem/ResourceConfigs/Gypsum/PLANETARY_RESOURCE
[LOG 11:04:36.474] Config(PLANETARY_RESOURCE) RealSolarSystem/ResourceConfigs/Gypsum/PLANETARY_RESOURCE
[LOG 11:04:36.474] Config(BIOME_RESOURCE) RealSolarSystem/ResourceConfigs/Gypsum/BIOME_RESOURCE
[LOG 11:04:36.474] Config(PLANETARY_RESOURCE) RealSolarSystem/ResourceConfigs/Helium/PLANETARY_RESOURCE
[LOG 11:04:36.474] Config(PLANETARY_RESOURCE) RealSolarSystem/ResourceConfigs/Helium/PLANETARY_RESOURCE
[LOG 11:04:36.474] Config(PLANETARY_RESOURCE) RealSolarSystem/ResourceConfigs/Helium/PLANETARY_RESOURCE
[LOG 11:04:36.474] Config(PLANETARY_RESOURCE) RealSolarSystem/ResourceConfigs/Helium/PLANETARY_RESOURCE
[LOG 11:04:36.475] Config(PLANETARY_RESOURCE) RealSolarSystem/ResourceConfigs/Hydrates/PLANETARY_RESOURCE
[LOG 11:04:36.475] Config(PLANETARY_RESOURCE) RealSolarSystem/ResourceConfigs/Hydrates/PLANETARY_RESOURCE
[LOG 11:04:36.475] Config(PLANETARY_RESOURCE) RealSolarSystem/ResourceConfigs/Hydrates/PLANETARY_RESOURCE
[LOG 11:04:36.475] Config(PLANETARY_RESOURCE) RealSolarSystem/ResourceConfigs/Hydrates/PLANETARY_RESOURCE
[LOG 11:04:36.475] Config(PLANETARY_RESOURCE) RealSolarSystem/ResourceConfigs/Hydrates/PLANETARY_RESOURCE
[LOG 11:04:36.475] Config(PLANETARY_RESOURCE) RealSolarSystem/ResourceConfigs/Hydrogen/PLANETARY_RESOURCE
[LOG 11:04:36.475] Config(PLANETARY_RESOURCE) RealSolarSystem/ResourceConfigs/Hydrogen/PLANETARY_RESOURCE
[LOG 11:04:36.475] Config(PLANETARY_RESOURCE) RealSolarSystem/ResourceConfigs/Hydrogen/PLANETARY_RESOURCE
[LOG 11:04:36.475] Config(PLANETARY_RESOURCE) RealSolarSystem/ResourceConfigs/Hydrogen/PLANETARY_RESOURCE
[LOG 11:04:36.475] Config(PLANETARY_RESOURCE) RealSolarSystem/ResourceConfigs/Karbonite/PLANETARY_RESOURCE
[LOG 11:04:36.475] Config(PLANETARY_RESOURCE) RealSolarSystem/ResourceConfigs/Karbonite/PLANETARY_RESOURCE
[LOG 11:04:36.475] Config(PLANETARY_RESOURCE) RealSolarSystem/ResourceConfigs/Karbonite/PLANETARY_RESOURCE
[LOG 11:04:36.475] Config(PLANETARY_RESOURCE) RealSolarSystem/ResourceConfigs/Karbonite/PLANETARY_RESOURCE
[LOG 11:04:36.475] Config(PLANETARY_RESOURCE) RealSolarSystem/ResourceConfigs/Karbonite/PLANETARY_RESOURCE
[LOG 11:04:36.475] Config(PLANETARY_RESOURCE) RealSolarSystem/ResourceConfigs/Karbonite/PLANETARY_RESOURCE
[LOG 11:04:36.475] Config(PLANETARY_RESOURCE) RealSolarSystem/ResourceConfigs/Karbonite/PLANETARY_RESOURCE
[LOG 11:04:36.475] Config(PLANETARY_RESOURCE) RealSolarSystem/ResourceConfigs/Karbonite/PLANETARY_RESOURCE
[LOG 11:04:36.475] Config(PLANETARY_RESOURCE) RealSolarSystem/ResourceConfigs/Karbonite/PLANETARY_RESOURCE
[LOG 11:04:36.475] Config(PLANETARY_RESOURCE) RealSolarSystem/ResourceConfigs/Karbonite/PLANETARY_RESOURCE
[LOG 11:04:36.475] Config(PLANETARY_RESOURCE) RealSolarSystem/ResourceConfigs/Karbonite/PLANETARY_RESOURCE
[LOG 11:04:36.475] Config(PLANETARY_RESOURCE) RealSolarSystem/ResourceConfigs/Karbonite/PLANETARY_RESOURCE
[LOG 11:04:36.475] Config(PLANETARY_RESOURCE) RealSolarSystem/ResourceConfigs/Karbonite/PLANETARY_RESOURCE
[LOG 11:04:36.475] Config(PLANETARY_RESOURCE) RealSolarSystem/ResourceConfigs/Karbonite/PLANETARY_RESOURCE
[LOG 11:04:36.475] Config(PLANETARY_RESOURCE) RealSolarSystem/ResourceConfigs/Karbonite/PLANETARY_RESOURCE
[LOG 11:04:36.475] Config(PLANETARY_RESOURCE) RealSolarSystem/ResourceConfigs/Karbonite/PLANETARY_RESOURCE
[LOG 11:04:36.475] Config(PLANETARY_RESOURCE) RealSolarSystem/ResourceConfigs/Karbonite/PLANETARY_RESOURCE
[LOG 11:04:36.475] Config(PLANETARY_RESOURCE) RealSolarSystem/ResourceConfigs/Karbonite/PLANETARY_RESOURCE
[LOG 11:04:36.475] Config(PLANETARY_RESOURCE) RealSolarSystem/ResourceConfigs/Karbonite/PLANETARY_RESOURCE
[LOG 11:04:36.475] Config(PLANETARY_RESOURCE) RealSolarSystem/ResourceConfigs/Karbonite/PLANETARY_RESOURCE
[LOG 11:04:36.475] Config(PLANETARY_RESOURCE) RealSolarSystem/ResourceConfigs/Karborundum/PLANETARY_RESOURCE
[LOG 11:04:36.475] Config(PLANETARY_RESOURCE) RealSolarSystem/ResourceConfigs/Karborundum/PLANETARY_RESOURCE
[LOG 11:04:36.475] Config(PLANETARY_RESOURCE) RealSolarSystem/ResourceConfigs/Karborundum/PLANETARY_RESOURCE
[LOG 11:04:36.475] Config(PLANETARY_RESOURCE) RealSolarSystem/ResourceConfigs/Karborundum/PLANETARY_RESOURCE
[LOG 11:04:36.475] Config(PLANETARY_RESOURCE) RealSolarSystem/ResourceConfigs/Karborundum/PLANETARY_RESOURCE
[LOG 11:04:36.475] Config(PLANETARY_RESOURCE) RealSolarSystem/ResourceConfigs/Karborundum/PLANETARY_RESOURCE
[LOG 11:04:36.475] Config(PLANETARY_RESOURCE) RealSolarSystem/ResourceConfigs/Karborundum/PLANETARY_RESOURCE
[LOG 11:04:36.475] Config(PLANETARY_RESOURCE) RealSolarSystem/ResourceConfigs/MetallicOre/PLANETARY_RESOURCE
[LOG 11:04:36.475] Config(PLANETARY_RESOURCE) RealSolarSystem/ResourceConfigs/MetallicOre/PLANETARY_RESOURCE
[LOG 11:04:36.475] Config(PLANETARY_RESOURCE) RealSolarSystem/ResourceConfigs/MetallicOre/PLANETARY_RESOURCE
[LOG 11:04:36.475] Config(PLANETARY_RESOURCE) RealSolarSystem/ResourceConfigs/MetallicOre/PLANETARY_RESOURCE
[LOG 11:04:36.475] Config(PLANETARY_RESOURCE) RealSolarSystem/ResourceConfigs/MetallicOre/PLANETARY_RESOURCE
[LOG 11:04:36.475] Config(PLANETARY_RESOURCE) RealSolarSystem/ResourceConfigs/Methane/PLANETARY_RESOURCE
[LOG 11:04:36.475] Config(PLANETARY_RESOURCE) RealSolarSystem/ResourceConfigs/Methane/PLANETARY_RESOURCE
[LOG 11:04:36.475] Config(PLANETARY_RESOURCE) RealSolarSystem/ResourceConfigs/Methane/PLANETARY_RESOURCE
[LOG 11:04:36.476] Config(PLANETARY_RESOURCE) RealSolarSystem/ResourceConfigs/Methane/PLANETARY_RESOURCE
[LOG 11:04:36.476] Config(PLANETARY_RESOURCE) RealSolarSystem/ResourceConfigs/Methane/PLANETARY_RESOURCE
[LOG 11:04:36.476] Config(PLANETARY_RESOURCE) RealSolarSystem/ResourceConfigs/Methane/PLANETARY_RESOURCE
[LOG 11:04:36.476] Config(PLANETARY_RESOURCE) RealSolarSystem/ResourceConfigs/Methane/PLANETARY_RESOURCE
[LOG 11:04:36.476] Config(PLANETARY_RESOURCE) RealSolarSystem/ResourceConfigs/Methane/PLANETARY_RESOURCE
[LOG 11:04:36.476] Config(PLANETARY_RESOURCE) RealSolarSystem/ResourceConfigs/Methane/PLANETARY_RESOURCE
[LOG 11:04:36.476] Config(PLANETARY_RESOURCE) RealSolarSystem/ResourceConfigs/Methane/PLANETARY_RESOURCE
[LOG 11:04:36.476] Config(PLANETARY_RESOURCE) RealSolarSystem/ResourceConfigs/Methane/PLANETARY_RESOURCE
[LOG 11:04:36.476] Config(PLANETARY_RESOURCE) RealSolarSystem/ResourceConfigs/Methane/PLANETARY_RESOURCE
[LOG 11:04:36.476] Config(PLANETARY_RESOURCE) RealSolarSystem/ResourceConfigs/Methane/PLANETARY_RESOURCE
[LOG 11:04:36.476] Config(PLANETARY_RESOURCE) RealSolarSystem/ResourceConfigs/Methane/PLANETARY_RESOURCE
[LOG 11:04:36.476] Config(PLANETARY_RESOURCE) RealSolarSystem/ResourceConfigs/Methane/PLANETARY_RESOURCE
[LOG 11:04:36.476] Config(PLANETARY_RESOURCE) RealSolarSystem/ResourceConfigs/Methane/PLANETARY_RESOURCE
[LOG 11:04:36.476] Config(PLANETARY_RESOURCE) RealSolarSystem/ResourceConfigs/Minerals/PLANETARY_RESOURCE
[LOG 11:04:36.476] Config(PLANETARY_RESOURCE) RealSolarSystem/ResourceConfigs/Minerals/PLANETARY_RESOURCE
[LOG 11:04:36.476] Config(PLANETARY_RESOURCE) RealSolarSystem/ResourceConfigs/Minerals/PLANETARY_RESOURCE
[LOG 11:04:36.476] Config(PLANETARY_RESOURCE) RealSolarSystem/ResourceConfigs/Minerals/PLANETARY_RESOURCE
[LOG 11:04:36.476] Config(PLANETARY_RESOURCE) RealSolarSystem/ResourceConfigs/Minerals/PLANETARY_RESOURCE
[LOG 11:04:36.476] Config(PLANETARY_RESOURCE) RealSolarSystem/ResourceConfigs/Nitrogen/PLANETARY_RESOURCE
[LOG 11:04:36.476] Config(PLANETARY_RESOURCE) RealSolarSystem/ResourceConfigs/Nitrogen/PLANETARY_RESOURCE
[LOG 11:04:36.476] Config(PLANETARY_RESOURCE) RealSolarSystem/ResourceConfigs/Nitrogen/PLANETARY_RESOURCE
[LOG 11:04:36.476] Config(PLANETARY_RESOURCE) RealSolarSystem/ResourceConfigs/Nitrogen/PLANETARY_RESOURCE
[LOG 11:04:36.476] Config(PLANETARY_RESOURCE) RealSolarSystem/ResourceConfigs/Nitrogen/PLANETARY_RESOURCE
[LOG 11:04:36.476] Config(PLANETARY_RESOURCE) RealSolarSystem/ResourceConfigs/Nitrogen/PLANETARY_RESOURCE
[LOG 11:04:36.476] Config(PLANETARY_RESOURCE) RealSolarSystem/ResourceConfigs/Ore/PLANETARY_RESOURCE
[LOG 11:04:36.476] Config(PLANETARY_RESOURCE) RealSolarSystem/ResourceConfigs/Ore/PLANETARY_RESOURCE
[LOG 11:04:36.476] Config(PLANETARY_RESOURCE) RealSolarSystem/ResourceConfigs/Ore/PLANETARY_RESOURCE
[LOG 11:04:36.476] Config(PLANETARY_RESOURCE) RealSolarSystem/ResourceConfigs/Ore/PLANETARY_RESOURCE
[LOG 11:04:36.476] Config(PLANETARY_RESOURCE) RealSolarSystem/ResourceConfigs/Oxygen/PLANETARY_RESOURCE
[LOG 11:04:36.476] Config(PLANETARY_RESOURCE) RealSolarSystem/ResourceConfigs/Oxygen/PLANETARY_RESOURCE
[LOG 11:04:36.476] Config(PLANETARY_RESOURCE) RealSolarSystem/ResourceConfigs/RareMetals/PLANETARY_RESOURCE
[LOG 11:04:36.476] Config(PLANETARY_RESOURCE) RealSolarSystem/ResourceConfigs/RareMetals/PLANETARY_RESOURCE
[LOG 11:04:36.476] Config(PLANETARY_RESOURCE) RealSolarSystem/ResourceConfigs/RareMetals/PLANETARY_RESOURCE
[LOG 11:04:36.476] Config(PLANETARY_RESOURCE) RealSolarSystem/ResourceConfigs/RareMetals/PLANETARY_RESOURCE
[LOG 11:04:36.476] Config(PLANETARY_RESOURCE) RealSolarSystem/ResourceConfigs/RareMetals/PLANETARY_RESOURCE
[LOG 11:04:36.476] Config(PLANETARY_RESOURCE) RealSolarSystem/ResourceConfigs/Substrate/PLANETARY_RESOURCE
[LOG 11:04:36.476] Config(PLANETARY_RESOURCE) RealSolarSystem/ResourceConfigs/Substrate/PLANETARY_RESOURCE
[LOG 11:04:36.476] Config(PLANETARY_RESOURCE) RealSolarSystem/ResourceConfigs/Substrate/PLANETARY_RESOURCE
[LOG 11:04:36.476] Config(PLANETARY_RESOURCE) RealSolarSystem/ResourceConfigs/Substrate/PLANETARY_RESOURCE
[LOG 11:04:36.476] Config(PLANETARY_RESOURCE) RealSolarSystem/ResourceConfigs/Substrate/PLANETARY_RESOURCE
[LOG 11:04:36.476] Config(PLANETARY_RESOURCE) RealSolarSystem/ResourceConfigs/Uraninite/PLANETARY_RESOURCE
[LOG 11:04:36.476] Config(PLANETARY_RESOURCE) RealSolarSystem/ResourceConfigs/Uraninite/PLANETARY_RESOURCE
[LOG 11:04:36.476] Config(PLANETARY_RESOURCE) RealSolarSystem/ResourceConfigs/Uraninite/PLANETARY_RESOURCE
[LOG 11:04:36.477] Config(PLANETARY_RESOURCE) RealSolarSystem/ResourceConfigs/Uraninite/PLANETARY_RESOURCE
[LOG 11:04:36.477] Config(PLANETARY_RESOURCE) RealSolarSystem/ResourceConfigs/Uraninite/PLANETARY_RESOURCE
[LOG 11:04:36.477] Config(PLANETARY_RESOURCE) RealSolarSystem/ResourceConfigs/Water/PLANETARY_RESOURCE
[LOG 11:04:36.477] Config(PLANETARY_RESOURCE) RealSolarSystem/ResourceConfigs/Water/PLANETARY_RESOURCE
[LOG 11:04:36.477] Config(PLANETARY_RESOURCE) RealSolarSystem/ResourceConfigs/Water/PLANETARY_RESOURCE
[LOG 11:04:36.477] Config(PLANETARY_RESOURCE) RealSolarSystem/ResourceConfigs/Water/PLANETARY_RESOURCE
[LOG 11:04:36.477] Config(PLANETARY_RESOURCE) RealSolarSystem/ResourceConfigs/Water/PLANETARY_RESOURCE
[LOG 11:04:36.477] Config(PLANETARY_RESOURCE) RealSolarSystem/ResourceConfigs/Water/PLANETARY_RESOURCE
[LOG 11:04:36.477] Config(PLANETARY_RESOURCE) RealSolarSystem/ResourceConfigs/Water/PLANETARY_RESOURCE
[LOG 11:04:36.477] Config(PLANETARY_RESOURCE) RealSolarSystem/ResourceConfigs/Water/PLANETARY_RESOURCE
[LOG 11:04:36.477] Config(PLANETARY_RESOURCE) RealSolarSystem/ResourceConfigs/Water/PLANETARY_RESOURCE
[LOG 11:04:36.477] Config(PLANETARY_RESOURCE) RealSolarSystem/ResourceConfigs/Water/PLANETARY_RESOURCE
[LOG 11:04:36.477] Config(PLANETARY_RESOURCE) RealSolarSystem/ResourceConfigs/Water/PLANETARY_RESOURCE
[LOG 11:04:36.477] Config(PLANETARY_RESOURCE) RealSolarSystem/ResourceConfigs/Water/PLANETARY_RESOURCE
[LOG 11:04:36.477] Config(BIOME_RESOURCE) RealSolarSystem/ResourceConfigs/Water/BIOME_RESOURCE
[LOG 11:04:36.477] Config(BIOME_RESOURCE) RealSolarSystem/ResourceConfigs/Water/BIOME_RESOURCE
[LOG 11:04:36.477] Config(BIOME_RESOURCE) RealSolarSystem/ResourceConfigs/Water/BIOME_RESOURCE
[LOG 11:04:36.477] Config(PLANETARY_RESOURCE) RealSolarSystem/ResourceConfigs/Water/PLANETARY_RESOURCE
[LOG 11:04:36.477] Config(PLANETARY_RESOURCE) RealSolarSystem/ResourceConfigs/Water/PLANETARY_RESOURCE
[LOG 11:04:36.477] Config(PLANETARY_RESOURCE) RealSolarSystem/ResourceConfigs/Water/PLANETARY_RESOURCE
[LOG 11:04:36.477] Config(PLANETARY_RESOURCE) RealSolarSystem/ResourceConfigs/Water/PLANETARY_RESOURCE
[LOG 11:04:36.477] Config(PLANETARY_RESOURCE) RealSolarSystem/ResourceConfigs/XenonGas/PLANETARY_RESOURCE
[LOG 11:04:36.477] Config(PLANETARY_RESOURCE) RealSolarSystem/ResourceConfigs/XenonGas/PLANETARY_RESOURCE
[LOG 11:04:36.477] Config(@Kopernicus:AFTER[RealSolarSystem]) RealSolarSystem/RSSKopernicus/NavballSwitchAltitude/@Kopernicus:AFTER[RealSolarSystem]
[LOG 11:04:36.477] Config(@Kopernicus:FOR[RealSolarSystem]) RealSolarSystem/RSSKopernicus/Sun/@Kopernicus:FOR[RealSolarSystem]
[LOG 11:04:36.477] Config(@Kopernicus:FOR[RealSolarSystem]) RealSolarSystem/RSSKopernicus/Asteroids/Asteroids/@Kopernicus:FOR[RealSolarSystem]
[LOG 11:04:36.477] Config(@PART[*]:HAS[@MODULE[ModuleAsteroid]]:FOR[RealSolarSystem]) RealSolarSystem/RSSKopernicus/Asteroids/Asteroids/@PART[*]:HAS[@MODULE[ModuleAsteroid]]:FOR[RealSolarSystem]
[LOG 11:04:36.477] Config(@Kopernicus:FOR[RealSolarSystem]) RealSolarSystem/RSSKopernicus/Ceres/Ceres/@Kopernicus:FOR[RealSolarSystem]
[LOG 11:04:36.477] Config(@Kopernicus:FOR[RealSolarSystem]) RealSolarSystem/RSSKopernicus/Earth/Earth/@Kopernicus:FOR[RealSolarSystem]
[LOG 11:04:36.477] Config(@Kopernicus:FOR[RealSolarSystem]) RealSolarSystem/RSSKopernicus/Earth/Moon/@Kopernicus:FOR[RealSolarSystem]
[LOG 11:04:36.477] Config(@Kopernicus:FOR[RealSolarSystem]) RealSolarSystem/RSSKopernicus/Jupiter/Callisto/@Kopernicus:FOR[RealSolarSystem]
[LOG 11:04:36.477] Config(@Kopernicus:FOR[RealSolarSystem]) RealSolarSystem/RSSKopernicus/Jupiter/Europa/@Kopernicus:FOR[RealSolarSystem]
[LOG 11:04:36.477] Config(@Kopernicus:FOR[RealSolarSystem]) RealSolarSystem/RSSKopernicus/Jupiter/Ganymede/@Kopernicus:FOR[RealSolarSystem]
[LOG 11:04:36.477] Config(@Kopernicus:FOR[RealSolarSystem]) RealSolarSystem/RSSKopernicus/Jupiter/Io/@Kopernicus:FOR[RealSolarSystem]
[LOG 11:04:36.477] Config(@Kopernicus:FOR[RealSolarSystem]) RealSolarSystem/RSSKopernicus/Jupiter/Jupiter/@Kopernicus:FOR[RealSolarSystem]
[LOG 11:04:36.477] Config(@Kopernicus:FOR[RealSolarSystem]) RealSolarSystem/RSSKopernicus/Jupiter/Jupiter_Oblate/@Kopernicus:FOR[RealSolarSystem]
[LOG 11:04:36.477] Config(@Kopernicus:FOR[RealSolarSystem]) RealSolarSystem/RSSKopernicus/Mars/Deimos/@Kopernicus:FOR[RealSolarSystem]
[LOG 11:04:36.477] Config(@Kopernicus:FOR[RealSolarSystem]) RealSolarSystem/RSSKopernicus/Mars/Mars/@Kopernicus:FOR[RealSolarSystem]
[LOG 11:04:36.477] Config(@Kopernicus:FOR[RealSolarSystem]) RealSolarSystem/RSSKopernicus/Mars/Phobos/@Kopernicus:FOR[RealSolarSystem]
[LOG 11:04:36.477] Config(@Kopernicus:FOR[RealSolarSystem]) RealSolarSystem/RSSKopernicus/Mercury/Mercury/@Kopernicus:FOR[RealSolarSystem]
[LOG 11:04:36.477] Config(@Kopernicus:FOR[RealSolarSystem]) RealSolarSystem/RSSKopernicus/Neptune/Neptune/@Kopernicus:FOR[RealSolarSystem]
[LOG 11:04:36.478] Config(@Kopernicus:FOR[RealSolarSystem]) RealSolarSystem/RSSKopernicus/Neptune/Neptune_Oblate/@Kopernicus:FOR[RealSolarSystem]
[LOG 11:04:36.478] Config(@Kopernicus:FOR[RealSolarSystem]) RealSolarSystem/RSSKopernicus/Neptune/Triton/@Kopernicus:FOR[RealSolarSystem]
[LOG 11:04:36.478] Config(@Kopernicus:FOR[RealSolarSystem]) RealSolarSystem/RSSKopernicus/Neptune/Triton_Rotation/@Kopernicus:FOR[RealSolarSystem]
[LOG 11:04:36.478] Config(@Kopernicus:FOR[RealSolarSystem]) RealSolarSystem/RSSKopernicus/Pluto/Charon/@Kopernicus:FOR[RealSolarSystem]
[LOG 11:04:36.478] Config(@Kopernicus:FOR[RealSolarSystem]) RealSolarSystem/RSSKopernicus/Pluto/Pluto/@Kopernicus:FOR[RealSolarSystem]
[LOG 11:04:36.478] Config(@Kopernicus:FOR[RealSolarSystem]) RealSolarSystem/RSSKopernicus/Pluto/RotationPeriod/@Kopernicus:FOR[RealSolarSystem]
[LOG 11:04:36.478] Config(@Kopernicus:FOR[RealSolarSystem]) RealSolarSystem/RSSKopernicus/Saturn/Dione/@Kopernicus:FOR[RealSolarSystem]
[LOG 11:04:36.478] Config(@Kopernicus:FOR[RealSolarSystem]) RealSolarSystem/RSSKopernicus/Saturn/Enceladus/@Kopernicus:FOR[RealSolarSystem]
[LOG 11:04:36.478] Config(@Kopernicus:FOR[RealSolarSystem]) RealSolarSystem/RSSKopernicus/Saturn/Iapetus/@Kopernicus:FOR[RealSolarSystem]
[LOG 11:04:36.478] Config(@Kopernicus:FOR[RealSolarSystem]) RealSolarSystem/RSSKopernicus/Saturn/Mimas/@Kopernicus:FOR[RealSolarSystem]
[LOG 11:04:36.478] Config(@Kopernicus:FOR[RealSolarSystem]) RealSolarSystem/RSSKopernicus/Saturn/Rhea/@Kopernicus:FOR[RealSolarSystem]
[LOG 11:04:36.478] Config(@Kopernicus:FOR[RealSolarSystem]) RealSolarSystem/RSSKopernicus/Saturn/Saturn/@Kopernicus:FOR[RealSolarSystem]
[LOG 11:04:36.478] Config(@Kopernicus:FOR[RealSolarSystem]) RealSolarSystem/RSSKopernicus/Saturn/Saturn_Oblate/@Kopernicus:FOR[RealSolarSystem]
[LOG 11:04:36.478] Config(@Kopernicus:FOR[RealSolarSystem]) RealSolarSystem/RSSKopernicus/Saturn/Tethys/@Kopernicus:FOR[RealSolarSystem]
[LOG 11:04:36.478] Config(@Kopernicus:FOR[RealSolarSystem]) RealSolarSystem/RSSKopernicus/Saturn/Titan/@Kopernicus:FOR[RealSolarSystem]
[LOG 11:04:36.478] Config(@Kopernicus:FOR[RealSolarSystem]) RealSolarSystem/RSSKopernicus/Uranus/Ariel/@Kopernicus:FOR[RealSolarSystem]
[LOG 11:04:36.478] Config(@Kopernicus:FOR[RealSolarSystem]) RealSolarSystem/RSSKopernicus/Uranus/Miranda/@Kopernicus:FOR[RealSolarSystem]
[LOG 11:04:36.478] Config(@Kopernicus:FOR[RealSolarSystem]) RealSolarSystem/RSSKopernicus/Uranus/Oberon/@Kopernicus:FOR[RealSolarSystem]
[LOG 11:04:36.478] Config(@Kopernicus:FOR[RealSolarSystem]) RealSolarSystem/RSSKopernicus/Uranus/Titania/@Kopernicus:FOR[RealSolarSystem]
[LOG 11:04:36.478] Config(@Kopernicus:FOR[RealSolarSystem]) RealSolarSystem/RSSKopernicus/Uranus/Umbriel/@Kopernicus:FOR[RealSolarSystem]
[LOG 11:04:36.478] Config(@Kopernicus:FOR[RealSolarSystem]) RealSolarSystem/RSSKopernicus/Uranus/Uranus/@Kopernicus:FOR[RealSolarSystem]
[LOG 11:04:36.478] Config(@Kopernicus:FOR[RealSolarSystem]) RealSolarSystem/RSSKopernicus/Uranus/Uranus_Oblate/@Kopernicus:FOR[RealSolarSystem]
[LOG 11:04:36.478] Config(@Kopernicus:FOR[RealSolarSystem]) RealSolarSystem/RSSKopernicus/Venus/Venus/@Kopernicus:FOR[RealSolarSystem]
[LOG 11:04:36.478] Config(@Kopernicus:FOR[RealSolarSystem]) RealSolarSystem/RSSKopernicus/Vesta/Vesta/@Kopernicus:FOR[RealSolarSystem]
[LOG 11:04:36.478] Config(AGENT) Squad/Agencies/Agents/C7 Aerospace Division
[LOG 11:04:36.478] Config(AGENT) Squad/Agencies/Agents/Dinkelstein Kerman's Construction Emporium
[LOG 11:04:36.478] Config(AGENT) Squad/Agencies/Agents/Experimental Engineering Group
[LOG 11:04:36.479] Config(AGENT) Squad/Agencies/Agents/FLOOYD Dynamics Research Labs
[LOG 11:04:36.479] Config(AGENT) Squad/Agencies/Agents/Goliath National Products
[LOG 11:04:36.479] Config(AGENT) Squad/Agencies/Agents/Integrated Integrals
[LOG 11:04:36.479] Config(AGENT) Squad/Agencies/Agents/Ionic Symphonic Protonic Electronics
[LOG 11:04:36.479] Config(AGENT) Squad/Agencies/Agents/Jebediah Kerman's Junkyard and Spacecraft Parts Co
[LOG 11:04:36.479] Config(AGENT) Squad/Agencies/Agents/Kerbal Motion LLC
[LOG 11:04:36.479] Config(AGENT) Squad/Agencies/Agents/Kerbin World-Firsts Record-Keeping Society
[LOG 11:04:36.479] Config(AGENT) Squad/Agencies/Agents/Kerbodyne
[LOG 11:04:36.479] Config(AGENT) Squad/Agencies/Agents/Kerlington Model Rockets and Paper Products Inc
[LOG 11:04:36.479] Config(AGENT) Squad/Agencies/Agents/Maxo Construction Toys
[LOG 11:04:36.479] Config(AGENT) Squad/Agencies/Agents/Moving Parts Experts Group
[LOG 11:04:36.479] Config(AGENT) Squad/Agencies/Agents/O.M.B. Demolition Enterprises
[LOG 11:04:36.479] Config(AGENT) Squad/Agencies/Agents/Periapsis Rocket Supplies Co
[LOG 11:04:36.479] Config(AGENT) Squad/Agencies/Agents/Probodobodyne Inc
[LOG 11:04:36.479] Config(AGENT) Squad/Agencies/Agents/Research & Development Department
[LOG 11:04:36.479] Config(AGENT) Squad/Agencies/Agents/Reaction Systems Ltd
[LOG 11:04:36.479] Config(AGENT) Squad/Agencies/Agents/Rockomax Conglomerate
[LOG 11:04:36.479] Config(AGENT) Squad/Agencies/Agents/Rokea Inc
[LOG 11:04:36.479] Config(AGENT) Squad/Agencies/Agents/Sean's Cannery
[LOG 11:04:36.479] Config(AGENT) Squad/Agencies/Agents/STEADLER Engineering Corps
[LOG 11:04:36.479] Config(AGENT) Squad/Agencies/Agents/StrutCo
[LOG 11:04:36.479] Config(AGENT) Squad/Agencies/Agents/Vac-Co Advanced Suction Systems
[LOG 11:04:36.479] Config(AGENT) Squad/Agencies/Agents/WinterOwl Aircraft Emporium
[LOG 11:04:36.479] Config(AGENT) Squad/Agencies/Agents/Zaltonic Electronics
[LOG 11:04:36.479] Config(CONTRACT_CONSTRUCTION_PARTS) Squad/Contracts/constructionContractParts/CONTRACT_CONSTRUCTION_PARTS
[LOG 11:04:36.479] Config(Contracts) Squad/Contracts/Contracts/Contracts
[LOG 11:04:36.479] Config(CONTRACTCRAFT) Squad/Contracts/PrebuiltCraft/prebuiltData/CONTRACTCRAFT
[LOG 11:04:36.479] Config(CONTRACTCRAFT) Squad/Contracts/PrebuiltCraft/OrbitalConstructionContract/orbitalConstructionContractCraft/CONTRACTCRAFT
[LOG 11:04:36.479] Config(CONTRACTCRAFT) Squad/Contracts/PrebuiltCraft/RepairContract/repairContractCraft/CONTRACTCRAFT
[LOG 11:04:36.479] Config(CONTRACTCRAFT) Squad/Contracts/PrebuiltCraft/RoverContract/roverContractCraft/CONTRACTCRAFT
[LOG 11:04:36.479] Config(KEYBOARD_LAYOUT) Squad/Controls/Azerty/#autoLOC_6001233
[LOG 11:04:36.479] Config(PITCH_DOWN) Squad/Controls/Azerty/PITCH_DOWN
[LOG 11:04:36.479] Config(PITCH_UP) Squad/Controls/Azerty/PITCH_UP
[LOG 11:04:36.479] Config(YAW_LEFT) Squad/Controls/Azerty/YAW_LEFT
[LOG 11:04:36.479] Config(YAW_RIGHT) Squad/Controls/Azerty/YAW_RIGHT
[LOG 11:04:36.479] Config(ROLL_LEFT) Squad/Controls/Azerty/ROLL_LEFT
[LOG 11:04:36.479] Config(ROLL_RIGHT) Squad/Controls/Azerty/ROLL_RIGHT
[LOG 11:04:36.479] Config(THROTTLE_UP) Squad/Controls/Azerty/THROTTLE_UP
[LOG 11:04:36.479] Config(THROTTLE_DOWN) Squad/Controls/Azerty/THROTTLE_DOWN
[LOG 11:04:36.479] Config(SAS_HOLD) Squad/Controls/Azerty/SAS_HOLD
[LOG 11:04:36.479] Config(SAS_TOGGLE) Squad/Controls/Azerty/SAS_TOGGLE
[LOG 11:04:36.479] Config(LAUNCH_STAGES) Squad/Controls/Azerty/LAUNCH_STAGES
[LOG 11:04:36.479] Config(Docking_toggleRotLin) Squad/Controls/Azerty/Docking_toggleRotLin
[LOG 11:04:36.479] Config(CAMERA_MODE) Squad/Controls/Azerty/CAMERA_MODE
[LOG 11:04:36.479] Config(CAMERA_NEXT) Squad/Controls/Azerty/CAMERA_NEXT
[LOG 11:04:36.479] Config(PAUSE) Squad/Controls/Azerty/PAUSE
[LOG 11:04:36.479] Config(PRECISION_CTRL) Squad/Controls/Azerty/PRECISION_CTRL
[LOG 11:04:36.479] Config(ZOOM_IN) Squad/Controls/Azerty/ZOOM_IN
[LOG 11:04:36.479] Config(ZOOM_OUT) Squad/Controls/Azerty/ZOOM_OUT
[LOG 11:04:36.479] Config(SCROLL_VIEW_UP) Squad/Controls/Azerty/SCROLL_VIEW_UP
[LOG 11:04:36.479] Config(SCROLL_VIEW_DOWN) Squad/Controls/Azerty/SCROLL_VIEW_DOWN
[LOG 11:04:36.479] Config(SCROLL_ICONS_UP) Squad/Controls/Azerty/SCROLL_ICONS_UP
[LOG 11:04:36.479] Config(SCROLL_ICONS_DOWN) Squad/Controls/Azerty/SCROLL_ICONS_DOWN
[LOG 11:04:36.479] Config(CAMERA_ORBIT_UP) Squad/Controls/Azerty/CAMERA_ORBIT_UP
[LOG 11:04:36.479] Config(CAMERA_ORBIT_DOWN) Squad/Controls/Azerty/CAMERA_ORBIT_DOWN
[LOG 11:04:36.479] Config(CAMERA_ORBIT_LEFT) Squad/Controls/Azerty/CAMERA_ORBIT_LEFT
[LOG 11:04:36.479] Config(CAMERA_ORBIT_RIGHT) Squad/Controls/Azerty/CAMERA_ORBIT_RIGHT
[LOG 11:04:36.479] Config(CAMERA_RESET) Squad/Controls/Azerty/CAMERA_RESET
[LOG 11:04:36.479] Config(CAMERA_MOUSE_TOGGLE) Squad/Controls/Azerty/CAMERA_MOUSE_TOGGLE
[LOG 11:04:36.479] Config(TIME_WARP_INCREASE) Squad/Controls/Azerty/TIME_WARP_INCREASE
[LOG 11:04:36.479] Config(TIME_WARP_DECREASE) Squad/Controls/Azerty/TIME_WARP_DECREASE
[LOG 11:04:36.479] Config(TIME_WARP_STOP) Squad/Controls/Azerty/TIME_WARP_STOP
[LOG 11:04:36.479] Config(MAP_VIEW_TOGGLE) Squad/Controls/Azerty/MAP_VIEW_TOGGLE
[LOG 11:04:36.479] Config(NAVBALL_TOGGLE) Squad/Controls/Azerty/NAVBALL_TOGGLE
[LOG 11:04:36.479] Config(UIMODE_STAGING) Squad/Controls/Azerty/UIMODE_STAGING
[LOG 11:04:36.479] Config(UIMODE_DOCKING) Squad/Controls/Azerty/UIMODE_DOCKING
[LOG 11:04:36.479] Config(TRANSLATE_DOWN) Squad/Controls/Azerty/TRANSLATE_DOWN
[LOG 11:04:36.479] Config(TRANSLATE_UP) Squad/Controls/Azerty/TRANSLATE_UP
[LOG 11:04:36.479] Config(TRANSLATE_LEFT) Squad/Controls/Azerty/TRANSLATE_LEFT
[LOG 11:04:36.479] Config(TRANSLATE_RIGHT) Squad/Controls/Azerty/TRANSLATE_RIGHT
[LOG 11:04:36.479] Config(TRANSLATE_FWD) Squad/Controls/Azerty/TRANSLATE_FWD
[LOG 11:04:36.479] Config(TRANSLATE_BACK) Squad/Controls/Azerty/TRANSLATE_BACK
[LOG 11:04:36.479] Config(RCS_TOGGLE) Squad/Controls/Azerty/RCS_TOGGLE
[LOG 11:04:36.480] Config(FOCUS_NEXT_VESSEL) Squad/Controls/Azerty/FOCUS_NEXT_VESSEL
[LOG 11:04:36.480] Config(FOCUS_PREV_VESSEL) Squad/Controls/Azerty/FOCUS_PREV_VESSEL
[LOG 11:04:36.480] Config(TOGGLE_UI) Squad/Controls/Azerty/TOGGLE_UI
[LOG 11:04:36.480] Config(TOGGLE_STATUS_SCREEN) Squad/Controls/Azerty/TOGGLE_STATUS_SCREEN
[LOG 11:04:36.480] Config(TAKE_SCREENSHOT) Squad/Controls/Azerty/TAKE_SCREENSHOT
[LOG 11:04:36.480] Config(TOGGLE_LABELS) Squad/Controls/Azerty/TOGGLE_LABELS
[LOG 11:04:36.480] Config(TOGGLE_TEMP_GAUGES) Squad/Controls/Azerty/TOGGLE_TEMP_GAUGES
[LOG 11:04:36.480] Config(TOGGLE_TEMP_OVERLAY) Squad/Controls/Azerty/TOGGLE_TEMP_OVERLAY
[LOG 11:04:36.480] Config(TOGGLE_FLIGHT_FORCES) Squad/Controls/Azerty/TOGGLE_FLIGHT_FORCES
[LOG 11:04:36.480] Config(QUICKSAVE) Squad/Controls/Azerty/QUICKSAVE
[LOG 11:04:36.480] Config(QUICKLOAD) Squad/Controls/Azerty/QUICKLOAD
[LOG 11:04:36.480] Config(THROTTLE_CUTOFF) Squad/Controls/Azerty/THROTTLE_CUTOFF
[LOG 11:04:36.480] Config(THROTTLE_FULL) Squad/Controls/Azerty/THROTTLE_FULL
[LOG 11:04:36.480] Config(LANDING_GEAR) Squad/Controls/Azerty/LANDING_GEAR
[LOG 11:04:36.480] Config(HEADLIGHT_TOGGLE) Squad/Controls/Azerty/HEADLIGHT_TOGGLE
[LOG 11:04:36.480] Config(BRAKES) Squad/Controls/Azerty/BRAKES
[LOG 11:04:36.480] Config(TOGGLE_SPACENAV_FLIGHT_CONTROL) Squad/Controls/Azerty/TOGGLE_SPACENAV_FLIGHT_CONTROL
[LOG 11:04:36.480] Config(TOGGLE_SPACENAV_ROLL_LOCK) Squad/Controls/Azerty/TOGGLE_SPACENAV_ROLL_LOCK
[LOG 11:04:36.481] Config(WHEEL_STEER_LEFT) Squad/Controls/Azerty/WHEEL_STEER_LEFT
[LOG 11:04:36.481] Config(WHEEL_STEER_RIGHT) Squad/Controls/Azerty/WHEEL_STEER_RIGHT
[LOG 11:04:36.481] Config(WHEEL_THROTTLE_DOWN) Squad/Controls/Azerty/WHEEL_THROTTLE_DOWN
[LOG 11:04:36.481] Config(WHEEL_THROTTLE_UP) Squad/Controls/Azerty/WHEEL_THROTTLE_UP
[LOG 11:04:36.481] Config(EVA_forward) Squad/Controls/Azerty/EVA_forward
[LOG 11:04:36.481] Config(EVA_back) Squad/Controls/Azerty/EVA_back
[LOG 11:04:36.481] Config(EVA_left) Squad/Controls/Azerty/EVA_left
[LOG 11:04:36.481] Config(EVA_right) Squad/Controls/Azerty/EVA_right
[LOG 11:04:36.481] Config(EVA_yaw_left) Squad/Controls/Azerty/EVA_yaw_left
[LOG 11:04:36.481] Config(EVA_yaw_right) Squad/Controls/Azerty/EVA_yaw_right
[LOG 11:04:36.481] Config(EVA_Pack_forward) Squad/Controls/Azerty/EVA_Pack_forward
[LOG 11:04:36.481] Config(EVA_Pack_back) Squad/Controls/Azerty/EVA_Pack_back
[LOG 11:04:36.481] Config(EVA_Pack_left) Squad/Controls/Azerty/EVA_Pack_left
[LOG 11:04:36.481] Config(EVA_Pack_right) Squad/Controls/Azerty/EVA_Pack_right
[LOG 11:04:36.481] Config(EVA_Pack_up) Squad/Controls/Azerty/EVA_Pack_up
[LOG 11:04:36.481] Config(EVA_Pack_down) Squad/Controls/Azerty/EVA_Pack_down
[LOG 11:04:36.481] Config(EVA_Jump) Squad/Controls/Azerty/EVA_Jump
[LOG 11:04:36.481] Config(EVA_Run) Squad/Controls/Azerty/EVA_Run
[LOG 11:04:36.481] Config(EVA_ToggleMovementMode) Squad/Controls/Azerty/EVA_ToggleMovementMode
[LOG 11:04:36.481] Config(EVA_TogglePack) Squad/Controls/Azerty/EVA_TogglePack
[LOG 11:04:36.481] Config(EVA_Use) Squad/Controls/Azerty/EVA_Use
[LOG 11:04:36.481] Config(EVA_Board) Squad/Controls/Azerty/EVA_Board
[LOG 11:04:36.481] Config(EVA_Orient) Squad/Controls/Azerty/EVA_Orient
[LOG 11:04:36.481] Config(EVA_Lights) Squad/Controls/Azerty/EVA_Lights
[LOG 11:04:36.481] Config(EVA_ChuteDeploy) Squad/Controls/Azerty/EVA_ChuteDeploy
[LOG 11:04:36.481] Config(Editor_pitchUp) Squad/Controls/Azerty/Editor_pitchUp
[LOG 11:04:36.481] Config(Editor_pitchDown) Squad/Controls/Azerty/Editor_pitchDown
[LOG 11:04:36.481] Config(Editor_yawLeft) Squad/Controls/Azerty/Editor_yawLeft
[LOG 11:04:36.481] Config(Editor_yawRight) Squad/Controls/Azerty/Editor_yawRight
[LOG 11:04:36.481] Config(Editor_rollLeft) Squad/Controls/Azerty/Editor_rollLeft
[LOG 11:04:36.481] Config(Editor_rollRight) Squad/Controls/Azerty/Editor_rollRight
[LOG 11:04:36.481] Config(Editor_resetRotation) Squad/Controls/Azerty/Editor_resetRotation
[LOG 11:04:36.481] Config(Editor_modePlace) Squad/Controls/Azerty/Editor_modePlace
[LOG 11:04:36.481] Config(Editor_modeOffset) Squad/Controls/Azerty/Editor_modeOffset
[LOG 11:04:36.481] Config(Editor_modeRotate) Squad/Controls/Azerty/Editor_modeRotate
[LOG 11:04:36.481] Config(Editor_modeRoot) Squad/Controls/Azerty/Editor_modeRoot
[LOG 11:04:36.481] Config(Editor_coordSystem) Squad/Controls/Azerty/Editor_coordSystem
[LOG 11:04:36.481] Config(Editor_toggleSymMethod) Squad/Controls/Azerty/Editor_toggleSymMethod
[LOG 11:04:36.481] Config(Editor_toggleSymMode) Squad/Controls/Azerty/Editor_toggleSymMode
[LOG 11:04:36.481] Config(Editor_toggleAngleSnap) Squad/Controls/Azerty/Editor_toggleAngleSnap
[LOG 11:04:36.481] Config(Editor_fineTweak) Squad/Controls/Azerty/Editor_fineTweak
[LOG 11:04:36.481] Config(Editor_partSearch) Squad/Controls/Azerty/Editor_partSearch
[LOG 11:04:36.481] Config(Editor_zoomScrollModifier) Squad/Controls/Azerty/Editor_zoomScrollModifier
[LOG 11:04:36.481] Config(MODIFIER_KEY) Squad/Controls/Azerty/MODIFIER_KEY
[LOG 11:04:36.481] Config(AbortActionGroup) Squad/Controls/Azerty/AbortActionGroup
[LOG 11:04:36.482] Config(CustomActionGroup1) Squad/Controls/Azerty/CustomActionGroup1
[LOG 11:04:36.482] Config(CustomActionGroup2) Squad/Controls/Azerty/CustomActionGroup2
[LOG 11:04:36.482] Config(CustomActionGroup3) Squad/Controls/Azerty/CustomActionGroup3
[LOG 11:04:36.482] Config(CustomActionGroup4) Squad/Controls/Azerty/CustomActionGroup4
[LOG 11:04:36.482] Config(CustomActionGroup5) Squad/Controls/Azerty/CustomActionGroup5
[LOG 11:04:36.482] Config(CustomActionGroup6) Squad/Controls/Azerty/CustomActionGroup6
[LOG 11:04:36.482] Config(CustomActionGroup7) Squad/Controls/Azerty/CustomActionGroup7
[LOG 11:04:36.482] Config(CustomActionGroup8) Squad/Controls/Azerty/CustomActionGroup8
[LOG 11:04:36.482] Config(CustomActionGroup9) Squad/Controls/Azerty/CustomActionGroup9
[LOG 11:04:36.482] Config(CustomActionGroup10) Squad/Controls/Azerty/CustomActionGroup10
[LOG 11:04:36.482] Config(KEY_MAP) Squad/Controls/Azerty/KEY_MAP
[LOG 11:04:36.482] Config(KEYBOARD_LAYOUT) Squad/Controls/Dvorak/#autoLOC_6001234
[LOG 11:04:36.482] Config(PITCH_DOWN) Squad/Controls/Dvorak/PITCH_DOWN
[LOG 11:04:36.482] Config(PITCH_UP) Squad/Controls/Dvorak/PITCH_UP
[LOG 11:04:36.482] Config(YAW_LEFT) Squad/Controls/Dvorak/YAW_LEFT
[LOG 11:04:36.482] Config(YAW_RIGHT) Squad/Controls/Dvorak/YAW_RIGHT
[LOG 11:04:36.482] Config(ROLL_LEFT) Squad/Controls/Dvorak/ROLL_LEFT
[LOG 11:04:36.482] Config(ROLL_RIGHT) Squad/Controls/Dvorak/ROLL_RIGHT
[LOG 11:04:36.482] Config(THROTTLE_UP) Squad/Controls/Dvorak/THROTTLE_UP
[LOG 11:04:36.482] Config(THROTTLE_DOWN) Squad/Controls/Dvorak/THROTTLE_DOWN
[LOG 11:04:36.482] Config(SAS_HOLD) Squad/Controls/Dvorak/SAS_HOLD
[LOG 11:04:36.482] Config(SAS_TOGGLE) Squad/Controls/Dvorak/SAS_TOGGLE
[LOG 11:04:36.482] Config(LAUNCH_STAGES) Squad/Controls/Dvorak/LAUNCH_STAGES
[LOG 11:04:36.482] Config(Docking_toggleRotLin) Squad/Controls/Dvorak/Docking_toggleRotLin
[LOG 11:04:36.482] Config(CAMERA_MODE) Squad/Controls/Dvorak/CAMERA_MODE
[LOG 11:04:36.482] Config(CAMERA_NEXT) Squad/Controls/Dvorak/CAMERA_NEXT
[LOG 11:04:36.482] Config(PAUSE) Squad/Controls/Dvorak/PAUSE
[LOG 11:04:36.482] Config(PRECISION_CTRL) Squad/Controls/Dvorak/PRECISION_CTRL
[LOG 11:04:36.482] Config(ZOOM_IN) Squad/Controls/Dvorak/ZOOM_IN
[LOG 11:04:36.482] Config(ZOOM_OUT) Squad/Controls/Dvorak/ZOOM_OUT
[LOG 11:04:36.482] Config(SCROLL_VIEW_UP) Squad/Controls/Dvorak/SCROLL_VIEW_UP
[LOG 11:04:36.482] Config(SCROLL_VIEW_DOWN) Squad/Controls/Dvorak/SCROLL_VIEW_DOWN
[LOG 11:04:36.482] Config(SCROLL_ICONS_UP) Squad/Controls/Dvorak/SCROLL_ICONS_UP
[LOG 11:04:36.482] Config(SCROLL_ICONS_DOWN) Squad/Controls/Dvorak/SCROLL_ICONS_DOWN
[LOG 11:04:36.482] Config(CAMERA_ORBIT_UP) Squad/Controls/Dvorak/CAMERA_ORBIT_UP
[LOG 11:04:36.482] Config(CAMERA_ORBIT_DOWN) Squad/Controls/Dvorak/CAMERA_ORBIT_DOWN
[LOG 11:04:36.482] Config(CAMERA_ORBIT_LEFT) Squad/Controls/Dvorak/CAMERA_ORBIT_LEFT
[LOG 11:04:36.482] Config(CAMERA_ORBIT_RIGHT) Squad/Controls/Dvorak/CAMERA_ORBIT_RIGHT
[LOG 11:04:36.482] Config(CAMERA_RESET) Squad/Controls/Dvorak/CAMERA_RESET
[LOG 11:04:36.482] Config(CAMERA_MOUSE_TOGGLE) Squad/Controls/Dvorak/CAMERA_MOUSE_TOGGLE
[LOG 11:04:36.482] Config(TIME_WARP_INCREASE) Squad/Controls/Dvorak/TIME_WARP_INCREASE
[LOG 11:04:36.482] Config(TIME_WARP_DECREASE) Squad/Controls/Dvorak/TIME_WARP_DECREASE
[LOG 11:04:36.482] Config(TIME_WARP_STOP) Squad/Controls/Dvorak/TIME_WARP_STOP
[LOG 11:04:36.482] Config(MAP_VIEW_TOGGLE) Squad/Controls/Dvorak/MAP_VIEW_TOGGLE
[LOG 11:04:36.482] Config(NAVBALL_TOGGLE) Squad/Controls/Dvorak/NAVBALL_TOGGLE
[LOG 11:04:36.482] Config(UIMODE_STAGING) Squad/Controls/Dvorak/UIMODE_STAGING
[LOG 11:04:36.482] Config(UIMODE_DOCKING) Squad/Controls/Dvorak/UIMODE_DOCKING
[LOG 11:04:36.482] Config(TRANSLATE_DOWN) Squad/Controls/Dvorak/TRANSLATE_DOWN
[LOG 11:04:36.482] Config(TRANSLATE_UP) Squad/Controls/Dvorak/TRANSLATE_UP
[LOG 11:04:36.482] Config(TRANSLATE_LEFT) Squad/Controls/Dvorak/TRANSLATE_LEFT
[LOG 11:04:36.482] Config(TRANSLATE_RIGHT) Squad/Controls/Dvorak/TRANSLATE_RIGHT
[LOG 11:04:36.482] Config(TRANSLATE_FWD) Squad/Controls/Dvorak/TRANSLATE_FWD
[LOG 11:04:36.482] Config(TRANSLATE_BACK) Squad/Controls/Dvorak/TRANSLATE_BACK
[LOG 11:04:36.482] Config(RCS_TOGGLE) Squad/Controls/Dvorak/RCS_TOGGLE
[LOG 11:04:36.482] Config(FOCUS_NEXT_VESSEL) Squad/Controls/Dvorak/FOCUS_NEXT_VESSEL
[LOG 11:04:36.482] Config(FOCUS_PREV_VESSEL) Squad/Controls/Dvorak/FOCUS_PREV_VESSEL
[LOG 11:04:36.482] Config(TOGGLE_UI) Squad/Controls/Dvorak/TOGGLE_UI
[LOG 11:04:36.482] Config(TOGGLE_STATUS_SCREEN) Squad/Controls/Dvorak/TOGGLE_STATUS_SCREEN
[LOG 11:04:36.482] Config(TAKE_SCREENSHOT) Squad/Controls/Dvorak/TAKE_SCREENSHOT
[LOG 11:04:36.482] Config(TOGGLE_LABELS) Squad/Controls/Dvorak/TOGGLE_LABELS
[LOG 11:04:36.482] Config(TOGGLE_TEMP_GAUGES) Squad/Controls/Dvorak/TOGGLE_TEMP_GAUGES
[LOG 11:04:36.482] Config(TOGGLE_TEMP_OVERLAY) Squad/Controls/Dvorak/TOGGLE_TEMP_OVERLAY
[LOG 11:04:36.482] Config(TOGGLE_FLIGHT_FORCES) Squad/Controls/Dvorak/TOGGLE_FLIGHT_FORCES
[LOG 11:04:36.482] Config(QUICKSAVE) Squad/Controls/Dvorak/QUICKSAVE
[LOG 11:04:36.482] Config(QUICKLOAD) Squad/Controls/Dvorak/QUICKLOAD
[LOG 11:04:36.482] Config(THROTTLE_CUTOFF) Squad/Controls/Dvorak/THROTTLE_CUTOFF
[LOG 11:04:36.482] Config(THROTTLE_FULL) Squad/Controls/Dvorak/THROTTLE_FULL
[LOG 11:04:36.482] Config(LANDING_GEAR) Squad/Controls/Dvorak/LANDING_GEAR
[LOG 11:04:36.482] Config(HEADLIGHT_TOGGLE) Squad/Controls/Dvorak/HEADLIGHT_TOGGLE
[LOG 11:04:36.482] Config(BRAKES) Squad/Controls/Dvorak/BRAKES
[LOG 11:04:36.483] Config(TOGGLE_SPACENAV_FLIGHT_CONTROL) Squad/Controls/Dvorak/TOGGLE_SPACENAV_FLIGHT_CONTROL
[LOG 11:04:36.483] Config(TOGGLE_SPACENAV_ROLL_LOCK) Squad/Controls/Dvorak/TOGGLE_SPACENAV_ROLL_LOCK
[LOG 11:04:36.483] Config(WHEEL_STEER_LEFT) Squad/Controls/Dvorak/WHEEL_STEER_LEFT
[LOG 11:04:36.483] Config(WHEEL_STEER_RIGHT) Squad/Controls/Dvorak/WHEEL_STEER_RIGHT
[LOG 11:04:36.483] Config(WHEEL_THROTTLE_DOWN) Squad/Controls/Dvorak/WHEEL_THROTTLE_DOWN
[LOG 11:04:36.483] Config(WHEEL_THROTTLE_UP) Squad/Controls/Dvorak/WHEEL_THROTTLE_UP
[LOG 11:04:36.483] Config(EVA_forward) Squad/Controls/Dvorak/EVA_forward
[LOG 11:04:36.483] Config(EVA_back) Squad/Controls/Dvorak/EVA_back
[LOG 11:04:36.483] Config(EVA_left) Squad/Controls/Dvorak/EVA_left
[LOG 11:04:36.483] Config(EVA_right) Squad/Controls/Dvorak/EVA_right
[LOG 11:04:36.483] Config(EVA_yaw_left) Squad/Controls/Dvorak/EVA_yaw_left
[LOG 11:04:36.483] Config(EVA_yaw_right) Squad/Controls/Dvorak/EVA_yaw_right
[LOG 11:04:36.483] Config(EVA_Pack_forward) Squad/Controls/Dvorak/EVA_Pack_forward
[LOG 11:04:36.483] Config(EVA_Pack_back) Squad/Controls/Dvorak/EVA_Pack_back
[LOG 11:04:36.483] Config(EVA_Pack_left) Squad/Controls/Dvorak/EVA_Pack_left
[LOG 11:04:36.483] Config(EVA_Pack_right) Squad/Controls/Dvorak/EVA_Pack_right
[LOG 11:04:36.483] Config(EVA_Pack_up) Squad/Controls/Dvorak/EVA_Pack_up
[LOG 11:04:36.483] Config(EVA_Pack_down) Squad/Controls/Dvorak/EVA_Pack_down
[LOG 11:04:36.483] Config(EVA_Jump) Squad/Controls/Dvorak/EVA_Jump
[LOG 11:04:36.483] Config(EVA_Run) Squad/Controls/Dvorak/EVA_Run
[LOG 11:04:36.483] Config(EVA_ToggleMovementMode) Squad/Controls/Dvorak/EVA_ToggleMovementMode
[LOG 11:04:36.483] Config(EVA_TogglePack) Squad/Controls/Dvorak/EVA_TogglePack
[LOG 11:04:36.483] Config(EVA_Use) Squad/Controls/Dvorak/EVA_Use
[LOG 11:04:36.483] Config(EVA_Board) Squad/Controls/Dvorak/EVA_Board
[LOG 11:04:36.483] Config(EVA_Orient) Squad/Controls/Dvorak/EVA_Orient
[LOG 11:04:36.483] Config(EVA_Lights) Squad/Controls/Dvorak/EVA_Lights
[LOG 11:04:36.483] Config(EVA_ChuteDeploy) Squad/Controls/Dvorak/EVA_ChuteDeploy
[LOG 11:04:36.483] Config(Editor_pitchUp) Squad/Controls/Dvorak/Editor_pitchUp
[LOG 11:04:36.483] Config(Editor_pitchDown) Squad/Controls/Dvorak/Editor_pitchDown
[LOG 11:04:36.483] Config(Editor_yawLeft) Squad/Controls/Dvorak/Editor_yawLeft
[LOG 11:04:36.483] Config(Editor_yawRight) Squad/Controls/Dvorak/Editor_yawRight
[LOG 11:04:36.483] Config(Editor_rollLeft) Squad/Controls/Dvorak/Editor_rollLeft
[LOG 11:04:36.483] Config(Editor_rollRight) Squad/Controls/Dvorak/Editor_rollRight
[LOG 11:04:36.483] Config(Editor_resetRotation) Squad/Controls/Dvorak/Editor_resetRotation
[LOG 11:04:36.483] Config(Editor_modePlace) Squad/Controls/Dvorak/Editor_modePlace
[LOG 11:04:36.483] Config(Editor_modeOffset) Squad/Controls/Dvorak/Editor_modeOffset
[LOG 11:04:36.483] Config(Editor_modeRotate) Squad/Controls/Dvorak/Editor_modeRotate
[LOG 11:04:36.483] Config(Editor_modeRoot) Squad/Controls/Dvorak/Editor_modeRoot
[LOG 11:04:36.483] Config(Editor_coordSystem) Squad/Controls/Dvorak/Editor_coordSystem
[LOG 11:04:36.483] Config(Editor_toggleSymMethod) Squad/Controls/Dvorak/Editor_toggleSymMethod
[LOG 11:04:36.483] Config(Editor_toggleSymMode) Squad/Controls/Dvorak/Editor_toggleSymMode
[LOG 11:04:36.483] Config(Editor_toggleAngleSnap) Squad/Controls/Dvorak/Editor_toggleAngleSnap
[LOG 11:04:36.483] Config(Editor_fineTweak) Squad/Controls/Dvorak/Editor_fineTweak
[LOG 11:04:36.483] Config(Editor_partSearch) Squad/Controls/Dvorak/Editor_partSearch
[LOG 11:04:36.483] Config(Editor_zoomScrollModifier) Squad/Controls/Dvorak/Editor_zoomScrollModifier
[LOG 11:04:36.483] Config(MODIFIER_KEY) Squad/Controls/Dvorak/MODIFIER_KEY
[LOG 11:04:36.483] Config(AbortActionGroup) Squad/Controls/Dvorak/AbortActionGroup
[LOG 11:04:36.483] Config(CustomActionGroup1) Squad/Controls/Dvorak/CustomActionGroup1
[LOG 11:04:36.483] Config(CustomActionGroup2) Squad/Controls/Dvorak/CustomActionGroup2
[LOG 11:04:36.483] Config(CustomActionGroup3) Squad/Controls/Dvorak/CustomActionGroup3
[LOG 11:04:36.483] Config(CustomActionGroup4) Squad/Controls/Dvorak/CustomActionGroup4
[LOG 11:04:36.483] Config(CustomActionGroup5) Squad/Controls/Dvorak/CustomActionGroup5
[LOG 11:04:36.483] Config(CustomActionGroup6) Squad/Controls/Dvorak/CustomActionGroup6
[LOG 11:04:36.483] Config(CustomActionGroup7) Squad/Controls/Dvorak/CustomActionGroup7
[LOG 11:04:36.483] Config(CustomActionGroup8) Squad/Controls/Dvorak/CustomActionGroup8
[LOG 11:04:36.483] Config(CustomActionGroup9) Squad/Controls/Dvorak/CustomActionGroup9
[LOG 11:04:36.483] Config(CustomActionGroup10) Squad/Controls/Dvorak/CustomActionGroup10
[LOG 11:04:36.483] Config(KEY_MAP) Squad/Controls/Dvorak/KEY_MAP
[LOG 11:04:36.483] Config(KEYBOARD_LAYOUT) Squad/Controls/Qwerty/#autoLOC_6001227
[LOG 11:04:36.483] Config(PITCH_DOWN) Squad/Controls/Qwerty/PITCH_DOWN
[LOG 11:04:36.483] Config(PITCH_UP) Squad/Controls/Qwerty/PITCH_UP
[LOG 11:04:36.483] Config(YAW_LEFT) Squad/Controls/Qwerty/YAW_LEFT
[LOG 11:04:36.483] Config(YAW_RIGHT) Squad/Controls/Qwerty/YAW_RIGHT
[LOG 11:04:36.483] Config(ROLL_LEFT) Squad/Controls/Qwerty/ROLL_LEFT
[LOG 11:04:36.483] Config(ROLL_RIGHT) Squad/Controls/Qwerty/ROLL_RIGHT
[LOG 11:04:36.483] Config(THROTTLE_UP) Squad/Controls/Qwerty/THROTTLE_UP
[LOG 11:04:36.483] Config(THROTTLE_DOWN) Squad/Controls/Qwerty/THROTTLE_DOWN
[LOG 11:04:36.483] Config(SAS_HOLD) Squad/Controls/Qwerty/SAS_HOLD
[LOG 11:04:36.483] Config(SAS_TOGGLE) Squad/Controls/Qwerty/SAS_TOGGLE
[LOG 11:04:36.483] Config(LAUNCH_STAGES) Squad/Controls/Qwerty/LAUNCH_STAGES
[LOG 11:04:36.485] Config(Docking_toggleRotLin) Squad/Controls/Qwerty/Docking_toggleRotLin
[LOG 11:04:36.485] Config(CAMERA_MODE) Squad/Controls/Qwerty/CAMERA_MODE
[LOG 11:04:36.485] Config(CAMERA_NEXT) Squad/Controls/Qwerty/CAMERA_NEXT
[LOG 11:04:36.485] Config(PAUSE) Squad/Controls/Qwerty/PAUSE
[LOG 11:04:36.485] Config(PRECISION_CTRL) Squad/Controls/Qwerty/PRECISION_CTRL
[LOG 11:04:36.485] Config(ZOOM_IN) Squad/Controls/Qwerty/ZOOM_IN
[LOG 11:04:36.485] Config(ZOOM_OUT) Squad/Controls/Qwerty/ZOOM_OUT
[LOG 11:04:36.485] Config(SCROLL_VIEW_UP) Squad/Controls/Qwerty/SCROLL_VIEW_UP
[LOG 11:04:36.485] Config(SCROLL_VIEW_DOWN) Squad/Controls/Qwerty/SCROLL_VIEW_DOWN
[LOG 11:04:36.485] Config(SCROLL_ICONS_UP) Squad/Controls/Qwerty/SCROLL_ICONS_UP
[LOG 11:04:36.485] Config(SCROLL_ICONS_DOWN) Squad/Controls/Qwerty/SCROLL_ICONS_DOWN
[LOG 11:04:36.485] Config(CAMERA_ORBIT_UP) Squad/Controls/Qwerty/CAMERA_ORBIT_UP
[LOG 11:04:36.485] Config(CAMERA_ORBIT_DOWN) Squad/Controls/Qwerty/CAMERA_ORBIT_DOWN
[LOG 11:04:36.485] Config(CAMERA_ORBIT_LEFT) Squad/Controls/Qwerty/CAMERA_ORBIT_LEFT
[LOG 11:04:36.485] Config(CAMERA_ORBIT_RIGHT) Squad/Controls/Qwerty/CAMERA_ORBIT_RIGHT
[LOG 11:04:36.485] Config(CAMERA_RESET) Squad/Controls/Qwerty/CAMERA_RESET
[LOG 11:04:36.485] Config(CAMERA_MOUSE_TOGGLE) Squad/Controls/Qwerty/CAMERA_MOUSE_TOGGLE
[LOG 11:04:36.485] Config(TIME_WARP_INCREASE) Squad/Controls/Qwerty/TIME_WARP_INCREASE
[LOG 11:04:36.485] Config(TIME_WARP_DECREASE) Squad/Controls/Qwerty/TIME_WARP_DECREASE
[LOG 11:04:36.485] Config(TIME_WARP_STOP) Squad/Controls/Qwerty/TIME_WARP_STOP
[LOG 11:04:36.485] Config(MAP_VIEW_TOGGLE) Squad/Controls/Qwerty/MAP_VIEW_TOGGLE
[LOG 11:04:36.485] Config(NAVBALL_TOGGLE) Squad/Controls/Qwerty/NAVBALL_TOGGLE
[LOG 11:04:36.485] Config(UIMODE_STAGING) Squad/Controls/Qwerty/UIMODE_STAGING
[LOG 11:04:36.485] Config(UIMODE_DOCKING) Squad/Controls/Qwerty/UIMODE_DOCKING
[LOG 11:04:36.485] Config(TRANSLATE_DOWN) Squad/Controls/Qwerty/TRANSLATE_DOWN
[LOG 11:04:36.485] Config(TRANSLATE_UP) Squad/Controls/Qwerty/TRANSLATE_UP
[LOG 11:04:36.485] Config(TRANSLATE_LEFT) Squad/Controls/Qwerty/TRANSLATE_LEFT
[LOG 11:04:36.485] Config(TRANSLATE_RIGHT) Squad/Controls/Qwerty/TRANSLATE_RIGHT
[LOG 11:04:36.485] Config(TRANSLATE_FWD) Squad/Controls/Qwerty/TRANSLATE_FWD
[LOG 11:04:36.485] Config(TRANSLATE_BACK) Squad/Controls/Qwerty/TRANSLATE_BACK
[LOG 11:04:36.485] Config(RCS_TOGGLE) Squad/Controls/Qwerty/RCS_TOGGLE
[LOG 11:04:36.485] Config(FOCUS_NEXT_VESSEL) Squad/Controls/Qwerty/FOCUS_NEXT_VESSEL
[LOG 11:04:36.485] Config(FOCUS_PREV_VESSEL) Squad/Controls/Qwerty/FOCUS_PREV_VESSEL
[LOG 11:04:36.485] Config(TOGGLE_UI) Squad/Controls/Qwerty/TOGGLE_UI
[LOG 11:04:36.485] Config(TOGGLE_STATUS_SCREEN) Squad/Controls/Qwerty/TOGGLE_STATUS_SCREEN
[LOG 11:04:36.485] Config(TAKE_SCREENSHOT) Squad/Controls/Qwerty/TAKE_SCREENSHOT
[LOG 11:04:36.485] Config(TOGGLE_LABELS) Squad/Controls/Qwerty/TOGGLE_LABELS
[LOG 11:04:36.485] Config(TOGGLE_TEMP_GAUGES) Squad/Controls/Qwerty/TOGGLE_TEMP_GAUGES
[LOG 11:04:36.485] Config(TOGGLE_TEMP_OVERLAY) Squad/Controls/Qwerty/TOGGLE_TEMP_OVERLAY
[LOG 11:04:36.485] Config(TOGGLE_FLIGHT_FORCES) Squad/Controls/Qwerty/TOGGLE_FLIGHT_FORCES
[LOG 11:04:36.485] Config(QUICKSAVE) Squad/Controls/Qwerty/QUICKSAVE
[LOG 11:04:36.485] Config(QUICKLOAD) Squad/Controls/Qwerty/QUICKLOAD
[LOG 11:04:36.485] Config(THROTTLE_CUTOFF) Squad/Controls/Qwerty/THROTTLE_CUTOFF
[LOG 11:04:36.485] Config(THROTTLE_FULL) Squad/Controls/Qwerty/THROTTLE_FULL
[LOG 11:04:36.485] Config(LANDING_GEAR) Squad/Controls/Qwerty/LANDING_GEAR
[LOG 11:04:36.485] Config(HEADLIGHT_TOGGLE) Squad/Controls/Qwerty/HEADLIGHT_TOGGLE
[LOG 11:04:36.485] Config(BRAKES) Squad/Controls/Qwerty/BRAKES
[LOG 11:04:36.485] Config(TOGGLE_SPACENAV_FLIGHT_CONTROL) Squad/Controls/Qwerty/TOGGLE_SPACENAV_FLIGHT_CONTROL
[LOG 11:04:36.485] Config(TOGGLE_SPACENAV_ROLL_LOCK) Squad/Controls/Qwerty/TOGGLE_SPACENAV_ROLL_LOCK
[LOG 11:04:36.485] Config(WHEEL_STEER_LEFT) Squad/Controls/Qwerty/WHEEL_STEER_LEFT
[LOG 11:04:36.485] Config(WHEEL_STEER_RIGHT) Squad/Controls/Qwerty/WHEEL_STEER_RIGHT
[LOG 11:04:36.485] Config(WHEEL_THROTTLE_DOWN) Squad/Controls/Qwerty/WHEEL_THROTTLE_DOWN
[LOG 11:04:36.485] Config(WHEEL_THROTTLE_UP) Squad/Controls/Qwerty/WHEEL_THROTTLE_UP
[LOG 11:04:36.485] Config(EVA_forward) Squad/Controls/Qwerty/EVA_forward
[LOG 11:04:36.485] Config(EVA_back) Squad/Controls/Qwerty/EVA_back
[LOG 11:04:36.485] Config(EVA_left) Squad/Controls/Qwerty/EVA_left
[LOG 11:04:36.485] Config(EVA_right) Squad/Controls/Qwerty/EVA_right
[LOG 11:04:36.485] Config(EVA_yaw_left) Squad/Controls/Qwerty/EVA_yaw_left
[LOG 11:04:36.485] Config(EVA_yaw_right) Squad/Controls/Qwerty/EVA_yaw_right
[LOG 11:04:36.485] Config(EVA_Pack_forward) Squad/Controls/Qwerty/EVA_Pack_forward
[LOG 11:04:36.485] Config(EVA_Pack_back) Squad/Controls/Qwerty/EVA_Pack_back
[LOG 11:04:36.485] Config(EVA_Pack_left) Squad/Controls/Qwerty/EVA_Pack_left
[LOG 11:04:36.485] Config(EVA_Pack_right) Squad/Controls/Qwerty/EVA_Pack_right
[LOG 11:04:36.485] Config(EVA_Pack_up) Squad/Controls/Qwerty/EVA_Pack_up
[LOG 11:04:36.485] Config(EVA_Pack_down) Squad/Controls/Qwerty/EVA_Pack_down
[LOG 11:04:36.485] Config(EVA_Jump) Squad/Controls/Qwerty/EVA_Jump
[LOG 11:04:36.485] Config(EVA_Run) Squad/Controls/Qwerty/EVA_Run
[LOG 11:04:36.485] Config(EVA_ToggleMovementMode) Squad/Controls/Qwerty/EVA_ToggleMovementMode
[LOG 11:04:36.485] Config(EVA_TogglePack) Squad/Controls/Qwerty/EVA_TogglePack
[LOG 11:04:36.485] Config(EVA_Use) Squad/Controls/Qwerty/EVA_Use
[LOG 11:04:36.485] Config(EVA_Board) Squad/Controls/Qwerty/EVA_Board
[LOG 11:04:36.486] Config(EVA_Orient) Squad/Controls/Qwerty/EVA_Orient
[LOG 11:04:36.486] Config(EVA_Lights) Squad/Controls/Qwerty/EVA_Lights
[LOG 11:04:36.486] Config(EVA_ChuteDeploy) Squad/Controls/Qwerty/EVA_ChuteDeploy
[LOG 11:04:36.486] Config(Editor_pitchUp) Squad/Controls/Qwerty/Editor_pitchUp
[LOG 11:04:36.486] Config(Editor_pitchDown) Squad/Controls/Qwerty/Editor_pitchDown
[LOG 11:04:36.486] Config(Editor_yawLeft) Squad/Controls/Qwerty/Editor_yawLeft
[LOG 11:04:36.486] Config(Editor_yawRight) Squad/Controls/Qwerty/Editor_yawRight
[LOG 11:04:36.486] Config(Editor_rollLeft) Squad/Controls/Qwerty/Editor_rollLeft
[LOG 11:04:36.486] Config(Editor_rollRight) Squad/Controls/Qwerty/Editor_rollRight
[LOG 11:04:36.486] Config(Editor_resetRotation) Squad/Controls/Qwerty/Editor_resetRotation
[LOG 11:04:36.486] Config(Editor_modePlace) Squad/Controls/Qwerty/Editor_modePlace
[LOG 11:04:36.486] Config(Editor_modeOffset) Squad/Controls/Qwerty/Editor_modeOffset
[LOG 11:04:36.486] Config(Editor_modeRotate) Squad/Controls/Qwerty/Editor_modeRotate
[LOG 11:04:36.486] Config(Editor_modeRoot) Squad/Controls/Qwerty/Editor_modeRoot
[LOG 11:04:36.486] Config(Editor_coordSystem) Squad/Controls/Qwerty/Editor_coordSystem
[LOG 11:04:36.486] Config(Editor_toggleSymMethod) Squad/Controls/Qwerty/Editor_toggleSymMethod
[LOG 11:04:36.486] Config(Editor_toggleSymMode) Squad/Controls/Qwerty/Editor_toggleSymMode
[LOG 11:04:36.486] Config(Editor_toggleAngleSnap) Squad/Controls/Qwerty/Editor_toggleAngleSnap
[LOG 11:04:36.486] Config(Editor_fineTweak) Squad/Controls/Qwerty/Editor_fineTweak
[LOG 11:04:36.486] Config(Editor_partSearch) Squad/Controls/Qwerty/Editor_partSearch
[LOG 11:04:36.486] Config(Editor_zoomScrollModifier) Squad/Controls/Qwerty/Editor_zoomScrollModifier
[LOG 11:04:36.486] Config(MODIFIER_KEY) Squad/Controls/Qwerty/MODIFIER_KEY
[LOG 11:04:36.486] Config(AbortActionGroup) Squad/Controls/Qwerty/AbortActionGroup
[LOG 11:04:36.486] Config(CustomActionGroup1) Squad/Controls/Qwerty/CustomActionGroup1
[LOG 11:04:36.486] Config(CustomActionGroup2) Squad/Controls/Qwerty/CustomActionGroup2
[LOG 11:04:36.486] Config(CustomActionGroup3) Squad/Controls/Qwerty/CustomActionGroup3
[LOG 11:04:36.486] Config(CustomActionGroup4) Squad/Controls/Qwerty/CustomActionGroup4
[LOG 11:04:36.486] Config(CustomActionGroup5) Squad/Controls/Qwerty/CustomActionGroup5
[LOG 11:04:36.486] Config(CustomActionGroup6) Squad/Controls/Qwerty/CustomActionGroup6
[LOG 11:04:36.486] Config(CustomActionGroup7) Squad/Controls/Qwerty/CustomActionGroup7
[LOG 11:04:36.486] Config(CustomActionGroup8) Squad/Controls/Qwerty/CustomActionGroup8
[LOG 11:04:36.486] Config(CustomActionGroup9) Squad/Controls/Qwerty/CustomActionGroup9
[LOG 11:04:36.486] Config(CustomActionGroup10) Squad/Controls/Qwerty/CustomActionGroup10
[LOG 11:04:36.486] Config(KEY_MAP) Squad/Controls/Qwerty/KEY_MAP
[LOG 11:04:36.486] Config(KEYBOARD_LAYOUT) Squad/Controls/Qwerty_en-GB/#autoLOC_6001228
[LOG 11:04:36.486] Config(KEY_MAP) Squad/Controls/Qwerty_en-GB/KEY_MAP
[LOG 11:04:36.486] Config(KEYBOARD_LAYOUT) Squad/Controls/Qwerty_es-LA/#autoLOC_6001229
[LOG 11:04:36.486] Config(CAMERA_MOUSE_TOGGLE) Squad/Controls/Qwerty_es-LA/CAMERA_MOUSE_TOGGLE
[LOG 11:04:36.486] Config(TIME_WARP_STOP) Squad/Controls/Qwerty_es-LA/TIME_WARP_STOP
[LOG 11:04:36.486] Config(FOCUS_NEXT_VESSEL) Squad/Controls/Qwerty_es-LA/FOCUS_NEXT_VESSEL
[LOG 11:04:36.486] Config(FOCUS_PREV_VESSEL) Squad/Controls/Qwerty_es-LA/FOCUS_PREV_VESSEL
[LOG 11:04:36.486] Config(CAMERA_RESET) Squad/Controls/Qwerty_es-LA/CAMERA_RESET
[LOG 11:04:36.486] Config(Editor_partSearch) Squad/Controls/Qwerty_es-LA/Editor_partSearch
[LOG 11:04:36.486] Config(KEY_MAP) Squad/Controls/Qwerty_es-LA/KEY_MAP
[LOG 11:04:36.486] Config(KEYBOARD_LAYOUT) Squad/Controls/Qwerty_it-IT/#autoLOC_6001230
[LOG 11:04:36.486] Config(FOCUS_NEXT_VESSEL) Squad/Controls/Qwerty_it-IT/FOCUS_NEXT_VESSEL
[LOG 11:04:36.486] Config(FOCUS_PREV_VESSEL) Squad/Controls/Qwerty_it-IT/FOCUS_PREV_VESSEL
[LOG 11:04:36.487] Config(CAMERA_MOUSE_TOGGLE) Squad/Controls/Qwerty_it-IT/CAMERA_MOUSE_TOGGLE
[LOG 11:04:36.487] Config(TIME_WARP_STOP) Squad/Controls/Qwerty_it-IT/TIME_WARP_STOP
[LOG 11:04:36.487] Config(CAMERA_RESET) Squad/Controls/Qwerty_it-IT/CAMERA_RESET
[LOG 11:04:36.487] Config(Editor_partSearch) Squad/Controls/Qwerty_it-IT/Editor_partSearch
[LOG 11:04:36.487] Config(KEY_MAP) Squad/Controls/Qwerty_it-IT/KEY_MAP
[LOG 11:04:36.487] Config(KEYBOARD_LAYOUT) Squad/Controls/Qwerty_ja-JP/#autoLOC_6001231
[LOG 11:04:36.487] Config(FOCUS_NEXT_VESSEL) Squad/Controls/Qwerty_ja-JP/FOCUS_NEXT_VESSEL
[LOG 11:04:36.487] Config(FOCUS_PREV_VESSEL) Squad/Controls/Qwerty_ja-JP/FOCUS_PREV_VESSEL
[LOG 11:04:36.487] Config(PRECISION_CTRL) Squad/Controls/Qwerty_ja-JP/PRECISION_CTRL
[LOG 11:04:36.487] Config(CAMERA_MOUSE_TOGGLE) Squad/Controls/Qwerty_ja-JP/CAMERA_MOUSE_TOGGLE
[LOG 11:04:36.487] Config(Editor_partSearch) Squad/Controls/Qwerty_ja-JP/Editor_partSearch
[LOG 11:04:36.487] Config(CAMERA_RESET) Squad/Controls/Qwerty_ja-JP/CAMERA_RESET
[LOG 11:04:36.487] Config(KEY_MAP) Squad/Controls/Qwerty_ja-JP/KEY_MAP
[LOG 11:04:36.487] Config(KEYBOARD_LAYOUT) Squad/Controls/Qwerty_pt-PT/#autoLOC_6001230
[LOG 11:04:36.487] Config(FOCUS_NEXT_VESSEL) Squad/Controls/Qwerty_pt-PT/FOCUS_NEXT_VESSEL
[LOG 11:04:36.487] Config(FOCUS_PREV_VESSEL) Squad/Controls/Qwerty_pt-PT/FOCUS_PREV_VESSEL
[LOG 11:04:36.487] Config(CAMERA_MOUSE_TOGGLE) Squad/Controls/Qwerty_pt-PT/CAMERA_MOUSE_TOGGLE
[LOG 11:04:36.487] Config(TIME_WARP_STOP) Squad/Controls/Qwerty_pt-PT/TIME_WARP_STOP
[LOG 11:04:36.487] Config(CAMERA_RESET) Squad/Controls/Qwerty_pt-PT/CAMERA_RESET
[LOG 11:04:36.487] Config(Editor_partSearch) Squad/Controls/Qwerty_pt-PT/Editor_partSearch
[LOG 11:04:36.487] Config(KEY_MAP) Squad/Controls/Qwerty_pt-PT/KEY_MAP
[LOG 11:04:36.487] Config(KEYBOARD_LAYOUT) Squad/Controls/Qwertz/#autoLOC_6001232
[LOG 11:04:36.487] Config(PITCH_DOWN) Squad/Controls/Qwertz/PITCH_DOWN
[LOG 11:04:36.487] Config(PITCH_UP) Squad/Controls/Qwertz/PITCH_UP
[LOG 11:04:36.487] Config(YAW_LEFT) Squad/Controls/Qwertz/YAW_LEFT
[LOG 11:04:36.487] Config(YAW_RIGHT) Squad/Controls/Qwertz/YAW_RIGHT
[LOG 11:04:36.487] Config(ROLL_LEFT) Squad/Controls/Qwertz/ROLL_LEFT
[LOG 11:04:36.487] Config(ROLL_RIGHT) Squad/Controls/Qwertz/ROLL_RIGHT
[LOG 11:04:36.487] Config(THROTTLE_UP) Squad/Controls/Qwertz/THROTTLE_UP
[LOG 11:04:36.487] Config(THROTTLE_DOWN) Squad/Controls/Qwertz/THROTTLE_DOWN
[LOG 11:04:36.487] Config(SAS_HOLD) Squad/Controls/Qwertz/SAS_HOLD
[LOG 11:04:36.487] Config(SAS_TOGGLE) Squad/Controls/Qwertz/SAS_TOGGLE
[LOG 11:04:36.487] Config(LAUNCH_STAGES) Squad/Controls/Qwertz/LAUNCH_STAGES
[LOG 11:04:36.487] Config(Docking_toggleRotLin) Squad/Controls/Qwertz/Docking_toggleRotLin
[LOG 11:04:36.487] Config(CAMERA_MODE) Squad/Controls/Qwertz/CAMERA_MODE
[LOG 11:04:36.487] Config(CAMERA_NEXT) Squad/Controls/Qwertz/CAMERA_NEXT
[LOG 11:04:36.487] Config(PAUSE) Squad/Controls/Qwertz/PAUSE
[LOG 11:04:36.487] Config(PRECISION_CTRL) Squad/Controls/Qwertz/PRECISION_CTRL
[LOG 11:04:36.487] Config(ZOOM_IN) Squad/Controls/Qwertz/ZOOM_IN
[LOG 11:04:36.487] Config(ZOOM_OUT) Squad/Controls/Qwertz/ZOOM_OUT
[LOG 11:04:36.488] Config(SCROLL_VIEW_UP) Squad/Controls/Qwertz/SCROLL_VIEW_UP
[LOG 11:04:36.488] Config(SCROLL_VIEW_DOWN) Squad/Controls/Qwertz/SCROLL_VIEW_DOWN
[LOG 11:04:36.488] Config(SCROLL_ICONS_UP) Squad/Controls/Qwertz/SCROLL_ICONS_UP
[LOG 11:04:36.488] Config(SCROLL_ICONS_DOWN) Squad/Controls/Qwertz/SCROLL_ICONS_DOWN
[LOG 11:04:36.488] Config(CAMERA_ORBIT_UP) Squad/Controls/Qwertz/CAMERA_ORBIT_UP
[LOG 11:04:36.488] Config(CAMERA_ORBIT_DOWN) Squad/Controls/Qwertz/CAMERA_ORBIT_DOWN
[LOG 11:04:36.488] Config(CAMERA_ORBIT_LEFT) Squad/Controls/Qwertz/CAMERA_ORBIT_LEFT
[LOG 11:04:36.488] Config(CAMERA_ORBIT_RIGHT) Squad/Controls/Qwertz/CAMERA_ORBIT_RIGHT
[LOG 11:04:36.488] Config(CAMERA_RESET) Squad/Controls/Qwertz/CAMERA_RESET
[LOG 11:04:36.488] Config(CAMERA_MOUSE_TOGGLE) Squad/Controls/Qwertz/CAMERA_MOUSE_TOGGLE
[LOG 11:04:36.488] Config(TIME_WARP_INCREASE) Squad/Controls/Qwertz/TIME_WARP_INCREASE
[LOG 11:04:36.488] Config(TIME_WARP_DECREASE) Squad/Controls/Qwertz/TIME_WARP_DECREASE
[LOG 11:04:36.488] Config(TIME_WARP_STOP) Squad/Controls/Qwertz/TIME_WARP_STOP
[LOG 11:04:36.488] Config(MAP_VIEW_TOGGLE) Squad/Controls/Qwertz/MAP_VIEW_TOGGLE
[LOG 11:04:36.488] Config(NAVBALL_TOGGLE) Squad/Controls/Qwertz/NAVBALL_TOGGLE
[LOG 11:04:36.488] Config(UIMODE_STAGING) Squad/Controls/Qwertz/UIMODE_STAGING
[LOG 11:04:36.488] Config(UIMODE_DOCKING) Squad/Controls/Qwertz/UIMODE_DOCKING
[LOG 11:04:36.488] Config(TRANSLATE_DOWN) Squad/Controls/Qwertz/TRANSLATE_DOWN
[LOG 11:04:36.488] Config(TRANSLATE_UP) Squad/Controls/Qwertz/TRANSLATE_UP
[LOG 11:04:36.488] Config(TRANSLATE_LEFT) Squad/Controls/Qwertz/TRANSLATE_LEFT
[LOG 11:04:36.488] Config(TRANSLATE_RIGHT) Squad/Controls/Qwertz/TRANSLATE_RIGHT
[LOG 11:04:36.488] Config(TRANSLATE_FWD) Squad/Controls/Qwertz/TRANSLATE_FWD
[LOG 11:04:36.488] Config(TRANSLATE_BACK) Squad/Controls/Qwertz/TRANSLATE_BACK
[LOG 11:04:36.488] Config(RCS_TOGGLE) Squad/Controls/Qwertz/RCS_TOGGLE
[LOG 11:04:36.488] Config(FOCUS_NEXT_VESSEL) Squad/Controls/Qwertz/FOCUS_NEXT_VESSEL
[LOG 11:04:36.488] Config(FOCUS_PREV_VESSEL) Squad/Controls/Qwertz/FOCUS_PREV_VESSEL
[LOG 11:04:36.488] Config(TOGGLE_UI) Squad/Controls/Qwertz/TOGGLE_UI
[LOG 11:04:36.488] Config(TOGGLE_STATUS_SCREEN) Squad/Controls/Qwertz/TOGGLE_STATUS_SCREEN
[LOG 11:04:36.488] Config(TAKE_SCREENSHOT) Squad/Controls/Qwertz/TAKE_SCREENSHOT
[LOG 11:04:36.488] Config(TOGGLE_LABELS) Squad/Controls/Qwertz/TOGGLE_LABELS
[LOG 11:04:36.488] Config(TOGGLE_TEMP_GAUGES) Squad/Controls/Qwertz/TOGGLE_TEMP_GAUGES
[LOG 11:04:36.488] Config(TOGGLE_TEMP_OVERLAY) Squad/Controls/Qwertz/TOGGLE_TEMP_OVERLAY
[LOG 11:04:36.488] Config(TOGGLE_FLIGHT_FORCES) Squad/Controls/Qwertz/TOGGLE_FLIGHT_FORCES
[LOG 11:04:36.488] Config(QUICKSAVE) Squad/Controls/Qwertz/QUICKSAVE
[LOG 11:04:36.488] Config(QUICKLOAD) Squad/Controls/Qwertz/QUICKLOAD
[LOG 11:04:36.488] Config(THROTTLE_CUTOFF) Squad/Controls/Qwertz/THROTTLE_CUTOFF
[LOG 11:04:36.488] Config(THROTTLE_FULL) Squad/Controls/Qwertz/THROTTLE_FULL
[LOG 11:04:36.488] Config(LANDING_GEAR) Squad/Controls/Qwertz/LANDING_GEAR
[LOG 11:04:36.488] Config(HEADLIGHT_TOGGLE) Squad/Controls/Qwertz/HEADLIGHT_TOGGLE
[LOG 11:04:36.488] Config(BRAKES) Squad/Controls/Qwertz/BRAKES
[LOG 11:04:36.489] Config(TOGGLE_SPACENAV_FLIGHT_CONTROL) Squad/Controls/Qwertz/TOGGLE_SPACENAV_FLIGHT_CONTROL
[LOG 11:04:36.489] Config(TOGGLE_SPACENAV_ROLL_LOCK) Squad/Controls/Qwertz/TOGGLE_SPACENAV_ROLL_LOCK
[LOG 11:04:36.489] Config(WHEEL_STEER_LEFT) Squad/Controls/Qwertz/WHEEL_STEER_LEFT
[LOG 11:04:36.489] Config(WHEEL_STEER_RIGHT) Squad/Controls/Qwertz/WHEEL_STEER_RIGHT
[LOG 11:04:36.489] Config(WHEEL_THROTTLE_DOWN) Squad/Controls/Qwertz/WHEEL_THROTTLE_DOWN
[LOG 11:04:36.489] Config(WHEEL_THROTTLE_UP) Squad/Controls/Qwertz/WHEEL_THROTTLE_UP
[LOG 11:04:36.489] Config(EVA_forward) Squad/Controls/Qwertz/EVA_forward
[LOG 11:04:36.489] Config(EVA_back) Squad/Controls/Qwertz/EVA_back
[LOG 11:04:36.489] Config(EVA_left) Squad/Controls/Qwertz/EVA_left
[LOG 11:04:36.489] Config(EVA_right) Squad/Controls/Qwertz/EVA_right
[LOG 11:04:36.489] Config(EVA_yaw_left) Squad/Controls/Qwertz/EVA_yaw_left
[LOG 11:04:36.489] Config(EVA_yaw_right) Squad/Controls/Qwertz/EVA_yaw_right
[LOG 11:04:36.489] Config(EVA_Pack_forward) Squad/Controls/Qwertz/EVA_Pack_forward
[LOG 11:04:36.489] Config(EVA_Pack_back) Squad/Controls/Qwertz/EVA_Pack_back
[LOG 11:04:36.489] Config(EVA_Pack_left) Squad/Controls/Qwertz/EVA_Pack_left
[LOG 11:04:36.489] Config(EVA_Pack_right) Squad/Controls/Qwertz/EVA_Pack_right
[LOG 11:04:36.489] Config(EVA_Pack_up) Squad/Controls/Qwertz/EVA_Pack_up
[LOG 11:04:36.489] Config(EVA_Pack_down) Squad/Controls/Qwertz/EVA_Pack_down
[LOG 11:04:36.489] Config(EVA_Jump) Squad/Controls/Qwertz/EVA_Jump
[LOG 11:04:36.489] Config(EVA_Run) Squad/Controls/Qwertz/EVA_Run
[LOG 11:04:36.489] Config(EVA_ToggleMovementMode) Squad/Controls/Qwertz/EVA_ToggleMovementMode
[LOG 11:04:36.489] Config(EVA_TogglePack) Squad/Controls/Qwertz/EVA_TogglePack
[LOG 11:04:36.489] Config(EVA_Use) Squad/Controls/Qwertz/EVA_Use
[LOG 11:04:36.489] Config(EVA_Board) Squad/Controls/Qwertz/EVA_Board
[LOG 11:04:36.489] Config(EVA_Orient) Squad/Controls/Qwertz/EVA_Orient
[LOG 11:04:36.489] Config(EVA_Lights) Squad/Controls/Qwertz/EVA_Lights
[LOG 11:04:36.489] Config(Editor_pitchUp) Squad/Controls/Qwertz/Editor_pitchUp
[LOG 11:04:36.489] Config(Editor_pitchDown) Squad/Controls/Qwertz/Editor_pitchDown
[LOG 11:04:36.489] Config(Editor_yawLeft) Squad/Controls/Qwertz/Editor_yawLeft
[LOG 11:04:36.489] Config(Editor_yawRight) Squad/Controls/Qwertz/Editor_yawRight
[LOG 11:04:36.489] Config(Editor_rollLeft) Squad/Controls/Qwertz/Editor_rollLeft
[LOG 11:04:36.489] Config(Editor_rollRight) Squad/Controls/Qwertz/Editor_rollRight
[LOG 11:04:36.489] Config(Editor_resetRotation) Squad/Controls/Qwertz/Editor_resetRotation
[LOG 11:04:36.489] Config(Editor_modePlace) Squad/Controls/Qwertz/Editor_modePlace
[LOG 11:04:36.489] Config(Editor_modeOffset) Squad/Controls/Qwertz/Editor_modeOffset
[LOG 11:04:36.489] Config(Editor_modeRotate) Squad/Controls/Qwertz/Editor_modeRotate
[LOG 11:04:36.489] Config(Editor_modeRoot) Squad/Controls/Qwertz/Editor_modeRoot
[LOG 11:04:36.489] Config(Editor_coordSystem) Squad/Controls/Qwertz/Editor_coordSystem
[LOG 11:04:36.489] Config(Editor_toggleSymMethod) Squad/Controls/Qwertz/Editor_toggleSymMethod
[LOG 11:04:36.489] Config(Editor_toggleSymMode) Squad/Controls/Qwertz/Editor_toggleSymMode
[LOG 11:04:36.489] Config(Editor_toggleAngleSnap) Squad/Controls/Qwertz/Editor_toggleAngleSnap
[LOG 11:04:36.489] Config(Editor_fineTweak) Squad/Controls/Qwertz/Editor_fineTweak
[LOG 11:04:36.489] Config(Editor_partSearch) Squad/Controls/Qwertz/Editor_partSearch
[LOG 11:04:36.489] Config(Editor_zoomScrollModifier) Squad/Controls/Qwertz/Editor_zoomScrollModifier
[LOG 11:04:36.489] Config(MODIFIER_KEY) Squad/Controls/Qwertz/MODIFIER_KEY
[LOG 11:04:36.489] Config(AbortActionGroup) Squad/Controls/Qwertz/AbortActionGroup
[LOG 11:04:36.489] Config(CustomActionGroup1) Squad/Controls/Qwertz/CustomActionGroup1
[LOG 11:04:36.489] Config(CustomActionGroup2) Squad/Controls/Qwertz/CustomActionGroup2
[LOG 11:04:36.489] Config(CustomActionGroup3) Squad/Controls/Qwertz/CustomActionGroup3
[LOG 11:04:36.489] Config(CustomActionGroup4) Squad/Controls/Qwertz/CustomActionGroup4
[LOG 11:04:36.489] Config(CustomActionGroup5) Squad/Controls/Qwertz/CustomActionGroup5
[LOG 11:04:36.489] Config(CustomActionGroup6) Squad/Controls/Qwertz/CustomActionGroup6
[LOG 11:04:36.489] Config(CustomActionGroup7) Squad/Controls/Qwertz/CustomActionGroup7
[LOG 11:04:36.489] Config(CustomActionGroup8) Squad/Controls/Qwertz/CustomActionGroup8
[LOG 11:04:36.489] Config(CustomActionGroup9) Squad/Controls/Qwertz/CustomActionGroup9
[LOG 11:04:36.489] Config(CustomActionGroup10) Squad/Controls/Qwertz/CustomActionGroup10
[LOG 11:04:36.489] Config(KEY_MAP) Squad/Controls/Qwertz/KEY_MAP
[LOG 11:04:36.489] Config(EXPERIENCE_TRAIT) Squad/Experience/Traits/Pilot
[LOG 11:04:36.489] Config(EXPERIENCE_TRAIT) Squad/Experience/Traits/Engineer
[LOG 11:04:36.489] Config(EXPERIENCE_TRAIT) Squad/Experience/Traits/Scientist
[LOG 11:04:36.489] Config(EXPERIENCE_TRAIT) Squad/Experience/Traits/Tourist
[LOG 11:04:36.489] Config(Localization) Squad/Localization/dictionary/Localization
[LOG 11:04:36.489] Config(MISSIONPACK) Squad/Missions/MissionPacks/squad_ESA
[LOG 11:04:36.489] Config(VARIANTTHEME) Squad/Parts/VariantThemes/White
[LOG 11:04:36.491] Config(VARIANTTHEME) Squad/Parts/VariantThemes/BlackAndWhite
[LOG 11:04:36.491] Config(VARIANTTHEME) Squad/Parts/VariantThemes/GrayAndOrange
[LOG 11:04:36.491] Config(VARIANTTHEME) Squad/Parts/VariantThemes/Dark
[LOG 11:04:36.491] Config(VARIANTTHEME) Squad/Parts/VariantThemes/Gray
[LOG 11:04:36.491] Config(VARIANTTHEME) Squad/Parts/VariantThemes/Orange
[LOG 11:04:36.491] Config(VARIANTTHEME) Squad/Parts/VariantThemes/Gold
[LOG 11:04:36.491] Config(VARIANTTHEME) Squad/Parts/VariantThemes/Bare
[LOG 11:04:36.491] Config(VARIANTTHEME) Squad/Parts/VariantThemes/Shroud
[LOG 11:04:36.491] Config(VARIANTTHEME) Squad/Parts/VariantThemes/GrayAndWhite
[LOG 11:04:36.491] Config(VARIANTTHEME) Squad/Parts/VariantThemes/YellowAndWhite
[LOG 11:04:36.491] Config(VARIANTTHEME) Squad/Parts/VariantThemes/Silver
[LOG 11:04:36.491] Config(VARIANTTHEME) Squad/Parts/VariantThemes/Gray with Stripes
[LOG 11:04:36.491] Config(PART) Squad/Parts/Aero/aerodynamicNoseCone/aerodynamicNoseCone/noseCone
[LOG 11:04:36.491] Config(PART) Squad/Parts/Aero/airbrake/Airbrake/airbrake1
[LOG 11:04:36.491] Config(PART) Squad/Parts/Aero/airIntakeRadialXM-G50/airIntakeRadialXM-G50/airScoop
[LOG 11:04:36.491] Config(PART) Squad/Parts/Aero/airlinerWings/ControlSurface/airlinerCtrlSrf
[LOG 11:04:36.491] Config(PART) Squad/Parts/Aero/airlinerWings/MainWing/airlinerMainWing
[LOG 11:04:36.491] Config(PART) Squad/Parts/Aero/airlinerWings/TailFin/airlinerTailFin
[LOG 11:04:36.491] Config(PART) Squad/Parts/Aero/airplaneFins/advancedCanard/AdvancedCanard
[LOG 11:04:36.491] Config(PART) Squad/Parts/Aero/airplaneFins/standardCanard/CanardController
[LOG 11:04:36.491] Config(PART) Squad/Parts/Aero/airplaneFins/sweptWing/sweptWing
[LOG 11:04:36.491] Config(PART) Squad/Parts/Aero/airplaneFins/tailfin/tailfin
[LOG 11:04:36.491] Config(PART) Squad/Parts/Aero/basicFin/basicFin/basicFin
[LOG 11:04:36.491] Config(PART) Squad/Parts/Aero/circularIntake/circularIntake/CircularIntake
[LOG 11:04:36.491] Config(PART) Squad/Parts/Aero/circularIntake/intakeShockCone/shockConeIntake
[LOG 11:04:36.491] Config(PART) Squad/Parts/Aero/cones/avionicsNoseCone/avionicsNoseCone
[LOG 11:04:36.491] Config(PART) Squad/Parts/Aero/cones/ConeA/pointyNoseConeA
[LOG 11:04:36.491] Config(PART) Squad/Parts/Aero/cones/ConeB/pointyNoseConeB
[LOG 11:04:36.491] Config(PART) Squad/Parts/Aero/cones/noseConeAdapter/noseConeAdapter
[LOG 11:04:36.491] Config(PART) Squad/Parts/Aero/cones/protectiveRocketNoseMk7_v2/rocketNoseCone_v2
[LOG 11:04:36.491] Config(PART) Squad/Parts/Aero/cones/protectiveRocketNoseMk7_v3/rocketNoseCone_v3
[LOG 11:04:36.491] Config(PART) Squad/Parts/Aero/cones/rocketNoseCone_size3/rocketNoseConeSize3
[LOG 11:04:36.491] Config(PART) Squad/Parts/Aero/cones/smallNoseCone/standardNoseCone
[LOG 11:04:36.491] Config(PART) Squad/Parts/Aero/cones/tailConnectorA/airplaneTail
[LOG 11:04:36.491] Config(PART) Squad/Parts/Aero/cones/tailConnectorB/airplaneTailB
[LOG 11:04:36.491] Config(PART) Squad/Parts/Aero/fairings/fairingSize1/fairingSize1
[LOG 11:04:36.491] Config(PART) Squad/Parts/Aero/fairings/fairingSize2/fairingSize2
[LOG 11:04:36.491] Config(PART) Squad/Parts/Aero/fairings/fairingSize3/fairingSize3
[LOG 11:04:36.491] Config(PART) Squad/Parts/Aero/HeatShield/HeatShield0/HeatShield0
[LOG 11:04:36.491] Config(PART) Squad/Parts/Aero/HeatShield/HeatShield1/HeatShield1
[LOG 11:04:36.491] Config(PART) Squad/Parts/Aero/HeatShield/HeatShield2/HeatShield2
[LOG 11:04:36.491] Config(PART) Squad/Parts/Aero/HeatShield/HeatShield3/HeatShield3
[LOG 11:04:36.492] Config(PART) Squad/Parts/Aero/InflatableHeatShield/HeatShield/InflatableHeatShield
[LOG 11:04:36.492] Config(PART) Squad/Parts/Aero/intakeRadialLong/intakeRadialLong/IntakeRadialLong
[LOG 11:04:36.492] Config(PART) Squad/Parts/Aero/miniIntake/SmallIntake/miniIntake
[LOG 11:04:36.492] Config(PART) Squad/Parts/Aero/ramAirIntake/ramAirIntake/ramAirIntake
[LOG 11:04:36.492] Config(PART) Squad/Parts/Aero/shuttleWings/delta/wingShuttleDelta
[LOG 11:04:36.492] Config(PART) Squad/Parts/Aero/shuttleWings/elevon1/wingShuttleElevon1
[LOG 11:04:36.492] Config(PART) Squad/Parts/Aero/shuttleWings/elevon2/wingShuttleElevon2
[LOG 11:04:36.492] Config(PART) Squad/Parts/Aero/shuttleWings/rudder/wingShuttleRudder
[LOG 11:04:36.492] Config(PART) Squad/Parts/Aero/shuttleWings/strake/wingShuttleStrake
[LOG 11:04:36.492] Config(PART) Squad/Parts/Aero/wingletAV-R8/wingletAV-R8/R8winglet
[LOG 11:04:36.492] Config(PART) Squad/Parts/Aero/wingletAV-T1/wingletAV-T1/winglet
[LOG 11:04:36.492] Config(PART) Squad/Parts/Aero/wingletDeltaDeluxe/wingletDeltaDeluxe/winglet3
[LOG 11:04:36.492] Config(PART) Squad/Parts/Aero/wings/connector1/wingConnector
[LOG 11:04:36.492] Config(PART) Squad/Parts/Aero/wings/connector2/wingConnector2
[LOG 11:04:36.492] Config(PART) Squad/Parts/Aero/wings/connector3/wingConnector3
[LOG 11:04:36.492] Config(PART) Squad/Parts/Aero/wings/connector4/wingConnector4
[LOG 11:04:36.492] Config(PART) Squad/Parts/Aero/wings/connector5/wingConnector5
[LOG 11:04:36.492] Config(PART) Squad/Parts/Aero/wings/delta/deltaWing
[LOG 11:04:36.492] Config(PART) Squad/Parts/Aero/wings/delta_small/delta_small
[LOG 11:04:36.492] Config(PART) Squad/Parts/Aero/wings/elevon1/StandardCtrlSrf
[LOG 11:04:36.492] Config(PART) Squad/Parts/Aero/wings/elevon2/elevon2
[LOG 11:04:36.492] Config(PART) Squad/Parts/Aero/wings/elevon3/elevon3
[LOG 11:04:36.492] Config(PART) Squad/Parts/Aero/wings/elevon4/smallCtrlSrf
[LOG 11:04:36.492] Config(PART) Squad/Parts/Aero/wings/elevon5/elevon5
[LOG 11:04:36.492] Config(PART) Squad/Parts/Aero/wings/strake/wingStrake
[LOG 11:04:36.492] Config(PART) Squad/Parts/Aero/wings/structural1/structuralWing
[LOG 11:04:36.492] Config(PART) Squad/Parts/Aero/wings/structural2/structuralWing2
[LOG 11:04:36.492] Config(PART) Squad/Parts/Aero/wings/structural3/structuralWing3
[LOG 11:04:36.492] Config(PART) Squad/Parts/Aero/wings/structural4/structuralWing4
[LOG 11:04:36.492] Config(PART) Squad/Parts/Aero/wings/swept1/sweptWing1
[LOG 11:04:36.492] Config(PART) Squad/Parts/Aero/wings/swept2/sweptWing2
[LOG 11:04:36.492] Config(PART) Squad/Parts/Cargo/CargoContainers/cargoContainer/cargoContainer
[LOG 11:04:36.492] Config(PART) Squad/Parts/Cargo/CargoContainers/smallCargoContainer/smallCargoContainer
[LOG 11:04:36.492] Config(PART) Squad/Parts/Cargo/Cylinder/Cylinder/evaCylinder
[LOG 11:04:36.492] Config(PART) Squad/Parts/Cargo/GroundAnchor/groundAnchor/groundAnchor
[LOG 11:04:36.492] Config(PART) Squad/Parts/Cargo/Jetpack/Jetpack/evaJetpack
[LOG 11:04:36.492] Config(PART) Squad/Parts/Cargo/Parachute/Parachute/evaChute
[LOG 11:04:36.492] Config(PART) Squad/Parts/Cargo/RepairKit/RepairKit/evaRepairKit
[LOG 11:04:36.492] Config(PART) Squad/Parts/Cargo/ScienceKit/evaScienceKit/evaScienceKit
[LOG 11:04:36.492] Config(PART) Squad/Parts/Cargo/StorageUnits/CargoStorageUnit/CargoStorageUnit
[LOG 11:04:36.493] Config(PART) Squad/Parts/Cargo/StorageUnits/ConformalStorageUnit/ConformalStorageUnit
[LOG 11:04:36.493] Config(PART) Squad/Parts/Command/advancedSasModuleLarge/advSasModuleLarge/asasmodule1-2
[LOG 11:04:36.493] Config(PART) Squad/Parts/Command/cupola/cupola/cupola
[LOG 11:04:36.493] Config(PART) Squad/Parts/Command/externalCommandSeat/externalCommandSeat/seatExternalCmd
[LOG 11:04:36.493] Config(PART) Squad/Parts/Command/hitchhikerStorageContainer/hitchikerStorageContainer/crewCabin
[LOG 11:04:36.493] Config(PART) Squad/Parts/Command/inlineAdvancedStabilizer/inlineAdvancedStabilizer/advSasModule
[LOG 11:04:36.493] Config(PART) Squad/Parts/Command/inlineReactionWheel/inlineReactionWheel/sasModule
[LOG 11:04:36.493] Config(PART) Squad/Parts/Command/Mk1-3Pod/mk1-3/mk1-3pod
[LOG 11:04:36.493] Config(PART) Squad/Parts/Command/mk1Cockpits/mk1Cockpit/Mark1Cockpit
[LOG 11:04:36.493] Config(PART) Squad/Parts/Command/mk1Cockpits/mk1CrewCabin/MK1CrewCabin
[LOG 11:04:36.493] Config(PART) Squad/Parts/Command/mk1Cockpits/mk1InlineCockpit/Mark2Cockpit
[LOG 11:04:36.493] Config(PART) Squad/Parts/Command/mk1LanderCan/mk1LanderCan/landerCabinSmall
[LOG 11:04:36.493] Config(PART) Squad/Parts/Command/mk1pod_v2/mk1Pod_v2/mk1pod_v2
[LOG 11:04:36.493] Config(PART) Squad/Parts/Command/mk2CockpitInline/mk2CockpitInline/mk2Cockpit_Inline
[LOG 11:04:36.493] Config(PART) Squad/Parts/Command/mk2CockpitStandard/mk2CockpitStandard/mk2Cockpit_Standard
[LOG 11:04:36.493] Config(PART) Squad/Parts/Command/mk2DroneCore/mk2Dronecore/mk2DroneCore
[LOG 11:04:36.493] Config(PART) Squad/Parts/Command/mk2LanderCan/mk2LanderCan/mk2LanderCabin
[LOG 11:04:36.493] Config(PART) Squad/Parts/Command/mk2LanderCan_v2/mk2LanderCan_v2/mk2LanderCabin_v2
[LOG 11:04:36.493] Config(PART) Squad/Parts/Command/mk3CockpitShuttle/mk3CockpitShuttle/mk3Cockpit_Shuttle
[LOG 11:04:36.493] Config(PART) Squad/Parts/Command/MpoProbe/MpoProbe/MpoProbe
[LOG 11:04:36.493] Config(PART) Squad/Parts/Command/MtmStage/MTM_Stage/MtmStage
[LOG 11:04:36.493] Config(PART) Squad/Parts/Command/probeCoreCube/probeCoreCube/probeCoreCube
[LOG 11:04:36.493] Config(PART) Squad/Parts/Command/probeCoreHex/probeCoreHex/probeCoreHex
[LOG 11:04:36.493] Config(PART) Squad/Parts/Command/probeCoreHex_v2/probeCoreHex_v2/probeCoreHex_v2
[LOG 11:04:36.493] Config(PART) Squad/Parts/Command/probeCoreOcto2_v2/probeCoreOcto2_v2/probeCoreOcto2_v2
[LOG 11:04:36.493] Config(PART) Squad/Parts/Command/probeCoreOcto_v2/probeCoreOcto_v2/probeCoreOcto_v2
[LOG 11:04:36.493] Config(PART) Squad/Parts/Command/probeRoverBody/probeRoverBody/roverBody
[LOG 11:04:36.493] Config(PART) Squad/Parts/Command/probeRoverBody_v2/probeRoverBody_v2/roverBody_v2
[LOG 11:04:36.493] Config(PART) Squad/Parts/Command/probeStackLarge/probeStackLarge/probeStackLarge
[LOG 11:04:36.493] Config(PART) Squad/Parts/Command/probeStackSmall/probeStackSmall/probeStackSmall
[LOG 11:04:36.493] Config(PART) Squad/Parts/Command/probeStackSphere_v2/probeStackSphere_v2/probeCoreSphere_v2
[LOG 11:04:36.493] Config(PART) Squad/Parts/CompoundParts/FuelLine/fuelLine/fuelLine
[LOG 11:04:36.493] Config(PART) Squad/Parts/CompoundParts/strutConnector/strutConnector/strutConnector
[LOG 11:04:36.493] Config(PART) Squad/Parts/Coupling/Decoupler_0/Decoupler_0
[LOG 11:04:36.493] Config(PART) Squad/Parts/Coupling/Decoupler_1/Decoupler_1
[LOG 11:04:36.493] Config(PART) Squad/Parts/Coupling/Decoupler_2/Decoupler_2
[LOG 11:04:36.493] Config(PART) Squad/Parts/Coupling/Decoupler_3/Decoupler_3
[LOG 11:04:36.494] Config(PART) Squad/Parts/Coupling/Separator_0/Separator_0
[LOG 11:04:36.494] Config(PART) Squad/Parts/Coupling/Separator_1/Separator_1
[LOG 11:04:36.494] Config(PART) Squad/Parts/Coupling/Separator_2/Separator_2
[LOG 11:04:36.494] Config(PART) Squad/Parts/Coupling/Separator_3/Separator_3
[LOG 11:04:36.494] Config(PART) Squad/Parts/Electrical/10CSolarPanels/OX-10C/solarPanelOX10C
[LOG 11:04:36.494] Config(PART) Squad/Parts/Electrical/10CSolarPanels/SP-10C/solarPanelSP10C
[LOG 11:04:36.494] Config(PART) Squad/Parts/Electrical/10LSolarPanels/OX-10L/solarPanelOX10L
[LOG 11:04:36.494] Config(PART) Squad/Parts/Electrical/10LSolarPanels/SP-10L/solarPanelSP10L
[LOG 11:04:36.494] Config(PART) Squad/Parts/Electrical/1x6ShroudSolarPanels/1x6ShroudSolarPanels/solarPanels2
[LOG 11:04:36.494] Config(PART) Squad/Parts/Electrical/1x6SolarPanels/1x6SolarPanels/solarPanels4
[LOG 11:04:36.494] Config(PART) Squad/Parts/Electrical/3x2ShroudSolarPanels/3x2ShroudSolarPanels/solarPanels1
[LOG 11:04:36.494] Config(PART) Squad/Parts/Electrical/3x2SolarPanels/3x2SolarPanels/solarPanels3
[LOG 11:04:36.494] Config(PART) Squad/Parts/Electrical/gigantorXlSolarArray/gigantorXlSolarArray/largeSolarPanel
[LOG 11:04:36.494] Config(PART) Squad/Parts/Electrical/radialFlatSolarPanel/radialFlatSolarPanel/solarPanels5
[LOG 11:04:36.494] Config(PART) Squad/Parts/Electrical/RTG/RTG/rtg
[LOG 11:04:36.494] Config(PART) Squad/Parts/Electrical/z-100Battery/z-100Battery/batteryPack
[LOG 11:04:36.494] Config(PART) Squad/Parts/Electrical/z-1kBattery/z-1kBattery/batteryBank
[LOG 11:04:36.494] Config(PART) Squad/Parts/Electrical/z-200Battery/z-200Battery/batteryBankMini
[LOG 11:04:36.494] Config(PART) Squad/Parts/Electrical/z-400Battery/z-400Battery/ksp_r_largeBatteryPack
[LOG 11:04:36.494] Config(PART) Squad/Parts/Electrical/z-4kBattery/z-4kBattery/batteryBankLarge
[LOG 11:04:36.494] Config(PART) Squad/Parts/Engine/ionEngine/ionEngine/ionEngine
[LOG 11:04:36.494] Config(PART) Squad/Parts/Engine/jetEngines/jetEngineAfterburning/turboJet
[LOG 11:04:36.494] Config(PART) Squad/Parts/Engine/jetEngines/jetEngineBasic/JetEngine
[LOG 11:04:36.494] Config(PART) Squad/Parts/Engine/jetEngines/jetEngineBig/turboFanSize2
[LOG 11:04:36.494] Config(PART) Squad/Parts/Engine/jetEngines/jetEngineTurbo/turboFanEngine
[LOG 11:04:36.494] Config(PART) Squad/Parts/Engine/liquidEngine24-77/liquidEngine24-77/smallRadialEngine
[LOG 11:04:36.494] Config(PART) Squad/Parts/Engine/liquidEngine24-77_v2/liquidEngine24-77_v2/smallRadialEngine_v2
[LOG 11:04:36.494] Config(PART) Squad/Parts/Engine/liquidEngine48-7S_v2/liquidEngine48-7S_v2/liquidEngineMini_v2
[LOG 11:04:36.494] Config(PART) Squad/Parts/Engine/liquidEngineAerospike/liquidEngineAerospike/toroidalAerospike
[LOG 11:04:36.494] Config(PART) Squad/Parts/Engine/liquidEngineLV-1_v2/liquidEngineLV-1R _v2/radialEngineMini_v2
[LOG 11:04:36.494] Config(PART) Squad/Parts/Engine/liquidEngineLV-1_v2/liquidEngineLV-1_v2/microEngine_v2
[LOG 11:04:36.494] Config(PART) Squad/Parts/Engine/liquidEngineLV-909_v2/liquidEngineLV-909_v2/liquidEngine3_v2
[LOG 11:04:36.494] Config(PART) Squad/Parts/Engine/liquidEngineLV-N/liquidEngineLV-N/nuclearEngine
[LOG 11:04:36.494] Config(PART) Squad/Parts/Engine/liquidEngineLV-T30/liquidEngineLV-T30/liquidEngine
[LOG 11:04:36.494] Config(PART) Squad/Parts/Engine/liquidEngineLV-T30_v2/liquidEngineLV-T30_v2/liquidEngine_v2
[LOG 11:04:36.494] Config(PART) Squad/Parts/Engine/liquidEngineLV-T45/liquidEngineLV-T45/liquidEngine2
[LOG 11:04:36.495] Config(PART) Squad/Parts/Engine/liquidEngineLV-T45_v2/liquidEngineLV-T45_v2/liquidEngine2_v2
[LOG 11:04:36.495] Config(PART) Squad/Parts/Engine/liquidEngineMainsail_v2/liquidEngineMainsail_v2/liquidEngineMainsail_v2
[LOG 11:04:36.495] Config(PART) Squad/Parts/Engine/liquidEngineMk55/liquidEngineMk55/radialLiquidEngine1-2
[LOG 11:04:36.495] Config(PART) Squad/Parts/Engine/liquidEnginePoodle_v2/liquidEnginePoodle_v2/liquidEngine2-2_v2
[LOG 11:04:36.495] Config(PART) Squad/Parts/Engine/liquidEngineSkipper_v2/skipperLiquidEngine_v2/engineLargeSkipper_v2
[LOG 11:04:36.495] Config(PART) Squad/Parts/Engine/liquidEngineSSME/SSME/SSME
[LOG 11:04:36.495] Config(PART) Squad/Parts/Engine/MassiveSRB/part/MassiveBooster
[LOG 11:04:36.495] Config(PART) Squad/Parts/Engine/miniJet/SmallJetEngine/miniJetEngine
[LOG 11:04:36.495] Config(PART) Squad/Parts/Engine/OMSEngine/omsEngine/omsEngine
[LOG 11:04:36.495] Config(PART) Squad/Parts/Engine/rapierEngine/rapierEngine/RAPIER
[LOG 11:04:36.495] Config(PART) Squad/Parts/Engine/Size1_SRBs/solidBoosterRT-10_v2/solidBooster_v2
[LOG 11:04:36.495] Config(PART) Squad/Parts/Engine/Size1_SRBs/solidBoosterRT-5_v2/solidBooster_sm_v2
[LOG 11:04:36.495] Config(PART) Squad/Parts/Engine/Size2LFB/part/Size2LFB
[LOG 11:04:36.495] Config(PART) Squad/Parts/Engine/Size2LFB_v2/part/Size2LFB_v2
[LOG 11:04:36.495] Config(PART) Squad/Parts/Engine/Size3AdvancedEngine/part/Size3AdvancedEngine
[LOG 11:04:36.495] Config(PART) Squad/Parts/Engine/Size3EngineCluster/part/Size3EngineCluster
[LOG 11:04:36.495] Config(PART) Squad/Parts/Engine/solidBoosterBACC/solidBoosterBACC/solidBooster1-1
[LOG 11:04:36.495] Config(PART) Squad/Parts/Engine/solidBoosterS2-17/solidBoosterS2-17/Thoroughbred
[LOG 11:04:36.495] Config(PART) Squad/Parts/Engine/solidBoosterS2-33/solidBoosterS2-33/Clydesdale
[LOG 11:04:36.495] Config(PART) Squad/Parts/Engine/solidBoosterSep/solidBoosterSep/sepMotor1
[LOG 11:04:36.495] Config(PART) Squad/Parts/Engine/SolidBoostersF/SolidBoosterF3S0/Shrimp
[LOG 11:04:36.495] Config(PART) Squad/Parts/Engine/SolidBoostersF/SolidBoosterFM1/Mite
[LOG 11:04:36.495] Config(PART) Squad/Parts/FuelTank/adapterTanks/Mk3-Mk2/adapterMk3-Mk2
[LOG 11:04:36.495] Config(PART) Squad/Parts/FuelTank/adapterTanks/Mk3-ShuttleAdapter/adapterEngines
[LOG 11:04:36.495] Config(PART) Squad/Parts/FuelTank/adapterTanks/Mk3-Size2/adapterMk3-Size2
[LOG 11:04:36.495] Config(PART) Squad/Parts/FuelTank/adapterTanks/Mk3-Size2Slant/adapterMk3-Size2Slant
[LOG 11:04:36.495] Config(PART) Squad/Parts/FuelTank/adapterTanks/Size2-Mk2/adapterSize2-Mk2
[LOG 11:04:36.495] Config(PART) Squad/Parts/FuelTank/adapterTanks/Size2-Size1/adapterSize2-Size1
[LOG 11:04:36.495] Config(PART) Squad/Parts/FuelTank/adapterTanks/Size2-Size1Slant/adapterSize2-Size1Slant
[LOG 11:04:36.495] Config(PART) Squad/Parts/FuelTank/adapterTanks/Size3-Mk3/adapterSize3-Mk3
[LOG 11:04:36.495] Config(PART) Squad/Parts/FuelTank/drainTankFTE-1/ReleaseValve/ReleaseValve
[LOG 11:04:36.495] Config(PART) Squad/Parts/FuelTank/FoilTanks/RadialTank_Capsule/externalTankCapsule
[LOG 11:04:36.495] Config(PART) Squad/Parts/FuelTank/FoilTanks/RadialTank_Round/externalTankRound
[LOG 11:04:36.496] Config(PART) Squad/Parts/FuelTank/FoilTanks/ToroidTank/externalTankToroid
[LOG 11:04:36.496] Config(PART) Squad/Parts/FuelTank/fuelTankOscarB/fuelTankOscarB/miniFuelTank
[LOG 11:04:36.496] Config(PART) Squad/Parts/FuelTank/miniFuselage/miniFuselage/miniFuselage
[LOG 11:04:36.496] Config(PART) Squad/Parts/FuelTank/mk2Adapters/bicoupler/mk2_1m_Bicoupler
[LOG 11:04:36.496] Config(PART) Squad/Parts/FuelTank/mk2Adapters/long/mk2_1m_AdapterLong
[LOG 11:04:36.496] Config(PART) Squad/Parts/FuelTank/mk2Adapters/standard/mk2SpacePlaneAdapter
[LOG 11:04:36.496] Config(PART) Squad/Parts/FuelTank/mk2FuselageLong/LFO_long/mk2FuselageLongLFO
[LOG 11:04:36.496] Config(PART) Squad/Parts/FuelTank/mk2FuselageLong/L_long/mk2Fuselage
[LOG 11:04:36.496] Config(PART) Squad/Parts/FuelTank/mk2FuselageShort/LFO_short/mk2FuselageShortLFO
[LOG 11:04:36.496] Config(PART) Squad/Parts/FuelTank/mk2FuselageShort/L_short/mk2FuselageShortLiquid
[LOG 11:04:36.496] Config(PART) Squad/Parts/FuelTank/mk2FuselageShort/Mono_short/mk2FuselageShortMono
[LOG 11:04:36.496] Config(PART) Squad/Parts/FuelTank/mk3Fuselage/CREW/mk3CrewCabin
[LOG 11:04:36.496] Config(PART) Squad/Parts/FuelTank/mk3Fuselage/LFO_100/mk3FuselageLFO_100
[LOG 11:04:36.496] Config(PART) Squad/Parts/FuelTank/mk3Fuselage/LFO_25/mk3FuselageLFO_25
[LOG 11:04:36.496] Config(PART) Squad/Parts/FuelTank/mk3Fuselage/LFO_50/mk3FuselageLFO_50
[LOG 11:04:36.496] Config(PART) Squad/Parts/FuelTank/mk3Fuselage/LF_100/mk3FuselageLF_100
[LOG 11:04:36.496] Config(PART) Squad/Parts/FuelTank/mk3Fuselage/LF_25/mk3FuselageLF_25
[LOG 11:04:36.496] Config(PART) Squad/Parts/FuelTank/mk3Fuselage/LF_50/mk3FuselageLF_50
[LOG 11:04:36.496] Config(PART) Squad/Parts/FuelTank/mk3Fuselage/MONO/mk3FuselageMONO
[LOG 11:04:36.496] Config(PART) Squad/Parts/FuelTank/RCSFuelTankR1/RCSFuelTankR1/RCSTank1-2
[LOG 11:04:36.496] Config(PART) Squad/Parts/FuelTank/RCSFuelTankR10/RCSFuelTankR10/rcsTankMini
[LOG 11:04:36.496] Config(PART) Squad/Parts/FuelTank/RCSFuelTankR25/RCSFuelTankR25/RCSFuelTank
[LOG 11:04:36.496] Config(PART) Squad/Parts/FuelTank/RCSTankRadial/radialRCSTank/radialRCSTank
[LOG 11:04:36.496] Config(PART) Squad/Parts/FuelTank/RCStankRadialLong/RCSTankRadialLong/rcsTankRadialLong
[LOG 11:04:36.496] Config(PART) Squad/Parts/FuelTank/RockomaxTanks/Rockomax16/Rockomax16_BW
[LOG 11:04:36.496] Config(PART) Squad/Parts/FuelTank/RockomaxTanks/Rockomax32/Rockomax32_BW
[LOG 11:04:36.496] Config(PART) Squad/Parts/FuelTank/RockomaxTanks/Rockomax64/Rockomax64_BW
[LOG 11:04:36.496] Config(PART) Squad/Parts/FuelTank/RockomaxTanks/Rockomax8/Rockomax8BW
[LOG 11:04:36.496] Config(PART) Squad/Parts/FuelTank/Size1_Tanks/fuelTankT100/fuelTankSmallFlat
[LOG 11:04:36.496] Config(PART) Squad/Parts/FuelTank/Size1_Tanks/fuelTankT200/fuelTankSmall
[LOG 11:04:36.496] Config(PART) Squad/Parts/FuelTank/Size1_Tanks/fuelTankT400/fuelTank
[LOG 11:04:36.496] Config(PART) Squad/Parts/FuelTank/Size1_Tanks/fuelTankT800/fuelTank_long
[LOG 11:04:36.496] Config(PART) Squad/Parts/FuelTank/Size3Tanks/large/Size3LargeTank
[LOG 11:04:36.496] Config(PART) Squad/Parts/FuelTank/Size3Tanks/medium/Size3MediumTank
[LOG 11:04:36.496] Config(PART) Squad/Parts/FuelTank/Size3Tanks/small/Size3SmallTank
[LOG 11:04:36.496] Config(PART) Squad/Parts/FuelTank/xenonTank/xenonTank/xenonTank
[LOG 11:04:36.496] Config(PART) Squad/Parts/FuelTank/xenonTankLarge/xenonTankLarge/xenonTankLarge
[LOG 11:04:36.496] Config(PART) Squad/Parts/FuelTank/xenonTankRadial/xenonTankRadial/xenonTankRadial
[LOG 11:04:36.496] Config(PART) Squad/Parts/Misc/AsteroidDay/CamSat/InfraredTelescope
[LOG 11:04:36.496] Config(PART) Squad/Parts/Misc/AsteroidDay/HECS2/HECS2_ProbeCore
[LOG 11:04:36.496] Config(PART) Squad/Parts/Misc/AsteroidDay/HighGainAntenna/HighGainAntenna
[LOG 11:04:36.496] Config(PART) Squad/Parts/Misc/AsteroidDay/LgRadialSolar/LgRadialSolarPanel
[LOG 11:04:36.497] Config(PART) Squad/Parts/Misc/PotatoComet/part/PotatoComet
[LOG 11:04:36.497] Config(PART) Squad/Parts/Misc/PotatoRoid/part/PotatoRoid
[LOG 11:04:36.497] Config(PART) Squad/Parts/Prebuilt/flag/flag
[LOG 11:04:36.497] Config(PART) Squad/Parts/Prebuilt/kerbalEVA/kerbalEVA
[LOG 11:04:36.497] Config(PART) Squad/Parts/Prebuilt/kerbalEVAfemale/kerbalEVAfemale
[LOG 11:04:36.497] Config(PART) Squad/Parts/Prebuilt/kerbalEVASlimSuit/kerbalEVASlimSuit
[LOG 11:04:36.497] Config(PART) Squad/Parts/Prebuilt/kerbalEVASlimSuitFemale/kerbalEVASlimSuitFemale
[LOG 11:04:36.497] Config(PART) Squad/Parts/Resources/FuelCell/FuelCell/FuelCell
[LOG 11:04:36.497] Config(PART) Squad/Parts/Resources/FuelCell/FuelCellArray/FuelCellArray
[LOG 11:04:36.497] Config(PART) Squad/Parts/Resources/ISRU/ISRU/ISRU
[LOG 11:04:36.497] Config(PART) Squad/Parts/Resources/LargeTank/LargeTank/LargeTank
[LOG 11:04:36.497] Config(PART) Squad/Parts/Resources/MiniDrill/MiniDrill/MiniDrill
[LOG 11:04:36.497] Config(PART) Squad/Parts/Resources/MiniISRU/MiniISRU/MiniISRU
[LOG 11:04:36.497] Config(PART) Squad/Parts/Resources/OrbitalScanner/OrbitalScanner/OrbitalScanner
[LOG 11:04:36.497] Config(PART) Squad/Parts/Resources/RadialDrill/RadialDrill/RadialDrill
[LOG 11:04:36.497] Config(PART) Squad/Parts/Resources/RadialTank/RadialTank/RadialOreTank
[LOG 11:04:36.497] Config(PART) Squad/Parts/Resources/SmallTank/SmallTank/SmallTank
[LOG 11:04:36.497] Config(PART) Squad/Parts/Resources/SurfaceScanner/SurfaceScanner/SurfaceScanner
[LOG 11:04:36.497] Config(PART) Squad/Parts/Resources/SurveyScanner/SurveyScanner/SurveyScanner
[LOG 11:04:36.497] Config(PART) Squad/Parts/Science/AtmosphereSensor/sensorAtmosphere/sensorAtmosphere
[LOG 11:04:36.497] Config(PART) Squad/Parts/Science/GooExperiment/gooExperiment/GooExperiment
[LOG 11:04:36.497] Config(PART) Squad/Parts/Science/LargeCrewedLab/largeCrewedLab/Large_Crewed_Lab
[LOG 11:04:36.497] Config(PART) Squad/Parts/Science/Magnetometer/Magnetometer/Magnetometer
[LOG 11:04:36.497] Config(PART) Squad/Parts/Science/MaterialBay/materialBay/science_module
[LOG 11:04:36.497] Config(PART) Squad/Parts/Science/ScienceBox/ScienceBox/ScienceBox
[LOG 11:04:36.497] Config(PART) Squad/Parts/Science/sensorAccelerometer/sensorAccelerometer/sensorAccelerometer
[LOG 11:04:36.497] Config(PART) Squad/Parts/Science/sensorBarometer/sensorBarometer/sensorBarometer
[LOG 11:04:36.497] Config(PART) Squad/Parts/Science/sensorGravimeter/sensorGravimeter/sensorGravimeter
[LOG 11:04:36.497] Config(PART) Squad/Parts/Science/sensorThermometer/sensorThermometer/sensorThermometer
[LOG 11:04:36.497] Config(PART) Squad/Parts/Structural/FLAdapters/adapterSmallMiniShort/adapterSmallMiniShort
[LOG 11:04:36.497] Config(PART) Squad/Parts/Structural/FLAdapters/adapterSmallMiniTall/adapterSmallMiniTall
[LOG 11:04:36.497] Config(PART) Squad/Parts/Structural/mk1Parts/engineBodyRadial/radialEngineBody
[LOG 11:04:36.497] Config(PART) Squad/Parts/Structural/mk1Parts/engineNacelle/nacelleBody
[LOG 11:04:36.497] Config(PART) Squad/Parts/Structural/mk1Parts/mk1Fuselage/MK1Fuselage
[LOG 11:04:36.497] Config(PART) Squad/Parts/Structural/mk1Parts/mk1FuselageIntake/MK1IntakeFuselage
[LOG 11:04:36.497] Config(PART) Squad/Parts/Structural/mk1Parts/mk1Structural/Mk1FuselageStructural
[LOG 11:04:36.497] Config(PART) Squad/Parts/Structural/Size3To2Adapter_v2/Size2to3_v2/Size3To2Adapter_v2
[LOG 11:04:36.498] Config(PART) Squad/Parts/Structural/stackAdapters/adapterLargeSmallBi/adapterLargeSmallBi
[LOG 11:04:36.498] Config(PART) Squad/Parts/Structural/stackAdapters/adapterLargeSmallQuad/adapterLargeSmallQuad
[LOG 11:04:36.498] Config(PART) Squad/Parts/Structural/stackAdapters/adapterLargeSmallTri/adapterLargeSmallTri
[LOG 11:04:36.498] Config(PART) Squad/Parts/Structural/stationHub/stationHub/stationHub
[LOG 11:04:36.498] Config(PART) Squad/Parts/Structural/structuralIBeam200/structuralIBeam200/structuralIBeam2
[LOG 11:04:36.498] Config(PART) Squad/Parts/Structural/structuralIBeam200Pocket/structuralIBeam200Pocket/structuralIBeam3
[LOG 11:04:36.498] Config(PART) Squad/Parts/Structural/structuralIBeam650/structuralIBeam650/structuralIBeam1
[LOG 11:04:36.498] Config(PART) Squad/Parts/Structural/structuralMicronode/structuralMicronode/structuralMiniNode
[LOG 11:04:36.498] Config(PART) Squad/Parts/Structural/structuralPanel1x1/structuralPanel1x1/structuralPanel1
[LOG 11:04:36.498] Config(PART) Squad/Parts/Structural/structuralPanel2x2/structuralPanel2x2/structuralPanel2
[LOG 11:04:36.498] Config(PART) Squad/Parts/Structural/structuralPylons/smallHardpoint/smallHardpoint
[LOG 11:04:36.498] Config(PART) Squad/Parts/Structural/structuralPylons/structuralPylon/structuralPylon
[LOG 11:04:36.498] Config(PART) Squad/Parts/Structural/strutCubicOcto/strutCubicOcto/strutCube
[LOG 11:04:36.498] Config(PART) Squad/Parts/Structural/strutOcto/strutOcto/strutOcto
[LOG 11:04:36.498] Config(PART) Squad/Parts/Structural/trussGirderAdapter/trussGirderAdapter/trussAdapter
[LOG 11:04:36.498] Config(PART) Squad/Parts/Structural/trussGirderL/trussGirderL/trussPiece1x
[LOG 11:04:36.498] Config(PART) Squad/Parts/Structural/trussGirderXL/trussGirderXL/trussPiece3x
[LOG 11:04:36.498] Config(PART) Squad/Parts/Thermal/FoldingRadiators/foldingRadLarge/foldingRadLarge
[LOG 11:04:36.498] Config(PART) Squad/Parts/Thermal/FoldingRadiators/foldingRadMed/foldingRadMed
[LOG 11:04:36.498] Config(PART) Squad/Parts/Thermal/FoldingRadiators/foldingRadSmall/foldingRadSmall
[LOG 11:04:36.498] Config(PART) Squad/Parts/Thermal/RadiatorPanels/radPanelEdge/radPanelEdge
[LOG 11:04:36.498] Config(PART) Squad/Parts/Thermal/RadiatorPanels/radPanelLg/radPanelLg
[LOG 11:04:36.498] Config(PART) Squad/Parts/Thermal/RadiatorPanels/radPanelSm/radPanelSm
[LOG 11:04:36.498] Config(PART) Squad/Parts/Utility/commDish88-88/commDish88-88/commDish
[LOG 11:04:36.498] Config(PART) Squad/Parts/Utility/commsAntennaDTS-M1/commsAntennaDTS-M1/mediumDishAntenna
[LOG 11:04:36.498] Config(PART) Squad/Parts/Utility/commsDish16/commsAntenna16/longAntenna
[LOG 11:04:36.498] Config(PART) Squad/Parts/Utility/decouplerRadialHDM/decouplerRadialHDM/radialDecoupler1-2
[LOG 11:04:36.498] Config(PART) Squad/Parts/Utility/decouplerRadialTT-38K/decouplerRadialTT-38K/radialDecoupler
[LOG 11:04:36.498] Config(PART) Squad/Parts/Utility/decouplerRadialTT-70/decouplerRadialTT-70/radialDecoupler2
[LOG 11:04:36.498] Config(PART) Squad/Parts/Utility/DirectAntennas/C16S/SurfAntenna
[LOG 11:04:36.498] Config(PART) Squad/Parts/Utility/DirectAntennas/HG-5/HighGainAntenna5
[LOG 11:04:36.498] Config(PART) Squad/Parts/Utility/DirectAntennas/HG-5_v2/HighGainAntenna5_v2
[LOG 11:04:36.498] Config(PART) Squad/Parts/Utility/dockingPort/dockingPort/dockingPort2
[LOG 11:04:36.498] Config(PART) Squad/Parts/Utility/dockingPortInline/dockingPortInline/dockingPortLateral
[LOG 11:04:36.498] Config(PART) Squad/Parts/Utility/dockingPortJr/dockingPortJr/dockingPort3
[LOG 11:04:36.498] Config(PART) Squad/Parts/Utility/dockingPortShielded/dockingPortShielded/dockingPort1
[LOG 11:04:36.498] Config(PART) Squad/Parts/Utility/dockingPortSr/dockingPortSr/dockingPortLarge
[LOG 11:04:36.498] Config(PART) Squad/Parts/Utility/Fireworks/fireworksLauncherBig/fireworksLauncherBig
[LOG 11:04:36.499] Config(PART) Squad/Parts/Utility/Fireworks/fireworksLauncherSmall/fireworksLauncherSmall
[LOG 11:04:36.499] Config(PART) Squad/Parts/Utility/flags/flagFlat/flagFlat/flagPartFlat
[LOG 11:04:36.499] Config(PART) Squad/Parts/Utility/flags/flagSize0/flagSize0/flagPartSize0
[LOG 11:04:36.499] Config(PART) Squad/Parts/Utility/flags/flagSize1/flagSize1/flagPartSize1
[LOG 11:04:36.499] Config(PART) Squad/Parts/Utility/flags/flagSize2/flagSize2/flagPartSize2
[LOG 11:04:36.499] Config(PART) Squad/Parts/Utility/flags/flagSize3/flagSize3/flagPartSize3
[LOG 11:04:36.499] Config(PART) Squad/Parts/Utility/GrapplingDevice/part/GrapplingDevice
[LOG 11:04:36.499] Config(PART) Squad/Parts/Utility/ladderRadial/ladderRadial/ladder1
[LOG 11:04:36.499] Config(PART) Squad/Parts/Utility/ladderTelescopic/ladderTelescopic/telescopicLadder
[LOG 11:04:36.499] Config(PART) Squad/Parts/Utility/ladderTelescopicBay/ladderTelescopicBay/telescopicLadderBay
[LOG 11:04:36.499] Config(PART) Squad/Parts/Utility/landingLegLT-1/landingLegLT-1/landingLeg1
[LOG 11:04:36.499] Config(PART) Squad/Parts/Utility/landingLegLT-2/landingLegLT-2/landingLeg1-2
[LOG 11:04:36.499] Config(PART) Squad/Parts/Utility/landingLegLT-5/landingLegLT-5/miniLandingLeg
[LOG 11:04:36.499] Config(PART) Squad/Parts/Utility/launchClamp1/launchClamp1/launchClamp1
[LOG 11:04:36.499] Config(PART) Squad/Parts/Utility/launchEscapeSystem/part/LaunchEscapeSystem
[LOG 11:04:36.499] Config(PART) Squad/Parts/Utility/Lights/domeLight1/domeLight1
[LOG 11:04:36.499] Config(PART) Squad/Parts/Utility/Lights/groundLight1/groundLight1
[LOG 11:04:36.499] Config(PART) Squad/Parts/Utility/Lights/groundLight2/groundLight2
[LOG 11:04:36.499] Config(PART) Squad/Parts/Utility/Lights/navLight1/navLight1
[LOG 11:04:36.499] Config(PART) Squad/Parts/Utility/Lights/spotLight1/spotLight3
[LOG 11:04:36.499] Config(PART) Squad/Parts/Utility/Lights/stripLight1/stripLight1
[LOG 11:04:36.499] Config(PART) Squad/Parts/Utility/linearVernorRCS/linearRCS/linearRcs
[LOG 11:04:36.499] Config(PART) Squad/Parts/Utility/linearVernorRCS/vernorEngine/vernierEngine
[LOG 11:04:36.499] Config(PART) Squad/Parts/Utility/mk2CargoBay/BayL/mk2CargoBayL
[LOG 11:04:36.499] Config(PART) Squad/Parts/Utility/mk2CargoBay/BayS/mk2CargoBayS
[LOG 11:04:36.499] Config(PART) Squad/Parts/Utility/mk2CrewCabin/mk2CrewCabin/mk2CrewCabin
[LOG 11:04:36.499] Config(PART) Squad/Parts/Utility/mk2DockingPort/mk2DockingPort/mk2DockingPort
[LOG 11:04:36.499] Config(PART) Squad/Parts/Utility/mk3CargoBay/long/mk3CargoBayL
[LOG 11:04:36.499] Config(PART) Squad/Parts/Utility/mk3CargoBay/medium/mk3CargoBayM
[LOG 11:04:36.499] Config(PART) Squad/Parts/Utility/mk3CargoBay/ramp/mk3CargoRamp
[LOG 11:04:36.499] Config(PART) Squad/Parts/Utility/mk3CargoBay/short/mk3CargoBayS
[LOG 11:04:36.499] Config(PART) Squad/Parts/Utility/parachuteMk1/parachuteMk1/parachuteSingle
[LOG 11:04:36.499] Config(PART) Squad/Parts/Utility/parachuteMk12-R/parachuteMk12-R/radialDrogue
[LOG 11:04:36.499] Config(PART) Squad/Parts/Utility/parachuteMk16-XL/parachuteMk16-XL/parachuteLarge
[LOG 11:04:36.499] Config(PART) Squad/Parts/Utility/parachuteMk2-R/parachuteMk2-R/parachuteRadial
[LOG 11:04:36.499] Config(PART) Squad/Parts/Utility/parachuteMk25/parachuteMk25/parachuteDrogue
[LOG 11:04:36.499] Config(PART) Squad/Parts/Utility/radialAttachmentPoint/radialAttachmentPoint/stackPoint1
[LOG 11:04:36.499] Config(PART) Squad/Parts/Utility/rcsBlockRV-105_v2/rcsBlockRV-105/RCSBlock_v2
[LOG 11:04:36.499] Config(PART) Squad/Parts/Utility/rcsBlockRV-105_v2/RCSblock_01_small/RCSblock_01_small
[LOG 11:04:36.500] Config(PART) Squad/Parts/Utility/rcsSmallLinear/RCSLinearSmall/RCSLinearSmall
[LOG 11:04:36.500] Config(PART) Squad/Parts/Utility/RelayAntennas/RA-100/RelayAntenna100
[LOG 11:04:36.500] Config(PART) Squad/Parts/Utility/RelayAntennas/RA-5/RelayAntenna5
[LOG 11:04:36.500] Config(PART) Squad/Parts/Utility/RelayAntennas/RA-50/RelayAntenna50
[LOG 11:04:36.500] Config(PART) Squad/Parts/Utility/rockomaxAdapters/largeAdapter/largeAdapter
[LOG 11:04:36.500] Config(PART) Squad/Parts/Utility/rockomaxAdapters/largeAdapterShort/largeAdapter2
[LOG 11:04:36.500] Config(PART) Squad/Parts/Utility/ServiceBay_v2/ServiceBay_125_v2/ServiceBay_125_v2
[LOG 11:04:36.500] Config(PART) Squad/Parts/Utility/ServiceBay_v2/ServiceBay_250_v2/ServiceBay_250_v2
[LOG 11:04:36.500] Config(PART) Squad/Parts/Utility/smallClaw/smallClaw/smallClaw
[LOG 11:04:36.500] Config(PART) Squad/Parts/Utility/spotLightMk1/spotLightMk1/spotLight1
[LOG 11:04:36.500] Config(PART) Squad/Parts/Utility/spotLightMk1_v2/spotLightMk1_v2/spotLight1_v2
[LOG 11:04:36.500] Config(PART) Squad/Parts/Utility/spotLightMk2/spotLightMk2/spotLight2
[LOG 11:04:36.500] Config(PART) Squad/Parts/Utility/spotLightMk2_v2/spotLightMk2_v2/spotLight2_v2
[LOG 11:04:36.500] Config(PART) Squad/Parts/Utility/stackCouplers/stackBiCoupler_v2/stackBiCoupler_v2
[LOG 11:04:36.500] Config(PART) Squad/Parts/Utility/stackCouplers/stackQuadCoupler/stackQuadCoupler
[LOG 11:04:36.500] Config(PART) Squad/Parts/Utility/stackCouplers/stackTriCoupler_v2/stackTriCoupler_v2
[LOG 11:04:36.500] Config(PART) Squad/Parts/Wheel/LandingGear/GearExtraLarge/GearLarge
[LOG 11:04:36.500] Config(PART) Squad/Parts/Wheel/LandingGear/GearFixed/GearFixed
[LOG 11:04:36.500] Config(PART) Squad/Parts/Wheel/LandingGear/GearFree/GearFree
[LOG 11:04:36.500] Config(PART) Squad/Parts/Wheel/LandingGear/GearLarge/GearMedium
[LOG 11:04:36.500] Config(PART) Squad/Parts/Wheel/LandingGear/GearMedium/GearSmall
[LOG 11:04:36.500] Config(PART) Squad/Parts/Wheel/LandingGear/GearSmall/SmallGearBay
[LOG 11:04:36.500] Config(PART) Squad/Parts/Wheel/roverWheelM1/roverWheelM1/roverWheel1
[LOG 11:04:36.500] Config(PART) Squad/Parts/Wheel/roverWheelS2/roverWheelS2/roverWheel2
[LOG 11:04:36.500] Config(PART) Squad/Parts/Wheel/roverWheelTR-2L/roverWheelTR-2L/wheelMed
[LOG 11:04:36.500] Config(PART) Squad/Parts/Wheel/roverWheelXL3/roverWheelXL3/roverWheel3
[LOG 11:04:36.500] Config(PROP) Squad/Props/AltimeterThreeHands/prop/AltimeterThreeHands
[LOG 11:04:36.500] Config(PROP) Squad/Props/AtmosphereDepth/prop/AtmosphereDepth
[LOG 11:04:36.500] Config(PROP) Squad/Props/AxisIndicator/pitchConfig/AxisIndicatorPitch
[LOG 11:04:36.500] Config(PROP) Squad/Props/AxisIndicator/rollConfig/AxisIndicatorRoll
[LOG 11:04:36.500] Config(PROP) Squad/Props/AxisIndicator/yawConfig/AxisIndicatorYaw
[LOG 11:04:36.500] Config(PROP) Squad/Props/buttonsGeneric/circularButton/genericCircularButton
[LOG 11:04:36.500] Config(PROP) Squad/Props/buttonsGeneric/clusterButtons/genericClusterButtons
[LOG 11:04:36.500] Config(PROP) Squad/Props/buttonsGeneric/clusterButtons2/genericClusterButtons2
[LOG 11:04:36.500] Config(PROP) Squad/Props/buttonsGeneric/clusterKnob/genericClusterKnobs
[LOG 11:04:36.500] Config(PROP) Squad/Props/buttonsGeneric/clusterKnob2/genericClusterKnobs2
[LOG 11:04:36.501] Config(PROP) Squad/Props/buttonsGeneric/clusterMixed/genericClusterMixed
[LOG 11:04:36.501] Config(PROP) Squad/Props/buttonsGeneric/clusterSwitches01/genericClusterSwitches01
[LOG 11:04:36.501] Config(PROP) Squad/Props/buttonsGeneric/clusterSwitches02/genericClusterSwitches02
[LOG 11:04:36.501] Config(PROP) Squad/Props/buttonsGeneric/clusterSwitches03/genericClusterSwitches03
[LOG 11:04:36.501] Config(PROP) Squad/Props/buttonsGeneric/clusterSwitches04/genericClusterSwitches04
[LOG 11:04:36.501] Config(PROP) Squad/Props/buttonsGeneric/clusterSwitches05/genericClusterSwitches05
[LOG 11:04:36.501] Config(PROP) Squad/Props/buttonsGeneric/clusterSwitches06/genericClusterSwitches06
[LOG 11:04:36.501] Config(PROP) Squad/Props/buttonsGeneric/clusterSwitches07/genericClusterSwitches07
[LOG 11:04:36.501] Config(PROP) Squad/Props/buttonsGeneric/directionalKnob/genericDirectionalKnob
[LOG 11:04:36.501] Config(PROP) Squad/Props/buttonsGeneric/directionalKnob2/genericDirectionalKnob2
[LOG 11:04:36.501] Config(PROP) Squad/Props/buttonsGeneric/pullSwitch/genericPullSwitch
[LOG 11:04:36.501] Config(PROP) Squad/Props/buttonsGeneric/squareButton/genericSquareButton
[LOG 11:04:36.501] Config(PROP) Squad/Props/buttonsGeneric/standingSwitch/genericStandingSwitch
[LOG 11:04:36.501] Config(PROP) Squad/Props/buttonsGeneric/switch/genericSwitch
[LOG 11:04:36.501] Config(PROP) Squad/Props/buttonsGeneric/switchWithGuards/genericSwitchWithGuards
[LOG 11:04:36.501] Config(PROP) Squad/Props/ButtonSquare/prop/ButtonSquare
[LOG 11:04:36.501] Config(PROP) Squad/Props/circularButton/prop/circularButton
[LOG 11:04:36.501] Config(PROP) Squad/Props/Compass/prop/Compass
[LOG 11:04:36.501] Config(PROP) Squad/Props/directionalKnob/prop/directionalKnob
[LOG 11:04:36.501] Config(PROP) Squad/Props/directionalKnob2/prop/directionalKnob2
[LOG 11:04:36.501] Config(PROP) Squad/Props/IndicatorPanel/prop/IndicatorPanel
[LOG 11:04:36.501] Config(PROP) Squad/Props/IVANavBall/prop/NavBall
[LOG 11:04:36.501] Config(PROP) Squad/Props/IVANavBallNoBase/prop/NavBallNoBase
[LOG 11:04:36.501] Config(PROP) Squad/Props/ledPanelSpeed/prop/ledPanelSpeed
[LOG 11:04:36.501] Config(PROP) Squad/Props/Monitor/DockingMode/MonitorDockingMode
[LOG 11:04:36.501] Config(PROP) Squad/Props/NavBall/prop/NavBall
[LOG 11:04:36.501] Config(PROP) Squad/Props/PropsGeneric/Button_DockingMode/Button_DockingMode
[LOG 11:04:36.501] Config(PROP) Squad/Props/PropsGeneric/CargoBagA/CargoBagA
[LOG 11:04:36.501] Config(PROP) Squad/Props/PropsGeneric/CargoBagB/CargoBagB
[LOG 11:04:36.501] Config(PROP) Squad/Props/PropsGeneric/CargoBagC/CargoBagC
[LOG 11:04:36.501] Config(PROP) Squad/Props/PropsGeneric/Hatch_Plane/Hatch_Plane
[LOG 11:04:36.501] Config(PROP) Squad/Props/PropsGeneric/Hatch_Plane_Curve90/Hatch_Plane_Curve90
[LOG 11:04:36.501] Config(PROP) Squad/Props/PropsGeneric/Hatch_Plane_Frame/Hatch_Plane_Frame
[LOG 11:04:36.501] Config(PROP) Squad/Props/PropsGeneric/Seat_Passenger/Seat_Passenger
[LOG 11:04:36.501] Config(PROP) Squad/Props/PropsGeneric/Seat_Pilot/Seat_Pilot
[LOG 11:04:36.501] Config(PROP) Squad/Props/PropsGeneric/Seat_Pilot_Helmet/Seat_Pilot_Helmet
[LOG 11:04:36.501] Config(PROP) Squad/Props/PropsGeneric/SideStick/SideStick
[LOG 11:04:36.501] Config(PROP) Squad/Props/pullSwitch/prop/pullSwitch
[LOG 11:04:36.501] Config(PROP) Squad/Props/radarAltitude/prop/RadarAltimeter
[LOG 11:04:36.501] Config(PROP) Squad/Props/squareButton/prop/squareButton
[LOG 11:04:36.501] Config(PROP) Squad/Props/standingSwitch/prop/standingSwitch
[LOG 11:04:36.501] Config(PROP) Squad/Props/switch/prop/switch
[LOG 11:04:36.501] Config(PROP) Squad/Props/switchGuard/prop/switchGuard
[LOG 11:04:36.501] Config(PROP) Squad/Props/switchWithGuards/prop/switchWithGuards
[LOG 11:04:36.501] Config(PROP) Squad/Props/throttle/prop/throttle
[LOG 11:04:36.501] Config(PROP) Squad/Props/VSI/prop/VSI
[LOG 11:04:36.502] Config(SPACEOBJECTS_LIMITS) Squad/Resources/CometDefs/SPACEOBJECTS_LIMITS
[LOG 11:04:36.502] Config(COMET_MANAGER) Squad/Resources/CometDefs/COMET_MANAGER
[LOG 11:04:36.502] Config(COMET_ORBIT_TYPE) Squad/Resources/CometDefs/short
[LOG 11:04:36.502] Config(COMET_ORBIT_TYPE) Squad/Resources/CometDefs/intermediate
[LOG 11:04:36.502] Config(COMET_ORBIT_TYPE) Squad/Resources/CometDefs/long
[LOG 11:04:36.502] Config(COMET_ORBIT_TYPE) Squad/Resources/CometDefs/interstellar
[LOG 11:04:36.502] Config(FIREWORKFX_DEFINITION) Squad/Resources/FireworkFXDefinitions/classicTrail
[LOG 11:04:36.502] Config(FIREWORKFX_DEFINITION) Squad/Resources/FireworkFXDefinitions/whirlyTrail
[LOG 11:04:36.502] Config(FIREWORKFX_DEFINITION) Squad/Resources/FireworkFXDefinitions/strobeTrail
[LOG 11:04:36.502] Config(FIREWORKFX_DEFINITION) Squad/Resources/FireworkFXDefinitions/bareTrail
[LOG 11:04:36.502] Config(FIREWORKFX_DEFINITION) Squad/Resources/FireworkFXDefinitions/classicBurst
[LOG 11:04:36.502] Config(FIREWORKFX_DEFINITION) Squad/Resources/FireworkFXDefinitions/chrysBurst
[LOG 11:04:36.502] Config(FIREWORKFX_DEFINITION) Squad/Resources/FireworkFXDefinitions/palmBurst
[LOG 11:04:36.502] Config(FIREWORKFX_DEFINITION) Squad/Resources/FireworkFXDefinitions/ringBurst
[LOG 11:04:36.502] Config(FIREWORKFX_DEFINITION) Squad/Resources/FireworkFXDefinitions/crosetteBurst
[LOG 11:04:36.502] Config(FIREWORKFX_DEFINITION) Squad/Resources/FireworkFXDefinitions/willowBurst
[LOG 11:04:36.502] Config(FIREWORKFX_DEFINITION) Squad/Resources/FireworkFXDefinitions/crackeBurst
[LOG 11:04:36.502] Config(FIREWORKFX_DEFINITION) Squad/Resources/FireworkFXDefinitions/palmCrackleBurst
[LOG 11:04:36.502] Config(FIREWORKFX_DEFINITION) Squad/Resources/FireworkFXDefinitions/dragonBurst
[LOG 11:04:36.502] Config(GLOBAL_RESOURCE) Squad/Resources/Ore/GLOBAL_RESOURCE
[LOG 11:04:36.502] Config(PLANETARY_RESOURCE) Squad/Resources/Ore/PLANETARY_RESOURCE
[LOG 11:04:36.502] Config(PLANETARY_RESOURCE) Squad/Resources/Ore/PLANETARY_RESOURCE
[LOG 11:04:36.502] Config(RESOURCE_OVERLAY_CONFIGURATION_SOLID) Squad/Resources/Overlay/RESOURCE_OVERLAY_CONFIGURATION_SOLID
[LOG 11:04:36.502] Config(RESOURCE_OVERLAY_CONFIGURATION_LINES) Squad/Resources/Overlay/RESOURCE_OVERLAY_CONFIGURATION_LINES
[LOG 11:04:36.502] Config(RESOURCE_OVERLAY_CONFIGURATION_DOTS) Squad/Resources/Overlay/RESOURCE_OVERLAY_CONFIGURATION_DOTS
[LOG 11:04:36.502] Config(RESOURCE_CONFIGURATION) Squad/Resources/ResourceDefaults/RESOURCE_CONFIGURATION
[LOG 11:04:36.502] Config(RESOURCE_DEFINITION) Squad/Resources/ResourcesGeneric/LiquidFuel
[LOG 11:04:36.502] Config(RESOURCE_DEFINITION) Squad/Resources/ResourcesGeneric/Oxidizer
[LOG 11:04:36.502] Config(RESOURCE_DEFINITION) Squad/Resources/ResourcesGeneric/SolidFuel
[LOG 11:04:36.502] Config(RESOURCE_DEFINITION) Squad/Resources/ResourcesGeneric/MonoPropellant
[LOG 11:04:36.502] Config(RESOURCE_DEFINITION) Squad/Resources/ResourcesGeneric/XenonGas
[LOG 11:04:36.502] Config(RESOURCE_DEFINITION) Squad/Resources/ResourcesGeneric/ElectricCharge
[LOG 11:04:36.502] Config(RESOURCE_DEFINITION) Squad/Resources/ResourcesGeneric/IntakeAir
[LOG 11:04:36.502] Config(RESOURCE_DEFINITION) Squad/Resources/ResourcesGeneric/EVA Propellant
[LOG 11:04:36.502] Config(RESOURCE_DEFINITION) Squad/Resources/ResourcesGeneric/Ore
[LOG 11:04:36.502] Config(RESOURCE_DEFINITION) Squad/Resources/ResourcesGeneric/Ablator
[LOG 11:04:36.502] Config(EXPERIMENT_DEFINITION) Squad/Resources/ScienceDefs/EXPERIMENT_DEFINITION
[LOG 11:04:36.502] Config(EXPERIMENT_DEFINITION) Squad/Resources/ScienceDefs/EXPERIMENT_DEFINITION
[LOG 11:04:36.502] Config(EXPERIMENT_DEFINITION) Squad/Resources/ScienceDefs/EXPERIMENT_DEFINITION
[LOG 11:04:36.502] Config(EXPERIMENT_DEFINITION) Squad/Resources/ScienceDefs/EXPERIMENT_DEFINITION
[LOG 11:04:36.502] Config(EXPERIMENT_DEFINITION) Squad/Resources/ScienceDefs/EXPERIMENT_DEFINITION
[LOG 11:04:36.502] Config(EXPERIMENT_DEFINITION) Squad/Resources/ScienceDefs/EXPERIMENT_DEFINITION
[LOG 11:04:36.503] Config(EXPERIMENT_DEFINITION) Squad/Resources/ScienceDefs/EXPERIMENT_DEFINITION
[LOG 11:04:36.503] Config(EXPERIMENT_DEFINITION) Squad/Resources/ScienceDefs/EXPERIMENT_DEFINITION
[LOG 11:04:36.503] Config(EXPERIMENT_DEFINITION) Squad/Resources/ScienceDefs/EXPERIMENT_DEFINITION
[LOG 11:04:36.503] Config(EXPERIMENT_DEFINITION) Squad/Resources/ScienceDefs/EXPERIMENT_DEFINITION
[LOG 11:04:36.503] Config(EXPERIMENT_DEFINITION) Squad/Resources/ScienceDefs/EXPERIMENT_DEFINITION
[LOG 11:04:36.503] Config(EXPERIMENT_DEFINITION) Squad/Resources/ScienceDefs/EXPERIMENT_DEFINITION
[LOG 11:04:36.503] Config(EXPERIMENT_DEFINITION) Squad/Resources/ScienceDefs/EXPERIMENT_DEFINITION
[LOG 11:04:36.503] Config(EXPERIMENT_DEFINITION) Squad/Resources/ScienceDefs/EXPERIMENT_DEFINITION
[LOG 11:04:36.503] Config(EXPERIMENT_DEFINITION) Squad/Resources/ScienceDefs/EXPERIMENT_DEFINITION
[LOG 11:04:36.503] Config(EXPERIMENT_DEFINITION) Squad/Resources/ScienceDefs/EXPERIMENT_DEFINITION
[LOG 11:04:36.503] Config(EXPERIMENT_DEFINITION) Squad/Resources/ScienceDefs/EXPERIMENT_DEFINITION
[LOG 11:04:36.503] Config(EXPERIMENT_DEFINITION) Squad/Resources/ScienceDefs/EXPERIMENT_DEFINITION
[LOG 11:04:36.503] Config(STORY_DEF) Squad/Resources/StoryDefs/STORY_DEF
[LOG 11:04:36.503] Config(TechTree) Squad/Resources/TechTree/TechTree
[LOG 11:04:36.503] Config(INTERNAL) Squad/Spaces/crewCabinInternals/internal/crewCabinInternals
[LOG 11:04:36.503] Config(INTERNAL) Squad/Spaces/cupolaInternal/internal/cupolaInternal
[LOG 11:04:36.503] Config(INTERNAL) Squad/Spaces/GenericSpace1/internal/GenericSpace1
[LOG 11:04:36.503] Config(INTERNAL) Squad/Spaces/GenericSpace3/internal/GenericSpace3
[LOG 11:04:36.503] Config(INTERNAL) Squad/Spaces/landerCabinInternals/internal/landerCabinInternals
[LOG 11:04:36.503] Config(INTERNAL) Squad/Spaces/landerCabinSmallInternal/internal/landerCabinSmallInternal
[LOG 11:04:36.503] Config(INTERNAL) Squad/Spaces/LargeCrewedLabInternals/internal/Mobile_Processing_Lab_Int
[LOG 11:04:36.503] Config(INTERNAL) Squad/Spaces/Mk1-3/internal/Mk1-3
[LOG 11:04:36.503] Config(INTERNAL) Squad/Spaces/mk1CabinInternal/internal/mk1CabinInternal
[LOG 11:04:36.503] Config(INTERNAL) Squad/Spaces/mk1CockpitInternal/internal/mk1CockpitInternal
[LOG 11:04:36.503] Config(INTERNAL) Squad/Spaces/mk1InlineInternal/internal/mk1InlineInternal
[LOG 11:04:36.503] Config(INTERNAL) Squad/Spaces/mk1PodCockpit/internal/mk1PodCockpit
[LOG 11:04:36.503] Config(INTERNAL) Squad/Spaces/mk1pod_IVA/mk1pod_Internal/mk1pod_IVA
[LOG 11:04:36.503] Config(INTERNAL) Squad/Spaces/mk2CockpitStandardInternal/internal/mk2CockpitStandardInternals
[LOG 11:04:36.503] Config(INTERNAL) Squad/Spaces/Mk2CrewCabinInternal/internal_MK2_CrewCab/MK2_CrewCab_Int
[LOG 11:04:36.503] Config(INTERNAL) Squad/Spaces/mk2InlineInternal/internal/mk2InlineInternal
[LOG 11:04:36.503] Config(INTERNAL) Squad/Spaces/mk2LanderCanInternal/internal/mk2LanderCanInternal
[LOG 11:04:36.503] Config(INTERNAL) Squad/Spaces/MK3CockpitInternal/internal_MK3/MK3_Cockpit_Int
[LOG 11:04:36.503] Config(INTERNAL) Squad/Spaces/MK3_CrewCab_Int/internal_MK3_CrewCab/MK3_CrewCab_Int
[LOG 11:04:36.503] Config(INTERNAL) Squad/Spaces/Placeholder/internal/Placeholder
[LOG 11:04:36.503] Config(INTERNAL) Squad/Spaces/PodCockpit/internal/PodCockpit
[LOG 11:04:36.503] Config(STRATEGY_DEPARTMENT) Squad/Strategies/Departments/Finances
[LOG 11:04:36.503] Config(STRATEGY_DEPARTMENT) Squad/Strategies/Departments/Science
[LOG 11:04:36.504] Config(STRATEGY_DEPARTMENT) Squad/Strategies/Departments/Public Relations
[LOG 11:04:36.504] Config(STRATEGY_DEPARTMENT) Squad/Strategies/Departments/Operations
[LOG 11:04:36.504] Config(STRATEGY) Squad/Strategies/Strategies/AppreciationCampaignCfg
[LOG 11:04:36.504] Config(STRATEGY) Squad/Strategies/Strategies/FundraisingCampaignCfg
[LOG 11:04:36.504] Config(STRATEGY) Squad/Strategies/Strategies/OpenSourceTechProgramCfg
[LOG 11:04:36.504] Config(STRATEGY) Squad/Strategies/Strategies/UnpaidResearchProgramCfg
[LOG 11:04:36.504] Config(STRATEGY) Squad/Strategies/Strategies/OutsourcedResearchCfg
[LOG 11:04:36.504] Config(STRATEGY) Squad/Strategies/Strategies/PatentsLicensingCfg
[LOG 11:04:36.504] Config(STRATEGY) Squad/Strategies/Strategies/AgressiveNegotiations
[LOG 11:04:36.504] Config(STRATEGY) Squad/Strategies/Strategies/RecoveryTransponders
[LOG 11:04:36.504] Config(STRATEGY) Squad/Strategies/Strategies/BailoutGrant
[LOG 11:04:36.504] Config(STRATEGY) Squad/Strategies/Strategies/researchIPsellout
[LOG 11:04:36.504] Config(STRATEGY) Squad/Strategies/Strategies/LeadershipInitiative
[LOG 11:04:36.504] Config(TUTORIAL) Squad/Tutorials/FlightSuborbital/FlightSuborbital
[LOG 11:04:36.504] Config(TUTORIAL) Squad/Tutorials/FromMun/FromMun
[LOG 11:04:36.504] Config(TUTORIAL) Squad/Tutorials/GoForOrbit/GoForOrbit
[LOG 11:04:36.504] Config(MISSIONPACK) SquadExpansion/MakingHistory/Missions/MissionPacks/squad_MakingHistory
[LOG 11:04:36.504] Config(MISSIONPACK) SquadExpansion/MakingHistory/Missions/MissionPacks/squad_MakingHistory_Other
[LOG 11:04:36.504] Config(MISSIONPACK) SquadExpansion/MakingHistory/Missions/MissionPacks/squad_MakingHistory_Tutorial
[LOG 11:04:36.504] Config(MEBASICNODE) SquadExpansion/MakingHistory/Nodes/AccuracyLogic/TestAccuracyLogic
[LOG 11:04:36.504] Config(MEBASICNODE) SquadExpansion/MakingHistory/Nodes/ActionChancePartResourceLevels/ActionPartResourceAmount
[LOG 11:04:36.504] Config(MEBASICNODE) SquadExpansion/MakingHistory/Nodes/ActionExplode/ActionVesselExplode
[LOG 11:04:36.504] Config(MEBASICNODE) SquadExpansion/MakingHistory/Nodes/ActionMissionScore/MissionScore
[LOG 11:04:36.504] Config(MEBASICNODE) SquadExpansion/MakingHistory/Nodes/ActionModifierFunds/ModifyFunds
[LOG 11:04:36.504] Config(MEBASICNODE) SquadExpansion/MakingHistory/Nodes/ActionModifierScore/MissionScore
[LOG 11:04:36.504] Config(MEBASICNODE) SquadExpansion/MakingHistory/Nodes/ActionPartExplode/ActionPartExplode
[LOG 11:04:36.504] Config(MEBASICNODE) SquadExpansion/MakingHistory/Nodes/ActionPartResourceDrain/ActionPartResourceDrain
[LOG 11:04:36.504] Config(MEBASICNODE) SquadExpansion/MakingHistory/Nodes/ActionVesselActionGroup/ActionVesselActionGroup
[LOG 11:04:36.504] Config(MEBASICNODE) SquadExpansion/MakingHistory/Nodes/ActionVesselStage/ActionVesselStage
[LOG 11:04:36.504] Config(MEBASICNODE) SquadExpansion/MakingHistory/Nodes/CreateAsteroid/CreateAsteroid
[LOG 11:04:36.504] Config(MEBASICNODE) SquadExpansion/MakingHistory/Nodes/CreateComet/CreateComet
[LOG 11:04:36.504] Config(MEBASICNODE) SquadExpansion/MakingHistory/Nodes/CreateFlag/CreateFlag
[LOG 11:04:36.504] Config(MEBASICNODE) SquadExpansion/MakingHistory/Nodes/CreateLaunchSite/CreateLaunchSite
[LOG 11:04:36.504] Config(MEBASICNODE) SquadExpansion/MakingHistory/Nodes/CreateVessel/CreateVessel
[LOG 11:04:36.504] Config(MEBASICNODE) SquadExpansion/MakingHistory/Nodes/CrewAssignment/TestCrewAssignment
[LOG 11:04:36.504] Config(MEBASICNODE) SquadExpansion/MakingHistory/Nodes/Destroyed/Crashed
[LOG 11:04:36.504] Config(MEBASICNODE) SquadExpansion/MakingHistory/Nodes/DialogMessage/DialogMessage
[LOG 11:04:36.504] Config(MEBASICNODE) SquadExpansion/MakingHistory/Nodes/Distance/Distance
[LOG 11:04:36.504] Config(MEBASICNODE) SquadExpansion/MakingHistory/Nodes/EmptyFalse/EmptyFalse
[LOG 11:04:36.505] Config(MEBASICNODE) SquadExpansion/MakingHistory/Nodes/EmptyTrue/EmptyTrue
[LOG 11:04:36.505] Config(MEBASICNODE) SquadExpansion/MakingHistory/Nodes/EscapeSOI/SOILeft
[LOG 11:04:36.505] Config(MEBASICNODE) SquadExpansion/MakingHistory/Nodes/EVA/EVA
[LOG 11:04:36.505] Config(MEBASICNODE) SquadExpansion/MakingHistory/Nodes/Flying/Flying
[LOG 11:04:36.505] Config(MEBASICNODE) SquadExpansion/MakingHistory/Nodes/FundsRecovery/FundsRecovery
[LOG 11:04:36.505] Config(MEBASICNODE) SquadExpansion/MakingHistory/Nodes/KerbalBoarded/TestKerbalBoarded
[LOG 11:04:36.505] Config(MEBASICNODE) SquadExpansion/MakingHistory/Nodes/KerbalKilled/EVA
[LOG 11:04:36.505] Config(MEBASICNODE) SquadExpansion/MakingHistory/Nodes/KerbalRecovery/KerbalRecovery
[LOG 11:04:36.505] Config(MEBASICNODE) SquadExpansion/MakingHistory/Nodes/KerbalRescue/KerbalRescue
[LOG 11:04:36.505] Config(MEBASICNODE) SquadExpansion/MakingHistory/Nodes/Landed/Landed
[LOG 11:04:36.505] Config(MEBASICNODE) SquadExpansion/MakingHistory/Nodes/Message/Message
[LOG 11:04:36.505] Config(MEBASICNODE) SquadExpansion/MakingHistory/Nodes/MissionFunds/MissionFunds
[LOG 11:04:36.505] Config(MEBASICNODE) SquadExpansion/MakingHistory/Nodes/MissionScore/MissionScore
[LOG 11:04:36.505] Config(MEBASICNODE) SquadExpansion/MakingHistory/Nodes/Orbit/Orbit
[LOG 11:04:36.505] Config(MEBASICNODE) SquadExpansion/MakingHistory/Nodes/OrbitParams/OrbitParams
[LOG 11:04:36.505] Config(MEBASICNODE) SquadExpansion/MakingHistory/Nodes/PartDocking/TestPartDocking
[LOG 11:04:36.505] Config(MEBASICNODE) SquadExpansion/MakingHistory/Nodes/PartFailure/PartFailure
[LOG 11:04:36.505] Config(MEBASICNODE) SquadExpansion/MakingHistory/Nodes/PartGrapple/TestGrapple
[LOG 11:04:36.505] Config(MEBASICNODE) SquadExpansion/MakingHistory/Nodes/PartRepair/PartRepair
[LOG 11:04:36.505] Config(MEBASICNODE) SquadExpansion/MakingHistory/Nodes/PlaceKerbal/CreateKerbal
[LOG 11:04:36.505] Config(MEBASICNODE) SquadExpansion/MakingHistory/Nodes/PlantFlag/PlantFlag
[LOG 11:04:36.505] Config(MEBASICNODE) SquadExpansion/MakingHistory/Nodes/ReachSOI/ReachSOI
[LOG 11:04:36.505] Config(MEBASICNODE) SquadExpansion/MakingHistory/Nodes/Resource/ResourceAmount
[LOG 11:04:36.505] Config(MEBASICNODE) SquadExpansion/MakingHistory/Nodes/ResourceRecovery/TestResourcesRecovery
[LOG 11:04:36.505] Config(MEBASICNODE) SquadExpansion/MakingHistory/Nodes/ScienceExperiment/ScienceExperiment
[LOG 11:04:36.505] Config(MEBASICNODE) SquadExpansion/MakingHistory/Nodes/SetCamera/SetCamera
[LOG 11:04:36.505] Config(MEBASICNODE) SquadExpansion/MakingHistory/Nodes/SplashDown/SplashDown
[LOG 11:04:36.505] Config(MEBASICNODE) SquadExpansion/MakingHistory/Nodes/StageActivated/TestVesselStageActivated
[LOG 11:04:36.505] Config(MEBASICNODE) SquadExpansion/MakingHistory/Nodes/TakeKerbal/TestTakeKerbal
[LOG 11:04:36.505] Config(MEBASICNODE) SquadExpansion/MakingHistory/Nodes/TestFlyThrough/TestFlyThrough
[LOG 11:04:36.505] Config(MEBASICNODE) SquadExpansion/MakingHistory/Nodes/TestGoTo/TestGoTo
[LOG 11:04:36.505] Config(MEBASICNODE) SquadExpansion/MakingHistory/Nodes/TimeMET/TimeMET
[LOG 11:04:36.505] Config(MEBASICNODE) SquadExpansion/MakingHistory/Nodes/TimeOfMission/TimeOfMission
[LOG 11:04:36.505] Config(MEBASICNODE) SquadExpansion/MakingHistory/Nodes/TimeSinceNode/TestTimeSinceNode
[LOG 11:04:36.505] Config(MEBASICNODE) SquadExpansion/MakingHistory/Nodes/VesselActiveCount/TestVesselActiveCount
[LOG 11:04:36.505] Config(MEBASICNODE) SquadExpansion/MakingHistory/Nodes/VesselAltitudeGoal/VesselAltitudeGoal
[LOG 11:04:36.505] Config(MEBASICNODE) SquadExpansion/MakingHistory/Nodes/VesselCrewCount/VeselCrewCount
[LOG 11:04:36.505] Config(MEBASICNODE) SquadExpansion/MakingHistory/Nodes/VesselMassLogic/VesselMass
[LOG 11:04:36.505] Config(MEBASICNODE) SquadExpansion/MakingHistory/Nodes/VesselPartCount/PartCount
[LOG 11:04:36.505] Config(MEBASICNODE) SquadExpansion/MakingHistory/Nodes/VesselRecovery/TestVesselRecovery
[LOG 11:04:36.505] Config(MEBASICNODE) SquadExpansion/MakingHistory/Nodes/VesselStage/TestVesselStage
[LOG 11:04:36.505] Config(MEBASICNODE) SquadExpansion/MakingHistory/Nodes/VesselVelocity/VesselVelocity
[LOG 11:04:36.506] Config(PART) SquadExpansion/MakingHistory/Parts/Aero/protectiveRocketNoseMk16/rocketNoseCone_size4/rocketNoseConeSize4
[LOG 11:04:36.506] Config(PART) SquadExpansion/MakingHistory/Parts/Aero/protectiveRocketNoseMk5A/Size_1_5_Cone/Size_1_5_Cone
[LOG 11:04:36.506] Config(PART) SquadExpansion/MakingHistory/Parts/Coupling/Decoupler_1p5/Decoupler_1p5
[LOG 11:04:36.506] Config(PART) SquadExpansion/MakingHistory/Parts/Coupling/Decoupler_4/Decoupler_4
[LOG 11:04:36.506] Config(PART) SquadExpansion/MakingHistory/Parts/Coupling/EnginePlate_1p5/EnginePlate1p5
[LOG 11:04:36.506] Config(PART) SquadExpansion/MakingHistory/Parts/Coupling/EnginePlate_2/EnginePlate2
[LOG 11:04:36.506] Config(PART) SquadExpansion/MakingHistory/Parts/Coupling/EnginePlate_3/EnginePlate3
[LOG 11:04:36.506] Config(PART) SquadExpansion/MakingHistory/Parts/Coupling/EnginePlate_4/EnginePlate4
[LOG 11:04:36.506] Config(PART) SquadExpansion/MakingHistory/Parts/Coupling/EnginePlate_5/EnginePlate5
[LOG 11:04:36.506] Config(PART) SquadExpansion/MakingHistory/Parts/Coupling/InflatableAirlock/InflatableAirlock
[LOG 11:04:36.506] Config(PART) SquadExpansion/MakingHistory/Parts/Coupling/Separator_1p5/Separator_1p5
[LOG 11:04:36.506] Config(PART) SquadExpansion/MakingHistory/Parts/Coupling/Separator_4/Separator_4
[LOG 11:04:36.506] Config(PART) SquadExpansion/MakingHistory/Parts/Coupling/Size1p5_Strut_Decoupler/Size1p5_Strut_Decoupler
[LOG 11:04:36.506] Config(PART) SquadExpansion/MakingHistory/Parts/Engine/LiquidEngineKE-1/LiquidEngineKE-1
[LOG 11:04:36.506] Config(PART) SquadExpansion/MakingHistory/Parts/Engine/LiquidEngineLV-T91/LiquidEngineLV-T91
[LOG 11:04:36.506] Config(PART) SquadExpansion/MakingHistory/Parts/Engine/LiquidEngineLV-TX87/LiquidEngineLV-TX87
[LOG 11:04:36.506] Config(PART) SquadExpansion/MakingHistory/Parts/Engine/LiquidEngineRE-I2/LiquidEngineRE-I2
[LOG 11:04:36.506] Config(PART) SquadExpansion/MakingHistory/Parts/Engine/LiquidEngineRE-J10/LiquidEngineRE-J10
[LOG 11:04:36.506] Config(PART) SquadExpansion/MakingHistory/Parts/Engine/LiquidEngineRK-7/LiquidEngineRK-7
[LOG 11:04:36.506] Config(PART) SquadExpansion/MakingHistory/Parts/Engine/LiquidEngineRV-1/LiquidEngineRV-1
[LOG 11:04:36.506] Config(PART) SquadExpansion/MakingHistory/Parts/Engine/solidBoosterTHK/solidBoosterTHK/Pollux
[LOG 11:04:36.506] Config(PART) SquadExpansion/MakingHistory/Parts/FuelTank/MonoPropMini/monopropMiniSphere
[LOG 11:04:36.506] Config(PART) SquadExpansion/MakingHistory/Parts/FuelTank/Size1p5_Monoprop/Size1p5_Monoprop
[LOG 11:04:36.506] Config(PART) SquadExpansion/MakingHistory/Parts/FuelTank/Size1p5_Size0_Adapter_01/Size1p5_Size0_Adapter_01
[LOG 11:04:36.506] Config(PART) SquadExpansion/MakingHistory/Parts/FuelTank/Size1p5_Size1_Adapter_01/Size1p5_Size1_Adapter_01
[LOG 11:04:36.506] Config(PART) SquadExpansion/MakingHistory/Parts/FuelTank/Size1p5_Size1_Adapter_02/Size1p5_Size1_Adapter_02
[LOG 11:04:36.506] Config(PART) SquadExpansion/MakingHistory/Parts/FuelTank/Size1p5_Size2_Adapter_01/Size1p5_Size2_Adapter_01
[LOG 11:04:36.506] Config(PART) SquadExpansion/MakingHistory/Parts/FuelTank/Size1p5_Tank_01/Size1p5_Tank_01
[LOG 11:04:36.506] Config(PART) SquadExpansion/MakingHistory/Parts/FuelTank/Size1p5_Tank_02/Size1p5_Tank_02
[LOG 11:04:36.506] Config(PART) SquadExpansion/MakingHistory/Parts/FuelTank/Size1p5_Tank_03/Size1p5_Tank_03
[LOG 11:04:36.506] Config(PART) SquadExpansion/MakingHistory/Parts/FuelTank/Size1p5_Tank_04/Size1p5_Tank_04
[LOG 11:04:36.506] Config(PART) SquadExpansion/MakingHistory/Parts/FuelTank/Size1p5_Tank_05/Size1p5_Tank_05
[LOG 11:04:36.506] Config(PART) SquadExpansion/MakingHistory/Parts/FuelTank/Size3_Size4_Adapter_01/Size3_Size4_Adapter_01
[LOG 11:04:36.506] Config(PART) SquadExpansion/MakingHistory/Parts/FuelTank/Size4_EngineAdapter_01/Size4_EngineAdapter_01
[LOG 11:04:36.506] Config(PART) SquadExpansion/MakingHistory/Parts/FuelTank/Size4_Tank_01/Size4_Tank_01
[LOG 11:04:36.506] Config(PART) SquadExpansion/MakingHistory/Parts/FuelTank/Size4_Tank_02/Size4_Tank_02
[LOG 11:04:36.506] Config(PART) SquadExpansion/MakingHistory/Parts/FuelTank/Size4_Tank_03/Size4_Tank_03
[LOG 11:04:36.507] Config(PART) SquadExpansion/MakingHistory/Parts/FuelTank/Size4_Tank_04/Size4_Tank_04
[LOG 11:04:36.507] Config(PART) SquadExpansion/MakingHistory/Parts/Ground/RoverWheel/roverWheelM1-F
[LOG 11:04:36.507] Config(PART) SquadExpansion/MakingHistory/Parts/Payload/fairingSize1p5/fairingSize1p5
[LOG 11:04:36.507] Config(PART) SquadExpansion/MakingHistory/Parts/Payload/fairingSize4/fairingSize4
[LOG 11:04:36.507] Config(PART) SquadExpansion/MakingHistory/Parts/Payload/Size1to0ServiceModule/Size1to0ServiceModule
[LOG 11:04:36.507] Config(PART) SquadExpansion/MakingHistory/Parts/Payload/SM18/ServiceModule18
[LOG 11:04:36.507] Config(PART) SquadExpansion/MakingHistory/Parts/Payload/SM25/ServiceModule25
[LOG 11:04:36.507] Config(PART) SquadExpansion/MakingHistory/Parts/Pods/KV1Pod/kv1Pod
[LOG 11:04:36.507] Config(PART) SquadExpansion/MakingHistory/Parts/Pods/KV2Pod/kv2Pod
[LOG 11:04:36.507] Config(PART) SquadExpansion/MakingHistory/Parts/Pods/KV3Pod/kv3Pod
[LOG 11:04:36.507] Config(PART) SquadExpansion/MakingHistory/Parts/Pods/Mk2Pod/Mk2Pod
[LOG 11:04:36.507] Config(PART) SquadExpansion/MakingHistory/Parts/Pods/Size1_5_Lander/MEMLander
[LOG 11:04:36.507] Config(PART) SquadExpansion/MakingHistory/Parts/Prebuilt/kerbalEVAfemaleVintage/kerbalEVAfemaleVintage
[LOG 11:04:36.507] Config(PART) SquadExpansion/MakingHistory/Parts/Prebuilt/kerbalEVAVintage/kerbalEVAVintage
[LOG 11:04:36.507] Config(PART) SquadExpansion/MakingHistory/Parts/Structural/EquiTriangle0/EquiTriangle0
[LOG 11:04:36.507] Config(PART) SquadExpansion/MakingHistory/Parts/Structural/EquiTriangle1/EquiTriangle1
[LOG 11:04:36.507] Config(PART) SquadExpansion/MakingHistory/Parts/Structural/EquiTriangle1p5/EquiTriangle1p5
[LOG 11:04:36.507] Config(PART) SquadExpansion/MakingHistory/Parts/Structural/EquiTriangle2/EquiTriangle2
[LOG 11:04:36.507] Config(PART) SquadExpansion/MakingHistory/Parts/Structural/Panel0/Panel0
[LOG 11:04:36.507] Config(PART) SquadExpansion/MakingHistory/Parts/Structural/Panel1/Panel1
[LOG 11:04:36.507] Config(PART) SquadExpansion/MakingHistory/Parts/Structural/Panel1p5/Panel1p5
[LOG 11:04:36.507] Config(PART) SquadExpansion/MakingHistory/Parts/Structural/Panel2/Panel2
[LOG 11:04:36.507] Config(PART) SquadExpansion/MakingHistory/Parts/Structural/Triangle0/Triangle0
[LOG 11:04:36.507] Config(PART) SquadExpansion/MakingHistory/Parts/Structural/Triangle1/Triangle1
[LOG 11:04:36.507] Config(PART) SquadExpansion/MakingHistory/Parts/Structural/Triangle1p5/Triangle1p5
[LOG 11:04:36.507] Config(PART) SquadExpansion/MakingHistory/Parts/Structural/Triangle2/Triangle2
[LOG 11:04:36.507] Config(PART) SquadExpansion/MakingHistory/Parts/Structural/Tube1/Tube1
[LOG 11:04:36.507] Config(PART) SquadExpansion/MakingHistory/Parts/Structural/Tube1p5/Tube1p5
[LOG 11:04:36.507] Config(PART) SquadExpansion/MakingHistory/Parts/Structural/Tube2/Tube2
[LOG 11:04:36.507] Config(PART) SquadExpansion/MakingHistory/Parts/Structural/Tube3/Tube3
[LOG 11:04:36.507] Config(PART) SquadExpansion/MakingHistory/Parts/Structural/Tube4/Tube4
[LOG 11:04:36.507] Config(PART) SquadExpansion/MakingHistory/Parts/Thermal/HeatShield1p5/HeatShield1p5
[LOG 11:04:36.507] Config(PART) SquadExpansion/MakingHistory/Parts/Utility/flags/flagSize1p5/flagSize1p5/flagPartSize1p5
[LOG 11:04:36.507] Config(PART) SquadExpansion/MakingHistory/Parts/Utility/flags/flagSize4/flagSize4/flagPartSize4
[LOG 11:04:36.507] Config(INTERNAL) SquadExpansion/MakingHistory/Spaces/KVPods/Airlock_Internal/Airlock_IVA
[LOG 11:04:36.507] Config(INTERNAL) SquadExpansion/MakingHistory/Spaces/KVPods/KV1_Internal/KV1_IVA
[LOG 11:04:36.507] Config(INTERNAL) SquadExpansion/MakingHistory/Spaces/KVPods/KV2_Internal/KV2_IVA
[LOG 11:04:36.507] Config(INTERNAL) SquadExpansion/MakingHistory/Spaces/KVPods/KV3_Internal/KV3_IVA
[LOG 11:04:36.507] Config(INTERNAL) SquadExpansion/MakingHistory/Spaces/MEM/MEM_IVA/MEM_IVA
[LOG 11:04:36.507] Config(INTERNAL) SquadExpansion/MakingHistory/Spaces/Mk2Pod/Mk2Pod_Internal/MK2POD_IVA
[LOG 11:04:36.507] Config(Contracts) SquadExpansion/Serenity/Contracts/contracts/Contracts
[LOG 11:04:36.507] Config(EXPERIENCE_TRAIT) SquadExpansion/Serenity/Experience/Traits/Engineer
[LOG 11:04:36.507] Config(EXPERIENCE_TRAIT) SquadExpansion/Serenity/Experience/Traits/Scientist
[LOG 11:04:36.507] Config(Localization) SquadExpansion/Serenity/Localization/dictionary/Localization
[LOG 11:04:36.507] Config(PART) SquadExpansion/Serenity/Parts/Aero/FanShroud_01/FanShroud_01
[LOG 11:04:36.507] Config(PART) SquadExpansion/Serenity/Parts/Aero/FanShroud_02/FanShroud_02
[LOG 11:04:36.507] Config(PART) SquadExpansion/Serenity/Parts/Aero/FanShroud_03/FanShroud_03
[LOG 11:04:36.507] Config(PART) SquadExpansion/Serenity/Parts/Aero/noseconeTiny/noseconeTiny
[LOG 11:04:36.507] Config(PART) SquadExpansion/Serenity/Parts/Aero/noseconeVS/noseconeVS
[LOG 11:04:36.507] Config(PART) SquadExpansion/Serenity/Parts/DeployedScience/centralStation/DeployedCentralStation
[LOG 11:04:36.507] Config(PART) SquadExpansion/Serenity/Parts/DeployedScience/gooObservation/DeployedGoExOb
[LOG 11:04:36.507] Config(PART) SquadExpansion/Serenity/Parts/DeployedScience/ionCollector/DeployedIONExp
[LOG 11:04:36.507] Config(PART) SquadExpansion/Serenity/Parts/DeployedScience/rtg/DeployedRTG
[LOG 11:04:36.507] Config(PART) SquadExpansion/Serenity/Parts/DeployedScience/satDish/DeployedSatDish
[LOG 11:04:36.507] Config(PART) SquadExpansion/Serenity/Parts/DeployedScience/seismicSensor/DeployedSeismicSensor
[LOG 11:04:36.507] Config(PART) SquadExpansion/Serenity/Parts/DeployedScience/solarPanel/DeployedSolarPanel
[LOG 11:04:36.507] Config(PART) SquadExpansion/Serenity/Parts/DeployedScience/weatherStation/DeployedWeatherStn
[LOG 11:04:36.507] Config(PART) SquadExpansion/Serenity/Parts/Prebuilt/kerbalEVA/kerbalEVA
[LOG 11:04:36.508] Config(PART) SquadExpansion/Serenity/Parts/Prebuilt/kerbalEVAfemale/kerbalEVAfemale
[LOG 11:04:36.508] Config(PART) SquadExpansion/Serenity/Parts/Prebuilt/kerbalEVAfemaleFuture/kerbalEVAfemaleFuture
[LOG 11:04:36.508] Config(PART) SquadExpansion/Serenity/Parts/Prebuilt/kerbalEVAfemaleVintage/kerbalEVAfemaleVintage
[LOG 11:04:36.508] Config(PART) SquadExpansion/Serenity/Parts/Prebuilt/kerbalEVAFuture/kerbalEVAFuture
[LOG 11:04:36.508] Config(PART) SquadExpansion/Serenity/Parts/Prebuilt/kerbalEVASlimSuit/kerbalEVASlimSuit
[LOG 11:04:36.508] Config(PART) SquadExpansion/Serenity/Parts/Prebuilt/kerbalEVASlimSuitFemale/kerbalEVASlimSuitFemale
[LOG 11:04:36.508] Config(PART) SquadExpansion/Serenity/Parts/Prebuilt/kerbalEVAVintage/kerbalEVAVintage
[LOG 11:04:36.508] Config(PART) SquadExpansion/Serenity/Parts/Propellers/largeFanBlade/largeFanBlade
[LOG 11:04:36.508] Config(PART) SquadExpansion/Serenity/Parts/Propellers/largeHeliBlade/largeHeliBlade
[LOG 11:04:36.508] Config(PART) SquadExpansion/Serenity/Parts/Propellers/largePropeller/largePropeller
[LOG 11:04:36.508] Config(PART) SquadExpansion/Serenity/Parts/Propellers/mediumFanBlade/mediumFanBlade
[LOG 11:04:36.508] Config(PART) SquadExpansion/Serenity/Parts/Propellers/mediumHeliBlade/mediumHeliBlade
[LOG 11:04:36.508] Config(PART) SquadExpansion/Serenity/Parts/Propellers/mediumPropeller/mediumPropeller
[LOG 11:04:36.508] Config(PART) SquadExpansion/Serenity/Parts/Propellers/smallFanBlade/smallFanBlade
[LOG 11:04:36.508] Config(PART) SquadExpansion/Serenity/Parts/Propellers/smallHeliBlade/smallHeliBlade
[LOG 11:04:36.508] Config(PART) SquadExpansion/Serenity/Parts/Propellers/smallPropeller/smallPropeller
[LOG 11:04:36.508] Config(PART) SquadExpansion/Serenity/Parts/Robotics/hinge_01/hinge_01
[LOG 11:04:36.508] Config(PART) SquadExpansion/Serenity/Parts/Robotics/hinge_01_s/hinge_01_s
[LOG 11:04:36.508] Config(PART) SquadExpansion/Serenity/Parts/Robotics/hinge_03/hinge_03
[LOG 11:04:36.508] Config(PART) SquadExpansion/Serenity/Parts/Robotics/hinge_03_s/hinge_03_s
[LOG 11:04:36.508] Config(PART) SquadExpansion/Serenity/Parts/Robotics/hinge_04/hinge_04
[LOG 11:04:36.508] Config(PART) SquadExpansion/Serenity/Parts/Robotics/piston_01/piston_01
[LOG 11:04:36.508] Config(PART) SquadExpansion/Serenity/Parts/Robotics/piston_02/piston_02
[LOG 11:04:36.508] Config(PART) SquadExpansion/Serenity/Parts/Robotics/piston_03/piston_03
[LOG 11:04:36.508] Config(PART) SquadExpansion/Serenity/Parts/Robotics/piston_04/piston_04
[LOG 11:04:36.508] Config(PART) SquadExpansion/Serenity/Parts/Robotics/RotorEngine_02/RotorEngine_02
[LOG 11:04:36.508] Config(PART) SquadExpansion/Serenity/Parts/Robotics/RotorEngine_03/RotorEngine_03
[LOG 11:04:36.508] Config(PART) SquadExpansion/Serenity/Parts/Robotics/rotor_01/rotor_01
[LOG 11:04:36.508] Config(PART) SquadExpansion/Serenity/Parts/Robotics/rotor_01s/rotor_01s
[LOG 11:04:36.508] Config(PART) SquadExpansion/Serenity/Parts/Robotics/rotor_02/rotor_02
[LOG 11:04:36.508] Config(PART) SquadExpansion/Serenity/Parts/Robotics/rotor_02s/rotor_02s
[LOG 11:04:36.508] Config(PART) SquadExpansion/Serenity/Parts/Robotics/rotor_03/rotor_03
[LOG 11:04:36.508] Config(PART) SquadExpansion/Serenity/Parts/Robotics/rotor_03s/rotor_03s
[LOG 11:04:36.508] Config(PART) SquadExpansion/Serenity/Parts/Robotics/rotoServo_00/rotoServo_00
[LOG 11:04:36.508] Config(PART) SquadExpansion/Serenity/Parts/Robotics/rotoServo_02/rotoServo_02
[LOG 11:04:36.508] Config(PART) SquadExpansion/Serenity/Parts/Robotics/rotoServo_03/rotoServo_03
[LOG 11:04:36.508] Config(PART) SquadExpansion/Serenity/Parts/Robotics/rotoServo_04/rotoServo_04
[LOG 11:04:36.508] Config(PART) SquadExpansion/Serenity/Parts/Robotics/Controllers/KAL1000/controller1000
[LOG 11:04:36.508] Config(PART) SquadExpansion/Serenity/Parts/Science/RobotArmScanner/RobotArmScanner_S1/RobotArmScanner_S1
[LOG 11:04:36.509] Config(PART) SquadExpansion/Serenity/Parts/Science/RobotArmScanner/RobotArmScanner_S2/RobotArmScanner_S2
[LOG 11:04:36.509] Config(PART) SquadExpansion/Serenity/Parts/Science/RobotArmScanner/RobotArmScanner_S3/RobotArmScanner_S3
[LOG 11:04:36.509] Config(PART) SquadExpansion/Serenity/Parts/Structural/gripPads/lGripPad/lGripPad
[LOG 11:04:36.509] Config(PART) SquadExpansion/Serenity/Parts/Structural/gripPads/lGripStrip/lGripStrip
[LOG 11:04:36.509] Config(PART) SquadExpansion/Serenity/Parts/Structural/gripPads/mGripPad/mGripPad
[LOG 11:04:36.509] Config(PART) SquadExpansion/Serenity/Parts/Structural/gripPads/sGripPad/sGripPad
[LOG 11:04:36.509] Config(PART) SquadExpansion/Serenity/Parts/Structural/gripPads/sGripStrip/sGripStrip
[LOG 11:04:36.509] Config(DEPLOYEDSCIENCE) SquadExpansion/Serenity/Resources/DeployedScience/DEPLOYEDSCIENCE
[LOG 11:04:36.509] Config(PHYSICMATERIAL_DEFINITION) SquadExpansion/Serenity/Resources/PhysicsMaterials/MediumGrip
[LOG 11:04:36.509] Config(PHYSICMATERIAL_DEFINITION) SquadExpansion/Serenity/Resources/PhysicsMaterials/HighGrip
[LOG 11:04:36.509] Config(PHYSICMATERIAL_DEFINITION) SquadExpansion/Serenity/Resources/PhysicsMaterials/ExtremeGrip
[LOG 11:04:36.509] Config(PHYSICMATERIAL_DEFINITION) SquadExpansion/Serenity/Resources/PhysicsMaterials/LowGrip
[LOG 11:04:36.509] Config(PHYSICMATERIAL_DEFINITION) SquadExpansion/Serenity/Resources/PhysicsMaterials/Default
[LOG 11:04:36.509] Config(ROC_DEFINITION) SquadExpansion/Serenity/Resources/rocsdef/ROC_DEFINITION
[LOG 11:04:36.509] Config(ROC_DEFINITION) SquadExpansion/Serenity/Resources/rocsdef/ROC_DEFINITION
[LOG 11:04:36.509] Config(ROC_DEFINITION) SquadExpansion/Serenity/Resources/rocsdef/ROC_DEFINITION
[LOG 11:04:36.509] Config(ROC_DEFINITION) SquadExpansion/Serenity/Resources/rocsdef/ROC_DEFINITION
[LOG 11:04:36.509] Config(ROC_DEFINITION) SquadExpansion/Serenity/Resources/rocsdef/ROC_DEFINITION
[LOG 11:04:36.509] Config(ROC_DEFINITION) SquadExpansion/Serenity/Resources/rocsdef/ROC_DEFINITION
[LOG 11:04:36.509] Config(ROC_DEFINITION) SquadExpansion/Serenity/Resources/rocsdef/ROC_DEFINITION
[LOG 11:04:36.509] Config(ROC_DEFINITION) SquadExpansion/Serenity/Resources/rocsdef/ROC_DEFINITION
[LOG 11:04:36.509] Config(ROC_DEFINITION) SquadExpansion/Serenity/Resources/rocsdef/ROC_DEFINITION
[LOG 11:04:36.509] Config(ROC_DEFINITION) SquadExpansion/Serenity/Resources/rocsdef/ROC_DEFINITION
[LOG 11:04:36.509] Config(ROC_DEFINITION) SquadExpansion/Serenity/Resources/rocsdef/ROC_DEFINITION
[LOG 11:04:36.509] Config(ROC_DEFINITION) SquadExpansion/Serenity/Resources/rocsdef/ROC_DEFINITION
[LOG 11:04:36.509] Config(ROC_DEFINITION) SquadExpansion/Serenity/Resources/rocsdef/ROC_DEFINITION
[LOG 11:04:36.509] Config(ROC_DEFINITION) SquadExpansion/Serenity/Resources/rocsdef/ROC_DEFINITION
[LOG 11:04:36.509] Config(ROC_DEFINITION) SquadExpansion/Serenity/Resources/rocsdef/ROC_DEFINITION
[LOG 11:04:36.509] Config(ROC_DEFINITION) SquadExpansion/Serenity/Resources/rocsdef/ROC_DEFINITION
[LOG 11:04:36.509] Config(ROC_DEFINITION) SquadExpansion/Serenity/Resources/rocsdef/ROC_DEFINITION
[LOG 11:04:36.509] Config(ROC_DEFINITION) SquadExpansion/Serenity/Resources/rocsdef/ROC_DEFINITION
[LOG 11:04:36.509] Config(ROC_DEFINITION) SquadExpansion/Serenity/Resources/rocsdef/ROC_DEFINITION
[LOG 11:04:36.509] Config(ROC_DEFINITION) SquadExpansion/Serenity/Resources/rocsdef/ROC_DEFINITION
[LOG 11:04:36.509] Config(ROC_DEFINITION) SquadExpansion/Serenity/Resources/rocsdef/ROC_DEFINITION
[LOG 11:04:36.509] Config(ROC_DEFINITION) SquadExpansion/Serenity/Resources/rocsdef/ROC_DEFINITION
[LOG 11:04:36.509] Config(ROC_DEFINITION) SquadExpansion/Serenity/Resources/rocsdef/ROC_DEFINITION
[LOG 11:04:36.509] Config(ROC_DEFINITION) SquadExpansion/Serenity/Resources/rocsdef/ROC_DEFINITION
[LOG 11:04:36.509] Config(ROC_DEFINITION) SquadExpansion/Serenity/Resources/rocsdef/ROC_DEFINITION
[LOG 11:04:36.509] Config(ROC_DEFINITION) SquadExpansion/Serenity/Resources/rocsdef/ROC_DEFINITION
[LOG 11:04:36.509] Config(ROC_DEFINITION) SquadExpansion/Serenity/Resources/rocsdef/ROC_DEFINITION
[LOG 11:04:36.509] Config(ROC_DEFINITION) SquadExpansion/Serenity/Resources/rocsdef/ROC_DEFINITION
[LOG 11:04:36.509] Config(ROC_DEFINITION) SquadExpansion/Serenity/Resources/rocsdef/ROC_DEFINITION
[LOG 11:04:36.509] Config(ROC_DEFINITION) SquadExpansion/Serenity/Resources/rocsdef/ROC_DEFINITION
[LOG 11:04:36.509] Config(ROC_DEFINITION) SquadExpansion/Serenity/Resources/rocsdef/ROC_DEFINITION
[LOG 11:04:36.509] Config(ROC_DEFINITION) SquadExpansion/Serenity/Resources/rocsdef/ROC_DEFINITION
[LOG 11:04:36.509] Config(ROC_DEFINITION) SquadExpansion/Serenity/Resources/rocsdef/ROC_DEFINITION
[LOG 11:04:36.509] Config(ROC_DEFINITION) SquadExpansion/Serenity/Resources/rocsdef/ROC_DEFINITION
[LOG 11:04:36.509] Config(EXPERIMENT_DEFINITION) SquadExpansion/Serenity/Resources/ScienceDefs/EXPERIMENT_DEFINITION
[LOG 11:04:36.509] Config(EXPERIMENT_DEFINITION) SquadExpansion/Serenity/Resources/ScienceDefs/EXPERIMENT_DEFINITION
[LOG 11:04:36.509] Config(EXPERIMENT_DEFINITION) SquadExpansion/Serenity/Resources/ScienceDefs/EXPERIMENT_DEFINITION
[LOG 11:04:36.509] Config(EXPERIMENT_DEFINITION) SquadExpansion/Serenity/Resources/ScienceDefs/EXPERIMENT_DEFINITION
[LOG 11:04:36.509] Config(EXPERIMENT_DEFINITION) SquadExpansion/Serenity/Resources/ScienceDefs/EXPERIMENT_DEFINITION
[LOG 11:04:36.509] Config(EXPERIMENT_DEFINITION) SquadExpansion/Serenity/Resources/ScienceDefs/EXPERIMENT_DEFINITION
[LOG 11:04:36.509] Config(EXPERIMENT_DEFINITION) SquadExpansion/Serenity/Resources/ScienceDefs/EXPERIMENT_DEFINITION
[LOG 11:04:36.509] Config(EXPERIMENT_DEFINITION) SquadExpansion/Serenity/Resources/ScienceDefs/EXPERIMENT_DEFINITION
[LOG 11:04:36.509] Config(EXPERIMENT_DEFINITION) SquadExpansion/Serenity/Resources/ScienceDefs/EXPERIMENT_DEFINITION
[LOG 11:04:36.509] Config(EXPERIMENT_DEFINITION) SquadExpansion/Serenity/Resources/ScienceDefs/EXPERIMENT_DEFINITION
[LOG 11:04:36.509] Config(EXPERIMENT_DEFINITION) SquadExpansion/Serenity/Resources/ScienceDefs/EXPERIMENT_DEFINITION
[LOG 11:04:36.509] Config(EXPERIMENT_DEFINITION) SquadExpansion/Serenity/Resources/ScienceDefs/EXPERIMENT_DEFINITION
[LOG 11:04:36.509] Config(EXPERIMENT_DEFINITION) SquadExpansion/Serenity/Resources/ScienceDefs/EXPERIMENT_DEFINITION
[LOG 11:04:36.509] Config(EXPERIMENT_DEFINITION) SquadExpansion/Serenity/Resources/ScienceDefs/EXPERIMENT_DEFINITION
[LOG 11:04:36.509] Config(EXPERIMENT_DEFINITION) SquadExpansion/Serenity/Resources/ScienceDefs/EXPERIMENT_DEFINITION
[LOG 11:04:36.509] Config(EXPERIMENT_DEFINITION) SquadExpansion/Serenity/Resources/ScienceDefs/EXPERIMENT_DEFINITION
[LOG 11:04:36.509] Config(EXPERIMENT_DEFINITION) SquadExpansion/Serenity/Resources/ScienceDefs/EXPERIMENT_DEFINITION
[LOG 11:04:36.509] Config(EXPERIMENT_DEFINITION) SquadExpansion/Serenity/Resources/ScienceDefs/EXPERIMENT_DEFINITION
[LOG 11:04:36.511] Config(EXPERIMENT_DEFINITION) SquadExpansion/Serenity/Resources/ScienceDefs/EXPERIMENT_DEFINITION
[LOG 11:04:36.511] Config(EXPERIMENT_DEFINITION) SquadExpansion/Serenity/Resources/ScienceDefs/EXPERIMENT_DEFINITION
[LOG 11:04:36.511] Config(EXPERIMENT_DEFINITION) SquadExpansion/Serenity/Resources/ScienceDefs/EXPERIMENT_DEFINITION
[LOG 11:04:36.511] Config(EXPERIMENT_DEFINITION) SquadExpansion/Serenity/Resources/ScienceDefs/EXPERIMENT_DEFINITION
[LOG 11:04:36.511] Config(EXPERIMENT_DEFINITION) SquadExpansion/Serenity/Resources/ScienceDefs/EXPERIMENT_DEFINITION
[LOG 11:04:36.511] Config(EXPERIMENT_DEFINITION) SquadExpansion/Serenity/Resources/ScienceDefs/EXPERIMENT_DEFINITION
[LOG 11:04:36.511] Config(EXPERIMENT_DEFINITION) SquadExpansion/Serenity/Resources/ScienceDefs/EXPERIMENT_DEFINITION
[LOG 11:04:36.511] Config(EXPERIMENT_DEFINITION) SquadExpansion/Serenity/Resources/ScienceDefs/EXPERIMENT_DEFINITION
[LOG 11:04:36.511] Config(EXPERIMENT_DEFINITION) SquadExpansion/Serenity/Resources/ScienceDefs/EXPERIMENT_DEFINITION
[LOG 11:04:36.511] Config(EXPERIMENT_DEFINITION) SquadExpansion/Serenity/Resources/ScienceDefs/EXPERIMENT_DEFINITION
[LOG 11:04:36.511] Config(EXPERIMENT_DEFINITION) SquadExpansion/Serenity/Resources/ScienceDefs/EXPERIMENT_DEFINITION
[LOG 11:04:36.511] Config(EXPERIMENT_DEFINITION) SquadExpansion/Serenity/Resources/ScienceDefs/EXPERIMENT_DEFINITION
[LOG 11:04:36.511] Config(EXPERIMENT_DEFINITION) SquadExpansion/Serenity/Resources/ScienceDefs/EXPERIMENT_DEFINITION
[LOG 11:04:36.511] Config(EXPERIMENT_DEFINITION) SquadExpansion/Serenity/Resources/ScienceDefs/EXPERIMENT_DEFINITION
[LOG 11:04:36.511] Config(EXPERIMENT_DEFINITION) SquadExpansion/Serenity/Resources/ScienceDefs/EXPERIMENT_DEFINITION
[LOG 11:04:36.511] Config(EXPERIMENT_DEFINITION) SquadExpansion/Serenity/Resources/ScienceDefs/EXPERIMENT_DEFINITION
[LOG 11:04:36.511] Config(EXPERIMENT_DEFINITION) SquadExpansion/Serenity/Resources/ScienceDefs/EXPERIMENT_DEFINITION
[LOG 11:04:36.511] Config(EXPERIMENT_DEFINITION) SquadExpansion/Serenity/Resources/ScienceDefs/EXPERIMENT_DEFINITION
[LOG 11:04:36.511] Config(EXPERIMENT_DEFINITION) SquadExpansion/Serenity/Resources/ScienceDefs/EXPERIMENT_DEFINITION
[LOG 11:04:36.511] Config(EXPERIMENT_DEFINITION) SquadExpansion/Serenity/Resources/ScienceDefs/EXPERIMENT_DEFINITION
[LOG 11:04:36.511] Config(STORY_DEF) SquadExpansion/Serenity/Resources/StoryDefs/STORY_DEF
[LOG 11:04:36.511] Compiling Configs Completed.
[LOG 11:04:36.513] Resource LiquidFuel added to database
[LOG 11:04:36.513] Resource Oxidizer added to database
[LOG 11:04:36.513] Resource SolidFuel added to database
[LOG 11:04:36.514] Resource MonoPropellant added to database
[LOG 11:04:36.514] Resource XenonGas added to database
[LOG 11:04:36.514] Resource ElectricCharge added to database
[LOG 11:04:36.514] Resource IntakeAir added to database
[LOG 11:04:36.514] Resource EVA Propellant added to database
[LOG 11:04:36.514] Resource Ore added to database
[LOG 11:04:36.514] Resource Ablator added to database
[LOG 11:04:36.515] Resource MediumGrip added to database
[LOG 11:04:36.515] Resource HighGrip added to database
[LOG 11:04:36.515] Resource ExtremeGrip added to database
[LOG 11:04:36.515] Resource LowGrip added to database
[LOG 11:04:36.515] Resource Default added to database
[LOG 11:04:36.516] CodeAssetLoader: Compiling all code assets
[LOG 11:04:36.519] ExperienceSystemConfig: Added Effect 'DeployedSciencePowerSkill' to Trait 'Ingénieur'
[LOG 11:04:36.519] ExperienceSystemConfig: Added Effect 'DeployedScienceExpSkill' to Trait 'Scientifique'
[LOG 11:04:36.524] ConfigNode[]
[LOG 11:04:36.524] GameDatabase: Assets loaded in 6.876s
[LOG 11:04:36.613] [Kopernicus] Loaded 'C:/Users/lhervier/Perso/ksp-dev/KSP_x64_Data/../GameData/RealSolarSystem\RSSKopernicus\Cache\Ariel.bin'
[LOG 11:04:36.623] [Kopernicus] Loaded 'C:/Users/lhervier/Perso/ksp-dev/KSP_x64_Data/../GameData/RealSolarSystem\RSSKopernicus\Cache\Callisto.bin'
[LOG 11:04:36.632] [Kopernicus] Loaded 'C:/Users/lhervier/Perso/ksp-dev/KSP_x64_Data/../GameData/RealSolarSystem\RSSKopernicus\Cache\Ceres.bin'
[LOG 11:04:36.642] [Kopernicus] Loaded 'C:/Users/lhervier/Perso/ksp-dev/KSP_x64_Data/../GameData/RealSolarSystem\RSSKopernicus\Cache\Charon.bin'
[LOG 11:04:36.651] [Kopernicus] Loaded 'C:/Users/lhervier/Perso/ksp-dev/KSP_x64_Data/../GameData/RealSolarSystem\RSSKopernicus\Cache\Deimos.bin'
[LOG 11:04:36.661] [Kopernicus] Loaded 'C:/Users/lhervier/Perso/ksp-dev/KSP_x64_Data/../GameData/RealSolarSystem\RSSKopernicus\Cache\Dione.bin'
[LOG 11:04:36.671] [Kopernicus] Loaded 'C:/Users/lhervier/Perso/ksp-dev/KSP_x64_Data/../GameData/RealSolarSystem\RSSKopernicus\Cache\Earth.bin'
[LOG 11:04:36.681] [Kopernicus] Loaded 'C:/Users/lhervier/Perso/ksp-dev/KSP_x64_Data/../GameData/RealSolarSystem\RSSKopernicus\Cache\Enceladus.bin'
[LOG 11:04:36.695] [Kopernicus] Loaded 'C:/Users/lhervier/Perso/ksp-dev/KSP_x64_Data/../GameData/RealSolarSystem\RSSKopernicus\Cache\Europa.bin'
[LOG 11:04:36.709] [Kopernicus] Loaded 'C:/Users/lhervier/Perso/ksp-dev/KSP_x64_Data/../GameData/RealSolarSystem\RSSKopernicus\Cache\Ganymede.bin'
[LOG 11:04:36.720] [Kopernicus] Loaded 'C:/Users/lhervier/Perso/ksp-dev/KSP_x64_Data/../GameData/RealSolarSystem\RSSKopernicus\Cache\Iapetus.bin'
[LOG 11:04:36.729] [Kopernicus] Loaded 'C:/Users/lhervier/Perso/ksp-dev/KSP_x64_Data/../GameData/RealSolarSystem\RSSKopernicus\Cache\Io.bin'
[LOG 11:04:36.739] [Kopernicus] Loaded 'C:/Users/lhervier/Perso/ksp-dev/KSP_x64_Data/../GameData/RealSolarSystem\RSSKopernicus\Cache\JupiterOblate.bin'
[LOG 11:04:36.749] [Kopernicus] Loaded 'C:/Users/lhervier/Perso/ksp-dev/KSP_x64_Data/../GameData/RealSolarSystem\RSSKopernicus\Cache\Mars.bin'
[LOG 11:04:36.758] [Kopernicus] Loaded 'C:/Users/lhervier/Perso/ksp-dev/KSP_x64_Data/../GameData/RealSolarSystem\RSSKopernicus\Cache\Mercury.bin'
[LOG 11:04:36.767] [Kopernicus] Loaded 'C:/Users/lhervier/Perso/ksp-dev/KSP_x64_Data/../GameData/RealSolarSystem\RSSKopernicus\Cache\Mimas.bin'
[LOG 11:04:36.777] [Kopernicus] Loaded 'C:/Users/lhervier/Perso/ksp-dev/KSP_x64_Data/../GameData/RealSolarSystem\RSSKopernicus\Cache\Miranda.bin'
[LOG 11:04:36.787] [Kopernicus] Loaded 'C:/Users/lhervier/Perso/ksp-dev/KSP_x64_Data/../GameData/RealSolarSystem\RSSKopernicus\Cache\Moon.bin'
[LOG 11:04:36.796] [Kopernicus] Loaded 'C:/Users/lhervier/Perso/ksp-dev/KSP_x64_Data/../GameData/RealSolarSystem\RSSKopernicus\Cache\NeptuneOblate.bin'
[LOG 11:04:36.809] [Kopernicus] Loaded 'C:/Users/lhervier/Perso/ksp-dev/KSP_x64_Data/../GameData/RealSolarSystem\RSSKopernicus\Cache\Oberon.bin'
[LOG 11:04:36.819] [Kopernicus] Loaded 'C:/Users/lhervier/Perso/ksp-dev/KSP_x64_Data/../GameData/RealSolarSystem\RSSKopernicus\Cache\Phobos.bin'
[LOG 11:04:36.828] [Kopernicus] Loaded 'C:/Users/lhervier/Perso/ksp-dev/KSP_x64_Data/../GameData/RealSolarSystem\RSSKopernicus\Cache\Pluto.bin'
[LOG 11:04:36.838] [Kopernicus] Loaded 'C:/Users/lhervier/Perso/ksp-dev/KSP_x64_Data/../GameData/RealSolarSystem\RSSKopernicus\Cache\Rhea.bin'
[LOG 11:04:36.847] [Kopernicus] Loaded 'C:/Users/lhervier/Perso/ksp-dev/KSP_x64_Data/../GameData/RealSolarSystem\RSSKopernicus\Cache\SaturnOblate.bin'
[LOG 11:04:36.858] [Kopernicus] Loaded 'C:/Users/lhervier/Perso/ksp-dev/KSP_x64_Data/../GameData/RealSolarSystem\RSSKopernicus\Cache\Sun.bin'
[LOG 11:04:36.871] [Kopernicus] Loaded 'C:/Users/lhervier/Perso/ksp-dev/KSP_x64_Data/../GameData/RealSolarSystem\RSSKopernicus\Cache\Tethys.bin'
[LOG 11:04:36.881] [Kopernicus] Loaded 'C:/Users/lhervier/Perso/ksp-dev/KSP_x64_Data/../GameData/RealSolarSystem\RSSKopernicus\Cache\Titan.bin'
[LOG 11:04:36.891] [Kopernicus] Loaded 'C:/Users/lhervier/Perso/ksp-dev/KSP_x64_Data/../GameData/RealSolarSystem\RSSKopernicus\Cache\Titania.bin'
[LOG 11:04:36.901] [Kopernicus] Loaded 'C:/Users/lhervier/Perso/ksp-dev/KSP_x64_Data/../GameData/RealSolarSystem\RSSKopernicus\Cache\Triton.bin'
[LOG 11:04:36.911] [Kopernicus] Loaded 'C:/Users/lhervier/Perso/ksp-dev/KSP_x64_Data/../GameData/RealSolarSystem\RSSKopernicus\Cache\Umbriel.bin'
[LOG 11:04:36.920] [Kopernicus] Loaded 'C:/Users/lhervier/Perso/ksp-dev/KSP_x64_Data/../GameData/RealSolarSystem\RSSKopernicus\Cache\UranusOblate.bin'
[LOG 11:04:36.929] [Kopernicus] Loaded 'C:/Users/lhervier/Perso/ksp-dev/KSP_x64_Data/../GameData/RealSolarSystem\RSSKopernicus\Cache\Venus.bin'
[LOG 11:04:36.940] [Kopernicus] Loaded 'C:/Users/lhervier/Perso/ksp-dev/KSP_x64_Data/../GameData/RealSolarSystem\RSSKopernicus\Cache\Vesta.bin'
[LOG 11:04:36.942] [ModuleManager] Waited 0.000s for patching to finish
[LOG 11:04:36.942] [ModuleManager] Applying patched game database
[LOG 11:04:36.945] [ModuleManager] Dumping ModuleManager log to main log
[LOG 11:04:36.946] [ModuleManager] 
#### BEGIN MODULEMANAGER LOG ####


[LOG 11:04:31.432] Log started at 2026-10-04 11:04:31.432
[LOG 11:04:33.801] Checking Cache
[LOG 11:04:34.085] SHA generated in 0.276s
[LOG 11:04:34.085]       SHA = C5-6E-2A-E0-6A-92-4B-51-2B-A5-32-E7-3F-B8-32-06-51-55-AC-31-19-6A-99-5F-8B-8C-14-9F-B1-A2-35-87
[LOG 11:04:34.099] Cache SHA = C5-6E-2A-E0-6A-92-4B-51-2B-A5-32-E7-3F-B8-32-06-51-55-AC-31-19-6A-99-5F-8B-8C-14-9F-B1-A2-35-87
[LOG 11:04:34.099] useCache = True
[LOG 11:04:34.099] Loading from Cache
[LOG 11:04:34.197] Cache Loaded
[LOG 11:04:34.197] Dumping patch log
[LOG 11:04:34.197] 
#### BEGIN PATCH LOG ####


[LOG 10:59:16.251] Log started at 2026-10-04 10:59:16.251
[LOG 10:59:16.250] Pre patch init
[LOG 10:59:16.411] compiling list of loaded mods...
Mod DLLs found:
  Name                                    Assembly Version         Assembly File Version    KSPAssembly Version      SHA256

  Assembly-CSharp                         0.0.0.0                  0.0.0.0                  1.12                     d9e42483f25ee80a9c11d6c1c0a0d29b4ec78c1e08d76c971b71580c9cce51e4
  ModuleManager                           4.2.3.0                  4.2.3.0                  2.5                      95847827ab293b9e82a19b7efb97ffea3e98cc03b181862536ac8eb572e30d7d
  0Harmony                                2.2.1.0                  2.2.1.0                                           19ce60ac3280f72ec1751d36a40cb7e2fece2934df8345969dc7feb83bd633e4
  HarmonyInstallChecker                   2.2.1.0                  2.2.1.0                  1.0                      f11e659e91a52c21c5bda78e52b82a7bdc246bcab6a999733af3c69a11a9dc0e
  Kopernicus.Parser                       1.0.0.0                  1.0.0.0                  1.0                      0c97222328b6bacfb05e292c502d509ce7509373e7f8d5c2c187ff9ea88e0ecc
  ModularFlightIntegrator                 1.0.0.0                  1.2.10.0                 1.0                      280b6a7b2452673697a8a54b8b449730d7f9344fd05e81ce72f97f48b35d91d9
  SharpDX                                 4.2.0.0                  4.2.0                                             a0af255ea4b09a8cdb995b8c6fd1075e46f098e23c2351c974e6ded9b8b620cf
  SharpDX.DXGI                            4.2.0.0                  4.2.0                                             bc0243134c93c55ea105d0e9c2a43b6030e973290d0a061cf3a61986a2268a88
  SharpDX.Direct3D11                      4.2.0.0                  4.2.0                                             56f525e33494f4cd2a560a71cdf237303a3fb54a8fa44e1693eba35c9245c60a
  KSPTextureLoader                        1.0.36.0                 1.0.36.0                 1.0                      41bc1ea347d9db76f87c8665b0a8625644525d3d9865b2e9d8b4613fb5509cd3
  Kopernicus                              1.0.248.0                1.12.248.0               1.0                      66a354e560a6214d4b98b4592e0951a0a46ca8aa083179ec8c10b9a2ec9b51ac
  0_MultipleModuleInPartAPI               1.0.0.0                  1.0.0.0                  1.0                      df4a22fb0535de7fa154ca234b50dd7c2fc6be879e4a877d9bad1f87bafafcbf
  KSPCommunityFixes                       1.41.0.0                 1.41.1.0                 1.41                     e08ebbec7ab34f4f7ff56d6e900051bb0d259a4bc092881d7db3ca2f9f2e9a11
  KSPDiagQuadSeams                        1.0.9772.27973           1.0.9772.27973                                    9b9e6d0eb2ed2c79ade129f4bb3624a74f63a3ec2c8e4245cf9c7bc89b3ca6ff
  KSPMCPServer                            0.0.0.0                  0.0.0.0                                           f7d5cf9b797c2cc811c515f78bff2b52042c868b9d7b60c19fde5ae37ad65416
  KSPTextureLoader.Burst                  0.0.0.0                  0.0.0.0                                           a9bb1db8a9934288ef80e627c53a283692757c2d992eceb15d988170d95fd6c1
  RealSolarSystem                         20.1.3.0                 20.1.3.0                                          60c5f484d41993fc803fa76de9008d2756636ec3e02a2a6f50445b1c7b7f0eb5
  KSPSteamCtrlr                           0.0.1.35                 0.0.1.35                                          1675fa4fcb61d014eb1babe7eed703e7f76a1008537ee57ca7cec65cd9ff94ac
Non-DLL mods added (:FOR[xxx]):
  Kopernicus_Version
  RationalResourcesAU
Mods by directory (sub directories of GameData):
  000_Harmony
  RSS-Textures
  Squad
  SquadExpansion
Mods added by assemblies:

[LOG 10:59:16.421] Extracting patches
[LOG 10:59:16.431] Deleting root node in file Kopernicus/Config/SolarPanels node: @PART:HAS[@MODULE[ModuleCurvedSolarPanel],#__kop_star_count[>1]]:NEEDS[!RealismOverhaul,!Kerbalism,NearFutureSolar]:LAST[KOP_MULTI_STAR] as it can't satisfy its NEEDS
[LOG 10:59:16.431] Deleting root node in file Kopernicus/Config/SolarPanels node: @PART:HAS[@MODULE[SSTUSolarPanelStatic],#__kop_star_count[>1]]:NEEDS[!RealismOverhaul,!Kerbalism,SSTU]:LAST[KOP_MULTI_STAR] as it can't satisfy its NEEDS
[LOG 10:59:16.431] Deleting root node in file Kopernicus/Config/SolarPanels node: @PART:HAS[@MODULE[SSTUSolarPanelDeployable],#__kop_star_count[>1]]:NEEDS[!RealismOverhaul,!Kerbalism,SSTU]:LAST[KOP_MULTI_STAR] as it can't satisfy its NEEDS
[LOG 10:59:16.431] Deleting root node in file Kopernicus/Config/SolarPanels node: @PART:HAS[@MODULE:[SSTUModularPart],!#currentSolar[Solar-None],#__kop_star_count[>1]]:NEEDS[!RealismOverhaul,!Kerbalism,SSTU]:LAST[KOP_MULTI_STAR] as it can't satisfy its NEEDS
[LOG 10:59:16.431] Deleting root node in file Kopernicus/Config/SolarPanels node: @PART:HAS[@MODULE[ModuleROSolar],#__kop_star_count[>1]]:NEEDS[!Kerbalism,RealismOverhaul]:LAST[KOP_MULTI_STAR] as it can't satisfy its NEEDS
[LOG 10:59:16.431] Deleting root node in file Kopernicus/Config/SolarPanels node: @PART:HAS[@MODULE[USSolarSwitch],#__kop_star_count[>1]]:NEEDS[!Kerbalism,UniversalStorage2]:LAST[KOP_MULTI_STAR] as it can't satisfy its NEEDS
[LOG 10:59:16.432] Deleting root node in file KSPCommunityFixes/MMPatches/ModSupport/FixDockingNodes node: @PART[*]:HAS[@MODULE[ModuleDockingNodeFixed]]:NEEDS[FixDockingNodes]:FINAL as it can't satisfy its NEEDS
[LOG 10:59:16.432] Deleting root node in file KSPCommunityFixes/MMPatches/ModSupport/KSPRecall node: @KSP_COMMUNITY_FIXES:NEEDS[AttachedOnEditor] as it can't satisfy its NEEDS
[LOG 10:59:16.432] Deleting root node in file KSPCommunityFixes/MMPatches/ModSupport/UniversalStorage node: @KSP_COMMUNITY_FIXES:NEEDS[UniversalStorage2] as it can't satisfy its NEEDS
[LOG 10:59:16.433] Deleting root node in file RealSolarSystem/KerbalWind node: @KERBAL_WIND:FOR[RealSolarSystem]:NEEDS[KerbalWind] as it can't satisfy its NEEDS
[LOG 10:59:16.435] Deleting root node in file RealSolarSystem/Compatibility/CustomAsteroids node: @Kopernicus:AFTER[RealSolarSystem]:NEEDS[CustomAsteroids] as it can't satisfy its NEEDS
[LOG 10:59:16.435] Deleting root node in file RealSolarSystem/Compatibility/Parallax/Parallax node: @Parallax:FOR[RealSolarSystem]:NEEDS[Parallax,Parallax_StockTextures] as it can't satisfy its NEEDS
[LOG 10:59:16.435] Deleting root node in file RealSolarSystem/Compatibility/Parallax/Parallax node: @Kopernicus:AFTER[RealSolarSystem]:NEEDS[Parallax,Parallax_StockTextures] as it can't satisfy its NEEDS
[LOG 10:59:16.440] Deleting value in file RealSolarSystem/RSSKopernicus/Neptune/Triton_Rotation value: @Kopernicus:FOR[RealSolarSystem]/@Body[Triton]/@Properties/@rotationPeriod:NEEDS[Principia] as it can't satisfy its NEEDS
[LOG 10:59:16.495] Applying patches
[LOG 10:59:16.497] :INSERT (initial) pass
[LOG 10:59:16.543] :FIRST pass
[LOG 10:59:16.545] Applying update KSPCommunityFixes/MMPatches/StockTweaks/LadderToggleableLight/@PART[telescopicLadderBay]:FIRST to Squad/Parts/Utility/ladderTelescopicBay/ladderTelescopicBay.cfg/PART[telescopicLadderBay]
[LOG 10:59:16.554] Applying update KSPCommunityFixes/MMPatches/StockTweaks/LadderToggleableLight/@PART[telescopicLadderBay]:HAS[#LadderToggleableLight[?rue]]:FIRST to Squad/Parts/Utility/ladderTelescopicBay/ladderTelescopicBay.cfg/PART[telescopicLadderBay]
[LOG 10:59:16.556] Applying update KSPCommunityFixes/MMPatches/StockTweaks/LadderToggleableLight/@PART[telescopicLadderBay]:HAS[#LadderToggleableLight]:FIRST to Squad/Parts/Utility/ladderTelescopicBay/ladderTelescopicBay.cfg/PART[telescopicLadderBay]
[LOG 10:59:16.556] Applying update KSPCommunityFixes/MMPatches/StockTweaks/LandingGearLights/@PART[GearSmall]:FIRST to Squad/Parts/Wheel/LandingGear/GearMedium.cfg/PART[GearSmall]
[LOG 10:59:16.558] Applying update KSPCommunityFixes/MMPatches/StockTweaks/LandingGearLights/@PART[SmallGearBay]:FIRST to Squad/Parts/Wheel/LandingGear/GearSmall.cfg/PART[SmallGearBay]
[LOG 10:59:16.558] Applying update RealSolarSystem/PhysicsModifier/@PHYSICSGLOBALS:FIRST to /Physics.cfg/PHYSICSGLOBALS
[LOG 10:59:16.560] :LEGACY (default) pass
[LOG 10:59:16.562] Applying update Kopernicus/Config/SolarPanels/@PART:HAS[@MODULE[ModuleDeployableSolarPanel],~useKopernicusSolarPanels[false]] to Squad/Parts/Electrical/10CSolarPanels/OX-10C.cfg/PART[solarPanelOX10C]
[LOG 10:59:16.562] Applying update Kopernicus/Config/SolarPanels/@PART:HAS[@MODULE[ModuleDeployableSolarPanel],~useKopernicusSolarPanels[false]] to Squad/Parts/Electrical/10CSolarPanels/SP-10C.cfg/PART[solarPanelSP10C]
[LOG 10:59:16.562] Applying update Kopernicus/Config/SolarPanels/@PART:HAS[@MODULE[ModuleDeployableSolarPanel],~useKopernicusSolarPanels[false]] to Squad/Parts/Electrical/10LSolarPanels/OX-10L.cfg/PART[solarPanelOX10L]
[LOG 10:59:16.562] Applying update Kopernicus/Config/SolarPanels/@PART:HAS[@MODULE[ModuleDeployableSolarPanel],~useKopernicusSolarPanels[false]] to Squad/Parts/Electrical/10LSolarPanels/SP-10L.cfg/PART[solarPanelSP10L]
[LOG 10:59:16.562] Applying update Kopernicus/Config/SolarPanels/@PART:HAS[@MODULE[ModuleDeployableSolarPanel],~useKopernicusSolarPanels[false]] to Squad/Parts/Electrical/1x6ShroudSolarPanels/1x6ShroudSolarPanels.cfg/PART[solarPanels2]
[LOG 10:59:16.562] Applying update Kopernicus/Config/SolarPanels/@PART:HAS[@MODULE[ModuleDeployableSolarPanel],~useKopernicusSolarPanels[false]] to Squad/Parts/Electrical/1x6SolarPanels/1x6SolarPanels.cfg/PART[solarPanels4]
[LOG 10:59:16.562] Applying update Kopernicus/Config/SolarPanels/@PART:HAS[@MODULE[ModuleDeployableSolarPanel],~useKopernicusSolarPanels[false]] to Squad/Parts/Electrical/3x2ShroudSolarPanels/3x2ShroudSolarPanels.cfg/PART[solarPanels1]
[LOG 10:59:16.562] Applying update Kopernicus/Config/SolarPanels/@PART:HAS[@MODULE[ModuleDeployableSolarPanel],~useKopernicusSolarPanels[false]] to Squad/Parts/Electrical/3x2SolarPanels/3x2SolarPanels.cfg/PART[solarPanels3]
[LOG 10:59:16.562] Applying update Kopernicus/Config/SolarPanels/@PART:HAS[@MODULE[ModuleDeployableSolarPanel],~useKopernicusSolarPanels[false]] to Squad/Parts/Electrical/gigantorXlSolarArray/gigantorXlSolarArray.cfg/PART[largeSolarPanel]
[LOG 10:59:16.562] Applying update Kopernicus/Config/SolarPanels/@PART:HAS[@MODULE[ModuleDeployableSolarPanel],~useKopernicusSolarPanels[false]] to Squad/Parts/Electrical/radialFlatSolarPanel/radialFlatSolarPanel.cfg/PART[solarPanels5]
[LOG 10:59:16.563] Applying update Kopernicus/Config/SolarPanels/@PART:HAS[@MODULE[ModuleDeployableSolarPanel],~useKopernicusSolarPanels[false]] to Squad/Parts/Misc/AsteroidDay/LgRadialSolar.cfg/PART[LgRadialSolarPanel]
[LOG 10:59:16.613] Applying update RealSolarSystem/DSN_Ranges/@PART[*]:HAS[@MODULE[ModuleDataTransmitter]] to Squad/Parts/Command/cupola/cupola.cfg/PART[cupola]
[LOG 10:59:16.613] Applying update RealSolarSystem/DSN_Ranges/@PART[*]:HAS[@MODULE[ModuleDataTransmitter]] to Squad/Parts/Command/Mk1-3Pod/mk1-3.cfg/PART[mk1-3pod]
[LOG 10:59:16.613] Applying update RealSolarSystem/DSN_Ranges/@PART[*]:HAS[@MODULE[ModuleDataTransmitter]] to Squad/Parts/Command/mk1Cockpits/mk1Cockpit.cfg/PART[Mark1Cockpit]
[LOG 10:59:16.613] Applying update RealSolarSystem/DSN_Ranges/@PART[*]:HAS[@MODULE[ModuleDataTransmitter]] to Squad/Parts/Command/mk1Cockpits/mk1CrewCabin.cfg/PART[MK1CrewCabin]
[LOG 10:59:16.613] Applying update RealSolarSystem/DSN_Ranges/@PART[*]:HAS[@MODULE[ModuleDataTransmitter]] to Squad/Parts/Command/mk1Cockpits/mk1InlineCockpit.cfg/PART[Mark2Cockpit]
[LOG 10:59:16.613] Applying update RealSolarSystem/DSN_Ranges/@PART[*]:HAS[@MODULE[ModuleDataTransmitter]] to Squad/Parts/Command/mk1LanderCan/mk1LanderCan.cfg/PART[landerCabinSmall]
[LOG 10:59:16.613] Applying update RealSolarSystem/DSN_Ranges/@PART[*]:HAS[@MODULE[ModuleDataTransmitter]] to Squad/Parts/Command/mk1pod_v2/mk1Pod_v2.cfg/PART[mk1pod_v2]
[LOG 10:59:16.614] Applying update RealSolarSystem/DSN_Ranges/@PART[*]:HAS[@MODULE[ModuleDataTransmitter]] to Squad/Parts/Command/mk2CockpitInline/mk2CockpitInline.cfg/PART[mk2Cockpit_Inline]
[LOG 10:59:16.614] Applying update RealSolarSystem/DSN_Ranges/@PART[*]:HAS[@MODULE[ModuleDataTransmitter]] to Squad/Parts/Command/mk2CockpitStandard/mk2CockpitStandard.cfg/PART[mk2Cockpit_Standard]
[LOG 10:59:16.614] Applying update RealSolarSystem/DSN_Ranges/@PART[*]:HAS[@MODULE[ModuleDataTransmitter]] to Squad/Parts/Command/mk2DroneCore/mk2Dronecore.cfg/PART[mk2DroneCore]
[LOG 10:59:16.614] Applying update RealSolarSystem/DSN_Ranges/@PART[*]:HAS[@MODULE[ModuleDataTransmitter]] to Squad/Parts/Command/mk2LanderCan/mk2LanderCan.cfg/PART[mk2LanderCabin]
[LOG 10:59:16.614] Applying update RealSolarSystem/DSN_Ranges/@PART[*]:HAS[@MODULE[ModuleDataTransmitter]] to Squad/Parts/Command/mk2LanderCan_v2/mk2LanderCan_v2.cfg/PART[mk2LanderCabin_v2]
[LOG 10:59:16.614] Applying update RealSolarSystem/DSN_Ranges/@PART[*]:HAS[@MODULE[ModuleDataTransmitter]] to Squad/Parts/Command/mk3CockpitShuttle/mk3CockpitShuttle.cfg/PART[mk3Cockpit_Shuttle]
[LOG 10:59:16.614] Applying update RealSolarSystem/DSN_Ranges/@PART[*]:HAS[@MODULE[ModuleDataTransmitter]] to Squad/Parts/Command/MpoProbe/MpoProbe.cfg/PART[MpoProbe]
[LOG 10:59:16.614] Applying update RealSolarSystem/DSN_Ranges/@PART[*]:HAS[@MODULE[ModuleDataTransmitter]] to Squad/Parts/Command/MtmStage/MTM_Stage.cfg/PART[MtmStage]
[LOG 10:59:16.614] Applying update RealSolarSystem/DSN_Ranges/@PART[*]:HAS[@MODULE[ModuleDataTransmitter]] to Squad/Parts/Command/probeCoreCube/probeCoreCube.cfg/PART[probeCoreCube]
[LOG 10:59:16.614] Applying update RealSolarSystem/DSN_Ranges/@PART[*]:HAS[@MODULE[ModuleDataTransmitter]] to Squad/Parts/Command/probeCoreHex/probeCoreHex.cfg/PART[probeCoreHex]
[LOG 10:59:16.614] Applying update RealSolarSystem/DSN_Ranges/@PART[*]:HAS[@MODULE[ModuleDataTransmitter]] to Squad/Parts/Command/probeCoreHex_v2/probeCoreHex_v2.cfg/PART[probeCoreHex_v2]
[LOG 10:59:16.614] Applying update RealSolarSystem/DSN_Ranges/@PART[*]:HAS[@MODULE[ModuleDataTransmitter]] to Squad/Parts/Command/probeCoreOcto2_v2/probeCoreOcto2_v2.cfg/PART[probeCoreOcto2_v2]
[LOG 10:59:16.614] Applying update RealSolarSystem/DSN_Ranges/@PART[*]:HAS[@MODULE[ModuleDataTransmitter]] to Squad/Parts/Command/probeCoreOcto_v2/probeCoreOcto_v2.cfg/PART[probeCoreOcto_v2]
[LOG 10:59:16.614] Applying update RealSolarSystem/DSN_Ranges/@PART[*]:HAS[@MODULE[ModuleDataTransmitter]] to Squad/Parts/Command/probeRoverBody/probeRoverBody.cfg/PART[roverBody]
[LOG 10:59:16.615] Applying update RealSolarSystem/DSN_Ranges/@PART[*]:HAS[@MODULE[ModuleDataTransmitter]] to Squad/Parts/Command/probeRoverBody_v2/probeRoverBody_v2.cfg/PART[roverBody_v2]
[LOG 10:59:16.615] Applying update RealSolarSystem/DSN_Ranges/@PART[*]:HAS[@MODULE[ModuleDataTransmitter]] to Squad/Parts/Command/probeStackLarge/probeStackLarge.cfg/PART[probeStackLarge]
[LOG 10:59:16.615] Applying update RealSolarSystem/DSN_Ranges/@PART[*]:HAS[@MODULE[ModuleDataTransmitter]] to Squad/Parts/Command/probeStackSmall/probeStackSmall.cfg/PART[probeStackSmall]
[LOG 10:59:16.615] Applying update RealSolarSystem/DSN_Ranges/@PART[*]:HAS[@MODULE[ModuleDataTransmitter]] to Squad/Parts/Command/probeStackSphere_v2/probeStackSphere_v2.cfg/PART[probeCoreSphere_v2]
[LOG 10:59:16.616] Applying update RealSolarSystem/DSN_Ranges/@PART[*]:HAS[@MODULE[ModuleDataTransmitter]] to Squad/Parts/Misc/AsteroidDay/HECS2.cfg/PART[HECS2_ProbeCore]
[LOG 10:59:16.616] Applying update RealSolarSystem/DSN_Ranges/@PART[*]:HAS[@MODULE[ModuleDataTransmitter]] to Squad/Parts/Misc/AsteroidDay/HighGainAntenna.cfg/PART[HighGainAntenna]
[LOG 10:59:16.617] Applying update RealSolarSystem/DSN_Ranges/@PART[*]:HAS[@MODULE[ModuleDataTransmitter]] to Squad/Parts/Utility/commDish88-88/commDish88-88.cfg/PART[commDish]
[LOG 10:59:16.617] Applying update RealSolarSystem/DSN_Ranges/@PART[*]:HAS[@MODULE[ModuleDataTransmitter]] to Squad/Parts/Utility/commsAntennaDTS-M1/commsAntennaDTS-M1.cfg/PART[mediumDishAntenna]
[LOG 10:59:16.617] Applying update RealSolarSystem/DSN_Ranges/@PART[*]:HAS[@MODULE[ModuleDataTransmitter]] to Squad/Parts/Utility/commsDish16/commsAntenna16.cfg/PART[longAntenna]
[LOG 10:59:16.617] Applying update RealSolarSystem/DSN_Ranges/@PART[*]:HAS[@MODULE[ModuleDataTransmitter]] to Squad/Parts/Utility/DirectAntennas/C16S.cfg/PART[SurfAntenna]
[LOG 10:59:16.617] Applying update RealSolarSystem/DSN_Ranges/@PART[*]:HAS[@MODULE[ModuleDataTransmitter]] to Squad/Parts/Utility/DirectAntennas/HG-5.cfg/PART[HighGainAntenna5]
[LOG 10:59:16.617] Applying update RealSolarSystem/DSN_Ranges/@PART[*]:HAS[@MODULE[ModuleDataTransmitter]] to Squad/Parts/Utility/DirectAntennas/HG-5_v2.cfg/PART[HighGainAntenna5_v2]
[LOG 10:59:16.618] Applying update RealSolarSystem/DSN_Ranges/@PART[*]:HAS[@MODULE[ModuleDataTransmitter]] to Squad/Parts/Utility/RelayAntennas/RA-100.cfg/PART[RelayAntenna100]
[LOG 10:59:16.618] Applying update RealSolarSystem/DSN_Ranges/@PART[*]:HAS[@MODULE[ModuleDataTransmitter]] to Squad/Parts/Utility/RelayAntennas/RA-5.cfg/PART[RelayAntenna5]
[LOG 10:59:16.618] Applying update RealSolarSystem/DSN_Ranges/@PART[*]:HAS[@MODULE[ModuleDataTransmitter]] to Squad/Parts/Utility/RelayAntennas/RA-50.cfg/PART[RelayAntenna50]
[LOG 10:59:16.619] Applying update RealSolarSystem/DSN_Ranges/@PART[*]:HAS[@MODULE[ModuleDataTransmitter]] to SquadExpansion/MakingHistory/Parts/Payload/SM25.cfg/PART[ServiceModule25]
[LOG 10:59:16.619] Applying update RealSolarSystem/DSN_Ranges/@PART[*]:HAS[@MODULE[ModuleDataTransmitter]] to SquadExpansion/MakingHistory/Parts/Pods/KV1Pod.cfg/PART[kv1Pod]
[LOG 10:59:16.619] Applying update RealSolarSystem/DSN_Ranges/@PART[*]:HAS[@MODULE[ModuleDataTransmitter]] to SquadExpansion/MakingHistory/Parts/Pods/KV2Pod.cfg/PART[kv2Pod]
[LOG 10:59:16.619] Applying update RealSolarSystem/DSN_Ranges/@PART[*]:HAS[@MODULE[ModuleDataTransmitter]] to SquadExpansion/MakingHistory/Parts/Pods/KV3Pod.cfg/PART[kv3Pod]
[LOG 10:59:16.619] Applying update RealSolarSystem/DSN_Ranges/@PART[*]:HAS[@MODULE[ModuleDataTransmitter]] to SquadExpansion/MakingHistory/Parts/Pods/Mk2Pod.cfg/PART[Mk2Pod]
[LOG 10:59:16.619] Applying update RealSolarSystem/DSN_Ranges/@PART[*]:HAS[@MODULE[ModuleDataTransmitter]] to SquadExpansion/MakingHistory/Parts/Pods/Size1_5_Lander.cfg/PART[MEMLander]
[LOG 10:59:16.622] :BEFORE[0_MULTIPLEMODULEINPARTAPI] pass
[LOG 10:59:16.622] :FOR[0_MULTIPLEMODULEINPARTAPI] pass
[LOG 10:59:16.622] :AFTER[0_MULTIPLEMODULEINPARTAPI] pass
[LOG 10:59:16.622] :BEFORE[000_HARMONY] pass
[LOG 10:59:16.622] :FOR[000_HARMONY] pass
[LOG 10:59:16.622] :AFTER[000_HARMONY] pass
[LOG 10:59:16.622] :BEFORE[0HARMONY] pass
[LOG 10:59:16.622] :FOR[0HARMONY] pass
[LOG 10:59:16.622] :AFTER[0HARMONY] pass
[LOG 10:59:16.622] :BEFORE[ASSEMBLY-CSHARP] pass
[LOG 10:59:16.622] :FOR[ASSEMBLY-CSHARP] pass
[LOG 10:59:16.622] :AFTER[ASSEMBLY-CSHARP] pass
[LOG 10:59:16.622] :BEFORE[HARMONYINSTALLCHECKER] pass
[LOG 10:59:16.622] :FOR[HARMONYINSTALLCHECKER] pass
[LOG 10:59:16.622] :AFTER[HARMONYINSTALLCHECKER] pass
[LOG 10:59:16.622] :BEFORE[KOPERNICUS] pass
[LOG 10:59:16.622] :FOR[KOPERNICUS] pass
[LOG 10:59:16.622] Applying update Kopernicus/Config/BodyPQSFix/@Kopernicus:FOR[Kopernicus] to Kopernicus/Config/System.cfg/Kopernicus[Kerbol System]
[LOG 10:59:16.622] :AFTER[KOPERNICUS] pass
[LOG 10:59:16.622] :BEFORE[KOPERNICUS.PARSER] pass
[LOG 10:59:16.622] :FOR[KOPERNICUS.PARSER] pass
[LOG 10:59:16.622] :AFTER[KOPERNICUS.PARSER] pass
[LOG 10:59:16.622] :BEFORE[KOPERNICUS_VERSION] pass
[LOG 10:59:16.622] :FOR[KOPERNICUS_VERSION] pass
[LOG 10:59:16.622] Applying update Kopernicus/Config/00Version/@KOP_VERSION:FOR[Kopernicus_Version] to Kopernicus/Config/00Version.cfg/KOP_VERSION[Kopernicus_Version]
[LOG 10:59:16.622] :AFTER[KOPERNICUS_VERSION] pass
[LOG 10:59:16.622] :BEFORE[KSPCOMMUNITYFIXES] pass
[LOG 10:59:16.622] :FOR[KSPCOMMUNITYFIXES] pass
[LOG 10:59:16.623] Applying update KSPCommunityFixes/MMPatches/StockTweaks/ManufacturerFixes/@PART[sasModule]:FOR[KSPCommunityFixes] to Squad/Parts/Command/inlineReactionWheel/inlineReactionWheel.cfg/PART[sasModule]
[LOG 10:59:16.623] Applying update KSPCommunityFixes/MMPatches/StockTweaks/ManufacturerFixes/@PART[xenonTankRadial]:FOR[KSPCommunityFixes] to Squad/Parts/FuelTank/xenonTankRadial/xenonTankRadial.cfg/PART[xenonTankRadial]
[LOG 10:59:16.623] Applying update KSPCommunityFixes/MMPatches/StockTweaks/ManufacturerFixes/@PART[winglet|fireworksLauncherSmall|fireworksLauncherBig]:FOR[KSPCommunityFixes] to Squad/Parts/Aero/wingletAV-T1/wingletAV-T1.cfg/PART[winglet]
[LOG 10:59:16.624] Applying update KSPCommunityFixes/MMPatches/StockTweaks/ManufacturerFixes/@PART[winglet|fireworksLauncherSmall|fireworksLauncherBig]:FOR[KSPCommunityFixes] to Squad/Parts/Utility/Fireworks/fireworksLauncherBig.cfg/PART[fireworksLauncherBig]
[LOG 10:59:16.624] Applying update KSPCommunityFixes/MMPatches/StockTweaks/ManufacturerFixes/@PART[winglet|fireworksLauncherSmall|fireworksLauncherBig]:FOR[KSPCommunityFixes] to Squad/Parts/Utility/Fireworks/fireworksLauncherSmall.cfg/PART[fireworksLauncherSmall]
[LOG 10:59:16.624] Applying update KSPCommunityFixes/MMPatches/StockTweaks/ManufacturerFixes/@PART[solidBooster_sm_v2|solidBooster_v2]:FOR[KSPCommunityFixes] to Squad/Parts/Engine/Size1_SRBs/solidBoosterRT-10_v2.cfg/PART[solidBooster_v2]
[LOG 10:59:16.624] Applying update KSPCommunityFixes/MMPatches/StockTweaks/ManufacturerFixes/@PART[solidBooster_sm_v2|solidBooster_v2]:FOR[KSPCommunityFixes] to Squad/Parts/Engine/Size1_SRBs/solidBoosterRT-5_v2.cfg/PART[solidBooster_sm_v2]
[LOG 10:59:16.625] Applying update KSPCommunityFixes/MMPatches/StockTweaks/ManufacturerFixes/@PART[ServiceBay_125_v2|ServiceBay_250_v2]:FOR[KSPCommunityFixes] to Squad/Parts/Utility/ServiceBay_v2/ServiceBay_125_v2.cfg/PART[ServiceBay_125_v2]
[LOG 10:59:16.626] Applying update KSPCommunityFixes/MMPatches/StockTweaks/ManufacturerFixes/@PART[ServiceBay_125_v2|ServiceBay_250_v2]:FOR[KSPCommunityFixes] to Squad/Parts/Utility/ServiceBay_v2/ServiceBay_250_v2.cfg/PART[ServiceBay_250_v2]
[LOG 10:59:16.626] Applying update KSPCommunityFixes/MMPatches/StockTweaks/ManufacturerFixes/@PART[externalTankCapsule]:FOR[KSPCommunityFixes] to Squad/Parts/FuelTank/FoilTanks/RadialTank_Capsule.cfg/PART[externalTankCapsule]
[LOG 10:59:16.627] Applying update KSPCommunityFixes/MMPatches/StockTweaks/ManufacturerFixes/@PART[RCSFuelTank|rcsTankMini|RCSTank1-2]:FOR[KSPCommunityFixes] to Squad/Parts/FuelTank/RCSFuelTankR1/RCSFuelTankR1.cfg/PART[RCSTank1-2]
[LOG 10:59:16.627] Applying update KSPCommunityFixes/MMPatches/StockTweaks/ManufacturerFixes/@PART[RCSFuelTank|rcsTankMini|RCSTank1-2]:FOR[KSPCommunityFixes] to Squad/Parts/FuelTank/RCSFuelTankR10/RCSFuelTankR10.cfg/PART[rcsTankMini]
[LOG 10:59:16.627] Applying update KSPCommunityFixes/MMPatches/StockTweaks/ManufacturerFixes/@PART[RCSFuelTank|rcsTankMini|RCSTank1-2]:FOR[KSPCommunityFixes] to Squad/Parts/FuelTank/RCSFuelTankR25/RCSFuelTankR25.cfg/PART[RCSFuelTank]
[LOG 10:59:16.627] Applying update KSPCommunityFixes/MMPatches/StockTweaks/ManufacturerFixes/@PART[landerCabinSmall]:FOR[KSPCommunityFixes] to Squad/Parts/Command/mk1LanderCan/mk1LanderCan.cfg/PART[landerCabinSmall]
[LOG 10:59:16.628] Applying update KSPCommunityFixes/MMPatches/StockTweaks/ManufacturerFixes/@PART[dockingPortLateral]:FOR[KSPCommunityFixes] to Squad/Parts/Utility/dockingPortInline/dockingPortInline.cfg/PART[dockingPortLateral]
[LOG 10:59:16.629] Applying update KSPCommunityFixes/MMPatches/StockTweaks/ManufacturerFixes/@PART[EnginePlate4]:FOR[KSPCommunityFixes]:NEEDS[SquadExpansion/MakingHistory] to SquadExpansion/MakingHistory/Parts/Coupling/EnginePlate_4.cfg/PART[EnginePlate4]
[LOG 10:59:16.629] Applying update KSPCommunityFixes/MMPatches/StockTweaks/ManufacturerFixes/@PART[Mk2Pod]:FOR[KSPCommunityFixes]:NEEDS[SquadExpansion/MakingHistory] to SquadExpansion/MakingHistory/Parts/Pods/Mk2Pod.cfg/PART[Mk2Pod]
[LOG 10:59:16.629] Applying update KSPCommunityFixes/MMPatches/StockTweaks/ManufacturerFixes/@PART[evaChute|parachuteSingle|parachuteRadial|radialDrogue|parachuteLarge|parachuteDrogue]:FOR[KSPCommunityFixes] to Squad/Parts/Cargo/Parachute/Parachute.cfg/PART[evaChute]
[LOG 10:59:16.630] Applying update KSPCommunityFixes/MMPatches/StockTweaks/ManufacturerFixes/@PART[evaChute|parachuteSingle|parachuteRadial|radialDrogue|parachuteLarge|parachuteDrogue]:FOR[KSPCommunityFixes] to Squad/Parts/Utility/parachuteMk1/parachuteMk1.cfg/PART[parachuteSingle]
[LOG 10:59:16.630] Applying update KSPCommunityFixes/MMPatches/StockTweaks/ManufacturerFixes/@PART[evaChute|parachuteSingle|parachuteRadial|radialDrogue|parachuteLarge|parachuteDrogue]:FOR[KSPCommunityFixes] to Squad/Parts/Utility/parachuteMk12-R/parachuteMk12-R.cfg/PART[radialDrogue]
[LOG 10:59:16.630] Applying update KSPCommunityFixes/MMPatches/StockTweaks/ManufacturerFixes/@PART[evaChute|parachuteSingle|parachuteRadial|radialDrogue|parachuteLarge|parachuteDrogue]:FOR[KSPCommunityFixes] to Squad/Parts/Utility/parachuteMk16-XL/parachuteMk16-XL.cfg/PART[parachuteLarge]
[LOG 10:59:16.630] Applying update KSPCommunityFixes/MMPatches/StockTweaks/ManufacturerFixes/@PART[evaChute|parachuteSingle|parachuteRadial|radialDrogue|parachuteLarge|parachuteDrogue]:FOR[KSPCommunityFixes] to Squad/Parts/Utility/parachuteMk2-R/parachuteMk2-R.cfg/PART[parachuteRadial]
[LOG 10:59:16.630] Applying update KSPCommunityFixes/MMPatches/StockTweaks/ManufacturerFixes/@PART[evaChute|parachuteSingle|parachuteRadial|radialDrogue|parachuteLarge|parachuteDrogue]:FOR[KSPCommunityFixes] to Squad/Parts/Utility/parachuteMk25/parachuteMk25.cfg/PART[parachuteDrogue]
[LOG 10:59:16.635] Applying update KSPCommunityFixes/MMPatches/StockTweaks/ManufacturerFixes/@PART[stackPoint1|dockingPort1|dockingPort2|dockingPort3|dockingPortLarge]:FOR[KSPCommunityFixes] to Squad/Parts/Utility/dockingPort/dockingPort.cfg/PART[dockingPort2]
[LOG 10:59:16.635] Applying update KSPCommunityFixes/MMPatches/StockTweaks/ManufacturerFixes/@PART[stackPoint1|dockingPort1|dockingPort2|dockingPort3|dockingPortLarge]:FOR[KSPCommunityFixes] to Squad/Parts/Utility/dockingPortJr/dockingPortJr.cfg/PART[dockingPort3]
[LOG 10:59:16.635] Applying update KSPCommunityFixes/MMPatches/StockTweaks/ManufacturerFixes/@PART[stackPoint1|dockingPort1|dockingPort2|dockingPort3|dockingPortLarge]:FOR[KSPCommunityFixes] to Squad/Parts/Utility/dockingPortShielded/dockingPortShielded.cfg/PART[dockingPort1]
[LOG 10:59:16.635] Applying update KSPCommunityFixes/MMPatches/StockTweaks/ManufacturerFixes/@PART[stackPoint1|dockingPort1|dockingPort2|dockingPort3|dockingPortLarge]:FOR[KSPCommunityFixes] to Squad/Parts/Utility/dockingPortSr/dockingPortSr.cfg/PART[dockingPortLarge]
[LOG 10:59:16.635] Applying update KSPCommunityFixes/MMPatches/StockTweaks/ManufacturerFixes/@PART[stackPoint1|dockingPort1|dockingPort2|dockingPort3|dockingPortLarge]:FOR[KSPCommunityFixes] to Squad/Parts/Utility/radialAttachmentPoint/radialAttachmentPoint.cfg/PART[stackPoint1]
[LOG 10:59:16.636] :AFTER[KSPCOMMUNITYFIXES] pass
[LOG 10:59:16.636] :BEFORE[KSPDIAGQUADSEAMS] pass
[LOG 10:59:16.636] :FOR[KSPDIAGQUADSEAMS] pass
[LOG 10:59:16.636] :AFTER[KSPDIAGQUADSEAMS] pass
[LOG 10:59:16.636] :BEFORE[KSPMCPSERVER] pass
[LOG 10:59:16.636] :FOR[KSPMCPSERVER] pass
[LOG 10:59:16.636] :AFTER[KSPMCPSERVER] pass
[LOG 10:59:16.636] :BEFORE[KSPSTEAMCTRLR] pass
[LOG 10:59:16.636] :FOR[KSPSTEAMCTRLR] pass
[LOG 10:59:16.636] :AFTER[KSPSTEAMCTRLR] pass
[LOG 10:59:16.636] :BEFORE[KSPTEXTURELOADER] pass
[LOG 10:59:16.636] :FOR[KSPTEXTURELOADER] pass
[LOG 10:59:16.636] :AFTER[KSPTEXTURELOADER] pass
[LOG 10:59:16.636] :BEFORE[KSPTEXTURELOADER.BURST] pass
[LOG 10:59:16.636] :FOR[KSPTEXTURELOADER.BURST] pass
[LOG 10:59:16.636] :AFTER[KSPTEXTURELOADER.BURST] pass
[LOG 10:59:16.636] :BEFORE[MODULARFLIGHTINTEGRATOR] pass
[LOG 10:59:16.636] :FOR[MODULARFLIGHTINTEGRATOR] pass
[LOG 10:59:16.636] :AFTER[MODULARFLIGHTINTEGRATOR] pass
[LOG 10:59:16.636] :BEFORE[MODULEMANAGER] pass
[LOG 10:59:16.636] :FOR[MODULEMANAGER] pass
[LOG 10:59:16.636] :AFTER[MODULEMANAGER] pass
[LOG 10:59:16.636] :BEFORE[RATIONALRESOURCESAU] pass
[LOG 10:59:16.636] :FOR[RATIONALRESOURCESAU] pass
[LOG 10:59:16.636] Applying update RealSolarSystem/Compatibility/RationalResources/@REALSOLARSYSTEM:FOR[RationalResourcesAU] to RealSolarSystem/RealSolarSystem.cfg/REALSOLARSYSTEM
[LOG 10:59:16.636] :AFTER[RATIONALRESOURCESAU] pass
[LOG 10:59:16.636] :BEFORE[REALSOLARSYSTEM] pass
[LOG 10:59:16.636] :FOR[REALSOLARSYSTEM] pass
[LOG 10:59:16.636] Applying update RealSolarSystem/ContractModifier/@Contracts:FOR[RealSolarSystem] to Squad/Contracts/Contracts.cfg/Contracts
[LOG 10:59:16.639] Applying update RealSolarSystem/ContractModifier/@Contracts:FOR[RealSolarSystem] to SquadExpansion/Serenity/Contracts/contracts.cfg/Contracts
[LOG 10:59:16.642] Applying delete RealSolarSystem/ROCDefinitions/!ROC_DEFINITION:HAS[@CELESTIALBODY:HAS[#Name[Moho]]]:FOR[RealSolarSystem] to SquadExpansion/Serenity/Resources/rocsdef.cfg/ROC_DEFINITION
[LOG 10:59:16.643] Applying delete RealSolarSystem/ROCDefinitions/!ROC_DEFINITION:HAS[@CELESTIALBODY:HAS[#Name[Moho]]]:FOR[RealSolarSystem] to SquadExpansion/Serenity/Resources/rocsdef.cfg/ROC_DEFINITION
[LOG 10:59:16.643] Applying delete RealSolarSystem/ROCDefinitions/!ROC_DEFINITION:HAS[@CELESTIALBODY:HAS[#Name[Eve]]]:FOR[RealSolarSystem] to SquadExpansion/Serenity/Resources/rocsdef.cfg/ROC_DEFINITION
[LOG 10:59:16.643] Applying delete RealSolarSystem/ROCDefinitions/!ROC_DEFINITION:HAS[@CELESTIALBODY:HAS[#Name[Eve]]]:FOR[RealSolarSystem] to SquadExpansion/Serenity/Resources/rocsdef.cfg/ROC_DEFINITION
[LOG 10:59:16.643] Applying delete RealSolarSystem/ROCDefinitions/!ROC_DEFINITION:HAS[@CELESTIALBODY:HAS[#Name[Eve]]]:FOR[RealSolarSystem] to SquadExpansion/Serenity/Resources/rocsdef.cfg/ROC_DEFINITION
[LOG 10:59:16.643] Applying delete RealSolarSystem/ROCDefinitions/!ROC_DEFINITION:HAS[@CELESTIALBODY:HAS[#Name[Gilly]]]:FOR[RealSolarSystem] to SquadExpansion/Serenity/Resources/rocsdef.cfg/ROC_DEFINITION
[LOG 10:59:16.643] Applying delete RealSolarSystem/ROCDefinitions/!ROC_DEFINITION:HAS[@CELESTIALBODY:HAS[#Name[Kerbin]]]:FOR[RealSolarSystem] to SquadExpansion/Serenity/Resources/rocsdef.cfg/ROC_DEFINITION
[LOG 10:59:16.643] Applying delete RealSolarSystem/ROCDefinitions/!ROC_DEFINITION:HAS[@CELESTIALBODY:HAS[#Name[Kerbin]]]:FOR[RealSolarSystem] to SquadExpansion/Serenity/Resources/rocsdef.cfg/ROC_DEFINITION
[LOG 10:59:16.644] Applying delete RealSolarSystem/ROCDefinitions/!ROC_DEFINITION:HAS[@CELESTIALBODY:HAS[#Name[Mun]]]:FOR[RealSolarSystem] to SquadExpansion/Serenity/Resources/rocsdef.cfg/ROC_DEFINITION
[LOG 10:59:16.644] Applying delete RealSolarSystem/ROCDefinitions/!ROC_DEFINITION:HAS[@CELESTIALBODY:HAS[#Name[Mun]]]:FOR[RealSolarSystem] to SquadExpansion/Serenity/Resources/rocsdef.cfg/ROC_DEFINITION
[LOG 10:59:16.644] Applying delete RealSolarSystem/ROCDefinitions/!ROC_DEFINITION:HAS[@CELESTIALBODY:HAS[#Name[Mun]]]:FOR[RealSolarSystem] to SquadExpansion/Serenity/Resources/rocsdef.cfg/ROC_DEFINITION
[LOG 10:59:16.644] Applying delete RealSolarSystem/ROCDefinitions/!ROC_DEFINITION:HAS[@CELESTIALBODY:HAS[#Name[Minmus]]]:FOR[RealSolarSystem] to SquadExpansion/Serenity/Resources/rocsdef.cfg/ROC_DEFINITION
[LOG 10:59:16.644] Applying delete RealSolarSystem/ROCDefinitions/!ROC_DEFINITION:HAS[@CELESTIALBODY:HAS[#Name[Minmus]]]:FOR[RealSolarSystem] to SquadExpansion/Serenity/Resources/rocsdef.cfg/ROC_DEFINITION
[LOG 10:59:16.644] Applying delete RealSolarSystem/ROCDefinitions/!ROC_DEFINITION:HAS[@CELESTIALBODY:HAS[#Name[Duna]]]:FOR[RealSolarSystem] to SquadExpansion/Serenity/Resources/rocsdef.cfg/ROC_DEFINITION
[LOG 10:59:16.644] Applying delete RealSolarSystem/ROCDefinitions/!ROC_DEFINITION:HAS[@CELESTIALBODY:HAS[#Name[Duna]]]:FOR[RealSolarSystem] to SquadExpansion/Serenity/Resources/rocsdef.cfg/ROC_DEFINITION
[LOG 10:59:16.644] Applying delete RealSolarSystem/ROCDefinitions/!ROC_DEFINITION:HAS[@CELESTIALBODY:HAS[#Name[Duna]]]:FOR[RealSolarSystem] to SquadExpansion/Serenity/Resources/rocsdef.cfg/ROC_DEFINITION
[LOG 10:59:16.644] Applying delete RealSolarSystem/ROCDefinitions/!ROC_DEFINITION:HAS[@CELESTIALBODY:HAS[#Name[Duna]]]:FOR[RealSolarSystem] to SquadExpansion/Serenity/Resources/rocsdef.cfg/ROC_DEFINITION
[LOG 10:59:16.644] Applying delete RealSolarSystem/ROCDefinitions/!ROC_DEFINITION:HAS[@CELESTIALBODY:HAS[#Name[Ike]]]:FOR[RealSolarSystem] to SquadExpansion/Serenity/Resources/rocsdef.cfg/ROC_DEFINITION
[LOG 10:59:16.644] Applying delete RealSolarSystem/ROCDefinitions/!ROC_DEFINITION:HAS[@CELESTIALBODY:HAS[#Name[Dres]]]:FOR[RealSolarSystem] to SquadExpansion/Serenity/Resources/rocsdef.cfg/ROC_DEFINITION
[LOG 10:59:16.644] Applying delete RealSolarSystem/ROCDefinitions/!ROC_DEFINITION:HAS[@CELESTIALBODY:HAS[#Name[Dres]]]:FOR[RealSolarSystem] to SquadExpansion/Serenity/Resources/rocsdef.cfg/ROC_DEFINITION
[LOG 10:59:16.644] Applying delete RealSolarSystem/ROCDefinitions/!ROC_DEFINITION:HAS[@CELESTIALBODY:HAS[#Name[Laythe]]]:FOR[RealSolarSystem] to SquadExpansion/Serenity/Resources/rocsdef.cfg/ROC_DEFINITION
[LOG 10:59:16.644] Applying delete RealSolarSystem/ROCDefinitions/!ROC_DEFINITION:HAS[@CELESTIALBODY:HAS[#Name[Laythe]]]:FOR[RealSolarSystem] to SquadExpansion/Serenity/Resources/rocsdef.cfg/ROC_DEFINITION
[LOG 10:59:16.644] Applying delete RealSolarSystem/ROCDefinitions/!ROC_DEFINITION:HAS[@CELESTIALBODY:HAS[#Name[Laythe]]]:FOR[RealSolarSystem] to SquadExpansion/Serenity/Resources/rocsdef.cfg/ROC_DEFINITION
[LOG 10:59:16.644] Applying delete RealSolarSystem/ROCDefinitions/!ROC_DEFINITION:HAS[@CELESTIALBODY:HAS[#Name[Vall]]]:FOR[RealSolarSystem] to SquadExpansion/Serenity/Resources/rocsdef.cfg/ROC_DEFINITION
[LOG 10:59:16.644] Applying delete RealSolarSystem/ROCDefinitions/!ROC_DEFINITION:HAS[@CELESTIALBODY:HAS[#Name[Vall]]]:FOR[RealSolarSystem] to SquadExpansion/Serenity/Resources/rocsdef.cfg/ROC_DEFINITION
[LOG 10:59:16.644] Applying delete RealSolarSystem/ROCDefinitions/!ROC_DEFINITION:HAS[@CELESTIALBODY:HAS[#Name[Vall]]]:FOR[RealSolarSystem] to SquadExpansion/Serenity/Resources/rocsdef.cfg/ROC_DEFINITION
[LOG 10:59:16.645] Applying delete RealSolarSystem/ROCDefinitions/!ROC_DEFINITION:HAS[@CELESTIALBODY:HAS[#Name[Tylo]]]:FOR[RealSolarSystem] to SquadExpansion/Serenity/Resources/rocsdef.cfg/ROC_DEFINITION
[LOG 10:59:16.645] Applying delete RealSolarSystem/ROCDefinitions/!ROC_DEFINITION:HAS[@CELESTIALBODY:HAS[#Name[Tylo]]]:FOR[RealSolarSystem] to SquadExpansion/Serenity/Resources/rocsdef.cfg/ROC_DEFINITION
[LOG 10:59:16.645] Applying delete RealSolarSystem/ROCDefinitions/!ROC_DEFINITION:HAS[@CELESTIALBODY:HAS[#Name[Tylo]]]:FOR[RealSolarSystem] to SquadExpansion/Serenity/Resources/rocsdef.cfg/ROC_DEFINITION
[LOG 10:59:16.645] Applying delete RealSolarSystem/ROCDefinitions/!ROC_DEFINITION:HAS[@CELESTIALBODY:HAS[#Name[Bop]]]:FOR[RealSolarSystem] to SquadExpansion/Serenity/Resources/rocsdef.cfg/ROC_DEFINITION
[LOG 10:59:16.645] Applying delete RealSolarSystem/ROCDefinitions/!ROC_DEFINITION:HAS[@CELESTIALBODY:HAS[#Name[Pol]]]:FOR[RealSolarSystem] to SquadExpansion/Serenity/Resources/rocsdef.cfg/ROC_DEFINITION
[LOG 10:59:16.645] Applying delete RealSolarSystem/ROCDefinitions/!ROC_DEFINITION:HAS[@CELESTIALBODY:HAS[#Name[Eeloo]]]:FOR[RealSolarSystem] to SquadExpansion/Serenity/Resources/rocsdef.cfg/ROC_DEFINITION
[LOG 10:59:16.645] Applying delete RealSolarSystem/ROCDefinitions/!ROC_DEFINITION:HAS[@CELESTIALBODY:HAS[#Name[Eeloo]]]:FOR[RealSolarSystem] to SquadExpansion/Serenity/Resources/rocsdef.cfg/ROC_DEFINITION
[LOG 10:59:16.645] Applying delete RealSolarSystem/ROCDefinitions/!ROC_DEFINITION:HAS[@CELESTIALBODY:HAS[#Name[Eeloo]]]:FOR[RealSolarSystem] to SquadExpansion/Serenity/Resources/rocsdef.cfg/ROC_DEFINITION
[LOG 10:59:16.645] Applying update RealSolarSystem/RSSKopernicusSettings/@Kopernicus_config:FOR[RealSolarSystem] to Kopernicus/Config/01_DefaultConfig.cfg/Kopernicus_config
[LOG 10:59:16.645] Applying update RealSolarSystem/RSSKopernicusSettings/@Kopernicus:FOR[RealSolarSystem] to Kopernicus/Config/System.cfg/Kopernicus[Kerbol System]
[LOG 10:59:16.645] Applying update RealSolarSystem/RSS_TerrainDetailPresets/@Kopernicus:FOR[RealSolarSystem] to Kopernicus/Config/System.cfg/Kopernicus[Solar System]
[LOG 10:59:16.646] Applying update RealSolarSystem/Compatibility/CustomAsteroids/@CustomAsteroidPlanes:FOR[RealSolarSystem] to RealSolarSystem/Compatibility/CustomAsteroids.cfg/CustomAsteroidPlanes
[LOG 10:59:16.677] Applying update RealSolarSystem/RSSKopernicus/Sun/@Kopernicus:FOR[RealSolarSystem] to Kopernicus/Config/System.cfg/Kopernicus[Solar System]
[LOG 10:59:16.678] Applying update RealSolarSystem/RSSKopernicus/Asteroids/Asteroids/@Kopernicus:FOR[RealSolarSystem] to Kopernicus/Config/System.cfg/Kopernicus[Solar System]
[LOG 10:59:16.681] Applying update RealSolarSystem/RSSKopernicus/Asteroids/Asteroids/@PART[*]:HAS[@MODULE[ModuleAsteroid]]:FOR[RealSolarSystem] to Squad/Parts/Misc/PotatoRoid/part.cfg/PART[PotatoRoid]
[LOG 10:59:16.689] Applying update RealSolarSystem/RSSKopernicus/Ceres/Ceres/@Kopernicus:FOR[RealSolarSystem] to Kopernicus/Config/System.cfg/Kopernicus[Solar System]
[LOG 10:59:16.690] Applying update RealSolarSystem/RSSKopernicus/Earth/Earth/@Kopernicus:FOR[RealSolarSystem] to Kopernicus/Config/System.cfg/Kopernicus[Solar System]
[LOG 10:59:16.692] Applying update RealSolarSystem/RSSKopernicus/Earth/Moon/@Kopernicus:FOR[RealSolarSystem] to Kopernicus/Config/System.cfg/Kopernicus[Solar System]
[LOG 10:59:16.693] Applying update RealSolarSystem/RSSKopernicus/Jupiter/Callisto/@Kopernicus:FOR[RealSolarSystem] to Kopernicus/Config/System.cfg/Kopernicus[Solar System]
[LOG 10:59:16.695] Applying update RealSolarSystem/RSSKopernicus/Jupiter/Europa/@Kopernicus:FOR[RealSolarSystem] to Kopernicus/Config/System.cfg/Kopernicus[Solar System]
[LOG 10:59:16.696] Applying update RealSolarSystem/RSSKopernicus/Jupiter/Ganymede/@Kopernicus:FOR[RealSolarSystem] to Kopernicus/Config/System.cfg/Kopernicus[Solar System]
[LOG 10:59:16.697] Applying update RealSolarSystem/RSSKopernicus/Jupiter/Io/@Kopernicus:FOR[RealSolarSystem] to Kopernicus/Config/System.cfg/Kopernicus[Solar System]
[LOG 10:59:16.699] Applying update RealSolarSystem/RSSKopernicus/Jupiter/Jupiter/@Kopernicus:FOR[RealSolarSystem] to Kopernicus/Config/System.cfg/Kopernicus[Solar System]
[LOG 10:59:16.702] Applying update RealSolarSystem/RSSKopernicus/Jupiter/Jupiter_Oblate/@Kopernicus:FOR[RealSolarSystem] to Kopernicus/Config/System.cfg/Kopernicus[Solar System]
[LOG 10:59:16.718] Applying update RealSolarSystem/RSSKopernicus/Mars/Deimos/@Kopernicus:FOR[RealSolarSystem] to Kopernicus/Config/System.cfg/Kopernicus[Solar System]
[LOG 10:59:16.721] Applying update RealSolarSystem/RSSKopernicus/Mars/Mars/@Kopernicus:FOR[RealSolarSystem] to Kopernicus/Config/System.cfg/Kopernicus[Solar System]
[LOG 10:59:16.730] Applying update RealSolarSystem/RSSKopernicus/Mars/Phobos/@Kopernicus:FOR[RealSolarSystem] to Kopernicus/Config/System.cfg/Kopernicus[Solar System]
[LOG 10:59:16.732] Applying update RealSolarSystem/RSSKopernicus/Mercury/Mercury/@Kopernicus:FOR[RealSolarSystem] to Kopernicus/Config/System.cfg/Kopernicus[Solar System]
[LOG 10:59:16.733] Applying update RealSolarSystem/RSSKopernicus/Neptune/Neptune/@Kopernicus:FOR[RealSolarSystem] to Kopernicus/Config/System.cfg/Kopernicus[Solar System]
[LOG 10:59:16.734] Applying update RealSolarSystem/RSSKopernicus/Neptune/Neptune_Oblate/@Kopernicus:FOR[RealSolarSystem] to Kopernicus/Config/System.cfg/Kopernicus[Solar System]
[LOG 10:59:16.735] Applying update RealSolarSystem/RSSKopernicus/Neptune/Triton/@Kopernicus:FOR[RealSolarSystem] to Kopernicus/Config/System.cfg/Kopernicus[Solar System]
[LOG 10:59:16.736] Applying update RealSolarSystem/RSSKopernicus/Neptune/Triton_Rotation/@Kopernicus:FOR[RealSolarSystem] to Kopernicus/Config/System.cfg/Kopernicus[Solar System]
[LOG 10:59:16.738] Applying update RealSolarSystem/RSSKopernicus/Pluto/Charon/@Kopernicus:FOR[RealSolarSystem] to Kopernicus/Config/System.cfg/Kopernicus[Solar System]
[LOG 10:59:16.739] Applying update RealSolarSystem/RSSKopernicus/Pluto/Pluto/@Kopernicus:FOR[RealSolarSystem] to Kopernicus/Config/System.cfg/Kopernicus[Solar System]
[LOG 10:59:16.740] Applying update RealSolarSystem/RSSKopernicus/Pluto/RotationPeriod/@Kopernicus:FOR[RealSolarSystem] to Kopernicus/Config/System.cfg/Kopernicus[Solar System]
[LOG 10:59:16.742] Applying update RealSolarSystem/RSSKopernicus/Saturn/Dione/@Kopernicus:FOR[RealSolarSystem] to Kopernicus/Config/System.cfg/Kopernicus[Solar System]
[LOG 10:59:16.742] Applying update RealSolarSystem/RSSKopernicus/Saturn/Enceladus/@Kopernicus:FOR[RealSolarSystem] to Kopernicus/Config/System.cfg/Kopernicus[Solar System]
[LOG 10:59:16.744] Applying update RealSolarSystem/RSSKopernicus/Saturn/Iapetus/@Kopernicus:FOR[RealSolarSystem] to Kopernicus/Config/System.cfg/Kopernicus[Solar System]
[LOG 10:59:16.746] Applying update RealSolarSystem/RSSKopernicus/Saturn/Mimas/@Kopernicus:FOR[RealSolarSystem] to Kopernicus/Config/System.cfg/Kopernicus[Solar System]
[LOG 10:59:16.747] Applying update RealSolarSystem/RSSKopernicus/Saturn/Rhea/@Kopernicus:FOR[RealSolarSystem] to Kopernicus/Config/System.cfg/Kopernicus[Solar System]
[LOG 10:59:16.748] Applying update RealSolarSystem/RSSKopernicus/Saturn/Saturn/@Kopernicus:FOR[RealSolarSystem] to Kopernicus/Config/System.cfg/Kopernicus[Solar System]
[LOG 10:59:16.753] Applying update RealSolarSystem/RSSKopernicus/Saturn/Saturn_Oblate/@Kopernicus:FOR[RealSolarSystem] to Kopernicus/Config/System.cfg/Kopernicus[Solar System]
[LOG 10:59:16.759] Applying update RealSolarSystem/RSSKopernicus/Saturn/Tethys/@Kopernicus:FOR[RealSolarSystem] to Kopernicus/Config/System.cfg/Kopernicus[Solar System]
[LOG 10:59:16.766] Applying update RealSolarSystem/RSSKopernicus/Saturn/Titan/@Kopernicus:FOR[RealSolarSystem] to Kopernicus/Config/System.cfg/Kopernicus[Solar System]
[LOG 10:59:16.768] Applying update RealSolarSystem/RSSKopernicus/Uranus/Ariel/@Kopernicus:FOR[RealSolarSystem] to Kopernicus/Config/System.cfg/Kopernicus[Solar System]
[LOG 10:59:16.771] Applying update RealSolarSystem/RSSKopernicus/Uranus/Miranda/@Kopernicus:FOR[RealSolarSystem] to Kopernicus/Config/System.cfg/Kopernicus[Solar System]
[LOG 10:59:16.774] Applying update RealSolarSystem/RSSKopernicus/Uranus/Oberon/@Kopernicus:FOR[RealSolarSystem] to Kopernicus/Config/System.cfg/Kopernicus[Solar System]
[LOG 10:59:16.776] Applying update RealSolarSystem/RSSKopernicus/Uranus/Titania/@Kopernicus:FOR[RealSolarSystem] to Kopernicus/Config/System.cfg/Kopernicus[Solar System]
[LOG 10:59:16.779] Applying update RealSolarSystem/RSSKopernicus/Uranus/Umbriel/@Kopernicus:FOR[RealSolarSystem] to Kopernicus/Config/System.cfg/Kopernicus[Solar System]
[LOG 10:59:16.781] Applying update RealSolarSystem/RSSKopernicus/Uranus/Uranus/@Kopernicus:FOR[RealSolarSystem] to Kopernicus/Config/System.cfg/Kopernicus[Solar System]
[LOG 10:59:16.784] Applying update RealSolarSystem/RSSKopernicus/Uranus/Uranus_Oblate/@Kopernicus:FOR[RealSolarSystem] to Kopernicus/Config/System.cfg/Kopernicus[Solar System]
[LOG 10:59:16.785] Applying update RealSolarSystem/RSSKopernicus/Venus/Venus/@Kopernicus:FOR[RealSolarSystem] to Kopernicus/Config/System.cfg/Kopernicus[Solar System]
[LOG 10:59:16.787] Applying update RealSolarSystem/RSSKopernicus/Vesta/Vesta/@Kopernicus:FOR[RealSolarSystem] to Kopernicus/Config/System.cfg/Kopernicus[Solar System]
[LOG 10:59:16.792] :AFTER[REALSOLARSYSTEM] pass
[LOG 10:59:16.792] Applying update RealSolarSystem/RSS_CommNet_Stations/@Kopernicus:AFTER[RealSolarSystem] to Kopernicus/Config/System.cfg/Kopernicus[Solar System]
[LOG 10:59:16.814] Applying update RealSolarSystem/Compatibility/BreakingGround/@DEPLOYEDSCIENCE:AFTER[RealSolarSystem] to SquadExpansion/Serenity/Resources/DeployedScience.cfg/DEPLOYEDSCIENCE
[LOG 10:59:16.814] Applying update RealSolarSystem/Compatibility/BreakingGround/@DEPLOYEDSCIENCE:AFTER[RealSolarSystem] to SquadExpansion/Serenity/Resources/DeployedScience.cfg/DEPLOYEDSCIENCE
[LOG 10:59:16.817] Applying update RealSolarSystem/RSSKopernicus/NavballSwitchAltitude/@Kopernicus:AFTER[RealSolarSystem] to Kopernicus/Config/System.cfg/Kopernicus[Solar System]
[LOG 10:59:16.826] :BEFORE[RSS-TEXTURES] pass
[LOG 10:59:16.826] :FOR[RSS-TEXTURES] pass
[LOG 10:59:16.826] :AFTER[RSS-TEXTURES] pass
[LOG 10:59:16.826] :BEFORE[SHARPDX] pass
[LOG 10:59:16.826] :FOR[SHARPDX] pass
[LOG 10:59:16.826] :AFTER[SHARPDX] pass
[LOG 10:59:16.826] :BEFORE[SHARPDX.DIRECT3D11] pass
[LOG 10:59:16.826] :FOR[SHARPDX.DIRECT3D11] pass
[LOG 10:59:16.826] :AFTER[SHARPDX.DIRECT3D11] pass
[LOG 10:59:16.826] :BEFORE[SHARPDX.DXGI] pass
[LOG 10:59:16.826] :FOR[SHARPDX.DXGI] pass
[LOG 10:59:16.826] :AFTER[SHARPDX.DXGI] pass
[LOG 10:59:16.826] :BEFORE[SQUAD] pass
[LOG 10:59:16.826] :FOR[SQUAD] pass
[LOG 10:59:16.826] :AFTER[SQUAD] pass
[LOG 10:59:16.826] :BEFORE[SQUADEXPANSION] pass
[LOG 10:59:16.826] :FOR[SQUADEXPANSION] pass
[LOG 10:59:16.826] :AFTER[SQUADEXPANSION] pass
[LOG 10:59:16.827] :LAST[999_KSP-RECALL] pass
[LOG 10:59:16.842] :LAST[KOP_MULTI_STAR] pass
[LOG 10:59:16.899] Applying update Kopernicus/Config/SolarPanels/@PART:HAS[@MODULE[ModuleDeployableSolarPanel]]:LAST[KOP_MULTI_STAR] to Squad/Parts/Electrical/10CSolarPanels/OX-10C.cfg/PART[solarPanelOX10C]
[LOG 10:59:16.899] Applying update Kopernicus/Config/SolarPanels/@PART:HAS[@MODULE[ModuleDeployableSolarPanel]]:LAST[KOP_MULTI_STAR] to Squad/Parts/Electrical/10CSolarPanels/SP-10C.cfg/PART[solarPanelSP10C]
[LOG 10:59:16.899] Applying update Kopernicus/Config/SolarPanels/@PART:HAS[@MODULE[ModuleDeployableSolarPanel]]:LAST[KOP_MULTI_STAR] to Squad/Parts/Electrical/10LSolarPanels/OX-10L.cfg/PART[solarPanelOX10L]
[LOG 10:59:16.899] Applying update Kopernicus/Config/SolarPanels/@PART:HAS[@MODULE[ModuleDeployableSolarPanel]]:LAST[KOP_MULTI_STAR] to Squad/Parts/Electrical/10LSolarPanels/SP-10L.cfg/PART[solarPanelSP10L]
[LOG 10:59:16.899] Applying update Kopernicus/Config/SolarPanels/@PART:HAS[@MODULE[ModuleDeployableSolarPanel]]:LAST[KOP_MULTI_STAR] to Squad/Parts/Electrical/1x6ShroudSolarPanels/1x6ShroudSolarPanels.cfg/PART[solarPanels2]
[LOG 10:59:16.899] Applying update Kopernicus/Config/SolarPanels/@PART:HAS[@MODULE[ModuleDeployableSolarPanel]]:LAST[KOP_MULTI_STAR] to Squad/Parts/Electrical/1x6SolarPanels/1x6SolarPanels.cfg/PART[solarPanels4]
[LOG 10:59:16.899] Applying update Kopernicus/Config/SolarPanels/@PART:HAS[@MODULE[ModuleDeployableSolarPanel]]:LAST[KOP_MULTI_STAR] to Squad/Parts/Electrical/3x2ShroudSolarPanels/3x2ShroudSolarPanels.cfg/PART[solarPanels1]
[LOG 10:59:16.899] Applying update Kopernicus/Config/SolarPanels/@PART:HAS[@MODULE[ModuleDeployableSolarPanel]]:LAST[KOP_MULTI_STAR] to Squad/Parts/Electrical/3x2SolarPanels/3x2SolarPanels.cfg/PART[solarPanels3]
[LOG 10:59:16.899] Applying update Kopernicus/Config/SolarPanels/@PART:HAS[@MODULE[ModuleDeployableSolarPanel]]:LAST[KOP_MULTI_STAR] to Squad/Parts/Electrical/gigantorXlSolarArray/gigantorXlSolarArray.cfg/PART[largeSolarPanel]
[LOG 10:59:16.899] Applying update Kopernicus/Config/SolarPanels/@PART:HAS[@MODULE[ModuleDeployableSolarPanel]]:LAST[KOP_MULTI_STAR] to Squad/Parts/Electrical/radialFlatSolarPanel/radialFlatSolarPanel.cfg/PART[solarPanels5]
[LOG 10:59:16.900] Applying update Kopernicus/Config/SolarPanels/@PART:HAS[@MODULE[ModuleDeployableSolarPanel]]:LAST[KOP_MULTI_STAR] to Squad/Parts/Misc/AsteroidDay/LgRadialSolar.cfg/PART[LgRadialSolarPanel]
[LOG 10:59:16.903] Applying update Kopernicus/Config/SolarPanels/@Kopernicus_config:LAST[KOP_MULTI_STAR] to Kopernicus/Config/01_DefaultConfig.cfg/Kopernicus_config
[LOG 10:59:16.903] Applying update Kopernicus/Config/SolarPanels/@Kopernicus:LAST[KOP_MULTI_STAR] to Kopernicus/Config/System.cfg/Kopernicus[Solar System]
[LOG 10:59:16.912] Applying update Kopernicus/Config/SolarPanels/@PART:HAS[@MODULE[ModuleDeployableSolarPanel],~useKopernicusSolarPanels[false]]:LAST[KOP_MULTI_STAR] to Squad/Parts/Electrical/10CSolarPanels/OX-10C.cfg/PART[solarPanelOX10C]
[LOG 10:59:16.912] Applying update Kopernicus/Config/SolarPanels/@PART:HAS[@MODULE[ModuleDeployableSolarPanel],~useKopernicusSolarPanels[false]]:LAST[KOP_MULTI_STAR] to Squad/Parts/Electrical/10CSolarPanels/SP-10C.cfg/PART[solarPanelSP10C]
[LOG 10:59:16.912] Applying update Kopernicus/Config/SolarPanels/@PART:HAS[@MODULE[ModuleDeployableSolarPanel],~useKopernicusSolarPanels[false]]:LAST[KOP_MULTI_STAR] to Squad/Parts/Electrical/10LSolarPanels/OX-10L.cfg/PART[solarPanelOX10L]
[LOG 10:59:16.912] Applying update Kopernicus/Config/SolarPanels/@PART:HAS[@MODULE[ModuleDeployableSolarPanel],~useKopernicusSolarPanels[false]]:LAST[KOP_MULTI_STAR] to Squad/Parts/Electrical/10LSolarPanels/SP-10L.cfg/PART[solarPanelSP10L]
[LOG 10:59:16.912] Applying update Kopernicus/Config/SolarPanels/@PART:HAS[@MODULE[ModuleDeployableSolarPanel],~useKopernicusSolarPanels[false]]:LAST[KOP_MULTI_STAR] to Squad/Parts/Electrical/1x6ShroudSolarPanels/1x6ShroudSolarPanels.cfg/PART[solarPanels2]
[LOG 10:59:16.912] Applying update Kopernicus/Config/SolarPanels/@PART:HAS[@MODULE[ModuleDeployableSolarPanel],~useKopernicusSolarPanels[false]]:LAST[KOP_MULTI_STAR] to Squad/Parts/Electrical/1x6SolarPanels/1x6SolarPanels.cfg/PART[solarPanels4]
[LOG 10:59:16.912] Applying update Kopernicus/Config/SolarPanels/@PART:HAS[@MODULE[ModuleDeployableSolarPanel],~useKopernicusSolarPanels[false]]:LAST[KOP_MULTI_STAR] to Squad/Parts/Electrical/3x2ShroudSolarPanels/3x2ShroudSolarPanels.cfg/PART[solarPanels1]
[LOG 10:59:16.913] Applying update Kopernicus/Config/SolarPanels/@PART:HAS[@MODULE[ModuleDeployableSolarPanel],~useKopernicusSolarPanels[false]]:LAST[KOP_MULTI_STAR] to Squad/Parts/Electrical/3x2SolarPanels/3x2SolarPanels.cfg/PART[solarPanels3]
[LOG 10:59:16.913] Applying update Kopernicus/Config/SolarPanels/@PART:HAS[@MODULE[ModuleDeployableSolarPanel],~useKopernicusSolarPanels[false]]:LAST[KOP_MULTI_STAR] to Squad/Parts/Electrical/gigantorXlSolarArray/gigantorXlSolarArray.cfg/PART[largeSolarPanel]
[LOG 10:59:16.913] Applying update Kopernicus/Config/SolarPanels/@PART:HAS[@MODULE[ModuleDeployableSolarPanel],~useKopernicusSolarPanels[false]]:LAST[KOP_MULTI_STAR] to Squad/Parts/Electrical/radialFlatSolarPanel/radialFlatSolarPanel.cfg/PART[solarPanels5]
[LOG 10:59:16.914] Applying update Kopernicus/Config/SolarPanels/@PART:HAS[@MODULE[ModuleDeployableSolarPanel],~useKopernicusSolarPanels[false]]:LAST[KOP_MULTI_STAR] to Squad/Parts/Misc/AsteroidDay/LgRadialSolar.cfg/PART[LgRadialSolarPanel]
[LOG 10:59:17.060] Applying update Kopernicus/Config/SolarPanels/@PART:HAS[#__kop_star_count]:LAST[KOP_MULTI_STAR] to Squad/Parts/Electrical/10CSolarPanels/OX-10C.cfg/PART[solarPanelOX10C]
[LOG 10:59:17.060] Applying update Kopernicus/Config/SolarPanels/@PART:HAS[#__kop_star_count]:LAST[KOP_MULTI_STAR] to Squad/Parts/Electrical/10CSolarPanels/SP-10C.cfg/PART[solarPanelSP10C]
[LOG 10:59:17.060] Applying update Kopernicus/Config/SolarPanels/@PART:HAS[#__kop_star_count]:LAST[KOP_MULTI_STAR] to Squad/Parts/Electrical/10LSolarPanels/OX-10L.cfg/PART[solarPanelOX10L]
[LOG 10:59:17.060] Applying update Kopernicus/Config/SolarPanels/@PART:HAS[#__kop_star_count]:LAST[KOP_MULTI_STAR] to Squad/Parts/Electrical/10LSolarPanels/SP-10L.cfg/PART[solarPanelSP10L]
[LOG 10:59:17.060] Applying update Kopernicus/Config/SolarPanels/@PART:HAS[#__kop_star_count]:LAST[KOP_MULTI_STAR] to Squad/Parts/Electrical/1x6ShroudSolarPanels/1x6ShroudSolarPanels.cfg/PART[solarPanels2]
[LOG 10:59:17.060] Applying update Kopernicus/Config/SolarPanels/@PART:HAS[#__kop_star_count]:LAST[KOP_MULTI_STAR] to Squad/Parts/Electrical/1x6SolarPanels/1x6SolarPanels.cfg/PART[solarPanels4]
[LOG 10:59:17.060] Applying update Kopernicus/Config/SolarPanels/@PART:HAS[#__kop_star_count]:LAST[KOP_MULTI_STAR] to Squad/Parts/Electrical/3x2ShroudSolarPanels/3x2ShroudSolarPanels.cfg/PART[solarPanels1]
[LOG 10:59:17.060] Applying update Kopernicus/Config/SolarPanels/@PART:HAS[#__kop_star_count]:LAST[KOP_MULTI_STAR] to Squad/Parts/Electrical/3x2SolarPanels/3x2SolarPanels.cfg/PART[solarPanels3]
[LOG 10:59:17.060] Applying update Kopernicus/Config/SolarPanels/@PART:HAS[#__kop_star_count]:LAST[KOP_MULTI_STAR] to Squad/Parts/Electrical/gigantorXlSolarArray/gigantorXlSolarArray.cfg/PART[largeSolarPanel]
[LOG 10:59:17.061] Applying update Kopernicus/Config/SolarPanels/@PART:HAS[#__kop_star_count]:LAST[KOP_MULTI_STAR] to Squad/Parts/Electrical/radialFlatSolarPanel/radialFlatSolarPanel.cfg/PART[solarPanels5]
[LOG 10:59:17.061] Applying update Kopernicus/Config/SolarPanels/@PART:HAS[#__kop_star_count]:LAST[KOP_MULTI_STAR] to Squad/Parts/Misc/AsteroidDay/LgRadialSolar.cfg/PART[LgRadialSolarPanel]
[LOG 10:59:17.062] Applying update Kopernicus/Config/SolarPanels/@Kopernicus_config:LAST[KOP_MULTI_STAR] to Kopernicus/Config/01_DefaultConfig.cfg/Kopernicus_config
[LOG 10:59:17.062] :LAST[REALSOLARSYSTEM] pass
[LOG 10:59:17.062] :LAST[ZKOPERNICUS] pass
[LOG 10:59:17.062] Applying update Kopernicus/Config/02_ConfigCompat/@Kopernicus_config_backup:LAST[zKopernicus] to Kopernicus/Config/02_ConfigCompat.cfg/Kopernicus_config_backup
[LOG 10:59:17.063] Applying update Kopernicus/Config/02_ConfigCompat/@Kopernicus_config:LAST[zKopernicus] to Kopernicus/Config/01_DefaultConfig.cfg/Kopernicus_config
[LOG 10:59:17.064] Applying update Kopernicus/Config/02_ConfigCompat/@Kopernicus_config:LAST[zKopernicus] to Kopernicus/Config/01_DefaultConfig.cfg/Kopernicus_config
[LOG 10:59:17.064] Applying update Kopernicus/Config/02_ConfigCompat/@Kopernicus_config_backup:LAST[zKopernicus] to Kopernicus/Config/02_ConfigCompat.cfg/Kopernicus_config_backup
[LOG 10:59:17.064] Applying update Kopernicus/Config/Kopernicus_Config/@Kopernicus_config:LAST[zKopernicus] to Kopernicus/Config/01_DefaultConfig.cfg/Kopernicus_config
[LOG 10:59:17.064] :FINAL pass
[LOG 10:59:17.064] Applying update Kopernicus/Config/KSPCF_DisableMapSOPatches/@KSP_COMMUNITY_FIXES:FINAL to KSPCommunityFixes/Settings.cfg/KSP_COMMUNITY_FIXES
[LOG 10:59:17.064] Done patching
[LOG 10:59:17.065] Saving Cache
[LOG 10:59:17.164] Done!



#### END PATCH LOG ####
[LOG 11:04:34.396] ModuleManager: 217 patches loaded from cache

[LOG 11:04:34.396] Ran in 0.595s
[LOG 11:04:34.423] Done!



#### END MODULEMANAGER LOG ####
[LOG 11:04:36.948] [ModuleManager] Running tests...
[LOG 11:04:36.948] [ModuleManager] tests complete.
[LOG 11:04:36.949] [ModuleManager] Reloading resources definitions
[LOG 11:04:36.950] Resource LiquidFuel added to database
[LOG 11:04:36.950] Resource Oxidizer added to database
[LOG 11:04:36.950] Resource SolidFuel added to database
[LOG 11:04:36.950] Resource MonoPropellant added to database
[LOG 11:04:36.950] Resource XenonGas added to database
[LOG 11:04:36.950] Resource ElectricCharge added to database
[LOG 11:04:36.950] Resource IntakeAir added to database
[LOG 11:04:36.950] Resource EVA Propellant added to database
[LOG 11:04:36.950] Resource Ore added to database
[LOG 11:04:36.950] Resource Ablator added to database
[LOG 11:04:36.950] [ModuleManager] Reloading Trait configs
[LOG 11:04:36.950] ExperienceSystemConfig: Added Effect 'DeployedSciencePowerSkill' to Trait 'Ingénieur'
[LOG 11:04:36.951] ExperienceSystemConfig: Added Effect 'DeployedScienceExpSkill' to Trait 'Scientifique'
[LOG 11:04:36.951] [ModuleManager] Reloading Part Upgrades
[LOG 11:04:36.951] [ModuleManager] Setting modded physics as the active one
[LOG 11:04:36.953] PhysicsGlobals: Loading database
[LOG 11:04:36.954] [ModuleManager] Running post patch callbacks
[LOG 11:04:36.962] [KSPCommunityFixes] Patch AutoStrutDrift applied.
[LOG 11:04:36.964] [KSPCommunityFixes] Patch EditorAnimatedPartsShipModified applied.
[LOG 11:04:36.969] [KSPCommunityFixes] Patch DragCubeLoadException applied.
[LOG 11:04:36.975] [KSPCommunityFixes] Patch DoubleCurvePreserveTangents applied.
[LOG 11:04:37.022] [KSPCommunityFixes] Patch DockingPortRotationDriftAndFixes applied.
[LOG 11:04:37.078] [KSPCommunityFixes] Patch DockingPortConserveMomentum applied.
[LOG 11:04:37.084] [KSPCommunityFixes] Patch DebugConsoleDontStealInput applied.
[LOG 11:04:37.093] [KSPCommunityFixes] Patch CorrectDragForFlags applied.
[LOG 11:04:37.094] [KSPCommunityFixes] Patch CometMiningNotRemovingMass applied.
[LOG 11:04:37.100] [KSPCommunityFixes] Patch ChutePhantomSymmetry applied.
[LOG 11:04:37.101] [KSPCommunityFixes] Patch CometSpawnerUniqueFlightId applied.
[LOG 11:04:37.103] [KSPCommunityFixes] Patch AsteroidSpawnerUniqueFlightId applied.
[LOG 11:04:37.104] [KSPCommunityFixes] Patch AsteroidInfiniteMining applied.
[LOG 11:04:37.127] [KSPCommunityFixes] Patch PersistentIConfigNode applied.
[LOG 11:04:37.127] [KSPCommunityFixes] Patch OnSymmetryFieldChanged not applied (not enabled in Settings.cfg)
[LOG 11:04:37.127] [KSPCommunityFixes] Patch ModUpgradePipeline not applied (not enabled in Settings.cfg)
[LOG 11:04:37.128] [KSPCommunityFixes] Patch KSPFieldEnumDesc not applied (not enabled in Settings.cfg)
[LOG 11:04:37.129] [KSPCommunityFixes] Patch EventProfilerMarkers not applied (not enabled in Settings.cfg)
[LOG 11:04:37.129] [KSPCommunityFixes] Patch DockingPortLockedEvents not applied (not enabled in Settings.cfg)
[LOG 11:04:37.131] [KSPCommunityFixes] Patch DepartmentHeadImage applied.
[LOG 11:04:37.141] [KSPCommunityFixes] Patch BaseFieldListUseFieldHost applied.
[LOG 11:04:37.164] [KSPCommunityFixes] Patch ResourceConverterPerf applied.
[LOG 11:04:37.170] [KSPCommunityFixes] Patch ProgressTrackingSpeedBoost applied.
[LOG 11:04:37.174] [KSPCommunityFixes] Patch PQSUpdateNoMemoryAlloc applied.
[LOG 11:04:37.174] [KSPCommunityFixes] Patch PQSOnlyStartOnce not applied (not enabled in Settings.cfg)
[LOG 11:04:37.184] [KSPCommunityFixes] Patch PQSCoroutineLeak applied.
[LOG 11:04:37.213] [KSPCommunityFixes] Patch PartSystemsFastUpdate applied.
[LOG 11:04:37.229] [KSPCommunityFixes] Patch PartParsingPerf applied.
[LOG 11:04:37.234] [KSPCommunityFixes] Patch EnginePlateAirstreamShieldedTopPart applied.
[LOG 11:04:37.240] [KSPCommunityFixes] Patch EVAConstructionMass applied.
[LOG 11:04:37.246] [KSPCommunityFixes] Patch EVAConstructionUninitializedInventory applied.
[LOG 11:04:37.251] [KSPCommunityFixes] Patch EVAKerbalRecovery applied.
[LOG 11:04:37.256] [KSPCommunityFixes] Patch TimeWarpOrbitShift applied.
[LOG 11:04:37.258] [KSPCommunityFixes] Patch TimeWarpBodyCollision applied.
[LOG 11:04:37.268] [KSPCommunityFixes] Patch ThumbnailSpotlight applied.
[LOG 11:04:37.273] [KSPCommunityFixes] Patch SymmetryReferenceOnDelete applied.
[LOG 11:04:37.273] [KSPCommunityFixes] Patch StrategyDuration not applied (not enabled in Settings.cfg)
[LOG 11:04:37.275] [KSPCommunityFixes] Patch StockAlarmDescPreserveLineBreak applied.
[LOG 11:04:37.299] [KSPCommunityFixes] Patch StickySplashedFixer applied.
[LOG 11:04:37.299] [KSPCommunityFixes] Patch ScatterDistribution not applied (not enabled in Settings.cfg)
[LOG 11:04:37.333] [KSPCommunityFixes] Patch RoboticsDrift applied.
[LOG 11:04:37.336] [KSPCommunityFixes] Patch RestoreMaxPhysicsDT applied.
[LOG 11:04:37.356] [KSPCommunityFixes] Patch RespawnDeadKerbals applied.
[LOG 11:04:37.359] [KSPCommunityFixes] Patch RescaledRoboticParts applied.
[LOG 11:04:37.362] [KSPCommunityFixes] Patch ReRootPreserveSurfaceAttach applied.
[LOG 11:04:37.380] [KSPCommunityFixes] Patch OptimizedModuleRaycasts applied.
[LOG 11:04:37.388] GetSubclassesOfParentClass: Found 1 types with ModuleInventoryPart parent in 18 assemblies.
[LOG 11:04:37.392] [KSPCommunityFixes] Patch RefundingOnRecovery applied.
[LOG 11:04:37.393] [KSPCommunityFixes] Patch PatchedConicEncounterFlickering applied.
[LOG 11:04:37.403] [KSPCommunityFixes] Patch PartListTooltipIconSpin applied.
[LOG 11:04:37.407] [KSPCommunityFixes] Patch PackedPartsRotation applied.
[LOG 11:04:37.418] [KSPCommunityFixes] Patch ModulePartVariantsNodePersistence applied.
[LOG 11:04:37.422] [KSPCommunityFixes] Patch ModuleAnimateGenericCrewModSpawnIVA applied.
[LOG 11:04:37.423] [KSPCommunityFixes] Patch ModuleActiveRadiatorNoParentException applied.
[LOG 11:04:37.426] [KSPCommunityFixes] Patch MapTargetBodyWithEncounter applied.
[LOG 11:04:37.429] [KSPCommunityFixes] Patch LostSoundAfterSceneSwitch applied.
[LOG 11:04:37.435] [KSPCommunityFixes] Patch LadderToggleableLight applied.
[LOG 11:04:37.448] [KSPCommunityFixes] Patch InventoryPartMass applied.
[LOG 11:04:37.453] [KSPCommunityFixes] Patch HarvesterECConsumption applied.
[LOG 11:04:37.454] [KSPCommunityFixes] Patch FixGetUnivseralTime applied.
[LOG 11:04:37.464] [KSPCommunityFixes] Patch ExtendedDeployableParts applied.
[LOG 11:04:37.465] [KSPCommunityFixes] Patch PropellantFlowDescription applied.
[LOG 11:04:37.484] [KSPCommunityFixes] Patch OptimisedVectorLines applied.
[LOG 11:04:37.489] [KSPCommunityFixes] Patch ModuleDockingNodeFindOtherNodesFaster applied.
[LOG 11:04:37.495] [KSPCommunityFixes] Patch ModuleColorChangerOptimization applied.
[LOG 11:04:37.501] [KSPCommunityFixes] Patch AutoSavedCraftNameAtLaunch applied.
[LOG 11:04:37.522] [KSPCommunityFixes] Patch PAWCollapsedInventories applied.
[LOG 11:04:37.526] [KSPCommunityFixes] Patch UIFloatEditNumericInput applied.
[LOG 11:04:37.551] [KSPCommunityFixes] Patch PAWStockGroups applied.
[LOG 11:04:37.561] [KSPCommunityFixes] Patch AltimeterHorizontalPosition applied.
[LOG 11:04:37.578] [KSPCommunityFixes] Patch SceneLoadSpeedBoost applied.
[LOG 11:04:37.614] [KSPCommunityFixes] Patch OnDemandPartBuoyancy applied.
[LOG 11:04:37.615] [KSPCommunityFixes] Patch ForceSyncSceneSwitch applied.
[LOG 11:04:37.615] [KSPCommunityFixes] Patch FewerSaves not applied (not enabled in Settings.cfg)
[LOG 11:04:37.616] [KSPCommunityFixes] Patch WheelInertiaLimit applied.
[LOG 11:04:37.616] [KSPCommunityFixes] Patch StockAlarmCustomFormatterDate isn't applicable to this KSP version.
[LOG 11:04:37.616] [KSPCommunityFixes] Patch ROCValidationOOR not applied (not enabled in Settings.cfg)
[LOG 11:04:37.630] [KSPCommunityFixes] Patch ZeroCostTechNodes applied.
[LOG 11:04:37.631] [KSPCommunityFixes] Patch ReactionWheelsPotentialTorque applied.
[LOG 11:04:37.636] [KSPCommunityFixes] Patch PAWGroupMemory applied.
[LOG 11:04:37.671] [KSPCommunityFixes] Patch PartStartStability applied.
[LOG 11:04:37.677] [KSPCommunityFixes] Patch PartBoundsIgnoreDisabledTransforms applied.
[LOG 11:04:37.715] [KSPCommunityFixes] Patch ModuleIndexingMismatch applied.
[LOG 11:04:37.715] [KSPCommunityFixes] Patch MapSOCorrectWrapping not applied (not enabled in Settings.cfg)
[LOG 11:04:37.715] [KSPCommunityFixes] Patch KerbalTooltipMaxSustainedG applied.
[LOG 11:04:37.718] [KSPCommunityFixes] Patch KerbalInventoryPersistence applied.
[LOG 11:04:37.718] [KSPCommunityFixes] Patch FlightSceneLoadKraken not applied (not enabled in Settings.cfg)
[LOG 11:04:37.721] [KSPCommunityFixes] Patch FIUpdateRadiation applied.
[LOG 11:04:37.722] [KSPCommunityFixes] Patch FastAndFixedEnumExtensions applied.
[LOG 11:04:37.758] [KSPCommunityFixes] Patch DeltaVHideWhenDisabled applied.
[LOG 11:04:37.766] [KSPCommunityFixes] Patch BlockMapViewPartClick applied.
[LOG 11:04:37.769] [KSPCommunityFixes] Patch PAWItemsOrder applied.
[LOG 11:04:37.833] [KSPCommunityFixes] Patch BetterEditorUndoRedo applied.
[LOG 11:04:37.848] [KSPCommunityFixes] Patch AutostrutActions applied.
[LOG 11:04:37.849] [KSPCommunityFixes] Patch DisableNewGameIntro not applied (not enabled in Settings.cfg)
[LOG 11:04:37.881] [KSPCommunityFixes] Patch MinorPerfTweaks applied.
[LOG 11:04:37.950] [KSPCommunityFixes] Patch MemoryLeaks applied.
[LOG 11:04:37.957] [KSPCommunityFixes] Patch LowerMinPhysicsDTPerFrame applied.
[LOG 11:04:37.961] [KSPCommunityFixes] Patch LocalizerPerf applied.
[LOG 11:04:37.962] [KSPCommunityFixes] Patch IMGUIOptimization applied.
[LOG 11:04:37.977] [KSPCommunityFixes] Patch FloatingOriginPerf applied.
[LOG 11:04:38.041] [KSPCommunityFixes] Patch FlightIntegratorPerf applied.
[LOG 11:04:38.046] [KSPCommunityFixes] Patch FasterPartFindTransform applied.
[LOG 11:04:38.058] [KSPCommunityFixes] Patch FasterEditorPartList applied.
[LOG 11:04:38.059] [KSPCommunityFixes] Patch ExpansionBundlePreload applied.
[LOG 11:04:38.071] [KSPCommunityFixes] Patch DragCubeGeneration applied.
[LOG 11:04:38.075] [KSPCommunityFixes] Patch DisableMapUpdateInFlight applied.
[LOG 11:04:38.076] [KSPCommunityFixes] Patch DisableHiddenPortraits applied.
[LOG 11:04:38.077] [KSPCommunityFixes] Patch DisableManeuverTool applied.
[LOG 11:04:38.097] [KSPCommunityFixes] Patch CraftBrowserOptimisations applied.
[LOG 11:04:38.100] [KSPCommunityFixes] Patch CommNetThrottling applied.
[LOG 11:04:38.104] [KSPCommunityFixes] Patch FairingMouseOverPersistence applied.
[LOG 11:04:38.121] [KSPCommunityFixes] Patch OptionalMakingHistoryDLCFeatures applied.
[LOG 11:04:38.126] [KSPCommunityFixes] Patch ResourceLockActions applied.
[LOG 11:04:38.132] [KSPCommunityFixes] Patch ShowContractFinishDates applied.
[LOG 11:04:38.139] [KSPCommunityFixes] Patch TargetParentBody applied.
[LOG 11:04:38.157] [KSPCommunityFixes] Patch ToolbarShowHide applied.
[LOG 11:04:38.159] [KSPCommunityFixes] Patch ContractProgressEnumCache applied.
[LOG 11:04:38.168] [KSPCommunityFixes] Patch ActiveRadiatorPerf applied.
[LOG 11:04:38.172] [KSPCommunityFixes] Patch CargoBayPerf applied.
[LOG 11:04:38.181] [KSPCommunityFixes] Patch CollisionEnhancerFastUpdate applied.
[LOG 11:04:38.184] [KSPCommunityFixes] Patch CollisionManagerFastUpdate applied.
[LOG 11:04:38.190] [KSPCommunityFixes] Patch AsteroidAndCometDrillCache applied.
[LOG 11:04:38.200] [KSPCommunityFixes] Patch TweakableWheelsAutostrut applied.
[LOG 11:04:38.227] [KSPCommunityFixes] Patch PatchSettings applied.
[LOG 11:04:38.281] [KSPCommunityFixes] Patch UpgradeBugs applied.
[LOG 11:04:38.282] [KSPCommunityFixes] Patch PartTooltipUpgradesApplyToSubstituteParts not applied (not enabled in Settings.cfg)
[LOG 11:04:38.350] [ModuleManager] Calling KSPTextureLoader.Config.ModuleManagerPostLoad()
[LOG 11:04:38.354] [ModuleManager] Calling Kopernicus.ConfigLoader.ModuleManagerPostLoad()
[LOG 11:04:38.358] [Kopernicus Configurations] Using: 
[LOG 11:04:38.358] HomeWorldName: Kerbin
[LOG 11:04:38.358] EnforceShaders: False
[LOG 11:04:38.358] WarnShaders: False
[LOG 11:04:38.358] EnforcedShaderLevel: 2
[LOG 11:04:38.358] UseKopernicusAsteroidSystem: True
[LOG 11:04:38.358] SolarRefreshRate: 1
[LOG 11:04:38.358] EnableKopernicusShadowManager: True
[LOG 11:04:38.358] ShadowRangeCap: 50000
[LOG 11:04:38.358] DisableMainMenuMunScene: True
[LOG 11:04:38.358] KSCLightsAlwaysOn: False
[LOG 11:04:38.358] UseOriginalKS2: False
[LOG 11:04:38.358] HandleHomeworldAtmosphericUnitDisplay: True
[LOG 11:04:38.358] UseIncorrectScatterDensityLogic: False
[LOG 11:04:38.358] DisableFarAwayColliders: True
[LOG 11:04:38.358] EnableAtmosphericExtinction: False
[LOG 11:04:38.358] UseStockMohoTemplate: True
[LOG 11:04:38.358] UseOnDemandLoader: True
[LOG 11:04:38.358] UseRealWorldDensity: False
[LOG 11:04:38.358] ApplyDensityMultToMinorObjects: 1
[LOG 11:04:38.358] RecomputeSOIAndHillSpheres: False
[LOG 11:04:38.358] PrincipiaFriendlySOIComputation: False
[LOG 11:04:38.358] LimitRWDensityToStockBodies: True
[LOG 11:04:38.358] UseOlderRWScalingLogic: False
[LOG 11:04:38.358] RescaleFactor: 1
[LOG 11:04:38.358] RealWorldSizeFactor: 10.625
[LOG 11:04:38.358] SettingsWindowXcoord: 0
[LOG 11:04:38.358] SettingsWindowYcoord: 0
[LOG 11:04:38.361] [ModuleManager] Calling ConfigNodePerf.ModuleManagerPostLoad()
[LOG 11:04:38.363] [ModuleManager] Post patch ran in 1.419s
[LOG 11:04:38.386] PartLoader: Loading part database
[LOG 11:04:38.386] PartLoader: Compiling Part 'Squad/Parts/Aero/aerodynamicNoseCone/aerodynamicNoseCone/noseCone'
[LOG 11:04:38.408] EffectList: Created 15 effect types
[LOG 11:04:38.499] PartLoader: Compiling Part 'Squad/Parts/Aero/airbrake/Airbrake/airbrake1'
[LOG 11:04:38.523] PartLoader: Compiling Part 'Squad/Parts/Aero/airIntakeRadialXM-G50/airIntakeRadialXM-G50/airScoop'
[LOG 11:04:38.535] PartLoader: Compiling Part 'Squad/Parts/Aero/airlinerWings/ControlSurface/airlinerCtrlSrf'
[LOG 11:04:38.548] PartLoader: Compiling Part 'Squad/Parts/Aero/airlinerWings/MainWing/airlinerMainWing'
[LOG 11:04:38.555] PartLoader: Compiling Part 'Squad/Parts/Aero/airlinerWings/TailFin/airlinerTailFin'
[LOG 11:04:38.565] PartLoader: Compiling Part 'Squad/Parts/Aero/airplaneFins/advancedCanard/AdvancedCanard'
[LOG 11:04:38.571] PartLoader: Compiling Part 'Squad/Parts/Aero/airplaneFins/standardCanard/CanardController'
[LOG 11:04:38.577] PartLoader: Compiling Part 'Squad/Parts/Aero/airplaneFins/sweptWing/sweptWing'
[LOG 11:04:38.585] PartLoader: Compiling Part 'Squad/Parts/Aero/airplaneFins/tailfin/tailfin'
[LOG 11:04:38.591] PartLoader: Compiling Part 'Squad/Parts/Aero/basicFin/basicFin/basicFin'
[LOG 11:04:38.596] PartLoader: Compiling Part 'Squad/Parts/Aero/circularIntake/circularIntake/CircularIntake'
[LOG 11:04:38.608] PartLoader: Compiling Part 'Squad/Parts/Aero/circularIntake/intakeShockCone/shockConeIntake'
[LOG 11:04:38.614] PartLoader: Compiling Part 'Squad/Parts/Aero/cones/avionicsNoseCone/avionicsNoseCone'
[LOG 11:04:38.640] PartLoader: Compiling Part 'Squad/Parts/Aero/cones/ConeA/pointyNoseConeA'
[LOG 11:04:38.647] PartLoader: Compiling Part 'Squad/Parts/Aero/cones/ConeB/pointyNoseConeB'
[LOG 11:04:38.654] PartLoader: Compiling Part 'Squad/Parts/Aero/cones/noseConeAdapter/noseConeAdapter'
[LOG 11:04:38.658] PartLoader: Compiling Part 'Squad/Parts/Aero/cones/protectiveRocketNoseMk7_v2/rocketNoseCone_v2'
[LOG 11:04:38.661] PartLoader: Compiling Part 'Squad/Parts/Aero/cones/protectiveRocketNoseMk7_v3/rocketNoseCone_v3'
[LOG 11:04:38.665] PartLoader: Compiling Part 'Squad/Parts/Aero/cones/rocketNoseCone_size3/rocketNoseConeSize3'
[LOG 11:04:38.671] PartLoader: Compiling Part 'Squad/Parts/Aero/cones/smallNoseCone/standardNoseCone'
[LOG 11:04:38.675] PartLoader: Compiling Part 'Squad/Parts/Aero/cones/tailConnectorA/airplaneTail'
[LOG 11:04:38.677] PartLoader: Compiling Part 'Squad/Parts/Aero/cones/tailConnectorB/airplaneTailB'
[LOG 11:04:38.680] PartLoader: Compiling Part 'Squad/Parts/Aero/fairings/fairingSize1/fairingSize1'
[LOG 11:04:38.722] PartLoader: Compiling Part 'Squad/Parts/Aero/fairings/fairingSize2/fairingSize2'
[LOG 11:04:38.733] PartLoader: Compiling Part 'Squad/Parts/Aero/fairings/fairingSize3/fairingSize3'
[LOG 11:04:38.742] PartLoader: Compiling Part 'Squad/Parts/Aero/HeatShield/HeatShield0/HeatShield0'
[LOG 11:04:38.770] PartLoader: Compiling Part 'Squad/Parts/Aero/HeatShield/HeatShield1/HeatShield1'
[LOG 11:04:38.779] PartLoader: Compiling Part 'Squad/Parts/Aero/HeatShield/HeatShield2/HeatShield2'
[LOG 11:04:38.787] PartLoader: Compiling Part 'Squad/Parts/Aero/HeatShield/HeatShield3/HeatShield3'
[LOG 11:04:38.793] PartLoader: Compiling Part 'Squad/Parts/Aero/InflatableHeatShield/HeatShield/InflatableHeatShield'
[LOG 11:04:38.808] PartLoader: Compiling Part 'Squad/Parts/Aero/intakeRadialLong/intakeRadialLong/IntakeRadialLong'
[LOG 11:04:38.811] PartLoader: Compiling Part 'Squad/Parts/Aero/miniIntake/SmallIntake/miniIntake'
[LOG 11:04:38.813] PartLoader: Compiling Part 'Squad/Parts/Aero/ramAirIntake/ramAirIntake/ramAirIntake'
[LOG 11:04:38.816] PartLoader: Compiling Part 'Squad/Parts/Aero/shuttleWings/delta/wingShuttleDelta'
[LOG 11:04:38.818] PartLoader: Compiling Part 'Squad/Parts/Aero/shuttleWings/elevon1/wingShuttleElevon1'
[LOG 11:04:38.821] PartLoader: Compiling Part 'Squad/Parts/Aero/shuttleWings/elevon2/wingShuttleElevon2'
[LOG 11:04:38.824] PartLoader: Compiling Part 'Squad/Parts/Aero/shuttleWings/rudder/wingShuttleRudder'
[LOG 11:04:38.826] PartLoader: Compiling Part 'Squad/Parts/Aero/shuttleWings/strake/wingShuttleStrake'
[LOG 11:04:38.828] PartLoader: Compiling Part 'Squad/Parts/Aero/wingletAV-R8/wingletAV-R8/R8winglet'
[LOG 11:04:38.831] PartLoader: Compiling Part 'Squad/Parts/Aero/wingletAV-T1/wingletAV-T1/winglet'
[LOG 11:04:38.834] PartLoader: Compiling Part 'Squad/Parts/Aero/wingletDeltaDeluxe/wingletDeltaDeluxe/winglet3'
[LOG 11:04:38.838] PartLoader: Compiling Part 'Squad/Parts/Aero/wings/connector1/wingConnector'
[LOG 11:04:38.840] PartLoader: Compiling Part 'Squad/Parts/Aero/wings/connector2/wingConnector2'
[LOG 11:04:38.843] PartLoader: Compiling Part 'Squad/Parts/Aero/wings/connector3/wingConnector3'
[LOG 11:04:38.846] PartLoader: Compiling Part 'Squad/Parts/Aero/wings/connector4/wingConnector4'
[LOG 11:04:38.848] PartLoader: Compiling Part 'Squad/Parts/Aero/wings/connector5/wingConnector5'
[LOG 11:04:38.851] PartLoader: Compiling Part 'Squad/Parts/Aero/wings/delta/deltaWing'
[LOG 11:04:38.853] PartLoader: Compiling Part 'Squad/Parts/Aero/wings/delta_small/delta_small'
[LOG 11:04:38.854] PartLoader: Compiling Part 'Squad/Parts/Aero/wings/elevon1/StandardCtrlSrf'
[LOG 11:04:38.857] PartLoader: Compiling Part 'Squad/Parts/Aero/wings/elevon2/elevon2'
[LOG 11:04:38.860] PartLoader: Compiling Part 'Squad/Parts/Aero/wings/elevon3/elevon3'
[LOG 11:04:38.863] PartLoader: Compiling Part 'Squad/Parts/Aero/wings/elevon4/smallCtrlSrf'
[LOG 11:04:38.867] PartLoader: Compiling Part 'Squad/Parts/Aero/wings/elevon5/elevon5'
[LOG 11:04:38.869] PartLoader: Compiling Part 'Squad/Parts/Aero/wings/strake/wingStrake'
[LOG 11:04:38.872] PartLoader: Compiling Part 'Squad/Parts/Aero/wings/structural1/structuralWing'
[LOG 11:04:38.874] PartLoader: Compiling Part 'Squad/Parts/Aero/wings/structural2/structuralWing2'
[LOG 11:04:38.875] PartLoader: Compiling Part 'Squad/Parts/Aero/wings/structural3/structuralWing3'
[LOG 11:04:38.878] PartLoader: Compiling Part 'Squad/Parts/Aero/wings/structural4/structuralWing4'
[LOG 11:04:38.881] PartLoader: Compiling Part 'Squad/Parts/Aero/wings/swept1/sweptWing1'
[LOG 11:04:38.882] PartLoader: Compiling Part 'Squad/Parts/Aero/wings/swept2/sweptWing2'
[LOG 11:04:38.884] PartLoader: Compiling Part 'Squad/Parts/Cargo/CargoContainers/cargoContainer/cargoContainer'
[WRN 11:04:38.885] [Part]: Cannot have ModuleCargoPart and ModuleInventoryPart on same Part [cargoContainer'. Removed ModuleCargoPart
[LOG 11:04:38.891] PartLoader: Compiling Part 'Squad/Parts/Cargo/CargoContainers/smallCargoContainer/smallCargoContainer'
[WRN 11:04:38.892] [Part]: Cannot have ModuleCargoPart and ModuleInventoryPart on same Part [smallCargoContainer'. Removed ModuleCargoPart
[LOG 11:04:38.894] PartLoader: Compiling Part 'Squad/Parts/Cargo/Cylinder/Cylinder/evaCylinder'
[LOG 11:04:38.896] PartLoader: Compiling Part 'Squad/Parts/Cargo/GroundAnchor/groundAnchor/groundAnchor'
[LOG 11:04:38.909] PartLoader: Compiling Part 'Squad/Parts/Cargo/Jetpack/Jetpack/evaJetpack'
[LOG 11:04:38.913] PartLoader: Compiling Part 'Squad/Parts/Cargo/Parachute/Parachute/evaChute'
[LOG 11:04:38.915] PartLoader: Compiling Part 'Squad/Parts/Cargo/RepairKit/RepairKit/evaRepairKit'
[LOG 11:04:38.917] PartLoader: Compiling Part 'Squad/Parts/Cargo/ScienceKit/evaScienceKit/evaScienceKit'
[LOG 11:04:38.919] PartLoader: Compiling Part 'Squad/Parts/Cargo/StorageUnits/CargoStorageUnit/CargoStorageUnit'
[WRN 11:04:38.923] [Part]: Cannot have ModuleCargoPart and ModuleInventoryPart on same Part [CargoStorageUnit'. Removed ModuleCargoPart
[LOG 11:04:38.925] PartLoader: Compiling Part 'Squad/Parts/Cargo/StorageUnits/ConformalStorageUnit/ConformalStorageUnit'
[WRN 11:04:38.926] [Part]: Cannot have ModuleCargoPart and ModuleInventoryPart on same Part [ConformalStorageUnit'. Removed ModuleCargoPart
[LOG 11:04:38.928] PartLoader: Compiling Part 'Squad/Parts/Command/advancedSasModuleLarge/advSasModuleLarge/asasmodule1-2'
[LOG 11:04:38.934] PartLoader: Compiling Part 'Squad/Parts/Command/cupola/cupola/cupola'
[LOG 11:04:38.958] PartLoader: Compiling Part 'Squad/Parts/Command/externalCommandSeat/externalCommandSeat/seatExternalCmd'
[LOG 11:04:38.962] PartLoader: Compiling Part 'Squad/Parts/Command/hitchhikerStorageContainer/hitchikerStorageContainer/crewCabin'
[LOG 11:04:38.965] PartLoader: Compiling Part 'Squad/Parts/Command/inlineAdvancedStabilizer/inlineAdvancedStabilizer/advSasModule'
[LOG 11:04:38.967] PartLoader: Compiling Part 'Squad/Parts/Command/inlineReactionWheel/inlineReactionWheel/sasModule'
[LOG 11:04:38.969] PartLoader: Compiling Part 'Squad/Parts/Command/Mk1-3Pod/mk1-3/mk1-3pod'
[LOG 11:04:38.987] PartLoader: Compiling Part 'Squad/Parts/Command/mk1Cockpits/mk1Cockpit/Mark1Cockpit'
[WRN 11:04:38.989] [Part]: Cannot have ModuleCargoPart and ModuleInventoryPart on same Part [Mark1Cockpit'. Removed ModuleCargoPart
[LOG 11:04:38.994] PartLoader: Compiling Part 'Squad/Parts/Command/mk1Cockpits/mk1CrewCabin/MK1CrewCabin'
[WRN 11:04:38.996] [Part]: Cannot have ModuleCargoPart and ModuleInventoryPart on same Part [MK1CrewCabin'. Removed ModuleCargoPart
[LOG 11:04:38.998] PartLoader: Compiling Part 'Squad/Parts/Command/mk1Cockpits/mk1InlineCockpit/Mark2Cockpit'
[WRN 11:04:39.001] [Part]: Cannot have ModuleCargoPart and ModuleInventoryPart on same Part [Mark2Cockpit'. Removed ModuleCargoPart
[LOG 11:04:39.004] PartLoader: Compiling Part 'Squad/Parts/Command/mk1LanderCan/mk1LanderCan/landerCabinSmall'
[WRN 11:04:39.006] [Part]: Cannot have ModuleCargoPart and ModuleInventoryPart on same Part [landerCabinSmall'. Removed ModuleCargoPart
[LOG 11:04:39.009] PartLoader: Compiling Part 'Squad/Parts/Command/mk1pod_v2/mk1Pod_v2/mk1pod_v2'
[WRN 11:04:39.012] [Part]: Cannot have ModuleCargoPart and ModuleInventoryPart on same Part [mk1pod.v2'. Removed ModuleCargoPart
[LOG 11:04:39.016] PartLoader: Compiling Part 'Squad/Parts/Command/mk2CockpitInline/mk2CockpitInline/mk2Cockpit_Inline'
[WRN 11:04:39.018] [Part]: Cannot have ModuleCargoPart and ModuleInventoryPart on same Part [mk2Cockpit.Inline'. Removed ModuleCargoPart
[LOG 11:04:39.022] PartLoader: Compiling Part 'Squad/Parts/Command/mk2CockpitStandard/mk2CockpitStandard/mk2Cockpit_Standard'
[WRN 11:04:39.024] [Part]: Cannot have ModuleCargoPart and ModuleInventoryPart on same Part [mk2Cockpit.Standard'. Removed ModuleCargoPart
[LOG 11:04:39.028] PartLoader: Compiling Part 'Squad/Parts/Command/mk2DroneCore/mk2Dronecore/mk2DroneCore'
[LOG 11:04:39.032] PartLoader: Compiling Part 'Squad/Parts/Command/mk2LanderCan/mk2LanderCan/mk2LanderCabin'
[WRN 11:04:39.034] [Part]: Cannot have ModuleCargoPart and ModuleInventoryPart on same Part [mk2LanderCabin'. Removed ModuleCargoPart
[LOG 11:04:39.038] PartLoader: Compiling Part 'Squad/Parts/Command/mk2LanderCan_v2/mk2LanderCan_v2/mk2LanderCabin_v2'
[WRN 11:04:39.041] [Part]: Cannot have ModuleCargoPart and ModuleInventoryPart on same Part [mk2LanderCabin.v2'. Removed ModuleCargoPart
[LOG 11:04:39.045] PartLoader: Compiling Part 'Squad/Parts/Command/mk3CockpitShuttle/mk3CockpitShuttle/mk3Cockpit_Shuttle'
[LOG 11:04:39.050] PartLoader: Compiling Part 'Squad/Parts/Command/MpoProbe/MpoProbe/MpoProbe'
[LOG 11:04:39.054] PartLoader: Compiling Part 'Squad/Parts/Command/MtmStage/MTM_Stage/MtmStage'
[LOG 11:04:39.058] PartLoader: Compiling Part 'Squad/Parts/Command/probeCoreCube/probeCoreCube/probeCoreCube'
[LOG 11:04:39.062] PartLoader: Compiling Part 'Squad/Parts/Command/probeCoreHex/probeCoreHex/probeCoreHex'
[LOG 11:04:39.067] PartLoader: Compiling Part 'Squad/Parts/Command/probeCoreHex_v2/probeCoreHex_v2/probeCoreHex_v2'
[LOG 11:04:39.071] PartLoader: Compiling Part 'Squad/Parts/Command/probeCoreOcto2_v2/probeCoreOcto2_v2/probeCoreOcto2_v2'
[LOG 11:04:39.075] PartLoader: Compiling Part 'Squad/Parts/Command/probeCoreOcto_v2/probeCoreOcto_v2/probeCoreOcto_v2'
[LOG 11:04:39.079] PartLoader: Compiling Part 'Squad/Parts/Command/probeRoverBody/probeRoverBody/roverBody'
[LOG 11:04:39.084] PartLoader: Compiling Part 'Squad/Parts/Command/probeRoverBody_v2/probeRoverBody_v2/roverBody_v2'
[LOG 11:04:39.089] PartLoader: Compiling Part 'Squad/Parts/Command/probeStackLarge/probeStackLarge/probeStackLarge'
[LOG 11:04:39.092] PartLoader: Compiling Part 'Squad/Parts/Command/probeStackSmall/probeStackSmall/probeStackSmall'
[LOG 11:04:39.096] PartLoader: Compiling Part 'Squad/Parts/Command/probeStackSphere_v2/probeStackSphere_v2/probeCoreSphere_v2'
[LOG 11:04:39.100] PartLoader: Compiling Part 'Squad/Parts/CompoundParts/FuelLine/fuelLine/fuelLine'
[LOG 11:04:39.116] PartLoader: Compiling Part 'Squad/Parts/CompoundParts/strutConnector/strutConnector/strutConnector'
[LOG 11:04:39.121] PartLoader: Compiling Part 'Squad/Parts/Coupling/Decoupler_0/Decoupler_0'
[LOG 11:04:39.126] PartLoader: Compiling Part 'Squad/Parts/Coupling/Decoupler_1/Decoupler_1'
[LOG 11:04:39.130] PartLoader: Compiling Part 'Squad/Parts/Coupling/Decoupler_2/Decoupler_2'
[LOG 11:04:39.134] PartLoader: Compiling Part 'Squad/Parts/Coupling/Decoupler_3/Decoupler_3'
[LOG 11:04:39.137] PartLoader: Compiling Part 'Squad/Parts/Coupling/Separator_0/Separator_0'
[LOG 11:04:39.140] PartLoader: Compiling Part 'Squad/Parts/Coupling/Separator_1/Separator_1'
[LOG 11:04:39.143] PartLoader: Compiling Part 'Squad/Parts/Coupling/Separator_2/Separator_2'
[LOG 11:04:39.146] PartLoader: Compiling Part 'Squad/Parts/Coupling/Separator_3/Separator_3'
[LOG 11:04:39.149] PartLoader: Compiling Part 'Squad/Parts/Electrical/10CSolarPanels/OX-10C/solarPanelOX10C'
[LOG 11:04:39.159] PartLoader: Compiling Part 'Squad/Parts/Electrical/10CSolarPanels/SP-10C/solarPanelSP10C'
[LOG 11:04:39.162] PartLoader: Compiling Part 'Squad/Parts/Electrical/10LSolarPanels/OX-10L/solarPanelOX10L'
[LOG 11:04:39.165] PartLoader: Compiling Part 'Squad/Parts/Electrical/10LSolarPanels/SP-10L/solarPanelSP10L'
[LOG 11:04:39.168] PartLoader: Compiling Part 'Squad/Parts/Electrical/1x6ShroudSolarPanels/1x6ShroudSolarPanels/solarPanels2'
[LOG 11:04:39.170] PartLoader: Compiling Part 'Squad/Parts/Electrical/1x6SolarPanels/1x6SolarPanels/solarPanels4'
[LOG 11:04:39.173] PartLoader: Compiling Part 'Squad/Parts/Electrical/3x2ShroudSolarPanels/3x2ShroudSolarPanels/solarPanels1'
[LOG 11:04:39.176] PartLoader: Compiling Part 'Squad/Parts/Electrical/3x2SolarPanels/3x2SolarPanels/solarPanels3'
[LOG 11:04:39.177] PartLoader: Compiling Part 'Squad/Parts/Electrical/gigantorXlSolarArray/gigantorXlSolarArray/largeSolarPanel'
[LOG 11:04:39.184] PartLoader: Compiling Part 'Squad/Parts/Electrical/radialFlatSolarPanel/radialFlatSolarPanel/solarPanels5'
[LOG 11:04:39.186] PartLoader: Compiling Part 'Squad/Parts/Electrical/RTG/RTG/rtg'
[LOG 11:04:39.196] PartLoader: Compiling Part 'Squad/Parts/Electrical/z-100Battery/z-100Battery/batteryPack'
[LOG 11:04:39.199] PartLoader: Compiling Part 'Squad/Parts/Electrical/z-1kBattery/z-1kBattery/batteryBank'
[LOG 11:04:39.201] PartLoader: Compiling Part 'Squad/Parts/Electrical/z-200Battery/z-200Battery/batteryBankMini'
[LOG 11:04:39.202] PartLoader: Compiling Part 'Squad/Parts/Electrical/z-400Battery/z-400Battery/ksp_r_largeBatteryPack'
[LOG 11:04:39.204] PartLoader: Compiling Part 'Squad/Parts/Electrical/z-4kBattery/z-4kBattery/batteryBankLarge'
[LOG 11:04:39.206] PartLoader: Compiling Part 'Squad/Parts/Engine/ionEngine/ionEngine/ionEngine'
[LOG 11:04:39.224] PartLoader: Compiling Part 'Squad/Parts/Engine/jetEngines/jetEngineAfterburning/turboJet'
[LOG 11:04:39.256] PartLoader: Compiling Part 'Squad/Parts/Engine/jetEngines/jetEngineBasic/JetEngine'
[LOG 11:04:39.263] PartLoader: Compiling Part 'Squad/Parts/Engine/jetEngines/jetEngineBig/turboFanSize2'
[LOG 11:04:39.269] PartLoader: Compiling Part 'Squad/Parts/Engine/jetEngines/jetEngineTurbo/turboFanEngine'
[LOG 11:04:39.275] PartLoader: Compiling Part 'Squad/Parts/Engine/liquidEngine24-77/liquidEngine24-77/smallRadialEngine'
[LOG 11:04:39.280] PartLoader: Compiling Part 'Squad/Parts/Engine/liquidEngine24-77_v2/liquidEngine24-77_v2/smallRadialEngine_v2'
[LOG 11:04:39.287] PartLoader: Compiling Part 'Squad/Parts/Engine/liquidEngine48-7S_v2/liquidEngine48-7S_v2/liquidEngineMini_v2'
[LOG 11:04:39.295] PartLoader: Compiling Part 'Squad/Parts/Engine/liquidEngineAerospike/liquidEngineAerospike/toroidalAerospike'
[LOG 11:04:39.307] PartLoader: Compiling Part 'Squad/Parts/Engine/liquidEngineLV-1_v2/liquidEngineLV-1R _v2/radialEngineMini_v2'
[LOG 11:04:39.313] PartLoader: Compiling Part 'Squad/Parts/Engine/liquidEngineLV-1_v2/liquidEngineLV-1_v2/microEngine_v2'
[LOG 11:04:39.319] PartLoader: Compiling Part 'Squad/Parts/Engine/liquidEngineLV-909_v2/liquidEngineLV-909_v2/liquidEngine3_v2'
[LOG 11:04:39.327] PartLoader: Compiling Part 'Squad/Parts/Engine/liquidEngineLV-N/liquidEngineLV-N/nuclearEngine'
[LOG 11:04:39.333] PartLoader: Compiling Part 'Squad/Parts/Engine/liquidEngineLV-T30/liquidEngineLV-T30/liquidEngine'
[LOG 11:04:39.339] PartLoader: Compiling Part 'Squad/Parts/Engine/liquidEngineLV-T30_v2/liquidEngineLV-T30_v2/liquidEngine_v2'
[LOG 11:04:39.345] PartLoader: Compiling Part 'Squad/Parts/Engine/liquidEngineLV-T45/liquidEngineLV-T45/liquidEngine2'
[LOG 11:04:39.351] PartLoader: Compiling Part 'Squad/Parts/Engine/liquidEngineLV-T45_v2/liquidEngineLV-T45_v2/liquidEngine2_v2'
[LOG 11:04:39.357] PartLoader: Compiling Part 'Squad/Parts/Engine/liquidEngineMainsail_v2/liquidEngineMainsail_v2/liquidEngineMainsail_v2'
[LOG 11:04:39.368] PartLoader: Compiling Part 'Squad/Parts/Engine/liquidEngineMk55/liquidEngineMk55/radialLiquidEngine1-2'
[LOG 11:04:39.374] PartLoader: Compiling Part 'Squad/Parts/Engine/liquidEnginePoodle_v2/liquidEnginePoodle_v2/liquidEngine2-2_v2'
[LOG 11:04:39.382] PartLoader: Compiling Part 'Squad/Parts/Engine/liquidEngineSkipper_v2/skipperLiquidEngine_v2/engineLargeSkipper_v2'
[LOG 11:04:39.388] PartLoader: Compiling Part 'Squad/Parts/Engine/liquidEngineSSME/SSME/SSME'
[LOG 11:04:39.395] PartLoader: Compiling Part 'Squad/Parts/Engine/MassiveSRB/part/MassiveBooster'
[LOG 11:04:39.402] PartLoader: Compiling Part 'Squad/Parts/Engine/miniJet/SmallJetEngine/miniJetEngine'
[LOG 11:04:39.407] PartLoader: Compiling Part 'Squad/Parts/Engine/OMSEngine/omsEngine/omsEngine'
[LOG 11:04:39.415] PartLoader: Compiling Part 'Squad/Parts/Engine/rapierEngine/rapierEngine/RAPIER'
[LOG 11:04:39.420] PartLoader: Compiling Part 'Squad/Parts/Engine/Size1_SRBs/solidBoosterRT-10_v2/solidBooster_v2'
[LOG 11:04:39.429] PartLoader: Compiling Part 'Squad/Parts/Engine/Size1_SRBs/solidBoosterRT-5_v2/solidBooster_sm_v2'
[LOG 11:04:39.433] PartLoader: Compiling Part 'Squad/Parts/Engine/Size2LFB/part/Size2LFB'
[LOG 11:04:39.439] PartLoader: Compiling Part 'Squad/Parts/Engine/Size2LFB_v2/part/Size2LFB_v2'
[LOG 11:04:39.447] PartLoader: Compiling Part 'Squad/Parts/Engine/Size3AdvancedEngine/part/Size3AdvancedEngine'
[LOG 11:04:39.452] PartLoader: Compiling Part 'Squad/Parts/Engine/Size3EngineCluster/part/Size3EngineCluster'
[LOG 11:04:39.458] PartLoader: Compiling Part 'Squad/Parts/Engine/solidBoosterBACC/solidBoosterBACC/solidBooster1-1'
[LOG 11:04:39.463] PartLoader: Compiling Part 'Squad/Parts/Engine/solidBoosterS2-17/solidBoosterS2-17/Thoroughbred'
[LOG 11:04:39.469] PartLoader: Compiling Part 'Squad/Parts/Engine/solidBoosterS2-33/solidBoosterS2-33/Clydesdale'
[LOG 11:04:39.474] PartLoader: Compiling Part 'Squad/Parts/Engine/solidBoosterSep/solidBoosterSep/sepMotor1'
[LOG 11:04:39.477] [ModuleCargoPart]: Setting stackableQuantity to 1 as sepMotor1 contains resources
[LOG 11:04:39.479] PartLoader: Compiling Part 'Squad/Parts/Engine/SolidBoostersF/SolidBoosterF3S0/Shrimp'
[LOG 11:04:39.484] PartLoader: Compiling Part 'Squad/Parts/Engine/SolidBoostersF/SolidBoosterFM1/Mite'
[LOG 11:04:39.489] PartLoader: Compiling Part 'Squad/Parts/FuelTank/adapterTanks/Mk3-Mk2/adapterMk3-Mk2'
[LOG 11:04:39.491] PartLoader: Compiling Part 'Squad/Parts/FuelTank/adapterTanks/Mk3-ShuttleAdapter/adapterEngines'
[LOG 11:04:39.491] PartLoader: Compiling Part 'Squad/Parts/FuelTank/adapterTanks/Mk3-Size2/adapterMk3-Size2'
[LOG 11:04:39.493] PartLoader: Compiling Part 'Squad/Parts/FuelTank/adapterTanks/Mk3-Size2Slant/adapterMk3-Size2Slant'
[LOG 11:04:39.494] PartLoader: Compiling Part 'Squad/Parts/FuelTank/adapterTanks/Size2-Mk2/adapterSize2-Mk2'
[LOG 11:04:39.496] PartLoader: Compiling Part 'Squad/Parts/FuelTank/adapterTanks/Size2-Size1/adapterSize2-Size1'
[LOG 11:04:39.498] PartLoader: Compiling Part 'Squad/Parts/FuelTank/adapterTanks/Size2-Size1Slant/adapterSize2-Size1Slant'
[LOG 11:04:39.499] PartLoader: Compiling Part 'Squad/Parts/FuelTank/adapterTanks/Size3-Mk3/adapterSize3-Mk3'
[LOG 11:04:39.501] PartLoader: Compiling Part 'Squad/Parts/FuelTank/drainTankFTE-1/ReleaseValve/ReleaseValve'
[LOG 11:04:39.510] PartLoader: Compiling Part 'Squad/Parts/FuelTank/FoilTanks/RadialTank_Capsule/externalTankCapsule'
[LOG 11:04:39.512] PartLoader: Compiling Part 'Squad/Parts/FuelTank/FoilTanks/RadialTank_Round/externalTankRound'
[LOG 11:04:39.514] PartLoader: Compiling Part 'Squad/Parts/FuelTank/FoilTanks/ToroidTank/externalTankToroid'
[LOG 11:04:39.518] PartLoader: Compiling Part 'Squad/Parts/FuelTank/fuelTankOscarB/fuelTankOscarB/miniFuelTank'
[LOG 11:04:39.520] PartLoader: Compiling Part 'Squad/Parts/FuelTank/miniFuselage/miniFuselage/miniFuselage'
[LOG 11:04:39.522] PartLoader: Compiling Part 'Squad/Parts/FuelTank/mk2Adapters/bicoupler/mk2_1m_Bicoupler'
[LOG 11:04:39.525] PartLoader: Compiling Part 'Squad/Parts/FuelTank/mk2Adapters/long/mk2_1m_AdapterLong'
[LOG 11:04:39.527] PartLoader: Compiling Part 'Squad/Parts/FuelTank/mk2Adapters/standard/mk2SpacePlaneAdapter'
[LOG 11:04:39.529] PartLoader: Compiling Part 'Squad/Parts/FuelTank/mk2FuselageLong/LFO_long/mk2FuselageLongLFO'
[LOG 11:04:39.531] PartLoader: Compiling Part 'Squad/Parts/FuelTank/mk2FuselageLong/L_long/mk2Fuselage'
[LOG 11:04:39.532] PartLoader: Compiling Part 'Squad/Parts/FuelTank/mk2FuselageShort/LFO_short/mk2FuselageShortLFO'
[LOG 11:04:39.534] PartLoader: Compiling Part 'Squad/Parts/FuelTank/mk2FuselageShort/L_short/mk2FuselageShortLiquid'
[LOG 11:04:39.537] PartLoader: Compiling Part 'Squad/Parts/FuelTank/mk2FuselageShort/Mono_short/mk2FuselageShortMono'
[LOG 11:04:39.538] PartLoader: Compiling Part 'Squad/Parts/FuelTank/mk3Fuselage/CREW/mk3CrewCabin'
[LOG 11:04:39.542] PartLoader: Compiling Part 'Squad/Parts/FuelTank/mk3Fuselage/LFO_100/mk3FuselageLFO_100'
[LOG 11:04:39.545] PartLoader: Compiling Part 'Squad/Parts/FuelTank/mk3Fuselage/LFO_25/mk3FuselageLFO_25'
[LOG 11:04:39.547] PartLoader: Compiling Part 'Squad/Parts/FuelTank/mk3Fuselage/LFO_50/mk3FuselageLFO_50'
[LOG 11:04:39.548] PartLoader: Compiling Part 'Squad/Parts/FuelTank/mk3Fuselage/LF_100/mk3FuselageLF_100'
[LOG 11:04:39.549] PartLoader: Compiling Part 'Squad/Parts/FuelTank/mk3Fuselage/LF_25/mk3FuselageLF_25'
[LOG 11:04:39.551] PartLoader: Compiling Part 'Squad/Parts/FuelTank/mk3Fuselage/LF_50/mk3FuselageLF_50'
[LOG 11:04:39.552] PartLoader: Compiling Part 'Squad/Parts/FuelTank/mk3Fuselage/MONO/mk3FuselageMONO'
[LOG 11:04:39.553] PartLoader: Compiling Part 'Squad/Parts/FuelTank/RCSFuelTankR1/RCSFuelTankR1/RCSTank1-2'
[LOG 11:04:39.555] PartLoader: Compiling Part 'Squad/Parts/FuelTank/RCSFuelTankR10/RCSFuelTankR10/rcsTankMini'
[LOG 11:04:39.557] PartLoader: Compiling Part 'Squad/Parts/FuelTank/RCSFuelTankR25/RCSFuelTankR25/RCSFuelTank'
[LOG 11:04:39.558] PartLoader: Compiling Part 'Squad/Parts/FuelTank/RCSTankRadial/radialRCSTank/radialRCSTank'
[LOG 11:04:39.560] PartLoader: Compiling Part 'Squad/Parts/FuelTank/RCStankRadialLong/RCSTankRadialLong/rcsTankRadialLong'
[LOG 11:04:39.562] PartLoader: Compiling Part 'Squad/Parts/FuelTank/RockomaxTanks/Rockomax16/Rockomax16_BW'
[LOG 11:04:39.564] PartLoader: Compiling Part 'Squad/Parts/FuelTank/RockomaxTanks/Rockomax32/Rockomax32_BW'
[LOG 11:04:39.566] PartLoader: Compiling Part 'Squad/Parts/FuelTank/RockomaxTanks/Rockomax64/Rockomax64_BW'
[LOG 11:04:39.568] PartLoader: Compiling Part 'Squad/Parts/FuelTank/RockomaxTanks/Rockomax8/Rockomax8BW'
[LOG 11:04:39.570] PartLoader: Compiling Part 'Squad/Parts/FuelTank/Size1_Tanks/fuelTankT100/fuelTankSmallFlat'
[LOG 11:04:39.572] PartLoader: Compiling Part 'Squad/Parts/FuelTank/Size1_Tanks/fuelTankT200/fuelTankSmall'
[LOG 11:04:39.574] PartLoader: Compiling Part 'Squad/Parts/FuelTank/Size1_Tanks/fuelTankT400/fuelTank'
[LOG 11:04:39.577] PartLoader: Compiling Part 'Squad/Parts/FuelTank/Size1_Tanks/fuelTankT800/fuelTank_long'
[LOG 11:04:39.579] PartLoader: Compiling Part 'Squad/Parts/FuelTank/Size3Tanks/large/Size3LargeTank'
[LOG 11:04:39.581] PartLoader: Compiling Part 'Squad/Parts/FuelTank/Size3Tanks/medium/Size3MediumTank'
[LOG 11:04:39.584] PartLoader: Compiling Part 'Squad/Parts/FuelTank/Size3Tanks/small/Size3SmallTank'
[LOG 11:04:39.586] PartLoader: Compiling Part 'Squad/Parts/FuelTank/xenonTank/xenonTank/xenonTank'
[LOG 11:04:39.588] PartLoader: Compiling Part 'Squad/Parts/FuelTank/xenonTankLarge/xenonTankLarge/xenonTankLarge'
[LOG 11:04:39.589] PartLoader: Compiling Part 'Squad/Parts/FuelTank/xenonTankRadial/xenonTankRadial/xenonTankRadial'
[LOG 11:04:39.591] PartLoader: Compiling Part 'Squad/Parts/Misc/AsteroidDay/CamSat/InfraredTelescope'
[LOG 11:04:39.595] PartLoader: Compiling Part 'Squad/Parts/Misc/AsteroidDay/HECS2/HECS2_ProbeCore'
[LOG 11:04:39.600] PartLoader: Compiling Part 'Squad/Parts/Misc/AsteroidDay/HighGainAntenna/HighGainAntenna'
[LOG 11:04:39.606] PartLoader: Compiling Part 'Squad/Parts/Misc/AsteroidDay/LgRadialSolar/LgRadialSolarPanel'
[LOG 11:04:39.609] PartLoader: Compiling Part 'Squad/Parts/Misc/PotatoComet/part/PotatoComet'
[LOG 11:04:39.618] PartLoader: Compiling Part 'Squad/Parts/Misc/PotatoRoid/part/PotatoRoid'
[LOG 11:04:39.626] PartLoader: Compiling Part 'Squad/Parts/Prebuilt/flag/flag'
[LOG 11:04:39.629] PartLoader: Compiling Part 'Squad/Parts/Prebuilt/kerbalEVA/kerbalEVA'
[LOG 11:04:39.645] PartLoader: Compiling Part 'Squad/Parts/Prebuilt/kerbalEVAfemale/kerbalEVAfemale'
[LOG 11:04:39.649] PartLoader: Compiling Part 'Squad/Parts/Prebuilt/kerbalEVASlimSuit/kerbalEVASlimSuit'
[LOG 11:04:39.654] PartLoader: Compiling Part 'Squad/Parts/Prebuilt/kerbalEVASlimSuitFemale/kerbalEVASlimSuitFemale'
[LOG 11:04:39.661] PartLoader: Compiling Part 'Squad/Parts/Resources/FuelCell/FuelCell/FuelCell'
[LOG 11:04:39.669] PartLoader: Compiling Part 'Squad/Parts/Resources/FuelCell/FuelCellArray/FuelCellArray'
[LOG 11:04:39.672] PartLoader: Compiling Part 'Squad/Parts/Resources/ISRU/ISRU/ISRU'
[LOG 11:04:39.678] PartLoader: Compiling Part 'Squad/Parts/Resources/LargeTank/LargeTank/LargeTank'
[LOG 11:04:39.681] PartLoader: Compiling Part 'Squad/Parts/Resources/MiniDrill/MiniDrill/MiniDrill'
[LOG 11:04:39.699] PartLoader: Compiling Part 'Squad/Parts/Resources/MiniISRU/MiniISRU/MiniISRU'
[LOG 11:04:39.711] PartLoader: Compiling Part 'Squad/Parts/Resources/OrbitalScanner/OrbitalScanner/OrbitalScanner'
[LOG 11:04:39.721] PartLoader: Compiling Part 'Squad/Parts/Resources/RadialDrill/RadialDrill/RadialDrill'
[LOG 11:04:39.728] PartLoader: Compiling Part 'Squad/Parts/Resources/RadialTank/RadialTank/RadialOreTank'
[LOG 11:04:39.736] PartLoader: Compiling Part 'Squad/Parts/Resources/SmallTank/SmallTank/SmallTank'
[LOG 11:04:39.739] PartLoader: Compiling Part 'Squad/Parts/Resources/SurfaceScanner/SurfaceScanner/SurfaceScanner'
[LOG 11:04:39.749] PartLoader: Compiling Part 'Squad/Parts/Resources/SurveyScanner/SurveyScanner/SurveyScanner'
[LOG 11:04:39.755] PartLoader: Compiling Part 'Squad/Parts/Science/AtmosphereSensor/sensorAtmosphere/sensorAtmosphere'
[LOG 11:04:39.758] PartLoader: Compiling Part 'Squad/Parts/Science/GooExperiment/gooExperiment/GooExperiment'
[LOG 11:04:39.760] PartLoader: Compiling Part 'Squad/Parts/Science/LargeCrewedLab/largeCrewedLab/Large_Crewed_Lab'
[LOG 11:04:39.772] PartLoader: Compiling Part 'Squad/Parts/Science/Magnetometer/Magnetometer/Magnetometer'
[LOG 11:04:39.778] PartLoader: Compiling Part 'Squad/Parts/Science/MaterialBay/materialBay/science_module'
[LOG 11:04:39.783] PartLoader: Compiling Part 'Squad/Parts/Science/ScienceBox/ScienceBox/ScienceBox'
[LOG 11:04:39.784] PartLoader: Compiling Part 'Squad/Parts/Science/sensorAccelerometer/sensorAccelerometer/sensorAccelerometer'
[LOG 11:04:39.791] PartLoader: Compiling Part 'Squad/Parts/Science/sensorBarometer/sensorBarometer/sensorBarometer'
[LOG 11:04:39.793] PartLoader: Compiling Part 'Squad/Parts/Science/sensorGravimeter/sensorGravimeter/sensorGravimeter'
[LOG 11:04:39.795] PartLoader: Compiling Part 'Squad/Parts/Science/sensorThermometer/sensorThermometer/sensorThermometer'
[LOG 11:04:39.798] PartLoader: Compiling Part 'Squad/Parts/Structural/FLAdapters/adapterSmallMiniShort/adapterSmallMiniShort'
[LOG 11:04:39.799] PartLoader: Compiling Part 'Squad/Parts/Structural/FLAdapters/adapterSmallMiniTall/adapterSmallMiniTall'
[LOG 11:04:39.803] PartLoader: Compiling Part 'Squad/Parts/Structural/mk1Parts/engineBodyRadial/radialEngineBody'
[LOG 11:04:39.806] PartLoader: Compiling Part 'Squad/Parts/Structural/mk1Parts/engineNacelle/nacelleBody'
[LOG 11:04:39.809] PartLoader: Compiling Part 'Squad/Parts/Structural/mk1Parts/mk1Fuselage/MK1Fuselage'
[LOG 11:04:39.812] PartLoader: Compiling Part 'Squad/Parts/Structural/mk1Parts/mk1FuselageIntake/MK1IntakeFuselage'
[LOG 11:04:39.814] PartLoader: Compiling Part 'Squad/Parts/Structural/mk1Parts/mk1Structural/Mk1FuselageStructural'
[LOG 11:04:39.816] PartLoader: Compiling Part 'Squad/Parts/Structural/Size3To2Adapter_v2/Size2to3_v2/Size3To2Adapter_v2'
[LOG 11:04:39.818] PartLoader: Compiling Part 'Squad/Parts/Structural/stackAdapters/adapterLargeSmallBi/adapterLargeSmallBi'
[LOG 11:04:39.820] PartLoader: Compiling Part 'Squad/Parts/Structural/stackAdapters/adapterLargeSmallQuad/adapterLargeSmallQuad'
[LOG 11:04:39.822] PartLoader: Compiling Part 'Squad/Parts/Structural/stackAdapters/adapterLargeSmallTri/adapterLargeSmallTri'
[LOG 11:04:39.824] PartLoader: Compiling Part 'Squad/Parts/Structural/stationHub/stationHub/stationHub'
[LOG 11:04:39.826] PartLoader: Compiling Part 'Squad/Parts/Structural/structuralIBeam200/structuralIBeam200/structuralIBeam2'
[LOG 11:04:39.827] PartLoader: Compiling Part 'Squad/Parts/Structural/structuralIBeam200Pocket/structuralIBeam200Pocket/structuralIBeam3'
[LOG 11:04:39.829] PartLoader: Compiling Part 'Squad/Parts/Structural/structuralIBeam650/structuralIBeam650/structuralIBeam1'
[LOG 11:04:39.831] PartLoader: Compiling Part 'Squad/Parts/Structural/structuralMicronode/structuralMicronode/structuralMiniNode'
[LOG 11:04:39.833] PartLoader: Compiling Part 'Squad/Parts/Structural/structuralPanel1x1/structuralPanel1x1/structuralPanel1'
[LOG 11:04:39.834] PartLoader: Compiling Part 'Squad/Parts/Structural/structuralPanel2x2/structuralPanel2x2/structuralPanel2'
[LOG 11:04:39.835] PartLoader: Compiling Part 'Squad/Parts/Structural/structuralPylons/smallHardpoint/smallHardpoint'
[LOG 11:04:39.838] PartLoader: Compiling Part 'Squad/Parts/Structural/structuralPylons/structuralPylon/structuralPylon'
[LOG 11:04:39.841] PartLoader: Compiling Part 'Squad/Parts/Structural/strutCubicOcto/strutCubicOcto/strutCube'
[LOG 11:04:39.842] PartLoader: Compiling Part 'Squad/Parts/Structural/strutOcto/strutOcto/strutOcto'
[LOG 11:04:39.844] PartLoader: Compiling Part 'Squad/Parts/Structural/trussGirderAdapter/trussGirderAdapter/trussAdapter'
[LOG 11:04:39.845] PartLoader: Compiling Part 'Squad/Parts/Structural/trussGirderL/trussGirderL/trussPiece1x'
[LOG 11:04:39.847] PartLoader: Compiling Part 'Squad/Parts/Structural/trussGirderXL/trussGirderXL/trussPiece3x'
[LOG 11:04:39.848] PartLoader: Compiling Part 'Squad/Parts/Thermal/FoldingRadiators/foldingRadLarge/foldingRadLarge'
[LOG 11:04:39.857] PartLoader: Compiling Part 'Squad/Parts/Thermal/FoldingRadiators/foldingRadMed/foldingRadMed'
[LOG 11:04:39.861] PartLoader: Compiling Part 'Squad/Parts/Thermal/FoldingRadiators/foldingRadSmall/foldingRadSmall'
[LOG 11:04:39.864] PartLoader: Compiling Part 'Squad/Parts/Thermal/RadiatorPanels/radPanelEdge/radPanelEdge'
[LOG 11:04:39.868] PartLoader: Compiling Part 'Squad/Parts/Thermal/RadiatorPanels/radPanelLg/radPanelLg'
[LOG 11:04:39.870] PartLoader: Compiling Part 'Squad/Parts/Thermal/RadiatorPanels/radPanelSm/radPanelSm'
[LOG 11:04:39.872] PartLoader: Compiling Part 'Squad/Parts/Utility/commDish88-88/commDish88-88/commDish'
[LOG 11:04:39.876] PartLoader: Compiling Part 'Squad/Parts/Utility/commsAntennaDTS-M1/commsAntennaDTS-M1/mediumDishAntenna'
[LOG 11:04:39.879] PartLoader: Compiling Part 'Squad/Parts/Utility/commsDish16/commsAntenna16/longAntenna'
[LOG 11:04:39.882] PartLoader: Compiling Part 'Squad/Parts/Utility/decouplerRadialHDM/decouplerRadialHDM/radialDecoupler1-2'
[LOG 11:04:39.887] PartLoader: Compiling Part 'Squad/Parts/Utility/decouplerRadialTT-38K/decouplerRadialTT-38K/radialDecoupler'
[LOG 11:04:39.889] PartLoader: Compiling Part 'Squad/Parts/Utility/decouplerRadialTT-70/decouplerRadialTT-70/radialDecoupler2'
[LOG 11:04:39.893] PartLoader: Compiling Part 'Squad/Parts/Utility/DirectAntennas/C16S/SurfAntenna'
[LOG 11:04:39.895] PartLoader: Compiling Part 'Squad/Parts/Utility/DirectAntennas/HG-5/HighGainAntenna5'
[LOG 11:04:39.898] PartLoader: Compiling Part 'Squad/Parts/Utility/DirectAntennas/HG-5_v2/HighGainAntenna5_v2'
[LOG 11:04:39.902] PartLoader: Compiling Part 'Squad/Parts/Utility/dockingPort/dockingPort/dockingPort2'
[LOG 11:04:39.909] PartLoader: Compiling Part 'Squad/Parts/Utility/dockingPortInline/dockingPortInline/dockingPortLateral'
[LOG 11:04:39.913] PartLoader: Compiling Part 'Squad/Parts/Utility/dockingPortJr/dockingPortJr/dockingPort3'
[LOG 11:04:39.915] PartLoader: Compiling Part 'Squad/Parts/Utility/dockingPortShielded/dockingPortShielded/dockingPort1'
[LOG 11:04:39.918] PartLoader: Compiling Part 'Squad/Parts/Utility/dockingPortSr/dockingPortSr/dockingPortLarge'
[LOG 11:04:39.921] PartLoader: Compiling Part 'Squad/Parts/Utility/Fireworks/fireworksLauncherBig/fireworksLauncherBig'
[LOG 11:04:39.931] PartLoader: Compiling Part 'Squad/Parts/Utility/Fireworks/fireworksLauncherSmall/fireworksLauncherSmall'
[LOG 11:04:39.938] PartLoader: Compiling Part 'Squad/Parts/Utility/flags/flagFlat/flagFlat/flagPartFlat'
[LOG 11:04:39.947] PartLoader: Compiling Part 'Squad/Parts/Utility/flags/flagSize0/flagSize0/flagPartSize0'
[LOG 11:04:39.951] PartLoader: Compiling Part 'Squad/Parts/Utility/flags/flagSize1/flagSize1/flagPartSize1'
[LOG 11:04:39.955] PartLoader: Compiling Part 'Squad/Parts/Utility/flags/flagSize2/flagSize2/flagPartSize2'
[LOG 11:04:39.958] PartLoader: Compiling Part 'Squad/Parts/Utility/flags/flagSize3/flagSize3/flagPartSize3'
[LOG 11:04:39.961] PartLoader: Compiling Part 'Squad/Parts/Utility/GrapplingDevice/part/GrapplingDevice'
[LOG 11:04:39.969] PartLoader: Compiling Part 'Squad/Parts/Utility/ladderRadial/ladderRadial/ladder1'
[LOG 11:04:39.971] PartLoader: Compiling Part 'Squad/Parts/Utility/ladderTelescopic/ladderTelescopic/telescopicLadder'
[LOG 11:04:39.977] PartLoader: Compiling Part 'Squad/Parts/Utility/ladderTelescopicBay/ladderTelescopicBay/telescopicLadderBay'
[LOG 11:04:39.985] PartLoader: Compiling Part 'Squad/Parts/Utility/landingLegLT-1/landingLegLT-1/landingLeg1'
[LOG 11:04:40.005] PartLoader: Compiling Part 'Squad/Parts/Utility/landingLegLT-2/landingLegLT-2/landingLeg1-2'
[LOG 11:04:40.012] PartLoader: Compiling Part 'Squad/Parts/Utility/landingLegLT-5/landingLegLT-5/miniLandingLeg'
[LOG 11:04:40.017] PartLoader: Compiling Part 'Squad/Parts/Utility/launchClamp1/launchClamp1/launchClamp1'
[LOG 11:04:40.022] PartLoader: Compiling Part 'Squad/Parts/Utility/launchEscapeSystem/part/LaunchEscapeSystem'
[LOG 11:04:40.026] PartLoader: Compiling Part 'Squad/Parts/Utility/Lights/domeLight1/domeLight1'
[LOG 11:04:40.029] PartLoader: Compiling Part 'Squad/Parts/Utility/Lights/groundLight1/groundLight1'
[LOG 11:04:40.033] PartLoader: Compiling Part 'Squad/Parts/Utility/Lights/groundLight2/groundLight2'
[LOG 11:04:40.036] PartLoader: Compiling Part 'Squad/Parts/Utility/Lights/navLight1/navLight1'
[LOG 11:04:40.041] PartLoader: Compiling Part 'Squad/Parts/Utility/Lights/spotLight1/spotLight3'
[LOG 11:04:40.046] PartLoader: Compiling Part 'Squad/Parts/Utility/Lights/stripLight1/stripLight1'
[LOG 11:04:40.050] PartLoader: Compiling Part 'Squad/Parts/Utility/linearVernorRCS/linearRCS/linearRcs'
[LOG 11:04:40.056] PartLoader: Compiling Part 'Squad/Parts/Utility/linearVernorRCS/vernorEngine/vernierEngine'
[LOG 11:04:40.058] PartLoader: Compiling Part 'Squad/Parts/Utility/mk2CargoBay/BayL/mk2CargoBayL'
[LOG 11:04:40.061] PartLoader: Compiling Part 'Squad/Parts/Utility/mk2CargoBay/BayS/mk2CargoBayS'
[LOG 11:04:40.064] PartLoader: Compiling Part 'Squad/Parts/Utility/mk2CrewCabin/mk2CrewCabin/mk2CrewCabin'
[WRN 11:04:40.066] [Part]: Cannot have ModuleCargoPart and ModuleInventoryPart on same Part [mk2CrewCabin'. Removed ModuleCargoPart
[LOG 11:04:40.069] PartLoader: Compiling Part 'Squad/Parts/Utility/mk2DockingPort/mk2DockingPort/mk2DockingPort'
[LOG 11:04:40.072] PartLoader: Compiling Part 'Squad/Parts/Utility/mk3CargoBay/long/mk3CargoBayL'
[LOG 11:04:40.074] PartLoader: Compiling Part 'Squad/Parts/Utility/mk3CargoBay/medium/mk3CargoBayM'
[LOG 11:04:40.076] PartLoader: Compiling Part 'Squad/Parts/Utility/mk3CargoBay/ramp/mk3CargoRamp'
[LOG 11:04:40.079] PartLoader: Compiling Part 'Squad/Parts/Utility/mk3CargoBay/short/mk3CargoBayS'
[LOG 11:04:40.081] PartLoader: Compiling Part 'Squad/Parts/Utility/parachuteMk1/parachuteMk1/parachuteSingle'
[LOG 11:04:40.089] PartLoader: Compiling Part 'Squad/Parts/Utility/parachuteMk12-R/parachuteMk12-R/radialDrogue'
[LOG 11:04:40.094] PartLoader: Compiling Part 'Squad/Parts/Utility/parachuteMk16-XL/parachuteMk16-XL/parachuteLarge'
[LOG 11:04:40.098] PartLoader: Compiling Part 'Squad/Parts/Utility/parachuteMk2-R/parachuteMk2-R/parachuteRadial'
[LOG 11:04:40.102] PartLoader: Compiling Part 'Squad/Parts/Utility/parachuteMk25/parachuteMk25/parachuteDrogue'
[LOG 11:04:40.105] PartLoader: Compiling Part 'Squad/Parts/Utility/radialAttachmentPoint/radialAttachmentPoint/stackPoint1'
[LOG 11:04:40.107] PartLoader: Compiling Part 'Squad/Parts/Utility/rcsBlockRV-105_v2/rcsBlockRV-105/RCSBlock_v2'
[LOG 11:04:40.111] PartLoader: Compiling Part 'Squad/Parts/Utility/rcsBlockRV-105_v2/RCSblock_01_small/RCSblock_01_small'
[LOG 11:04:40.117] PartLoader: Compiling Part 'Squad/Parts/Utility/rcsSmallLinear/RCSLinearSmall/RCSLinearSmall'
[LOG 11:04:40.119] PartLoader: Compiling Part 'Squad/Parts/Utility/RelayAntennas/RA-100/RelayAntenna100'
[LOG 11:04:40.123] PartLoader: Compiling Part 'Squad/Parts/Utility/RelayAntennas/RA-5/RelayAntenna5'
[LOG 11:04:40.126] PartLoader: Compiling Part 'Squad/Parts/Utility/RelayAntennas/RA-50/RelayAntenna50'
[LOG 11:04:40.129] PartLoader: Compiling Part 'Squad/Parts/Utility/rockomaxAdapters/largeAdapter/largeAdapter'
[LOG 11:04:40.132] PartLoader: Compiling Part 'Squad/Parts/Utility/rockomaxAdapters/largeAdapterShort/largeAdapter2'
[LOG 11:04:40.134] PartLoader: Compiling Part 'Squad/Parts/Utility/ServiceBay_v2/ServiceBay_125_v2/ServiceBay_125_v2'
[LOG 11:04:40.137] PartLoader: Compiling Part 'Squad/Parts/Utility/ServiceBay_v2/ServiceBay_250_v2/ServiceBay_250_v2'
[LOG 11:04:40.139] PartLoader: Compiling Part 'Squad/Parts/Utility/smallClaw/smallClaw/smallClaw'
[LOG 11:04:40.145] PartLoader: Compiling Part 'Squad/Parts/Utility/spotLightMk1/spotLightMk1/spotLight1'
[LOG 11:04:40.148] PartLoader: Compiling Part 'Squad/Parts/Utility/spotLightMk1_v2/spotLightMk1_v2/spotLight1_v2'
[LOG 11:04:40.151] PartLoader: Compiling Part 'Squad/Parts/Utility/spotLightMk2/spotLightMk2/spotLight2'
[LOG 11:04:40.154] PartLoader: Compiling Part 'Squad/Parts/Utility/spotLightMk2_v2/spotLightMk2_v2/spotLight2_v2'
[LOG 11:04:40.158] PartLoader: Compiling Part 'Squad/Parts/Utility/stackCouplers/stackBiCoupler_v2/stackBiCoupler_v2'
[LOG 11:04:40.161] PartLoader: Compiling Part 'Squad/Parts/Utility/stackCouplers/stackQuadCoupler/stackQuadCoupler'
[LOG 11:04:40.167] PartLoader: Compiling Part 'Squad/Parts/Utility/stackCouplers/stackTriCoupler_v2/stackTriCoupler_v2'
[LOG 11:04:40.169] PartLoader: Compiling Part 'Squad/Parts/Wheel/LandingGear/GearExtraLarge/GearLarge'
[LOG 11:04:40.181] PartLoader: Compiling Part 'Squad/Parts/Wheel/LandingGear/GearFixed/GearFixed'
[LOG 11:04:40.185] PartLoader: Compiling Part 'Squad/Parts/Wheel/LandingGear/GearFree/GearFree'
[LOG 11:04:40.192] PartLoader: Compiling Part 'Squad/Parts/Wheel/LandingGear/GearLarge/GearMedium'
[LOG 11:04:40.206] PartLoader: Compiling Part 'Squad/Parts/Wheel/LandingGear/GearMedium/GearSmall'
[LOG 11:04:40.218] PartLoader: Compiling Part 'Squad/Parts/Wheel/LandingGear/GearSmall/SmallGearBay'
[LOG 11:04:40.231] PartLoader: Compiling Part 'Squad/Parts/Wheel/roverWheelM1/roverWheelM1/roverWheel1'
[LOG 11:04:40.243] PartLoader: Compiling Part 'Squad/Parts/Wheel/roverWheelS2/roverWheelS2/roverWheel2'
[LOG 11:04:40.251] PartLoader: Compiling Part 'Squad/Parts/Wheel/roverWheelTR-2L/roverWheelTR-2L/wheelMed'
[LOG 11:04:40.265] PartLoader: Compiling Part 'Squad/Parts/Wheel/roverWheelXL3/roverWheelXL3/roverWheel3'
[LOG 11:04:40.275] PartLoader: Compiling Part 'SquadExpansion/MakingHistory/Parts/Aero/protectiveRocketNoseMk16/rocketNoseCone_size4/rocketNoseConeSize4'
[LOG 11:04:40.277] PartLoader: Compiling Part 'SquadExpansion/MakingHistory/Parts/Aero/protectiveRocketNoseMk5A/Size_1_5_Cone/Size_1_5_Cone'
[LOG 11:04:40.280] PartLoader: Compiling Part 'SquadExpansion/MakingHistory/Parts/Coupling/Decoupler_1p5/Decoupler_1p5'
[LOG 11:04:40.285] PartLoader: Compiling Part 'SquadExpansion/MakingHistory/Parts/Coupling/Decoupler_4/Decoupler_4'
[LOG 11:04:40.288] PartLoader: Compiling Part 'SquadExpansion/MakingHistory/Parts/Coupling/EnginePlate_1p5/EnginePlate1p5'
[LOG 11:04:40.296] PartLoader: Compiling Part 'SquadExpansion/MakingHistory/Parts/Coupling/EnginePlate_2/EnginePlate2'
[LOG 11:04:40.300] PartLoader: Compiling Part 'SquadExpansion/MakingHistory/Parts/Coupling/EnginePlate_3/EnginePlate3'
[LOG 11:04:40.306] PartLoader: Compiling Part 'SquadExpansion/MakingHistory/Parts/Coupling/EnginePlate_4/EnginePlate4'
[LOG 11:04:40.310] PartLoader: Compiling Part 'SquadExpansion/MakingHistory/Parts/Coupling/EnginePlate_5/EnginePlate5'
[LOG 11:04:40.313] PartLoader: Compiling Part 'SquadExpansion/MakingHistory/Parts/Coupling/InflatableAirlock/InflatableAirlock'
[LOG 11:04:40.317] PartLoader: Compiling Part 'SquadExpansion/MakingHistory/Parts/Coupling/Separator_1p5/Separator_1p5'
[LOG 11:04:40.321] PartLoader: Compiling Part 'SquadExpansion/MakingHistory/Parts/Coupling/Separator_4/Separator_4'
[LOG 11:04:40.324] PartLoader: Compiling Part 'SquadExpansion/MakingHistory/Parts/Coupling/Size1p5_Strut_Decoupler/Size1p5_Strut_Decoupler'
[LOG 11:04:40.327] PartLoader: Compiling Part 'SquadExpansion/MakingHistory/Parts/Engine/LiquidEngineKE-1/LiquidEngineKE-1'
[LOG 11:04:40.335] PartLoader: Compiling Part 'SquadExpansion/MakingHistory/Parts/Engine/LiquidEngineLV-T91/LiquidEngineLV-T91'
[LOG 11:04:40.342] PartLoader: Compiling Part 'SquadExpansion/MakingHistory/Parts/Engine/LiquidEngineLV-TX87/LiquidEngineLV-TX87'
[LOG 11:04:40.350] PartLoader: Compiling Part 'SquadExpansion/MakingHistory/Parts/Engine/LiquidEngineRE-I2/LiquidEngineRE-I2'
[LOG 11:04:40.356] PartLoader: Compiling Part 'SquadExpansion/MakingHistory/Parts/Engine/LiquidEngineRE-J10/LiquidEngineRE-J10'
[LOG 11:04:40.363] PartLoader: Compiling Part 'SquadExpansion/MakingHistory/Parts/Engine/LiquidEngineRK-7/LiquidEngineRK-7'
[LOG 11:04:40.369] PartLoader: Compiling Part 'SquadExpansion/MakingHistory/Parts/Engine/LiquidEngineRV-1/LiquidEngineRV-1'
[LOG 11:04:40.375] PartLoader: Compiling Part 'SquadExpansion/MakingHistory/Parts/Engine/solidBoosterTHK/solidBoosterTHK/Pollux'
[LOG 11:04:40.379] PartLoader: Compiling Part 'SquadExpansion/MakingHistory/Parts/FuelTank/MonoPropMini/monopropMiniSphere'
[LOG 11:04:40.381] PartLoader: Compiling Part 'SquadExpansion/MakingHistory/Parts/FuelTank/Size1p5_Monoprop/Size1p5_Monoprop'
[LOG 11:04:40.383] PartLoader: Compiling Part 'SquadExpansion/MakingHistory/Parts/FuelTank/Size1p5_Size0_Adapter_01/Size1p5_Size0_Adapter_01'
[LOG 11:04:40.384] PartLoader: Compiling Part 'SquadExpansion/MakingHistory/Parts/FuelTank/Size1p5_Size1_Adapter_01/Size1p5_Size1_Adapter_01'
[LOG 11:04:40.386] PartLoader: Compiling Part 'SquadExpansion/MakingHistory/Parts/FuelTank/Size1p5_Size1_Adapter_02/Size1p5_Size1_Adapter_02'
[LOG 11:04:40.388] PartLoader: Compiling Part 'SquadExpansion/MakingHistory/Parts/FuelTank/Size1p5_Size2_Adapter_01/Size1p5_Size2_Adapter_01'
[LOG 11:04:40.390] PartLoader: Compiling Part 'SquadExpansion/MakingHistory/Parts/FuelTank/Size1p5_Tank_01/Size1p5_Tank_01'
[LOG 11:04:40.391] PartLoader: Compiling Part 'SquadExpansion/MakingHistory/Parts/FuelTank/Size1p5_Tank_02/Size1p5_Tank_02'
[LOG 11:04:40.393] PartLoader: Compiling Part 'SquadExpansion/MakingHistory/Parts/FuelTank/Size1p5_Tank_03/Size1p5_Tank_03'
[LOG 11:04:40.395] PartLoader: Compiling Part 'SquadExpansion/MakingHistory/Parts/FuelTank/Size1p5_Tank_04/Size1p5_Tank_04'
[LOG 11:04:40.397] PartLoader: Compiling Part 'SquadExpansion/MakingHistory/Parts/FuelTank/Size1p5_Tank_05/Size1p5_Tank_05'
[LOG 11:04:40.400] PartLoader: Compiling Part 'SquadExpansion/MakingHistory/Parts/FuelTank/Size3_Size4_Adapter_01/Size3_Size4_Adapter_01'
[LOG 11:04:40.403] PartLoader: Compiling Part 'SquadExpansion/MakingHistory/Parts/FuelTank/Size4_EngineAdapter_01/Size4_EngineAdapter_01'
[LOG 11:04:40.405] PartLoader: Compiling Part 'SquadExpansion/MakingHistory/Parts/FuelTank/Size4_Tank_01/Size4_Tank_01'
[LOG 11:04:40.407] PartLoader: Compiling Part 'SquadExpansion/MakingHistory/Parts/FuelTank/Size4_Tank_02/Size4_Tank_02'
[LOG 11:04:40.408] PartLoader: Compiling Part 'SquadExpansion/MakingHistory/Parts/FuelTank/Size4_Tank_03/Size4_Tank_03'
[LOG 11:04:40.409] PartLoader: Compiling Part 'SquadExpansion/MakingHistory/Parts/FuelTank/Size4_Tank_04/Size4_Tank_04'
[LOG 11:04:40.410] PartLoader: Compiling Part 'SquadExpansion/MakingHistory/Parts/Ground/RoverWheel/roverWheelM1-F'
[LOG 11:04:40.417] PartLoader: Compiling Part 'SquadExpansion/MakingHistory/Parts/Payload/fairingSize1p5/fairingSize1p5'
[LOG 11:04:40.423] PartLoader: Compiling Part 'SquadExpansion/MakingHistory/Parts/Payload/fairingSize4/fairingSize4'
[LOG 11:04:40.429] PartLoader: Compiling Part 'SquadExpansion/MakingHistory/Parts/Payload/Size1to0ServiceModule/Size1to0ServiceModule'
[LOG 11:04:40.434] PartLoader: Compiling Part 'SquadExpansion/MakingHistory/Parts/Payload/SM18/ServiceModule18'
[LOG 11:04:40.438] PartLoader: Compiling Part 'SquadExpansion/MakingHistory/Parts/Payload/SM25/ServiceModule25'
[LOG 11:04:40.444] PartLoader: Compiling Part 'SquadExpansion/MakingHistory/Parts/Pods/KV1Pod/kv1Pod'
[WRN 11:04:40.446] [Part]: Cannot have ModuleCargoPart and ModuleInventoryPart on same Part [kv1Pod'. Removed ModuleCargoPart
[LOG 11:04:40.449] PartLoader: Compiling Part 'SquadExpansion/MakingHistory/Parts/Pods/KV2Pod/kv2Pod'
[WRN 11:04:40.452] [Part]: Cannot have ModuleCargoPart and ModuleInventoryPart on same Part [kv2Pod'. Removed ModuleCargoPart
[LOG 11:04:40.456] PartLoader: Compiling Part 'SquadExpansion/MakingHistory/Parts/Pods/KV3Pod/kv3Pod'
[WRN 11:04:40.459] [Part]: Cannot have ModuleCargoPart and ModuleInventoryPart on same Part [kv3Pod'. Removed ModuleCargoPart
[LOG 11:04:40.462] PartLoader: Compiling Part 'SquadExpansion/MakingHistory/Parts/Pods/Mk2Pod/Mk2Pod'
[WRN 11:04:40.464] [Part]: Cannot have ModuleCargoPart and ModuleInventoryPart on same Part [Mk2Pod'. Removed ModuleCargoPart
[LOG 11:04:40.467] PartLoader: Compiling Part 'SquadExpansion/MakingHistory/Parts/Pods/Size1_5_Lander/MEMLander'
[WRN 11:04:40.469] [Part]: Cannot add ModuleCargoPart as this Part 'MEMLander' already has a ModuleInventoryPart PartModule and they are mutually exclusive.
[LOG 11:04:40.475] PartLoader: Compiling Part 'SquadExpansion/MakingHistory/Parts/Prebuilt/kerbalEVAfemaleVintage/kerbalEVAfemaleVintage'
[LOG 11:04:40.479] PartLoader: Compiling Part 'SquadExpansion/MakingHistory/Parts/Prebuilt/kerbalEVAVintage/kerbalEVAVintage'
[LOG 11:04:40.483] PartLoader: Compiling Part 'SquadExpansion/MakingHistory/Parts/Structural/EquiTriangle0/EquiTriangle0'
[LOG 11:04:40.487] PartLoader: Compiling Part 'SquadExpansion/MakingHistory/Parts/Structural/EquiTriangle1/EquiTriangle1'
[LOG 11:04:40.490] PartLoader: Compiling Part 'SquadExpansion/MakingHistory/Parts/Structural/EquiTriangle1p5/EquiTriangle1p5'
[LOG 11:04:40.491] PartLoader: Compiling Part 'SquadExpansion/MakingHistory/Parts/Structural/EquiTriangle2/EquiTriangle2'
[LOG 11:04:40.493] PartLoader: Compiling Part 'SquadExpansion/MakingHistory/Parts/Structural/Panel0/Panel0'
[LOG 11:04:40.495] PartLoader: Compiling Part 'SquadExpansion/MakingHistory/Parts/Structural/Panel1/Panel1'
[LOG 11:04:40.497] PartLoader: Compiling Part 'SquadExpansion/MakingHistory/Parts/Structural/Panel1p5/Panel1p5'
[LOG 11:04:40.499] PartLoader: Compiling Part 'SquadExpansion/MakingHistory/Parts/Structural/Panel2/Panel2'
[LOG 11:04:40.501] PartLoader: Compiling Part 'SquadExpansion/MakingHistory/Parts/Structural/Triangle0/Triangle0'
[LOG 11:04:40.504] PartLoader: Compiling Part 'SquadExpansion/MakingHistory/Parts/Structural/Triangle1/Triangle1'
[LOG 11:04:40.506] PartLoader: Compiling Part 'SquadExpansion/MakingHistory/Parts/Structural/Triangle1p5/Triangle1p5'
[LOG 11:04:40.509] PartLoader: Compiling Part 'SquadExpansion/MakingHistory/Parts/Structural/Triangle2/Triangle2'
[LOG 11:04:40.511] PartLoader: Compiling Part 'SquadExpansion/MakingHistory/Parts/Structural/Tube1/Tube1'
[LOG 11:04:40.513] PartLoader: Compiling Part 'SquadExpansion/MakingHistory/Parts/Structural/Tube1p5/Tube1p5'
[LOG 11:04:40.516] PartLoader: Compiling Part 'SquadExpansion/MakingHistory/Parts/Structural/Tube2/Tube2'
[LOG 11:04:40.519] PartLoader: Compiling Part 'SquadExpansion/MakingHistory/Parts/Structural/Tube3/Tube3'
[LOG 11:04:40.521] PartLoader: Compiling Part 'SquadExpansion/MakingHistory/Parts/Structural/Tube4/Tube4'
[LOG 11:04:40.523] PartLoader: Compiling Part 'SquadExpansion/MakingHistory/Parts/Thermal/HeatShield1p5/HeatShield1p5'
[LOG 11:04:40.527] PartLoader: Compiling Part 'SquadExpansion/MakingHistory/Parts/Utility/flags/flagSize1p5/flagSize1p5/flagPartSize1p5'
[LOG 11:04:40.529] PartLoader: Compiling Part 'SquadExpansion/MakingHistory/Parts/Utility/flags/flagSize4/flagSize4/flagPartSize4'
[LOG 11:04:40.533] PartLoader: Compiling Part 'SquadExpansion/Serenity/Parts/Aero/FanShroud_01/FanShroud_01'
[LOG 11:04:40.535] PartLoader: Compiling Part 'SquadExpansion/Serenity/Parts/Aero/FanShroud_02/FanShroud_02'
[LOG 11:04:40.537] PartLoader: Compiling Part 'SquadExpansion/Serenity/Parts/Aero/FanShroud_03/FanShroud_03'
[LOG 11:04:40.539] PartLoader: Compiling Part 'SquadExpansion/Serenity/Parts/Aero/noseconeTiny/noseconeTiny'
[LOG 11:04:40.541] PartLoader: Compiling Part 'SquadExpansion/Serenity/Parts/Aero/noseconeVS/noseconeVS'
[LOG 11:04:40.543] PartLoader: Compiling Part 'SquadExpansion/Serenity/Parts/DeployedScience/centralStation/DeployedCentralStation'
[LOG 11:04:40.552] PartLoader: Compiling Part 'SquadExpansion/Serenity/Parts/DeployedScience/gooObservation/DeployedGoExOb'
[LOG 11:04:40.560] PartLoader: Compiling Part 'SquadExpansion/Serenity/Parts/DeployedScience/ionCollector/DeployedIONExp'
[LOG 11:04:40.562] PartLoader: Compiling Part 'SquadExpansion/Serenity/Parts/DeployedScience/rtg/DeployedRTG'
[LOG 11:04:40.569] PartLoader: Compiling Part 'SquadExpansion/Serenity/Parts/DeployedScience/satDish/DeployedSatDish'
[LOG 11:04:40.578] PartLoader: Compiling Part 'SquadExpansion/Serenity/Parts/DeployedScience/seismicSensor/DeployedSeismicSensor'
[LOG 11:04:40.581] PartLoader: Compiling Part 'SquadExpansion/Serenity/Parts/DeployedScience/solarPanel/DeployedSolarPanel'
[LOG 11:04:40.585] PartLoader: Compiling Part 'SquadExpansion/Serenity/Parts/DeployedScience/weatherStation/DeployedWeatherStn'
[LOG 11:04:40.589] PartLoader: Compiling Part 'SquadExpansion/Serenity/Parts/Prebuilt/kerbalEVA/kerbalEVA'
[LOG 11:04:40.589] PartLoader: Compiling Part 'SquadExpansion/Serenity/Parts/Prebuilt/kerbalEVAfemale/kerbalEVAfemale'
[LOG 11:04:40.591] PartLoader: Compiling Part 'SquadExpansion/Serenity/Parts/Prebuilt/kerbalEVAfemaleFuture/kerbalEVAfemaleFuture'
[LOG 11:04:40.595] PartLoader: Compiling Part 'SquadExpansion/Serenity/Parts/Prebuilt/kerbalEVAfemaleVintage/kerbalEVAfemaleVintage'
[LOG 11:04:40.596] PartLoader: Compiling Part 'SquadExpansion/Serenity/Parts/Prebuilt/kerbalEVAFuture/kerbalEVAFuture'
[LOG 11:04:40.601] PartLoader: Compiling Part 'SquadExpansion/Serenity/Parts/Prebuilt/kerbalEVASlimSuit/kerbalEVASlimSuit'
[LOG 11:04:40.602] PartLoader: Compiling Part 'SquadExpansion/Serenity/Parts/Prebuilt/kerbalEVASlimSuitFemale/kerbalEVASlimSuitFemale'
[LOG 11:04:40.603] PartLoader: Compiling Part 'SquadExpansion/Serenity/Parts/Prebuilt/kerbalEVAVintage/kerbalEVAVintage'
[LOG 11:04:40.604] PartLoader: Compiling Part 'SquadExpansion/Serenity/Parts/Propellers/largeFanBlade/largeFanBlade'
[LOG 11:04:40.608] PartLoader: Compiling Part 'SquadExpansion/Serenity/Parts/Propellers/largeHeliBlade/largeHeliBlade'
[LOG 11:04:40.612] PartLoader: Compiling Part 'SquadExpansion/Serenity/Parts/Propellers/largePropeller/largePropeller'
[LOG 11:04:40.616] PartLoader: Compiling Part 'SquadExpansion/Serenity/Parts/Propellers/mediumFanBlade/mediumFanBlade'
[LOG 11:04:40.620] PartLoader: Compiling Part 'SquadExpansion/Serenity/Parts/Propellers/mediumHeliBlade/mediumHeliBlade'
[LOG 11:04:40.623] PartLoader: Compiling Part 'SquadExpansion/Serenity/Parts/Propellers/mediumPropeller/mediumPropeller'
[LOG 11:04:40.627] PartLoader: Compiling Part 'SquadExpansion/Serenity/Parts/Propellers/smallFanBlade/smallFanBlade'
[LOG 11:04:40.631] PartLoader: Compiling Part 'SquadExpansion/Serenity/Parts/Propellers/smallHeliBlade/smallHeliBlade'
[LOG 11:04:40.634] PartLoader: Compiling Part 'SquadExpansion/Serenity/Parts/Propellers/smallPropeller/smallPropeller'
[LOG 11:04:40.637] PartLoader: Compiling Part 'SquadExpansion/Serenity/Parts/Robotics/hinge_01/hinge_01'
[LOG 11:04:40.650] PartLoader: Compiling Part 'SquadExpansion/Serenity/Parts/Robotics/hinge_01_s/hinge_01_s'
[LOG 11:04:40.657] PartLoader: Compiling Part 'SquadExpansion/Serenity/Parts/Robotics/hinge_03/hinge_03'
[LOG 11:04:40.662] PartLoader: Compiling Part 'SquadExpansion/Serenity/Parts/Robotics/hinge_03_s/hinge_03_s'
[LOG 11:04:40.666] PartLoader: Compiling Part 'SquadExpansion/Serenity/Parts/Robotics/hinge_04/hinge_04'
[LOG 11:04:40.671] PartLoader: Compiling Part 'SquadExpansion/Serenity/Parts/Robotics/piston_01/piston_01'
[LOG 11:04:40.680] PartLoader: Compiling Part 'SquadExpansion/Serenity/Parts/Robotics/piston_02/piston_02'
[LOG 11:04:40.684] PartLoader: Compiling Part 'SquadExpansion/Serenity/Parts/Robotics/piston_03/piston_03'
[LOG 11:04:40.689] PartLoader: Compiling Part 'SquadExpansion/Serenity/Parts/Robotics/piston_04/piston_04'
[LOG 11:04:40.696] PartLoader: Compiling Part 'SquadExpansion/Serenity/Parts/Robotics/RotorEngine_02/RotorEngine_02'
[LOG 11:04:40.709] PartLoader: Compiling Part 'SquadExpansion/Serenity/Parts/Robotics/RotorEngine_03/RotorEngine_03'
[LOG 11:04:40.715] PartLoader: Compiling Part 'SquadExpansion/Serenity/Parts/Robotics/rotor_01/rotor_01'
[LOG 11:04:40.719] PartLoader: Compiling Part 'SquadExpansion/Serenity/Parts/Robotics/rotor_01s/rotor_01s'
[LOG 11:04:40.724] PartLoader: Compiling Part 'SquadExpansion/Serenity/Parts/Robotics/rotor_02/rotor_02'
[LOG 11:04:40.729] PartLoader: Compiling Part 'SquadExpansion/Serenity/Parts/Robotics/rotor_02s/rotor_02s'
[LOG 11:04:40.733] PartLoader: Compiling Part 'SquadExpansion/Serenity/Parts/Robotics/rotor_03/rotor_03'
[LOG 11:04:40.739] PartLoader: Compiling Part 'SquadExpansion/Serenity/Parts/Robotics/rotor_03s/rotor_03s'
[LOG 11:04:40.749] PartLoader: Compiling Part 'SquadExpansion/Serenity/Parts/Robotics/rotoServo_00/rotoServo_00'
[LOG 11:04:40.761] PartLoader: Compiling Part 'SquadExpansion/Serenity/Parts/Robotics/rotoServo_02/rotoServo_02'
[LOG 11:04:40.767] PartLoader: Compiling Part 'SquadExpansion/Serenity/Parts/Robotics/rotoServo_03/rotoServo_03'
[LOG 11:04:40.772] PartLoader: Compiling Part 'SquadExpansion/Serenity/Parts/Robotics/rotoServo_04/rotoServo_04'
[LOG 11:04:40.782] PartLoader: Compiling Part 'SquadExpansion/Serenity/Parts/Robotics/Controllers/KAL1000/controller1000'
[LOG 11:04:40.793] PartLoader: Compiling Part 'SquadExpansion/Serenity/Parts/Science/RobotArmScanner/RobotArmScanner_S1/RobotArmScanner_S1'
[LOG 11:04:40.810] PartLoader: Compiling Part 'SquadExpansion/Serenity/Parts/Science/RobotArmScanner/RobotArmScanner_S2/RobotArmScanner_S2'
[LOG 11:04:40.817] PartLoader: Compiling Part 'SquadExpansion/Serenity/Parts/Science/RobotArmScanner/RobotArmScanner_S3/RobotArmScanner_S3'
[LOG 11:04:40.822] PartLoader: Compiling Part 'SquadExpansion/Serenity/Parts/Structural/gripPads/lGripPad/lGripPad'
[LOG 11:04:40.827] PartLoader: Compiling Part 'SquadExpansion/Serenity/Parts/Structural/gripPads/lGripStrip/lGripStrip'
[LOG 11:04:40.829] PartLoader: Compiling Part 'SquadExpansion/Serenity/Parts/Structural/gripPads/mGripPad/mGripPad'
[LOG 11:04:40.831] PartLoader: Compiling Part 'SquadExpansion/Serenity/Parts/Structural/gripPads/sGripPad/sGripPad'
[LOG 11:04:40.834] PartLoader: Compiling Part 'SquadExpansion/Serenity/Parts/Structural/gripPads/sGripStrip/sGripStrip'
[LOG 11:04:40.837] PartLoader: Compiling Internal Prop 'Squad/Props/AltimeterThreeHands/prop/AltimeterThreeHands'
[LOG 11:04:40.839] PartLoader: Compiling Internal Prop 'Squad/Props/AtmosphereDepth/prop/AtmosphereDepth'
[LOG 11:04:40.840] PartLoader: Compiling Internal Prop 'Squad/Props/AxisIndicator/pitchConfig/AxisIndicatorPitch'
[LOG 11:04:40.841] PartLoader: Compiling Internal Prop 'Squad/Props/AxisIndicator/rollConfig/AxisIndicatorRoll'
[LOG 11:04:40.842] PartLoader: Compiling Internal Prop 'Squad/Props/AxisIndicator/yawConfig/AxisIndicatorYaw'
[LOG 11:04:40.843] PartLoader: Compiling Internal Prop 'Squad/Props/buttonsGeneric/circularButton/genericCircularButton'
[LOG 11:04:40.843] PartLoader: Compiling Internal Prop 'Squad/Props/buttonsGeneric/clusterButtons/genericClusterButtons'
[LOG 11:04:40.844] PartLoader: Compiling Internal Prop 'Squad/Props/buttonsGeneric/clusterButtons2/genericClusterButtons2'
[LOG 11:04:40.844] PartLoader: Compiling Internal Prop 'Squad/Props/buttonsGeneric/clusterKnob/genericClusterKnobs'
[LOG 11:04:40.844] PartLoader: Compiling Internal Prop 'Squad/Props/buttonsGeneric/clusterKnob2/genericClusterKnobs2'
[LOG 11:04:40.844] PartLoader: Compiling Internal Prop 'Squad/Props/buttonsGeneric/clusterMixed/genericClusterMixed'
[LOG 11:04:40.845] PartLoader: Compiling Internal Prop 'Squad/Props/buttonsGeneric/clusterSwitches01/genericClusterSwitches01'
[LOG 11:04:40.845] PartLoader: Compiling Internal Prop 'Squad/Props/buttonsGeneric/clusterSwitches02/genericClusterSwitches02'
[LOG 11:04:40.845] PartLoader: Compiling Internal Prop 'Squad/Props/buttonsGeneric/clusterSwitches03/genericClusterSwitches03'
[LOG 11:04:40.845] PartLoader: Compiling Internal Prop 'Squad/Props/buttonsGeneric/clusterSwitches04/genericClusterSwitches04'
[LOG 11:04:40.846] PartLoader: Compiling Internal Prop 'Squad/Props/buttonsGeneric/clusterSwitches05/genericClusterSwitches05'
[LOG 11:04:40.846] PartLoader: Compiling Internal Prop 'Squad/Props/buttonsGeneric/clusterSwitches06/genericClusterSwitches06'
[LOG 11:04:40.846] PartLoader: Compiling Internal Prop 'Squad/Props/buttonsGeneric/clusterSwitches07/genericClusterSwitches07'
[LOG 11:04:40.847] PartLoader: Compiling Internal Prop 'Squad/Props/buttonsGeneric/directionalKnob/genericDirectionalKnob'
[LOG 11:04:40.847] PartLoader: Compiling Internal Prop 'Squad/Props/buttonsGeneric/directionalKnob2/genericDirectionalKnob2'
[LOG 11:04:40.847] PartLoader: Compiling Internal Prop 'Squad/Props/buttonsGeneric/pullSwitch/genericPullSwitch'
[LOG 11:04:40.847] PartLoader: Compiling Internal Prop 'Squad/Props/buttonsGeneric/squareButton/genericSquareButton'
[LOG 11:04:40.847] PartLoader: Compiling Internal Prop 'Squad/Props/buttonsGeneric/standingSwitch/genericStandingSwitch'
[LOG 11:04:40.847] PartLoader: Compiling Internal Prop 'Squad/Props/buttonsGeneric/switch/genericSwitch'
[LOG 11:04:40.847] PartLoader: Compiling Internal Prop 'Squad/Props/buttonsGeneric/switchWithGuards/genericSwitchWithGuards'
[LOG 11:04:40.848] PartLoader: Compiling Internal Prop 'Squad/Props/ButtonSquare/prop/ButtonSquare'
[LOG 11:04:40.849] PartLoader: Compiling Internal Prop 'Squad/Props/circularButton/prop/circularButton'
[LOG 11:04:40.849] PartLoader: Compiling Internal Prop 'Squad/Props/Compass/prop/Compass'
[LOG 11:04:40.849] PartLoader: Compiling Internal Prop 'Squad/Props/directionalKnob/prop/directionalKnob'
[LOG 11:04:40.849] PartLoader: Compiling Internal Prop 'Squad/Props/directionalKnob2/prop/directionalKnob2'
[LOG 11:04:40.851] PartLoader: Compiling Internal Prop 'Squad/Props/IndicatorPanel/prop/IndicatorPanel'
[LOG 11:04:40.852] PartLoader: Compiling Internal Prop 'Squad/Props/IVANavBall/prop/NavBall'
[LOG 11:04:40.854] PartLoader: Compiling Internal Prop 'Squad/Props/IVANavBallNoBase/prop/NavBallNoBase'
[LOG 11:04:40.854] PartLoader: Compiling Internal Prop 'Squad/Props/ledPanelSpeed/prop/ledPanelSpeed'
[LOG 11:04:40.856] PartLoader: Compiling Internal Prop 'Squad/Props/Monitor/DockingMode/MonitorDockingMode'
[LOG 11:04:40.856] PartLoader: Compiling Internal Prop 'Squad/Props/NavBall/prop/NavBall'
[LOG 11:04:40.856] PartLoader: Compiling Internal Prop 'Squad/Props/PropsGeneric/Button_DockingMode/Button_DockingMode'
[LOG 11:04:40.857] PartLoader: Compiling Internal Prop 'Squad/Props/PropsGeneric/CargoBagA/CargoBagA'
[LOG 11:04:40.857] PartLoader: Compiling Internal Prop 'Squad/Props/PropsGeneric/CargoBagB/CargoBagB'
[LOG 11:04:40.857] PartLoader: Compiling Internal Prop 'Squad/Props/PropsGeneric/CargoBagC/CargoBagC'
[LOG 11:04:40.858] PartLoader: Compiling Internal Prop 'Squad/Props/PropsGeneric/Hatch_Plane/Hatch_Plane'
[LOG 11:04:40.858] PartLoader: Compiling Internal Prop 'Squad/Props/PropsGeneric/Hatch_Plane_Curve90/Hatch_Plane_Curve90'
[LOG 11:04:40.858] PartLoader: Compiling Internal Prop 'Squad/Props/PropsGeneric/Hatch_Plane_Frame/Hatch_Plane_Frame'
[LOG 11:04:40.858] PartLoader: Compiling Internal Prop 'Squad/Props/PropsGeneric/Seat_Passenger/Seat_Passenger'
[LOG 11:04:40.859] PartLoader: Compiling Internal Prop 'Squad/Props/PropsGeneric/Seat_Pilot/Seat_Pilot'
[LOG 11:04:40.859] PartLoader: Compiling Internal Prop 'Squad/Props/PropsGeneric/Seat_Pilot_Helmet/Seat_Pilot_Helmet'
[LOG 11:04:40.859] PartLoader: Compiling Internal Prop 'Squad/Props/PropsGeneric/SideStick/SideStick'
[LOG 11:04:40.859] PartLoader: Compiling Internal Prop 'Squad/Props/pullSwitch/prop/pullSwitch'
[LOG 11:04:40.860] PartLoader: Compiling Internal Prop 'Squad/Props/radarAltitude/prop/RadarAltimeter'
[LOG 11:04:40.862] PartLoader: Compiling Internal Prop 'Squad/Props/squareButton/prop/squareButton'
[LOG 11:04:40.862] PartLoader: Compiling Internal Prop 'Squad/Props/standingSwitch/prop/standingSwitch'
[LOG 11:04:40.862] PartLoader: Compiling Internal Prop 'Squad/Props/switch/prop/switch'
[LOG 11:04:40.863] PartLoader: Compiling Internal Prop 'Squad/Props/switchGuard/prop/switchGuard'
[LOG 11:04:40.863] PartLoader: Compiling Internal Prop 'Squad/Props/switchWithGuards/prop/switchWithGuards'
[LOG 11:04:40.863] PartLoader: Compiling Internal Prop 'Squad/Props/throttle/prop/throttle'
[LOG 11:04:40.864] PartLoader: Compiling Internal Prop 'Squad/Props/VSI/prop/VSI'
[LOG 11:04:40.865] PartLoader: Compiling Internal Space 'Squad/Spaces/crewCabinInternals/internal/crewCabinInternals'
[LOG 11:04:40.870] PartLoader: Compiling Internal Space 'Squad/Spaces/cupolaInternal/internal/cupolaInternal'
[LOG 11:04:40.877] PartLoader: Compiling Internal Space 'Squad/Spaces/GenericSpace1/internal/GenericSpace1'
[LOG 11:04:40.878] PartLoader: Compiling Internal Space 'Squad/Spaces/GenericSpace3/internal/GenericSpace3'
[LOG 11:04:40.879] PartLoader: Compiling Internal Space 'Squad/Spaces/landerCabinInternals/internal/landerCabinInternals'
[LOG 11:04:40.880] PartLoader: Compiling Internal Space 'Squad/Spaces/landerCabinSmallInternal/internal/landerCabinSmallInternal'
[LOG 11:04:40.882] PartLoader: Compiling Internal Space 'Squad/Spaces/LargeCrewedLabInternals/internal/Mobile_Processing_Lab_Int'
[LOG 11:04:40.884] PartLoader: Compiling Internal Space 'Squad/Spaces/Mk1-3/internal/Mk1-3'
[LOG 11:04:40.888] PartLoader: Compiling Internal Space 'Squad/Spaces/mk1CabinInternal/internal/mk1CabinInternal'
[LOG 11:04:40.890] PartLoader: Compiling Internal Space 'Squad/Spaces/mk1CockpitInternal/internal/mk1CockpitInternal'
[LOG 11:04:40.894] PartLoader: Compiling Internal Space 'Squad/Spaces/mk1InlineInternal/internal/mk1InlineInternal'
[LOG 11:04:40.897] PartLoader: Compiling Internal Space 'Squad/Spaces/mk1PodCockpit/internal/mk1PodCockpit'
[LOG 11:04:40.899] PartLoader: Compiling Internal Space 'Squad/Spaces/mk1pod_IVA/mk1pod_Internal/mk1pod_IVA'
[LOG 11:04:40.903] PartLoader: Compiling Internal Space 'Squad/Spaces/mk2CockpitStandardInternal/internal/mk2CockpitStandardInternals'
[LOG 11:04:40.907] PartLoader: Compiling Internal Space 'Squad/Spaces/Mk2CrewCabinInternal/internal_MK2_CrewCab/MK2_CrewCab_Int'
[LOG 11:04:40.909] PartLoader: Compiling Internal Space 'Squad/Spaces/mk2InlineInternal/internal/mk2InlineInternal'
[LOG 11:04:40.915] PartLoader: Compiling Internal Space 'Squad/Spaces/mk2LanderCanInternal/internal/mk2LanderCanInternal'
[LOG 11:04:40.917] PartLoader: Compiling Internal Space 'Squad/Spaces/MK3CockpitInternal/internal_MK3/MK3_Cockpit_Int'
[LOG 11:04:40.925] PartLoader: Compiling Internal Space 'Squad/Spaces/MK3_CrewCab_Int/internal_MK3_CrewCab/MK3_CrewCab_Int'
[LOG 11:04:40.926] InternalSeat: Cannot find portraitCamera of name 'Camera_Left003'
[LOG 11:04:40.929] PartLoader: Compiling Internal Space 'Squad/Spaces/Placeholder/internal/Placeholder'
[LOG 11:04:40.934] PartLoader: Compiling Internal Space 'Squad/Spaces/PodCockpit/internal/PodCockpit'
[LOG 11:04:40.938] PartLoader: Compiling Internal Space 'SquadExpansion/MakingHistory/Spaces/KVPods/Airlock_Internal/Airlock_IVA'
[LOG 11:04:40.939] PartLoader: Compiling Internal Space 'SquadExpansion/MakingHistory/Spaces/KVPods/KV1_Internal/KV1_IVA'
[LOG 11:04:40.951] PartLoader: Compiling Internal Space 'SquadExpansion/MakingHistory/Spaces/KVPods/KV2_Internal/KV2_IVA'
[LOG 11:04:40.955] PartLoader: Compiling Internal Space 'SquadExpansion/MakingHistory/Spaces/KVPods/KV3_Internal/KV3_IVA'
[LOG 11:04:40.958] PartLoader: Compiling Internal Space 'SquadExpansion/MakingHistory/Spaces/MEM/MEM_IVA/MEM_IVA'
[LOG 11:04:40.964] PartLoader: Compiling Internal Space 'SquadExpansion/MakingHistory/Spaces/Mk2Pod/Mk2Pod_Internal/MK2POD_IVA'
[LOG 11:04:44.820] Assets:
[LOG 11:04:44.820] anim_missionsapp_idle.anim
[LOG 11:04:44.820] anim_missionsapp_idle_warning.anim
[LOG 11:04:44.820] anim_missionsapp_warning.anim
[LOG 11:04:44.820] anim_missionssapp.anim
[LOG 11:04:44.820] animcontroller_missionsappmaster.controller
[LOG 11:04:44.820] app_bg.tif
[LOG 11:04:44.820] app_bottom_gray.tif
[LOG 11:04:44.820] app_divider_pulldown_body.tif
[LOG 11:04:44.821] app_divider_pulldown_footer.tif
[LOG 11:04:44.821] app_divider_pulldown_header.tif
[LOG 11:04:44.821] app_divider_pulldown_header_over.tif
[LOG 11:04:44.821] app_header_gray.tif
[LOG 11:04:44.821] app_missions_icon_active.tif
[LOG 11:04:44.821] app_missions_icon_complete.tif
[LOG 11:04:44.821] app_missions_icon_failed.tif
[LOG 11:04:44.821] app_missions_icon_inactive.tif
[LOG 11:04:44.821] spritesheet_missionsapp.tif
[LOG 11:04:44.821] spritesheet_missionsappwarning.tif
[LOG 11:04:44.821] missionbriefingdialog.prefab
[LOG 11:04:44.821] missionbriefingtag.prefab
[LOG 11:04:44.821] awardwidget.prefab
[LOG 11:04:44.821] missionenddialog.prefab
[LOG 11:04:44.821] missionitemwidget.prefab
[LOG 11:04:44.821] missionplaybutton.prefab
[LOG 11:04:44.821] missionplaydialog.prefab
[LOG 11:04:44.821] missionsteamitemwidget.prefab
[LOG 11:04:44.821] missionvalidationdialog.prefab
[LOG 11:04:44.821] validationentry.prefab
[LOG 11:04:44.821] comettoken.fbx
[LOG 11:04:44.821] comettoken.jpg
[LOG 11:04:44.821] placementegizmo_comet.mat
[LOG 11:04:44.821] placementegizmo_comet_tail.mat
[LOG 11:04:44.821] femalevintagepreview.prefab
[LOG 11:04:44.821] malevintagepreview.prefab
[LOG 11:04:44.821] checkpointentrywidget.prefab
[LOG 11:04:44.821] crewmanagementdialog.prefab
[LOG 11:04:44.821] listitem_vesseltitle.prefab
[LOG 11:04:44.821] missionbrowser.prefab
[LOG 11:04:44.821] missioncheckpointbrowser.prefab
[LOG 11:04:44.821] missioncrewlistitem.prefab
[LOG 11:04:44.821] missionentrywidget.prefab
[LOG 11:04:44.821] missiontemplateentrywidget.prefab
[LOG 11:04:44.821] partcategorizerbutton.prefab
[LOG 11:04:44.821] partselectorbrowser.prefab
[LOG 11:04:44.821] partselectorentry.prefab
[LOG 11:04:44.821] gaputil_vesselframe.prefab
[LOG 11:04:44.821] meguiconnector.prefab
[LOG 11:04:44.821] meguinode.prefab
[LOG 11:04:44.821] meguinodecategorybutton.prefab
[LOG 11:04:44.821] meguinodeicon.prefab
[LOG 11:04:44.821] meguinodeicongroup.prefab
[LOG 11:04:44.821] meguiscrollviewitem.prefab
[LOG 11:04:44.821] meiconloaderbasicnode.prefab
[LOG 11:04:44.821] meiconloadergap.prefab
[LOG 11:04:44.821] meiconloadernodecategorizer.prefab
[LOG 11:04:44.821] menodecanvas.prefab
[LOG 11:04:44.821] missioneditorscreen.prefab
[LOG 11:04:44.821] nodelisttooltip.prefab
[LOG 11:04:44.821] nodelisttooltipextinfolistspacer.prefab
[LOG 11:04:44.821] orbitgizmo.prefab
[LOG 11:04:44.821] biomeshighlight.shader
[LOG 11:04:44.821] projector-surfacegizmo.shader
[LOG 11:04:44.821] scaledplanetbiomeshighlight.shader
[LOG 11:04:44.821] sprites-alwaysover.shader
[LOG 11:04:44.821] ui-unlit-infinite.shader
[LOG 11:04:44.821] ui-unlit-solid.shader
[LOG 11:04:44.821] assetgraph_connectionpoint_inputmark.png
[LOG 11:04:44.821] assetgraph_inputbg.png
[LOG 11:04:44.821] boldly.png
[LOG 11:04:44.821] carpool.png
[LOG 11:04:44.821] frugal.png
[LOG 11:04:44.821] homesick.png
[LOG 11:04:44.821] keys.png
[LOG 11:04:44.821] saint.png
[LOG 11:04:44.821] sinner.png
[LOG 11:04:44.821] thespot.png
[LOG 11:04:44.821] timekeeper.png
[LOG 11:04:44.822] helmetbronze.png
[LOG 11:04:44.822] helmetgold.png
[LOG 11:04:44.822] helmetsilver.png
[LOG 11:04:44.822] action-part-resource-drain.png
[LOG 11:04:44.822] change-part-resource-levels.png
[LOG 11:04:44.822] create-asteroid.png
[LOG 11:04:44.822] create-kerbal.png
[LOG 11:04:44.822] create-vessel.png
[LOG 11:04:44.822] crew-assignment.png
[LOG 11:04:44.822] dialog-message.png
[LOG 11:04:44.822] display-message.png
[LOG 11:04:44.822] fail-part.png
[LOG 11:04:44.822] fly-through.png
[LOG 11:04:44.822] funds-recovery.png
[LOG 11:04:44.822] generic-node.png
[LOG 11:04:44.822] go-to.png
[LOG 11:04:44.822] kerbal-boarded.png
[LOG 11:04:44.822] kerbal-recovery.png
[LOG 11:04:44.822] kerbal-rescue.png
[LOG 11:04:44.822] launch-site.png
[LOG 11:04:44.822] leave-soi.png
[LOG 11:04:44.822] orbit.png
[LOG 11:04:44.822] part-explode.png
[LOG 11:04:44.822] plant-flag.png
[LOG 11:04:44.822] reach-soi.png
[LOG 11:04:44.822] repair-part.png
[LOG 11:04:44.822] resource-amount.png
[LOG 11:04:44.822] resource-recovery.png
[LOG 11:04:44.822] science-experiment.png
[LOG 11:04:44.822] score.png
[LOG 11:04:44.822] take-tourist.png
[LOG 11:04:44.822] test-altitude.png
[LOG 11:04:44.822] test-eva.png
[LOG 11:04:44.822] test-grapple.png
[LOG 11:04:44.822] time-of-flight.png
[LOG 11:04:44.822] time-of-mission.png
[LOG 11:04:44.822] time-since-node.png
[LOG 11:04:44.822] vessel-crashed.png
[LOG 11:04:44.822] vessel-crew-count.png
[LOG 11:04:44.822] vessel-explode.png
[LOG 11:04:44.822] vessel-flying.png
[LOG 11:04:44.822] vessel-landed.png
[LOG 11:04:44.822] vessel-mass.png
[LOG 11:04:44.822] vessel-splashed.png
[LOG 11:04:44.822] vessel-stage-activated.png
[LOG 11:04:44.822] vessel-stage.png
[LOG 11:04:44.823] arrange-graph.png
[LOG 11:04:44.823] builderbuttons_briefing.png
[LOG 11:04:44.823] builderbuttons_reset.png
[LOG 11:04:44.823] builderbuttons_trackingstation.png
[LOG 11:04:44.823] frame-graph.png
[LOG 11:04:44.823] lock.png
[LOG 11:04:44.823] maximize.png
[LOG 11:04:44.823] minimize.png
[LOG 11:04:44.823] pin.png
[LOG 11:04:44.823] pin_down.png
[LOG 11:04:44.823] redo.png
[LOG 11:04:44.823] reset.png
[LOG 11:04:44.823] tracking-station.png
[LOG 11:04:44.823] undo.png
[LOG 11:04:44.823] visible-in-gap.png
[LOG 11:04:44.823] location.png
[LOG 11:04:44.823] logic.png
[LOG 11:04:44.823] science.png
[LOG 11:04:44.823] utility.png
[LOG 11:04:44.823] vessel.png
[LOG 11:04:44.823] eye.png
[LOG 11:04:44.823] iconmb.png
[LOG 11:04:44.823] me_btn_generic_normal.tif
[LOG 11:04:44.823] me_button_generic_normal.tif
[LOG 11:04:44.823] nodecat_bg.png
[LOG 11:04:44.823] nodecat_divider.tif
[LOG 11:04:44.823] nodecat_divider_bottom.tif
[LOG 11:04:44.823] pholderwarningicon.png
[LOG 11:04:44.823] reseticon.png
[LOG 11:04:44.823] validityindicator.controller
[LOG 11:04:44.823] validtyinidicatorpulse.anim
[LOG 11:04:44.823] broadorbittoggle button.png
[LOG 11:04:44.823] maneuvertoggle button.png
[LOG 11:04:44.823] orbitalgizmoicons.png
[LOG 11:04:44.823] reset orbit button.png
[LOG 11:04:44.823] nodelabel.prefab
[LOG 11:04:44.823] kerbaleva_female_exp.prefab
[LOG 11:04:44.823] kerbaleva_rd_exp.prefab
[LOG 11:04:44.823] missioneditorevabody.mat
[LOG 11:04:44.823] missioneditorevabodyalternate.mat
[LOG 11:04:44.823] missioneditorevabodybrown.mat
[LOG 11:04:44.823] missioneditorevaeyeballs.mat
[LOG 11:04:44.823] missioneditorevaeyes.mat
[LOG 11:04:44.823] missioneditorevahead.mat
[LOG 11:04:44.823] missioneditorevahelmet.mat
[LOG 11:04:44.823] missioneditorevahelmetred.mat
[LOG 11:04:44.823] missioneditorevajetpack.mat
[LOG 11:04:44.823] missioneditorevalight.mat
[LOG 11:04:44.823] kbevafemalevintage.prefab
[LOG 11:04:44.824] kbevavintage.prefab
[LOG 11:04:44.824] evalight.fbx
[LOG 11:04:44.824] kbeva@new.fbx
[LOG 11:04:44.824] kbeva@newfem.fbx
[LOG 11:04:44.824] mevahelmetlight.fbx
[LOG 11:04:44.824] evajetpackscondary.dds
[LOG 11:04:44.824] evajetpacksecondary_n.dds
[LOG 11:04:44.824] evalight.png
[LOG 11:04:44.824] kerbalmainnrm.dds
[LOG 11:04:44.824] me_suit_difuse_blue.dds
[LOG 11:04:44.824] me_suit_difuse_low_polybrown.dds
[LOG 11:04:44.824] me_suit_difuse_orange.dds
[LOG 11:04:44.824] kerbalfemalevintage.prefab
[LOG 11:04:44.824] kerbalmalevintage.prefab
[LOG 11:04:44.824] evahelmet.mat
[LOG 11:04:44.824] evatexture.mat
[LOG 11:04:44.824] kerbalgirl_06_basecolor.mat
[LOG 11:04:44.824] kerbalhead.mat
[LOG 11:04:44.824] lambert6.mat
[LOG 11:04:44.824] mat_eyeballs.mat
[LOG 11:04:44.824] mat_eyes01.mat
[LOG 11:04:44.824] material #4.mat
[LOG 11:04:44.824] mesh_female_kerbalastronaut01_kerbalgirl_export_15_lambert20.mat
[LOG 11:04:44.824] mesh_female_kerbalastronaut01_kerbalgirl_export_15_lambert21.mat
[LOG 11:04:44.824] kbfemale_iva_mecanim.fbx
[LOG 11:04:44.824] kbiva_mecanim.fbx
[LOG 11:04:44.824] kerbalicon_eva_female_vintage.tif
[LOG 11:04:44.824] kerbalicon_eva_vintage.tif
[LOG 11:04:44.824] kerbalicon_suit_female_vintage.tif
[LOG 11:04:44.824] kerbalicon_suit_orange_female_vintage.tif
[LOG 11:04:44.824] kerbalicon_suit_orange_vintage.tif
[LOG 11:04:44.824] kerbalicon_suit_vintage.tif
[LOG 11:04:44.824] gap_celestialbody_camerasetup.prefab
[LOG 11:04:44.824] gap_celestialbody_collisionsphere.prefab
[LOG 11:04:44.824] gap_celestialbody_surfacegizmo_area.prefab
[LOG 11:04:44.824] gap_celestialbody_surfacegizmo_basic.prefab
[LOG 11:04:44.824] gap_celestialbody_surfacegizmo_icon.prefab
[LOG 11:04:44.824] gap_celestialbody_surfacegizmo_vessel.prefab
[LOG 11:04:44.824] gap_celestialbody_surfacegizmo_volume.prefab
[LOG 11:04:44.824] gap_proceduralasteroid.prefab
[LOG 11:04:44.824] gap_proceduralcomet.prefab
[LOG 11:04:44.824] gapbuttonprefab.prefab
[LOG 11:04:44.824] gapkerbal_femaleveteran.prefab
[LOG 11:04:44.824] gapkerbal_femaleveteran_vintage.prefab
[LOG 11:04:44.824] gapkerbal_male_slimsuit.prefab
[LOG 11:04:44.824] gapkerbal_maleveteran.prefab
[LOG 11:04:44.824] gapkerbal_maleveteran_vintage.prefab
[LOG 11:04:44.825] gapscrollablesidebarbutton.prefab
[LOG 11:04:44.825] gapsidebarbutton.prefab
[LOG 11:04:44.825] gaptoggleprefab.prefab
[LOG 11:04:44.825] gaputil_biselector.prefab
[LOG 11:04:44.825] gaputil_celestialbody.prefab
[LOG 11:04:44.825] vesseldisplay_camerasetup.prefab
[LOG 11:04:44.825] desert_airfield.prefab
[LOG 11:04:44.825] desert_groundobjects.prefab
[LOG 11:04:44.825] desert_launch_site.prefab
[LOG 11:04:44.825] larkes.prefab
[LOG 11:04:44.825] floor bottom.mat
[LOG 11:04:44.825] floor top.mat
[LOG 11:04:44.825] legs.mat
[LOG 11:04:44.825] ramp.mat
[LOG 11:04:44.825] stairs grid lights pivot.mat
[LOG 11:04:44.825] supports 1.mat
[LOG 11:04:44.825] supports 2.mat
[LOG 11:04:44.825] tunnels.mat
[LOG 11:04:44.825] floor bottom.dds
[LOG 11:04:44.825] floor top.dds
[LOG 11:04:44.825] floor top_normal.dds
[LOG 11:04:44.825] legs.dds
[LOG 11:04:44.825] ramp.dds
[LOG 11:04:44.825] stairs grid lights pivot.dds
[LOG 11:04:44.825] supports 1.dds
[LOG 11:04:44.825] supports 2.dds
[LOG 11:04:44.825] tunnels.dds
[LOG 11:04:44.825] diffuse.mat
[LOG 11:04:44.825] floor bottom_base_color.mat
[LOG 11:04:44.825] floor top_base_color.mat
[LOG 11:04:44.825] legs_base_color.mat
[LOG 11:04:44.825] ramp_base_color.mat
[LOG 11:04:44.825] stairs grid lights pivot_base_colormodpsd.mat
[LOG 11:04:44.825] stairs_grid_lights_pivot_base_color.mat
[LOG 11:04:44.825] supports 1_base_color.mat
[LOG 11:04:44.825] supports 2_base_color.mat
[LOG 11:04:44.825] tunnels_base_color.mat
[LOG 11:04:44.825] mobilelaunchpad_19.fbx
[LOG 11:04:44.825] pontoons.fbx
[LOG 11:04:44.825] pontoons_diffuse.dds
[LOG 11:04:44.825] ramp_normal.png
[LOG 11:04:44.826] 1001_base_color.mat
[LOG 11:04:44.826] desert groundtransition.mat
[LOG 11:04:44.826] desert groundtransition_highquality.mat
[LOG 11:04:44.826] desert groundtransition_lowquality.mat
[LOG 11:04:44.826] desert groundtransition_mediumquality.mat
[LOG 11:04:44.826] desert groundtransition_ultraquality.mat
[LOG 11:04:44.826] desert runway sand.mat
[LOG 11:04:44.826] desert runway stone.mat
[LOG 11:04:44.826] mobilelaunchpad.prefab
[LOG 11:04:44.826] woomerang_groundobjects.prefab
[LOG 11:04:44.826] woomerang_launch_site.prefab
[LOG 11:04:44.826] Scenes:
[LOG 11:04:44.826] kspMissionEditor.unity
[LOG 11:04:51.464] Assets:
[LOG 11:04:51.464] appanim_missionsapp.prefab
[LOG 11:04:51.464] cascading_body_missionheader.prefab
[LOG 11:04:51.464] cascading_body_missioninfo.prefab
[LOG 11:04:51.464] cascading_body_missionobjective.prefab
[LOG 11:04:51.464] cascading_body_missionsvesselheader.prefab
[LOG 11:04:51.464] cascading_body_missionsvesselitem.prefab
[LOG 11:04:51.464] cascading_body_settingsbutton.prefab
[LOG 11:04:51.464] cascading_body_settingstoggle.prefab
[LOG 11:04:51.464] missionsapp.prefab
[LOG 11:04:51.464] axislimitline.prefab
[LOG 11:04:51.465] controlleraction.prefab
[LOG 11:04:51.465] controlleraxis.prefab
[LOG 11:04:51.465] controllerwindow.prefab
[LOG 11:04:51.465] curvepanelpoint.prefab
[LOG 11:04:51.465] curvepanelpointaction.prefab
[LOG 11:04:51.465] axis_align_ends.png
[LOG 11:04:51.465] axis_clamp_values.png
[LOG 11:04:51.465] axis_copy.png
[LOG 11:04:51.465] axis_flip_horizontal.png
[LOG 11:04:51.465] axis_flip_vertical.png
[LOG 11:04:51.465] axis_move_down-trackrow.png
[LOG 11:04:51.465] axis_move_down.png
[LOG 11:04:51.465] axis_move_up-trackrow.png
[LOG 11:04:51.465] axis_move_up.png
[LOG 11:04:51.465] axis_paste.png
[LOG 11:04:51.465] axis_preset_flat.png
[LOG 11:04:51.465] axis_preset_sawtooth.png
[LOG 11:04:51.465] axis_preset_sine.png
[LOG 11:04:51.465] axis_preset_square.png
[LOG 11:04:51.465] axis_preset_triangle.png
[LOG 11:04:51.465] axis_select_all.png
[LOG 11:04:51.465] background_squared_inset.png
[LOG 11:04:51.465] close.png
[LOG 11:04:51.465] direction_forward.png
[LOG 11:04:51.465] direction_reverse.png
[LOG 11:04:51.465] edit.png
[LOG 11:04:51.465] fieldlimitline.png
[LOG 11:04:51.465] keyframe_add.png
[LOG 11:04:51.465] keyframe_clamp_value.png
[LOG 11:04:51.465] keyframe_delete.png
[LOG 11:04:51.465] keyframe_linear.png
[LOG 11:04:51.465] keyframe_smooth.png
[LOG 11:04:51.465] keyframe_step_backward.png
[LOG 11:04:51.465] keyframe_step_forward.png
[LOG 11:04:51.465] line.png
[LOG 11:04:51.465] line_dashed.png
[LOG 11:04:51.465] loop_pingpong.png
[LOG 11:04:51.465] loop_playonce.png
[LOG 11:04:51.465] loop_repeat.png
[LOG 11:04:51.465] node.png
[LOG 11:04:51.465] node_circle.png
[LOG 11:04:51.465] node_square.png
[LOG 11:04:51.465] pause.png
[LOG 11:04:51.465] play.png
[LOG 11:04:51.466] pointer.png
[LOG 11:04:51.466] remove-axis.png
[LOG 11:04:51.466] remove_key.png
[LOG 11:04:51.466] resize_icon.png
[LOG 11:04:51.466] sequence_resize_button_states.png
[LOG 11:04:51.466] sequence_resize_maintain.png
[LOG 11:04:51.466] sequence_resize_scale.png
[LOG 11:04:51.466] sequence_speed.png
[LOG 11:04:51.466] tracking_editor_button_states.png
[LOG 11:04:51.466] femalefuturepreview.prefab
[LOG 11:04:51.466] malefuturepreview.prefab
[LOG 11:04:51.466] kbfemale@controlpanel_a.fbx
[LOG 11:04:51.466] kbfemale@controlpanel_b.fbx
[LOG 11:04:51.466] kbfemale@controlpanel_c.fbx
[LOG 11:04:51.466] kbfemale@rocksample.fbx
[LOG 11:04:51.466] hammerfemale.fbx
[LOG 11:04:51.466] hammermale.fbx
[LOG 11:04:51.466] kbeva@controlpanel_a.fbx
[LOG 11:04:51.466] kbeva@controlpanel_b.fbx
[LOG 11:04:51.466] kbeva@controlpanel_c.fbx
[LOG 11:04:51.466] kbeva@rocksample.fbx
[LOG 11:04:51.466] kerbaleva_female_future.prefab
[LOG 11:04:51.466] kerbaleva_rd_future.prefab
[LOG 11:04:51.466] futureevabody.mat
[LOG 11:04:51.466] futureevabodyalternate.mat
[LOG 11:04:51.466] futureevajetpack.mat
[LOG 11:04:51.466] futureevalight.mat
[LOG 11:04:51.466] futurehelmet.mat
[LOG 11:04:51.466] kbevafemalefuture.prefab
[LOG 11:04:51.466] kbevafuture.prefab
[LOG 11:04:51.466] kbeva@new.fbx
[LOG 11:04:51.466] kbeva@newfem.fbx
[LOG 11:04:51.466] mevahelmetlight.fbx
[LOG 11:04:51.466] serenityfemaleeva.fbx
[LOG 11:04:51.466] serenityflares.fbx
[LOG 11:04:51.466] serenitymaleeva.fbx
[LOG 11:04:51.466] evajetpacknrm.dds
[LOG 11:04:51.466] futuresuit_diffuse_orange.dds
[LOG 11:04:51.466] futuresuit_diffuse_whiteblue.dds
[LOG 11:04:51.466] futuresuit_diffuse_whiteorange.dds
[LOG 11:04:51.466] futuresuit_emissive.dds
[LOG 11:04:51.466] futuresuit_evalight.png
[LOG 11:04:51.466] futuresuitmainnrm.dds
[LOG 11:04:51.466] ksp_ig_jetpack_diffuse.jpg
[LOG 11:04:51.466] kerbalfemalefuture.prefab
[LOG 11:04:51.466] kerbalmalefuture.prefab
[LOG 11:04:51.467] futuresuit_diffuse.mat
[LOG 11:04:51.467] serenityfemaleiva.fbx
[LOG 11:04:51.467] serenitymaleiva.fbx
[LOG 11:04:51.467] kerbalicon_eva_female_future.tif
[LOG 11:04:51.467] kerbalicon_eva_future.tif
[LOG 11:04:51.467] kerbalicon_suit_female_future.tif
[LOG 11:04:51.467] kerbalicon_suit_future.tif
[LOG 11:04:51.467] kerbalicon_suit_orange_female_future.tif
[LOG 11:04:51.467] kerbalicon_suit_orange_future.tif
[LOG 11:04:51.467] bottom_emissor.mat
[LOG 11:04:51.467] burst_emissor.mat
[LOG 11:04:51.467] burstprojectiles_emissor.mat
[LOG 11:04:51.467] constantburst_emissor.mat
[LOG 11:04:51.467] snowflakes_emissor.mat
[LOG 11:04:51.467] vapor_emissor.mat
[LOG 11:04:51.467] base_0.mat
[LOG 11:04:51.467] base_1.mat
[LOG 11:04:51.467] base_2.mat
[LOG 11:04:51.467] base_3_1.mat
[LOG 11:04:51.467] base_3_2.mat
[LOG 11:04:51.467] vapor.mat
[LOG 11:04:51.467] burst.png
[LOG 11:04:51.467] cloud2.png
[LOG 11:04:51.467] v1.png
[LOG 11:04:51.467] v2.png
[LOG 11:04:51.467] v3.png
[LOG 11:04:51.467] v5.png
[LOG 11:04:51.467] gapkerbal_female_future.prefab
[LOG 11:04:51.467] gapkerbal_male_future.prefab
[LOG 11:04:51.467] hammerfemale.prefab
[LOG 11:04:51.467] hammermale.prefab
[LOG 11:04:51.467] bopgravelpile.prefab
[LOG 11:04:51.467] bopgravelpile.fbx
[LOG 11:04:51.467] bop_gravel pile_d.mat
[LOG 11:04:51.467] lambert1.mat
[LOG 11:04:51.468] bop_gravel pile_d.png
[LOG 11:04:51.468] bop_gravel pile_d.tga
[LOG 11:04:51.468] bop_gravel pile_n.png
[LOG 11:04:51.468] bop_gravel pile_s.png
[LOG 11:04:51.468] drescrater.prefab
[LOG 11:04:51.468] dresmeteorite.prefab
[LOG 11:04:51.468] drescrater.fbx
[LOG 11:04:51.468] dresmeteorite.fbx
[LOG 11:04:51.468] dres_crater_d.mat
[LOG 11:04:51.468] dres_meteorite_d.mat
[LOG 11:04:51.468] lambert1.mat
[LOG 11:04:51.468] dres_crater_d.tga
[LOG 11:04:51.468] dres_crater_n.png
[LOG 11:04:51.468] dres_meteorite_d.tga
[LOG 11:04:51.468] dres_meteorite_n.png
[LOG 11:04:51.468] dunablueberries.prefab
[LOG 11:04:51.468] dunadune.prefab
[LOG 11:04:51.468] dunameteorite.prefab
[LOG 11:04:51.468] dunastone.prefab
[LOG 11:04:51.468] dunaasteroid.fbx
[LOG 11:04:51.468] dunablueberries.fbx
[LOG 11:04:51.468] dunadune.fbx
[LOG 11:04:51.468] dunastone.fbx
[LOG 11:04:51.468] duna_asteroid_d.mat
[LOG 11:04:51.468] duna_dune_d.mat
[LOG 11:04:51.468] duna_stone_d.mat
[LOG 11:04:51.468] dune_blueberries_d.mat
[LOG 11:04:51.468] lambert1.mat
[LOG 11:04:51.468] duna_asteroid_d.tga
[LOG 11:04:51.468] duna_asteroid_n.png
[LOG 11:04:51.468] duna_dune_d.tga
[LOG 11:04:51.468] duna_dune_n.tga
[LOG 11:04:51.468] duna_stone_d.tga
[LOG 11:04:51.468] duna_stone_n.png
[LOG 11:04:51.468] dune_blueberries_d.tga
[LOG 11:04:51.468] dune_blueberries_n.png
[LOG 11:04:51.468] eelooberg.prefab
[LOG 11:04:51.468] eeloobrownboulder.prefab
[LOG 11:04:51.468] eelooicechunk.prefab
[LOG 11:04:51.468] eelooberg.fbx
[LOG 11:04:51.468] eelooboulder.fbx
[LOG 11:04:51.468] eelooicechunk.fbx
[LOG 11:04:51.468] eeloo_alien_glacier_d.mat
[LOG 11:04:51.468] eeloo_brown_ boulder_d.mat
[LOG 11:04:51.468] eeloo_ice chunk_d.mat
[LOG 11:04:51.469] lambert1.mat
[LOG 11:04:51.469] eeloo_alien_glacier_d.tga
[LOG 11:04:51.469] eeloo_alien_glacier_e.tga
[LOG 11:04:51.469] eeloo_alien_glacier_n.png
[LOG 11:04:51.469] eeloo_brown_ boulder_d.tga
[LOG 11:04:51.469] eeloo_brown_ boulder_n.png
[LOG 11:04:51.469] eeloo_ice chunk_d.tga
[LOG 11:04:51.469] eeloo_ice chunk_e.tga
[LOG 11:04:51.469] eeloo_ice chunk_n.png
[LOG 11:04:51.469] eeloo_ice chunk_s.tga
[LOG 11:04:51.469] evebasaltformation.prefab
[LOG 11:04:51.469] evepancakedome.prefab
[LOG 11:04:51.469] evevolcanicrock.prefab
[LOG 11:04:51.469] evebasaltformation.fbx
[LOG 11:04:51.469] evepancakeformation.fbx
[LOG 11:04:51.469] evevolcanicrock.fbx
[LOG 11:04:51.469] eve basalt formation_d.mat
[LOG 11:04:51.469] eve pancake formation_d.mat
[LOG 11:04:51.469] eve volcanic rock_d.mat
[LOG 11:04:51.469] lambert1.mat
[LOG 11:04:51.469] eve basalt formation_d.tga
[LOG 11:04:51.469] eve basalt formation_n.tga
[LOG 11:04:51.469] eve pancake formation_d.tga
[LOG 11:04:51.469] eve pancake formation_e.png
[LOG 11:04:51.469] eve pancake formation_n.png
[LOG 11:04:51.469] eve volcanic rock_d.tga
[LOG 11:04:51.469] eve volcanic rock_n.png
[LOG 11:04:51.469] gillyridgeline.fbx
[LOG 11:04:51.469] gilly ridegeline_d.mat
[LOG 11:04:51.469] lambert1.mat
[LOG 11:04:51.469] gillyridgeline.prefab
[LOG 11:04:51.469] gilly ridegeline_d.tga
[LOG 11:04:51.469] gilly ridegeline_n.png
[LOG 11:04:51.469] dunaejecta.prefab
[LOG 11:04:51.469] ikedunaejecta.fbx
[LOG 11:04:51.469] ike_duna_ejecta_mat.mat
[LOG 11:04:51.469] ike duna ejecta_d.tga
[LOG 11:04:51.469] ike duna ejecta_n.png
[LOG 11:04:51.469] kerbinbaobabtree.fbx
[LOG 11:04:51.469] kerbinquartz.fbx
[LOG 11:04:51.469] baobaptree.mat
[LOG 11:04:51.469] kerbin_baobab_tree_d.mat
[LOG 11:04:51.469] kerbin_boabob_tree_d.mat
[LOG 11:04:51.469] kerbin_giant_quartz_d.mat
[LOG 11:04:51.469] lambert1.mat
[LOG 11:04:51.469] lambert2.mat
[LOG 11:04:51.469] kerbinbaobabtree.prefab
[LOG 11:04:51.470] kerbinquartz.prefab
[LOG 11:04:51.470] kerbin_baobab_tree_alpha.png
[LOG 11:04:51.470] kerbin_baobab_tree_d.tga
[LOG 11:04:51.470] kerbin_baobab_tree_n.png
[LOG 11:04:51.470] kerbin_giant_quartz_d.tga
[LOG 11:04:51.470] kerbin_giant_quartz_e.tga
[LOG 11:04:51.470] kerbin_giant_quartz_n.tga
[LOG 11:04:51.470] kerbin_giant_quartz_s.tga
[LOG 11:04:51.470] laytheboulder.fbx
[LOG 11:04:51.470] laythegeyser.fbx
[LOG 11:04:51.470] laythestone.fbx
[LOG 11:04:51.470] lambert1.mat
[LOG 11:04:51.470] laythe_boulder_d.mat
[LOG 11:04:51.470] laythe_geyser_d.mat
[LOG 11:04:51.470] laythe_stone_d.mat
[LOG 11:04:51.470] laytheboulder.prefab
[LOG 11:04:51.470] laythegeyser.prefab
[LOG 11:04:51.470] laythestone.prefab
[LOG 11:04:51.470] laythe_boulder_d.tga
[LOG 11:04:51.470] laythe_boulder_n.png
[LOG 11:04:51.470] laythe_geyser_d.tga
[LOG 11:04:51.470] laythe_geyser_n.png
[LOG 11:04:51.470] laythe_stone_d.tga
[LOG 11:04:51.470] laythe_stone_n.png
[LOG 11:04:51.470] greensandstone.fbx
[LOG 11:04:51.470] lambert1.mat
[LOG 11:04:51.470] minmus_green_sandstone_d.mat
[LOG 11:04:51.470] minmus_olivine_formation_d.mat
[LOG 11:04:51.470] minmusolivineformation.fbx
[LOG 11:04:51.470] minmus_greensandstone.prefab
[LOG 11:04:51.470] minmus_olivineformation.prefab
[LOG 11:04:51.470] minmus_green_sandstone_d.tga
[LOG 11:04:51.470] minmus_green_sandstone_n.png
[LOG 11:04:51.470] minmus_olivine_formation_d.tga
[LOG 11:04:51.470] minmus_olivine_formation_n.png
[LOG 11:04:51.470] lambert1.mat
[LOG 11:04:51.470] moho wrinkleridge_d.mat
[LOG 11:04:51.470] moho_stone_d.mat
[LOG 11:04:51.470] mohostone.fbx
[LOG 11:04:51.470] mohowrinkleridge.fbx
[LOG 11:04:51.470] mohostone.prefab
[LOG 11:04:51.470] mohowrinkleridge.prefab
[LOG 11:04:51.470] moho wrinkleridge_d.tga
[LOG 11:04:51.470] moho wrinkleridge_e.png
[LOG 11:04:51.470] moho wrinkleridge_n.png
[LOG 11:04:51.470] moho_stone_d.tga
[LOG 11:04:51.470] moho_stone_n.png
[LOG 11:04:51.470] lambert1.mat
[LOG 11:04:51.470] mun_crater_d.mat
[LOG 11:04:51.470] mun_large_crater_d.mat
[LOG 11:04:51.470] mun_stone_d.mat
[LOG 11:04:51.470] muncrater.fbx
[LOG 11:04:51.470] munlargecrater.fbx
[LOG 11:04:51.470] munstone.fbx
[LOG 11:04:51.470] muncrater.prefab
[LOG 11:04:51.470] munlargecrater.prefab
[LOG 11:04:51.470] munstone.prefab
[LOG 11:04:51.470] mun_crater_d.tga
[LOG 11:04:51.470] mun_crater_n.png
[LOG 11:04:51.470] mun_large_crater_d.tga
[LOG 11:04:51.470] mun_large_crater_n.png
[LOG 11:04:51.470] mun_stone_d.tga
[LOG 11:04:51.470] mun_stone_n.png
[LOG 11:04:51.470] lambert1.mat
[LOG 11:04:51.470] pol_yellowstone_d.mat
[LOG 11:04:51.470] polyellowstone.fbx
[LOG 11:04:51.470] pol_yellowstones.prefab
[LOG 11:04:51.470] pol_yellowstone_d.png
[LOG 11:04:51.470] pol_yellowstone_n.png
[LOG 11:04:51.470] lambert1.mat
[LOG 11:04:51.470] tylo_checkerboard_d.mat
[LOG 11:04:51.470] tylo_dark boulder_d.mat
[LOG 11:04:51.471] tylo_light_d.mat
[LOG 11:04:51.471] tyloboulder.fbx
[LOG 11:04:51.471] tylocheckerboard.fbx
[LOG 11:04:51.471] tylolightstone.fbx
[LOG 11:04:51.471] tylo_ checkerboard_n.png
[LOG 11:04:51.471] tylo_checkerboard_d.png
[LOG 11:04:51.471] tylo_dark boulder_d.tga
[LOG 11:04:51.471] tylo_dark boulder_n.png
[LOG 11:04:51.471] tylo_light_d.tga
[LOG 11:04:51.471] tylo_light_n.png
[LOG 11:04:51.471] tylocheckerboard.prefab
[LOG 11:04:51.471] tylodarkboulder.prefab
[LOG 11:04:51.471] tylolightstone.prefab
[LOG 11:04:51.471] cryovolcano_d.mat
[LOG 11:04:51.471] lambert1.mat
[LOG 11:04:51.471] vallicechunk_d.mat
[LOG 11:04:51.471] vallstone_d.mat
[LOG 11:04:51.471] vall_cryovolcano.fbx
[LOG 11:04:51.471] vall_icechunk.fbx
[LOG 11:04:51.471] vall_stone.fbx
[LOG 11:04:51.471] cryovolcano_d.tga
[LOG 11:04:51.471] cryovolcano_e.png
[LOG 11:04:51.471] cryovolcano_n.jpg
[LOG 11:04:51.471] cryovolcano_s.jpg
[LOG 11:04:51.471] vallicechunk_d.jpg
[LOG 11:04:51.471] vallicechunk_e.jpg
[LOG 11:04:51.471] vallicechunk_n.jpg
[LOG 11:04:51.471] vallicechunk_s.jpg
[LOG 11:04:51.471] vallstone_d.jpg
[LOG 11:04:51.471] vallstone_e.jpg
[LOG 11:04:51.471] vallstone_n.jpg
[LOG 11:04:51.471] vallstone_s.jpg
[LOG 11:04:51.471] vallcryovolcano.prefab
[LOG 11:04:51.471] vallicechunk.prefab
[LOG 11:04:51.471] vallstone.prefab
[LOG 11:04:51.471] vfx_spark.mat
[LOG 11:04:51.471] vfx_welding_flare.mat
[LOG 11:04:51.471] cometdustmaterial.mat
[LOG 11:04:51.471] cometgeysermat.mat
[LOG 11:04:51.479] GetTypesOfModulesImplementingInterface2: Found 69 types with IPartModuleAdjuster interface in 18 assemblies.
[LOG 11:04:51.486] GetSubclassesOfParentClass: Found 0 types with ModuleActiveRadiator parent in 18 assemblies.
[LOG 11:04:51.494] GetSubclassesOfParentClass: Found 0 types with ModuleAlternator parent in 18 assemblies.
[LOG 11:04:51.500] GetSubclassesOfParentClass: Found 1 types with ModuleControlSurface parent in 18 assemblies.
[LOG 11:04:51.506] GetSubclassesOfParentClass: Found 0 types with ModuleDataTransmitter parent in 18 assemblies.
[LOG 11:04:51.513] GetSubclassesOfParentClass: Found 0 types with ModuleDeployableSolarPanel parent in 18 assemblies.
[LOG 11:04:51.519] GetSubclassesOfParentClass: Found 1 types with ModuleEngines parent in 18 assemblies.
[LOG 11:04:51.524] GetSubclassesOfParentClass: Found 0 types with ModuleGenerator parent in 18 assemblies.
[LOG 11:04:51.531] GetSubclassesOfParentClass: Found 0 types with ModuleGimbal parent in 18 assemblies.
[LOG 11:04:51.537] GetSubclassesOfParentClass: Found 2 types with ModuleLiftingSurface parent in 18 assemblies.
[LOG 11:04:51.543] GetSubclassesOfParentClass: Found 0 types with ModuleLight parent in 18 assemblies.
[LOG 11:04:51.549] GetSubclassesOfParentClass: Found 0 types with ModuleReactionWheel parent in 18 assemblies.
[LOG 11:04:51.555] GetSubclassesOfParentClass: Found 0 types with ModuleSAS parent in 18 assemblies.
[LOG 11:04:51.562] GetSubclassesOfParentClass: Found 0 types with ModuleWheelBrakes parent in 18 assemblies.
[LOG 11:04:51.568] GetSubclassesOfParentClass: Found 1 types with ModuleWheelMotor parent in 18 assemblies.
[LOG 11:04:51.568] GetSubclassesOfParentClass: Using cached results for ModuleActiveRadiator
[LOG 11:04:51.573] GetSubclassesOfParentClass: Found 0 types with ModuleAnchoredDecoupler parent in 18 assemblies.
[LOG 11:04:51.579] GetSubclassesOfParentClass: Found 0 types with ModuleCargoBay parent in 18 assemblies.
[LOG 11:04:51.580] GetSubclassesOfParentClass: Using cached results for ModuleControlSurface
[LOG 11:04:51.580] GetSubclassesOfParentClass: Using cached results for ModuleDataTransmitter
[LOG 11:04:51.585] GetSubclassesOfParentClass: Found 0 types with ModuleDecouple parent in 18 assemblies.
[LOG 11:04:51.592] GetSubclassesOfParentClass: Found 4 types with ModuleDeployablePart parent in 18 assemblies.
[LOG 11:04:51.598] GetSubclassesOfParentClass: Found 0 types with ModuleDockingNode parent in 18 assemblies.
[LOG 11:04:51.598] GetSubclassesOfParentClass: Using cached results for ModuleEngines
[LOG 11:04:51.603] GetSubclassesOfParentClass: Found 0 types with CModuleFuelLine parent in 18 assemblies.
[LOG 11:04:51.609] GetSubclassesOfParentClass: Found 0 types with ModuleGPS parent in 18 assemblies.
[LOG 11:04:51.615] GetSubclassesOfParentClass: Found 0 types with ModuleGrappleNode parent in 18 assemblies.
[LOG 11:04:51.615] GetSubclassesOfParentClass: Using cached results for ModuleGrappleNode
[LOG 11:04:51.624] GetSubclassesOfParentClass: Found 0 types with ModuleKerbNetAccess parent in 18 assemblies.
[LOG 11:04:51.624] GetSubclassesOfParentClass: Using cached results for ModuleLight
[LOG 11:04:51.624] GetSubclassesOfParentClass: Using cached results for ModuleLight
[LOG 11:04:51.629] GetSubclassesOfParentClass: Found 0 types with ModuleProbeControlPoint parent in 18 assemblies.
[LOG 11:04:51.635] GetSubclassesOfParentClass: Found 1 types with ModuleRCS parent in 18 assemblies.
[LOG 11:04:51.635] GetSubclassesOfParentClass: Using cached results for ModuleRCS
[LOG 11:04:51.635] GetSubclassesOfParentClass: Using cached results for ModuleReactionWheel
[LOG 11:04:51.635] GetSubclassesOfParentClass: Using cached results for ModuleReactionWheel
[LOG 11:04:51.640] GetSubclassesOfParentClass: Found 0 types with ModuleResourceIntake parent in 18 assemblies.
[LOG 11:04:51.645] GetSubclassesOfParentClass: Found 0 types with ModuleScienceExperiment parent in 18 assemblies.
[LOG 11:04:51.650] GetSubclassesOfParentClass: Found 0 types with ModuleToggleCrossfeed parent in 18 assemblies.
[LOG 11:04:51.655] GetSubclassesOfParentClass: Found 0 types with ModuleWheelDeployment parent in 18 assemblies.
[LOG 11:04:51.668] ExpansionsLoader: Expansions loaded in 10.630s
[LOG 11:04:51.668] Loading Systems: Elapsed time is 22.25232s
[LOG 11:04:53.954] [AddonLoader]: Instantiating addon 'Injector' from assembly 'Kopernicus'
[LOG 11:04:53.956] [Kopernicus] Running Kopernicus 1.12.1-248 on KSP 1.12.5
[LOG 11:04:54.115] [Kopernicus] Default logger initialized as Kopernicus
[LOG 11:04:54.141] [Kopernicus] ShaderLoader: Loading asset bundle at path C:/Users/lhervier/Perso/ksp-dev/KSP_x64_Data/../GameData/Kopernicus/Shaders\kopernicusshaders-windows.unity3d
[LOG 11:04:54.143] [Kopernicus] ShaderLoader: adding Kopernicus/Rings
[LOG 11:04:54.298] [OD] Adding for sphere Ceres map named RSS-Textures/PluginData/CeresColor.dds
[LOG 11:04:54.303] [OD] Adding for sphere Ceres map named RSS-Textures/PluginData/CeresHeight.dds
[WRN 11:04:54.341] DontDestroyOnLoad only works for root GameObjects or components on root GameObjects.
[LOG 11:04:54.418] [OD] Adding for sphere Kerbin map named RSS-Textures/PluginData/EarthHeight.dds
[LOG 11:04:54.443] [OD] Adding for sphere Kerbin map named RSS-Textures/PluginData/EarthSurface.dds
[LOG 11:04:55.109] [OD] Adding for sphere Moon map named RSS-Textures/MoonColor.dds
[LOG 11:04:55.109] [OD] Adding for sphere Moon map named RSS-Textures/PluginData/MoonHeight.dds
[LOG 11:04:55.157] [OD] Adding for sphere Callisto map named RSS-Textures/PluginData/CallistoHeight.dds
[LOG 11:04:55.158] [OD] Adding for sphere Callisto map named RSS-Textures/PluginData/CallistoColor.dds
[LOG 11:04:55.201] [OD] Adding for sphere Europa map named RSS-Textures/PluginData/EuropaHeight.dds
[LOG 11:04:55.202] [OD] Adding for sphere Europa map named RSS-Textures/PluginData/EuropaColor.dds
[LOG 11:04:55.249] [OD] Adding for sphere Ganymede map named RSS-Textures/PluginData/GanymedeHeight.dds
[LOG 11:04:55.250] [OD] Adding for sphere Ganymede map named RSS-Textures/PluginData/GanymedeColor.dds
[LOG 11:04:55.292] [OD] Adding for sphere Io map named RSS-Textures/PluginData/IoHeight.dds
[LOG 11:04:55.293] [OD] Adding for sphere Io map named RSS-Textures/PluginData/IoColor.dds
[LOG 11:04:55.309] [Kopernicus] New Jool detected, shaders stripped!
[LOG 11:04:55.416] [OD] Adding for sphere Deimos map named RSS-Textures/PluginData/DeimosColor.dds
[LOG 11:04:55.416] [OD] Adding for sphere Deimos map named RSS-Textures/PluginData/DeimosHeight.dds
[LOG 11:04:55.463] [OD] Adding for sphere Mars map named RSS-Textures/PluginData/MarsHeight.dds
[LOG 11:04:55.463] [OD] Adding for sphere Mars map named RSS-Textures/PluginData/MarsColor.dds
[LOG 11:04:55.509] [OD] Adding for sphere Phobos map named RSS-Textures/PluginData/PhobosColor.dds
[LOG 11:04:55.510] [OD] Adding for sphere Phobos map named RSS-Textures/PluginData/PhobosHeight.dds
[LOG 11:04:55.555] [OD] Adding for sphere Mercury map named RSS-Textures/PluginData/MercuryColor.dds
[LOG 11:04:55.555] [OD] Adding for sphere Mercury map named RSS-Textures/PluginData/MercuryHeight.dds
[LOG 11:04:55.576] [Kopernicus] New Jool detected, shaders stripped!
[LOG 11:04:55.648] [OD] Adding for sphere Triton map named RSS-Textures/PluginData/TritonColor.dds
[LOG 11:04:55.712] [OD] Adding for sphere Charon map named RSS-Textures/PluginData/CharonColor.dds
[LOG 11:04:55.713] [OD] Adding for sphere Charon map named RSS-Textures/PluginData/CharonHeight.dds
[LOG 11:04:55.756] [OD] Adding for sphere Pluto map named RSS-Textures/PluginData/PlutoColor.dds
[LOG 11:04:55.757] [OD] Adding for sphere Pluto map named RSS-Textures/PluginData/PlutoHeight.dds
[LOG 11:04:55.806] [OD] Adding for sphere Dione map named RSS-Textures/PluginData/DioneColor.dds
[LOG 11:04:55.855] [OD] Adding for sphere Enceladus map named RSS-Textures/PluginData/EnceladusColor.dds
[LOG 11:04:55.945] [OD] Adding for sphere Iapetus map named RSS-Textures/PluginData/IapetusColor.dds
[LOG 11:04:56.018] [OD] Adding for sphere Mimas map named RSS-Textures/PluginData/MimasColor.dds
[LOG 11:04:56.117] [OD] Adding for sphere Rhea map named RSS-Textures/PluginData/RheaColor.dds
[LOG 11:04:56.134] [Kopernicus] New Jool detected, shaders stripped!
[LOG 11:04:56.217] [OD] Adding for sphere Tethys map named RSS-Textures/PluginData/TethysColor.dds
[LOG 11:04:56.263] [OD] Adding for sphere Titan map named RSS-Textures/PluginData/TitanHeight.dds
[LOG 11:04:56.264] [OD] Adding for sphere Titan map named RSS-Textures/PluginData/TitanColor.dds
[LOG 11:04:56.337] [OD] Adding for sphere Ariel map named RSS-Textures/PluginData/ArielColor.dds
[LOG 11:04:56.338] [OD] Adding for sphere Ariel map named RSS-Textures/PluginData/ArielHeight.dds
[LOG 11:04:56.401] [OD] Adding for sphere Miranda map named RSS-Textures/PluginData/MirandaColor.dds
[LOG 11:04:56.402] [OD] Adding for sphere Miranda map named RSS-Textures/PluginData/MirandaHeight.dds
[LOG 11:04:56.493] [OD] Adding for sphere Oberon map named RSS-Textures/PluginData/OberonColor.dds
[LOG 11:04:56.494] [OD] Adding for sphere Oberon map named RSS-Textures/PluginData/OberonHeight.dds
[LOG 11:04:56.544] [OD] Adding for sphere Titania map named RSS-Textures/PluginData/TitaniaColor.dds
[LOG 11:04:56.544] [OD] Adding for sphere Titania map named RSS-Textures/PluginData/TitaniaHeight.dds
[LOG 11:04:56.585] [OD] Adding for sphere Umbriel map named RSS-Textures/PluginData/UmbrielColor.dds
[LOG 11:04:56.585] [OD] Adding for sphere Umbriel map named RSS-Textures/PluginData/UmbrielHeight.dds
[LOG 11:04:56.602] [Kopernicus] New Jool detected, shaders stripped!
[LOG 11:04:56.672] [OD] Adding for sphere Venus map named RSS-Textures/PluginData/VenusHeight.dds
[LOG 11:04:56.673] [OD] Adding for sphere Venus map named RSS-Textures/PluginData/VenusColor.dds
[LOG 11:04:56.758] [OD] Adding for sphere Vesta map named RSS-Textures/PluginData/VestaColor.dds
[LOG 11:04:56.758] [OD] Adding for sphere Vesta map named RSS-Textures/PluginData/VestaHeight.dds
[LOG 11:04:56.800] [AddonLoader]: Instantiating addon 'ToolbarButton' from assembly 'Kopernicus'
[LOG 11:04:56.800] [AddonLoader]: Instantiating addon 'ShadowMan' from assembly 'Kopernicus'
[LOG 11:04:56.800] [AddonLoader]: Instantiating addon 'RenderTypeFixer' from assembly 'Kopernicus'
[LOG 11:04:56.801] [AddonLoader]: Instantiating addon 'AtmosphereFixer' from assembly 'Kopernicus'
[LOG 11:04:56.801] [AddonLoader]: Instantiating addon 'SinkingBugFix' from assembly 'Kopernicus'
[LOG 11:04:56.801] [AddonLoader]: Instantiating addon 'KSPCFFastLoaderPSystemSetup' from assembly 'KSPCommunityFixes'
[LOG 11:04:56.803] [AddonLoader]: Instantiating addon 'TimeWarpFixer' from assembly 'RealSolarSystem'
[LOG 11:04:57.053] [Agent]: Found 19 agent mentality types
[LOG 11:04:57.055] [AgentList]: 31 agents parsed and loaded.
[LOG 11:04:57.114] [UIMasterController]: HideUI
[LOG 11:04:57.224] [Kopernicus]: Loaded large map: C:/Users/lhervier/Perso/ksp-dev/KSP_x64_Data/../GameData/RSS-Textures/PluginData/EarthHeight.dds
[LOG 11:04:57.225] [OD] ---> Map RSS-Textures/PluginData/EarthHeight.dds enabling self. Path = RSS-Textures/PluginData/EarthHeight.dds
[WRN 11:04:57.255] DontDestroyOnLoad only works for root GameObjects or components on root GameObjects.
[LOG 11:04:57.290] [OD] --> ScaledSpaceDemand.LoadTextures loading Mercury
[LOG 11:04:57.291] [OD] --> ScaledSpaceDemand.LoadTextures loading Miranda
[LOG 11:04:57.292] [OD] --> ScaledSpaceDemand.LoadTextures loading Ariel
[LOG 11:04:57.292] [OD] --> ScaledSpaceDemand.LoadTextures loading Uranus
[LOG 11:04:57.293] [OD] --> ScaledSpaceDemand.LoadTextures loading Umbriel
[LOG 11:04:57.296] [OD] --> ScaledSpaceDemand.LoadTextures loading Titania
[LOG 11:04:57.297] [OD] --> ScaledSpaceDemand.LoadTextures loading Oberon
[LOG 11:04:57.366] [OD] Loaded texture RSS-Textures/PluginData/MercuryColor.dds
[LOG 11:04:57.366] [OD] Loaded texture RSS-Textures/PluginData/Flat_NRM.dds
[LOG 11:04:57.366] [OD] Loaded texture RSS-Textures/PluginData/ArielColor.dds
[LOG 11:04:57.366] [OD] Loaded texture RSS-Textures/PluginData/MirandaColor.dds
[LOG 11:04:57.366] [OD] Loaded texture RSS-Textures/PluginData/Umbriel_NRM.dds
[LOG 11:04:57.367] [OD] Loaded texture RSS-Textures/PluginData/Ariel_NRM.dds
[LOG 11:04:57.367] [OD] Loaded texture RSS-Textures/PluginData/UmbrielColor.dds
[LOG 11:04:57.367] [OD] Loaded texture RSS-Textures/PluginData/Miranda_NRM.dds
[LOG 11:04:57.367] [OD] Loaded texture RSS-Textures/PluginData/UranusColor.dds
[LOG 11:04:57.367] [OD] Loaded texture RSS-Textures/PluginData/Mercury_NRM.dds
[LOG 11:04:57.378] [Kopernicus]: Post-Spawn
[LOG 11:04:57.380] Found max distance 7285326303016.2
[LOG 11:04:57.406] [OD] Loaded texture RSS-Textures/PluginData/Titania_NRM.dds
[LOG 11:04:57.406] [OD] Loaded texture RSS-Textures/PluginData/Oberon_NRM.dds
[LOG 11:04:57.406] [OD] Loaded texture RSS-Textures/PluginData/OberonColor.dds
[LOG 11:04:57.407] [OD] Loaded texture RSS-Textures/PluginData/TitaniaColor.dds
[LOG 11:04:57.455] PSystemSetup: Cannot add Stock launchsite named '#autoLOC_8006102' - Launchsite is not setup.
[LOG 11:04:57.566] [OD] Loading Kerbin
[LOG 11:04:57.567] [OD] ---> Map RSS-Textures/PluginData/EarthSurface.dds enabling self. Path = RSS-Textures/PluginData/EarthSurface.dds
[ERR 11:05:00.714] [LaunchSite]: unable to find LaunchSite Transform :Crater_Launch_Site

[LOG 11:05:00.714] PSystemSetup: Cannot add Stock launchsite named '#autoLOC_6006117' - Launchsite is not setup.
[ERR 11:05:00.716] [LaunchSite]: unable to find LaunchSite Transform :MahiMahi_Launch_Site

[LOG 11:05:00.716] PSystemSetup: Cannot add Stock launchsite named '#autoLOC_6006118' - Launchsite is not setup.
[ERR 11:05:00.718] [LaunchSite]: unable to find LaunchSite Transform :Cove_Launch_Site

[LOG 11:05:00.719] PSystemSetup: Cannot add Stock launchsite named '#autoLOC_6006119' - Launchsite is not setup.
[ERR 11:05:00.722] [LaunchSite]: unable to find LaunchSite Transform :GlacierLake_Launch_Site

[LOG 11:05:00.722] PSystemSetup: Cannot add Stock launchsite named '#autoLOC_6006120' - Launchsite is not setup.
[LOG 11:05:00.731] [UIMasterController]: HideUI
[LOG 11:05:00.736] [HighLogic]: =========================== Scene Change : From LOADING to MAINMENU =====================
[LOG 11:05:01.211] [AddonLoader]: Instantiating addon 'ContractDefs' from assembly 'KSP'
[LOG 11:05:01.235] [AddonLoader]: Instantiating addon 'DebugMenuScreen' from assembly 'KSPTextureLoader'
[LOG 11:05:01.236] [AddonLoader]: Instantiating addon 'ToolbarButton' from assembly 'Kopernicus'
[LOG 11:05:01.236] [AddonLoader]: Instantiating addon 'MissingTexturesPopupLauncher' from assembly 'Kopernicus'
[LOG 11:05:01.237] [AddonLoader]: Instantiating addon 'ShadowMan' from assembly 'Kopernicus'
[LOG 11:05:01.237] [AddonLoader]: Instantiating addon 'RenderTypeFixer' from assembly 'Kopernicus'
[LOG 11:05:01.237] [AddonLoader]: Instantiating addon 'AtmosphereFixer' from assembly 'Kopernicus'
[LOG 11:05:01.237] [AddonLoader]: Instantiating addon 'MainMenuFixer' from assembly 'Kopernicus'
[LOG 11:05:01.241] [AddonLoader]: Instantiating addon 'RuntimeUtility' from assembly 'Kopernicus'
[LOG 11:05:01.249] [AddonLoader]: Instantiating addon 'SinkingBugFix' from assembly 'Kopernicus'
[LOG 11:05:01.249] [AddonLoader]: Instantiating addon 'StarLightSwitcher' from assembly 'Kopernicus'
[LOG 11:05:01.250] [AddonLoader]: Instantiating addon 'KSPCFFastLoaderReport' from assembly 'KSPCommunityFixes'
[LOG 11:05:01.250] [AddonLoader]: Instantiating addon 'TimeWarpFixer' from assembly 'RealSolarSystem'
[LOG 11:05:01.266] [UIMasterController]: ShowUI
[LOG 11:05:01.451] [GameParameters]: Loaded custom parameter class CommNetParams.
[LOG 11:05:01.452] [GameParameters]: Loaded custom parameter class MissionParamsGeneral.
[LOG 11:05:01.452] [GameParameters]: Loaded custom parameter class MissionParamsFacilities.
[LOG 11:05:01.452] [GameParameters]: Loaded custom parameter class MissionParamsExtras.
[LOG 11:05:01.453] [GameParameters]: Loaded custom parameter class AdvancedParams.
[LOG 11:05:01.471] [ReflectionUtil]: Found 40 types with UpgradeModule attribute in 18 assemblies.
[LOG 11:05:01.519] [OD] --> OnDemandStorage.EnableBody loading Kerbin
[WRN 11:05:01.531] DontDestroyOnLoad only works for root GameObjects or components on root GameObjects.
[LOG 11:05:01.535] [KSPCF:FastLoader] Intel(R) Core(TM) Ultra 7 155H | 32265 MB | Intel(R) Arc(TM) Pro Graphics (18391 MB)
Total loading time to main menu : 34.801s
- Configs and assemblies loaded in 4.936s
- Configs reload done in 1.426s
- Configs translated in 0.010s
- 2909 assets loaded in 2.380s :
  - 86 audio assets (79.689 MiB) in 0.328s, 243.229 MiB/s
  - 2195 texture assets (1.305 GiB) in 1.645s, 812.489 MiB/s
  - 626 model assets (64.41 MiB) in 0.396s, 162.643 MiB/s
- Asset bundles loaded in 0.409s
- GameDatabase (configs, resources, traits, upgrades...) loaded in 0.058s
- Built-in parts copied in 0.018s
- Part and internal configs extracted in 0.001s
- 483 parts and 1927 modules compiled in 2.450s
  - 4.0 modules/part, 5.072 ms/part, 1.271 ms/module
  - PartIcon compilation : 0.788s
- 27 internal spaces and 56 props compiled in 0.131s
- 2 DLC (Making History, Breaking Ground) loaded in 10.669s
- Planetary system loaded in 7.723s
[LOG 11:05:01.535] Texture queries : 1713, slow path : 1 (0.06 %)
[LOG 11:05:01.535] [ModuleManager] Total loading Time = 30.110s
[LOG 11:05:01.599] [ScenarioTypes]: List Created 24 scenario types loaded from 18 loaded assemblies.
[WRN 11:05:01.606] File 'C:/Users/lhervier/Perso/ksp-dev/KSP_x64_Data/../Missions/MissionScoreInfo.cfg' does not exist
[LOG 11:05:01.609] [ApplicationLauncher] Awake False
[LOG 11:05:01.610] [ApplicationLauncher] SpawnSimpleLayout: VerticalTopDown
[LOG 11:05:01.620] [UiApp] Awake: 
[LOG 11:05:01.620] [ApplicationLauncher] OnSceneLoadedGUIReady: scene MAINMENU ShouldBeVisible() True ShouldBeOnTop() True iIsPositionedAtTop True
[LOG 11:05:01.622] [Kopernicus]: StarLightSwitcher: Set active star => Sun
[LOG 11:05:01.655] [UIApp] Adding  to Application Launcher
[LOG 11:05:01.658] [ApplicationLauncher] SetHidden: 
[LOG 11:05:01.662] [MessageSystem] OnAppInitialized
[LOG 11:05:01.663] [MessageSystem] Reposition 0.0473699 8907
[LOG 11:05:01.693] [ShadowMan][Debug] Kopernicus.ShadowMan setup done
[LOG 11:05:02.900] [ExperienceSystem]: Found 0 trait types
[LOG 11:05:02.909] [ExperienceSystem]: Found 20 effect types
[LOG 11:05:02.951] [ScenarioTypes]: List Created 24 scenario types loaded from 18 loaded assemblies.
[LOG 11:05:02.951] [MessageSystem] Load Messages
[LOG 11:05:02.957] [UIMasterController]: HideUI
[LOG 11:05:02.958] [HighLogic]: =========================== Scene Change : From MAINMENU to SPACECENTER =====================
[LOG 11:05:03.183] [AddonLoader]: Instantiating addon 'CustomConfigsManager' from assembly 'ModuleManager'
[LOG 11:05:03.186] [AddonLoader]: Instantiating addon 'ToolbarButton' from assembly 'Kopernicus'
[LOG 11:05:03.186] [AddonLoader]: Instantiating addon 'ShadowMan' from assembly 'Kopernicus'
[LOG 11:05:03.186] [AddonLoader]: Instantiating addon 'RenderTypeFixer' from assembly 'Kopernicus'
[LOG 11:05:03.186] [AddonLoader]: Instantiating addon 'AtmosphereFixer' from assembly 'Kopernicus'
[LOG 11:05:03.186] [AddonLoader]: Instantiating addon 'SinkingBugFix' from assembly 'Kopernicus'
[LOG 11:05:03.187] [AddonLoader]: Instantiating addon 'RSSCommNetSettings' from assembly 'RealSolarSystem'
[LOG 11:05:03.187] [AddonLoader]: Instantiating addon 'TimeWarpFixer' from assembly 'RealSolarSystem'
[LOG 11:05:03.187] [AddonLoader]: Instantiating addon 'RSSWatchDog' from assembly 'RealSolarSystem'
[LOG 11:05:04.338] [UIMasterController]: ShowUI
[LOG 11:05:04.545] [SceneLoadSpeedBoost] Save loaded from disk in 1ms
[LOG 11:05:04.609] GetSubclassesOfParentClass: Found 7 types with AlarmTypeBase parent in 18 assemblies.
[LOG 11:05:04.615] Loading Depletion Nodes
[LOG 11:05:04.615] DepNodeCount:  0
[LOG 11:05:04.616] Loading Biome Nodes
[LOG 11:05:04.616] BiomeNodeCount:  0
[LOG 11:05:04.616] Loading Planet Nodes
[LOG 11:05:04.616] PlanetNodeCount:  0
[LOG 11:05:04.625] [ScenarioDestructibles]: Loading... 0 objects registered
[LOG 11:05:04.655] [RealSolarSystem] Checking for custom CommNet settings...
[LOG 11:05:04.655] [RealSolarSystem] Updating the CommNet settings...
[LOG 11:05:04.683] [Kopernicus] Using Kopernicus Discoverable Object Spawner.
[LOG 11:05:04.699] [Kopernicus] New object found near Sun: Ast. JDR-058!
[LOG 11:05:04.701] [ShadowMan][Info] Running in unified camera mode
[LOG 11:05:04.701] [ShadowMan][Debug] Adding TweakShadowCascades: (0.002, 0.015, 0.035) to Camera Camera 00
[LOG 11:05:04.701] [ShadowMan][Debug] Default split: (0.050, 0.152, 0.264)
[LOG 11:05:04.707] [ShadowMan][Debug] ShaderReplacer instance created
[LOG 11:05:04.708] [ShadowMan][Debug] Setting shadowmap resolution to: 8192 on SunLight
[LOG 11:05:04.710] [ShadowMan][Debug] Found rings for Saturn
[LOG 11:05:04.712] [ShadowMan][Debug] Kopernicus.ShadowMan setup done
[LOG 11:05:04.717] [RealSolarSystem] Setting TimeWarp rates...
[LOG 11:05:04.723] [OD] <--- ScaledSpaceDemand.UnloadTextures unloading Mercury
[LOG 11:05:04.723] [OD] Unloading RSS-Textures/PluginData/MercuryColor.dds
[LOG 11:05:04.723] [OD] Unloading RSS-Textures/PluginData/Mercury_NRM.dds
[LOG 11:05:04.723] [OD] <--- ScaledSpaceDemand.UnloadTextures unloading Uranus
[LOG 11:05:04.723] [OD] Unloading RSS-Textures/PluginData/UranusColor.dds
[LOG 11:05:04.723] [OD] Unloading RSS-Textures/PluginData/Flat_NRM.dds
[LOG 11:05:04.723] [OD] <--- ScaledSpaceDemand.UnloadTextures unloading Miranda
[LOG 11:05:04.723] [OD] Unloading RSS-Textures/PluginData/MirandaColor.dds
[LOG 11:05:04.723] [OD] Unloading RSS-Textures/PluginData/Miranda_NRM.dds
[LOG 11:05:04.723] [OD] <--- ScaledSpaceDemand.UnloadTextures unloading Ariel
[LOG 11:05:04.723] [OD] Unloading RSS-Textures/PluginData/ArielColor.dds
[LOG 11:05:04.723] [OD] Unloading RSS-Textures/PluginData/Ariel_NRM.dds
[LOG 11:05:04.723] [OD] <--- ScaledSpaceDemand.UnloadTextures unloading Umbriel
[LOG 11:05:04.723] [OD] Unloading RSS-Textures/PluginData/UmbrielColor.dds
[LOG 11:05:04.724] [OD] Unloading RSS-Textures/PluginData/Umbriel_NRM.dds
[LOG 11:05:04.724] [OD] <--- ScaledSpaceDemand.UnloadTextures unloading Titania
[LOG 11:05:04.724] [OD] Unloading RSS-Textures/PluginData/TitaniaColor.dds
[LOG 11:05:04.724] [OD] Unloading RSS-Textures/PluginData/Titania_NRM.dds
[LOG 11:05:04.724] [OD] <--- ScaledSpaceDemand.UnloadTextures unloading Oberon
[LOG 11:05:04.724] [OD] Unloading RSS-Textures/PluginData/OberonColor.dds
[LOG 11:05:04.724] [OD] Unloading RSS-Textures/PluginData/Oberon_NRM.dds
[LOG 11:05:04.735] [UiApp] Awake: KSPedia
[LOG 11:05:04.735] [UiApp] Awake: Missions App
[LOG 11:05:04.735] [UiApp] Awake: AlarmClock
[LOG 11:05:04.736] [GenericAppFrame] Reposition 0 9168
[LOG 11:05:04.737] [ApplicationLauncher] OnSceneLoadedGUIReady: scene SPACECENTER ShouldBeVisible() True ShouldBeOnTop() False iIsPositionedAtTop True
[LOG 11:05:04.737] [ApplicationLauncher] SpawnSimpleLayout: HorizontalRightLeft
[LOG 11:05:04.738] [ApplicationLauncher] SetVisible: 
[LOG 11:05:04.739] ScaleModList: listSize 41 maxListSize 1148
[LOG 11:05:04.739] ScaleModList: listSize 41 maxListSize 1139
[LOG 11:05:04.739] [Kopernicus]: StarLightSwitcher: Set active star => Sun
[LOG 11:05:04.772] [UIApp] OnDestroy: Contracts
[LOG 11:05:04.781] [MessageSystem] Reposition 0.02 9169
[LOG 11:05:04.781] [GenericAppFrame] Reposition 0.02 9169
[LOG 11:05:04.781] [GenericAppFrame] Reposition 0.02 9169
[LOG 11:05:05.025] Launching vessel from LaunchPad. Craft file: C:\Users\lhervier\Perso\ksp-dev\saves\claude-rss\Ships\VAB\Diag3-Rocket.craft
[LOG 11:05:05.025] Flight State Captured
[LOG 11:05:05.028] Saving Achievements Tree...
[LOG 11:05:05.029] [MessageSystem] Save Messages
[LOG 11:05:05.055] Game State Saved to saves/claude-rss/persistent
[LOG 11:05:05.071] [UIMasterController]: HideUI
[LOG 11:05:05.076] [HighLogic]: =========================== Scene Change : From SPACECENTER to FLIGHT =====================
[LOG 11:05:05.079] [Kopernicus] Delaying ResetAndWait of body Charon until scene switch is complete
[LOG 11:05:05.079] [Kopernicus] Delaying ResetAndWait of body Pluto until scene switch is complete
[LOG 11:05:05.079] [Kopernicus] Delaying ResetAndWait of body Triton until scene switch is complete
[LOG 11:05:05.079] [Kopernicus] Delaying ResetAndWait of body Neptune until scene switch is complete
[LOG 11:05:05.079] [Kopernicus] Delaying ResetAndWait of body Neptune until scene switch is complete
[LOG 11:05:05.079] [Kopernicus] Delaying ResetAndWait of body Oberon until scene switch is complete
[LOG 11:05:05.079] [Kopernicus] Delaying ResetAndWait of body Titania until scene switch is complete
[LOG 11:05:05.079] [Kopernicus] Delaying ResetAndWait of body Umbriel until scene switch is complete
[LOG 11:05:05.079] [Kopernicus] Delaying ResetAndWait of body Ariel until scene switch is complete
[LOG 11:05:05.079] [Kopernicus] Delaying ResetAndWait of body Miranda until scene switch is complete
[LOG 11:05:05.079] [Kopernicus] Delaying ResetAndWait of body Uranus until scene switch is complete
[LOG 11:05:05.079] [Kopernicus] Delaying ResetAndWait of body Uranus until scene switch is complete
[LOG 11:05:05.079] [Kopernicus] Delaying ResetAndWait of body Iapetus until scene switch is complete
[LOG 11:05:05.079] [Kopernicus] Delaying ResetAndWait of body Titan until scene switch is complete
[LOG 11:05:05.079] [Kopernicus] Delaying ResetAndWait of body Rhea until scene switch is complete
[LOG 11:05:05.079] [Kopernicus] Delaying ResetAndWait of body Dione until scene switch is complete
[LOG 11:05:05.079] [Kopernicus] Delaying ResetAndWait of body Tethys until scene switch is complete
[LOG 11:05:05.079] [Kopernicus] Delaying ResetAndWait of body Enceladus until scene switch is complete
[LOG 11:05:05.079] [Kopernicus] Delaying ResetAndWait of body Mimas until scene switch is complete
[LOG 11:05:05.079] [Kopernicus] Delaying ResetAndWait of body Saturn until scene switch is complete
[LOG 11:05:05.079] [Kopernicus] Delaying ResetAndWait of body Saturn until scene switch is complete
[LOG 11:05:05.079] [Kopernicus] Delaying ResetAndWait of body Callisto until scene switch is complete
[LOG 11:05:05.079] [Kopernicus] Delaying ResetAndWait of body Ganymede until scene switch is complete
[LOG 11:05:05.081] [Kopernicus] Delaying ResetAndWait of body Europa until scene switch is complete
[LOG 11:05:05.081] [Kopernicus] Delaying ResetAndWait of body Io until scene switch is complete
[LOG 11:05:05.081] [Kopernicus] Delaying ResetAndWait of body Jupiter until scene switch is complete
[LOG 11:05:05.081] [Kopernicus] Delaying ResetAndWait of body Jupiter until scene switch is complete
[LOG 11:05:05.081] [Kopernicus] Delaying ResetAndWait of body Ceres until scene switch is complete
[LOG 11:05:05.081] [Kopernicus] Delaying ResetAndWait of body Vesta until scene switch is complete
[LOG 11:05:05.081] [Kopernicus] Delaying ResetAndWait of body Deimos until scene switch is complete
[LOG 11:05:05.081] [Kopernicus] Delaying ResetAndWait of body Phobos until scene switch is complete
[LOG 11:05:05.081] [Kopernicus] Delaying ResetAndWait of body Mars until scene switch is complete
[LOG 11:05:05.081] [Kopernicus] Delaying ResetAndWait of body Moon until scene switch is complete
[LOG 11:05:05.081] [Kopernicus] Delaying ResetAndWait of body Venus until scene switch is complete
[LOG 11:05:05.081] [Kopernicus] Delaying ResetAndWait of body Mercury until scene switch is complete
[LOG 11:05:05.290] [UIApp] OnDestroy: Missions App
[LOG 11:05:05.292] ScaleModList: listSize 41 maxListSize 1139
[LOG 11:05:05.292] [UIApp] OnDestroy: AlarmClock
[LOG 11:05:05.293] [UIApp] OnDestroy: KSPedia
[LOG 11:05:05.297] [KSPCF:MemoryLeaks] Removed a onPlanetariumTargetChange callback owned by a destroyed Assembly-CSharp:CommNetVessel instance
[LOG 11:05:05.303] [KSPCF:MemoryLeaks] Leaving scene "SpaceCenter", cleaned 3 memory leaks in 0.010s. GameEvents callbacks : 688. Allocated memory : 704.824 MiB (managed heap), 2.209 GiB (unmanaged)
[LOG 11:05:05.309] UICanvasPrefabSpawner FlightUI spawning Flight
[LOG 11:05:05.332] UICanvasPrefabSpawner FlightUI spawning VesselLabels
[LOG 11:05:05.332] [UiApp] Awake: ResourceDisplay
[LOG 11:05:05.391] [AddonLoader]: Instantiating addon 'AeroGUI' from assembly 'KSP'
[LOG 11:05:05.400] [AddonLoader]: Instantiating addon 'ToolbarButton' from assembly 'Kopernicus'
[LOG 11:05:05.400] [AddonLoader]: Instantiating addon 'ShadowMan' from assembly 'Kopernicus'
[LOG 11:05:05.400] [AddonLoader]: Instantiating addon 'RenderTypeFixer' from assembly 'Kopernicus'
[LOG 11:05:05.400] [AddonLoader]: Instantiating addon 'AtmosphereFixer' from assembly 'Kopernicus'
[LOG 11:05:05.401] [AddonLoader]: Instantiating addon 'SinkingBugFix' from assembly 'Kopernicus'
[LOG 11:05:05.401] [AddonLoader]: Instantiating addon 'KSPDiagQuadSeams' from assembly 'KSPDiagQuadSeams'
[LOG 11:05:05.412] [KSPDiagQuadSeams] shader Hidden/Internal-Colored, depth test settable: True
[LOG 11:05:05.413] [AddonLoader]: Instantiating addon 'RealSolarSystemEditor' from assembly 'RealSolarSystem'
[LOG 11:05:05.413] [AddonLoader]: Instantiating addon 'RSSRunwayFix' from assembly 'RealSolarSystem'
[LOG 11:05:05.414] [AddonLoader]: Instantiating addon 'TimeWarpFixer' from assembly 'RealSolarSystem'
[LOG 11:05:05.414] [AddonLoader]: Instantiating addon 'VesselGroundPositionEnhancer' from assembly 'RealSolarSystem'
[LOG 11:05:05.414] [AddonLoader]: Instantiating addon 'RSSWatchDog' from assembly 'RealSolarSystem'
[LOG 11:05:05.415] [PlanetariumCamera]: Focus: Earth
[LOG 11:05:05.416] [UIMasterController]: HideUI
[LOG 11:05:05.628] [UIMasterController]: HideUI
[LOG 11:05:05.628] ------------------- initializing flight mode... ------------------
[LOG 11:05:05.628] [SceneLoadSpeedBoost] Save loaded from cache in 0ms
[LOG 11:05:05.694] [MessageSystem] Save Messages
[LOG 11:05:05.695] GetSubclassesOfParentClass: Using cached results for AlarmTypeBase
[LOG 11:05:05.695] Loading Depletion Nodes
[LOG 11:05:05.695] DepNodeCount:  0
[LOG 11:05:05.695] Loading Biome Nodes
[LOG 11:05:05.695] BiomeNodeCount:  0
[LOG 11:05:05.695] Loading Planet Nodes
[LOG 11:05:05.695] PlanetNodeCount:  0
[LOG 11:05:05.697] [ScenarioDestructibles]: Loading... 0 objects registered
[LOG 11:05:05.721] Loading ship from file: C:\Users\lhervier\Perso\ksp-dev\saves\claude-rss\Ships\VAB\Diag3-Rocket.craft
[LOG 11:05:05.721] [UIMasterController]: HideUI
[LOG 11:05:05.740] Diag3-Rocket loaded!
[LOG 11:05:06.716] putting ship to ground: 11.36977
[LOG 11:05:06.721] [Diag3-Rocket]: Ready to Launch - waiting to start physics...
[LOG 11:05:06.732] Crewmember Jebediah Kerman assigned to Capsule de commande Mk1, seat # 0 (crew seat index: 0)
[LOG 11:05:06.732] [FLIGHT GLOBALS]: Switching To Vessel Diag3-Rocket ---------------------- 
[LOG 11:05:06.733] setting new dominant body: Earth
FlightGlobals.mainBody: Earth
[LOG 11:05:06.734] Reference Frame: Rotating
[LOG 11:05:06.748] Vessel assembly complete!
[LOG 11:05:07.875] all systems started
[LOG 11:05:07.972] [ModularFlightIntegrator] MFI Start
[LOG 11:05:07.973] [ModularFlightIntegrator] Start. VesselModule on vessel : 
  ModularFlightIntegrator
  AxisGroupsModule
  CometVessel
  SuspensionLoadBalancer
  CommNetVessel

[LOG 11:05:07.986] [Kopernicus] Using Kopernicus Discoverable Object Spawner.
[LOG 11:05:08.043] [ShadowMan][Info] Running in unified camera mode
[LOG 11:05:08.043] [ShadowMan][Debug] Adding TweakShadowCascades: (0.002, 0.015, 0.035) to Camera Camera 00
[LOG 11:05:08.043] [ShadowMan][Debug] Default split: (0.050, 0.152, 0.264)
[LOG 11:05:08.043] [ShadowMan][Debug] Setting shadowmap resolution to: 8192 on SunLight
[LOG 11:05:08.052] [ShadowMan][Debug] Found rings for Saturn
[LOG 11:05:08.056] [ShadowMan][Debug] Kopernicus.ShadowMan setup done
[LOG 11:05:08.086] [KSPDiagQuadSeams] body Earth, radius 6371000 m, highest subdivision level 11, 15 vertices by side
[LOG 11:05:08.091] [KSPDiagQuadSeams] after an origin shift: 40 seam(s) between 32 quad(s) of level 11 and 16 coarser one(s); 320 shared vertices, gap mean 461.622 mm, max 1202.547 mm; largest on Kerbin Zn32010320333 (North, level 11) against Kerbin Zn3201032211 (South, level 10), where the finer quad is 990.102 mm above the coarser one and 682.509 mm beside it, 15.5 km from the active vessel
[LOG 11:05:08.092] [RealSolarSystem] Setting TimeWarp rates...
[LOG 11:05:08.108] [PlanetariumCamera]: Focus: Moon
[LOG 11:05:08.108] [PlanetariumCamera]: Focus: Earth
[LOG 11:05:08.182] [UiApp] Awake: CurrencyWidgetsApp
[LOG 11:05:08.182] [UiApp] Awake: ResourceDisplay
[LOG 11:05:08.182] [UiApp] Awake: KSPedia
[LOG 11:05:08.182] [UiApp] Awake: Missions App
[LOG 11:05:08.182] [UiApp] Awake: DeltaVApp
[LOG 11:05:08.182] [UiApp] Awake: ActionGroupsApp
[LOG 11:05:08.182] [UiApp] Awake: Construction
[LOG 11:05:08.182] [UiApp] Awake: Cargo
[LOG 11:05:08.182] [UiApp] Awake: AlarmClock
[LOG 11:05:08.182] [UiApp] Awake: ManeuverTool
[LOG 11:05:08.182] [ApplicationLauncher] OnSceneLoadedGUIReady: scene FLIGHT ShouldBeVisible() True ShouldBeOnTop() True iIsPositionedAtTop False
[LOG 11:05:08.182] [ApplicationLauncher] SpawnSimpleLayout: VerticalTopDown
[LOG 11:05:08.185] [KnowledgeBase] OnAppLauncherReady 9173
[LOG 11:05:08.193] [Kopernicus]: StarLightSwitcher: Set active star => Sun
[LOG 11:05:08.214] [UIApp] OnDestroy: Contracts
[LOG 11:05:08.275] [FlightIntegrator]: Reloaded drag cube for zeroed cube root part mk1pod.v2 on vessel Diag3-Rocket
[LOG 11:05:08.283] [FlightIntegrator]: Vessel Diag3-Rocket has been unloaded 1.79769313486232E+308, applying analytic temperature 286.543187452993
[LOG 11:05:08.286] [MessageSystem] Reposition 0.02 9174
[LOG 11:05:08.286] [GenericAppFrame] Reposition 0.02 9174
[LOG 11:05:08.287] [GenericAppFrame] Reposition 0.02 9174
[LOG 11:05:08.538] [KSPDiagQuadSeams] 60 seam(s) between 49 quad(s) of level 11 and 23 coarser one(s); 480 shared vertices, gap mean 496.738 mm, max 1275.793 mm; largest on Kerbin Zn32010323113 (East, level 11) against Kerbin Zn3201033200 (West, level 10), where the finer quad is 1118.789 mm above the coarser one and 613.156 mm beside it, 36.7 km from the active vessel
[LOG 11:05:08.542] [PlanetariumCamera]: Focus: Diag3-Rocket
[LOG 11:05:08.578] [UIApp] Adding ResourceDisplay to Application Launcher
[LOG 11:05:08.579] [UIApp] Adding ResourceDisplay to Application Launcher
[LOG 11:05:08.590] [ResourceDisplay] OnAppStarted(): id: -392218
[LOG 11:05:08.591] [GenericAppFrame] Reposition 0.1518702 9178
[LOG 11:05:08.591] [ResourceDisplay] OnAppStarted(): id: 264390
[LOG 11:05:08.591] ResourceDisplay already exist, destroying this instance
[LOG 11:05:08.591] [UIApp] OnDestroy: ResourceDisplay
[LOG 11:05:08.606] [UIApp] Adding AlarmClock to Application Launcher
[LOG 11:05:08.607] [UIApp] Adding ActionGroupsApp to Application Launcher
[LOG 11:05:08.608] [UIApp] Adding Missions App to Application Launcher
[LOG 11:05:08.609] CURRENCY WIDGET False False False
[LOG 11:05:08.612] [UIApp] OnDestroy: CurrencyWidgetsApp
[LOG 11:05:08.645] [GenericAppFrame] Reposition 0.180166 9180
[LOG 11:05:08.647] [ActionGroupsApp] OnAppStarted(): id: -392242
[LOG 11:05:08.648] [GenericAppFrame] Reposition 0.180166 9180
[LOG 11:05:08.649] [UIApp] Adding DeltaVApp to Application Launcher
[LOG 11:05:08.651] [MissionsApp] OnAppStarted(): id: -392230
[LOG 11:05:08.652] MissionsApp does not execute in this game mode, destroying this instance
[LOG 11:05:08.652] [UIApp] OnDestroy: Missions App
[LOG 11:05:08.661] [GenericAppFrame] Reposition 0.220166 9181
[LOG 11:05:08.671] [UIApp] Adding Cargo to Application Launcher
[LOG 11:05:08.673] [UIApp] Adding Construction to Application Launcher
[LOG 11:05:08.674] [UIApp] Adding KSPedia to Application Launcher
[WRN 11:05:08.685] HighlightingSystem : Framebuffer depth data is not available and can't be used to occlude highlighting. Highlighting occluders enabled.
[LOG 11:05:08.695] [UIApp] Adding ManeuverTool to Application Launcher
[LOG 11:05:08.697] [ApplicationLauncher] SetHidden: 
[LOG 11:05:08.709] [GenericAppFrame] Reposition 0.2662595 9184
[LOG 11:05:08.718] [ManeuverTool]: Found 1 transfer types
[LOG 11:05:08.765] Flight State Captured
[LOG 11:05:08.765] Saving Achievements Tree...
[LOG 11:05:08.766] [MessageSystem] Save Messages
[LOG 11:05:08.798] Game State Saved as persistent
[LOG 11:05:08.894] [Kopernicus] AtmosphereFixer => Patched AtmosphereFromGround for Uranus
[LOG 11:05:08.894] [Kopernicus] AtmosphereFixer => Patched AtmosphereFromGround for Titan
[LOG 11:05:08.894] [Kopernicus] AtmosphereFixer => Patched AtmosphereFromGround for Saturn
[LOG 11:05:08.894] [Kopernicus] AtmosphereFixer => Patched AtmosphereFromGround for Jupiter
[LOG 11:05:08.894] [Kopernicus] AtmosphereFixer => Patched AtmosphereFromGround for Mars
[LOG 11:05:08.894] [Kopernicus] AtmosphereFixer => Patched AtmosphereFromGround for Earth
[LOG 11:05:08.894] [Kopernicus] AtmosphereFixer => Patched AtmosphereFromGround for Venus
[LOG 11:05:09.362] [RealSolarSystem] Watchdog: Setting camera Camera 00 far clip to 1875000 so camera now has 1875000
[LOG 11:05:09.726] Unpacking Diag3-Rocket
[LOG 11:05:09.729] [RSS-VGPE] Vessel going off rails in PRELAUNCH, skipping 100 frames on CollisionEnhancer.
[LOG 11:05:09.757] [UIMasterController]: ShowUI
[LOG 11:05:13.908] [MessageSystem] Load Messages
[LOG 11:05:13.910] [UIMasterController]: HideUI
[LOG 11:05:13.954] [HighLogic]: =========================== Scene Change : From FLIGHT to FLIGHT =====================
[LOG 11:05:13.972] [Kopernicus] Delaying ResetAndWait of body Charon until scene switch is complete
[LOG 11:05:13.972] [Kopernicus] Delaying ResetAndWait of body Pluto until scene switch is complete
[LOG 11:05:13.972] [Kopernicus] Delaying ResetAndWait of body Triton until scene switch is complete
[LOG 11:05:13.972] [Kopernicus] Delaying ResetAndWait of body Neptune until scene switch is complete
[LOG 11:05:13.972] [Kopernicus] Delaying ResetAndWait of body Neptune until scene switch is complete
[LOG 11:05:13.972] [Kopernicus] Delaying ResetAndWait of body Oberon until scene switch is complete
[LOG 11:05:13.972] [Kopernicus] Delaying ResetAndWait of body Titania until scene switch is complete
[LOG 11:05:13.972] [Kopernicus] Delaying ResetAndWait of body Umbriel until scene switch is complete
[LOG 11:05:13.972] [Kopernicus] Delaying ResetAndWait of body Ariel until scene switch is complete
[LOG 11:05:13.972] [Kopernicus] Delaying ResetAndWait of body Miranda until scene switch is complete
[LOG 11:05:13.972] [Kopernicus] Delaying ResetAndWait of body Uranus until scene switch is complete
[LOG 11:05:13.972] [Kopernicus] Delaying ResetAndWait of body Uranus until scene switch is complete
[LOG 11:05:13.972] [Kopernicus] Delaying ResetAndWait of body Iapetus until scene switch is complete
[LOG 11:05:13.972] [Kopernicus] Delaying ResetAndWait of body Titan until scene switch is complete
[LOG 11:05:13.972] [Kopernicus] Delaying ResetAndWait of body Rhea until scene switch is complete
[LOG 11:05:13.972] [Kopernicus] Delaying ResetAndWait of body Dione until scene switch is complete
[LOG 11:05:13.972] [Kopernicus] Delaying ResetAndWait of body Tethys until scene switch is complete
[LOG 11:05:13.972] [Kopernicus] Delaying ResetAndWait of body Enceladus until scene switch is complete
[LOG 11:05:13.972] [Kopernicus] Delaying ResetAndWait of body Mimas until scene switch is complete
[LOG 11:05:13.972] [Kopernicus] Delaying ResetAndWait of body Saturn until scene switch is complete
[LOG 11:05:13.972] [Kopernicus] Delaying ResetAndWait of body Saturn until scene switch is complete
[LOG 11:05:13.972] [Kopernicus] Delaying ResetAndWait of body Callisto until scene switch is complete
[LOG 11:05:13.972] [Kopernicus] Delaying ResetAndWait of body Ganymede until scene switch is complete
[LOG 11:05:13.972] [Kopernicus] Delaying ResetAndWait of body Europa until scene switch is complete
[LOG 11:05:13.972] [Kopernicus] Delaying ResetAndWait of body Io until scene switch is complete
[LOG 11:05:13.972] [Kopernicus] Delaying ResetAndWait of body Jupiter until scene switch is complete
[LOG 11:05:13.972] [Kopernicus] Delaying ResetAndWait of body Jupiter until scene switch is complete
[LOG 11:05:13.972] [Kopernicus] Delaying ResetAndWait of body Ceres until scene switch is complete
[LOG 11:05:13.972] [Kopernicus] Delaying ResetAndWait of body Vesta until scene switch is complete
[LOG 11:05:13.972] [Kopernicus] Delaying ResetAndWait of body Deimos until scene switch is complete
[LOG 11:05:13.972] [Kopernicus] Delaying ResetAndWait of body Phobos until scene switch is complete
[LOG 11:05:13.972] [Kopernicus] Delaying ResetAndWait of body Mars until scene switch is complete
[LOG 11:05:13.972] [Kopernicus] Delaying ResetAndWait of body Moon until scene switch is complete
[LOG 11:05:13.972] [Kopernicus] Delaying ResetAndWait of body Venus until scene switch is complete
[LOG 11:05:13.973] [Kopernicus] Delaying ResetAndWait of body Mercury until scene switch is complete
[LOG 11:05:14.078] [UIApp] OnDestroy: AlarmClock
[LOG 11:05:14.089] KbApp.OnDestroy Planet Parameters
[LOG 11:05:14.089] [UIApp] OnDestroy: ActionGroupsApp
[LOG 11:05:14.090] [UIApp] OnDestroy: KSPedia
[LOG 11:05:14.090] [UIApp] OnDestroy: ManeuverTool
[LOG 11:05:14.090] KbApp.OnDestroy Planet Info
[LOG 11:05:14.091] [PlanetariumCamera]: Focus: Earth
[LOG 11:05:14.095] KbApp.OnDestroy Unowned Info
[LOG 11:05:14.096] [UIApp] OnDestroy: Cargo
[LOG 11:05:14.096] [UIApp] OnDestroy: DeltaVApp
[LOG 11:05:14.097] KbApp.OnDestroy Vessel Crew
[LOG 11:05:14.098] [UIApp] OnDestroy: ResourceDisplay
[LOG 11:05:14.098] KbApp.OnDestroy NullName
[LOG 11:05:14.098] KbApp.OnDestroy Vessel Info
[LOG 11:05:14.098] [UIApp] OnDestroy: Construction
[LOG 11:05:14.099] KbApp.OnDestroy Planet Resources
[LOG 11:05:14.101] [KSPCF:MemoryLeaks] Removed a OnMapExited callback owned by a destroyed Assembly-CSharp:NavBallToggle instance
[LOG 11:05:14.101] [KSPCF:MemoryLeaks] Removed a OnGameSettingsApplied callback owned by a destroyed Assembly-CSharp:VesselAutopilotUI instance
[LOG 11:05:14.101] [KSPCF:MemoryLeaks] Removed a onPartActionUICreate callback owned by a destroyed Assembly-CSharp:ModuleInventoryPart instance
[LOG 11:05:14.101] [KSPCF:MemoryLeaks] Removed a onModuleInventoryChanged callback owned by a destroyed Assembly-CSharp:ModuleInventoryPart instance
[LOG 11:05:14.101] [KSPCF:MemoryLeaks] Removed a OnEVAConstructionMode callback owned by a destroyed Assembly-CSharp:ModuleCargoPart instance
[LOG 11:05:14.102] [KSPCF:MemoryLeaks] Removed a OnEVAConstructionMode callback owned by a destroyed Assembly-CSharp:ModuleCargoPart instance
[LOG 11:05:14.102] [KSPCF:MemoryLeaks] Removed a OnEVAConstructionMode callback owned by a destroyed Assembly-CSharp:ModuleCargoPart instance
[LOG 11:05:14.102] [KSPCF:MemoryLeaks] Removed a OnEVAConstructionMode callback owned by a destroyed Assembly-CSharp:ModuleCargoPart instance
[LOG 11:05:14.102] [KSPCF:MemoryLeaks] Removed a OnEVAConstructionMode callback owned by a destroyed Assembly-CSharp:ModuleCargoPart instance
[LOG 11:05:14.102] [KSPCF:MemoryLeaks] Removed a OnEVAConstructionMode callback owned by a destroyed Assembly-CSharp:ModuleCargoPart instance
[LOG 11:05:14.102] [KSPCF:MemoryLeaks] Removed a OnEVAConstructionMode callback owned by a destroyed Assembly-CSharp:ModuleCargoPart instance
[LOG 11:05:14.102] [KSPCF:MemoryLeaks] Removed a OnEVAConstructionMode callback owned by a destroyed Assembly-CSharp:ModuleCargoPart instance
[LOG 11:05:14.102] [KSPCF:MemoryLeaks] Removed a OnEVAConstructionMode callback owned by a destroyed Assembly-CSharp:ModuleCargoPart instance
[LOG 11:05:14.102] [KSPCF:MemoryLeaks] Removed a OnEVAConstructionMode callback owned by a destroyed Assembly-CSharp:ModuleCargoPart instance
[LOG 11:05:14.102] [KSPCF:MemoryLeaks] Removed a OnEVAConstructionMode callback owned by a destroyed Assembly-CSharp:ModuleCargoPart instance
[LOG 11:05:14.102] [KSPCF:MemoryLeaks] Removed a OnEVAConstructionMode callback owned by a destroyed Assembly-CSharp:ModuleCargoPart instance
[LOG 11:05:14.102] [KSPCF:MemoryLeaks] Removed a OnEVAConstructionMode callback owned by a destroyed Assembly-CSharp:ModuleCargoPart instance
[LOG 11:05:14.102] [KSPCF:MemoryLeaks] Removed a OnEVAConstructionMode callback owned by a destroyed Assembly-CSharp:ModuleCargoPart instance
[LOG 11:05:14.102] [KSPCF:MemoryLeaks] Removed a OnEVAConstructionMode callback owned by a destroyed Assembly-CSharp:ModuleCargoPart instance
[LOG 11:05:14.102] [KSPCF:MemoryLeaks] Removed a OnEVAConstructionMode callback owned by a destroyed Assembly-CSharp:ModuleCargoPart instance
[LOG 11:05:14.102] [KSPCF:MemoryLeaks] Removed a OnEVAConstructionMode callback owned by a destroyed Assembly-CSharp:ModuleCargoPart instance
[LOG 11:05:14.102] [KSPCF:MemoryLeaks] Removed a OnEVAConstructionMode callback owned by a destroyed Assembly-CSharp:ModuleCargoPart instance
[LOG 11:05:14.102] [KSPCF:MemoryLeaks] Removed a OnDestructibleLoaded callback owned by a destroyed Assembly-CSharp:RunwayCollisionHandler instance
[LOG 11:05:14.102] [KSPCF:MemoryLeaks] Removed a OnClick callback owned by a destroyed Assembly-CSharp:EVAConstructionModeEditor instance
[LOG 11:05:14.103] [KSPCF:MemoryLeaks] Removed a TimingManager.Instance.timing5.onLateUpdate callback owned by a destroyed Assembly-CSharp:MapView instance
[LOG 11:05:14.103] [KSPCF:MemoryLeaks] Leaving scene "Flight", cleaned 73 memory leaks in 0.002s. GameEvents callbacks : 745. Allocated memory : 726.477 MiB (managed heap), 2.211 GiB (unmanaged)
[LOG 11:05:14.110] UICanvasPrefabSpawner FlightUI spawning Flight
[LOG 11:05:14.123] UICanvasPrefabSpawner FlightUI spawning VesselLabels
[LOG 11:05:14.124] [UiApp] Awake: ResourceDisplay
[LOG 11:05:14.182] [AddonLoader]: Instantiating addon 'AeroGUI' from assembly 'KSP'
[LOG 11:05:14.191] [AddonLoader]: Instantiating addon 'ToolbarButton' from assembly 'Kopernicus'
[LOG 11:05:14.191] [AddonLoader]: Instantiating addon 'ShadowMan' from assembly 'Kopernicus'
[LOG 11:05:14.191] [AddonLoader]: Instantiating addon 'RenderTypeFixer' from assembly 'Kopernicus'
[LOG 11:05:14.191] [AddonLoader]: Instantiating addon 'AtmosphereFixer' from assembly 'Kopernicus'
[LOG 11:05:14.191] [AddonLoader]: Instantiating addon 'SinkingBugFix' from assembly 'Kopernicus'
[LOG 11:05:14.191] [AddonLoader]: Instantiating addon 'KSPDiagQuadSeams' from assembly 'KSPDiagQuadSeams'
[LOG 11:05:14.191] [KSPDiagQuadSeams] shader Hidden/Internal-Colored, depth test settable: True
[LOG 11:05:14.192] [AddonLoader]: Instantiating addon 'RealSolarSystemEditor' from assembly 'RealSolarSystem'
[LOG 11:05:14.192] [AddonLoader]: Instantiating addon 'RSSRunwayFix' from assembly 'RealSolarSystem'
[LOG 11:05:14.192] [AddonLoader]: Instantiating addon 'TimeWarpFixer' from assembly 'RealSolarSystem'
[LOG 11:05:14.192] [AddonLoader]: Instantiating addon 'VesselGroundPositionEnhancer' from assembly 'RealSolarSystem'
[LOG 11:05:14.192] [AddonLoader]: Instantiating addon 'RSSWatchDog' from assembly 'RealSolarSystem'
[LOG 11:05:14.192] [PlanetariumCamera]: Focus: Earth
[LOG 11:05:14.192] [UIMasterController]: HideUI
[LOG 11:05:14.418] [UIMasterController]: HideUI
[LOG 11:05:14.418] ------------------- initializing flight mode... ------------------
[LOG 11:05:14.419] GetSubclassesOfParentClass: Using cached results for AlarmTypeBase
[LOG 11:05:14.419] Loading Depletion Nodes
[LOG 11:05:14.419] DepNodeCount:  0
[LOG 11:05:14.419] Loading Biome Nodes
[LOG 11:05:14.419] BiomeNodeCount:  0
[LOG 11:05:14.419] Loading Planet Nodes
[LOG 11:05:14.419] PlanetNodeCount:  0
[LOG 11:05:14.420] [ScenarioDestructibles]: Loading... 0 objects registered
[LOG 11:05:14.444] Target vessel index: 18  vessel count: 19
[LOG 11:05:14.444] [FLIGHT GLOBALS]: Switching To Vessel Diag3-Rocket ---------------------- 
[LOG 11:05:14.444] setting new dominant body: Earth
FlightGlobals.mainBody: Earth
[LOG 11:05:14.444] Reference Frame: Rotating
[WRN 11:05:14.451] [Part]: Cannot have ModuleCargoPart and ModuleInventoryPart on same Part [Diag3-Rocket (unloaded)'. Removed ModuleCargoPart
[LOG 11:05:14.463] [Diag3-Rocket]: landed - waiting for ground contact to resume physics...
[LOG 11:05:14.464] Camera Mode: AUTO
[LOG 11:05:15.578] all systems started
[LOG 11:05:15.611] [ModularFlightIntegrator] MFI Start
[LOG 11:05:15.611] [ModularFlightIntegrator] Start. VesselModule on vessel : 
  ModularFlightIntegrator
  AxisGroupsModule
  CometVessel
  SuspensionLoadBalancer
  CommNetVessel

[LOG 11:05:15.613] [Kopernicus] Using Kopernicus Discoverable Object Spawner.
[LOG 11:05:15.658] [ShadowMan][Info] Running in unified camera mode
[LOG 11:05:15.658] [ShadowMan][Debug] Adding TweakShadowCascades: (0.002, 0.015, 0.035) to Camera Camera 00
[LOG 11:05:15.658] [ShadowMan][Debug] Default split: (0.050, 0.152, 0.264)
[LOG 11:05:15.659] [ShadowMan][Debug] Setting shadowmap resolution to: 8192 on SunLight
[LOG 11:05:15.666] [ShadowMan][Debug] Found rings for Saturn
[LOG 11:05:15.669] [ShadowMan][Debug] Kopernicus.ShadowMan setup done
[LOG 11:05:15.677] [KSPDiagQuadSeams] body Earth, radius 6371000 m, highest subdivision level 11, 15 vertices by side
[LOG 11:05:15.678] [KSPDiagQuadSeams] after an origin shift: 40 seam(s) between 32 quad(s) of level 11 and 16 coarser one(s); 320 shared vertices, gap mean 1595.246 mm, max 2442.547 mm; largest on Kerbin Zn32010320333 (East, level 11) against Kerbin Zn3201032122 (West, level 10), where the finer quad is 2141.854 mm below the coarser one and 1174.094 mm beside it, 10.2 km from the active vessel
[LOG 11:05:15.679] [RealSolarSystem] Setting TimeWarp rates...
[LOG 11:05:15.709] [UiApp] Awake: CurrencyWidgetsApp
[LOG 11:05:15.709] [UiApp] Awake: ResourceDisplay
[LOG 11:05:15.709] [UiApp] Awake: KSPedia
[LOG 11:05:15.709] [UiApp] Awake: Missions App
[LOG 11:05:15.709] [UiApp] Awake: DeltaVApp
[LOG 11:05:15.709] [UiApp] Awake: ActionGroupsApp
[LOG 11:05:15.709] [UiApp] Awake: Construction
[LOG 11:05:15.709] [UiApp] Awake: Cargo
[LOG 11:05:15.709] [UiApp] Awake: AlarmClock
[LOG 11:05:15.709] [UiApp] Awake: ManeuverTool
[LOG 11:05:15.709] [ApplicationLauncher] OnSceneLoadedGUIReady: scene FLIGHT ShouldBeVisible() True ShouldBeOnTop() True iIsPositionedAtTop True
[LOG 11:05:15.712] [KnowledgeBase] OnAppLauncherReady 9523
[LOG 11:05:15.717] [Kopernicus]: StarLightSwitcher: Set active star => Sun
[LOG 11:05:15.809] [UIApp] OnDestroy: Contracts
[LOG 11:05:15.820] [FlightIntegrator]: Reloaded drag cube for zeroed cube root part mk1pod.v2 (Diag3-Rocket) on vessel Diag3-Rocket
[LOG 11:05:15.822] [MessageSystem] Reposition 0.02 9524
[LOG 11:05:15.822] [GenericAppFrame] Reposition 0.02 9524
[LOG 11:05:15.822] [GenericAppFrame] Reposition 0.02 9524
[LOG 11:05:15.974] [KSPDiagQuadSeams] 60 seam(s) between 49 quad(s) of level 11 and 23 coarser one(s); 480 shared vertices, gap mean 1644.637 mm, max 2403.845 mm; largest on Kerbin Zn32010323303 (East, level 11) against Kerbin Zn3201032331 (West, level 10), where the finer quad is 2104.431 mm below the coarser one and 1161.826 mm beside it, 40.4 km from the active vessel
[LOG 11:05:15.975] [PlanetariumCamera]: Focus: Diag3-Rocket
[LOG 11:05:15.988] [UIApp] Adding ResourceDisplay to Application Launcher
[LOG 11:05:15.989] [UIApp] Adding ResourceDisplay to Application Launcher
[LOG 11:05:15.998] [ResourceDisplay] OnAppStarted(): id: -439696
[LOG 11:05:15.999] [GenericAppFrame] Reposition 0.1254818 9528
[LOG 11:05:15.999] [ResourceDisplay] OnAppStarted(): id: 264522
[LOG 11:05:15.999] ResourceDisplay already exist, destroying this instance
[LOG 11:05:15.999] [UIApp] OnDestroy: ResourceDisplay
[LOG 11:05:16.016] [UIApp] Adding AlarmClock to Application Launcher
[LOG 11:05:16.017] [UIApp] Adding ActionGroupsApp to Application Launcher
[LOG 11:05:16.017] [UIApp] Adding Missions App to Application Launcher
[LOG 11:05:16.018] CURRENCY WIDGET False False False
[LOG 11:05:16.021] [UIApp] OnDestroy: CurrencyWidgetsApp
[LOG 11:05:16.037] [GenericAppFrame] Reposition 0.1559532 9530
[LOG 11:05:16.039] [ActionGroupsApp] OnAppStarted(): id: -439720
[LOG 11:05:16.039] [GenericAppFrame] Reposition 0.1559532 9530
[LOG 11:05:16.039] [UIApp] Adding DeltaVApp to Application Launcher
[LOG 11:05:16.041] [MissionsApp] OnAppStarted(): id: -439708
[LOG 11:05:16.041] MissionsApp does not execute in this game mode, destroying this instance
[LOG 11:05:16.041] [UIApp] OnDestroy: Missions App
[LOG 11:05:16.050] [GenericAppFrame] Reposition 0.1775304 9531
[LOG 11:05:16.059] [UIApp] Adding Cargo to Application Launcher
[LOG 11:05:16.061] [UIApp] Adding Construction to Application Launcher
[LOG 11:05:16.062] [UIApp] Adding KSPedia to Application Launcher
[LOG 11:05:16.071] [UIApp] Adding ManeuverTool to Application Launcher
[LOG 11:05:16.072] [ApplicationLauncher] SetHidden: 
[LOG 11:05:16.089] [GenericAppFrame] Reposition 0.2137394 9534
[LOG 11:05:16.099] [ManeuverTool]: Found 1 transfer types
[LOG 11:05:16.137] Flight State Captured
[LOG 11:05:16.137] Saving Achievements Tree...
[LOG 11:05:16.137] [MessageSystem] Save Messages
[LOG 11:05:16.167] Game State Saved as persistent
[LOG 11:05:16.332] [Kopernicus] AtmosphereFixer => Patched AtmosphereFromGround for Uranus
[LOG 11:05:16.332] [Kopernicus] AtmosphereFixer => Patched AtmosphereFromGround for Titan
[LOG 11:05:16.332] [Kopernicus] AtmosphereFixer => Patched AtmosphereFromGround for Saturn
[LOG 11:05:16.332] [Kopernicus] AtmosphereFixer => Patched AtmosphereFromGround for Jupiter
[LOG 11:05:16.332] [Kopernicus] AtmosphereFixer => Patched AtmosphereFromGround for Mars
[LOG 11:05:16.332] [Kopernicus] AtmosphereFixer => Patched AtmosphereFromGround for Earth
[LOG 11:05:16.332] [Kopernicus] AtmosphereFixer => Patched AtmosphereFromGround for Venus
[LOG 11:05:16.799] [RealSolarSystem] Watchdog: Setting camera Camera 00 far clip to 1875000 so camera now has 1875000
[LOG 11:05:17.085] [Diag3-Rocket]: ground contact! - error. Moving Vessel  up 0.896m
[LOG 11:05:17.085] Unpacking Diag3-Rocket
[LOG 11:05:17.086] [RSS-VGPE] Vessel going off rails in PRELAUNCH, skipping 100 frames on CollisionEnhancer.
[LOG 11:05:17.099] [UIMasterController]: ShowUI
[LOG 11:05:21.256] [MessageSystem] Load Messages
[LOG 11:05:21.257] [UIMasterController]: HideUI
[LOG 11:05:21.298] [HighLogic]: =========================== Scene Change : From FLIGHT to FLIGHT =====================
[LOG 11:05:21.298] [Kopernicus] Delaying ResetAndWait of body Charon until scene switch is complete
[LOG 11:05:21.298] [Kopernicus] Delaying ResetAndWait of body Pluto until scene switch is complete
[LOG 11:05:21.299] [Kopernicus] Delaying ResetAndWait of body Triton until scene switch is complete
[LOG 11:05:21.299] [Kopernicus] Delaying ResetAndWait of body Neptune until scene switch is complete
[LOG 11:05:21.299] [Kopernicus] Delaying ResetAndWait of body Neptune until scene switch is complete
[LOG 11:05:21.299] [Kopernicus] Delaying ResetAndWait of body Oberon until scene switch is complete
[LOG 11:05:21.299] [Kopernicus] Delaying ResetAndWait of body Titania until scene switch is complete
[LOG 11:05:21.299] [Kopernicus] Delaying ResetAndWait of body Umbriel until scene switch is complete
[LOG 11:05:21.299] [Kopernicus] Delaying ResetAndWait of body Ariel until scene switch is complete
[LOG 11:05:21.299] [Kopernicus] Delaying ResetAndWait of body Miranda until scene switch is complete
[LOG 11:05:21.299] [Kopernicus] Delaying ResetAndWait of body Uranus until scene switch is complete
[LOG 11:05:21.299] [Kopernicus] Delaying ResetAndWait of body Uranus until scene switch is complete
[LOG 11:05:21.299] [Kopernicus] Delaying ResetAndWait of body Iapetus until scene switch is complete
[LOG 11:05:21.299] [Kopernicus] Delaying ResetAndWait of body Titan until scene switch is complete
[LOG 11:05:21.299] [Kopernicus] Delaying ResetAndWait of body Rhea until scene switch is complete
[LOG 11:05:21.299] [Kopernicus] Delaying ResetAndWait of body Dione until scene switch is complete
[LOG 11:05:21.299] [Kopernicus] Delaying ResetAndWait of body Tethys until scene switch is complete
[LOG 11:05:21.299] [Kopernicus] Delaying ResetAndWait of body Enceladus until scene switch is complete
[LOG 11:05:21.299] [Kopernicus] Delaying ResetAndWait of body Mimas until scene switch is complete
[LOG 11:05:21.299] [Kopernicus] Delaying ResetAndWait of body Saturn until scene switch is complete
[LOG 11:05:21.299] [Kopernicus] Delaying ResetAndWait of body Saturn until scene switch is complete
[LOG 11:05:21.299] [Kopernicus] Delaying ResetAndWait of body Callisto until scene switch is complete
[LOG 11:05:21.299] [Kopernicus] Delaying ResetAndWait of body Ganymede until scene switch is complete
[LOG 11:05:21.299] [Kopernicus] Delaying ResetAndWait of body Europa until scene switch is complete
[LOG 11:05:21.299] [Kopernicus] Delaying ResetAndWait of body Io until scene switch is complete
[LOG 11:05:21.299] [Kopernicus] Delaying ResetAndWait of body Jupiter until scene switch is complete
[LOG 11:05:21.299] [Kopernicus] Delaying ResetAndWait of body Jupiter until scene switch is complete
[LOG 11:05:21.299] [Kopernicus] Delaying ResetAndWait of body Ceres until scene switch is complete
[LOG 11:05:21.299] [Kopernicus] Delaying ResetAndWait of body Vesta until scene switch is complete
[LOG 11:05:21.299] [Kopernicus] Delaying ResetAndWait of body Deimos until scene switch is complete
[LOG 11:05:21.299] [Kopernicus] Delaying ResetAndWait of body Phobos until scene switch is complete
[LOG 11:05:21.299] [Kopernicus] Delaying ResetAndWait of body Mars until scene switch is complete
[LOG 11:05:21.299] [Kopernicus] Delaying ResetAndWait of body Moon until scene switch is complete
[LOG 11:05:21.299] [Kopernicus] Delaying ResetAndWait of body Venus until scene switch is complete
[LOG 11:05:21.299] [Kopernicus] Delaying ResetAndWait of body Mercury until scene switch is complete
[LOG 11:05:21.418] [PlanetariumCamera]: Focus: Earth
[LOG 11:05:21.418] [UIApp] OnDestroy: DeltaVApp
[LOG 11:05:21.419] [UIApp] OnDestroy: Construction
[LOG 11:05:21.419] [UIApp] OnDestroy: KSPedia
[LOG 11:05:21.419] KbApp.OnDestroy Planet Info
[LOG 11:05:21.419] [UIApp] OnDestroy: ActionGroupsApp
[LOG 11:05:21.419] [UIApp] OnDestroy: ManeuverTool
[LOG 11:05:21.419] KbApp.OnDestroy Planet Parameters
[LOG 11:05:21.419] KbApp.OnDestroy NullName
[LOG 11:05:21.419] KbApp.OnDestroy Vessel Info
[LOG 11:05:21.419] [UIApp] OnDestroy: ResourceDisplay
[LOG 11:05:21.419] KbApp.OnDestroy Planet Resources
[LOG 11:05:21.419] [UIApp] OnDestroy: Cargo
[LOG 11:05:21.421] KbApp.OnDestroy Unowned Info
[LOG 11:05:21.421] [UIApp] OnDestroy: AlarmClock
[LOG 11:05:21.422] KbApp.OnDestroy Vessel Crew
[LOG 11:05:21.423] [KSPCF:MemoryLeaks] Removed a OnMapExited callback owned by a destroyed Assembly-CSharp:NavBallToggle instance
[LOG 11:05:21.423] [KSPCF:MemoryLeaks] Removed a OnGameSettingsApplied callback owned by a destroyed Assembly-CSharp:VesselAutopilotUI instance
[LOG 11:05:21.423] [KSPCF:MemoryLeaks] Removed a onPartActionUICreate callback owned by a destroyed Assembly-CSharp:ModuleInventoryPart instance
[LOG 11:05:21.424] [KSPCF:MemoryLeaks] Removed a onModuleInventoryChanged callback owned by a destroyed Assembly-CSharp:ModuleInventoryPart instance
[LOG 11:05:21.424] [KSPCF:MemoryLeaks] Removed a OnDestructibleLoaded callback owned by a destroyed Assembly-CSharp:RunwayCollisionHandler instance
[LOG 11:05:21.424] [KSPCF:MemoryLeaks] Removed a OnClick callback owned by a destroyed Assembly-CSharp:EVAConstructionModeEditor instance
[LOG 11:05:21.425] [KSPCF:MemoryLeaks] Removed a TimingManager.Instance.timing5.onLateUpdate callback owned by a destroyed Assembly-CSharp:MapView instance
[LOG 11:05:21.425] [KSPCF:MemoryLeaks] Leaving scene "Flight", cleaned 55 memory leaks in 0.002s. GameEvents callbacks : 745. Allocated memory : 727.074 MiB (managed heap), 2.215 GiB (unmanaged)
[LOG 11:05:21.429] UICanvasPrefabSpawner FlightUI spawning Flight
[LOG 11:05:21.443] UICanvasPrefabSpawner FlightUI spawning VesselLabels
[LOG 11:05:21.443] [UiApp] Awake: ResourceDisplay
[LOG 11:05:21.504] [AddonLoader]: Instantiating addon 'AeroGUI' from assembly 'KSP'
[LOG 11:05:21.512] [AddonLoader]: Instantiating addon 'ToolbarButton' from assembly 'Kopernicus'
[LOG 11:05:21.513] [AddonLoader]: Instantiating addon 'ShadowMan' from assembly 'Kopernicus'
[LOG 11:05:21.513] [AddonLoader]: Instantiating addon 'RenderTypeFixer' from assembly 'Kopernicus'
[LOG 11:05:21.513] [AddonLoader]: Instantiating addon 'AtmosphereFixer' from assembly 'Kopernicus'
[LOG 11:05:21.513] [AddonLoader]: Instantiating addon 'SinkingBugFix' from assembly 'Kopernicus'
[LOG 11:05:21.513] [AddonLoader]: Instantiating addon 'KSPDiagQuadSeams' from assembly 'KSPDiagQuadSeams'
[LOG 11:05:21.514] [KSPDiagQuadSeams] shader Hidden/Internal-Colored, depth test settable: True
[LOG 11:05:21.514] [AddonLoader]: Instantiating addon 'RealSolarSystemEditor' from assembly 'RealSolarSystem'
[LOG 11:05:21.514] [AddonLoader]: Instantiating addon 'RSSRunwayFix' from assembly 'RealSolarSystem'
[LOG 11:05:21.514] [AddonLoader]: Instantiating addon 'TimeWarpFixer' from assembly 'RealSolarSystem'
[LOG 11:05:21.514] [AddonLoader]: Instantiating addon 'VesselGroundPositionEnhancer' from assembly 'RealSolarSystem'
[LOG 11:05:21.514] [AddonLoader]: Instantiating addon 'RSSWatchDog' from assembly 'RealSolarSystem'
[LOG 11:05:21.514] [PlanetariumCamera]: Focus: Earth
[LOG 11:05:21.515] [UIMasterController]: HideUI
[LOG 11:05:21.736] [UIMasterController]: HideUI
[LOG 11:05:21.736] ------------------- initializing flight mode... ------------------
[LOG 11:05:21.736] GetSubclassesOfParentClass: Using cached results for AlarmTypeBase
[LOG 11:05:21.737] Loading Depletion Nodes
[LOG 11:05:21.737] DepNodeCount:  0
[LOG 11:05:21.737] Loading Biome Nodes
[LOG 11:05:21.737] BiomeNodeCount:  0
[LOG 11:05:21.737] Loading Planet Nodes
[LOG 11:05:21.737] PlanetNodeCount:  0
[LOG 11:05:21.738] [ScenarioDestructibles]: Loading... 0 objects registered
[LOG 11:05:21.762] Target vessel index: 18  vessel count: 19
[LOG 11:05:21.762] [FLIGHT GLOBALS]: Switching To Vessel Diag3-Rocket ---------------------- 
[LOG 11:05:21.762] setting new dominant body: Earth
FlightGlobals.mainBody: Earth
[LOG 11:05:21.762] Reference Frame: Rotating
[WRN 11:05:21.768] [Part]: Cannot have ModuleCargoPart and ModuleInventoryPart on same Part [Diag3-Rocket (unloaded)'. Removed ModuleCargoPart
[LOG 11:05:21.777] [Diag3-Rocket]: landed - waiting for ground contact to resume physics...
[LOG 11:05:21.778] Camera Mode: AUTO
[LOG 11:05:22.898] all systems started
[LOG 11:05:22.931] [ModularFlightIntegrator] MFI Start
[LOG 11:05:22.931] [ModularFlightIntegrator] Start. VesselModule on vessel : 
  ModularFlightIntegrator
  AxisGroupsModule
  CometVessel
  SuspensionLoadBalancer
  CommNetVessel

[LOG 11:05:22.933] [Kopernicus] Using Kopernicus Discoverable Object Spawner.
[LOG 11:05:22.979] [ShadowMan][Info] Running in unified camera mode
[LOG 11:05:22.979] [ShadowMan][Debug] Adding TweakShadowCascades: (0.002, 0.015, 0.035) to Camera Camera 00
[LOG 11:05:22.979] [ShadowMan][Debug] Default split: (0.050, 0.152, 0.264)
[LOG 11:05:22.979] [ShadowMan][Debug] Setting shadowmap resolution to: 8192 on SunLight
[LOG 11:05:22.987] [ShadowMan][Debug] Found rings for Saturn
[LOG 11:05:22.991] [ShadowMan][Debug] Kopernicus.ShadowMan setup done
[LOG 11:05:23.002] [KSPDiagQuadSeams] body Earth, radius 6371000 m, highest subdivision level 11, 15 vertices by side
[LOG 11:05:23.002] [KSPDiagQuadSeams] after an origin shift: 40 seam(s) between 33 quad(s) of level 11 and 17 coarser one(s); 320 shared vertices, gap mean 376.897 mm, max 1171.781 mm; largest on Kerbin Zn32010320333 (East, level 11) against Kerbin Zn3201032122 (West, level 10), where the finer quad is 986.288 mm above the coarser one and 632.699 mm beside it, 11.6 km from the active vessel
[LOG 11:05:23.004] [RealSolarSystem] Setting TimeWarp rates...
[LOG 11:05:23.032] [UiApp] Awake: CurrencyWidgetsApp
[LOG 11:05:23.032] [UiApp] Awake: ResourceDisplay
[LOG 11:05:23.032] [UiApp] Awake: KSPedia
[LOG 11:05:23.032] [UiApp] Awake: Missions App
[LOG 11:05:23.032] [UiApp] Awake: DeltaVApp
[LOG 11:05:23.032] [UiApp] Awake: ActionGroupsApp
[LOG 11:05:23.032] [UiApp] Awake: Construction
[LOG 11:05:23.033] [UiApp] Awake: Cargo
[LOG 11:05:23.033] [UiApp] Awake: AlarmClock
[LOG 11:05:23.033] [UiApp] Awake: ManeuverTool
[LOG 11:05:23.033] [ApplicationLauncher] OnSceneLoadedGUIReady: scene FLIGHT ShouldBeVisible() True ShouldBeOnTop() True iIsPositionedAtTop True
[LOG 11:05:23.034] [KnowledgeBase] OnAppLauncherReady 9875
[LOG 11:05:23.039] [Kopernicus]: StarLightSwitcher: Set active star => Sun
[LOG 11:05:23.133] [UIApp] OnDestroy: Contracts
[LOG 11:05:23.143] [FlightIntegrator]: Reloaded drag cube for zeroed cube root part mk1pod.v2 (Diag3-Rocket) on vessel Diag3-Rocket
[LOG 11:05:23.145] [MessageSystem] Reposition 0.02 9876
[LOG 11:05:23.145] [GenericAppFrame] Reposition 0.02 9876
[LOG 11:05:23.145] [GenericAppFrame] Reposition 0.02 9876
[LOG 11:05:23.295] [KSPDiagQuadSeams] 60 seam(s) between 49 quad(s) of level 11 and 23 coarser one(s); 480 shared vertices, gap mean 392.518 mm, max 1070.221 mm; largest on Kerbin Zn32010321101 (South, level 11) against Kerbin Zn3201030332 (North, level 10), where the finer quad is 884.184 mm above the coarser one and 602.986 mm beside it, 37.4 km from the active vessel
[LOG 11:05:23.297] [PlanetariumCamera]: Focus: Diag3-Rocket
[LOG 11:05:23.309] [UIApp] Adding ResourceDisplay to Application Launcher
[LOG 11:05:23.311] [UIApp] Adding ResourceDisplay to Application Launcher
[LOG 11:05:23.320] [ResourceDisplay] OnAppStarted(): id: -487018
[LOG 11:05:23.321] [GenericAppFrame] Reposition 0.126399 9880
[LOG 11:05:23.321] [ResourceDisplay] OnAppStarted(): id: 264654
[LOG 11:05:23.321] ResourceDisplay already exist, destroying this instance
[LOG 11:05:23.321] [UIApp] OnDestroy: ResourceDisplay
[LOG 11:05:23.337] [UIApp] Adding AlarmClock to Application Launcher
[LOG 11:05:23.337] [UIApp] Adding ActionGroupsApp to Application Launcher
[LOG 11:05:23.338] [UIApp] Adding Missions App to Application Launcher
[LOG 11:05:23.339] CURRENCY WIDGET False False False
[LOG 11:05:23.342] [UIApp] OnDestroy: CurrencyWidgetsApp
[LOG 11:05:23.360] [GenericAppFrame] Reposition 0.1556653 9882
[LOG 11:05:23.361] [ActionGroupsApp] OnAppStarted(): id: -487042
[LOG 11:05:23.362] [GenericAppFrame] Reposition 0.1556653 9882
[LOG 11:05:23.362] [UIApp] Adding DeltaVApp to Application Launcher
[LOG 11:05:23.363] [MissionsApp] OnAppStarted(): id: -487030
[LOG 11:05:23.363] MissionsApp does not execute in this game mode, destroying this instance
[LOG 11:05:23.363] [UIApp] OnDestroy: Missions App
[LOG 11:05:23.376] [GenericAppFrame] Reposition 0.1805747 9883
[LOG 11:05:23.387] [UIApp] Adding Cargo to Application Launcher
[LOG 11:05:23.388] [UIApp] Adding Construction to Application Launcher
[LOG 11:05:23.389] [UIApp] Adding KSPedia to Application Launcher
[LOG 11:05:23.401] [UIApp] Adding ManeuverTool to Application Launcher
[LOG 11:05:23.403] [ApplicationLauncher] SetHidden: 
[LOG 11:05:23.421] [GenericAppFrame] Reposition 0.2231241 9886
[LOG 11:05:23.432] [ManeuverTool]: Found 1 transfer types
[LOG 11:05:23.483] Flight State Captured
[LOG 11:05:23.483] Saving Achievements Tree...
[LOG 11:05:23.483] [MessageSystem] Save Messages
[LOG 11:05:23.516] Game State Saved as persistent
[LOG 11:05:23.647] [Kopernicus] AtmosphereFixer => Patched AtmosphereFromGround for Uranus
[LOG 11:05:23.647] [Kopernicus] AtmosphereFixer => Patched AtmosphereFromGround for Titan
[LOG 11:05:23.647] [Kopernicus] AtmosphereFixer => Patched AtmosphereFromGround for Saturn
[LOG 11:05:23.647] [Kopernicus] AtmosphereFixer => Patched AtmosphereFromGround for Jupiter
[LOG 11:05:23.647] [Kopernicus] AtmosphereFixer => Patched AtmosphereFromGround for Mars
[LOG 11:05:23.647] [Kopernicus] AtmosphereFixer => Patched AtmosphereFromGround for Earth
[LOG 11:05:23.647] [Kopernicus] AtmosphereFixer => Patched AtmosphereFromGround for Venus
[LOG 11:05:24.131] [RealSolarSystem] Watchdog: Setting camera Camera 00 far clip to 1875000 so camera now has 1875000
[LOG 11:05:24.425] [Diag3-Rocket]: ground contact! - error. Moving Vessel  up 0.151m
[LOG 11:05:24.425] Unpacking Diag3-Rocket
[LOG 11:05:24.426] [RSS-VGPE] Vessel going off rails in PRELAUNCH, skipping 100 frames on CollisionEnhancer.
[LOG 11:05:24.441] [UIMasterController]: ShowUI
[LOG 11:05:28.600] [MessageSystem] Load Messages
[LOG 11:05:28.601] [UIMasterController]: HideUI
[LOG 11:05:28.644] [HighLogic]: =========================== Scene Change : From FLIGHT to FLIGHT =====================
[LOG 11:05:28.645] [Kopernicus] Delaying ResetAndWait of body Charon until scene switch is complete
[LOG 11:05:28.645] [Kopernicus] Delaying ResetAndWait of body Pluto until scene switch is complete
[LOG 11:05:28.645] [Kopernicus] Delaying ResetAndWait of body Triton until scene switch is complete
[LOG 11:05:28.645] [Kopernicus] Delaying ResetAndWait of body Neptune until scene switch is complete
[LOG 11:05:28.645] [Kopernicus] Delaying ResetAndWait of body Neptune until scene switch is complete
[LOG 11:05:28.645] [Kopernicus] Delaying ResetAndWait of body Oberon until scene switch is complete
[LOG 11:05:28.645] [Kopernicus] Delaying ResetAndWait of body Titania until scene switch is complete
[LOG 11:05:28.645] [Kopernicus] Delaying ResetAndWait of body Umbriel until scene switch is complete
[LOG 11:05:28.645] [Kopernicus] Delaying ResetAndWait of body Ariel until scene switch is complete
[LOG 11:05:28.645] [Kopernicus] Delaying ResetAndWait of body Miranda until scene switch is complete
[LOG 11:05:28.645] [Kopernicus] Delaying ResetAndWait of body Uranus until scene switch is complete
[LOG 11:05:28.645] [Kopernicus] Delaying ResetAndWait of body Uranus until scene switch is complete
[LOG 11:05:28.645] [Kopernicus] Delaying ResetAndWait of body Iapetus until scene switch is complete
[LOG 11:05:28.645] [Kopernicus] Delaying ResetAndWait of body Titan until scene switch is complete
[LOG 11:05:28.645] [Kopernicus] Delaying ResetAndWait of body Rhea until scene switch is complete
[LOG 11:05:28.645] [Kopernicus] Delaying ResetAndWait of body Dione until scene switch is complete
[LOG 11:05:28.645] [Kopernicus] Delaying ResetAndWait of body Tethys until scene switch is complete
[LOG 11:05:28.645] [Kopernicus] Delaying ResetAndWait of body Enceladus until scene switch is complete
[LOG 11:05:28.645] [Kopernicus] Delaying ResetAndWait of body Mimas until scene switch is complete
[LOG 11:05:28.645] [Kopernicus] Delaying ResetAndWait of body Saturn until scene switch is complete
[LOG 11:05:28.645] [Kopernicus] Delaying ResetAndWait of body Saturn until scene switch is complete
[LOG 11:05:28.645] [Kopernicus] Delaying ResetAndWait of body Callisto until scene switch is complete
[LOG 11:05:28.645] [Kopernicus] Delaying ResetAndWait of body Ganymede until scene switch is complete
[LOG 11:05:28.645] [Kopernicus] Delaying ResetAndWait of body Europa until scene switch is complete
[LOG 11:05:28.645] [Kopernicus] Delaying ResetAndWait of body Io until scene switch is complete
[LOG 11:05:28.645] [Kopernicus] Delaying ResetAndWait of body Jupiter until scene switch is complete
[LOG 11:05:28.645] [Kopernicus] Delaying ResetAndWait of body Jupiter until scene switch is complete
[LOG 11:05:28.645] [Kopernicus] Delaying ResetAndWait of body Ceres until scene switch is complete
[LOG 11:05:28.645] [Kopernicus] Delaying ResetAndWait of body Vesta until scene switch is complete
[LOG 11:05:28.645] [Kopernicus] Delaying ResetAndWait of body Deimos until scene switch is complete
[LOG 11:05:28.646] [Kopernicus] Delaying ResetAndWait of body Phobos until scene switch is complete
[LOG 11:05:28.646] [Kopernicus] Delaying ResetAndWait of body Mars until scene switch is complete
[LOG 11:05:28.646] [Kopernicus] Delaying ResetAndWait of body Moon until scene switch is complete
[LOG 11:05:28.646] [Kopernicus] Delaying ResetAndWait of body Venus until scene switch is complete
[LOG 11:05:28.646] [Kopernicus] Delaying ResetAndWait of body Mercury until scene switch is complete
[LOG 11:05:28.760] KbApp.OnDestroy Unowned Info
[LOG 11:05:28.760] [PlanetariumCamera]: Focus: Earth
[LOG 11:05:28.761] KbApp.OnDestroy Vessel Crew
[LOG 11:05:28.761] [UIApp] OnDestroy: ResourceDisplay
[LOG 11:05:28.761] KbApp.OnDestroy Planet Resources
[LOG 11:05:28.761] [UIApp] OnDestroy: AlarmClock
[LOG 11:05:28.762] [UIApp] OnDestroy: DeltaVApp
[LOG 11:05:28.762] [UIApp] OnDestroy: Cargo
[LOG 11:05:28.762] KbApp.OnDestroy NullName
[LOG 11:05:28.762] KbApp.OnDestroy Vessel Info
[LOG 11:05:28.762] KbApp.OnDestroy Planet Parameters
[LOG 11:05:28.762] KbApp.OnDestroy Planet Info
[LOG 11:05:28.763] [UIApp] OnDestroy: KSPedia
[LOG 11:05:28.763] [UIApp] OnDestroy: ActionGroupsApp
[LOG 11:05:28.763] [UIApp] OnDestroy: ManeuverTool
[LOG 11:05:28.763] [UIApp] OnDestroy: Construction
[LOG 11:05:28.765] [KSPCF:MemoryLeaks] Removed a OnMapExited callback owned by a destroyed Assembly-CSharp:NavBallToggle instance
[LOG 11:05:28.765] [KSPCF:MemoryLeaks] Removed a OnGameSettingsApplied callback owned by a destroyed Assembly-CSharp:VesselAutopilotUI instance
[LOG 11:05:28.766] [KSPCF:MemoryLeaks] Removed a onPartActionUICreate callback owned by a destroyed Assembly-CSharp:ModuleInventoryPart instance
[LOG 11:05:28.766] [KSPCF:MemoryLeaks] Removed a onModuleInventoryChanged callback owned by a destroyed Assembly-CSharp:ModuleInventoryPart instance
[LOG 11:05:28.766] [KSPCF:MemoryLeaks] Removed a OnDestructibleLoaded callback owned by a destroyed Assembly-CSharp:RunwayCollisionHandler instance
[LOG 11:05:28.766] [KSPCF:MemoryLeaks] Removed a OnClick callback owned by a destroyed Assembly-CSharp:EVAConstructionModeEditor instance
[LOG 11:05:28.767] [KSPCF:MemoryLeaks] Removed a TimingManager.Instance.timing5.onLateUpdate callback owned by a destroyed Assembly-CSharp:MapView instance
[LOG 11:05:28.767] [KSPCF:MemoryLeaks] Leaving scene "Flight", cleaned 55 memory leaks in 0.002s. GameEvents callbacks : 745. Allocated memory : 729.215 MiB (managed heap), 2.219 GiB (unmanaged)
[LOG 11:05:28.771] UICanvasPrefabSpawner FlightUI spawning Flight
[LOG 11:05:28.783] UICanvasPrefabSpawner FlightUI spawning VesselLabels
[LOG 11:05:28.783] [UiApp] Awake: ResourceDisplay
[LOG 11:05:28.845] [AddonLoader]: Instantiating addon 'AeroGUI' from assembly 'KSP'
[LOG 11:05:28.853] [AddonLoader]: Instantiating addon 'ToolbarButton' from assembly 'Kopernicus'
[LOG 11:05:28.853] [AddonLoader]: Instantiating addon 'ShadowMan' from assembly 'Kopernicus'
[LOG 11:05:28.853] [AddonLoader]: Instantiating addon 'RenderTypeFixer' from assembly 'Kopernicus'
[LOG 11:05:28.853] [AddonLoader]: Instantiating addon 'AtmosphereFixer' from assembly 'Kopernicus'
[LOG 11:05:28.854] [AddonLoader]: Instantiating addon 'SinkingBugFix' from assembly 'Kopernicus'
[LOG 11:05:28.854] [AddonLoader]: Instantiating addon 'KSPDiagQuadSeams' from assembly 'KSPDiagQuadSeams'
[LOG 11:05:28.854] [KSPDiagQuadSeams] shader Hidden/Internal-Colored, depth test settable: True
[LOG 11:05:28.855] [AddonLoader]: Instantiating addon 'RealSolarSystemEditor' from assembly 'RealSolarSystem'
[LOG 11:05:28.855] [AddonLoader]: Instantiating addon 'RSSRunwayFix' from assembly 'RealSolarSystem'
[LOG 11:05:28.855] [AddonLoader]: Instantiating addon 'TimeWarpFixer' from assembly 'RealSolarSystem'
[LOG 11:05:28.855] [AddonLoader]: Instantiating addon 'VesselGroundPositionEnhancer' from assembly 'RealSolarSystem'
[LOG 11:05:28.855] [AddonLoader]: Instantiating addon 'RSSWatchDog' from assembly 'RealSolarSystem'
[LOG 11:05:28.855] [PlanetariumCamera]: Focus: Earth
[LOG 11:05:28.855] [UIMasterController]: HideUI
[LOG 11:05:29.092] [UIMasterController]: HideUI
[LOG 11:05:29.092] ------------------- initializing flight mode... ------------------
[LOG 11:05:29.093] GetSubclassesOfParentClass: Using cached results for AlarmTypeBase
[LOG 11:05:29.093] Loading Depletion Nodes
[LOG 11:05:29.093] DepNodeCount:  0
[LOG 11:05:29.093] Loading Biome Nodes
[LOG 11:05:29.093] BiomeNodeCount:  0
[LOG 11:05:29.093] Loading Planet Nodes
[LOG 11:05:29.093] PlanetNodeCount:  0
[LOG 11:05:29.094] [ScenarioDestructibles]: Loading... 0 objects registered
[LOG 11:05:29.121] Target vessel index: 18  vessel count: 19
[LOG 11:05:29.121] [FLIGHT GLOBALS]: Switching To Vessel Diag3-Rocket ---------------------- 
[LOG 11:05:29.121] setting new dominant body: Earth
FlightGlobals.mainBody: Earth
[LOG 11:05:29.121] Reference Frame: Rotating
[WRN 11:05:29.127] [Part]: Cannot have ModuleCargoPart and ModuleInventoryPart on same Part [Diag3-Rocket (unloaded)'. Removed ModuleCargoPart
[LOG 11:05:29.139] [Diag3-Rocket]: landed - waiting for ground contact to resume physics...
[LOG 11:05:29.139] Camera Mode: AUTO
[LOG 11:05:30.286] all systems started
[LOG 11:05:30.321] [ModularFlightIntegrator] MFI Start
[LOG 11:05:30.321] [ModularFlightIntegrator] Start. VesselModule on vessel : 
  ModularFlightIntegrator
  AxisGroupsModule
  CometVessel
  SuspensionLoadBalancer
  CommNetVessel

[LOG 11:05:30.323] [Kopernicus] Using Kopernicus Discoverable Object Spawner.
[LOG 11:05:30.368] [ShadowMan][Info] Running in unified camera mode
[LOG 11:05:30.368] [ShadowMan][Debug] Adding TweakShadowCascades: (0.002, 0.015, 0.035) to Camera Camera 00
[LOG 11:05:30.368] [ShadowMan][Debug] Default split: (0.050, 0.152, 0.264)
[LOG 11:05:30.368] [ShadowMan][Debug] Setting shadowmap resolution to: 8192 on SunLight
[LOG 11:05:30.377] [ShadowMan][Debug] Found rings for Saturn
[LOG 11:05:30.383] [ShadowMan][Debug] Kopernicus.ShadowMan setup done
[LOG 11:05:30.393] [KSPDiagQuadSeams] body Earth, radius 6371000 m, highest subdivision level 11, 15 vertices by side
[LOG 11:05:30.394] [KSPDiagQuadSeams] after an origin shift: 40 seam(s) between 33 quad(s) of level 11 and 17 coarser one(s); 320 shared vertices, gap mean 305.277 mm, max 998.110 mm; largest on Kerbin Zn32010320233 (North, level 11) against Kerbin Zn3201032201 (South, level 10), where the finer quad is 848.818 mm below the coarser one and 525.102 mm beside it, 33.7 km from the active vessel
[LOG 11:05:30.394] [RealSolarSystem] Setting TimeWarp rates...
[LOG 11:05:30.422] [UiApp] Awake: CurrencyWidgetsApp
[LOG 11:05:30.423] [UiApp] Awake: ResourceDisplay
[LOG 11:05:30.423] [UiApp] Awake: KSPedia
[LOG 11:05:30.423] [UiApp] Awake: Missions App
[LOG 11:05:30.423] [UiApp] Awake: DeltaVApp
[LOG 11:05:30.423] [UiApp] Awake: ActionGroupsApp
[LOG 11:05:30.423] [UiApp] Awake: Construction
[LOG 11:05:30.423] [UiApp] Awake: Cargo
[LOG 11:05:30.423] [UiApp] Awake: AlarmClock
[LOG 11:05:30.423] [UiApp] Awake: ManeuverTool
[LOG 11:05:30.423] [ApplicationLauncher] OnSceneLoadedGUIReady: scene FLIGHT ShouldBeVisible() True ShouldBeOnTop() True iIsPositionedAtTop True
[LOG 11:05:30.424] [KnowledgeBase] OnAppLauncherReady 10226
[LOG 11:05:30.430] [Kopernicus]: StarLightSwitcher: Set active star => Sun
[LOG 11:05:30.524] [UIApp] OnDestroy: Contracts
[LOG 11:05:30.534] [FlightIntegrator]: Reloaded drag cube for zeroed cube root part mk1pod.v2 (Diag3-Rocket) on vessel Diag3-Rocket
[LOG 11:05:30.536] [MessageSystem] Reposition 0.02 10227
[LOG 11:05:30.536] [GenericAppFrame] Reposition 0.02 10227
[LOG 11:05:30.536] [GenericAppFrame] Reposition 0.02 10227
[LOG 11:05:30.688] [KSPDiagQuadSeams] 60 seam(s) between 49 quad(s) of level 11 and 23 coarser one(s); 480 shared vertices, gap mean 310.211 mm, max 998.110 mm; largest on Kerbin Zn32010320233 (North, level 11) against Kerbin Zn3201032201 (South, level 10), where the finer quad is 848.818 mm below the coarser one and 525.102 mm beside it, 33.7 km from the active vessel
[LOG 11:05:30.691] [PlanetariumCamera]: Focus: Diag3-Rocket
[LOG 11:05:30.704] [UIApp] Adding ResourceDisplay to Application Launcher
[LOG 11:05:30.705] [UIApp] Adding ResourceDisplay to Application Launcher
[LOG 11:05:30.713] [ResourceDisplay] OnAppStarted(): id: -534308
[LOG 11:05:30.714] [GenericAppFrame] Reposition 0.1268466 10231
[LOG 11:05:30.714] [ResourceDisplay] OnAppStarted(): id: 264786
[LOG 11:05:30.714] ResourceDisplay already exist, destroying this instance
[LOG 11:05:30.714] [UIApp] OnDestroy: ResourceDisplay
[LOG 11:05:30.731] [UIApp] Adding AlarmClock to Application Launcher
[LOG 11:05:30.732] [UIApp] Adding ActionGroupsApp to Application Launcher
[LOG 11:05:30.732] [UIApp] Adding Missions App to Application Launcher
[LOG 11:05:30.733] CURRENCY WIDGET False False False
[LOG 11:05:30.735] [UIApp] OnDestroy: CurrencyWidgetsApp
[LOG 11:05:30.756] [GenericAppFrame] Reposition 0.1580508 10233
[LOG 11:05:30.758] [ActionGroupsApp] OnAppStarted(): id: -534332
[LOG 11:05:30.758] [GenericAppFrame] Reposition 0.1580508 10233
[LOG 11:05:30.758] [UIApp] Adding DeltaVApp to Application Launcher
[LOG 11:05:30.759] [MissionsApp] OnAppStarted(): id: -534320
[LOG 11:05:30.760] MissionsApp does not execute in this game mode, destroying this instance
[LOG 11:05:30.760] [UIApp] OnDestroy: Missions App
[LOG 11:05:30.769] [GenericAppFrame] Reposition 0.1807225 10234
[LOG 11:05:30.778] [UIApp] Adding Cargo to Application Launcher
[LOG 11:05:30.779] [UIApp] Adding Construction to Application Launcher
[LOG 11:05:30.779] [UIApp] Adding KSPedia to Application Launcher
[LOG 11:05:30.791] [UIApp] Adding ManeuverTool to Application Launcher
[LOG 11:05:30.792] [ApplicationLauncher] SetHidden: 
[LOG 11:05:30.808] [GenericAppFrame] Reposition 0.2160233 10237
[LOG 11:05:30.818] [ManeuverTool]: Found 1 transfer types
[LOG 11:05:30.860] Flight State Captured
[LOG 11:05:30.861] Saving Achievements Tree...
[LOG 11:05:30.861] [MessageSystem] Save Messages
[LOG 11:05:30.893] Game State Saved as persistent
[LOG 11:05:31.041] [Kopernicus] AtmosphereFixer => Patched AtmosphereFromGround for Uranus
[LOG 11:05:31.041] [Kopernicus] AtmosphereFixer => Patched AtmosphereFromGround for Titan
[LOG 11:05:31.041] [Kopernicus] AtmosphereFixer => Patched AtmosphereFromGround for Saturn
[LOG 11:05:31.041] [Kopernicus] AtmosphereFixer => Patched AtmosphereFromGround for Jupiter
[LOG 11:05:31.041] [Kopernicus] AtmosphereFixer => Patched AtmosphereFromGround for Mars
[LOG 11:05:31.041] [Kopernicus] AtmosphereFixer => Patched AtmosphereFromGround for Earth
[LOG 11:05:31.041] [Kopernicus] AtmosphereFixer => Patched AtmosphereFromGround for Venus
[LOG 11:05:31.515] [RealSolarSystem] Watchdog: Setting camera Camera 00 far clip to 1875000 so camera now has 1875000
[LOG 11:05:31.824] [Diag3-Rocket]: ground contact! - error. Moving Vessel  up 0.336m
[LOG 11:05:31.824] Unpacking Diag3-Rocket
[LOG 11:05:31.825] [RSS-VGPE] Vessel going off rails in PRELAUNCH, skipping 100 frames on CollisionEnhancer.
[LOG 11:05:31.839] [UIMasterController]: ShowUI
[LOG 11:05:35.972] [MessageSystem] Load Messages
[LOG 11:05:35.974] [UIMasterController]: HideUI
[LOG 11:05:36.016] [HighLogic]: =========================== Scene Change : From FLIGHT to FLIGHT =====================
[LOG 11:05:36.017] [Kopernicus] Delaying ResetAndWait of body Charon until scene switch is complete
[LOG 11:05:36.017] [Kopernicus] Delaying ResetAndWait of body Pluto until scene switch is complete
[LOG 11:05:36.017] [Kopernicus] Delaying ResetAndWait of body Triton until scene switch is complete
[LOG 11:05:36.017] [Kopernicus] Delaying ResetAndWait of body Neptune until scene switch is complete
[LOG 11:05:36.017] [Kopernicus] Delaying ResetAndWait of body Neptune until scene switch is complete
[LOG 11:05:36.017] [Kopernicus] Delaying ResetAndWait of body Oberon until scene switch is complete
[LOG 11:05:36.017] [Kopernicus] Delaying ResetAndWait of body Titania until scene switch is complete
[LOG 11:05:36.017] [Kopernicus] Delaying ResetAndWait of body Umbriel until scene switch is complete
[LOG 11:05:36.017] [Kopernicus] Delaying ResetAndWait of body Ariel until scene switch is complete
[LOG 11:05:36.017] [Kopernicus] Delaying ResetAndWait of body Miranda until scene switch is complete
[LOG 11:05:36.018] [Kopernicus] Delaying ResetAndWait of body Uranus until scene switch is complete
[LOG 11:05:36.018] [Kopernicus] Delaying ResetAndWait of body Uranus until scene switch is complete
[LOG 11:05:36.018] [Kopernicus] Delaying ResetAndWait of body Iapetus until scene switch is complete
[LOG 11:05:36.018] [Kopernicus] Delaying ResetAndWait of body Titan until scene switch is complete
[LOG 11:05:36.018] [Kopernicus] Delaying ResetAndWait of body Rhea until scene switch is complete
[LOG 11:05:36.018] [Kopernicus] Delaying ResetAndWait of body Dione until scene switch is complete
[LOG 11:05:36.018] [Kopernicus] Delaying ResetAndWait of body Tethys until scene switch is complete
[LOG 11:05:36.018] [Kopernicus] Delaying ResetAndWait of body Enceladus until scene switch is complete
[LOG 11:05:36.018] [Kopernicus] Delaying ResetAndWait of body Mimas until scene switch is complete
[LOG 11:05:36.018] [Kopernicus] Delaying ResetAndWait of body Saturn until scene switch is complete
[LOG 11:05:36.018] [Kopernicus] Delaying ResetAndWait of body Saturn until scene switch is complete
[LOG 11:05:36.018] [Kopernicus] Delaying ResetAndWait of body Callisto until scene switch is complete
[LOG 11:05:36.018] [Kopernicus] Delaying ResetAndWait of body Ganymede until scene switch is complete
[LOG 11:05:36.018] [Kopernicus] Delaying ResetAndWait of body Europa until scene switch is complete
[LOG 11:05:36.018] [Kopernicus] Delaying ResetAndWait of body Io until scene switch is complete
[LOG 11:05:36.018] [Kopernicus] Delaying ResetAndWait of body Jupiter until scene switch is complete
[LOG 11:05:36.018] [Kopernicus] Delaying ResetAndWait of body Jupiter until scene switch is complete
[LOG 11:05:36.018] [Kopernicus] Delaying ResetAndWait of body Ceres until scene switch is complete
[LOG 11:05:36.018] [Kopernicus] Delaying ResetAndWait of body Vesta until scene switch is complete
[LOG 11:05:36.019] [Kopernicus] Delaying ResetAndWait of body Deimos until scene switch is complete
[LOG 11:05:36.019] [Kopernicus] Delaying ResetAndWait of body Phobos until scene switch is complete
[LOG 11:05:36.019] [Kopernicus] Delaying ResetAndWait of body Mars until scene switch is complete
[LOG 11:05:36.019] [Kopernicus] Delaying ResetAndWait of body Moon until scene switch is complete
[LOG 11:05:36.019] [Kopernicus] Delaying ResetAndWait of body Venus until scene switch is complete
[LOG 11:05:36.019] [Kopernicus] Delaying ResetAndWait of body Mercury until scene switch is complete
[LOG 11:05:36.133] [PlanetariumCamera]: Focus: Earth
[LOG 11:05:36.133] [UIApp] OnDestroy: ManeuverTool
[LOG 11:05:36.134] KbApp.OnDestroy NullName
[LOG 11:05:36.134] [UIApp] OnDestroy: AlarmClock
[LOG 11:05:36.134] KbApp.OnDestroy Planet Resources
[LOG 11:05:36.135] [UIApp] OnDestroy: KSPedia
[LOG 11:05:36.135] [UIApp] OnDestroy: ActionGroupsApp
[LOG 11:05:36.135] [UIApp] OnDestroy: Cargo
[LOG 11:05:36.136] KbApp.OnDestroy Vessel Crew
[LOG 11:05:36.136] [UIApp] OnDestroy: Construction
[LOG 11:05:36.136] [UIApp] OnDestroy: ResourceDisplay
[LOG 11:05:36.136] KbApp.OnDestroy Vessel Info
[LOG 11:05:36.136] [UIApp] OnDestroy: DeltaVApp
[LOG 11:05:36.136] KbApp.OnDestroy Unowned Info
[LOG 11:05:36.136] KbApp.OnDestroy Planet Parameters
[LOG 11:05:36.137] KbApp.OnDestroy Planet Info
[LOG 11:05:36.138] [KSPCF:MemoryLeaks] Removed a OnMapExited callback owned by a destroyed Assembly-CSharp:NavBallToggle instance
[LOG 11:05:36.138] [KSPCF:MemoryLeaks] Removed a OnGameSettingsApplied callback owned by a destroyed Assembly-CSharp:VesselAutopilotUI instance
[LOG 11:05:36.138] [KSPCF:MemoryLeaks] Removed a onPartActionUICreate callback owned by a destroyed Assembly-CSharp:ModuleInventoryPart instance
[LOG 11:05:36.138] [KSPCF:MemoryLeaks] Removed a onModuleInventoryChanged callback owned by a destroyed Assembly-CSharp:ModuleInventoryPart instance
[LOG 11:05:36.139] [KSPCF:MemoryLeaks] Removed a OnDestructibleLoaded callback owned by a destroyed Assembly-CSharp:RunwayCollisionHandler instance
[LOG 11:05:36.139] [KSPCF:MemoryLeaks] Removed a OnClick callback owned by a destroyed Assembly-CSharp:EVAConstructionModeEditor instance
[LOG 11:05:36.139] [KSPCF:MemoryLeaks] Removed a TimingManager.Instance.timing5.onLateUpdate callback owned by a destroyed Assembly-CSharp:MapView instance
[LOG 11:05:36.139] [KSPCF:MemoryLeaks] Leaving scene "Flight", cleaned 55 memory leaks in 0.002s. GameEvents callbacks : 745. Allocated memory : 729.535 MiB (managed heap), 2.222 GiB (unmanaged)
[LOG 11:05:36.144] UICanvasPrefabSpawner FlightUI spawning Flight
[LOG 11:05:36.157] UICanvasPrefabSpawner FlightUI spawning VesselLabels
[LOG 11:05:36.157] [UiApp] Awake: ResourceDisplay
[LOG 11:05:36.221] [AddonLoader]: Instantiating addon 'AeroGUI' from assembly 'KSP'
[LOG 11:05:36.229] [AddonLoader]: Instantiating addon 'ToolbarButton' from assembly 'Kopernicus'
[LOG 11:05:36.230] [AddonLoader]: Instantiating addon 'ShadowMan' from assembly 'Kopernicus'
[LOG 11:05:36.230] [AddonLoader]: Instantiating addon 'RenderTypeFixer' from assembly 'Kopernicus'
[LOG 11:05:36.230] [AddonLoader]: Instantiating addon 'AtmosphereFixer' from assembly 'Kopernicus'
[LOG 11:05:36.230] [AddonLoader]: Instantiating addon 'SinkingBugFix' from assembly 'Kopernicus'
[LOG 11:05:36.230] [AddonLoader]: Instantiating addon 'KSPDiagQuadSeams' from assembly 'KSPDiagQuadSeams'
[LOG 11:05:36.231] [KSPDiagQuadSeams] shader Hidden/Internal-Colored, depth test settable: True
[LOG 11:05:36.231] [AddonLoader]: Instantiating addon 'RealSolarSystemEditor' from assembly 'RealSolarSystem'
[LOG 11:05:36.231] [AddonLoader]: Instantiating addon 'RSSRunwayFix' from assembly 'RealSolarSystem'
[LOG 11:05:36.231] [AddonLoader]: Instantiating addon 'TimeWarpFixer' from assembly 'RealSolarSystem'
[LOG 11:05:36.231] [AddonLoader]: Instantiating addon 'VesselGroundPositionEnhancer' from assembly 'RealSolarSystem'
[LOG 11:05:36.231] [AddonLoader]: Instantiating addon 'RSSWatchDog' from assembly 'RealSolarSystem'
[LOG 11:05:36.231] [PlanetariumCamera]: Focus: Earth
[LOG 11:05:36.231] [UIMasterController]: HideUI
[LOG 11:05:36.458] [UIMasterController]: HideUI
[LOG 11:05:36.458] ------------------- initializing flight mode... ------------------
[LOG 11:05:36.459] GetSubclassesOfParentClass: Using cached results for AlarmTypeBase
[LOG 11:05:36.459] Loading Depletion Nodes
[LOG 11:05:36.459] DepNodeCount:  0
[LOG 11:05:36.459] Loading Biome Nodes
[LOG 11:05:36.459] BiomeNodeCount:  0
[LOG 11:05:36.459] Loading Planet Nodes
[LOG 11:05:36.459] PlanetNodeCount:  0
[LOG 11:05:36.460] [ScenarioDestructibles]: Loading... 0 objects registered
[LOG 11:05:36.485] Target vessel index: 18  vessel count: 19
[LOG 11:05:36.485] [FLIGHT GLOBALS]: Switching To Vessel Diag3-Rocket ---------------------- 
[LOG 11:05:36.485] setting new dominant body: Earth
FlightGlobals.mainBody: Earth
[LOG 11:05:36.485] Reference Frame: Rotating
[WRN 11:05:36.491] [Part]: Cannot have ModuleCargoPart and ModuleInventoryPart on same Part [Diag3-Rocket (unloaded)'. Removed ModuleCargoPart
[LOG 11:05:36.499] [Diag3-Rocket]: landed - waiting for ground contact to resume physics...
[LOG 11:05:36.501] Camera Mode: AUTO
[LOG 11:05:37.619] all systems started
[LOG 11:05:37.652] [ModularFlightIntegrator] MFI Start
[LOG 11:05:37.652] [ModularFlightIntegrator] Start. VesselModule on vessel : 
  ModularFlightIntegrator
  AxisGroupsModule
  CometVessel
  SuspensionLoadBalancer
  CommNetVessel

[LOG 11:05:37.654] [Kopernicus] Using Kopernicus Discoverable Object Spawner.
[LOG 11:05:37.699] [ShadowMan][Info] Running in unified camera mode
[LOG 11:05:37.699] [ShadowMan][Debug] Adding TweakShadowCascades: (0.002, 0.015, 0.035) to Camera Camera 00
[LOG 11:05:37.699] [ShadowMan][Debug] Default split: (0.050, 0.152, 0.264)
[LOG 11:05:37.699] [ShadowMan][Debug] Setting shadowmap resolution to: 8192 on SunLight
[LOG 11:05:37.709] [ShadowMan][Debug] Found rings for Saturn
[LOG 11:05:37.714] [ShadowMan][Debug] Kopernicus.ShadowMan setup done
[LOG 11:05:37.724] [KSPDiagQuadSeams] body Earth, radius 6371000 m, highest subdivision level 11, 15 vertices by side
[LOG 11:05:37.726] [KSPDiagQuadSeams] after an origin shift: 40 seam(s) between 33 quad(s) of level 11 and 17 coarser one(s); 320 shared vertices, gap mean 499.614 mm, max 1187.690 mm; largest on Kerbin Zn32010320323 (North, level 11) against Kerbin Zn3201032210 (South, level 10), where the finer quad is 1026.301 mm above the coarser one and 597.756 mm beside it, 26.4 km from the active vessel
[LOG 11:05:37.726] [RealSolarSystem] Setting TimeWarp rates...
[LOG 11:05:37.754] [UiApp] Awake: CurrencyWidgetsApp
[LOG 11:05:37.754] [UiApp] Awake: ResourceDisplay
[LOG 11:05:37.754] [UiApp] Awake: KSPedia
[LOG 11:05:37.754] [UiApp] Awake: Missions App
[LOG 11:05:37.754] [UiApp] Awake: DeltaVApp
[LOG 11:05:37.754] [UiApp] Awake: ActionGroupsApp
[LOG 11:05:37.754] [UiApp] Awake: Construction
[LOG 11:05:37.754] [UiApp] Awake: Cargo
[LOG 11:05:37.755] [UiApp] Awake: AlarmClock
[LOG 11:05:37.755] [UiApp] Awake: ManeuverTool
[LOG 11:05:37.755] [ApplicationLauncher] OnSceneLoadedGUIReady: scene FLIGHT ShouldBeVisible() True ShouldBeOnTop() True iIsPositionedAtTop True
[LOG 11:05:37.757] [KnowledgeBase] OnAppLauncherReady 10576
[LOG 11:05:37.763] [Kopernicus]: StarLightSwitcher: Set active star => Sun
[LOG 11:05:37.855] [UIApp] OnDestroy: Contracts
[LOG 11:05:37.869] [FlightIntegrator]: Reloaded drag cube for zeroed cube root part mk1pod.v2 (Diag3-Rocket) on vessel Diag3-Rocket
[LOG 11:05:37.871] [MessageSystem] Reposition 0.02 10577
[LOG 11:05:37.871] [GenericAppFrame] Reposition 0.02 10577
[LOG 11:05:37.871] [GenericAppFrame] Reposition 0.02 10577
[LOG 11:05:38.020] [KSPDiagQuadSeams] 60 seam(s) between 49 quad(s) of level 11 and 23 coarser one(s); 480 shared vertices, gap mean 463.747 mm, max 1277.727 mm; largest on Kerbin Zn32010323203 (North, level 11) against Kerbin Zn3201032322 (South, level 10), where the finer quad is 1075.941 mm above the coarser one and 689.157 mm beside it, 37.2 km from the active vessel
[LOG 11:05:38.022] [PlanetariumCamera]: Focus: Diag3-Rocket
[LOG 11:05:38.035] [UIApp] Adding ResourceDisplay to Application Launcher
[LOG 11:05:38.045] [UIApp] Adding ResourceDisplay to Application Launcher
[LOG 11:05:38.054] [ResourceDisplay] OnAppStarted(): id: -581562
[LOG 11:05:38.054] [GenericAppFrame] Reposition 0.135622 10581
[LOG 11:05:38.055] [ResourceDisplay] OnAppStarted(): id: 264918
[LOG 11:05:38.055] ResourceDisplay already exist, destroying this instance
[LOG 11:05:38.055] [UIApp] OnDestroy: ResourceDisplay
[LOG 11:05:38.065] [UIApp] Adding AlarmClock to Application Launcher
[LOG 11:05:38.066] [UIApp] Adding ActionGroupsApp to Application Launcher
[LOG 11:05:38.067] [UIApp] Adding Missions App to Application Launcher
[LOG 11:05:38.067] CURRENCY WIDGET False False False
[LOG 11:05:38.070] [UIApp] OnDestroy: CurrencyWidgetsApp
[LOG 11:05:38.090] [GenericAppFrame] Reposition 0.1576984 10583
[LOG 11:05:38.092] [ActionGroupsApp] OnAppStarted(): id: -581586
[LOG 11:05:38.092] [GenericAppFrame] Reposition 0.1576984 10583
[LOG 11:05:38.093] [UIApp] Adding DeltaVApp to Application Launcher
[LOG 11:05:38.094] [MissionsApp] OnAppStarted(): id: -581574
[LOG 11:05:38.094] MissionsApp does not execute in this game mode, destroying this instance
[LOG 11:05:38.094] [UIApp] OnDestroy: Missions App
[LOG 11:05:38.103] [GenericAppFrame] Reposition 0.1844249 10584
[LOG 11:05:38.113] [UIApp] Adding Cargo to Application Launcher
[LOG 11:05:38.114] [UIApp] Adding Construction to Application Launcher
[LOG 11:05:38.115] [UIApp] Adding KSPedia to Application Launcher
[LOG 11:05:38.124] [UIApp] Adding ManeuverTool to Application Launcher
[LOG 11:05:38.125] [ApplicationLauncher] SetHidden: 
[LOG 11:05:38.138] [GenericAppFrame] Reposition 0.215826 10587
[LOG 11:05:38.146] [ManeuverTool]: Found 1 transfer types
[LOG 11:05:38.186] Flight State Captured
[LOG 11:05:38.186] Saving Achievements Tree...
[LOG 11:05:38.187] [MessageSystem] Save Messages
[LOG 11:05:38.208] Game State Saved as persistent
[LOG 11:05:38.365] [Kopernicus] AtmosphereFixer => Patched AtmosphereFromGround for Uranus
[LOG 11:05:38.365] [Kopernicus] AtmosphereFixer => Patched AtmosphereFromGround for Titan
[LOG 11:05:38.365] [Kopernicus] AtmosphereFixer => Patched AtmosphereFromGround for Saturn
[LOG 11:05:38.365] [Kopernicus] AtmosphereFixer => Patched AtmosphereFromGround for Jupiter
[LOG 11:05:38.365] [Kopernicus] AtmosphereFixer => Patched AtmosphereFromGround for Mars
[LOG 11:05:38.365] [Kopernicus] AtmosphereFixer => Patched AtmosphereFromGround for Earth
[LOG 11:05:38.365] [Kopernicus] AtmosphereFixer => Patched AtmosphereFromGround for Venus
[LOG 11:05:38.847] [RealSolarSystem] Watchdog: Setting camera Camera 00 far clip to 1875000 so camera now has 1875000
[LOG 11:05:39.138] [Diag3-Rocket]: ground contact! - error. Moving Vessel  up 0.477m
[LOG 11:05:39.138] Unpacking Diag3-Rocket
[LOG 11:05:39.139] [RSS-VGPE] Vessel going off rails in PRELAUNCH, skipping 100 frames on CollisionEnhancer.
[LOG 11:05:39.145] [UIMasterController]: ShowUI
[LOG 11:05:43.262] [MessageSystem] Load Messages
[LOG 11:05:43.263] [UIMasterController]: HideUI
[LOG 11:05:43.306] [HighLogic]: =========================== Scene Change : From FLIGHT to FLIGHT =====================
[LOG 11:05:43.307] [Kopernicus] Delaying ResetAndWait of body Charon until scene switch is complete
[LOG 11:05:43.307] [Kopernicus] Delaying ResetAndWait of body Pluto until scene switch is complete
[LOG 11:05:43.307] [Kopernicus] Delaying ResetAndWait of body Triton until scene switch is complete
[LOG 11:05:43.307] [Kopernicus] Delaying ResetAndWait of body Neptune until scene switch is complete
[LOG 11:05:43.307] [Kopernicus] Delaying ResetAndWait of body Neptune until scene switch is complete
[LOG 11:05:43.307] [Kopernicus] Delaying ResetAndWait of body Oberon until scene switch is complete
[LOG 11:05:43.307] [Kopernicus] Delaying ResetAndWait of body Titania until scene switch is complete
[LOG 11:05:43.307] [Kopernicus] Delaying ResetAndWait of body Umbriel until scene switch is complete
[LOG 11:05:43.307] [Kopernicus] Delaying ResetAndWait of body Ariel until scene switch is complete
[LOG 11:05:43.307] [Kopernicus] Delaying ResetAndWait of body Miranda until scene switch is complete
[LOG 11:05:43.307] [Kopernicus] Delaying ResetAndWait of body Uranus until scene switch is complete
[LOG 11:05:43.308] [Kopernicus] Delaying ResetAndWait of body Uranus until scene switch is complete
[LOG 11:05:43.308] [Kopernicus] Delaying ResetAndWait of body Iapetus until scene switch is complete
[LOG 11:05:43.308] [Kopernicus] Delaying ResetAndWait of body Titan until scene switch is complete
[LOG 11:05:43.308] [Kopernicus] Delaying ResetAndWait of body Rhea until scene switch is complete
[LOG 11:05:43.308] [Kopernicus] Delaying ResetAndWait of body Dione until scene switch is complete
[LOG 11:05:43.308] [Kopernicus] Delaying ResetAndWait of body Tethys until scene switch is complete
[LOG 11:05:43.308] [Kopernicus] Delaying ResetAndWait of body Enceladus until scene switch is complete
[LOG 11:05:43.308] [Kopernicus] Delaying ResetAndWait of body Mimas until scene switch is complete
[LOG 11:05:43.308] [Kopernicus] Delaying ResetAndWait of body Saturn until scene switch is complete
[LOG 11:05:43.308] [Kopernicus] Delaying ResetAndWait of body Saturn until scene switch is complete
[LOG 11:05:43.308] [Kopernicus] Delaying ResetAndWait of body Callisto until scene switch is complete
[LOG 11:05:43.308] [Kopernicus] Delaying ResetAndWait of body Ganymede until scene switch is complete
[LOG 11:05:43.308] [Kopernicus] Delaying ResetAndWait of body Europa until scene switch is complete
[LOG 11:05:43.308] [Kopernicus] Delaying ResetAndWait of body Io until scene switch is complete
[LOG 11:05:43.308] [Kopernicus] Delaying ResetAndWait of body Jupiter until scene switch is complete
[LOG 11:05:43.308] [Kopernicus] Delaying ResetAndWait of body Jupiter until scene switch is complete
[LOG 11:05:43.308] [Kopernicus] Delaying ResetAndWait of body Ceres until scene switch is complete
[LOG 11:05:43.308] [Kopernicus] Delaying ResetAndWait of body Vesta until scene switch is complete
[LOG 11:05:43.308] [Kopernicus] Delaying ResetAndWait of body Deimos until scene switch is complete
[LOG 11:05:43.308] [Kopernicus] Delaying ResetAndWait of body Phobos until scene switch is complete
[LOG 11:05:43.308] [Kopernicus] Delaying ResetAndWait of body Mars until scene switch is complete
[LOG 11:05:43.308] [Kopernicus] Delaying ResetAndWait of body Moon until scene switch is complete
[LOG 11:05:43.308] [Kopernicus] Delaying ResetAndWait of body Venus until scene switch is complete
[LOG 11:05:43.308] [Kopernicus] Delaying ResetAndWait of body Mercury until scene switch is complete
[LOG 11:05:43.421] KbApp.OnDestroy Vessel Info
[LOG 11:05:43.422] [PlanetariumCamera]: Focus: Earth
[LOG 11:05:43.422] KbApp.OnDestroy Unowned Info
[LOG 11:05:43.422] KbApp.OnDestroy Vessel Crew
[LOG 11:05:43.422] [UIApp] OnDestroy: Construction
[LOG 11:05:43.422] KbApp.OnDestroy Planet Resources
[LOG 11:05:43.423] [UIApp] OnDestroy: AlarmClock
[LOG 11:05:43.423] KbApp.OnDestroy Planet Parameters
[LOG 11:05:43.424] [UIApp] OnDestroy: ManeuverTool
[LOG 11:05:43.425] [UIApp] OnDestroy: Cargo
[LOG 11:05:43.425] [UIApp] OnDestroy: KSPedia
[LOG 11:05:43.425] KbApp.OnDestroy NullName
[LOG 11:05:43.426] [UIApp] OnDestroy: ActionGroupsApp
[LOG 11:05:43.426] [UIApp] OnDestroy: DeltaVApp
[LOG 11:05:43.426] KbApp.OnDestroy Planet Info
[LOG 11:05:43.426] [UIApp] OnDestroy: ResourceDisplay
[LOG 11:05:43.427] [KSPCF:MemoryLeaks] Removed a OnMapExited callback owned by a destroyed Assembly-CSharp:NavBallToggle instance
[LOG 11:05:43.427] [KSPCF:MemoryLeaks] Removed a OnGameSettingsApplied callback owned by a destroyed Assembly-CSharp:VesselAutopilotUI instance
[LOG 11:05:43.427] [KSPCF:MemoryLeaks] Removed a onPartActionUICreate callback owned by a destroyed Assembly-CSharp:ModuleInventoryPart instance
[LOG 11:05:43.427] [KSPCF:MemoryLeaks] Removed a onModuleInventoryChanged callback owned by a destroyed Assembly-CSharp:ModuleInventoryPart instance
[LOG 11:05:43.428] [KSPCF:MemoryLeaks] Removed a OnDestructibleLoaded callback owned by a destroyed Assembly-CSharp:RunwayCollisionHandler instance
[LOG 11:05:43.428] [KSPCF:MemoryLeaks] Removed a OnClick callback owned by a destroyed Assembly-CSharp:EVAConstructionModeEditor instance
[LOG 11:05:43.428] [KSPCF:MemoryLeaks] Removed a TimingManager.Instance.timing5.onLateUpdate callback owned by a destroyed Assembly-CSharp:MapView instance
[LOG 11:05:43.428] [KSPCF:MemoryLeaks] Leaving scene "Flight", cleaned 55 memory leaks in 0.002s. GameEvents callbacks : 745. Allocated memory : 729.488 MiB (managed heap), 2.235 GiB (unmanaged)
[LOG 11:05:43.434] UICanvasPrefabSpawner FlightUI spawning Flight
[LOG 11:05:43.446] UICanvasPrefabSpawner FlightUI spawning VesselLabels
[LOG 11:05:43.446] [UiApp] Awake: ResourceDisplay
[LOG 11:05:43.508] [AddonLoader]: Instantiating addon 'AeroGUI' from assembly 'KSP'
[LOG 11:05:43.517] [AddonLoader]: Instantiating addon 'ToolbarButton' from assembly 'Kopernicus'
[LOG 11:05:43.518] [AddonLoader]: Instantiating addon 'ShadowMan' from assembly 'Kopernicus'
[LOG 11:05:43.518] [AddonLoader]: Instantiating addon 'RenderTypeFixer' from assembly 'Kopernicus'
[LOG 11:05:43.518] [AddonLoader]: Instantiating addon 'AtmosphereFixer' from assembly 'Kopernicus'
[LOG 11:05:43.518] [AddonLoader]: Instantiating addon 'SinkingBugFix' from assembly 'Kopernicus'
[LOG 11:05:43.518] [AddonLoader]: Instantiating addon 'KSPDiagQuadSeams' from assembly 'KSPDiagQuadSeams'
[LOG 11:05:43.518] [KSPDiagQuadSeams] shader Hidden/Internal-Colored, depth test settable: True
[LOG 11:05:43.518] [AddonLoader]: Instantiating addon 'RealSolarSystemEditor' from assembly 'RealSolarSystem'
[LOG 11:05:43.519] [AddonLoader]: Instantiating addon 'RSSRunwayFix' from assembly 'RealSolarSystem'
[LOG 11:05:43.519] [AddonLoader]: Instantiating addon 'TimeWarpFixer' from assembly 'RealSolarSystem'
[LOG 11:05:43.519] [AddonLoader]: Instantiating addon 'VesselGroundPositionEnhancer' from assembly 'RealSolarSystem'
[LOG 11:05:43.519] [AddonLoader]: Instantiating addon 'RSSWatchDog' from assembly 'RealSolarSystem'
[LOG 11:05:43.519] [PlanetariumCamera]: Focus: Earth
[LOG 11:05:43.519] [UIMasterController]: HideUI
[LOG 11:05:43.746] [UIMasterController]: HideUI
[LOG 11:05:43.746] ------------------- initializing flight mode... ------------------
[LOG 11:05:43.746] GetSubclassesOfParentClass: Using cached results for AlarmTypeBase
[LOG 11:05:43.747] Loading Depletion Nodes
[LOG 11:05:43.747] DepNodeCount:  0
[LOG 11:05:43.747] Loading Biome Nodes
[LOG 11:05:43.747] BiomeNodeCount:  0
[LOG 11:05:43.747] Loading Planet Nodes
[LOG 11:05:43.747] PlanetNodeCount:  0
[LOG 11:05:43.748] [ScenarioDestructibles]: Loading... 0 objects registered
[LOG 11:05:43.773] Target vessel index: 18  vessel count: 19
[LOG 11:05:43.773] [FLIGHT GLOBALS]: Switching To Vessel Diag3-Rocket ---------------------- 
[LOG 11:05:43.773] setting new dominant body: Earth
FlightGlobals.mainBody: Earth
[LOG 11:05:43.773] Reference Frame: Rotating
[WRN 11:05:43.778] [Part]: Cannot have ModuleCargoPart and ModuleInventoryPart on same Part [Diag3-Rocket (unloaded)'. Removed ModuleCargoPart
[LOG 11:05:43.789] [Diag3-Rocket]: landed - waiting for ground contact to resume physics...
[LOG 11:05:43.790] Camera Mode: AUTO
[LOG 11:05:44.913] all systems started
[LOG 11:05:44.946] [ModularFlightIntegrator] MFI Start
[LOG 11:05:44.946] [ModularFlightIntegrator] Start. VesselModule on vessel : 
  ModularFlightIntegrator
  AxisGroupsModule
  CometVessel
  SuspensionLoadBalancer
  CommNetVessel

[LOG 11:05:44.948] [Kopernicus] Using Kopernicus Discoverable Object Spawner.
[LOG 11:05:44.994] [ShadowMan][Info] Running in unified camera mode
[LOG 11:05:44.994] [ShadowMan][Debug] Adding TweakShadowCascades: (0.002, 0.015, 0.035) to Camera Camera 00
[LOG 11:05:44.994] [ShadowMan][Debug] Default split: (0.050, 0.152, 0.264)
[LOG 11:05:44.994] [ShadowMan][Debug] Setting shadowmap resolution to: 8192 on SunLight
[LOG 11:05:45.004] [ShadowMan][Debug] Found rings for Saturn
[LOG 11:05:45.011] [ShadowMan][Debug] Kopernicus.ShadowMan setup done
[LOG 11:05:45.021] [KSPDiagQuadSeams] body Earth, radius 6371000 m, highest subdivision level 11, 15 vertices by side
[LOG 11:05:45.022] [KSPDiagQuadSeams] after an origin shift: 40 seam(s) between 33 quad(s) of level 11 and 17 coarser one(s); 320 shared vertices, gap mean 692.788 mm, max 1441.538 mm; largest on Kerbin Zn32010320323 (North, level 11) against Kerbin Zn3201032210 (South, level 10), where the finer quad is 1263.012 mm above the coarser one and 694.862 mm beside it, 25.7 km from the active vessel
[LOG 11:05:45.022] [RealSolarSystem] Setting TimeWarp rates...
[LOG 11:05:45.050] [UiApp] Awake: CurrencyWidgetsApp
[LOG 11:05:45.050] [UiApp] Awake: ResourceDisplay
[LOG 11:05:45.050] [UiApp] Awake: KSPedia
[LOG 11:05:45.050] [UiApp] Awake: Missions App
[LOG 11:05:45.050] [UiApp] Awake: DeltaVApp
[LOG 11:05:45.050] [UiApp] Awake: ActionGroupsApp
[LOG 11:05:45.051] [UiApp] Awake: Construction
[LOG 11:05:45.051] [UiApp] Awake: Cargo
[LOG 11:05:45.051] [UiApp] Awake: AlarmClock
[LOG 11:05:45.051] [UiApp] Awake: ManeuverTool
[LOG 11:05:45.051] [ApplicationLauncher] OnSceneLoadedGUIReady: scene FLIGHT ShouldBeVisible() True ShouldBeOnTop() True iIsPositionedAtTop True
[LOG 11:05:45.052] [KnowledgeBase] OnAppLauncherReady 10923
[LOG 11:05:45.058] [Kopernicus]: StarLightSwitcher: Set active star => Sun
[LOG 11:05:45.153] [UIApp] OnDestroy: Contracts
[LOG 11:05:45.163] [FlightIntegrator]: Reloaded drag cube for zeroed cube root part mk1pod.v2 (Diag3-Rocket) on vessel Diag3-Rocket
[LOG 11:05:45.165] [MessageSystem] Reposition 0.02 10924
[LOG 11:05:45.165] [GenericAppFrame] Reposition 0.02 10924
[LOG 11:05:45.165] [GenericAppFrame] Reposition 0.02 10924
[LOG 11:05:45.309] [KSPDiagQuadSeams] 60 seam(s) between 49 quad(s) of level 11 and 23 coarser one(s); 480 shared vertices, gap mean 683.681 mm, max 1433.103 mm; largest on Kerbin Zn32010321311 (East, level 11) against Kerbin Zn3201033020 (West, level 10), where the finer quad is 1230.056 mm above the coarser one and 735.355 mm beside it, 35.5 km from the active vessel
[LOG 11:05:45.311] [PlanetariumCamera]: Focus: Diag3-Rocket
[LOG 11:05:45.325] [UIApp] Adding ResourceDisplay to Application Launcher
[LOG 11:05:45.326] [UIApp] Adding ResourceDisplay to Application Launcher
[LOG 11:05:45.333] [ResourceDisplay] OnAppStarted(): id: -628784
[LOG 11:05:45.333] [GenericAppFrame] Reposition 0.1257227 10928
[LOG 11:05:45.334] [ResourceDisplay] OnAppStarted(): id: 265050
[LOG 11:05:45.334] ResourceDisplay already exist, destroying this instance
[LOG 11:05:45.334] [UIApp] OnDestroy: ResourceDisplay
[LOG 11:05:45.350] [UIApp] Adding AlarmClock to Application Launcher
[LOG 11:05:45.351] [UIApp] Adding ActionGroupsApp to Application Launcher
[LOG 11:05:45.352] [UIApp] Adding Missions App to Application Launcher
[LOG 11:05:45.352] CURRENCY WIDGET False False False
[LOG 11:05:45.355] [UIApp] OnDestroy: CurrencyWidgetsApp
[LOG 11:05:45.374] [GenericAppFrame] Reposition 0.1556627 10930
[LOG 11:05:45.376] [ActionGroupsApp] OnAppStarted(): id: -628808
[LOG 11:05:45.376] [GenericAppFrame] Reposition 0.1556627 10930
[LOG 11:05:45.377] [UIApp] Adding DeltaVApp to Application Launcher
[LOG 11:05:45.378] [MissionsApp] OnAppStarted(): id: -628796
[LOG 11:05:45.378] MissionsApp does not execute in this game mode, destroying this instance
[LOG 11:05:45.378] [UIApp] OnDestroy: Missions App
[LOG 11:05:45.387] [GenericAppFrame] Reposition 0.1786547 10931
[LOG 11:05:45.396] [UIApp] Adding Cargo to Application Launcher
[LOG 11:05:45.397] [UIApp] Adding Construction to Application Launcher
[LOG 11:05:45.398] [UIApp] Adding KSPedia to Application Launcher
[LOG 11:05:45.408] [UIApp] Adding ManeuverTool to Application Launcher
[LOG 11:05:45.409] [ApplicationLauncher] SetHidden: 
[LOG 11:05:45.426] [GenericAppFrame] Reposition 0.2137881 10934
[LOG 11:05:45.434] [ManeuverTool]: Found 1 transfer types
[LOG 11:05:45.473] Flight State Captured
[LOG 11:05:45.473] Saving Achievements Tree...
[LOG 11:05:45.473] [MessageSystem] Save Messages
[LOG 11:05:45.495] Game State Saved as persistent
[LOG 11:05:45.652] [Kopernicus] AtmosphereFixer => Patched AtmosphereFromGround for Uranus
[LOG 11:05:45.652] [Kopernicus] AtmosphereFixer => Patched AtmosphereFromGround for Titan
[LOG 11:05:45.652] [Kopernicus] AtmosphereFixer => Patched AtmosphereFromGround for Saturn
[LOG 11:05:45.652] [Kopernicus] AtmosphereFixer => Patched AtmosphereFromGround for Jupiter
[LOG 11:05:45.652] [Kopernicus] AtmosphereFixer => Patched AtmosphereFromGround for Mars
[LOG 11:05:45.652] [Kopernicus] AtmosphereFixer => Patched AtmosphereFromGround for Earth
[LOG 11:05:45.652] [Kopernicus] AtmosphereFixer => Patched AtmosphereFromGround for Venus
[LOG 11:05:46.141] [RealSolarSystem] Watchdog: Setting camera Camera 00 far clip to 1875000 so camera now has 1875000
[LOG 11:05:46.434] [Diag3-Rocket]: ground contact! - error. Moving Vessel  down -0.242m
[LOG 11:05:46.434] Unpacking Diag3-Rocket
[LOG 11:05:46.435] [RSS-VGPE] Vessel going off rails in PRELAUNCH, skipping 100 frames on CollisionEnhancer.
[LOG 11:05:46.440] [UIMasterController]: ShowUI
[LOG 11:05:50.566] [MessageSystem] Load Messages
[LOG 11:05:50.567] [UIMasterController]: HideUI
[LOG 11:05:50.611] [HighLogic]: =========================== Scene Change : From FLIGHT to FLIGHT =====================
[LOG 11:05:50.612] [Kopernicus] Delaying ResetAndWait of body Charon until scene switch is complete
[LOG 11:05:50.612] [Kopernicus] Delaying ResetAndWait of body Pluto until scene switch is complete
[LOG 11:05:50.612] [Kopernicus] Delaying ResetAndWait of body Triton until scene switch is complete
[LOG 11:05:50.612] [Kopernicus] Delaying ResetAndWait of body Neptune until scene switch is complete
[LOG 11:05:50.612] [Kopernicus] Delaying ResetAndWait of body Neptune until scene switch is complete
[LOG 11:05:50.612] [Kopernicus] Delaying ResetAndWait of body Oberon until scene switch is complete
[LOG 11:05:50.612] [Kopernicus] Delaying ResetAndWait of body Titania until scene switch is complete
[LOG 11:05:50.612] [Kopernicus] Delaying ResetAndWait of body Umbriel until scene switch is complete
[LOG 11:05:50.612] [Kopernicus] Delaying ResetAndWait of body Ariel until scene switch is complete
[LOG 11:05:50.612] [Kopernicus] Delaying ResetAndWait of body Miranda until scene switch is complete
[LOG 11:05:50.612] [Kopernicus] Delaying ResetAndWait of body Uranus until scene switch is complete
[LOG 11:05:50.612] [Kopernicus] Delaying ResetAndWait of body Uranus until scene switch is complete
[LOG 11:05:50.612] [Kopernicus] Delaying ResetAndWait of body Iapetus until scene switch is complete
[LOG 11:05:50.612] [Kopernicus] Delaying ResetAndWait of body Titan until scene switch is complete
[LOG 11:05:50.612] [Kopernicus] Delaying ResetAndWait of body Rhea until scene switch is complete
[LOG 11:05:50.612] [Kopernicus] Delaying ResetAndWait of body Dione until scene switch is complete
[LOG 11:05:50.612] [Kopernicus] Delaying ResetAndWait of body Tethys until scene switch is complete
[LOG 11:05:50.612] [Kopernicus] Delaying ResetAndWait of body Enceladus until scene switch is complete
[LOG 11:05:50.612] [Kopernicus] Delaying ResetAndWait of body Mimas until scene switch is complete
[LOG 11:05:50.612] [Kopernicus] Delaying ResetAndWait of body Saturn until scene switch is complete
[LOG 11:05:50.612] [Kopernicus] Delaying ResetAndWait of body Saturn until scene switch is complete
[LOG 11:05:50.613] [Kopernicus] Delaying ResetAndWait of body Callisto until scene switch is complete
[LOG 11:05:50.613] [Kopernicus] Delaying ResetAndWait of body Ganymede until scene switch is complete
[LOG 11:05:50.613] [Kopernicus] Delaying ResetAndWait of body Europa until scene switch is complete
[LOG 11:05:50.613] [Kopernicus] Delaying ResetAndWait of body Io until scene switch is complete
[LOG 11:05:50.613] [Kopernicus] Delaying ResetAndWait of body Jupiter until scene switch is complete
[LOG 11:05:50.613] [Kopernicus] Delaying ResetAndWait of body Jupiter until scene switch is complete
[LOG 11:05:50.613] [Kopernicus] Delaying ResetAndWait of body Ceres until scene switch is complete
[LOG 11:05:50.613] [Kopernicus] Delaying ResetAndWait of body Vesta until scene switch is complete
[LOG 11:05:50.613] [Kopernicus] Delaying ResetAndWait of body Deimos until scene switch is complete
[LOG 11:05:50.613] [Kopernicus] Delaying ResetAndWait of body Phobos until scene switch is complete
[LOG 11:05:50.613] [Kopernicus] Delaying ResetAndWait of body Mars until scene switch is complete
[LOG 11:05:50.613] [Kopernicus] Delaying ResetAndWait of body Moon until scene switch is complete
[LOG 11:05:50.613] [Kopernicus] Delaying ResetAndWait of body Venus until scene switch is complete
[LOG 11:05:50.613] [Kopernicus] Delaying ResetAndWait of body Mercury until scene switch is complete
[LOG 11:05:50.731] KbApp.OnDestroy NullName
[LOG 11:05:50.731] [UIApp] OnDestroy: ActionGroupsApp
[LOG 11:05:50.731] KbApp.OnDestroy Planet Info
[LOG 11:05:50.732] KbApp.OnDestroy Planet Parameters
[LOG 11:05:50.732] [UIApp] OnDestroy: AlarmClock
[LOG 11:05:50.732] KbApp.OnDestroy Planet Resources
[LOG 11:05:50.732] [UIApp] OnDestroy: ResourceDisplay
[LOG 11:05:50.732] [UIApp] OnDestroy: Construction
[LOG 11:05:50.732] [UIApp] OnDestroy: ManeuverTool
[LOG 11:05:50.733] KbApp.OnDestroy Unowned Info
[LOG 11:05:50.733] KbApp.OnDestroy Vessel Info
[LOG 11:05:50.733] [UIApp] OnDestroy: Cargo
[LOG 11:05:50.733] KbApp.OnDestroy Vessel Crew
[LOG 11:05:50.733] [PlanetariumCamera]: Focus: Earth
[LOG 11:05:50.733] [UIApp] OnDestroy: KSPedia
[LOG 11:05:50.734] [UIApp] OnDestroy: DeltaVApp
[LOG 11:05:50.736] [KSPCF:MemoryLeaks] Removed a OnMapExited callback owned by a destroyed Assembly-CSharp:NavBallToggle instance
[LOG 11:05:50.736] [KSPCF:MemoryLeaks] Removed a OnGameSettingsApplied callback owned by a destroyed Assembly-CSharp:VesselAutopilotUI instance
[LOG 11:05:50.736] [KSPCF:MemoryLeaks] Removed a onPartActionUICreate callback owned by a destroyed Assembly-CSharp:ModuleInventoryPart instance
[LOG 11:05:50.736] [KSPCF:MemoryLeaks] Removed a onModuleInventoryChanged callback owned by a destroyed Assembly-CSharp:ModuleInventoryPart instance
[LOG 11:05:50.737] [KSPCF:MemoryLeaks] Removed a OnDestructibleLoaded callback owned by a destroyed Assembly-CSharp:RunwayCollisionHandler instance
[LOG 11:05:50.737] [KSPCF:MemoryLeaks] Removed a OnClick callback owned by a destroyed Assembly-CSharp:EVAConstructionModeEditor instance
[LOG 11:05:50.737] [KSPCF:MemoryLeaks] Removed a TimingManager.Instance.timing5.onLateUpdate callback owned by a destroyed Assembly-CSharp:MapView instance
[LOG 11:05:50.737] [KSPCF:MemoryLeaks] Leaving scene "Flight", cleaned 55 memory leaks in 0.002s. GameEvents callbacks : 745. Allocated memory : 729.52 MiB (managed heap), 2.238 GiB (unmanaged)
[LOG 11:05:50.742] UICanvasPrefabSpawner FlightUI spawning Flight
[LOG 11:05:50.754] UICanvasPrefabSpawner FlightUI spawning VesselLabels
[LOG 11:05:50.754] [UiApp] Awake: ResourceDisplay
[LOG 11:05:50.821] [AddonLoader]: Instantiating addon 'AeroGUI' from assembly 'KSP'
[LOG 11:05:50.829] [AddonLoader]: Instantiating addon 'ToolbarButton' from assembly 'Kopernicus'
[LOG 11:05:50.829] [AddonLoader]: Instantiating addon 'ShadowMan' from assembly 'Kopernicus'
[LOG 11:05:50.829] [AddonLoader]: Instantiating addon 'RenderTypeFixer' from assembly 'Kopernicus'
[LOG 11:05:50.829] [AddonLoader]: Instantiating addon 'AtmosphereFixer' from assembly 'Kopernicus'
[LOG 11:05:50.829] [AddonLoader]: Instantiating addon 'SinkingBugFix' from assembly 'Kopernicus'
[LOG 11:05:50.830] [AddonLoader]: Instantiating addon 'KSPDiagQuadSeams' from assembly 'KSPDiagQuadSeams'
[LOG 11:05:50.830] [KSPDiagQuadSeams] shader Hidden/Internal-Colored, depth test settable: True
[LOG 11:05:50.830] [AddonLoader]: Instantiating addon 'RealSolarSystemEditor' from assembly 'RealSolarSystem'
[LOG 11:05:50.830] [AddonLoader]: Instantiating addon 'RSSRunwayFix' from assembly 'RealSolarSystem'
[LOG 11:05:50.830] [AddonLoader]: Instantiating addon 'TimeWarpFixer' from assembly 'RealSolarSystem'
[LOG 11:05:50.831] [AddonLoader]: Instantiating addon 'VesselGroundPositionEnhancer' from assembly 'RealSolarSystem'
[LOG 11:05:50.831] [AddonLoader]: Instantiating addon 'RSSWatchDog' from assembly 'RealSolarSystem'
[LOG 11:05:50.831] [PlanetariumCamera]: Focus: Earth
[LOG 11:05:50.831] [UIMasterController]: HideUI
[LOG 11:05:51.057] [UIMasterController]: HideUI
[LOG 11:05:51.057] ------------------- initializing flight mode... ------------------
[LOG 11:05:51.058] GetSubclassesOfParentClass: Using cached results for AlarmTypeBase
[LOG 11:05:51.058] Loading Depletion Nodes
[LOG 11:05:51.058] DepNodeCount:  0
[LOG 11:05:51.058] Loading Biome Nodes
[LOG 11:05:51.058] BiomeNodeCount:  0
[LOG 11:05:51.058] Loading Planet Nodes
[LOG 11:05:51.058] PlanetNodeCount:  0
[LOG 11:05:51.059] [ScenarioDestructibles]: Loading... 0 objects registered
[LOG 11:05:51.084] Target vessel index: 18  vessel count: 19
[LOG 11:05:51.084] [FLIGHT GLOBALS]: Switching To Vessel Diag3-Rocket ---------------------- 
[LOG 11:05:51.084] setting new dominant body: Earth
FlightGlobals.mainBody: Earth
[LOG 11:05:51.084] Reference Frame: Rotating
[WRN 11:05:51.089] [Part]: Cannot have ModuleCargoPart and ModuleInventoryPart on same Part [Diag3-Rocket (unloaded)'. Removed ModuleCargoPart
[LOG 11:05:51.099] [Diag3-Rocket]: landed - waiting for ground contact to resume physics...
[LOG 11:05:51.099] Camera Mode: AUTO
[LOG 11:05:52.223] all systems started
[LOG 11:05:52.257] [ModularFlightIntegrator] MFI Start
[LOG 11:05:52.257] [ModularFlightIntegrator] Start. VesselModule on vessel : 
  ModularFlightIntegrator
  AxisGroupsModule
  CometVessel
  SuspensionLoadBalancer
  CommNetVessel

[LOG 11:05:52.259] [Kopernicus] Using Kopernicus Discoverable Object Spawner.
[LOG 11:05:52.303] [ShadowMan][Info] Running in unified camera mode
[LOG 11:05:52.303] [ShadowMan][Debug] Adding TweakShadowCascades: (0.002, 0.015, 0.035) to Camera Camera 00
[LOG 11:05:52.303] [ShadowMan][Debug] Default split: (0.050, 0.152, 0.264)
[LOG 11:05:52.303] [ShadowMan][Debug] Setting shadowmap resolution to: 8192 on SunLight
[LOG 11:05:52.312] [ShadowMan][Debug] Found rings for Saturn
[LOG 11:05:52.315] [ShadowMan][Debug] Kopernicus.ShadowMan setup done
[LOG 11:05:52.325] [KSPDiagQuadSeams] body Earth, radius 6371000 m, highest subdivision level 11, 15 vertices by side
[LOG 11:05:52.326] [KSPDiagQuadSeams] after an origin shift: 40 seam(s) between 33 quad(s) of level 11 and 17 coarser one(s); 320 shared vertices, gap mean 477.918 mm, max 1283.133 mm; largest on Kerbin Zn32010320131 (East, level 11) against Kerbin Zn3201032102 (West, level 10), where the finer quad is 1102.054 mm below the coarser one and 657.197 mm beside it, 18.6 km from the active vessel
[LOG 11:05:52.326] [RealSolarSystem] Setting TimeWarp rates...
[LOG 11:05:52.354] [UiApp] Awake: CurrencyWidgetsApp
[LOG 11:05:52.354] [UiApp] Awake: ResourceDisplay
[LOG 11:05:52.354] [UiApp] Awake: KSPedia
[LOG 11:05:52.354] [UiApp] Awake: Missions App
[LOG 11:05:52.354] [UiApp] Awake: DeltaVApp
[LOG 11:05:52.354] [UiApp] Awake: ActionGroupsApp
[LOG 11:05:52.354] [UiApp] Awake: Construction
[LOG 11:05:52.354] [UiApp] Awake: Cargo
[LOG 11:05:52.354] [UiApp] Awake: AlarmClock
[LOG 11:05:52.354] [UiApp] Awake: ManeuverTool
[LOG 11:05:52.355] [ApplicationLauncher] OnSceneLoadedGUIReady: scene FLIGHT ShouldBeVisible() True ShouldBeOnTop() True iIsPositionedAtTop True
[LOG 11:05:52.356] [KnowledgeBase] OnAppLauncherReady 11271
[LOG 11:05:52.362] [Kopernicus]: StarLightSwitcher: Set active star => Sun
[LOG 11:05:52.457] [UIApp] OnDestroy: Contracts
[LOG 11:05:52.468] [FlightIntegrator]: Reloaded drag cube for zeroed cube root part mk1pod.v2 (Diag3-Rocket) on vessel Diag3-Rocket
[LOG 11:05:52.469] [MessageSystem] Reposition 0.02 11272
[LOG 11:05:52.469] [GenericAppFrame] Reposition 0.02 11272
[LOG 11:05:52.469] [GenericAppFrame] Reposition 0.02 11272
[LOG 11:05:52.619] [KSPDiagQuadSeams] 60 seam(s) between 49 quad(s) of level 11 and 23 coarser one(s); 480 shared vertices, gap mean 456.267 mm, max 1293.307 mm; largest on Kerbin Zn32010323131 (East, level 11) against Kerbin Zn3201033202 (West, level 10), where the finer quad is 1110.548 mm below the coarser one and 662.817 mm beside it, 37.7 km from the active vessel
[LOG 11:05:52.621] [PlanetariumCamera]: Focus: Diag3-Rocket
[LOG 11:05:52.634] [UIApp] Adding ResourceDisplay to Application Launcher
[LOG 11:05:52.635] [UIApp] Adding ResourceDisplay to Application Launcher
[LOG 11:05:52.643] [ResourceDisplay] OnAppStarted(): id: -675984
[LOG 11:05:52.644] [GenericAppFrame] Reposition 0.1262597 11276
[LOG 11:05:52.644] [ResourceDisplay] OnAppStarted(): id: 265182
[LOG 11:05:52.644] ResourceDisplay already exist, destroying this instance
[LOG 11:05:52.644] [UIApp] OnDestroy: ResourceDisplay
[LOG 11:05:52.660] [UIApp] Adding AlarmClock to Application Launcher
[LOG 11:05:52.661] [UIApp] Adding ActionGroupsApp to Application Launcher
[LOG 11:05:52.662] [UIApp] Adding Missions App to Application Launcher
[LOG 11:05:52.663] CURRENCY WIDGET False False False
[LOG 11:05:52.665] [UIApp] OnDestroy: CurrencyWidgetsApp
[LOG 11:05:52.682] [GenericAppFrame] Reposition 0.1556704 11278
[LOG 11:05:52.684] [ActionGroupsApp] OnAppStarted(): id: -676008
[LOG 11:05:52.685] [GenericAppFrame] Reposition 0.1556704 11278
[LOG 11:05:52.685] [UIApp] Adding DeltaVApp to Application Launcher
[LOG 11:05:52.686] [MissionsApp] OnAppStarted(): id: -675996
[LOG 11:05:52.686] MissionsApp does not execute in this game mode, destroying this instance
[LOG 11:05:52.686] [UIApp] OnDestroy: Missions App
[LOG 11:05:52.696] [GenericAppFrame] Reposition 0.1768311 11279
[LOG 11:05:52.704] [UIApp] Adding Cargo to Application Launcher
[LOG 11:05:52.705] [UIApp] Adding Construction to Application Launcher
[LOG 11:05:52.706] [UIApp] Adding KSPedia to Application Launcher
[LOG 11:05:52.717] [UIApp] Adding ManeuverTool to Application Launcher
[LOG 11:05:52.718] [ApplicationLauncher] SetHidden: 
[LOG 11:05:52.735] [GenericAppFrame] Reposition 0.2143607 11282
[LOG 11:05:52.744] [ManeuverTool]: Found 1 transfer types
[LOG 11:05:52.782] Flight State Captured
[LOG 11:05:52.782] Saving Achievements Tree...
[LOG 11:05:52.783] [MessageSystem] Save Messages
[LOG 11:05:52.816] Game State Saved as persistent
[LOG 11:05:52.969] [Kopernicus] AtmosphereFixer => Patched AtmosphereFromGround for Uranus
[LOG 11:05:52.969] [Kopernicus] AtmosphereFixer => Patched AtmosphereFromGround for Titan
[LOG 11:05:52.969] [Kopernicus] AtmosphereFixer => Patched AtmosphereFromGround for Saturn
[LOG 11:05:52.970] [Kopernicus] AtmosphereFixer => Patched AtmosphereFromGround for Jupiter
[LOG 11:05:52.970] [Kopernicus] AtmosphereFixer => Patched AtmosphereFromGround for Mars
[LOG 11:05:52.970] [Kopernicus] AtmosphereFixer => Patched AtmosphereFromGround for Earth
[LOG 11:05:52.970] [Kopernicus] AtmosphereFixer => Patched AtmosphereFromGround for Venus
[LOG 11:05:53.457] [RealSolarSystem] Watchdog: Setting camera Camera 00 far clip to 1875000 so camera now has 1875000
[LOG 11:05:53.736] [Diag3-Rocket]: ground contact! - error. Moving Vessel  up 0.956m
[LOG 11:05:53.736] Unpacking Diag3-Rocket
[LOG 11:05:53.736] [RSS-VGPE] Vessel going off rails in PRELAUNCH, skipping 100 frames on CollisionEnhancer.
[LOG 11:05:53.749] [UIMasterController]: ShowUI
[LOG 11:05:57.878] [MessageSystem] Load Messages
[LOG 11:05:57.879] [UIMasterController]: HideUI
[LOG 11:05:57.928] [HighLogic]: =========================== Scene Change : From FLIGHT to FLIGHT =====================
[LOG 11:05:57.941] [Kopernicus] Delaying ResetAndWait of body Charon until scene switch is complete
[LOG 11:05:57.941] [Kopernicus] Delaying ResetAndWait of body Pluto until scene switch is complete
[LOG 11:05:57.941] [Kopernicus] Delaying ResetAndWait of body Triton until scene switch is complete
[LOG 11:05:57.941] [Kopernicus] Delaying ResetAndWait of body Neptune until scene switch is complete
[LOG 11:05:57.941] [Kopernicus] Delaying ResetAndWait of body Neptune until scene switch is complete
[LOG 11:05:57.941] [Kopernicus] Delaying ResetAndWait of body Oberon until scene switch is complete
[LOG 11:05:57.941] [Kopernicus] Delaying ResetAndWait of body Titania until scene switch is complete
[LOG 11:05:57.941] [Kopernicus] Delaying ResetAndWait of body Umbriel until scene switch is complete
[LOG 11:05:57.941] [Kopernicus] Delaying ResetAndWait of body Ariel until scene switch is complete
[LOG 11:05:57.941] [Kopernicus] Delaying ResetAndWait of body Miranda until scene switch is complete
[LOG 11:05:57.941] [Kopernicus] Delaying ResetAndWait of body Uranus until scene switch is complete
[LOG 11:05:57.941] [Kopernicus] Delaying ResetAndWait of body Uranus until scene switch is complete
[LOG 11:05:57.941] [Kopernicus] Delaying ResetAndWait of body Iapetus until scene switch is complete
[LOG 11:05:57.941] [Kopernicus] Delaying ResetAndWait of body Titan until scene switch is complete
[LOG 11:05:57.941] [Kopernicus] Delaying ResetAndWait of body Rhea until scene switch is complete
[LOG 11:05:57.941] [Kopernicus] Delaying ResetAndWait of body Dione until scene switch is complete
[LOG 11:05:57.941] [Kopernicus] Delaying ResetAndWait of body Tethys until scene switch is complete
[LOG 11:05:57.941] [Kopernicus] Delaying ResetAndWait of body Enceladus until scene switch is complete
[LOG 11:05:57.941] [Kopernicus] Delaying ResetAndWait of body Mimas until scene switch is complete
[LOG 11:05:57.941] [Kopernicus] Delaying ResetAndWait of body Saturn until scene switch is complete
[LOG 11:05:57.941] [Kopernicus] Delaying ResetAndWait of body Saturn until scene switch is complete
[LOG 11:05:57.941] [Kopernicus] Delaying ResetAndWait of body Callisto until scene switch is complete
[LOG 11:05:57.941] [Kopernicus] Delaying ResetAndWait of body Ganymede until scene switch is complete
[LOG 11:05:57.941] [Kopernicus] Delaying ResetAndWait of body Europa until scene switch is complete
[LOG 11:05:57.941] [Kopernicus] Delaying ResetAndWait of body Io until scene switch is complete
[LOG 11:05:57.941] [Kopernicus] Delaying ResetAndWait of body Jupiter until scene switch is complete
[LOG 11:05:57.942] [Kopernicus] Delaying ResetAndWait of body Jupiter until scene switch is complete
[LOG 11:05:57.942] [Kopernicus] Delaying ResetAndWait of body Ceres until scene switch is complete
[LOG 11:05:57.942] [Kopernicus] Delaying ResetAndWait of body Vesta until scene switch is complete
[LOG 11:05:57.942] [Kopernicus] Delaying ResetAndWait of body Deimos until scene switch is complete
[LOG 11:05:57.942] [Kopernicus] Delaying ResetAndWait of body Phobos until scene switch is complete
[LOG 11:05:57.942] [Kopernicus] Delaying ResetAndWait of body Mars until scene switch is complete
[LOG 11:05:57.942] [Kopernicus] Delaying ResetAndWait of body Moon until scene switch is complete
[LOG 11:05:57.942] [Kopernicus] Delaying ResetAndWait of body Venus until scene switch is complete
[LOG 11:05:57.942] [Kopernicus] Delaying ResetAndWait of body Mercury until scene switch is complete
[LOG 11:05:58.055] KbApp.OnDestroy NullName
[LOG 11:05:58.055] KbApp.OnDestroy Planet Resources
[LOG 11:05:58.056] KbApp.OnDestroy Vessel Crew
[LOG 11:05:58.056] [UIApp] OnDestroy: ManeuverTool
[LOG 11:05:58.056] KbApp.OnDestroy Planet Info
[LOG 11:05:58.056] [UIApp] OnDestroy: AlarmClock
[LOG 11:05:58.057] [PlanetariumCamera]: Focus: Earth
[LOG 11:05:58.057] [UIApp] OnDestroy: Construction
[LOG 11:05:58.057] KbApp.OnDestroy Unowned Info
[LOG 11:05:58.057] [UIApp] OnDestroy: KSPedia
[LOG 11:05:58.057] KbApp.OnDestroy Vessel Info
[LOG 11:05:58.059] [UIApp] OnDestroy: ResourceDisplay
[LOG 11:05:58.059] KbApp.OnDestroy Planet Parameters
[LOG 11:05:58.059] [UIApp] OnDestroy: DeltaVApp
[LOG 11:05:58.059] [UIApp] OnDestroy: Cargo
[LOG 11:05:58.059] [UIApp] OnDestroy: ActionGroupsApp
[LOG 11:05:58.061] [KSPCF:MemoryLeaks] Removed a OnMapExited callback owned by a destroyed Assembly-CSharp:NavBallToggle instance
[LOG 11:05:58.061] [KSPCF:MemoryLeaks] Removed a OnGameSettingsApplied callback owned by a destroyed Assembly-CSharp:VesselAutopilotUI instance
[LOG 11:05:58.061] [KSPCF:MemoryLeaks] Removed a onPartActionUICreate callback owned by a destroyed Assembly-CSharp:ModuleInventoryPart instance
[LOG 11:05:58.061] [KSPCF:MemoryLeaks] Removed a onModuleInventoryChanged callback owned by a destroyed Assembly-CSharp:ModuleInventoryPart instance
[LOG 11:05:58.061] [KSPCF:MemoryLeaks] Removed a OnDestructibleLoaded callback owned by a destroyed Assembly-CSharp:RunwayCollisionHandler instance
[LOG 11:05:58.061] [KSPCF:MemoryLeaks] Removed a OnClick callback owned by a destroyed Assembly-CSharp:EVAConstructionModeEditor instance
[LOG 11:05:58.062] [KSPCF:MemoryLeaks] Removed a TimingManager.Instance.timing5.onLateUpdate callback owned by a destroyed Assembly-CSharp:MapView instance
[LOG 11:05:58.062] [KSPCF:MemoryLeaks] Leaving scene "Flight", cleaned 55 memory leaks in 0.002s. GameEvents callbacks : 745. Allocated memory : 729.582 MiB (managed heap), 2.24 GiB (unmanaged)
[LOG 11:05:58.067] UICanvasPrefabSpawner FlightUI spawning Flight
[LOG 11:05:58.079] UICanvasPrefabSpawner FlightUI spawning VesselLabels
[LOG 11:05:58.079] [UiApp] Awake: ResourceDisplay
[LOG 11:05:58.146] [AddonLoader]: Instantiating addon 'AeroGUI' from assembly 'KSP'
[LOG 11:05:58.155] [AddonLoader]: Instantiating addon 'ToolbarButton' from assembly 'Kopernicus'
[LOG 11:05:58.155] [AddonLoader]: Instantiating addon 'ShadowMan' from assembly 'Kopernicus'
[LOG 11:05:58.155] [AddonLoader]: Instantiating addon 'RenderTypeFixer' from assembly 'Kopernicus'
[LOG 11:05:58.155] [AddonLoader]: Instantiating addon 'AtmosphereFixer' from assembly 'Kopernicus'
[LOG 11:05:58.155] [AddonLoader]: Instantiating addon 'SinkingBugFix' from assembly 'Kopernicus'
[LOG 11:05:58.156] [AddonLoader]: Instantiating addon 'KSPDiagQuadSeams' from assembly 'KSPDiagQuadSeams'
[LOG 11:05:58.156] [KSPDiagQuadSeams] shader Hidden/Internal-Colored, depth test settable: True
[LOG 11:05:58.156] [AddonLoader]: Instantiating addon 'RealSolarSystemEditor' from assembly 'RealSolarSystem'
[LOG 11:05:58.157] [AddonLoader]: Instantiating addon 'RSSRunwayFix' from assembly 'RealSolarSystem'
[LOG 11:05:58.157] [AddonLoader]: Instantiating addon 'TimeWarpFixer' from assembly 'RealSolarSystem'
[LOG 11:05:58.157] [AddonLoader]: Instantiating addon 'VesselGroundPositionEnhancer' from assembly 'RealSolarSystem'
[LOG 11:05:58.157] [AddonLoader]: Instantiating addon 'RSSWatchDog' from assembly 'RealSolarSystem'
[LOG 11:05:58.157] [PlanetariumCamera]: Focus: Earth
[LOG 11:05:58.157] [UIMasterController]: HideUI
[LOG 11:05:58.382] [UIMasterController]: HideUI
[LOG 11:05:58.382] ------------------- initializing flight mode... ------------------
[LOG 11:05:58.383] GetSubclassesOfParentClass: Using cached results for AlarmTypeBase
[LOG 11:05:58.383] Loading Depletion Nodes
[LOG 11:05:58.383] DepNodeCount:  0
[LOG 11:05:58.383] Loading Biome Nodes
[LOG 11:05:58.383] BiomeNodeCount:  0
[LOG 11:05:58.383] Loading Planet Nodes
[LOG 11:05:58.383] PlanetNodeCount:  0
[LOG 11:05:58.384] [ScenarioDestructibles]: Loading... 0 objects registered
[LOG 11:05:58.411] Target vessel index: 18  vessel count: 19
[LOG 11:05:58.411] [FLIGHT GLOBALS]: Switching To Vessel Diag3-Rocket ---------------------- 
[LOG 11:05:58.411] setting new dominant body: Earth
FlightGlobals.mainBody: Earth
[LOG 11:05:58.411] Reference Frame: Rotating
[WRN 11:05:58.417] [Part]: Cannot have ModuleCargoPart and ModuleInventoryPart on same Part [Diag3-Rocket (unloaded)'. Removed ModuleCargoPart
[LOG 11:05:58.426] [Diag3-Rocket]: landed - waiting for ground contact to resume physics...
[LOG 11:05:58.427] Camera Mode: AUTO
[LOG 11:05:59.556] all systems started
[LOG 11:05:59.590] [ModularFlightIntegrator] MFI Start
[LOG 11:05:59.590] [ModularFlightIntegrator] Start. VesselModule on vessel : 
  ModularFlightIntegrator
  AxisGroupsModule
  CometVessel
  SuspensionLoadBalancer
  CommNetVessel

[LOG 11:05:59.592] [Kopernicus] Using Kopernicus Discoverable Object Spawner.
[LOG 11:05:59.636] [ShadowMan][Info] Running in unified camera mode
[LOG 11:05:59.636] [ShadowMan][Debug] Adding TweakShadowCascades: (0.002, 0.015, 0.035) to Camera Camera 00
[LOG 11:05:59.636] [ShadowMan][Debug] Default split: (0.050, 0.152, 0.264)
[LOG 11:05:59.637] [ShadowMan][Debug] Setting shadowmap resolution to: 8192 on SunLight
[LOG 11:05:59.647] [ShadowMan][Debug] Found rings for Saturn
[LOG 11:05:59.652] [ShadowMan][Debug] Kopernicus.ShadowMan setup done
[LOG 11:05:59.663] [KSPDiagQuadSeams] body Earth, radius 6371000 m, highest subdivision level 11, 15 vertices by side
[LOG 11:05:59.663] [KSPDiagQuadSeams] after an origin shift: 40 seam(s) between 33 quad(s) of level 11 and 17 coarser one(s); 320 shared vertices, gap mean 924.488 mm, max 1878.822 mm; largest on Kerbin Zn32010320032 (West, level 11) against Kerbin Zn3201032002 (East, level 10), where the finer quad is 1613.566 mm below the coarser one and 962.485 mm beside it, 41.0 km from the active vessel
[LOG 11:05:59.664] [RealSolarSystem] Setting TimeWarp rates...
[LOG 11:05:59.690] [UiApp] Awake: CurrencyWidgetsApp
[LOG 11:05:59.691] [UiApp] Awake: ResourceDisplay
[LOG 11:05:59.691] [UiApp] Awake: KSPedia
[LOG 11:05:59.691] [UiApp] Awake: Missions App
[LOG 11:05:59.691] [UiApp] Awake: DeltaVApp
[LOG 11:05:59.691] [UiApp] Awake: ActionGroupsApp
[LOG 11:05:59.691] [UiApp] Awake: Construction
[LOG 11:05:59.691] [UiApp] Awake: Cargo
[LOG 11:05:59.691] [UiApp] Awake: AlarmClock
[LOG 11:05:59.691] [UiApp] Awake: ManeuverTool
[LOG 11:05:59.691] [ApplicationLauncher] OnSceneLoadedGUIReady: scene FLIGHT ShouldBeVisible() True ShouldBeOnTop() True iIsPositionedAtTop True
[LOG 11:05:59.692] [KnowledgeBase] OnAppLauncherReady 11619
[LOG 11:05:59.698] [Kopernicus]: StarLightSwitcher: Set active star => Sun
[LOG 11:05:59.792] [UIApp] OnDestroy: Contracts
[LOG 11:05:59.801] [FlightIntegrator]: Reloaded drag cube for zeroed cube root part mk1pod.v2 (Diag3-Rocket) on vessel Diag3-Rocket
[LOG 11:05:59.802] [MessageSystem] Reposition 0.02 11620
[LOG 11:05:59.803] [GenericAppFrame] Reposition 0.02 11620
[LOG 11:05:59.803] [GenericAppFrame] Reposition 0.02 11620
[LOG 11:05:59.951] [KSPDiagQuadSeams] 60 seam(s) between 49 quad(s) of level 11 and 23 coarser one(s); 480 shared vertices, gap mean 988.242 mm, max 1878.822 mm; largest on Kerbin Zn32010320032 (West, level 11) against Kerbin Zn3201032002 (East, level 10), where the finer quad is 1613.566 mm below the coarser one and 962.485 mm beside it, 41.0 km from the active vessel
[LOG 11:05:59.953] [PlanetariumCamera]: Focus: Diag3-Rocket
[LOG 11:05:59.965] [UIApp] Adding ResourceDisplay to Application Launcher
[LOG 11:05:59.967] [UIApp] Adding ResourceDisplay to Application Launcher
[LOG 11:05:59.976] [ResourceDisplay] OnAppStarted(): id: -723148
[LOG 11:05:59.976] [GenericAppFrame] Reposition 0.1254258 11624
[LOG 11:05:59.976] [ResourceDisplay] OnAppStarted(): id: 265314
[LOG 11:05:59.977] ResourceDisplay already exist, destroying this instance
[LOG 11:05:59.977] [UIApp] OnDestroy: ResourceDisplay
[LOG 11:06:00.004] [UIApp] Adding AlarmClock to Application Launcher
[LOG 11:06:00.005] [UIApp] Adding ActionGroupsApp to Application Launcher
[LOG 11:06:00.014] [UIApp] Adding Missions App to Application Launcher
[LOG 11:06:00.015] CURRENCY WIDGET False False False
[LOG 11:06:00.018] [UIApp] OnDestroy: CurrencyWidgetsApp
[LOG 11:06:00.037] [GenericAppFrame] Reposition 0.1745516 11626
[LOG 11:06:00.039] [ActionGroupsApp] OnAppStarted(): id: -723172
[LOG 11:06:00.039] [GenericAppFrame] Reposition 0.1745516 11626
[LOG 11:06:00.040] [UIApp] Adding DeltaVApp to Application Launcher
[LOG 11:06:00.040] [MissionsApp] OnAppStarted(): id: -723160
[LOG 11:06:00.040] MissionsApp does not execute in this game mode, destroying this instance
[LOG 11:06:00.040] [UIApp] OnDestroy: Missions App
[LOG 11:06:00.050] [GenericAppFrame] Reposition 0.1996307 11627
[LOG 11:06:00.060] [UIApp] Adding Cargo to Application Launcher
[LOG 11:06:00.062] [UIApp] Adding Construction to Application Launcher
[LOG 11:06:00.063] [UIApp] Adding KSPedia to Application Launcher
[LOG 11:06:00.074] [UIApp] Adding ManeuverTool to Application Launcher
[LOG 11:06:00.075] [ApplicationLauncher] SetHidden: 
[LOG 11:06:00.088] [GenericAppFrame] Reposition 0.234877 11630
[LOG 11:06:00.097] [ManeuverTool]: Found 1 transfer types
[LOG 11:06:00.132] Flight State Captured
[LOG 11:06:00.132] Saving Achievements Tree...
[LOG 11:06:00.132] [MessageSystem] Save Messages
[LOG 11:06:00.157] Game State Saved as persistent
[LOG 11:06:00.297] [Kopernicus] AtmosphereFixer => Patched AtmosphereFromGround for Uranus
[LOG 11:06:00.297] [Kopernicus] AtmosphereFixer => Patched AtmosphereFromGround for Titan
[LOG 11:06:00.297] [Kopernicus] AtmosphereFixer => Patched AtmosphereFromGround for Saturn
[LOG 11:06:00.297] [Kopernicus] AtmosphereFixer => Patched AtmosphereFromGround for Jupiter
[LOG 11:06:00.297] [Kopernicus] AtmosphereFixer => Patched AtmosphereFromGround for Mars
[LOG 11:06:00.297] [Kopernicus] AtmosphereFixer => Patched AtmosphereFromGround for Earth
[LOG 11:06:00.297] [Kopernicus] AtmosphereFixer => Patched AtmosphereFromGround for Venus
[LOG 11:06:00.769] [RealSolarSystem] Watchdog: Setting camera Camera 00 far clip to 1875000 so camera now has 1875000
[LOG 11:06:01.082] [Diag3-Rocket]: ground contact! - error. Moving Vessel  up 0.840m
[LOG 11:06:01.082] Unpacking Diag3-Rocket
[LOG 11:06:01.083] [RSS-VGPE] Vessel going off rails in PRELAUNCH, skipping 100 frames on CollisionEnhancer.
[LOG 11:06:01.096] [UIMasterController]: ShowUI
[LOG 11:06:05.226] [MessageSystem] Load Messages
[LOG 11:06:05.227] [UIMasterController]: HideUI
[LOG 11:06:05.270] [HighLogic]: =========================== Scene Change : From FLIGHT to FLIGHT =====================
[LOG 11:06:05.271] [Kopernicus] Delaying ResetAndWait of body Charon until scene switch is complete
[LOG 11:06:05.271] [Kopernicus] Delaying ResetAndWait of body Pluto until scene switch is complete
[LOG 11:06:05.271] [Kopernicus] Delaying ResetAndWait of body Triton until scene switch is complete
[LOG 11:06:05.271] [Kopernicus] Delaying ResetAndWait of body Neptune until scene switch is complete
[LOG 11:06:05.271] [Kopernicus] Delaying ResetAndWait of body Neptune until scene switch is complete
[LOG 11:06:05.271] [Kopernicus] Delaying ResetAndWait of body Oberon until scene switch is complete
[LOG 11:06:05.271] [Kopernicus] Delaying ResetAndWait of body Titania until scene switch is complete
[LOG 11:06:05.271] [Kopernicus] Delaying ResetAndWait of body Umbriel until scene switch is complete
[LOG 11:06:05.271] [Kopernicus] Delaying ResetAndWait of body Ariel until scene switch is complete
[LOG 11:06:05.271] [Kopernicus] Delaying ResetAndWait of body Miranda until scene switch is complete
[LOG 11:06:05.271] [Kopernicus] Delaying ResetAndWait of body Uranus until scene switch is complete
[LOG 11:06:05.271] [Kopernicus] Delaying ResetAndWait of body Uranus until scene switch is complete
[LOG 11:06:05.271] [Kopernicus] Delaying ResetAndWait of body Iapetus until scene switch is complete
[LOG 11:06:05.271] [Kopernicus] Delaying ResetAndWait of body Titan until scene switch is complete
[LOG 11:06:05.271] [Kopernicus] Delaying ResetAndWait of body Rhea until scene switch is complete
[LOG 11:06:05.271] [Kopernicus] Delaying ResetAndWait of body Dione until scene switch is complete
[LOG 11:06:05.271] [Kopernicus] Delaying ResetAndWait of body Tethys until scene switch is complete
[LOG 11:06:05.271] [Kopernicus] Delaying ResetAndWait of body Enceladus until scene switch is complete
[LOG 11:06:05.271] [Kopernicus] Delaying ResetAndWait of body Mimas until scene switch is complete
[LOG 11:06:05.271] [Kopernicus] Delaying ResetAndWait of body Saturn until scene switch is complete
[LOG 11:06:05.271] [Kopernicus] Delaying ResetAndWait of body Saturn until scene switch is complete
[LOG 11:06:05.271] [Kopernicus] Delaying ResetAndWait of body Callisto until scene switch is complete
[LOG 11:06:05.271] [Kopernicus] Delaying ResetAndWait of body Ganymede until scene switch is complete
[LOG 11:06:05.271] [Kopernicus] Delaying ResetAndWait of body Europa until scene switch is complete
[LOG 11:06:05.271] [Kopernicus] Delaying ResetAndWait of body Io until scene switch is complete
[LOG 11:06:05.271] [Kopernicus] Delaying ResetAndWait of body Jupiter until scene switch is complete
[LOG 11:06:05.271] [Kopernicus] Delaying ResetAndWait of body Jupiter until scene switch is complete
[LOG 11:06:05.271] [Kopernicus] Delaying ResetAndWait of body Ceres until scene switch is complete
[LOG 11:06:05.271] [Kopernicus] Delaying ResetAndWait of body Vesta until scene switch is complete
[LOG 11:06:05.271] [Kopernicus] Delaying ResetAndWait of body Deimos until scene switch is complete
[LOG 11:06:05.271] [Kopernicus] Delaying ResetAndWait of body Phobos until scene switch is complete
[LOG 11:06:05.271] [Kopernicus] Delaying ResetAndWait of body Mars until scene switch is complete
[LOG 11:06:05.271] [Kopernicus] Delaying ResetAndWait of body Moon until scene switch is complete
[LOG 11:06:05.271] [Kopernicus] Delaying ResetAndWait of body Venus until scene switch is complete
[LOG 11:06:05.271] [Kopernicus] Delaying ResetAndWait of body Mercury until scene switch is complete
[LOG 11:06:05.389] KbApp.OnDestroy Planet Resources
[LOG 11:06:05.390] [UIApp] OnDestroy: ActionGroupsApp
[LOG 11:06:05.390] [UIApp] OnDestroy: AlarmClock
[LOG 11:06:05.390] [UIApp] OnDestroy: ManeuverTool
[LOG 11:06:05.390] [UIApp] OnDestroy: DeltaVApp
[LOG 11:06:05.391] [UIApp] OnDestroy: Construction
[LOG 11:06:05.391] KbApp.OnDestroy NullName
[LOG 11:06:05.391] [PlanetariumCamera]: Focus: Earth
[LOG 11:06:05.391] KbApp.OnDestroy Vessel Crew
[LOG 11:06:05.391] KbApp.OnDestroy Unowned Info
[LOG 11:06:05.391] KbApp.OnDestroy Planet Info
[LOG 11:06:05.391] [UIApp] OnDestroy: KSPedia
[LOG 11:06:05.391] [UIApp] OnDestroy: ResourceDisplay
[LOG 11:06:05.391] KbApp.OnDestroy Planet Parameters
[LOG 11:06:05.392] [UIApp] OnDestroy: Cargo
[LOG 11:06:05.393] KbApp.OnDestroy Vessel Info
[LOG 11:06:05.394] [KSPCF:MemoryLeaks] Removed a OnMapExited callback owned by a destroyed Assembly-CSharp:NavBallToggle instance
[LOG 11:06:05.394] [KSPCF:MemoryLeaks] Removed a OnGameSettingsApplied callback owned by a destroyed Assembly-CSharp:VesselAutopilotUI instance
[LOG 11:06:05.394] [KSPCF:MemoryLeaks] Removed a onPartActionUICreate callback owned by a destroyed Assembly-CSharp:ModuleInventoryPart instance
[LOG 11:06:05.394] [KSPCF:MemoryLeaks] Removed a onModuleInventoryChanged callback owned by a destroyed Assembly-CSharp:ModuleInventoryPart instance
[LOG 11:06:05.395] [KSPCF:MemoryLeaks] Removed a OnDestructibleLoaded callback owned by a destroyed Assembly-CSharp:RunwayCollisionHandler instance
[LOG 11:06:05.395] [KSPCF:MemoryLeaks] Removed a OnClick callback owned by a destroyed Assembly-CSharp:EVAConstructionModeEditor instance
[LOG 11:06:05.395] [KSPCF:MemoryLeaks] Removed a TimingManager.Instance.timing5.onLateUpdate callback owned by a destroyed Assembly-CSharp:MapView instance
[LOG 11:06:05.395] [KSPCF:MemoryLeaks] Leaving scene "Flight", cleaned 55 memory leaks in 0.002s. GameEvents callbacks : 745. Allocated memory : 729.441 MiB (managed heap), 2.241 GiB (unmanaged)
[LOG 11:06:05.400] UICanvasPrefabSpawner FlightUI spawning Flight
[LOG 11:06:05.414] UICanvasPrefabSpawner FlightUI spawning VesselLabels
[LOG 11:06:05.414] [UiApp] Awake: ResourceDisplay
[LOG 11:06:05.478] [AddonLoader]: Instantiating addon 'AeroGUI' from assembly 'KSP'
[LOG 11:06:05.487] [AddonLoader]: Instantiating addon 'ToolbarButton' from assembly 'Kopernicus'
[LOG 11:06:05.487] [AddonLoader]: Instantiating addon 'ShadowMan' from assembly 'Kopernicus'
[LOG 11:06:05.487] [AddonLoader]: Instantiating addon 'RenderTypeFixer' from assembly 'Kopernicus'
[LOG 11:06:05.487] [AddonLoader]: Instantiating addon 'AtmosphereFixer' from assembly 'Kopernicus'
[LOG 11:06:05.487] [AddonLoader]: Instantiating addon 'SinkingBugFix' from assembly 'Kopernicus'
[LOG 11:06:05.488] [AddonLoader]: Instantiating addon 'KSPDiagQuadSeams' from assembly 'KSPDiagQuadSeams'
[LOG 11:06:05.488] [KSPDiagQuadSeams] shader Hidden/Internal-Colored, depth test settable: True
[LOG 11:06:05.489] [AddonLoader]: Instantiating addon 'RealSolarSystemEditor' from assembly 'RealSolarSystem'
[LOG 11:06:05.489] [AddonLoader]: Instantiating addon 'RSSRunwayFix' from assembly 'RealSolarSystem'
[LOG 11:06:05.489] [AddonLoader]: Instantiating addon 'TimeWarpFixer' from assembly 'RealSolarSystem'
[LOG 11:06:05.489] [AddonLoader]: Instantiating addon 'VesselGroundPositionEnhancer' from assembly 'RealSolarSystem'
[LOG 11:06:05.489] [AddonLoader]: Instantiating addon 'RSSWatchDog' from assembly 'RealSolarSystem'
[LOG 11:06:05.489] [PlanetariumCamera]: Focus: Earth
[LOG 11:06:05.489] [UIMasterController]: HideUI
[LOG 11:06:05.719] [UIMasterController]: HideUI
[LOG 11:06:05.719] ------------------- initializing flight mode... ------------------
[LOG 11:06:05.721] GetSubclassesOfParentClass: Using cached results for AlarmTypeBase
[LOG 11:06:05.721] Loading Depletion Nodes
[LOG 11:06:05.722] DepNodeCount:  0
[LOG 11:06:05.722] Loading Biome Nodes
[LOG 11:06:05.722] BiomeNodeCount:  0
[LOG 11:06:05.722] Loading Planet Nodes
[LOG 11:06:05.722] PlanetNodeCount:  0
[LOG 11:06:05.723] [ScenarioDestructibles]: Loading... 0 objects registered
[LOG 11:06:05.747] Target vessel index: 18  vessel count: 19
[LOG 11:06:05.747] [FLIGHT GLOBALS]: Switching To Vessel Diag3-Rocket ---------------------- 
[LOG 11:06:05.748] setting new dominant body: Earth
FlightGlobals.mainBody: Earth
[LOG 11:06:05.748] Reference Frame: Rotating
[WRN 11:06:05.753] [Part]: Cannot have ModuleCargoPart and ModuleInventoryPart on same Part [Diag3-Rocket (unloaded)'. Removed ModuleCargoPart
[LOG 11:06:05.762] [Diag3-Rocket]: landed - waiting for ground contact to resume physics...
[LOG 11:06:05.763] Camera Mode: AUTO
[LOG 11:06:06.880] all systems started
[LOG 11:06:06.918] [ModularFlightIntegrator] MFI Start
[LOG 11:06:06.918] [ModularFlightIntegrator] Start. VesselModule on vessel : 
  ModularFlightIntegrator
  AxisGroupsModule
  CometVessel
  SuspensionLoadBalancer
  CommNetVessel

[LOG 11:06:06.919] [Kopernicus] Using Kopernicus Discoverable Object Spawner.
[LOG 11:06:06.968] [ShadowMan][Info] Running in unified camera mode
[LOG 11:06:06.968] [ShadowMan][Debug] Adding TweakShadowCascades: (0.002, 0.015, 0.035) to Camera Camera 00
[LOG 11:06:06.968] [ShadowMan][Debug] Default split: (0.050, 0.152, 0.264)
[LOG 11:06:06.968] [ShadowMan][Debug] Setting shadowmap resolution to: 8192 on SunLight
[LOG 11:06:06.978] [ShadowMan][Debug] Found rings for Saturn
[LOG 11:06:06.981] [ShadowMan][Debug] Kopernicus.ShadowMan setup done
[LOG 11:06:06.992] [KSPDiagQuadSeams] body Earth, radius 6371000 m, highest subdivision level 11, 15 vertices by side
[LOG 11:06:06.993] [KSPDiagQuadSeams] after an origin shift: 40 seam(s) between 33 quad(s) of level 11 and 17 coarser one(s); 320 shared vertices, gap mean 1556.031 mm, max 2396.583 mm; largest on Kerbin Zn32010320233 (North, level 11) against Kerbin Zn3201032201 (South, level 10), where the finer quad is 2097.646 mm below the coarser one and 1159.090 mm beside it, 35.9 km from the active vessel
[LOG 11:06:06.993] [RealSolarSystem] Setting TimeWarp rates...
[LOG 11:06:07.022] [UiApp] Awake: CurrencyWidgetsApp
[LOG 11:06:07.022] [UiApp] Awake: ResourceDisplay
[LOG 11:06:07.023] [UiApp] Awake: KSPedia
[LOG 11:06:07.023] [UiApp] Awake: Missions App
[LOG 11:06:07.023] [UiApp] Awake: DeltaVApp
[LOG 11:06:07.023] [UiApp] Awake: ActionGroupsApp
[LOG 11:06:07.023] [UiApp] Awake: Construction
[LOG 11:06:07.023] [UiApp] Awake: Cargo
[LOG 11:06:07.023] [UiApp] Awake: AlarmClock
[LOG 11:06:07.023] [UiApp] Awake: ManeuverTool
[LOG 11:06:07.023] [ApplicationLauncher] OnSceneLoadedGUIReady: scene FLIGHT ShouldBeVisible() True ShouldBeOnTop() True iIsPositionedAtTop True
[LOG 11:06:07.025] [KnowledgeBase] OnAppLauncherReady 11966
[LOG 11:06:07.030] [Kopernicus]: StarLightSwitcher: Set active star => Sun
[LOG 11:06:07.121] [UIApp] OnDestroy: Contracts
[LOG 11:06:07.131] [FlightIntegrator]: Reloaded drag cube for zeroed cube root part mk1pod.v2 (Diag3-Rocket) on vessel Diag3-Rocket
[LOG 11:06:07.132] [MessageSystem] Reposition 0.02 11967
[LOG 11:06:07.132] [GenericAppFrame] Reposition 0.02 11967
[LOG 11:06:07.132] [GenericAppFrame] Reposition 0.02 11967
[LOG 11:06:07.291] [KSPDiagQuadSeams] 60 seam(s) between 49 quad(s) of level 11 and 23 coarser one(s); 480 shared vertices, gap mean 1603.804 mm, max 2521.736 mm; largest on Kerbin Zn32010323203 (North, level 11) against Kerbin Zn3201032322 (South, level 10), where the finer quad is 2191.695 mm below the coarser one and 1247.246 mm beside it, 37.2 km from the active vessel
[LOG 11:06:07.293] [PlanetariumCamera]: Focus: Diag3-Rocket
[LOG 11:06:07.308] [UIApp] Adding ResourceDisplay to Application Launcher
[LOG 11:06:07.310] [UIApp] Adding ResourceDisplay to Application Launcher
[LOG 11:06:07.318] [ResourceDisplay] OnAppStarted(): id: -770302
[LOG 11:06:07.319] [GenericAppFrame] Reposition 0.1292246 11971
[LOG 11:06:07.319] [ResourceDisplay] OnAppStarted(): id: 265446
[LOG 11:06:07.319] ResourceDisplay already exist, destroying this instance
[LOG 11:06:07.319] [UIApp] OnDestroy: ResourceDisplay
[LOG 11:06:07.335] [UIApp] Adding AlarmClock to Application Launcher
[LOG 11:06:07.336] [UIApp] Adding ActionGroupsApp to Application Launcher
[LOG 11:06:07.336] [UIApp] Adding Missions App to Application Launcher
[LOG 11:06:07.337] CURRENCY WIDGET False False False
[LOG 11:06:07.340] [UIApp] OnDestroy: CurrencyWidgetsApp
[LOG 11:06:07.359] [GenericAppFrame] Reposition 0.1574326 11973
[LOG 11:06:07.363] [ActionGroupsApp] OnAppStarted(): id: -770326
[LOG 11:06:07.364] [GenericAppFrame] Reposition 0.1574326 11973
[LOG 11:06:07.364] [UIApp] Adding DeltaVApp to Application Launcher
[LOG 11:06:07.365] [MissionsApp] OnAppStarted(): id: -770314
[LOG 11:06:07.365] MissionsApp does not execute in this game mode, destroying this instance
[LOG 11:06:07.365] [UIApp] OnDestroy: Missions App
[LOG 11:06:07.375] [GenericAppFrame] Reposition 0.1846673 11974
[LOG 11:06:07.386] [UIApp] Adding Cargo to Application Launcher
[LOG 11:06:07.387] [UIApp] Adding Construction to Application Launcher
[LOG 11:06:07.388] [UIApp] Adding KSPedia to Application Launcher
[LOG 11:06:07.399] [UIApp] Adding ManeuverTool to Application Launcher
[LOG 11:06:07.400] [ApplicationLauncher] SetHidden: 
[LOG 11:06:07.412] [GenericAppFrame] Reposition 0.2191246 11977
[LOG 11:06:07.421] [ManeuverTool]: Found 1 transfer types
[LOG 11:06:07.461] Flight State Captured
[LOG 11:06:07.462] Saving Achievements Tree...
[LOG 11:06:07.462] [MessageSystem] Save Messages
[LOG 11:06:07.491] Game State Saved as persistent
[LOG 11:06:07.639] [Kopernicus] AtmosphereFixer => Patched AtmosphereFromGround for Uranus
[LOG 11:06:07.639] [Kopernicus] AtmosphereFixer => Patched AtmosphereFromGround for Titan
[LOG 11:06:07.639] [Kopernicus] AtmosphereFixer => Patched AtmosphereFromGround for Saturn
[LOG 11:06:07.640] [Kopernicus] AtmosphereFixer => Patched AtmosphereFromGround for Jupiter
[LOG 11:06:07.640] [Kopernicus] AtmosphereFixer => Patched AtmosphereFromGround for Mars
[LOG 11:06:07.640] [Kopernicus] AtmosphereFixer => Patched AtmosphereFromGround for Earth
[LOG 11:06:07.640] [Kopernicus] AtmosphereFixer => Patched AtmosphereFromGround for Venus
[LOG 11:06:08.113] [RealSolarSystem] Watchdog: Setting camera Camera 00 far clip to 1875000 so camera now has 1875000
[LOG 11:06:08.459] [Diag3-Rocket]: ground contact! - error. Moving Vessel  up 0.989m
[LOG 11:06:08.459] Unpacking Diag3-Rocket
[LOG 11:06:08.459] [RSS-VGPE] Vessel going off rails in PRELAUNCH, skipping 100 frames on CollisionEnhancer.
[LOG 11:06:08.473] [UIMasterController]: ShowUI
[LOG 11:06:12.609] [MessageSystem] Load Messages
[LOG 11:06:12.611] [UIMasterController]: HideUI
[LOG 11:06:12.655] [HighLogic]: =========================== Scene Change : From FLIGHT to FLIGHT =====================
[LOG 11:06:12.656] [Kopernicus] Delaying ResetAndWait of body Charon until scene switch is complete
[LOG 11:06:12.656] [Kopernicus] Delaying ResetAndWait of body Pluto until scene switch is complete
[LOG 11:06:12.656] [Kopernicus] Delaying ResetAndWait of body Triton until scene switch is complete
[LOG 11:06:12.656] [Kopernicus] Delaying ResetAndWait of body Neptune until scene switch is complete
[LOG 11:06:12.656] [Kopernicus] Delaying ResetAndWait of body Neptune until scene switch is complete
[LOG 11:06:12.656] [Kopernicus] Delaying ResetAndWait of body Oberon until scene switch is complete
[LOG 11:06:12.656] [Kopernicus] Delaying ResetAndWait of body Titania until scene switch is complete
[LOG 11:06:12.656] [Kopernicus] Delaying ResetAndWait of body Umbriel until scene switch is complete
[LOG 11:06:12.656] [Kopernicus] Delaying ResetAndWait of body Ariel until scene switch is complete
[LOG 11:06:12.656] [Kopernicus] Delaying ResetAndWait of body Miranda until scene switch is complete
[LOG 11:06:12.656] [Kopernicus] Delaying ResetAndWait of body Uranus until scene switch is complete
[LOG 11:06:12.656] [Kopernicus] Delaying ResetAndWait of body Uranus until scene switch is complete
[LOG 11:06:12.656] [Kopernicus] Delaying ResetAndWait of body Iapetus until scene switch is complete
[LOG 11:06:12.656] [Kopernicus] Delaying ResetAndWait of body Titan until scene switch is complete
[LOG 11:06:12.656] [Kopernicus] Delaying ResetAndWait of body Rhea until scene switch is complete
[LOG 11:06:12.656] [Kopernicus] Delaying ResetAndWait of body Dione until scene switch is complete
[LOG 11:06:12.656] [Kopernicus] Delaying ResetAndWait of body Tethys until scene switch is complete
[LOG 11:06:12.656] [Kopernicus] Delaying ResetAndWait of body Enceladus until scene switch is complete
[LOG 11:06:12.656] [Kopernicus] Delaying ResetAndWait of body Mimas until scene switch is complete
[LOG 11:06:12.656] [Kopernicus] Delaying ResetAndWait of body Saturn until scene switch is complete
[LOG 11:06:12.656] [Kopernicus] Delaying ResetAndWait of body Saturn until scene switch is complete
[LOG 11:06:12.657] [Kopernicus] Delaying ResetAndWait of body Callisto until scene switch is complete
[LOG 11:06:12.657] [Kopernicus] Delaying ResetAndWait of body Ganymede until scene switch is complete
[LOG 11:06:12.657] [Kopernicus] Delaying ResetAndWait of body Europa until scene switch is complete
[LOG 11:06:12.657] [Kopernicus] Delaying ResetAndWait of body Io until scene switch is complete
[LOG 11:06:12.657] [Kopernicus] Delaying ResetAndWait of body Jupiter until scene switch is complete
[LOG 11:06:12.657] [Kopernicus] Delaying ResetAndWait of body Jupiter until scene switch is complete
[LOG 11:06:12.657] [Kopernicus] Delaying ResetAndWait of body Ceres until scene switch is complete
[LOG 11:06:12.657] [Kopernicus] Delaying ResetAndWait of body Vesta until scene switch is complete
[LOG 11:06:12.657] [Kopernicus] Delaying ResetAndWait of body Deimos until scene switch is complete
[LOG 11:06:12.657] [Kopernicus] Delaying ResetAndWait of body Phobos until scene switch is complete
[LOG 11:06:12.657] [Kopernicus] Delaying ResetAndWait of body Mars until scene switch is complete
[LOG 11:06:12.657] [Kopernicus] Delaying ResetAndWait of body Moon until scene switch is complete
[LOG 11:06:12.657] [Kopernicus] Delaying ResetAndWait of body Venus until scene switch is complete
[LOG 11:06:12.657] [Kopernicus] Delaying ResetAndWait of body Mercury until scene switch is complete
[LOG 11:06:12.786] [UIApp] OnDestroy: DeltaVApp
[LOG 11:06:12.786] [UIApp] OnDestroy: KSPedia
[LOG 11:06:12.786] [UIApp] OnDestroy: ManeuverTool
[LOG 11:06:12.787] [UIApp] OnDestroy: Construction
[LOG 11:06:12.787] [UIApp] OnDestroy: AlarmClock
[LOG 11:06:12.787] [UIApp] OnDestroy: Cargo
[LOG 11:06:12.787] KbApp.OnDestroy Unowned Info
[LOG 11:06:12.788] [UIApp] OnDestroy: ActionGroupsApp
[LOG 11:06:12.788] KbApp.OnDestroy Planet Parameters
[LOG 11:06:12.788] KbApp.OnDestroy Planet Resources
[LOG 11:06:12.788] KbApp.OnDestroy Vessel Crew
[LOG 11:06:12.789] [UIApp] OnDestroy: ResourceDisplay
[LOG 11:06:12.790] [PlanetariumCamera]: Focus: Earth
[LOG 11:06:12.790] KbApp.OnDestroy Vessel Info
[LOG 11:06:12.791] KbApp.OnDestroy NullName
[LOG 11:06:12.791] KbApp.OnDestroy Planet Info
[LOG 11:06:12.792] [KSPCF:MemoryLeaks] Removed a OnMapExited callback owned by a destroyed Assembly-CSharp:NavBallToggle instance
[LOG 11:06:12.792] [KSPCF:MemoryLeaks] Removed a OnGameSettingsApplied callback owned by a destroyed Assembly-CSharp:VesselAutopilotUI instance
[LOG 11:06:12.792] [KSPCF:MemoryLeaks] Removed a onPartActionUICreate callback owned by a destroyed Assembly-CSharp:ModuleInventoryPart instance
[LOG 11:06:12.792] [KSPCF:MemoryLeaks] Removed a onModuleInventoryChanged callback owned by a destroyed Assembly-CSharp:ModuleInventoryPart instance
[LOG 11:06:12.793] [KSPCF:MemoryLeaks] Removed a OnDestructibleLoaded callback owned by a destroyed Assembly-CSharp:RunwayCollisionHandler instance
[LOG 11:06:12.793] [KSPCF:MemoryLeaks] Removed a OnClick callback owned by a destroyed Assembly-CSharp:EVAConstructionModeEditor instance
[LOG 11:06:12.793] [KSPCF:MemoryLeaks] Removed a TimingManager.Instance.timing5.onLateUpdate callback owned by a destroyed Assembly-CSharp:MapView instance
[LOG 11:06:12.793] [KSPCF:MemoryLeaks] Leaving scene "Flight", cleaned 55 memory leaks in 0.002s. GameEvents callbacks : 745. Allocated memory : 729.594 MiB (managed heap), 2.242 GiB (unmanaged)
[LOG 11:06:12.799] UICanvasPrefabSpawner FlightUI spawning Flight
[LOG 11:06:12.812] UICanvasPrefabSpawner FlightUI spawning VesselLabels
[LOG 11:06:12.813] [UiApp] Awake: ResourceDisplay
[LOG 11:06:12.893] [AddonLoader]: Instantiating addon 'AeroGUI' from assembly 'KSP'
[LOG 11:06:12.902] [AddonLoader]: Instantiating addon 'ToolbarButton' from assembly 'Kopernicus'
[LOG 11:06:12.902] [AddonLoader]: Instantiating addon 'ShadowMan' from assembly 'Kopernicus'
[LOG 11:06:12.902] [AddonLoader]: Instantiating addon 'RenderTypeFixer' from assembly 'Kopernicus'
[LOG 11:06:12.902] [AddonLoader]: Instantiating addon 'AtmosphereFixer' from assembly 'Kopernicus'
[LOG 11:06:12.902] [AddonLoader]: Instantiating addon 'SinkingBugFix' from assembly 'Kopernicus'
[LOG 11:06:12.903] [AddonLoader]: Instantiating addon 'KSPDiagQuadSeams' from assembly 'KSPDiagQuadSeams'
[LOG 11:06:12.903] [KSPDiagQuadSeams] shader Hidden/Internal-Colored, depth test settable: True
[LOG 11:06:12.903] [AddonLoader]: Instantiating addon 'RealSolarSystemEditor' from assembly 'RealSolarSystem'
[LOG 11:06:12.903] [AddonLoader]: Instantiating addon 'RSSRunwayFix' from assembly 'RealSolarSystem'
[LOG 11:06:12.904] [AddonLoader]: Instantiating addon 'TimeWarpFixer' from assembly 'RealSolarSystem'
[LOG 11:06:12.904] [AddonLoader]: Instantiating addon 'VesselGroundPositionEnhancer' from assembly 'RealSolarSystem'
[LOG 11:06:12.904] [AddonLoader]: Instantiating addon 'RSSWatchDog' from assembly 'RealSolarSystem'
[LOG 11:06:12.904] [PlanetariumCamera]: Focus: Earth
[LOG 11:06:12.905] [UIMasterController]: HideUI
[LOG 11:06:13.151] [UIMasterController]: HideUI
[LOG 11:06:13.151] ------------------- initializing flight mode... ------------------
[LOG 11:06:13.152] GetSubclassesOfParentClass: Using cached results for AlarmTypeBase
[LOG 11:06:13.152] Loading Depletion Nodes
[LOG 11:06:13.152] DepNodeCount:  0
[LOG 11:06:13.152] Loading Biome Nodes
[LOG 11:06:13.152] BiomeNodeCount:  0
[LOG 11:06:13.152] Loading Planet Nodes
[LOG 11:06:13.152] PlanetNodeCount:  0
[LOG 11:06:13.153] [ScenarioDestructibles]: Loading... 0 objects registered
[LOG 11:06:13.182] Target vessel index: 18  vessel count: 19
[LOG 11:06:13.183] [FLIGHT GLOBALS]: Switching To Vessel Diag3-Rocket ---------------------- 
[LOG 11:06:13.183] setting new dominant body: Earth
FlightGlobals.mainBody: Earth
[LOG 11:06:13.183] Reference Frame: Rotating
[WRN 11:06:13.189] [Part]: Cannot have ModuleCargoPart and ModuleInventoryPart on same Part [Diag3-Rocket (unloaded)'. Removed ModuleCargoPart
[LOG 11:06:13.199] [Diag3-Rocket]: landed - waiting for ground contact to resume physics...
[LOG 11:06:13.199] Camera Mode: AUTO
[LOG 11:06:14.336] all systems started
[LOG 11:06:14.369] [ModularFlightIntegrator] MFI Start
[LOG 11:06:14.369] [ModularFlightIntegrator] Start. VesselModule on vessel : 
  ModularFlightIntegrator
  AxisGroupsModule
  CometVessel
  SuspensionLoadBalancer
  CommNetVessel

[LOG 11:06:14.371] [Kopernicus] Using Kopernicus Discoverable Object Spawner.
[LOG 11:06:14.415] [ShadowMan][Info] Running in unified camera mode
[LOG 11:06:14.415] [ShadowMan][Debug] Adding TweakShadowCascades: (0.002, 0.015, 0.035) to Camera Camera 00
[LOG 11:06:14.415] [ShadowMan][Debug] Default split: (0.050, 0.152, 0.264)
[LOG 11:06:14.415] [ShadowMan][Debug] Setting shadowmap resolution to: 8192 on SunLight
[LOG 11:06:14.420] [ShadowMan][Debug] Found rings for Saturn
[LOG 11:06:14.424] [ShadowMan][Debug] Kopernicus.ShadowMan setup done
[LOG 11:06:14.433] [KSPDiagQuadSeams] body Earth, radius 6371000 m, highest subdivision level 11, 15 vertices by side
[LOG 11:06:14.435] [KSPDiagQuadSeams] after an origin shift: 40 seam(s) between 33 quad(s) of level 11 and 17 coarser one(s); 320 shared vertices, gap mean 451.212 mm, max 1117.385 mm; largest on Kerbin Zn32010302330 (South, level 11) against Kerbin Zn3201030231 (North, level 10), where the finer quad is 981.921 mm below the coarser one and 533.274 mm beside it, 40.7 km from the active vessel
[LOG 11:06:14.435] [RealSolarSystem] Setting TimeWarp rates...
[LOG 11:06:14.462] [UiApp] Awake: CurrencyWidgetsApp
[LOG 11:06:14.462] [UiApp] Awake: ResourceDisplay
[LOG 11:06:14.462] [UiApp] Awake: KSPedia
[LOG 11:06:14.462] [UiApp] Awake: Missions App
[LOG 11:06:14.462] [UiApp] Awake: DeltaVApp
[LOG 11:06:14.462] [UiApp] Awake: ActionGroupsApp
[LOG 11:06:14.462] [UiApp] Awake: Construction
[LOG 11:06:14.463] [UiApp] Awake: Cargo
[LOG 11:06:14.463] [UiApp] Awake: AlarmClock
[LOG 11:06:14.463] [UiApp] Awake: ManeuverTool
[LOG 11:06:14.463] [ApplicationLauncher] OnSceneLoadedGUIReady: scene FLIGHT ShouldBeVisible() True ShouldBeOnTop() True iIsPositionedAtTop True
[LOG 11:06:14.465] [KnowledgeBase] OnAppLauncherReady 12302
[LOG 11:06:14.471] [Kopernicus]: StarLightSwitcher: Set active star => Sun
[LOG 11:06:14.563] [UIApp] OnDestroy: Contracts
[LOG 11:06:14.574] [FlightIntegrator]: Reloaded drag cube for zeroed cube root part mk1pod.v2 (Diag3-Rocket) on vessel Diag3-Rocket
[LOG 11:06:14.575] [MessageSystem] Reposition 0.02 12303
[LOG 11:06:14.575] [GenericAppFrame] Reposition 0.02 12303
[LOG 11:06:14.575] [GenericAppFrame] Reposition 0.02 12303
[LOG 11:06:14.724] [KSPDiagQuadSeams] 60 seam(s) between 49 quad(s) of level 11 and 23 coarser one(s); 480 shared vertices, gap mean 440.793 mm, max 1262.833 mm; largest on Kerbin Zn32010322122 (North, level 11) against Kerbin Zn3201032230 (South, level 10), where the finer quad is 1105.788 mm below the coarser one and 609.901 mm beside it, 41.5 km from the active vessel
[LOG 11:06:14.726] [PlanetariumCamera]: Focus: Diag3-Rocket
[LOG 11:06:14.739] [UIApp] Adding ResourceDisplay to Application Launcher
[LOG 11:06:14.740] [UIApp] Adding ResourceDisplay to Application Launcher
[LOG 11:06:14.748] [ResourceDisplay] OnAppStarted(): id: -817426
[LOG 11:06:14.749] [GenericAppFrame] Reposition 0.1255744 12307
[LOG 11:06:14.749] [ResourceDisplay] OnAppStarted(): id: 265578
[LOG 11:06:14.749] ResourceDisplay already exist, destroying this instance
[LOG 11:06:14.749] [UIApp] OnDestroy: ResourceDisplay
[LOG 11:06:14.770] [UIApp] Adding AlarmClock to Application Launcher
[LOG 11:06:14.771] [UIApp] Adding ActionGroupsApp to Application Launcher
[LOG 11:06:14.771] [UIApp] Adding Missions App to Application Launcher
[LOG 11:06:14.772] CURRENCY WIDGET False False False
[LOG 11:06:14.774] [UIApp] OnDestroy: CurrencyWidgetsApp
[LOG 11:06:14.791] [GenericAppFrame] Reposition 0.1583359 12309
[LOG 11:06:14.793] [ActionGroupsApp] OnAppStarted(): id: -817450
[LOG 11:06:14.794] [GenericAppFrame] Reposition 0.1583359 12309
[LOG 11:06:14.794] [UIApp] Adding DeltaVApp to Application Launcher
[LOG 11:06:14.794] [MissionsApp] OnAppStarted(): id: -817438
[LOG 11:06:14.794] MissionsApp does not execute in this game mode, destroying this instance
[LOG 11:06:14.794] [UIApp] OnDestroy: Missions App
[LOG 11:06:14.805] [GenericAppFrame] Reposition 0.1810958 12310
[LOG 11:06:14.813] [UIApp] Adding Cargo to Application Launcher
[LOG 11:06:14.814] [UIApp] Adding Construction to Application Launcher
[LOG 11:06:14.815] [UIApp] Adding KSPedia to Application Launcher
[LOG 11:06:14.826] [UIApp] Adding ManeuverTool to Application Launcher
[LOG 11:06:14.827] [ApplicationLauncher] SetHidden: 
[LOG 11:06:14.845] [GenericAppFrame] Reposition 0.2179153 12313
[LOG 11:06:14.855] [ManeuverTool]: Found 1 transfer types
[LOG 11:06:14.898] Flight State Captured
[LOG 11:06:14.898] Saving Achievements Tree...
[LOG 11:06:14.898] [MessageSystem] Save Messages
[LOG 11:06:14.933] Game State Saved as persistent
[LOG 11:06:15.079] [Kopernicus] AtmosphereFixer => Patched AtmosphereFromGround for Uranus
[LOG 11:06:15.079] [Kopernicus] AtmosphereFixer => Patched AtmosphereFromGround for Titan
[LOG 11:06:15.079] [Kopernicus] AtmosphereFixer => Patched AtmosphereFromGround for Saturn
[LOG 11:06:15.079] [Kopernicus] AtmosphereFixer => Patched AtmosphereFromGround for Jupiter
[LOG 11:06:15.079] [Kopernicus] AtmosphereFixer => Patched AtmosphereFromGround for Mars
[LOG 11:06:15.079] [Kopernicus] AtmosphereFixer => Patched AtmosphereFromGround for Earth
[LOG 11:06:15.079] [Kopernicus] AtmosphereFixer => Patched AtmosphereFromGround for Venus
[LOG 11:06:15.559] [RealSolarSystem] Watchdog: Setting camera Camera 00 far clip to 1875000 so camera now has 1875000
[LOG 11:06:15.873] [Diag3-Rocket]: ground contact! - error. Moving Vessel  up 0.596m
[LOG 11:06:15.873] Unpacking Diag3-Rocket
[LOG 11:06:15.874] [RSS-VGPE] Vessel going off rails in PRELAUNCH, skipping 100 frames on CollisionEnhancer.
[LOG 11:06:15.885] [UIMasterController]: ShowUI
[LOG 11:06:20.015] [MessageSystem] Load Messages
[LOG 11:06:20.016] [UIMasterController]: HideUI
[LOG 11:06:20.061] [HighLogic]: =========================== Scene Change : From FLIGHT to FLIGHT =====================
[LOG 11:06:20.062] [Kopernicus] Delaying ResetAndWait of body Charon until scene switch is complete
[LOG 11:06:20.062] [Kopernicus] Delaying ResetAndWait of body Pluto until scene switch is complete
[LOG 11:06:20.062] [Kopernicus] Delaying ResetAndWait of body Triton until scene switch is complete
[LOG 11:06:20.062] [Kopernicus] Delaying ResetAndWait of body Neptune until scene switch is complete
[LOG 11:06:20.062] [Kopernicus] Delaying ResetAndWait of body Neptune until scene switch is complete
[LOG 11:06:20.062] [Kopernicus] Delaying ResetAndWait of body Oberon until scene switch is complete
[LOG 11:06:20.062] [Kopernicus] Delaying ResetAndWait of body Titania until scene switch is complete
[LOG 11:06:20.062] [Kopernicus] Delaying ResetAndWait of body Umbriel until scene switch is complete
[LOG 11:06:20.062] [Kopernicus] Delaying ResetAndWait of body Ariel until scene switch is complete
[LOG 11:06:20.062] [Kopernicus] Delaying ResetAndWait of body Miranda until scene switch is complete
[LOG 11:06:20.063] [Kopernicus] Delaying ResetAndWait of body Uranus until scene switch is complete
[LOG 11:06:20.063] [Kopernicus] Delaying ResetAndWait of body Uranus until scene switch is complete
[LOG 11:06:20.063] [Kopernicus] Delaying ResetAndWait of body Iapetus until scene switch is complete
[LOG 11:06:20.063] [Kopernicus] Delaying ResetAndWait of body Titan until scene switch is complete
[LOG 11:06:20.063] [Kopernicus] Delaying ResetAndWait of body Rhea until scene switch is complete
[LOG 11:06:20.063] [Kopernicus] Delaying ResetAndWait of body Dione until scene switch is complete
[LOG 11:06:20.063] [Kopernicus] Delaying ResetAndWait of body Tethys until scene switch is complete
[LOG 11:06:20.063] [Kopernicus] Delaying ResetAndWait of body Enceladus until scene switch is complete
[LOG 11:06:20.063] [Kopernicus] Delaying ResetAndWait of body Mimas until scene switch is complete
[LOG 11:06:20.063] [Kopernicus] Delaying ResetAndWait of body Saturn until scene switch is complete
[LOG 11:06:20.063] [Kopernicus] Delaying ResetAndWait of body Saturn until scene switch is complete
[LOG 11:06:20.063] [Kopernicus] Delaying ResetAndWait of body Callisto until scene switch is complete
[LOG 11:06:20.063] [Kopernicus] Delaying ResetAndWait of body Ganymede until scene switch is complete
[LOG 11:06:20.063] [Kopernicus] Delaying ResetAndWait of body Europa until scene switch is complete
[LOG 11:06:20.063] [Kopernicus] Delaying ResetAndWait of body Io until scene switch is complete
[LOG 11:06:20.063] [Kopernicus] Delaying ResetAndWait of body Jupiter until scene switch is complete
[LOG 11:06:20.063] [Kopernicus] Delaying ResetAndWait of body Jupiter until scene switch is complete
[LOG 11:06:20.063] [Kopernicus] Delaying ResetAndWait of body Ceres until scene switch is complete
[LOG 11:06:20.063] [Kopernicus] Delaying ResetAndWait of body Vesta until scene switch is complete
[LOG 11:06:20.063] [Kopernicus] Delaying ResetAndWait of body Deimos until scene switch is complete
[LOG 11:06:20.063] [Kopernicus] Delaying ResetAndWait of body Phobos until scene switch is complete
[LOG 11:06:20.063] [Kopernicus] Delaying ResetAndWait of body Mars until scene switch is complete
[LOG 11:06:20.063] [Kopernicus] Delaying ResetAndWait of body Moon until scene switch is complete
[LOG 11:06:20.063] [Kopernicus] Delaying ResetAndWait of body Venus until scene switch is complete
[LOG 11:06:20.063] [Kopernicus] Delaying ResetAndWait of body Mercury until scene switch is complete
[LOG 11:06:20.180] KbApp.OnDestroy Unowned Info
[LOG 11:06:20.181] [UIApp] OnDestroy: Construction
[LOG 11:06:20.181] KbApp.OnDestroy Vessel Crew
[LOG 11:06:20.181] [UIApp] OnDestroy: Cargo
[LOG 11:06:20.181] KbApp.OnDestroy NullName
[LOG 11:06:20.181] [PlanetariumCamera]: Focus: Earth
[LOG 11:06:20.181] [UIApp] OnDestroy: ManeuverTool
[LOG 11:06:20.181] KbApp.OnDestroy Planet Info
[LOG 11:06:20.182] [UIApp] OnDestroy: AlarmClock
[LOG 11:06:20.182] [UIApp] OnDestroy: DeltaVApp
[LOG 11:06:20.183] [UIApp] OnDestroy: KSPedia
[LOG 11:06:20.183] KbApp.OnDestroy Planet Resources
[LOG 11:06:20.183] KbApp.OnDestroy Vessel Info
[LOG 11:06:20.183] KbApp.OnDestroy Planet Parameters
[LOG 11:06:20.183] [UIApp] OnDestroy: ResourceDisplay
[LOG 11:06:20.183] [UIApp] OnDestroy: ActionGroupsApp
[LOG 11:06:20.185] [KSPCF:MemoryLeaks] Removed a OnMapExited callback owned by a destroyed Assembly-CSharp:NavBallToggle instance
[LOG 11:06:20.185] [KSPCF:MemoryLeaks] Removed a OnGameSettingsApplied callback owned by a destroyed Assembly-CSharp:VesselAutopilotUI instance
[LOG 11:06:20.185] [KSPCF:MemoryLeaks] Removed a onPartActionUICreate callback owned by a destroyed Assembly-CSharp:ModuleInventoryPart instance
[LOG 11:06:20.185] [KSPCF:MemoryLeaks] Removed a onModuleInventoryChanged callback owned by a destroyed Assembly-CSharp:ModuleInventoryPart instance
[LOG 11:06:20.186] [KSPCF:MemoryLeaks] Removed a OnDestructibleLoaded callback owned by a destroyed Assembly-CSharp:RunwayCollisionHandler instance
[LOG 11:06:20.186] [KSPCF:MemoryLeaks] Removed a OnClick callback owned by a destroyed Assembly-CSharp:EVAConstructionModeEditor instance
[LOG 11:06:20.186] [KSPCF:MemoryLeaks] Removed a TimingManager.Instance.timing5.onLateUpdate callback owned by a destroyed Assembly-CSharp:MapView instance
[LOG 11:06:20.186] [KSPCF:MemoryLeaks] Leaving scene "Flight", cleaned 55 memory leaks in 0.002s. GameEvents callbacks : 745. Allocated memory : 729.547 MiB (managed heap), 2.244 GiB (unmanaged)
[LOG 11:06:20.191] UICanvasPrefabSpawner FlightUI spawning Flight
[LOG 11:06:20.203] UICanvasPrefabSpawner FlightUI spawning VesselLabels
[LOG 11:06:20.204] [UiApp] Awake: ResourceDisplay
[LOG 11:06:20.269] [AddonLoader]: Instantiating addon 'AeroGUI' from assembly 'KSP'
[LOG 11:06:20.278] [AddonLoader]: Instantiating addon 'ToolbarButton' from assembly 'Kopernicus'
[LOG 11:06:20.278] [AddonLoader]: Instantiating addon 'ShadowMan' from assembly 'Kopernicus'
[LOG 11:06:20.278] [AddonLoader]: Instantiating addon 'RenderTypeFixer' from assembly 'Kopernicus'
[LOG 11:06:20.279] [AddonLoader]: Instantiating addon 'AtmosphereFixer' from assembly 'Kopernicus'
[LOG 11:06:20.279] [AddonLoader]: Instantiating addon 'SinkingBugFix' from assembly 'Kopernicus'
[LOG 11:06:20.279] [AddonLoader]: Instantiating addon 'KSPDiagQuadSeams' from assembly 'KSPDiagQuadSeams'
[LOG 11:06:20.279] [KSPDiagQuadSeams] shader Hidden/Internal-Colored, depth test settable: True
[LOG 11:06:20.279] [AddonLoader]: Instantiating addon 'RealSolarSystemEditor' from assembly 'RealSolarSystem'
[LOG 11:06:20.279] [AddonLoader]: Instantiating addon 'RSSRunwayFix' from assembly 'RealSolarSystem'
[LOG 11:06:20.279] [AddonLoader]: Instantiating addon 'TimeWarpFixer' from assembly 'RealSolarSystem'
[LOG 11:06:20.279] [AddonLoader]: Instantiating addon 'VesselGroundPositionEnhancer' from assembly 'RealSolarSystem'
[LOG 11:06:20.279] [AddonLoader]: Instantiating addon 'RSSWatchDog' from assembly 'RealSolarSystem'
[LOG 11:06:20.281] [PlanetariumCamera]: Focus: Earth
[LOG 11:06:20.281] [UIMasterController]: HideUI
[LOG 11:06:20.509] [UIMasterController]: HideUI
[LOG 11:06:20.509] ------------------- initializing flight mode... ------------------
[LOG 11:06:20.510] GetSubclassesOfParentClass: Using cached results for AlarmTypeBase
[LOG 11:06:20.510] Loading Depletion Nodes
[LOG 11:06:20.510] DepNodeCount:  0
[LOG 11:06:20.510] Loading Biome Nodes
[LOG 11:06:20.510] BiomeNodeCount:  0
[LOG 11:06:20.510] Loading Planet Nodes
[LOG 11:06:20.510] PlanetNodeCount:  0
[LOG 11:06:20.511] [ScenarioDestructibles]: Loading... 0 objects registered
[LOG 11:06:20.537] Target vessel index: 18  vessel count: 19
[LOG 11:06:20.537] [FLIGHT GLOBALS]: Switching To Vessel Diag3-Rocket ---------------------- 
[LOG 11:06:20.537] setting new dominant body: Earth
FlightGlobals.mainBody: Earth
[LOG 11:06:20.537] Reference Frame: Rotating
[WRN 11:06:20.542] [Part]: Cannot have ModuleCargoPart and ModuleInventoryPart on same Part [Diag3-Rocket (unloaded)'. Removed ModuleCargoPart
[LOG 11:06:20.552] [Diag3-Rocket]: landed - waiting for ground contact to resume physics...
[LOG 11:06:20.553] Camera Mode: AUTO
[LOG 11:06:21.672] all systems started
[LOG 11:06:21.705] [ModularFlightIntegrator] MFI Start
[LOG 11:06:21.706] [ModularFlightIntegrator] Start. VesselModule on vessel : 
  ModularFlightIntegrator
  AxisGroupsModule
  CometVessel
  SuspensionLoadBalancer
  CommNetVessel

[LOG 11:06:21.707] [Kopernicus] Using Kopernicus Discoverable Object Spawner.
[LOG 11:06:21.752] [ShadowMan][Info] Running in unified camera mode
[LOG 11:06:21.752] [ShadowMan][Debug] Adding TweakShadowCascades: (0.002, 0.015, 0.035) to Camera Camera 00
[LOG 11:06:21.752] [ShadowMan][Debug] Default split: (0.050, 0.152, 0.264)
[LOG 11:06:21.752] [ShadowMan][Debug] Setting shadowmap resolution to: 8192 on SunLight
[LOG 11:06:21.760] [ShadowMan][Debug] Found rings for Saturn
[LOG 11:06:21.763] [ShadowMan][Debug] Kopernicus.ShadowMan setup done
[LOG 11:06:21.773] [KSPDiagQuadSeams] body Earth, radius 6371000 m, highest subdivision level 11, 15 vertices by side
[LOG 11:06:21.774] [KSPDiagQuadSeams] after an origin shift: 40 seam(s) between 33 quad(s) of level 11 and 17 coarser one(s); 320 shared vertices, gap mean 417.123 mm, max 1056.865 mm; largest on Kerbin Zn32010320131 (East, level 11) against Kerbin Zn3201032102 (West, level 10), where the finer quad is 911.425 mm above the coarser one and 535.041 mm beside it, 16.8 km from the active vessel
[LOG 11:06:21.775] [RealSolarSystem] Setting TimeWarp rates...
[LOG 11:06:21.802] [UiApp] Awake: CurrencyWidgetsApp
[LOG 11:06:21.802] [UiApp] Awake: ResourceDisplay
[LOG 11:06:21.802] [UiApp] Awake: KSPedia
[LOG 11:06:21.802] [UiApp] Awake: Missions App
[LOG 11:06:21.802] [UiApp] Awake: DeltaVApp
[LOG 11:06:21.803] [UiApp] Awake: ActionGroupsApp
[LOG 11:06:21.803] [UiApp] Awake: Construction
[LOG 11:06:21.803] [UiApp] Awake: Cargo
[LOG 11:06:21.803] [UiApp] Awake: AlarmClock
[LOG 11:06:21.803] [UiApp] Awake: ManeuverTool
[LOG 11:06:21.803] [ApplicationLauncher] OnSceneLoadedGUIReady: scene FLIGHT ShouldBeVisible() True ShouldBeOnTop() True iIsPositionedAtTop True
[LOG 11:06:21.804] [KnowledgeBase] OnAppLauncherReady 12649
[LOG 11:06:21.809] [Kopernicus]: StarLightSwitcher: Set active star => Sun
[LOG 11:06:21.903] [UIApp] OnDestroy: Contracts
[LOG 11:06:21.913] [FlightIntegrator]: Reloaded drag cube for zeroed cube root part mk1pod.v2 (Diag3-Rocket) on vessel Diag3-Rocket
[LOG 11:06:21.914] [MessageSystem] Reposition 0.02 12650
[LOG 11:06:21.914] [GenericAppFrame] Reposition 0.02 12650
[LOG 11:06:21.914] [GenericAppFrame] Reposition 0.02 12650
[LOG 11:06:22.064] [KSPDiagQuadSeams] 60 seam(s) between 49 quad(s) of level 11 and 23 coarser one(s); 480 shared vertices, gap mean 360.540 mm, max 1080.717 mm; largest on Kerbin Zn32010323133 (East, level 11) against Kerbin Zn3201033202 (West, level 10), where the finer quad is 913.802 mm above the coarser one and 576.989 mm beside it, 42.1 km from the active vessel
[LOG 11:06:22.066] [PlanetariumCamera]: Focus: Diag3-Rocket
[LOG 11:06:22.080] [UIApp] Adding ResourceDisplay to Application Launcher
[LOG 11:06:22.081] [UIApp] Adding ResourceDisplay to Application Launcher
[LOG 11:06:22.089] [ResourceDisplay] OnAppStarted(): id: -864550
[LOG 11:06:22.091] [GenericAppFrame] Reposition 0.1276366 12654
[LOG 11:06:22.091] [ResourceDisplay] OnAppStarted(): id: 265710
[LOG 11:06:22.091] ResourceDisplay already exist, destroying this instance
[LOG 11:06:22.091] [UIApp] OnDestroy: ResourceDisplay
[LOG 11:06:22.108] [UIApp] Adding AlarmClock to Application Launcher
[LOG 11:06:22.108] [UIApp] Adding ActionGroupsApp to Application Launcher
[LOG 11:06:22.109] [UIApp] Adding Missions App to Application Launcher
[LOG 11:06:22.110] CURRENCY WIDGET False False False
[LOG 11:06:22.113] [UIApp] OnDestroy: CurrencyWidgetsApp
[LOG 11:06:22.131] [GenericAppFrame] Reposition 0.1566931 12656
[LOG 11:06:22.132] [ActionGroupsApp] OnAppStarted(): id: -864574
[LOG 11:06:22.133] [GenericAppFrame] Reposition 0.1566931 12656
[LOG 11:06:22.134] [UIApp] Adding DeltaVApp to Application Launcher
[LOG 11:06:22.135] [MissionsApp] OnAppStarted(): id: -864562
[LOG 11:06:22.135] MissionsApp does not execute in this game mode, destroying this instance
[LOG 11:06:22.135] [UIApp] OnDestroy: Missions App
[LOG 11:06:22.144] [GenericAppFrame] Reposition 0.1808291 12657
[LOG 11:06:22.154] [UIApp] Adding Cargo to Application Launcher
[LOG 11:06:22.154] [UIApp] Adding Construction to Application Launcher
[LOG 11:06:22.156] [UIApp] Adding KSPedia to Application Launcher
[LOG 11:06:22.166] [UIApp] Adding ManeuverTool to Application Launcher
[LOG 11:06:22.168] [ApplicationLauncher] SetHidden: 
[LOG 11:06:22.183] [GenericAppFrame] Reposition 0.2157858 12660
[LOG 11:06:22.192] [ManeuverTool]: Found 1 transfer types
[LOG 11:06:22.230] Flight State Captured
[LOG 11:06:22.230] Saving Achievements Tree...
[LOG 11:06:22.230] [MessageSystem] Save Messages
[LOG 11:06:22.261] Game State Saved as persistent
[LOG 11:06:22.415] [Kopernicus] AtmosphereFixer => Patched AtmosphereFromGround for Uranus
[LOG 11:06:22.416] [Kopernicus] AtmosphereFixer => Patched AtmosphereFromGround for Titan
[LOG 11:06:22.416] [Kopernicus] AtmosphereFixer => Patched AtmosphereFromGround for Saturn
[LOG 11:06:22.416] [Kopernicus] AtmosphereFixer => Patched AtmosphereFromGround for Jupiter
[LOG 11:06:22.416] [Kopernicus] AtmosphereFixer => Patched AtmosphereFromGround for Mars
[LOG 11:06:22.416] [Kopernicus] AtmosphereFixer => Patched AtmosphereFromGround for Earth
[LOG 11:06:22.416] [Kopernicus] AtmosphereFixer => Patched AtmosphereFromGround for Venus
[LOG 11:06:22.886] [RealSolarSystem] Watchdog: Setting camera Camera 00 far clip to 1875000 so camera now has 1875000
[LOG 11:06:23.187] [Diag3-Rocket]: ground contact! - error. Moving Vessel  up 0.422m
[LOG 11:06:23.187] Unpacking Diag3-Rocket
[LOG 11:06:23.187] [RSS-VGPE] Vessel going off rails in PRELAUNCH, skipping 100 frames on CollisionEnhancer.
[LOG 11:06:23.197] [UIMasterController]: ShowUI
[LOG 11:06:27.328] [MessageSystem] Load Messages
[LOG 11:06:27.329] [UIMasterController]: HideUI
[LOG 11:06:27.375] [HighLogic]: =========================== Scene Change : From FLIGHT to FLIGHT =====================
[LOG 11:06:27.376] [Kopernicus] Delaying ResetAndWait of body Charon until scene switch is complete
[LOG 11:06:27.376] [Kopernicus] Delaying ResetAndWait of body Pluto until scene switch is complete
[LOG 11:06:27.376] [Kopernicus] Delaying ResetAndWait of body Triton until scene switch is complete
[LOG 11:06:27.376] [Kopernicus] Delaying ResetAndWait of body Neptune until scene switch is complete
[LOG 11:06:27.376] [Kopernicus] Delaying ResetAndWait of body Neptune until scene switch is complete
[LOG 11:06:27.376] [Kopernicus] Delaying ResetAndWait of body Oberon until scene switch is complete
[LOG 11:06:27.376] [Kopernicus] Delaying ResetAndWait of body Titania until scene switch is complete
[LOG 11:06:27.376] [Kopernicus] Delaying ResetAndWait of body Umbriel until scene switch is complete
[LOG 11:06:27.376] [Kopernicus] Delaying ResetAndWait of body Ariel until scene switch is complete
[LOG 11:06:27.376] [Kopernicus] Delaying ResetAndWait of body Miranda until scene switch is complete
[LOG 11:06:27.376] [Kopernicus] Delaying ResetAndWait of body Uranus until scene switch is complete
[LOG 11:06:27.376] [Kopernicus] Delaying ResetAndWait of body Uranus until scene switch is complete
[LOG 11:06:27.376] [Kopernicus] Delaying ResetAndWait of body Iapetus until scene switch is complete
[LOG 11:06:27.376] [Kopernicus] Delaying ResetAndWait of body Titan until scene switch is complete
[LOG 11:06:27.376] [Kopernicus] Delaying ResetAndWait of body Rhea until scene switch is complete
[LOG 11:06:27.377] [Kopernicus] Delaying ResetAndWait of body Dione until scene switch is complete
[LOG 11:06:27.377] [Kopernicus] Delaying ResetAndWait of body Tethys until scene switch is complete
[LOG 11:06:27.377] [Kopernicus] Delaying ResetAndWait of body Enceladus until scene switch is complete
[LOG 11:06:27.377] [Kopernicus] Delaying ResetAndWait of body Mimas until scene switch is complete
[LOG 11:06:27.377] [Kopernicus] Delaying ResetAndWait of body Saturn until scene switch is complete
[LOG 11:06:27.377] [Kopernicus] Delaying ResetAndWait of body Saturn until scene switch is complete
[LOG 11:06:27.377] [Kopernicus] Delaying ResetAndWait of body Callisto until scene switch is complete
[LOG 11:06:27.377] [Kopernicus] Delaying ResetAndWait of body Ganymede until scene switch is complete
[LOG 11:06:27.377] [Kopernicus] Delaying ResetAndWait of body Europa until scene switch is complete
[LOG 11:06:27.377] [Kopernicus] Delaying ResetAndWait of body Io until scene switch is complete
[LOG 11:06:27.377] [Kopernicus] Delaying ResetAndWait of body Jupiter until scene switch is complete
[LOG 11:06:27.377] [Kopernicus] Delaying ResetAndWait of body Jupiter until scene switch is complete
[LOG 11:06:27.377] [Kopernicus] Delaying ResetAndWait of body Ceres until scene switch is complete
[LOG 11:06:27.377] [Kopernicus] Delaying ResetAndWait of body Vesta until scene switch is complete
[LOG 11:06:27.377] [Kopernicus] Delaying ResetAndWait of body Deimos until scene switch is complete
[LOG 11:06:27.377] [Kopernicus] Delaying ResetAndWait of body Phobos until scene switch is complete
[LOG 11:06:27.377] [Kopernicus] Delaying ResetAndWait of body Mars until scene switch is complete
[LOG 11:06:27.377] [Kopernicus] Delaying ResetAndWait of body Moon until scene switch is complete
[LOG 11:06:27.377] [Kopernicus] Delaying ResetAndWait of body Venus until scene switch is complete
[LOG 11:06:27.377] [Kopernicus] Delaying ResetAndWait of body Mercury until scene switch is complete
[LOG 11:06:27.499] KbApp.OnDestroy Planet Info
[LOG 11:06:27.499] [PlanetariumCamera]: Focus: Earth
[LOG 11:06:27.501] [UIApp] OnDestroy: AlarmClock
[LOG 11:06:27.501] [UIApp] OnDestroy: KSPedia
[LOG 11:06:27.501] KbApp.OnDestroy Unowned Info
[LOG 11:06:27.501] KbApp.OnDestroy Vessel Crew
[LOG 11:06:27.501] KbApp.OnDestroy Planet Parameters
[LOG 11:06:27.501] KbApp.OnDestroy NullName
[LOG 11:06:27.501] [UIApp] OnDestroy: Construction
[LOG 11:06:27.501] [UIApp] OnDestroy: DeltaVApp
[LOG 11:06:27.502] [UIApp] OnDestroy: ActionGroupsApp
[LOG 11:06:27.502] [UIApp] OnDestroy: Cargo
[LOG 11:06:27.503] [UIApp] OnDestroy: ManeuverTool
[LOG 11:06:27.503] KbApp.OnDestroy Planet Resources
[LOG 11:06:27.503] KbApp.OnDestroy Vessel Info
[LOG 11:06:27.503] [UIApp] OnDestroy: ResourceDisplay
[LOG 11:06:27.505] [KSPCF:MemoryLeaks] Removed a OnMapExited callback owned by a destroyed Assembly-CSharp:NavBallToggle instance
[LOG 11:06:27.505] [KSPCF:MemoryLeaks] Removed a OnGameSettingsApplied callback owned by a destroyed Assembly-CSharp:VesselAutopilotUI instance
[LOG 11:06:27.505] [KSPCF:MemoryLeaks] Removed a onPartActionUICreate callback owned by a destroyed Assembly-CSharp:ModuleInventoryPart instance
[LOG 11:06:27.505] [KSPCF:MemoryLeaks] Removed a onModuleInventoryChanged callback owned by a destroyed Assembly-CSharp:ModuleInventoryPart instance
[LOG 11:06:27.505] [KSPCF:MemoryLeaks] Removed a OnDestructibleLoaded callback owned by a destroyed Assembly-CSharp:RunwayCollisionHandler instance
[LOG 11:06:27.505] [KSPCF:MemoryLeaks] Removed a OnClick callback owned by a destroyed Assembly-CSharp:EVAConstructionModeEditor instance
[LOG 11:06:27.506] [KSPCF:MemoryLeaks] Removed a TimingManager.Instance.timing5.onLateUpdate callback owned by a destroyed Assembly-CSharp:MapView instance
[LOG 11:06:27.506] [KSPCF:MemoryLeaks] Leaving scene "Flight", cleaned 55 memory leaks in 0.002s. GameEvents callbacks : 745. Allocated memory : 729.645 MiB (managed heap), 2.244 GiB (unmanaged)
[LOG 11:06:27.511] UICanvasPrefabSpawner FlightUI spawning Flight
[LOG 11:06:27.524] UICanvasPrefabSpawner FlightUI spawning VesselLabels
[LOG 11:06:27.524] [UiApp] Awake: ResourceDisplay
[LOG 11:06:27.586] [AddonLoader]: Instantiating addon 'AeroGUI' from assembly 'KSP'
[LOG 11:06:27.594] [AddonLoader]: Instantiating addon 'ToolbarButton' from assembly 'Kopernicus'
[LOG 11:06:27.594] [AddonLoader]: Instantiating addon 'ShadowMan' from assembly 'Kopernicus'
[LOG 11:06:27.594] [AddonLoader]: Instantiating addon 'RenderTypeFixer' from assembly 'Kopernicus'
[LOG 11:06:27.594] [AddonLoader]: Instantiating addon 'AtmosphereFixer' from assembly 'Kopernicus'
[LOG 11:06:27.595] [AddonLoader]: Instantiating addon 'SinkingBugFix' from assembly 'Kopernicus'
[LOG 11:06:27.595] [AddonLoader]: Instantiating addon 'KSPDiagQuadSeams' from assembly 'KSPDiagQuadSeams'
[LOG 11:06:27.595] [KSPDiagQuadSeams] shader Hidden/Internal-Colored, depth test settable: True
[LOG 11:06:27.596] [AddonLoader]: Instantiating addon 'RealSolarSystemEditor' from assembly 'RealSolarSystem'
[LOG 11:06:27.596] [AddonLoader]: Instantiating addon 'RSSRunwayFix' from assembly 'RealSolarSystem'
[LOG 11:06:27.596] [AddonLoader]: Instantiating addon 'TimeWarpFixer' from assembly 'RealSolarSystem'
[LOG 11:06:27.596] [AddonLoader]: Instantiating addon 'VesselGroundPositionEnhancer' from assembly 'RealSolarSystem'
[LOG 11:06:27.596] [AddonLoader]: Instantiating addon 'RSSWatchDog' from assembly 'RealSolarSystem'
[LOG 11:06:27.596] [PlanetariumCamera]: Focus: Earth
[LOG 11:06:27.596] [UIMasterController]: HideUI
[LOG 11:06:27.822] [UIMasterController]: HideUI
[LOG 11:06:27.822] ------------------- initializing flight mode... ------------------
[LOG 11:06:27.823] GetSubclassesOfParentClass: Using cached results for AlarmTypeBase
[LOG 11:06:27.823] Loading Depletion Nodes
[LOG 11:06:27.823] DepNodeCount:  0
[LOG 11:06:27.823] Loading Biome Nodes
[LOG 11:06:27.823] BiomeNodeCount:  0
[LOG 11:06:27.823] Loading Planet Nodes
[LOG 11:06:27.823] PlanetNodeCount:  0
[LOG 11:06:27.824] [ScenarioDestructibles]: Loading... 0 objects registered
[LOG 11:06:27.851] Target vessel index: 18  vessel count: 19
[LOG 11:06:27.851] [FLIGHT GLOBALS]: Switching To Vessel Diag3-Rocket ---------------------- 
[LOG 11:06:27.851] setting new dominant body: Earth
FlightGlobals.mainBody: Earth
[LOG 11:06:27.851] Reference Frame: Rotating
[WRN 11:06:27.856] [Part]: Cannot have ModuleCargoPart and ModuleInventoryPart on same Part [Diag3-Rocket (unloaded)'. Removed ModuleCargoPart
[LOG 11:06:27.865] [Diag3-Rocket]: landed - waiting for ground contact to resume physics...
[LOG 11:06:27.866] Camera Mode: AUTO
[LOG 11:06:28.981] all systems started
[LOG 11:06:29.016] [ModularFlightIntegrator] MFI Start
[LOG 11:06:29.016] [ModularFlightIntegrator] Start. VesselModule on vessel : 
  ModularFlightIntegrator
  AxisGroupsModule
  CometVessel
  SuspensionLoadBalancer
  CommNetVessel

[LOG 11:06:29.018] [Kopernicus] Using Kopernicus Discoverable Object Spawner.
[LOG 11:06:29.065] [ShadowMan][Info] Running in unified camera mode
[LOG 11:06:29.065] [ShadowMan][Debug] Adding TweakShadowCascades: (0.002, 0.015, 0.035) to Camera Camera 00
[LOG 11:06:29.065] [ShadowMan][Debug] Default split: (0.050, 0.152, 0.264)
[LOG 11:06:29.065] [ShadowMan][Debug] Setting shadowmap resolution to: 8192 on SunLight
[LOG 11:06:29.076] [ShadowMan][Debug] Found rings for Saturn
[LOG 11:06:29.082] [ShadowMan][Debug] Kopernicus.ShadowMan setup done
[LOG 11:06:29.092] [KSPDiagQuadSeams] body Earth, radius 6371000 m, highest subdivision level 11, 15 vertices by side
[LOG 11:06:29.093] [KSPDiagQuadSeams] after an origin shift: 40 seam(s) between 33 quad(s) of level 11 and 17 coarser one(s); 320 shared vertices, gap mean 1465.312 mm, max 2296.545 mm; largest on Kerbin Zn32010320311 (East, level 11) against Kerbin Zn3201032120 (West, level 10), where the finer quad is 2017.469 mm below the coarser one and 1097.240 mm beside it, 11.8 km from the active vessel
[LOG 11:06:29.094] [RealSolarSystem] Setting TimeWarp rates...
[LOG 11:06:29.121] [UiApp] Awake: CurrencyWidgetsApp
[LOG 11:06:29.121] [UiApp] Awake: ResourceDisplay
[LOG 11:06:29.121] [UiApp] Awake: KSPedia
[LOG 11:06:29.121] [UiApp] Awake: Missions App
[LOG 11:06:29.121] [UiApp] Awake: DeltaVApp
[LOG 11:06:29.121] [UiApp] Awake: ActionGroupsApp
[LOG 11:06:29.121] [UiApp] Awake: Construction
[LOG 11:06:29.121] [UiApp] Awake: Cargo
[LOG 11:06:29.121] [UiApp] Awake: AlarmClock
[LOG 11:06:29.121] [UiApp] Awake: ManeuverTool
[LOG 11:06:29.121] [ApplicationLauncher] OnSceneLoadedGUIReady: scene FLIGHT ShouldBeVisible() True ShouldBeOnTop() True iIsPositionedAtTop True
[LOG 11:06:29.123] [KnowledgeBase] OnAppLauncherReady 12997
[LOG 11:06:29.129] [Kopernicus]: StarLightSwitcher: Set active star => Sun
[LOG 11:06:29.222] [UIApp] OnDestroy: Contracts
[LOG 11:06:29.232] [FlightIntegrator]: Reloaded drag cube for zeroed cube root part mk1pod.v2 (Diag3-Rocket) on vessel Diag3-Rocket
[LOG 11:06:29.233] [MessageSystem] Reposition 0.02 12998
[LOG 11:06:29.233] [GenericAppFrame] Reposition 0.02 12998
[LOG 11:06:29.233] [GenericAppFrame] Reposition 0.02 12998
[LOG 11:06:29.388] [KSPDiagQuadSeams] 60 seam(s) between 49 quad(s) of level 11 and 23 coarser one(s); 480 shared vertices, gap mean 1467.118 mm, max 2128.678 mm; largest on Kerbin Zn32010320212 (West, level 11) against Kerbin Zn3201032020 (East, level 10), where the finer quad is 1868.418 mm below the coarser one and 1019.943 mm beside it, 40.1 km from the active vessel
[LOG 11:06:29.390] [PlanetariumCamera]: Focus: Diag3-Rocket
[LOG 11:06:29.405] [UIApp] Adding ResourceDisplay to Application Launcher
[LOG 11:06:29.406] [UIApp] Adding ResourceDisplay to Application Launcher
[LOG 11:06:29.416] [ResourceDisplay] OnAppStarted(): id: -911646
[LOG 11:06:29.416] [GenericAppFrame] Reposition 0.1289089 13002
[LOG 11:06:29.416] [ResourceDisplay] OnAppStarted(): id: 265842
[LOG 11:06:29.416] ResourceDisplay already exist, destroying this instance
[LOG 11:06:29.416] [UIApp] OnDestroy: ResourceDisplay
[LOG 11:06:29.443] [UIApp] Adding AlarmClock to Application Launcher
[LOG 11:06:29.443] [UIApp] Adding ActionGroupsApp to Application Launcher
[LOG 11:06:29.444] [UIApp] Adding Missions App to Application Launcher
[LOG 11:06:29.445] CURRENCY WIDGET False False False
[LOG 11:06:29.447] [UIApp] OnDestroy: CurrencyWidgetsApp
[LOG 11:06:29.465] [GenericAppFrame] Reposition 0.1664762 13004
[LOG 11:06:29.467] [ActionGroupsApp] OnAppStarted(): id: -911670
[LOG 11:06:29.467] [GenericAppFrame] Reposition 0.1664762 13004
[LOG 11:06:29.468] [UIApp] Adding DeltaVApp to Application Launcher
[LOG 11:06:29.469] [MissionsApp] OnAppStarted(): id: -911658
[LOG 11:06:29.469] MissionsApp does not execute in this game mode, destroying this instance
[LOG 11:06:29.469] [UIApp] OnDestroy: Missions App
[LOG 11:06:29.478] [GenericAppFrame] Reposition 0.1911883 13005
[LOG 11:06:29.488] [UIApp] Adding Cargo to Application Launcher
[LOG 11:06:29.489] [UIApp] Adding Construction to Application Launcher
[LOG 11:06:29.490] [UIApp] Adding KSPedia to Application Launcher
[LOG 11:06:29.500] [UIApp] Adding ManeuverTool to Application Launcher
[LOG 11:06:29.501] [ApplicationLauncher] SetHidden: 
[LOG 11:06:29.515] [GenericAppFrame] Reposition 0.2239253 13008
[LOG 11:06:29.524] [ManeuverTool]: Found 1 transfer types
[LOG 11:06:29.560] Flight State Captured
[LOG 11:06:29.561] Saving Achievements Tree...
[LOG 11:06:29.561] [MessageSystem] Save Messages
[LOG 11:06:29.591] Game State Saved as persistent
[LOG 11:06:29.732] [Kopernicus] AtmosphereFixer => Patched AtmosphereFromGround for Uranus
[LOG 11:06:29.732] [Kopernicus] AtmosphereFixer => Patched AtmosphereFromGround for Titan
[LOG 11:06:29.732] [Kopernicus] AtmosphereFixer => Patched AtmosphereFromGround for Saturn
[LOG 11:06:29.732] [Kopernicus] AtmosphereFixer => Patched AtmosphereFromGround for Jupiter
[LOG 11:06:29.732] [Kopernicus] AtmosphereFixer => Patched AtmosphereFromGround for Mars
[LOG 11:06:29.732] [Kopernicus] AtmosphereFixer => Patched AtmosphereFromGround for Earth
[LOG 11:06:29.732] [Kopernicus] AtmosphereFixer => Patched AtmosphereFromGround for Venus
[LOG 11:06:30.222] [RealSolarSystem] Watchdog: Setting camera Camera 00 far clip to 1875000 so camera now has 1875000
[LOG 11:06:30.517] [Diag3-Rocket]: ground contact! - error. Moving Vessel  up 1.022m
[LOG 11:06:30.517] Unpacking Diag3-Rocket
[LOG 11:06:30.517] [RSS-VGPE] Vessel going off rails in PRELAUNCH, skipping 100 frames on CollisionEnhancer.
[LOG 11:06:30.531] [UIMasterController]: ShowUI
[LOG 11:06:34.662] [MessageSystem] Load Messages
[LOG 11:06:34.663] [UIMasterController]: HideUI
[LOG 11:06:34.708] [HighLogic]: =========================== Scene Change : From FLIGHT to FLIGHT =====================
[LOG 11:06:34.719] [Kopernicus] Delaying ResetAndWait of body Charon until scene switch is complete
[LOG 11:06:34.719] [Kopernicus] Delaying ResetAndWait of body Pluto until scene switch is complete
[LOG 11:06:34.719] [Kopernicus] Delaying ResetAndWait of body Triton until scene switch is complete
[LOG 11:06:34.721] [Kopernicus] Delaying ResetAndWait of body Neptune until scene switch is complete
[LOG 11:06:34.721] [Kopernicus] Delaying ResetAndWait of body Neptune until scene switch is complete
[LOG 11:06:34.721] [Kopernicus] Delaying ResetAndWait of body Oberon until scene switch is complete
[LOG 11:06:34.721] [Kopernicus] Delaying ResetAndWait of body Titania until scene switch is complete
[LOG 11:06:34.721] [Kopernicus] Delaying ResetAndWait of body Umbriel until scene switch is complete
[LOG 11:06:34.721] [Kopernicus] Delaying ResetAndWait of body Ariel until scene switch is complete
[LOG 11:06:34.721] [Kopernicus] Delaying ResetAndWait of body Miranda until scene switch is complete
[LOG 11:06:34.721] [Kopernicus] Delaying ResetAndWait of body Uranus until scene switch is complete
[LOG 11:06:34.721] [Kopernicus] Delaying ResetAndWait of body Uranus until scene switch is complete
[LOG 11:06:34.721] [Kopernicus] Delaying ResetAndWait of body Iapetus until scene switch is complete
[LOG 11:06:34.721] [Kopernicus] Delaying ResetAndWait of body Titan until scene switch is complete
[LOG 11:06:34.721] [Kopernicus] Delaying ResetAndWait of body Rhea until scene switch is complete
[LOG 11:06:34.721] [Kopernicus] Delaying ResetAndWait of body Dione until scene switch is complete
[LOG 11:06:34.721] [Kopernicus] Delaying ResetAndWait of body Tethys until scene switch is complete
[LOG 11:06:34.721] [Kopernicus] Delaying ResetAndWait of body Enceladus until scene switch is complete
[LOG 11:06:34.721] [Kopernicus] Delaying ResetAndWait of body Mimas until scene switch is complete
[LOG 11:06:34.721] [Kopernicus] Delaying ResetAndWait of body Saturn until scene switch is complete
[LOG 11:06:34.721] [Kopernicus] Delaying ResetAndWait of body Saturn until scene switch is complete
[LOG 11:06:34.721] [Kopernicus] Delaying ResetAndWait of body Callisto until scene switch is complete
[LOG 11:06:34.721] [Kopernicus] Delaying ResetAndWait of body Ganymede until scene switch is complete
[LOG 11:06:34.721] [Kopernicus] Delaying ResetAndWait of body Europa until scene switch is complete
[LOG 11:06:34.721] [Kopernicus] Delaying ResetAndWait of body Io until scene switch is complete
[LOG 11:06:34.721] [Kopernicus] Delaying ResetAndWait of body Jupiter until scene switch is complete
[LOG 11:06:34.721] [Kopernicus] Delaying ResetAndWait of body Jupiter until scene switch is complete
[LOG 11:06:34.721] [Kopernicus] Delaying ResetAndWait of body Ceres until scene switch is complete
[LOG 11:06:34.721] [Kopernicus] Delaying ResetAndWait of body Vesta until scene switch is complete
[LOG 11:06:34.721] [Kopernicus] Delaying ResetAndWait of body Deimos until scene switch is complete
[LOG 11:06:34.721] [Kopernicus] Delaying ResetAndWait of body Phobos until scene switch is complete
[LOG 11:06:34.721] [Kopernicus] Delaying ResetAndWait of body Mars until scene switch is complete
[LOG 11:06:34.721] [Kopernicus] Delaying ResetAndWait of body Moon until scene switch is complete
[LOG 11:06:34.722] [Kopernicus] Delaying ResetAndWait of body Venus until scene switch is complete
[LOG 11:06:34.722] [Kopernicus] Delaying ResetAndWait of body Mercury until scene switch is complete
[LOG 11:06:34.828] [UIApp] OnDestroy: AlarmClock
[LOG 11:06:34.829] KbApp.OnDestroy Unowned Info
[LOG 11:06:34.829] KbApp.OnDestroy Vessel Crew
[LOG 11:06:34.829] [UIApp] OnDestroy: ResourceDisplay
[LOG 11:06:34.829] [UIApp] OnDestroy: KSPedia
[LOG 11:06:34.829] [UIApp] OnDestroy: DeltaVApp
[LOG 11:06:34.829] KbApp.OnDestroy Vessel Info
[LOG 11:06:34.829] KbApp.OnDestroy Planet Resources
[LOG 11:06:34.829] KbApp.OnDestroy Planet Parameters
[LOG 11:06:34.829] [UIApp] OnDestroy: ManeuverTool
[LOG 11:06:34.831] [PlanetariumCamera]: Focus: Earth
[LOG 11:06:34.832] [UIApp] OnDestroy: Cargo
[LOG 11:06:34.832] [UIApp] OnDestroy: Construction
[LOG 11:06:34.832] [UIApp] OnDestroy: ActionGroupsApp
[LOG 11:06:34.832] KbApp.OnDestroy Planet Info
[LOG 11:06:34.832] KbApp.OnDestroy NullName
[LOG 11:06:34.834] [KSPCF:MemoryLeaks] Removed a OnMapExited callback owned by a destroyed Assembly-CSharp:NavBallToggle instance
[LOG 11:06:34.834] [KSPCF:MemoryLeaks] Removed a OnGameSettingsApplied callback owned by a destroyed Assembly-CSharp:VesselAutopilotUI instance
[LOG 11:06:34.834] [KSPCF:MemoryLeaks] Removed a onPartActionUICreate callback owned by a destroyed Assembly-CSharp:ModuleInventoryPart instance
[LOG 11:06:34.835] [KSPCF:MemoryLeaks] Removed a onModuleInventoryChanged callback owned by a destroyed Assembly-CSharp:ModuleInventoryPart instance
[LOG 11:06:34.835] [KSPCF:MemoryLeaks] Removed a OnDestructibleLoaded callback owned by a destroyed Assembly-CSharp:RunwayCollisionHandler instance
[LOG 11:06:34.835] [KSPCF:MemoryLeaks] Removed a OnClick callback owned by a destroyed Assembly-CSharp:EVAConstructionModeEditor instance
[LOG 11:06:34.835] [KSPCF:MemoryLeaks] Removed a TimingManager.Instance.timing5.onLateUpdate callback owned by a destroyed Assembly-CSharp:MapView instance
[LOG 11:06:34.835] [KSPCF:MemoryLeaks] Leaving scene "Flight", cleaned 55 memory leaks in 0.002s. GameEvents callbacks : 745. Allocated memory : 729.668 MiB (managed heap), 2.246 GiB (unmanaged)
[LOG 11:06:34.840] UICanvasPrefabSpawner FlightUI spawning Flight
[LOG 11:06:34.853] UICanvasPrefabSpawner FlightUI spawning VesselLabels
[LOG 11:06:34.853] [UiApp] Awake: ResourceDisplay
[LOG 11:06:34.915] [AddonLoader]: Instantiating addon 'AeroGUI' from assembly 'KSP'
[LOG 11:06:34.923] [AddonLoader]: Instantiating addon 'ToolbarButton' from assembly 'Kopernicus'
[LOG 11:06:34.923] [AddonLoader]: Instantiating addon 'ShadowMan' from assembly 'Kopernicus'
[LOG 11:06:34.923] [AddonLoader]: Instantiating addon 'RenderTypeFixer' from assembly 'Kopernicus'
[LOG 11:06:34.923] [AddonLoader]: Instantiating addon 'AtmosphereFixer' from assembly 'Kopernicus'
[LOG 11:06:34.923] [AddonLoader]: Instantiating addon 'SinkingBugFix' from assembly 'Kopernicus'
[LOG 11:06:34.924] [AddonLoader]: Instantiating addon 'KSPDiagQuadSeams' from assembly 'KSPDiagQuadSeams'
[LOG 11:06:34.924] [KSPDiagQuadSeams] shader Hidden/Internal-Colored, depth test settable: True
[LOG 11:06:34.925] [AddonLoader]: Instantiating addon 'RealSolarSystemEditor' from assembly 'RealSolarSystem'
[LOG 11:06:34.925] [AddonLoader]: Instantiating addon 'RSSRunwayFix' from assembly 'RealSolarSystem'
[LOG 11:06:34.925] [AddonLoader]: Instantiating addon 'TimeWarpFixer' from assembly 'RealSolarSystem'
[LOG 11:06:34.925] [AddonLoader]: Instantiating addon 'VesselGroundPositionEnhancer' from assembly 'RealSolarSystem'
[LOG 11:06:34.925] [AddonLoader]: Instantiating addon 'RSSWatchDog' from assembly 'RealSolarSystem'
[LOG 11:06:34.925] [PlanetariumCamera]: Focus: Earth
[LOG 11:06:34.925] [UIMasterController]: HideUI
[LOG 11:06:35.150] [UIMasterController]: HideUI
[LOG 11:06:35.150] ------------------- initializing flight mode... ------------------
[LOG 11:06:35.151] GetSubclassesOfParentClass: Using cached results for AlarmTypeBase
[LOG 11:06:35.151] Loading Depletion Nodes
[LOG 11:06:35.151] DepNodeCount:  0
[LOG 11:06:35.151] Loading Biome Nodes
[LOG 11:06:35.151] BiomeNodeCount:  0
[LOG 11:06:35.151] Loading Planet Nodes
[LOG 11:06:35.151] PlanetNodeCount:  0
[LOG 11:06:35.152] [ScenarioDestructibles]: Loading... 0 objects registered
[LOG 11:06:35.178] Target vessel index: 18  vessel count: 19
[LOG 11:06:35.178] [FLIGHT GLOBALS]: Switching To Vessel Diag3-Rocket ---------------------- 
[LOG 11:06:35.178] setting new dominant body: Earth
FlightGlobals.mainBody: Earth
[LOG 11:06:35.178] Reference Frame: Rotating
[WRN 11:06:35.184] [Part]: Cannot have ModuleCargoPart and ModuleInventoryPart on same Part [Diag3-Rocket (unloaded)'. Removed ModuleCargoPart
[LOG 11:06:35.194] [Diag3-Rocket]: landed - waiting for ground contact to resume physics...
[LOG 11:06:35.194] Camera Mode: AUTO
[LOG 11:06:36.323] all systems started
[LOG 11:06:36.358] [ModularFlightIntegrator] MFI Start
[LOG 11:06:36.358] [ModularFlightIntegrator] Start. VesselModule on vessel : 
  ModularFlightIntegrator
  AxisGroupsModule
  CometVessel
  SuspensionLoadBalancer
  CommNetVessel

[LOG 11:06:36.359] [Kopernicus] Using Kopernicus Discoverable Object Spawner.
[LOG 11:06:36.406] [ShadowMan][Info] Running in unified camera mode
[LOG 11:06:36.406] [ShadowMan][Debug] Adding TweakShadowCascades: (0.002, 0.015, 0.035) to Camera Camera 00
[LOG 11:06:36.406] [ShadowMan][Debug] Default split: (0.050, 0.152, 0.264)
[LOG 11:06:36.406] [ShadowMan][Debug] Setting shadowmap resolution to: 8192 on SunLight
[LOG 11:06:36.417] [ShadowMan][Debug] Found rings for Saturn
[LOG 11:06:36.422] [ShadowMan][Debug] Kopernicus.ShadowMan setup done
[LOG 11:06:36.433] [KSPDiagQuadSeams] body Earth, radius 6371000 m, highest subdivision level 11, 15 vertices by side
[LOG 11:06:36.434] [KSPDiagQuadSeams] after an origin shift: 40 seam(s) between 32 quad(s) of level 11 and 16 coarser one(s); 320 shared vertices, gap mean 1208.089 mm, max 1954.837 mm; largest on Kerbin Zn32010320102 (West, level 11) against Kerbin Zn3201032001 (East, level 10), where the finer quad is 1718.488 mm below the coarser one and 931.765 mm beside it, 34.1 km from the active vessel
[LOG 11:06:36.434] [RealSolarSystem] Setting TimeWarp rates...
[LOG 11:06:36.462] [UiApp] Awake: CurrencyWidgetsApp
[LOG 11:06:36.463] [UiApp] Awake: ResourceDisplay
[LOG 11:06:36.463] [UiApp] Awake: KSPedia
[LOG 11:06:36.463] [UiApp] Awake: Missions App
[LOG 11:06:36.463] [UiApp] Awake: DeltaVApp
[LOG 11:06:36.463] [UiApp] Awake: ActionGroupsApp
[LOG 11:06:36.463] [UiApp] Awake: Construction
[LOG 11:06:36.463] [UiApp] Awake: Cargo
[LOG 11:06:36.463] [UiApp] Awake: AlarmClock
[LOG 11:06:36.463] [UiApp] Awake: ManeuverTool
[LOG 11:06:36.463] [ApplicationLauncher] OnSceneLoadedGUIReady: scene FLIGHT ShouldBeVisible() True ShouldBeOnTop() True iIsPositionedAtTop True
[LOG 11:06:36.465] [KnowledgeBase] OnAppLauncherReady 13345
[LOG 11:06:36.471] [Kopernicus]: StarLightSwitcher: Set active star => Sun
[LOG 11:06:36.564] [UIApp] OnDestroy: Contracts
[LOG 11:06:36.574] [FlightIntegrator]: Reloaded drag cube for zeroed cube root part mk1pod.v2 (Diag3-Rocket) on vessel Diag3-Rocket
[LOG 11:06:36.576] [MessageSystem] Reposition 0.02 13346
[LOG 11:06:36.576] [GenericAppFrame] Reposition 0.02 13346
[LOG 11:06:36.576] [GenericAppFrame] Reposition 0.02 13346
[LOG 11:06:36.721] [KSPDiagQuadSeams] 60 seam(s) between 49 quad(s) of level 11 and 23 coarser one(s); 480 shared vertices, gap mean 1260.080 mm, max 2023.314 mm; largest on Kerbin Zn32010322312 (North, level 11) against Kerbin Zn3201032233 (South, level 10), where the finer quad is 1768.483 mm below the coarser one and 982.990 mm beside it, 40.9 km from the active vessel
[LOG 11:06:36.724] [PlanetariumCamera]: Focus: Diag3-Rocket
[LOG 11:06:36.737] [UIApp] Adding ResourceDisplay to Application Launcher
[LOG 11:06:36.738] [UIApp] Adding ResourceDisplay to Application Launcher
[LOG 11:06:36.747] [ResourceDisplay] OnAppStarted(): id: -958718
[LOG 11:06:36.747] [GenericAppFrame] Reposition 0.1266703 13350
[LOG 11:06:36.748] [ResourceDisplay] OnAppStarted(): id: 265974
[LOG 11:06:36.748] ResourceDisplay already exist, destroying this instance
[LOG 11:06:36.748] [UIApp] OnDestroy: ResourceDisplay
[LOG 11:06:36.763] [UIApp] Adding AlarmClock to Application Launcher
[LOG 11:06:36.764] [UIApp] Adding ActionGroupsApp to Application Launcher
[LOG 11:06:36.765] [UIApp] Adding Missions App to Application Launcher
[LOG 11:06:36.766] CURRENCY WIDGET False False False
[LOG 11:06:36.768] [UIApp] OnDestroy: CurrencyWidgetsApp
[LOG 11:06:36.789] [GenericAppFrame] Reposition 0.1583464 13352
[LOG 11:06:36.791] [ActionGroupsApp] OnAppStarted(): id: -958742
[LOG 11:06:36.791] [GenericAppFrame] Reposition 0.1583464 13352
[LOG 11:06:36.792] [UIApp] Adding DeltaVApp to Application Launcher
[LOG 11:06:36.793] [MissionsApp] OnAppStarted(): id: -958730
[LOG 11:06:36.793] MissionsApp does not execute in this game mode, destroying this instance
[LOG 11:06:36.793] [UIApp] OnDestroy: Missions App
[LOG 11:06:36.804] [GenericAppFrame] Reposition 0.1818558 13353
[LOG 11:06:36.813] [UIApp] Adding Cargo to Application Launcher
[LOG 11:06:36.816] [UIApp] Adding Construction to Application Launcher
[LOG 11:06:36.817] [UIApp] Adding KSPedia to Application Launcher
[LOG 11:06:36.828] [UIApp] Adding ManeuverTool to Application Launcher
[LOG 11:06:36.829] [ApplicationLauncher] SetHidden: 
[LOG 11:06:36.842] [GenericAppFrame] Reposition 0.2178949 13356
[LOG 11:06:36.850] [ManeuverTool]: Found 1 transfer types
[LOG 11:06:36.888] Flight State Captured
[LOG 11:06:36.888] Saving Achievements Tree...
[LOG 11:06:36.888] [MessageSystem] Save Messages
[LOG 11:06:36.916] Game State Saved as persistent
[LOG 11:06:37.071] [Kopernicus] AtmosphereFixer => Patched AtmosphereFromGround for Uranus
[LOG 11:06:37.071] [Kopernicus] AtmosphereFixer => Patched AtmosphereFromGround for Titan
[LOG 11:06:37.071] [Kopernicus] AtmosphereFixer => Patched AtmosphereFromGround for Saturn
[LOG 11:06:37.071] [Kopernicus] AtmosphereFixer => Patched AtmosphereFromGround for Jupiter
[LOG 11:06:37.071] [Kopernicus] AtmosphereFixer => Patched AtmosphereFromGround for Mars
[LOG 11:06:37.071] [Kopernicus] AtmosphereFixer => Patched AtmosphereFromGround for Earth
[LOG 11:06:37.071] [Kopernicus] AtmosphereFixer => Patched AtmosphereFromGround for Venus
[LOG 11:06:37.543] [RealSolarSystem] Watchdog: Setting camera Camera 00 far clip to 1875000 so camera now has 1875000
[LOG 11:06:37.836] [Diag3-Rocket]: ground contact! - error. Moving Vessel  up 0.892m
[LOG 11:06:37.836] Unpacking Diag3-Rocket
[LOG 11:06:37.837] [RSS-VGPE] Vessel going off rails in PRELAUNCH, skipping 100 frames on CollisionEnhancer.
[LOG 11:06:37.847] [UIMasterController]: ShowUI
[LOG 11:06:42.004] [MessageSystem] Load Messages
[LOG 11:06:42.005] [UIMasterController]: HideUI
[LOG 11:06:42.050] [HighLogic]: =========================== Scene Change : From FLIGHT to FLIGHT =====================
[LOG 11:06:42.050] [Kopernicus] Delaying ResetAndWait of body Charon until scene switch is complete
[LOG 11:06:42.050] [Kopernicus] Delaying ResetAndWait of body Pluto until scene switch is complete
[LOG 11:06:42.050] [Kopernicus] Delaying ResetAndWait of body Triton until scene switch is complete
[LOG 11:06:42.050] [Kopernicus] Delaying ResetAndWait of body Neptune until scene switch is complete
[LOG 11:06:42.050] [Kopernicus] Delaying ResetAndWait of body Neptune until scene switch is complete
[LOG 11:06:42.050] [Kopernicus] Delaying ResetAndWait of body Oberon until scene switch is complete
[LOG 11:06:42.050] [Kopernicus] Delaying ResetAndWait of body Titania until scene switch is complete
[LOG 11:06:42.050] [Kopernicus] Delaying ResetAndWait of body Umbriel until scene switch is complete
[LOG 11:06:42.050] [Kopernicus] Delaying ResetAndWait of body Ariel until scene switch is complete
[LOG 11:06:42.050] [Kopernicus] Delaying ResetAndWait of body Miranda until scene switch is complete
[LOG 11:06:42.050] [Kopernicus] Delaying ResetAndWait of body Uranus until scene switch is complete
[LOG 11:06:42.050] [Kopernicus] Delaying ResetAndWait of body Uranus until scene switch is complete
[LOG 11:06:42.050] [Kopernicus] Delaying ResetAndWait of body Iapetus until scene switch is complete
[LOG 11:06:42.050] [Kopernicus] Delaying ResetAndWait of body Titan until scene switch is complete
[LOG 11:06:42.050] [Kopernicus] Delaying ResetAndWait of body Rhea until scene switch is complete
[LOG 11:06:42.050] [Kopernicus] Delaying ResetAndWait of body Dione until scene switch is complete
[LOG 11:06:42.050] [Kopernicus] Delaying ResetAndWait of body Tethys until scene switch is complete
[LOG 11:06:42.050] [Kopernicus] Delaying ResetAndWait of body Enceladus until scene switch is complete
[LOG 11:06:42.050] [Kopernicus] Delaying ResetAndWait of body Mimas until scene switch is complete
[LOG 11:06:42.050] [Kopernicus] Delaying ResetAndWait of body Saturn until scene switch is complete
[LOG 11:06:42.050] [Kopernicus] Delaying ResetAndWait of body Saturn until scene switch is complete
[LOG 11:06:42.050] [Kopernicus] Delaying ResetAndWait of body Callisto until scene switch is complete
[LOG 11:06:42.051] [Kopernicus] Delaying ResetAndWait of body Ganymede until scene switch is complete
[LOG 11:06:42.051] [Kopernicus] Delaying ResetAndWait of body Europa until scene switch is complete
[LOG 11:06:42.051] [Kopernicus] Delaying ResetAndWait of body Io until scene switch is complete
[LOG 11:06:42.051] [Kopernicus] Delaying ResetAndWait of body Jupiter until scene switch is complete
[LOG 11:06:42.051] [Kopernicus] Delaying ResetAndWait of body Jupiter until scene switch is complete
[LOG 11:06:42.051] [Kopernicus] Delaying ResetAndWait of body Ceres until scene switch is complete
[LOG 11:06:42.051] [Kopernicus] Delaying ResetAndWait of body Vesta until scene switch is complete
[LOG 11:06:42.051] [Kopernicus] Delaying ResetAndWait of body Deimos until scene switch is complete
[LOG 11:06:42.051] [Kopernicus] Delaying ResetAndWait of body Phobos until scene switch is complete
[LOG 11:06:42.051] [Kopernicus] Delaying ResetAndWait of body Mars until scene switch is complete
[LOG 11:06:42.051] [Kopernicus] Delaying ResetAndWait of body Moon until scene switch is complete
[LOG 11:06:42.051] [Kopernicus] Delaying ResetAndWait of body Venus until scene switch is complete
[LOG 11:06:42.051] [Kopernicus] Delaying ResetAndWait of body Mercury until scene switch is complete
[LOG 11:06:42.169] [PlanetariumCamera]: Focus: Earth
[LOG 11:06:42.170] KbApp.OnDestroy NullName
[LOG 11:06:42.170] [UIApp] OnDestroy: DeltaVApp
[LOG 11:06:42.170] KbApp.OnDestroy Planet Resources
[LOG 11:06:42.171] [UIApp] OnDestroy: AlarmClock
[LOG 11:06:42.171] KbApp.OnDestroy Planet Info
[LOG 11:06:42.171] KbApp.OnDestroy Unowned Info
[LOG 11:06:42.171] [UIApp] OnDestroy: Construction
[LOG 11:06:42.172] [UIApp] OnDestroy: ManeuverTool
[LOG 11:06:42.172] KbApp.OnDestroy Vessel Info
[LOG 11:06:42.172] KbApp.OnDestroy Vessel Crew
[LOG 11:06:42.172] KbApp.OnDestroy Planet Parameters
[LOG 11:06:42.172] [UIApp] OnDestroy: ActionGroupsApp
[LOG 11:06:42.173] [UIApp] OnDestroy: Cargo
[LOG 11:06:42.174] [UIApp] OnDestroy: KSPedia
[LOG 11:06:42.174] [UIApp] OnDestroy: ResourceDisplay
[LOG 11:06:42.175] [KSPCF:MemoryLeaks] Removed a OnMapExited callback owned by a destroyed Assembly-CSharp:NavBallToggle instance
[LOG 11:06:42.175] [KSPCF:MemoryLeaks] Removed a OnGameSettingsApplied callback owned by a destroyed Assembly-CSharp:VesselAutopilotUI instance
[LOG 11:06:42.175] [KSPCF:MemoryLeaks] Removed a onPartActionUICreate callback owned by a destroyed Assembly-CSharp:ModuleInventoryPart instance
[LOG 11:06:42.175] [KSPCF:MemoryLeaks] Removed a onModuleInventoryChanged callback owned by a destroyed Assembly-CSharp:ModuleInventoryPart instance
[LOG 11:06:42.176] [KSPCF:MemoryLeaks] Removed a OnDestructibleLoaded callback owned by a destroyed Assembly-CSharp:RunwayCollisionHandler instance
[LOG 11:06:42.176] [KSPCF:MemoryLeaks] Removed a OnClick callback owned by a destroyed Assembly-CSharp:EVAConstructionModeEditor instance
[LOG 11:06:42.176] [KSPCF:MemoryLeaks] Removed a TimingManager.Instance.timing5.onLateUpdate callback owned by a destroyed Assembly-CSharp:MapView instance
[LOG 11:06:42.176] [KSPCF:MemoryLeaks] Leaving scene "Flight", cleaned 55 memory leaks in 0.002s. GameEvents callbacks : 745. Allocated memory : 729.617 MiB (managed heap), 2.247 GiB (unmanaged)
[LOG 11:06:42.181] UICanvasPrefabSpawner FlightUI spawning Flight
[LOG 11:06:42.193] UICanvasPrefabSpawner FlightUI spawning VesselLabels
[LOG 11:06:42.193] [UiApp] Awake: ResourceDisplay
[LOG 11:06:42.254] [AddonLoader]: Instantiating addon 'AeroGUI' from assembly 'KSP'
[LOG 11:06:42.263] [AddonLoader]: Instantiating addon 'ToolbarButton' from assembly 'Kopernicus'
[LOG 11:06:42.263] [AddonLoader]: Instantiating addon 'ShadowMan' from assembly 'Kopernicus'
[LOG 11:06:42.263] [AddonLoader]: Instantiating addon 'RenderTypeFixer' from assembly 'Kopernicus'
[LOG 11:06:42.263] [AddonLoader]: Instantiating addon 'AtmosphereFixer' from assembly 'Kopernicus'
[LOG 11:06:42.263] [AddonLoader]: Instantiating addon 'SinkingBugFix' from assembly 'Kopernicus'
[LOG 11:06:42.264] [AddonLoader]: Instantiating addon 'KSPDiagQuadSeams' from assembly 'KSPDiagQuadSeams'
[LOG 11:06:42.264] [KSPDiagQuadSeams] shader Hidden/Internal-Colored, depth test settable: True
[LOG 11:06:42.264] [AddonLoader]: Instantiating addon 'RealSolarSystemEditor' from assembly 'RealSolarSystem'
[LOG 11:06:42.264] [AddonLoader]: Instantiating addon 'RSSRunwayFix' from assembly 'RealSolarSystem'
[LOG 11:06:42.264] [AddonLoader]: Instantiating addon 'TimeWarpFixer' from assembly 'RealSolarSystem'
[LOG 11:06:42.265] [AddonLoader]: Instantiating addon 'VesselGroundPositionEnhancer' from assembly 'RealSolarSystem'
[LOG 11:06:42.265] [AddonLoader]: Instantiating addon 'RSSWatchDog' from assembly 'RealSolarSystem'
[LOG 11:06:42.265] [PlanetariumCamera]: Focus: Earth
[LOG 11:06:42.273] [UIMasterController]: HideUI
[LOG 11:06:42.494] [UIMasterController]: HideUI
[LOG 11:06:42.494] ------------------- initializing flight mode... ------------------
[LOG 11:06:42.495] GetSubclassesOfParentClass: Using cached results for AlarmTypeBase
[LOG 11:06:42.495] Loading Depletion Nodes
[LOG 11:06:42.495] DepNodeCount:  0
[LOG 11:06:42.495] Loading Biome Nodes
[LOG 11:06:42.495] BiomeNodeCount:  0
[LOG 11:06:42.496] Loading Planet Nodes
[LOG 11:06:42.496] PlanetNodeCount:  0
[LOG 11:06:42.497] [ScenarioDestructibles]: Loading... 0 objects registered
[LOG 11:06:42.522] Target vessel index: 18  vessel count: 19
[LOG 11:06:42.523] [FLIGHT GLOBALS]: Switching To Vessel Diag3-Rocket ---------------------- 
[LOG 11:06:42.523] setting new dominant body: Earth
FlightGlobals.mainBody: Earth
[LOG 11:06:42.523] Reference Frame: Rotating
[WRN 11:06:42.528] [Part]: Cannot have ModuleCargoPart and ModuleInventoryPart on same Part [Diag3-Rocket (unloaded)'. Removed ModuleCargoPart
[LOG 11:06:42.537] [Diag3-Rocket]: landed - waiting for ground contact to resume physics...
[LOG 11:06:42.538] Camera Mode: AUTO
[LOG 11:06:43.659] all systems started
[LOG 11:06:43.695] [ModularFlightIntegrator] MFI Start
[LOG 11:06:43.695] [ModularFlightIntegrator] Start. VesselModule on vessel : 
  ModularFlightIntegrator
  AxisGroupsModule
  CometVessel
  SuspensionLoadBalancer
  CommNetVessel

[LOG 11:06:43.698] [Kopernicus] Using Kopernicus Discoverable Object Spawner.
[LOG 11:06:43.742] [ShadowMan][Info] Running in unified camera mode
[LOG 11:06:43.743] [ShadowMan][Debug] Adding TweakShadowCascades: (0.002, 0.015, 0.035) to Camera Camera 00
[LOG 11:06:43.743] [ShadowMan][Debug] Default split: (0.050, 0.152, 0.264)
[LOG 11:06:43.743] [ShadowMan][Debug] Setting shadowmap resolution to: 8192 on SunLight
[LOG 11:06:43.753] [ShadowMan][Debug] Found rings for Saturn
[LOG 11:06:43.759] [ShadowMan][Debug] Kopernicus.ShadowMan setup done
[LOG 11:06:43.769] [KSPDiagQuadSeams] body Earth, radius 6371000 m, highest subdivision level 11, 15 vertices by side
[LOG 11:06:43.770] [KSPDiagQuadSeams] after an origin shift: 40 seam(s) between 32 quad(s) of level 11 and 16 coarser one(s); 320 shared vertices, gap mean 378.538 mm, max 1023.296 mm; largest on Kerbin Zn32010320323 (North, level 11) against Kerbin Zn3201032210 (South, level 10), where the finer quad is 896.761 mm above the coarser one and 492.904 mm beside it, 21.5 km from the active vessel
[LOG 11:06:43.770] [RealSolarSystem] Setting TimeWarp rates...
[LOG 11:06:43.798] [UiApp] Awake: CurrencyWidgetsApp
[LOG 11:06:43.798] [UiApp] Awake: ResourceDisplay
[LOG 11:06:43.798] [UiApp] Awake: KSPedia
[LOG 11:06:43.798] [UiApp] Awake: Missions App
[LOG 11:06:43.798] [UiApp] Awake: DeltaVApp
[LOG 11:06:43.798] [UiApp] Awake: ActionGroupsApp
[LOG 11:06:43.798] [UiApp] Awake: Construction
[LOG 11:06:43.798] [UiApp] Awake: Cargo
[LOG 11:06:43.798] [UiApp] Awake: AlarmClock
[LOG 11:06:43.799] [UiApp] Awake: ManeuverTool
[LOG 11:06:43.799] [ApplicationLauncher] OnSceneLoadedGUIReady: scene FLIGHT ShouldBeVisible() True ShouldBeOnTop() True iIsPositionedAtTop True
[LOG 11:06:43.800] [KnowledgeBase] OnAppLauncherReady 13693
[LOG 11:06:43.805] [Kopernicus]: StarLightSwitcher: Set active star => Sun
[LOG 11:06:43.899] [UIApp] OnDestroy: Contracts
[LOG 11:06:43.909] [FlightIntegrator]: Reloaded drag cube for zeroed cube root part mk1pod.v2 (Diag3-Rocket) on vessel Diag3-Rocket
[LOG 11:06:43.911] [MessageSystem] Reposition 0.02 13694
[LOG 11:06:43.911] [GenericAppFrame] Reposition 0.02 13694
[LOG 11:06:43.911] [GenericAppFrame] Reposition 0.02 13694
[LOG 11:06:44.059] [KSPDiagQuadSeams] 60 seam(s) between 49 quad(s) of level 11 and 23 coarser one(s); 480 shared vertices, gap mean 361.414 mm, max 1078.973 mm; largest on Kerbin Zn32010323113 (East, level 11) against Kerbin Zn3201033200 (West, level 10), where the finer quad is 930.130 mm above the coarser one and 546.846 mm beside it, 37.2 km from the active vessel
[LOG 11:06:44.061] [PlanetariumCamera]: Focus: Diag3-Rocket
[LOG 11:06:44.076] [UIApp] Adding ResourceDisplay to Application Launcher
[LOG 11:06:44.077] [UIApp] Adding ResourceDisplay to Application Launcher
[LOG 11:06:44.086] [ResourceDisplay] OnAppStarted(): id: -1005768
[LOG 11:06:44.087] [GenericAppFrame] Reposition 0.1278851 13698
[LOG 11:06:44.087] [ResourceDisplay] OnAppStarted(): id: 266106
[LOG 11:06:44.087] ResourceDisplay already exist, destroying this instance
[LOG 11:06:44.087] [UIApp] OnDestroy: ResourceDisplay
[LOG 11:06:44.101] [UIApp] Adding AlarmClock to Application Launcher
[LOG 11:06:44.102] [UIApp] Adding ActionGroupsApp to Application Launcher
[LOG 11:06:44.103] [UIApp] Adding Missions App to Application Launcher
[LOG 11:06:44.104] CURRENCY WIDGET False False False
[LOG 11:06:44.106] [UIApp] OnDestroy: CurrencyWidgetsApp
[LOG 11:06:44.126] [GenericAppFrame] Reposition 0.1565386 13700
[LOG 11:06:44.128] [ActionGroupsApp] OnAppStarted(): id: -1005792
[LOG 11:06:44.129] [GenericAppFrame] Reposition 0.1565386 13700
[LOG 11:06:44.129] [UIApp] Adding DeltaVApp to Application Launcher
[LOG 11:06:44.130] [MissionsApp] OnAppStarted(): id: -1005780
[LOG 11:06:44.130] MissionsApp does not execute in this game mode, destroying this instance
[LOG 11:06:44.130] [UIApp] OnDestroy: Missions App
[LOG 11:06:44.140] [GenericAppFrame] Reposition 0.1812485 13701
[LOG 11:06:44.150] [UIApp] Adding Cargo to Application Launcher
[LOG 11:06:44.151] [UIApp] Adding Construction to Application Launcher
[LOG 11:06:44.152] [UIApp] Adding KSPedia to Application Launcher
[LOG 11:06:44.162] [UIApp] Adding ManeuverTool to Application Launcher
[LOG 11:06:44.163] [ApplicationLauncher] SetHidden: 
[LOG 11:06:44.179] [GenericAppFrame] Reposition 0.2162725 13704
[LOG 11:06:44.187] [ManeuverTool]: Found 1 transfer types
[LOG 11:06:44.224] Flight State Captured
[LOG 11:06:44.225] Saving Achievements Tree...
[LOG 11:06:44.225] [MessageSystem] Save Messages
[LOG 11:06:44.257] Game State Saved as persistent
[LOG 11:06:44.414] [Kopernicus] AtmosphereFixer => Patched AtmosphereFromGround for Uranus
[LOG 11:06:44.414] [Kopernicus] AtmosphereFixer => Patched AtmosphereFromGround for Titan
[LOG 11:06:44.414] [Kopernicus] AtmosphereFixer => Patched AtmosphereFromGround for Saturn
[LOG 11:06:44.414] [Kopernicus] AtmosphereFixer => Patched AtmosphereFromGround for Jupiter
[LOG 11:06:44.414] [Kopernicus] AtmosphereFixer => Patched AtmosphereFromGround for Mars
[LOG 11:06:44.414] [Kopernicus] AtmosphereFixer => Patched AtmosphereFromGround for Earth
[LOG 11:06:44.414] [Kopernicus] AtmosphereFixer => Patched AtmosphereFromGround for Venus
[LOG 11:06:44.882] [RealSolarSystem] Watchdog: Setting camera Camera 00 far clip to 1875000 so camera now has 1875000
[LOG 11:06:45.182] [Diag3-Rocket]: ground contact! - error. Moving Vessel  up 0.177m
[LOG 11:06:45.182] Unpacking Diag3-Rocket
[LOG 11:06:45.184] [RSS-VGPE] Vessel going off rails in PRELAUNCH, skipping 100 frames on CollisionEnhancer.
[LOG 11:06:45.195] [UIMasterController]: ShowUI
[LOG 11:06:49.319] [MessageSystem] Load Messages
[LOG 11:06:49.320] [UIMasterController]: HideUI
[LOG 11:06:49.363] [HighLogic]: =========================== Scene Change : From FLIGHT to FLIGHT =====================
[LOG 11:06:49.364] [Kopernicus] Delaying ResetAndWait of body Charon until scene switch is complete
[LOG 11:06:49.364] [Kopernicus] Delaying ResetAndWait of body Pluto until scene switch is complete
[LOG 11:06:49.364] [Kopernicus] Delaying ResetAndWait of body Triton until scene switch is complete
[LOG 11:06:49.364] [Kopernicus] Delaying ResetAndWait of body Neptune until scene switch is complete
[LOG 11:06:49.364] [Kopernicus] Delaying ResetAndWait of body Neptune until scene switch is complete
[LOG 11:06:49.364] [Kopernicus] Delaying ResetAndWait of body Oberon until scene switch is complete
[LOG 11:06:49.364] [Kopernicus] Delaying ResetAndWait of body Titania until scene switch is complete
[LOG 11:06:49.364] [Kopernicus] Delaying ResetAndWait of body Umbriel until scene switch is complete
[LOG 11:06:49.364] [Kopernicus] Delaying ResetAndWait of body Ariel until scene switch is complete
[LOG 11:06:49.364] [Kopernicus] Delaying ResetAndWait of body Miranda until scene switch is complete
[LOG 11:06:49.364] [Kopernicus] Delaying ResetAndWait of body Uranus until scene switch is complete
[LOG 11:06:49.364] [Kopernicus] Delaying ResetAndWait of body Uranus until scene switch is complete
[LOG 11:06:49.364] [Kopernicus] Delaying ResetAndWait of body Iapetus until scene switch is complete
[LOG 11:06:49.364] [Kopernicus] Delaying ResetAndWait of body Titan until scene switch is complete
[LOG 11:06:49.364] [Kopernicus] Delaying ResetAndWait of body Rhea until scene switch is complete
[LOG 11:06:49.364] [Kopernicus] Delaying ResetAndWait of body Dione until scene switch is complete
[LOG 11:06:49.364] [Kopernicus] Delaying ResetAndWait of body Tethys until scene switch is complete
[LOG 11:06:49.364] [Kopernicus] Delaying ResetAndWait of body Enceladus until scene switch is complete
[LOG 11:06:49.364] [Kopernicus] Delaying ResetAndWait of body Mimas until scene switch is complete
[LOG 11:06:49.364] [Kopernicus] Delaying ResetAndWait of body Saturn until scene switch is complete
[LOG 11:06:49.364] [Kopernicus] Delaying ResetAndWait of body Saturn until scene switch is complete
[LOG 11:06:49.364] [Kopernicus] Delaying ResetAndWait of body Callisto until scene switch is complete
[LOG 11:06:49.364] [Kopernicus] Delaying ResetAndWait of body Ganymede until scene switch is complete
[LOG 11:06:49.365] [Kopernicus] Delaying ResetAndWait of body Europa until scene switch is complete
[LOG 11:06:49.365] [Kopernicus] Delaying ResetAndWait of body Io until scene switch is complete
[LOG 11:06:49.365] [Kopernicus] Delaying ResetAndWait of body Jupiter until scene switch is complete
[LOG 11:06:49.365] [Kopernicus] Delaying ResetAndWait of body Jupiter until scene switch is complete
[LOG 11:06:49.365] [Kopernicus] Delaying ResetAndWait of body Ceres until scene switch is complete
[LOG 11:06:49.365] [Kopernicus] Delaying ResetAndWait of body Vesta until scene switch is complete
[LOG 11:06:49.365] [Kopernicus] Delaying ResetAndWait of body Deimos until scene switch is complete
[LOG 11:06:49.365] [Kopernicus] Delaying ResetAndWait of body Phobos until scene switch is complete
[LOG 11:06:49.365] [Kopernicus] Delaying ResetAndWait of body Mars until scene switch is complete
[LOG 11:06:49.365] [Kopernicus] Delaying ResetAndWait of body Moon until scene switch is complete
[LOG 11:06:49.365] [Kopernicus] Delaying ResetAndWait of body Venus until scene switch is complete
[LOG 11:06:49.365] [Kopernicus] Delaying ResetAndWait of body Mercury until scene switch is complete
[LOG 11:06:49.483] KbApp.OnDestroy Planet Info
[LOG 11:06:49.484] KbApp.OnDestroy Unowned Info
[LOG 11:06:49.484] [UIApp] OnDestroy: ResourceDisplay
[LOG 11:06:49.484] [UIApp] OnDestroy: Cargo
[LOG 11:06:49.484] KbApp.OnDestroy Vessel Info
[LOG 11:06:49.485] [UIApp] OnDestroy: KSPedia
[LOG 11:06:49.485] [UIApp] OnDestroy: AlarmClock
[LOG 11:06:49.486] [UIApp] OnDestroy: ActionGroupsApp
[LOG 11:06:49.486] [PlanetariumCamera]: Focus: Earth
[LOG 11:06:49.487] KbApp.OnDestroy Planet Resources
[LOG 11:06:49.487] KbApp.OnDestroy Vessel Crew
[LOG 11:06:49.488] [UIApp] OnDestroy: Construction
[LOG 11:06:49.488] KbApp.OnDestroy NullName
[LOG 11:06:49.488] [UIApp] OnDestroy: ManeuverTool
[LOG 11:06:49.488] KbApp.OnDestroy Planet Parameters
[LOG 11:06:49.488] [UIApp] OnDestroy: DeltaVApp
[LOG 11:06:49.489] [KSPCF:MemoryLeaks] Removed a OnMapExited callback owned by a destroyed Assembly-CSharp:NavBallToggle instance
[LOG 11:06:49.489] [KSPCF:MemoryLeaks] Removed a OnGameSettingsApplied callback owned by a destroyed Assembly-CSharp:VesselAutopilotUI instance
[LOG 11:06:49.490] [KSPCF:MemoryLeaks] Removed a onPartActionUICreate callback owned by a destroyed Assembly-CSharp:ModuleInventoryPart instance
[LOG 11:06:49.490] [KSPCF:MemoryLeaks] Removed a onModuleInventoryChanged callback owned by a destroyed Assembly-CSharp:ModuleInventoryPart instance
[LOG 11:06:49.490] [KSPCF:MemoryLeaks] Removed a OnDestructibleLoaded callback owned by a destroyed Assembly-CSharp:RunwayCollisionHandler instance
[LOG 11:06:49.490] [KSPCF:MemoryLeaks] Removed a OnClick callback owned by a destroyed Assembly-CSharp:EVAConstructionModeEditor instance
[LOG 11:06:49.491] [KSPCF:MemoryLeaks] Removed a TimingManager.Instance.timing5.onLateUpdate callback owned by a destroyed Assembly-CSharp:MapView instance
[LOG 11:06:49.491] [KSPCF:MemoryLeaks] Leaving scene "Flight", cleaned 55 memory leaks in 0.002s. GameEvents callbacks : 745. Allocated memory : 729.676 MiB (managed heap), 2.247 GiB (unmanaged)
[LOG 11:06:49.495] UICanvasPrefabSpawner FlightUI spawning Flight
[LOG 11:06:49.508] UICanvasPrefabSpawner FlightUI spawning VesselLabels
[LOG 11:06:49.508] [UiApp] Awake: ResourceDisplay
[LOG 11:06:49.571] [AddonLoader]: Instantiating addon 'AeroGUI' from assembly 'KSP'
[LOG 11:06:49.579] [AddonLoader]: Instantiating addon 'ToolbarButton' from assembly 'Kopernicus'
[LOG 11:06:49.579] [AddonLoader]: Instantiating addon 'ShadowMan' from assembly 'Kopernicus'
[LOG 11:06:49.579] [AddonLoader]: Instantiating addon 'RenderTypeFixer' from assembly 'Kopernicus'
[LOG 11:06:49.579] [AddonLoader]: Instantiating addon 'AtmosphereFixer' from assembly 'Kopernicus'
[LOG 11:06:49.579] [AddonLoader]: Instantiating addon 'SinkingBugFix' from assembly 'Kopernicus'
[LOG 11:06:49.581] [AddonLoader]: Instantiating addon 'KSPDiagQuadSeams' from assembly 'KSPDiagQuadSeams'
[LOG 11:06:49.581] [KSPDiagQuadSeams] shader Hidden/Internal-Colored, depth test settable: True
[LOG 11:06:49.581] [AddonLoader]: Instantiating addon 'RealSolarSystemEditor' from assembly 'RealSolarSystem'
[LOG 11:06:49.581] [AddonLoader]: Instantiating addon 'RSSRunwayFix' from assembly 'RealSolarSystem'
[LOG 11:06:49.581] [AddonLoader]: Instantiating addon 'TimeWarpFixer' from assembly 'RealSolarSystem'
[LOG 11:06:49.581] [AddonLoader]: Instantiating addon 'VesselGroundPositionEnhancer' from assembly 'RealSolarSystem'
[LOG 11:06:49.581] [AddonLoader]: Instantiating addon 'RSSWatchDog' from assembly 'RealSolarSystem'
[LOG 11:06:49.582] [PlanetariumCamera]: Focus: Earth
[LOG 11:06:49.582] [UIMasterController]: HideUI
[LOG 11:06:49.808] [UIMasterController]: HideUI
[LOG 11:06:49.808] ------------------- initializing flight mode... ------------------
[LOG 11:06:49.808] GetSubclassesOfParentClass: Using cached results for AlarmTypeBase
[LOG 11:06:49.809] Loading Depletion Nodes
[LOG 11:06:49.809] DepNodeCount:  0
[LOG 11:06:49.809] Loading Biome Nodes
[LOG 11:06:49.809] BiomeNodeCount:  0
[LOG 11:06:49.809] Loading Planet Nodes
[LOG 11:06:49.809] PlanetNodeCount:  0
[LOG 11:06:49.809] [ScenarioDestructibles]: Loading... 0 objects registered
[LOG 11:06:49.836] Target vessel index: 18  vessel count: 19
[LOG 11:06:49.836] [FLIGHT GLOBALS]: Switching To Vessel Diag3-Rocket ---------------------- 
[LOG 11:06:49.836] setting new dominant body: Earth
FlightGlobals.mainBody: Earth
[LOG 11:06:49.836] Reference Frame: Rotating
[WRN 11:06:49.842] [Part]: Cannot have ModuleCargoPart and ModuleInventoryPart on same Part [Diag3-Rocket (unloaded)'. Removed ModuleCargoPart
[LOG 11:06:49.852] [Diag3-Rocket]: landed - waiting for ground contact to resume physics...
[LOG 11:06:49.853] Camera Mode: AUTO
[LOG 11:06:50.981] all systems started
[LOG 11:06:51.017] [ModularFlightIntegrator] MFI Start
[LOG 11:06:51.017] [ModularFlightIntegrator] Start. VesselModule on vessel : 
  ModularFlightIntegrator
  AxisGroupsModule
  CometVessel
  SuspensionLoadBalancer
  CommNetVessel

[LOG 11:06:51.019] [Kopernicus] Using Kopernicus Discoverable Object Spawner.
[LOG 11:06:51.064] [ShadowMan][Info] Running in unified camera mode
[LOG 11:06:51.064] [ShadowMan][Debug] Adding TweakShadowCascades: (0.002, 0.015, 0.035) to Camera Camera 00
[LOG 11:06:51.064] [ShadowMan][Debug] Default split: (0.050, 0.152, 0.264)
[LOG 11:06:51.064] [ShadowMan][Debug] Setting shadowmap resolution to: 8192 on SunLight
[LOG 11:06:51.074] [ShadowMan][Debug] Found rings for Saturn
[LOG 11:06:51.078] [ShadowMan][Debug] Kopernicus.ShadowMan setup done
[LOG 11:06:51.089] [KSPDiagQuadSeams] body Earth, radius 6371000 m, highest subdivision level 11, 15 vertices by side
[LOG 11:06:51.090] [KSPDiagQuadSeams] after an origin shift: 40 seam(s) between 32 quad(s) of level 11 and 16 coarser one(s); 320 shared vertices, gap mean 305.726 mm, max 862.887 mm; largest on Kerbin Zn32010320313 (East, level 11) against Kerbin Zn3201032120 (West, level 10), where the finer quad is 669.694 mm above the coarser one and 544.135 mm beside it, 9.0 km from the active vessel
[LOG 11:06:51.090] [RealSolarSystem] Setting TimeWarp rates...
[LOG 11:06:51.118] [UiApp] Awake: CurrencyWidgetsApp
[LOG 11:06:51.118] [UiApp] Awake: ResourceDisplay
[LOG 11:06:51.119] [UiApp] Awake: KSPedia
[LOG 11:06:51.119] [UiApp] Awake: Missions App
[LOG 11:06:51.119] [UiApp] Awake: DeltaVApp
[LOG 11:06:51.119] [UiApp] Awake: ActionGroupsApp
[LOG 11:06:51.119] [UiApp] Awake: Construction
[LOG 11:06:51.119] [UiApp] Awake: Cargo
[LOG 11:06:51.119] [UiApp] Awake: AlarmClock
[LOG 11:06:51.119] [UiApp] Awake: ManeuverTool
[LOG 11:06:51.119] [ApplicationLauncher] OnSceneLoadedGUIReady: scene FLIGHT ShouldBeVisible() True ShouldBeOnTop() True iIsPositionedAtTop True
[LOG 11:06:51.121] [KnowledgeBase] OnAppLauncherReady 14040
[LOG 11:06:51.126] [Kopernicus]: StarLightSwitcher: Set active star => Sun
[LOG 11:06:51.219] [UIApp] OnDestroy: Contracts
[LOG 11:06:51.229] [FlightIntegrator]: Reloaded drag cube for zeroed cube root part mk1pod.v2 (Diag3-Rocket) on vessel Diag3-Rocket
[LOG 11:06:51.231] [MessageSystem] Reposition 0.02 14041
[LOG 11:06:51.231] [GenericAppFrame] Reposition 0.02 14041
[LOG 11:06:51.231] [GenericAppFrame] Reposition 0.02 14041
[LOG 11:06:51.375] [KSPDiagQuadSeams] 60 seam(s) between 49 quad(s) of level 11 and 23 coarser one(s); 480 shared vertices, gap mean 307.891 mm, max 854.093 mm; largest on Kerbin Zn32010322313 (North, level 11) against Kerbin Zn3201032233 (South, level 10), where the finer quad is 669.573 mm above the coarser one and 530.233 mm beside it, 39.5 km from the active vessel
[LOG 11:06:51.377] [PlanetariumCamera]: Focus: Diag3-Rocket
[LOG 11:06:51.389] [UIApp] Adding ResourceDisplay to Application Launcher
[LOG 11:06:51.391] [UIApp] Adding ResourceDisplay to Application Launcher
[LOG 11:06:51.400] [ResourceDisplay] OnAppStarted(): id: -1052792
[LOG 11:06:51.400] [GenericAppFrame] Reposition 0.1270623 14045
[LOG 11:06:51.401] [ResourceDisplay] OnAppStarted(): id: 266238
[LOG 11:06:51.401] ResourceDisplay already exist, destroying this instance
[LOG 11:06:51.401] [UIApp] OnDestroy: ResourceDisplay
[LOG 11:06:51.417] [UIApp] Adding AlarmClock to Application Launcher
[LOG 11:06:51.418] [UIApp] Adding ActionGroupsApp to Application Launcher
[LOG 11:06:51.419] [UIApp] Adding Missions App to Application Launcher
[LOG 11:06:51.420] CURRENCY WIDGET False False False
[LOG 11:06:51.422] [UIApp] OnDestroy: CurrencyWidgetsApp
[LOG 11:06:51.440] [GenericAppFrame] Reposition 0.1552627 14047
[LOG 11:06:51.442] [ActionGroupsApp] OnAppStarted(): id: -1052816
[LOG 11:06:51.443] [GenericAppFrame] Reposition 0.1552627 14047
[LOG 11:06:51.443] [UIApp] Adding DeltaVApp to Application Launcher
[LOG 11:06:51.444] [MissionsApp] OnAppStarted(): id: -1052804
[LOG 11:06:51.444] MissionsApp does not execute in this game mode, destroying this instance
[LOG 11:06:51.444] [UIApp] OnDestroy: Missions App
[LOG 11:06:51.454] [GenericAppFrame] Reposition 0.1798952 14048
[LOG 11:06:51.462] [UIApp] Adding Cargo to Application Launcher
[LOG 11:06:51.463] [UIApp] Adding Construction to Application Launcher
[LOG 11:06:51.465] [UIApp] Adding KSPedia to Application Launcher
[LOG 11:06:51.475] [UIApp] Adding ManeuverTool to Application Launcher
[LOG 11:06:51.476] [ApplicationLauncher] SetHidden: 
[LOG 11:06:51.492] [GenericAppFrame] Reposition 0.2151366 14051
[LOG 11:06:51.501] [ManeuverTool]: Found 1 transfer types
[LOG 11:06:51.539] Flight State Captured
[LOG 11:06:51.539] Saving Achievements Tree...
[LOG 11:06:51.539] [MessageSystem] Save Messages
[LOG 11:06:51.571] Game State Saved as persistent
[LOG 11:06:51.727] [Kopernicus] AtmosphereFixer => Patched AtmosphereFromGround for Uranus
[LOG 11:06:51.727] [Kopernicus] AtmosphereFixer => Patched AtmosphereFromGround for Titan
[LOG 11:06:51.727] [Kopernicus] AtmosphereFixer => Patched AtmosphereFromGround for Saturn
[LOG 11:06:51.727] [Kopernicus] AtmosphereFixer => Patched AtmosphereFromGround for Jupiter
[LOG 11:06:51.727] [Kopernicus] AtmosphereFixer => Patched AtmosphereFromGround for Mars
[LOG 11:06:51.727] [Kopernicus] AtmosphereFixer => Patched AtmosphereFromGround for Earth
[LOG 11:06:51.727] [Kopernicus] AtmosphereFixer => Patched AtmosphereFromGround for Venus
[LOG 11:06:52.196] [RealSolarSystem] Watchdog: Setting camera Camera 00 far clip to 1875000 so camera now has 1875000
[LOG 11:06:52.495] [Diag3-Rocket]: ground contact! - error. Moving Vessel  up 0.390m
[LOG 11:06:52.495] Unpacking Diag3-Rocket
[LOG 11:06:52.496] [RSS-VGPE] Vessel going off rails in PRELAUNCH, skipping 100 frames on CollisionEnhancer.
[LOG 11:06:52.507] [UIMasterController]: ShowUI
[LOG 11:06:56.638] [MessageSystem] Load Messages
[LOG 11:06:56.639] [UIMasterController]: HideUI
[LOG 11:06:56.684] [HighLogic]: =========================== Scene Change : From FLIGHT to FLIGHT =====================
[LOG 11:06:56.685] [Kopernicus] Delaying ResetAndWait of body Charon until scene switch is complete
[LOG 11:06:56.685] [Kopernicus] Delaying ResetAndWait of body Pluto until scene switch is complete
[LOG 11:06:56.685] [Kopernicus] Delaying ResetAndWait of body Triton until scene switch is complete
[LOG 11:06:56.685] [Kopernicus] Delaying ResetAndWait of body Neptune until scene switch is complete
[LOG 11:06:56.685] [Kopernicus] Delaying ResetAndWait of body Neptune until scene switch is complete
[LOG 11:06:56.685] [Kopernicus] Delaying ResetAndWait of body Oberon until scene switch is complete
[LOG 11:06:56.685] [Kopernicus] Delaying ResetAndWait of body Titania until scene switch is complete
[LOG 11:06:56.685] [Kopernicus] Delaying ResetAndWait of body Umbriel until scene switch is complete
[LOG 11:06:56.685] [Kopernicus] Delaying ResetAndWait of body Ariel until scene switch is complete
[LOG 11:06:56.685] [Kopernicus] Delaying ResetAndWait of body Miranda until scene switch is complete
[LOG 11:06:56.685] [Kopernicus] Delaying ResetAndWait of body Uranus until scene switch is complete
[LOG 11:06:56.685] [Kopernicus] Delaying ResetAndWait of body Uranus until scene switch is complete
[LOG 11:06:56.685] [Kopernicus] Delaying ResetAndWait of body Iapetus until scene switch is complete
[LOG 11:06:56.685] [Kopernicus] Delaying ResetAndWait of body Titan until scene switch is complete
[LOG 11:06:56.685] [Kopernicus] Delaying ResetAndWait of body Rhea until scene switch is complete
[LOG 11:06:56.685] [Kopernicus] Delaying ResetAndWait of body Dione until scene switch is complete
[LOG 11:06:56.685] [Kopernicus] Delaying ResetAndWait of body Tethys until scene switch is complete
[LOG 11:06:56.685] [Kopernicus] Delaying ResetAndWait of body Enceladus until scene switch is complete
[LOG 11:06:56.685] [Kopernicus] Delaying ResetAndWait of body Mimas until scene switch is complete
[LOG 11:06:56.685] [Kopernicus] Delaying ResetAndWait of body Saturn until scene switch is complete
[LOG 11:06:56.685] [Kopernicus] Delaying ResetAndWait of body Saturn until scene switch is complete
[LOG 11:06:56.685] [Kopernicus] Delaying ResetAndWait of body Callisto until scene switch is complete
[LOG 11:06:56.685] [Kopernicus] Delaying ResetAndWait of body Ganymede until scene switch is complete
[LOG 11:06:56.685] [Kopernicus] Delaying ResetAndWait of body Europa until scene switch is complete
[LOG 11:06:56.686] [Kopernicus] Delaying ResetAndWait of body Io until scene switch is complete
[LOG 11:06:56.686] [Kopernicus] Delaying ResetAndWait of body Jupiter until scene switch is complete
[LOG 11:06:56.686] [Kopernicus] Delaying ResetAndWait of body Jupiter until scene switch is complete
[LOG 11:06:56.686] [Kopernicus] Delaying ResetAndWait of body Ceres until scene switch is complete
[LOG 11:06:56.686] [Kopernicus] Delaying ResetAndWait of body Vesta until scene switch is complete
[LOG 11:06:56.686] [Kopernicus] Delaying ResetAndWait of body Deimos until scene switch is complete
[LOG 11:06:56.686] [Kopernicus] Delaying ResetAndWait of body Phobos until scene switch is complete
[LOG 11:06:56.686] [Kopernicus] Delaying ResetAndWait of body Mars until scene switch is complete
[LOG 11:06:56.686] [Kopernicus] Delaying ResetAndWait of body Moon until scene switch is complete
[LOG 11:06:56.686] [Kopernicus] Delaying ResetAndWait of body Venus until scene switch is complete
[LOG 11:06:56.686] [Kopernicus] Delaying ResetAndWait of body Mercury until scene switch is complete
[LOG 11:06:56.803] KbApp.OnDestroy Vessel Info
[LOG 11:06:56.803] [UIApp] OnDestroy: ResourceDisplay
[LOG 11:06:56.804] KbApp.OnDestroy Planet Parameters
[LOG 11:06:56.804] KbApp.OnDestroy NullName
[LOG 11:06:56.804] [UIApp] OnDestroy: Cargo
[LOG 11:06:56.804] [PlanetariumCamera]: Focus: Earth
[LOG 11:06:56.804] [UIApp] OnDestroy: DeltaVApp
[LOG 11:06:56.804] KbApp.OnDestroy Unowned Info
[LOG 11:06:56.804] [UIApp] OnDestroy: ActionGroupsApp
[LOG 11:06:56.804] [UIApp] OnDestroy: Construction
[LOG 11:06:56.805] KbApp.OnDestroy Vessel Crew
[LOG 11:06:56.805] KbApp.OnDestroy Planet Resources
[LOG 11:06:56.805] KbApp.OnDestroy Planet Info
[LOG 11:06:56.806] [UIApp] OnDestroy: ManeuverTool
[LOG 11:06:56.806] [UIApp] OnDestroy: AlarmClock
[LOG 11:06:56.807] [UIApp] OnDestroy: KSPedia
[LOG 11:06:56.808] [KSPCF:MemoryLeaks] Removed a OnMapExited callback owned by a destroyed Assembly-CSharp:NavBallToggle instance
[LOG 11:06:56.808] [KSPCF:MemoryLeaks] Removed a OnGameSettingsApplied callback owned by a destroyed Assembly-CSharp:VesselAutopilotUI instance
[LOG 11:06:56.808] [KSPCF:MemoryLeaks] Removed a onPartActionUICreate callback owned by a destroyed Assembly-CSharp:ModuleInventoryPart instance
[LOG 11:06:56.809] [KSPCF:MemoryLeaks] Removed a onModuleInventoryChanged callback owned by a destroyed Assembly-CSharp:ModuleInventoryPart instance
[LOG 11:06:56.809] [KSPCF:MemoryLeaks] Removed a OnDestructibleLoaded callback owned by a destroyed Assembly-CSharp:RunwayCollisionHandler instance
[LOG 11:06:56.809] [KSPCF:MemoryLeaks] Removed a OnClick callback owned by a destroyed Assembly-CSharp:EVAConstructionModeEditor instance
[LOG 11:06:56.809] [KSPCF:MemoryLeaks] Removed a TimingManager.Instance.timing5.onLateUpdate callback owned by a destroyed Assembly-CSharp:MapView instance
[LOG 11:06:56.809] [KSPCF:MemoryLeaks] Leaving scene "Flight", cleaned 55 memory leaks in 0.002s. GameEvents callbacks : 745. Allocated memory : 729.773 MiB (managed heap), 2.247 GiB (unmanaged)
[LOG 11:06:56.815] UICanvasPrefabSpawner FlightUI spawning Flight
[LOG 11:06:56.828] UICanvasPrefabSpawner FlightUI spawning VesselLabels
[LOG 11:06:56.829] [UiApp] Awake: ResourceDisplay
[LOG 11:06:56.896] [AddonLoader]: Instantiating addon 'AeroGUI' from assembly 'KSP'
[LOG 11:06:56.905] [AddonLoader]: Instantiating addon 'ToolbarButton' from assembly 'Kopernicus'
[LOG 11:06:56.905] [AddonLoader]: Instantiating addon 'ShadowMan' from assembly 'Kopernicus'
[LOG 11:06:56.905] [AddonLoader]: Instantiating addon 'RenderTypeFixer' from assembly 'Kopernicus'
[LOG 11:06:56.905] [AddonLoader]: Instantiating addon 'AtmosphereFixer' from assembly 'Kopernicus'
[LOG 11:06:56.905] [AddonLoader]: Instantiating addon 'SinkingBugFix' from assembly 'Kopernicus'
[LOG 11:06:56.906] [AddonLoader]: Instantiating addon 'KSPDiagQuadSeams' from assembly 'KSPDiagQuadSeams'
[LOG 11:06:56.906] [KSPDiagQuadSeams] shader Hidden/Internal-Colored, depth test settable: True
[LOG 11:06:56.906] [AddonLoader]: Instantiating addon 'RealSolarSystemEditor' from assembly 'RealSolarSystem'
[LOG 11:06:56.907] [AddonLoader]: Instantiating addon 'RSSRunwayFix' from assembly 'RealSolarSystem'
[LOG 11:06:56.907] [AddonLoader]: Instantiating addon 'TimeWarpFixer' from assembly 'RealSolarSystem'
[LOG 11:06:56.907] [AddonLoader]: Instantiating addon 'VesselGroundPositionEnhancer' from assembly 'RealSolarSystem'
[LOG 11:06:56.907] [AddonLoader]: Instantiating addon 'RSSWatchDog' from assembly 'RealSolarSystem'
[LOG 11:06:56.907] [PlanetariumCamera]: Focus: Earth
[LOG 11:06:56.907] [UIMasterController]: HideUI
[LOG 11:06:57.132] [UIMasterController]: HideUI
[LOG 11:06:57.132] ------------------- initializing flight mode... ------------------
[LOG 11:06:57.133] GetSubclassesOfParentClass: Using cached results for AlarmTypeBase
[LOG 11:06:57.133] Loading Depletion Nodes
[LOG 11:06:57.133] DepNodeCount:  0
[LOG 11:06:57.133] Loading Biome Nodes
[LOG 11:06:57.133] BiomeNodeCount:  0
[LOG 11:06:57.133] Loading Planet Nodes
[LOG 11:06:57.133] PlanetNodeCount:  0
[LOG 11:06:57.134] [ScenarioDestructibles]: Loading... 0 objects registered
[LOG 11:06:57.158] Target vessel index: 18  vessel count: 19
[LOG 11:06:57.158] [FLIGHT GLOBALS]: Switching To Vessel Diag3-Rocket ---------------------- 
[LOG 11:06:57.158] setting new dominant body: Earth
FlightGlobals.mainBody: Earth
[LOG 11:06:57.158] Reference Frame: Rotating
[WRN 11:06:57.164] [Part]: Cannot have ModuleCargoPart and ModuleInventoryPart on same Part [Diag3-Rocket (unloaded)'. Removed ModuleCargoPart
[LOG 11:06:57.172] [Diag3-Rocket]: landed - waiting for ground contact to resume physics...
[LOG 11:06:57.173] Camera Mode: AUTO
[LOG 11:06:58.294] all systems started
[LOG 11:06:58.330] [ModularFlightIntegrator] MFI Start
[LOG 11:06:58.330] [ModularFlightIntegrator] Start. VesselModule on vessel : 
  ModularFlightIntegrator
  AxisGroupsModule
  CometVessel
  SuspensionLoadBalancer
  CommNetVessel

[LOG 11:06:58.331] [Kopernicus] Using Kopernicus Discoverable Object Spawner.
[LOG 11:06:58.378] [ShadowMan][Info] Running in unified camera mode
[LOG 11:06:58.378] [ShadowMan][Debug] Adding TweakShadowCascades: (0.002, 0.015, 0.035) to Camera Camera 00
[LOG 11:06:58.378] [ShadowMan][Debug] Default split: (0.050, 0.152, 0.264)
[LOG 11:06:58.378] [ShadowMan][Debug] Setting shadowmap resolution to: 8192 on SunLight
[LOG 11:06:58.387] [ShadowMan][Debug] Found rings for Saturn
[LOG 11:06:58.393] [ShadowMan][Debug] Kopernicus.ShadowMan setup done
[LOG 11:06:58.403] [KSPDiagQuadSeams] body Earth, radius 6371000 m, highest subdivision level 11, 15 vertices by side
[LOG 11:06:58.404] [KSPDiagQuadSeams] after an origin shift: 40 seam(s) between 33 quad(s) of level 11 and 17 coarser one(s); 320 shared vertices, gap mean 330.565 mm, max 888.343 mm; largest on Kerbin Zn32010303231 (South, level 11) against Kerbin Zn3201030321 (North, level 10), where the finer quad is 776.829 mm below the coarser one and 430.918 mm beside it, 41.6 km from the active vessel
[LOG 11:06:58.404] [RealSolarSystem] Setting TimeWarp rates...
[LOG 11:06:58.432] [UiApp] Awake: CurrencyWidgetsApp
[LOG 11:06:58.432] [UiApp] Awake: ResourceDisplay
[LOG 11:06:58.432] [UiApp] Awake: KSPedia
[LOG 11:06:58.432] [UiApp] Awake: Missions App
[LOG 11:06:58.432] [UiApp] Awake: DeltaVApp
[LOG 11:06:58.432] [UiApp] Awake: ActionGroupsApp
[LOG 11:06:58.432] [UiApp] Awake: Construction
[LOG 11:06:58.432] [UiApp] Awake: Cargo
[LOG 11:06:58.432] [UiApp] Awake: AlarmClock
[LOG 11:06:58.432] [UiApp] Awake: ManeuverTool
[LOG 11:06:58.432] [ApplicationLauncher] OnSceneLoadedGUIReady: scene FLIGHT ShouldBeVisible() True ShouldBeOnTop() True iIsPositionedAtTop True
[LOG 11:06:58.434] [KnowledgeBase] OnAppLauncherReady 14387
[LOG 11:06:58.440] [Kopernicus]: StarLightSwitcher: Set active star => Sun
[LOG 11:06:58.531] [UIApp] OnDestroy: Contracts
[LOG 11:06:58.542] [FlightIntegrator]: Reloaded drag cube for zeroed cube root part mk1pod.v2 (Diag3-Rocket) on vessel Diag3-Rocket
[LOG 11:06:58.544] [MessageSystem] Reposition 0.02 14388
[LOG 11:06:58.544] [GenericAppFrame] Reposition 0.02 14388
[LOG 11:06:58.544] [GenericAppFrame] Reposition 0.02 14388
[LOG 11:06:58.692] [KSPDiagQuadSeams] 60 seam(s) between 49 quad(s) of level 11 and 23 coarser one(s); 480 shared vertices, gap mean 344.535 mm, max 1107.574 mm; largest on Kerbin Zn32010321331 (East, level 11) against Kerbin Zn3201033022 (West, level 10), where the finer quad is 969.479 mm below the coarser one and 535.566 mm beside it, 34.5 km from the active vessel
[LOG 11:06:58.694] [PlanetariumCamera]: Focus: Diag3-Rocket
[LOG 11:06:58.707] [UIApp] Adding ResourceDisplay to Application Launcher
[LOG 11:06:58.708] [UIApp] Adding ResourceDisplay to Application Launcher
[LOG 11:06:58.715] [ResourceDisplay] OnAppStarted(): id: -1099818
[LOG 11:06:58.715] [GenericAppFrame] Reposition 0.1254564 14392
[LOG 11:06:58.715] [ResourceDisplay] OnAppStarted(): id: 266370
[LOG 11:06:58.715] ResourceDisplay already exist, destroying this instance
[LOG 11:06:58.716] [UIApp] OnDestroy: ResourceDisplay
[LOG 11:06:58.736] [UIApp] Adding AlarmClock to Application Launcher
[LOG 11:06:58.737] [UIApp] Adding ActionGroupsApp to Application Launcher
[LOG 11:06:58.738] [UIApp] Adding Missions App to Application Launcher
[LOG 11:06:58.738] CURRENCY WIDGET False False False
[LOG 11:06:58.741] [UIApp] OnDestroy: CurrencyWidgetsApp
[LOG 11:06:58.758] [GenericAppFrame] Reposition 0.1573309 14394
[LOG 11:06:58.759] [ActionGroupsApp] OnAppStarted(): id: -1099842
[LOG 11:06:58.761] [GenericAppFrame] Reposition 0.1573309 14394
[LOG 11:06:58.761] [UIApp] Adding DeltaVApp to Application Launcher
[LOG 11:06:58.762] [MissionsApp] OnAppStarted(): id: -1099830
[LOG 11:06:58.762] MissionsApp does not execute in this game mode, destroying this instance
[LOG 11:06:58.762] [UIApp] OnDestroy: Missions App
[LOG 11:06:58.772] [GenericAppFrame] Reposition 0.1809979 14395
[LOG 11:06:58.782] [UIApp] Adding Cargo to Application Launcher
[LOG 11:06:58.783] [UIApp] Adding Construction to Application Launcher
[LOG 11:06:58.784] [UIApp] Adding KSPedia to Application Launcher
[LOG 11:06:58.793] [UIApp] Adding ManeuverTool to Application Launcher
[LOG 11:06:58.794] [ApplicationLauncher] SetHidden: 
[LOG 11:06:58.811] [GenericAppFrame] Reposition 0.217076 14398
[LOG 11:06:58.820] [ManeuverTool]: Found 1 transfer types
[LOG 11:06:58.858] Flight State Captured
[LOG 11:06:58.858] Saving Achievements Tree...
[LOG 11:06:58.858] [MessageSystem] Save Messages
[LOG 11:06:58.881] Game State Saved as persistent
[LOG 11:06:59.035] [Kopernicus] AtmosphereFixer => Patched AtmosphereFromGround for Uranus
[LOG 11:06:59.035] [Kopernicus] AtmosphereFixer => Patched AtmosphereFromGround for Titan
[LOG 11:06:59.035] [Kopernicus] AtmosphereFixer => Patched AtmosphereFromGround for Saturn
[LOG 11:06:59.035] [Kopernicus] AtmosphereFixer => Patched AtmosphereFromGround for Jupiter
[LOG 11:06:59.035] [Kopernicus] AtmosphereFixer => Patched AtmosphereFromGround for Mars
[LOG 11:06:59.035] [Kopernicus] AtmosphereFixer => Patched AtmosphereFromGround for Earth
[LOG 11:06:59.035] [Kopernicus] AtmosphereFixer => Patched AtmosphereFromGround for Venus
[LOG 11:06:59.523] [RealSolarSystem] Watchdog: Setting camera Camera 00 far clip to 1875000 so camera now has 1875000
[LOG 11:06:59.816] [Diag3-Rocket]: ground contact! - error. Moving Vessel  up 0.286m
[LOG 11:06:59.816] Unpacking Diag3-Rocket
[LOG 11:06:59.816] [RSS-VGPE] Vessel going off rails in PRELAUNCH, skipping 100 frames on CollisionEnhancer.
[LOG 11:06:59.823] [UIMasterController]: ShowUI
[LOG 11:07:03.948] [MessageSystem] Load Messages
[LOG 11:07:03.949] [UIMasterController]: HideUI
[LOG 11:07:03.992] [HighLogic]: =========================== Scene Change : From FLIGHT to FLIGHT =====================
[LOG 11:07:03.994] [Kopernicus] Delaying ResetAndWait of body Charon until scene switch is complete
[LOG 11:07:03.994] [Kopernicus] Delaying ResetAndWait of body Pluto until scene switch is complete
[LOG 11:07:03.994] [Kopernicus] Delaying ResetAndWait of body Triton until scene switch is complete
[LOG 11:07:03.994] [Kopernicus] Delaying ResetAndWait of body Neptune until scene switch is complete
[LOG 11:07:03.994] [Kopernicus] Delaying ResetAndWait of body Neptune until scene switch is complete
[LOG 11:07:03.994] [Kopernicus] Delaying ResetAndWait of body Oberon until scene switch is complete
[LOG 11:07:03.994] [Kopernicus] Delaying ResetAndWait of body Titania until scene switch is complete
[LOG 11:07:03.994] [Kopernicus] Delaying ResetAndWait of body Umbriel until scene switch is complete
[LOG 11:07:03.994] [Kopernicus] Delaying ResetAndWait of body Ariel until scene switch is complete
[LOG 11:07:03.994] [Kopernicus] Delaying ResetAndWait of body Miranda until scene switch is complete
[LOG 11:07:03.994] [Kopernicus] Delaying ResetAndWait of body Uranus until scene switch is complete
[LOG 11:07:03.994] [Kopernicus] Delaying ResetAndWait of body Uranus until scene switch is complete
[LOG 11:07:03.994] [Kopernicus] Delaying ResetAndWait of body Iapetus until scene switch is complete
[LOG 11:07:03.994] [Kopernicus] Delaying ResetAndWait of body Titan until scene switch is complete
[LOG 11:07:03.994] [Kopernicus] Delaying ResetAndWait of body Rhea until scene switch is complete
[LOG 11:07:03.994] [Kopernicus] Delaying ResetAndWait of body Dione until scene switch is complete
[LOG 11:07:03.994] [Kopernicus] Delaying ResetAndWait of body Tethys until scene switch is complete
[LOG 11:07:03.994] [Kopernicus] Delaying ResetAndWait of body Enceladus until scene switch is complete
[LOG 11:07:03.994] [Kopernicus] Delaying ResetAndWait of body Mimas until scene switch is complete
[LOG 11:07:03.994] [Kopernicus] Delaying ResetAndWait of body Saturn until scene switch is complete
[LOG 11:07:03.994] [Kopernicus] Delaying ResetAndWait of body Saturn until scene switch is complete
[LOG 11:07:03.994] [Kopernicus] Delaying ResetAndWait of body Callisto until scene switch is complete
[LOG 11:07:03.994] [Kopernicus] Delaying ResetAndWait of body Ganymede until scene switch is complete
[LOG 11:07:03.994] [Kopernicus] Delaying ResetAndWait of body Europa until scene switch is complete
[LOG 11:07:03.994] [Kopernicus] Delaying ResetAndWait of body Io until scene switch is complete
[LOG 11:07:03.994] [Kopernicus] Delaying ResetAndWait of body Jupiter until scene switch is complete
[LOG 11:07:03.994] [Kopernicus] Delaying ResetAndWait of body Jupiter until scene switch is complete
[LOG 11:07:03.994] [Kopernicus] Delaying ResetAndWait of body Ceres until scene switch is complete
[LOG 11:07:03.994] [Kopernicus] Delaying ResetAndWait of body Vesta until scene switch is complete
[LOG 11:07:03.994] [Kopernicus] Delaying ResetAndWait of body Deimos until scene switch is complete
[LOG 11:07:03.994] [Kopernicus] Delaying ResetAndWait of body Phobos until scene switch is complete
[LOG 11:07:03.995] [Kopernicus] Delaying ResetAndWait of body Mars until scene switch is complete
[LOG 11:07:03.995] [Kopernicus] Delaying ResetAndWait of body Moon until scene switch is complete
[LOG 11:07:03.995] [Kopernicus] Delaying ResetAndWait of body Venus until scene switch is complete
[LOG 11:07:03.995] [Kopernicus] Delaying ResetAndWait of body Mercury until scene switch is complete
[LOG 11:07:04.119] KbApp.OnDestroy Planet Info
[LOG 11:07:04.119] [UIApp] OnDestroy: AlarmClock
[LOG 11:07:04.119] [UIApp] OnDestroy: ResourceDisplay
[LOG 11:07:04.120] [PlanetariumCamera]: Focus: Earth
[LOG 11:07:04.120] [UIApp] OnDestroy: ManeuverTool
[LOG 11:07:04.120] [UIApp] OnDestroy: Construction
[LOG 11:07:04.121] KbApp.OnDestroy Planet Resources
[LOG 11:07:04.121] KbApp.OnDestroy Planet Parameters
[LOG 11:07:04.121] KbApp.OnDestroy Unowned Info
[LOG 11:07:04.121] [UIApp] OnDestroy: DeltaVApp
[LOG 11:07:04.122] KbApp.OnDestroy Vessel Info
[LOG 11:07:04.122] [UIApp] OnDestroy: Cargo
[LOG 11:07:04.122] KbApp.OnDestroy NullName
[LOG 11:07:04.122] [UIApp] OnDestroy: ActionGroupsApp
[LOG 11:07:04.123] [UIApp] OnDestroy: KSPedia
[LOG 11:07:04.123] KbApp.OnDestroy Vessel Crew
[LOG 11:07:04.124] [KSPCF:MemoryLeaks] Removed a OnMapExited callback owned by a destroyed Assembly-CSharp:NavBallToggle instance
[LOG 11:07:04.124] [KSPCF:MemoryLeaks] Removed a OnGameSettingsApplied callback owned by a destroyed Assembly-CSharp:VesselAutopilotUI instance
[LOG 11:07:04.124] [KSPCF:MemoryLeaks] Removed a onPartActionUICreate callback owned by a destroyed Assembly-CSharp:ModuleInventoryPart instance
[LOG 11:07:04.124] [KSPCF:MemoryLeaks] Removed a onModuleInventoryChanged callback owned by a destroyed Assembly-CSharp:ModuleInventoryPart instance
[LOG 11:07:04.125] [KSPCF:MemoryLeaks] Removed a OnDestructibleLoaded callback owned by a destroyed Assembly-CSharp:RunwayCollisionHandler instance
[LOG 11:07:04.125] [KSPCF:MemoryLeaks] Removed a OnClick callback owned by a destroyed Assembly-CSharp:EVAConstructionModeEditor instance
[LOG 11:07:04.125] [KSPCF:MemoryLeaks] Removed a TimingManager.Instance.timing5.onLateUpdate callback owned by a destroyed Assembly-CSharp:MapView instance
[LOG 11:07:04.125] [KSPCF:MemoryLeaks] Leaving scene "Flight", cleaned 55 memory leaks in 0.002s. GameEvents callbacks : 745. Allocated memory : 729.727 MiB (managed heap), 2.248 GiB (unmanaged)
[LOG 11:07:04.130] UICanvasPrefabSpawner FlightUI spawning Flight
[LOG 11:07:04.142] UICanvasPrefabSpawner FlightUI spawning VesselLabels
[LOG 11:07:04.143] [UiApp] Awake: ResourceDisplay
[LOG 11:07:04.205] [AddonLoader]: Instantiating addon 'AeroGUI' from assembly 'KSP'
[LOG 11:07:04.214] [AddonLoader]: Instantiating addon 'ToolbarButton' from assembly 'Kopernicus'
[LOG 11:07:04.214] [AddonLoader]: Instantiating addon 'ShadowMan' from assembly 'Kopernicus'
[LOG 11:07:04.214] [AddonLoader]: Instantiating addon 'RenderTypeFixer' from assembly 'Kopernicus'
[LOG 11:07:04.214] [AddonLoader]: Instantiating addon 'AtmosphereFixer' from assembly 'Kopernicus'
[LOG 11:07:04.214] [AddonLoader]: Instantiating addon 'SinkingBugFix' from assembly 'Kopernicus'
[LOG 11:07:04.215] [AddonLoader]: Instantiating addon 'KSPDiagQuadSeams' from assembly 'KSPDiagQuadSeams'
[LOG 11:07:04.215] [KSPDiagQuadSeams] shader Hidden/Internal-Colored, depth test settable: True
[LOG 11:07:04.215] [AddonLoader]: Instantiating addon 'RealSolarSystemEditor' from assembly 'RealSolarSystem'
[LOG 11:07:04.215] [AddonLoader]: Instantiating addon 'RSSRunwayFix' from assembly 'RealSolarSystem'
[LOG 11:07:04.215] [AddonLoader]: Instantiating addon 'TimeWarpFixer' from assembly 'RealSolarSystem'
[LOG 11:07:04.215] [AddonLoader]: Instantiating addon 'VesselGroundPositionEnhancer' from assembly 'RealSolarSystem'
[LOG 11:07:04.215] [AddonLoader]: Instantiating addon 'RSSWatchDog' from assembly 'RealSolarSystem'
[LOG 11:07:04.215] [PlanetariumCamera]: Focus: Earth
[LOG 11:07:04.216] [UIMasterController]: HideUI
[LOG 11:07:04.446] [UIMasterController]: HideUI
[LOG 11:07:04.446] ------------------- initializing flight mode... ------------------
[LOG 11:07:04.446] GetSubclassesOfParentClass: Using cached results for AlarmTypeBase
[LOG 11:07:04.447] Loading Depletion Nodes
[LOG 11:07:04.447] DepNodeCount:  0
[LOG 11:07:04.447] Loading Biome Nodes
[LOG 11:07:04.447] BiomeNodeCount:  0
[LOG 11:07:04.447] Loading Planet Nodes
[LOG 11:07:04.447] PlanetNodeCount:  0
[LOG 11:07:04.448] [ScenarioDestructibles]: Loading... 0 objects registered
[LOG 11:07:04.473] Target vessel index: 18  vessel count: 19
[LOG 11:07:04.473] [FLIGHT GLOBALS]: Switching To Vessel Diag3-Rocket ---------------------- 
[LOG 11:07:04.473] setting new dominant body: Earth
FlightGlobals.mainBody: Earth
[LOG 11:07:04.473] Reference Frame: Rotating
[WRN 11:07:04.479] [Part]: Cannot have ModuleCargoPart and ModuleInventoryPart on same Part [Diag3-Rocket (unloaded)'. Removed ModuleCargoPart
[LOG 11:07:04.489] [Diag3-Rocket]: landed - waiting for ground contact to resume physics...
[LOG 11:07:04.489] Camera Mode: AUTO
[LOG 11:07:05.609] all systems started
[LOG 11:07:05.648] [ModularFlightIntegrator] MFI Start
[LOG 11:07:05.648] [ModularFlightIntegrator] Start. VesselModule on vessel : 
  ModularFlightIntegrator
  AxisGroupsModule
  CometVessel
  SuspensionLoadBalancer
  CommNetVessel

[LOG 11:07:05.649] [Kopernicus] Using Kopernicus Discoverable Object Spawner.
[LOG 11:07:05.706] [ShadowMan][Info] Running in unified camera mode
[LOG 11:07:05.706] [ShadowMan][Debug] Adding TweakShadowCascades: (0.002, 0.015, 0.035) to Camera Camera 00
[LOG 11:07:05.706] [ShadowMan][Debug] Default split: (0.050, 0.152, 0.264)
[LOG 11:07:05.707] [ShadowMan][Debug] Setting shadowmap resolution to: 8192 on SunLight
[LOG 11:07:05.717] [ShadowMan][Debug] Found rings for Saturn
[LOG 11:07:05.722] [ShadowMan][Debug] Kopernicus.ShadowMan setup done
[LOG 11:07:05.731] [KSPDiagQuadSeams] body Earth, radius 6371000 m, highest subdivision level 11, 15 vertices by side
[LOG 11:07:05.733] [KSPDiagQuadSeams] after an origin shift: 40 seam(s) between 33 quad(s) of level 11 and 17 coarser one(s); 320 shared vertices, gap mean 414.125 mm, max 1099.001 mm; largest on Kerbin Zn32010320031 (South, level 11) against Kerbin Zn3201032001 (North, level 10), where the finer quad is 947.241 mm above the coarser one and 557.259 mm beside it, 36.0 km from the active vessel
[LOG 11:07:05.733] [RealSolarSystem] Setting TimeWarp rates...
[LOG 11:07:05.763] [UiApp] Awake: CurrencyWidgetsApp
[LOG 11:07:05.763] [UiApp] Awake: ResourceDisplay
[LOG 11:07:05.763] [UiApp] Awake: KSPedia
[LOG 11:07:05.763] [UiApp] Awake: Missions App
[LOG 11:07:05.763] [UiApp] Awake: DeltaVApp
[LOG 11:07:05.763] [UiApp] Awake: ActionGroupsApp
[LOG 11:07:05.763] [UiApp] Awake: Construction
[LOG 11:07:05.763] [UiApp] Awake: Cargo
[LOG 11:07:05.763] [UiApp] Awake: AlarmClock
[LOG 11:07:05.763] [UiApp] Awake: ManeuverTool
[LOG 11:07:05.763] [ApplicationLauncher] OnSceneLoadedGUIReady: scene FLIGHT ShouldBeVisible() True ShouldBeOnTop() True iIsPositionedAtTop True
[LOG 11:07:05.765] [KnowledgeBase] OnAppLauncherReady 14733
[LOG 11:07:05.771] [Kopernicus]: StarLightSwitcher: Set active star => Sun
[LOG 11:07:05.867] [UIApp] OnDestroy: Contracts
[LOG 11:07:05.882] [FlightIntegrator]: Reloaded drag cube for zeroed cube root part mk1pod.v2 (Diag3-Rocket) on vessel Diag3-Rocket
[LOG 11:07:05.884] [MessageSystem] Reposition 0.02 14734
[LOG 11:07:05.884] [GenericAppFrame] Reposition 0.02 14734
[LOG 11:07:05.884] [GenericAppFrame] Reposition 0.02 14734
[LOG 11:07:06.088] [KSPDiagQuadSeams] 60 seam(s) between 49 quad(s) of level 11 and 23 coarser one(s); 480 shared vertices, gap mean 381.492 mm, max 1099.001 mm; largest on Kerbin Zn32010320031 (South, level 11) against Kerbin Zn3201032001 (North, level 10), where the finer quad is 947.241 mm above the coarser one and 557.259 mm beside it, 36.0 km from the active vessel
[LOG 11:07:06.091] [PlanetariumCamera]: Focus: Diag3-Rocket
[LOG 11:07:06.105] [UIApp] Adding ResourceDisplay to Application Launcher
[LOG 11:07:06.106] [UIApp] Adding ResourceDisplay to Application Launcher
[LOG 11:07:06.115] [ResourceDisplay] OnAppStarted(): id: -1146830
[LOG 11:07:06.115] [GenericAppFrame] Reposition 0.1285654 14738
[LOG 11:07:06.115] [ResourceDisplay] OnAppStarted(): id: 266502
[LOG 11:07:06.116] ResourceDisplay already exist, destroying this instance
[LOG 11:07:06.116] [UIApp] OnDestroy: ResourceDisplay
[LOG 11:07:06.130] [UIApp] Adding AlarmClock to Application Launcher
[LOG 11:07:06.131] [UIApp] Adding ActionGroupsApp to Application Launcher
[LOG 11:07:06.131] [UIApp] Adding Missions App to Application Launcher
[LOG 11:07:06.132] CURRENCY WIDGET False False False
[LOG 11:07:06.135] [UIApp] OnDestroy: CurrencyWidgetsApp
[LOG 11:07:06.152] [GenericAppFrame] Reposition 0.1555283 14740
[LOG 11:07:06.153] [ActionGroupsApp] OnAppStarted(): id: -1146854
[LOG 11:07:06.154] [GenericAppFrame] Reposition 0.1555283 14740
[LOG 11:07:06.154] [UIApp] Adding DeltaVApp to Application Launcher
[LOG 11:07:06.155] [MissionsApp] OnAppStarted(): id: -1146842
[LOG 11:07:06.155] MissionsApp does not execute in this game mode, destroying this instance
[LOG 11:07:06.155] [UIApp] OnDestroy: Missions App
[LOG 11:07:06.166] [GenericAppFrame] Reposition 0.1775954 14741
[LOG 11:07:06.174] [UIApp] Adding Cargo to Application Launcher
[LOG 11:07:06.175] [UIApp] Adding Construction to Application Launcher
[LOG 11:07:06.176] [UIApp] Adding KSPedia to Application Launcher
[LOG 11:07:06.187] [UIApp] Adding ManeuverTool to Application Launcher
[LOG 11:07:06.189] [ApplicationLauncher] SetHidden: 
[LOG 11:07:06.204] [GenericAppFrame] Reposition 0.214088 14744
[LOG 11:07:06.212] [ManeuverTool]: Found 1 transfer types
[LOG 11:07:06.251] Flight State Captured
[LOG 11:07:06.251] Saving Achievements Tree...
[LOG 11:07:06.251] [MessageSystem] Save Messages
[LOG 11:07:06.282] Game State Saved as persistent
[LOG 11:07:06.438] [Kopernicus] AtmosphereFixer => Patched AtmosphereFromGround for Uranus
[LOG 11:07:06.439] [Kopernicus] AtmosphereFixer => Patched AtmosphereFromGround for Titan
[LOG 11:07:06.439] [Kopernicus] AtmosphereFixer => Patched AtmosphereFromGround for Saturn
[LOG 11:07:06.439] [Kopernicus] AtmosphereFixer => Patched AtmosphereFromGround for Jupiter
[LOG 11:07:06.439] [Kopernicus] AtmosphereFixer => Patched AtmosphereFromGround for Mars
[LOG 11:07:06.439] [Kopernicus] AtmosphereFixer => Patched AtmosphereFromGround for Earth
[LOG 11:07:06.439] [Kopernicus] AtmosphereFixer => Patched AtmosphereFromGround for Venus
[LOG 11:07:06.908] [RealSolarSystem] Watchdog: Setting camera Camera 00 far clip to 1875000 so camera now has 1875000
[LOG 11:07:07.203] Unpacking Diag3-Rocket
[LOG 11:07:07.203] [RSS-VGPE] Vessel going off rails in PRELAUNCH, skipping 100 frames on CollisionEnhancer.
[LOG 11:07:07.218] [UIMasterController]: ShowUI
[LOG 11:07:11.280] [KSPDiagQuadSeams] display: largest gap only
[LOG 11:07:14.558] [KSPDiagQuadSeams] display: seams and largest gap
[LOG 11:07:17.300] [KSP-MCPServer] Quitting KSP, as asked
[LOG 11:07:18.729] KbApp.OnDestroy Vessel Crew
