[LOG 15:28:06.858] ******* Log Initiated for Kerbal Space Program - 1.12.5.3190 (WindowsPlayer x64) fr-fr *******
Kerbal Space Program - 1.12.5.3190 (WindowsPlayer x64) fr-fr


OS: Windows 10  (10.0.0) 64bit
CPU: Intel(R) Core(TM) i7-4790K CPU @ 4.00GHz (8)
RAM: 32687
GPU: NVIDIA GeForce GTX 1060 6GB (6029MB)
SM: 50 (Direct3D 11.0 [level 11.1])
RT Formats: ARGB32, Depth, ARGBHalf, Shadowmap, RGB565, ARGB4444, ARGB1555, Default, ARGB2101010, DefaultHDR, ARGB64, ARGBFloat, RGFloat, RGHalf, RFloat, RHalf, R8, ARGBInt, RGInt, RInt, BGRA32, RGB111110Float, RG32, RGBAUShort, RG16, BGRA10101010_XR, BGR101010_XR, R16


Log started: Mon, Sep 28, 2026 15:28:06


[LOG 15:28:06.878] ActionCanvas MASK: 3458764513820540928
[LOG 15:28:06.878] AppCanvas MASK: 3458764513820540928
[LOG 15:28:06.880] MainCanvas MASK: 3458764513820540928
[LOG 15:28:16.261] Load(Assembly): /ModuleManager.4.2.3
[LOG 15:28:16.262] AssemblyLoader: Loading assembly at D:\KSP-RSS-Dev\GameData\ModuleManager.4.2.3.dll
[LOG 15:28:16.285] AssemblyLoader: KSPAssembly 'ModuleManager' V2.5.0
[LOG 15:28:16.285] Load(Assembly): 000_Harmony/0Harmony
[LOG 15:28:16.285] AssemblyLoader: Loading assembly at D:\KSP-RSS-Dev\GameData\000_Harmony\0Harmony.dll
[LOG 15:28:16.290] Load(Assembly): 000_Harmony/HarmonyInstallChecker
[LOG 15:28:16.290] AssemblyLoader: Loading assembly at D:\KSP-RSS-Dev\GameData\000_Harmony\HarmonyInstallChecker.dll
[LOG 15:28:16.291] AssemblyLoader: KSPAssembly 'HarmonyKSP' V1.0.0
[LOG 15:28:16.291] Load(Assembly): Kopernicus/Plugins/Kopernicus
[LOG 15:28:16.291] AssemblyLoader: Loading assembly at D:\KSP-RSS-Dev\GameData\Kopernicus\Plugins\Kopernicus.dll
[LOG 15:28:16.302] AssemblyLoader: KSPAssembly 'Kopernicus' V1.0.248
[LOG 15:28:16.302] AssemblyLoader: KSPAssemblyDependency 'Kopernicus.Parser' V1.0.0
[LOG 15:28:16.302] AssemblyLoader: KSPAssemblyDependency 'ModularFlightIntegrator' V1.0.0
[LOG 15:28:16.302] AssemblyLoader: KSPAssemblyDependency '0Harmony' V0.0.0
[LOG 15:28:16.303] AssemblyLoader: KSPAssemblyDependency 'KSPTextureLoader' V1.0.26
[LOG 15:28:16.303] Load(Assembly): Kopernicus/Plugins/Kopernicus.Parser
[LOG 15:28:16.303] AssemblyLoader: Loading assembly at D:\KSP-RSS-Dev\GameData\Kopernicus\Plugins\Kopernicus.Parser.dll
[LOG 15:28:16.304] AssemblyLoader: KSPAssembly 'Kopernicus.Parser' V1.0.0
[LOG 15:28:16.304] Load(Assembly): KSPCommunityFixes/Plugins/0_MultipleModuleInPartAPI
[LOG 15:28:16.304] AssemblyLoader: Loading assembly at D:\KSP-RSS-Dev\GameData\KSPCommunityFixes\Plugins\0_MultipleModuleInPartAPI.dll
[LOG 15:28:16.305] AssemblyLoader: KSPAssembly 'MultipleModulePartAPI' V1.0.0
[LOG 15:28:16.305] Load(Assembly): KSPCommunityFixes/Plugins/KSPCommunityFixes
[LOG 15:28:16.305] AssemblyLoader: Loading assembly at D:\KSP-RSS-Dev\GameData\KSPCommunityFixes\Plugins\KSPCommunityFixes.dll
[LOG 15:28:16.307] AssemblyLoader: KSPAssembly 'KSPCommunityFixes' V1.41.1
[LOG 15:28:16.307] AssemblyLoader: KSPAssemblyDependency 'HarmonyKSP' V1.0.0
[LOG 15:28:16.307] AssemblyLoader: KSPAssemblyDependency 'ModuleManager' V1.0.0
[LOG 15:28:16.307] AssemblyLoader: KSPAssemblyDependency 'MultipleModulePartAPI' V1.0.0
[LOG 15:28:16.307] Load(Assembly): KSPTextureLoader/Plugins/KSPTextureLoader.Burst
[LOG 15:28:16.307] AssemblyLoader: Loading assembly at D:\KSP-RSS-Dev\GameData\KSPTextureLoader\Plugins\KSPTextureLoader.Burst.dll
[LOG 15:28:16.311] Load(Assembly): KSPTextureLoader/Plugins/KSPTextureLoader
[LOG 15:28:16.311] AssemblyLoader: Loading assembly at D:\KSP-RSS-Dev\GameData\KSPTextureLoader\Plugins\KSPTextureLoader.dll
[LOG 15:28:16.313] AssemblyLoader: KSPAssemblyDependency 'SharpDX' V0.0.0
[LOG 15:28:16.313] AssemblyLoader: KSPAssemblyDependency 'SharpDX.DXGI' V0.0.0
[LOG 15:28:16.313] AssemblyLoader: KSPAssemblyDependency 'SharpDX.Direct3D11' V0.0.0
[LOG 15:28:16.313] AssemblyLoader: KSPAssembly 'KSPTextureLoader' V1.0.36
[LOG 15:28:16.314] Load(Assembly): KSPTextureLoader/Plugins/SharpDX.Direct3D11
[LOG 15:28:16.314] AssemblyLoader: Loading assembly at D:\KSP-RSS-Dev\GameData\KSPTextureLoader\Plugins\SharpDX.Direct3D11.dll
[LOG 15:28:16.315] Load(Assembly): KSPTextureLoader/Plugins/SharpDX
[LOG 15:28:16.315] AssemblyLoader: Loading assembly at D:\KSP-RSS-Dev\GameData\KSPTextureLoader\Plugins\SharpDX.dll
[LOG 15:28:16.316] Load(Assembly): KSPTextureLoader/Plugins/SharpDX.DXGI
[LOG 15:28:16.316] AssemblyLoader: Loading assembly at D:\KSP-RSS-Dev\GameData\KSPTextureLoader\Plugins\SharpDX.DXGI.dll
[LOG 15:28:16.317] Load(Assembly): MechJeb2/Plugins/alglib
[LOG 15:28:16.317] AssemblyLoader: Loading assembly at D:\KSP-RSS-Dev\GameData\MechJeb2\Plugins\alglib.dll
[LOG 15:28:16.322] Load(Assembly): MechJeb2/Plugins/MechJeb2
[LOG 15:28:16.322] AssemblyLoader: Loading assembly at D:\KSP-RSS-Dev\GameData\MechJeb2\Plugins\MechJeb2.dll
[LOG 15:28:16.325] AssemblyLoader: KSPAssembly 'MechJeb2' V2.15.3
[LOG 15:28:16.325] Load(Assembly): MechJeb2/Plugins/MechJebLib
[LOG 15:28:16.325] AssemblyLoader: Loading assembly at D:\KSP-RSS-Dev\GameData\MechJeb2\Plugins\MechJebLib.dll
[LOG 15:28:16.330] Load(Assembly): MechJeb2/Plugins/MechJebLibBindings
[LOG 15:28:16.330] AssemblyLoader: Loading assembly at D:\KSP-RSS-Dev\GameData\MechJeb2\Plugins\MechJebLibBindings.dll
[LOG 15:28:16.331] Load(Assembly): ModularFlightIntegrator/ModularFlightIntegrator
[LOG 15:28:16.331] AssemblyLoader: Loading assembly at D:\KSP-RSS-Dev\GameData\ModularFlightIntegrator\ModularFlightIntegrator.dll
[LOG 15:28:16.332] AssemblyLoader: KSPAssembly 'ModularFlightIntegrator' V1.0.0
[LOG 15:28:16.332] Load(Assembly): RealSolarSystem/Plugins/RealSolarSystem
[LOG 15:28:16.332] AssemblyLoader: Loading assembly at D:\KSP-RSS-Dev\GameData\RealSolarSystem\Plugins\RealSolarSystem.dll
[LOG 15:28:16.333] AssemblyLoader: KSPAssemblyDependency 'Kopernicus' V1.0.0
[LOG 15:28:16.334] AssemblyLoader: KSPAssemblyDependency 'Kopernicus.Parser' V1.0.0
[LOG 15:28:16.334] Load(Assembly): TerrainPrecisionFixDiag4Mod/TerrainPrecisionFixDiag4Mod
[LOG 15:28:16.334] AssemblyLoader: Loading assembly at D:\KSP-RSS-Dev\GameData\TerrainPrecisionFixDiag4Mod\TerrainPrecisionFixDiag4Mod.dll
[LOG 15:28:16.336] AssemblyLoader: Loading assemblies
[LOG 15:28:16.467] VesselModules: Found VesselModule of type AxisGroupsModule with order 999
[LOG 15:28:16.511] VesselModules: Found VesselModule of type CometVessel with order 999
[LOG 15:28:16.513] VesselModules: Found VesselModule of type SuspensionLoadBalancer with order 999
[LOG 15:28:16.515] VesselModules: Found VesselModule of type FlightIntegrator with order 0
[LOG 15:28:16.518] VesselModules: Found VesselModule of type CommNetVessel with order 999
[LOG 15:28:16.524] VesselModules: Found VesselModule of type ModularFlightIntegrator with order 0
[LOG 15:28:16.528] VesselModules: Found 6 VesselModule types
[LOG 15:28:16.540] 
************************************************************************

Environment Info
Win32NT 7FFFFFFFFFFFFFFF  Args: KSP_x64.exe 

Mod DLLs found:
Stock assembly: Assembly-CSharp v0.0.0.0
ModuleManager v4.2.3.0
0Harmony v2.2.1.0
HarmonyInstallChecker v2.2.1.0
Kopernicus.Parser v1.0.0.0 / v1.0.0.0+7b0dc7978641bd95510e13ea62c1f2d3fd3fe047
ModularFlightIntegrator v1.0.0.0 / v1.2.10.0
SharpDX v4.2.0.0 / v4.2.0+8e5df9f17b1d328c595a9df5851dbb2537b55621 / v4.2.0
SharpDX.DXGI v4.2.0.0 / v4.2.0+8e5df9f17b1d328c595a9df5851dbb2537b55621 / v4.2.0
SharpDX.Direct3D11 v4.2.0.0 / v4.2.0+8e5df9f17b1d328c595a9df5851dbb2537b55621 / v4.2.0
KSPTextureLoader v1.0.36.0 / v1.0.36+cda0e0fea05c372369b8464c01035616501d8d28
Kopernicus v1.0.248.0 / v1.0.248+7b0dc7978641bd95510e13ea62c1f2d3fd3fe047 / v1.12.248.0
0_MultipleModuleInPartAPI v1.0.0.0 / v1.0.0+7969fdc50bf4e350193abe5ba2e89533b12ca02f
KSPCommunityFixes v1.41.0.0 / v1.41.1+7969fdc50bf4e350193abe5ba2e89533b12ca02f / v1.41.1.0
KSPTextureLoader.Burst v0.0.0.0
alglib v1.0.0.0
MechJeb2 v2.15.0.0 / v / v2.15.3.0
MechJebLib v1.0.0.0
MechJebLibBindings v1.0.0.0
RealSolarSystem v20.1.3.0
TerrainPrecisionFixDiag4Mod v1.0.9767.18299

Folders and files in GameData:
000_Harmony
Kopernicus
KSPCommunityFixes
KSPTextureLoader
MechJeb2
ModularFlightIntegrator
RealSolarSystem
RSS-Textures
Stock folder: Squad

Stock folder: SquadExpansion

TerrainPrecisionFixDiag4Mod
ModuleManager.4.2.3.dll
ModuleManager.ConfigCache
ModuleManager.ConfigSHA
ModuleManager.Physics
ModuleManager.TechTree

************************************************************************

[LOG 15:28:16.563] [AddonLoader]: Instantiating addon 'ModuleManager' from assembly 'ModuleManager'
[LOG 15:28:16.576] [ModuleManager] Adding post patch to the loading screen 4
[LOG 15:28:16.578] [ModuleManager] Patching started on a new thread, all output will be directed to D:\KSP-RSS-Dev\Logs\ModuleManager\ModuleManager.log
[LOG 15:28:16.581] [AddonLoader]: Instantiating addon 'HarmonyInstallChecker' from assembly 'HarmonyKSP'
[LOG 15:28:16.582] [AddonLoader]: Instantiating addon 'MFIManager' from assembly 'ModularFlightIntegrator'
[LOG 15:28:16.584] [AddonLoader]: Instantiating addon 'TextureLoader' from assembly 'KSPTextureLoader'
[LOG 15:28:16.590] [AddonLoader]: Instantiating addon 'Events' from assembly 'Kopernicus'
[LOG 15:28:16.604] [AddonLoader]: Instantiating addon 'ToolbarButton' from assembly 'Kopernicus'
[LOG 15:28:16.606] [AddonLoader]: Instantiating addon 'ShadowMan' from assembly 'Kopernicus'
[LOG 15:28:16.607] [AddonLoader]: Instantiating addon 'RenderTypeFixer' from assembly 'Kopernicus'
[LOG 15:28:16.607] [AddonLoader]: Instantiating addon 'ShaderProperties' from assembly 'Kopernicus'
[LOG 15:28:16.608] [AddonLoader]: Instantiating addon 'AtmosphereFixer' from assembly 'Kopernicus'
[LOG 15:28:16.609] [AddonLoader]: Instantiating addon 'LogAggregatorWorker' from assembly 'Kopernicus'
[LOG 15:28:16.693] [AddonLoader]: Instantiating addon 'MeshPreloaderInjector' from assembly 'Kopernicus'
[LOG 15:28:16.693] [AddonLoader]: Instantiating addon 'SinkingBugFix' from assembly 'Kopernicus'
[LOG 15:28:16.694] [AddonLoader]: Instantiating addon 'TerrainQualitySetter' from assembly 'Kopernicus'
[LOG 15:28:16.694] [AddonLoader]: Instantiating addon 'CompatibilityChecker' from assembly 'Kopernicus'
[LOG 15:28:16.696] [AddonLoader]: Instantiating addon 'KSPCommunityFixes' from assembly 'KSPCommunityFixes'
[LOG 15:28:16.697] [AddonLoader]: Instantiating addon 'NoIVA' from assembly 'KSPCommunityFixes'
[LOG 15:28:16.697] [AddonLoader]: Instantiating addon 'ConfigNodePerf' from assembly 'KSPCommunityFixes'
[LOG 15:28:16.935] [AddonLoader]: Instantiating addon 'KSPCFFastLoader' from assembly 'KSPCommunityFixes'
[LOG 15:28:16.937] [KSPCF] Injecting FastLoader...
[LOG 15:28:16.962] [KSPCommunityFixes] Patch GameDatabasePerf applied.
[LOG 15:28:17.053] [AddonLoader]: Instantiating addon 'ReflectionTypeLoadExceptionHandler' from assembly 'KSPCommunityFixes'
[LOG 15:28:17.057] [AddonLoader]: Instantiating addon 'CompatibilityChecker' from assembly 'MechJeb2'
[LOG 15:28:17.058] [AddonLoader]: Instantiating addon 'HarmonyPatcher' from assembly 'RealSolarSystem'
[LOG 15:28:17.059] [AddonLoader]: Instantiating addon 'RSSInstallationCheck' from assembly 'RealSolarSystem'
[LOG 15:28:17.059] [AddonLoader]: Instantiating addon 'TimeWarpFixer' from assembly 'RealSolarSystem'
[LOG 15:28:18.337] [KSPCF] Taking over stock loader. An exception will follow, this is intended.
[EXC 15:28:18.342] Exception: Terminating stock loader coroutine, this is intended and not an error
	KSPCommunityFixes.Performance.KSPCFFastLoader.GameDatabase_SetupMainLoaders_Prefix () (at <62bb7f5420994f409a34377c091e8538>:0)
	(wrapper dynamic-method) GameDatabase.GameDatabase.SetupMainLoaders_Patch1(GameDatabase)
	GameDatabase+<LoadObjects>d__90.MoveNext () (at <4b449f2841f84227adfaad3149c8fdba>:0)
	UnityEngine.SetupCoroutine.InvokeMoveNext (System.Collections.IEnumerator enumerator, System.IntPtr returnValueAddress) (at <12e76cd50cc64cf19e759e981cb725af>:0)
	UnityEngine.DebugLogHandler:LogException(Exception, Object)
	ModuleManager.UnityLogHandle.InterceptLogHandler:LogException(Exception, Object)
	UnityEngine.MonoBehaviour:StartCoroutine(IEnumerator)
	<CreateDatabase>d__71:MoveNext()
	UnityEngine.MonoBehaviour:StartCoroutine(IEnumerator)
	GameDatabase:StartLoad()
	<LoadSystems>d__11:MoveNext()
	UnityEngine.MonoBehaviour:StartCoroutine(IEnumerator)
	LoadingScreen:Start()
[LOG 15:28:18.386] [MFIManager] FlightIntegrator is active. Deactivating it
[LOG 15:28:18.386] [MFIManager] Current active VesselModule : 
[MFIManager]  AxisGroupsModule active=True order=999
[MFIManager]  CometVessel active=True order=999
[MFIManager]  SuspensionLoadBalancer active=True order=999
[MFIManager]  FlightIntegrator active=False order=0
[MFIManager]  CommNet.CommNetVessel active=True order=999
[MFIManager]  ModularFI.ModularFlightIntegrator active=True order=0

[LOG 15:28:18.559] [CompatibilityChecker] Running checker version 5 from 'MechJeb2'
[LOG 15:28:18.582] [RealSolarSystem] EarthColor.dds size: 2.7MB
[LOG 15:28:18.690] Preloading Asset Bundle Definitions
[LOG 15:28:19.148] Load Audio: Squad/Alarms/Sounds/Chirps
[LOG 15:28:19.173] Load Audio: Squad/Alarms/Sounds/Classic
[LOG 15:28:19.174] Load Audio: Squad/Alarms/Sounds/ClockTower
[LOG 15:28:19.174] Load Audio: Squad/Alarms/Sounds/ComputerGlass1
[LOG 15:28:19.174] Load Audio: Squad/Alarms/Sounds/ComputerGlass2
[LOG 15:28:19.174] Load Audio: Squad/Alarms/Sounds/ComputerShort
[LOG 15:28:19.174] Load Audio: Squad/Alarms/Sounds/ComputerTriad
[LOG 15:28:19.174] Load Audio: Squad/Alarms/Sounds/DoorBell
[LOG 15:28:19.174] Load Audio: Squad/Alarms/Sounds/Glass
[LOG 15:28:19.174] Load Audio: Squad/Alarms/Sounds/Klaxon
[LOG 15:28:19.175] Load Audio: Squad/Alarms/Sounds/Mobile
[LOG 15:28:19.175] Load Audio: Squad/Alarms/Sounds/Morning
[LOG 15:28:19.175] Load Audio: Squad/Alarms/Sounds/OldClock
[LOG 15:28:19.175] Load Audio: Squad/Alarms/Sounds/OldHorn
[LOG 15:28:19.175] Load Audio: Squad/Alarms/Sounds/Ripple
[LOG 15:28:19.175] Load Audio: Squad/Sounds/editorLoop01
[LOG 15:28:19.175] Load Audio: Squad/Sounds/elev_loop
[LOG 15:28:19.176] Load Audio: Squad/Sounds/elev_start
[LOG 15:28:19.176] Load Audio: Squad/Sounds/elev_stop
[LOG 15:28:19.176] Load Audio: Squad/Sounds/fireworks_explosion_2
[LOG 15:28:19.176] Load Audio: Squad/Sounds/fireworks_explosion_3
[LOG 15:28:19.176] Load Audio: Squad/Sounds/fireworks_explosion_4
[LOG 15:28:19.176] Load Audio: Squad/Sounds/fireworks_launch_boom
[LOG 15:28:19.176] Load Audio: Squad/Sounds/fireworks_only_crackle_crackle_1
[LOG 15:28:19.176] Load Audio: Squad/Sounds/fireworks_only_crackle_dragon_1
[LOG 15:28:19.816] Load Audio: Squad/Sounds/fireworks_only_crackle_palm_1
[LOG 15:28:19.817] Load Audio: Squad/Sounds/fireworks_whistle
[LOG 15:28:19.817] Load Audio: Squad/Sounds/ksp1_banana_V2_01
[LOG 15:28:19.817] Load Audio: Squad/Sounds/ksp1_banana_V2_04
[LOG 15:28:19.817] Load Audio: Squad/Sounds/ksp1_banana_V2_05
[LOG 15:28:19.818] Load Audio: Squad/Sounds/ksp1_golf_swing_normal
[LOG 15:28:19.818] Load Audio: Squad/Sounds/ksp1_ground_anchor_v2_1
[LOG 15:28:19.818] Load Audio: Squad/Sounds/ksp1_strunts_disconnect_v3_pitched2
[LOG 15:28:19.818] Load Audio: Squad/Sounds/repairKit_repair1
[LOG 15:28:19.818] Load Audio: Squad/Sounds/repairKit_repair2
[LOG 15:28:19.993] Load Audio: Squad/Sounds/sound_ambience_nature
[LOG 15:28:19.994] Load Audio: Squad/Sounds/sound_click_flick
[LOG 15:28:19.994] Load Audio: Squad/Sounds/sound_click_latch
[LOG 15:28:19.994] Load Audio: Squad/Sounds/sound_click_sharp
[LOG 15:28:19.994] Load Audio: Squad/Sounds/sound_click_tick
[LOG 15:28:19.994] Load Audio: Squad/Sounds/sound_click_tock
[LOG 15:28:19.994] Load Audio: Squad/Sounds/sound_decoupler_fire
[LOG 15:28:19.994] Load Audio: Squad/Sounds/sound_delete_bin
[LOG 15:28:19.995] Load Audio: Squad/Sounds/sound_explosion_debris1
[LOG 15:28:19.995] Load Audio: Squad/Sounds/sound_explosion_debris2
[LOG 15:28:19.995] Load Audio: Squad/Sounds/sound_explosion_large
[LOG 15:28:19.995] Load Audio: Squad/Sounds/sound_rocket_mini
[LOG 15:28:19.995] Load Audio: Squad/Sounds/sound_rocket_spurts
[LOG 15:28:19.995] Load Audio: Squad/Sounds/sound_servomotor
[LOG 15:28:19.995] Load Audio: Squad/Sounds/sound_tab_extend
[LOG 15:28:19.996] Load Audio: Squad/Sounds/sound_tab_retreat
[LOG 15:28:19.996] Load Audio: SquadExpansion/Serenity/Sounds/robo_arm_large_end
[LOG 15:28:19.996] Load Audio: SquadExpansion/Serenity/Sounds/robo_arm_large_motor_00
[LOG 15:28:19.996] Load Audio: SquadExpansion/Serenity/Sounds/robo_arm_large_scan
[LOG 15:28:19.996] Load Audio: SquadExpansion/Serenity/Sounds/robo_arm_large_start
[LOG 15:28:19.996] Load Audio: SquadExpansion/Serenity/Sounds/robo_arm_medium_end
[LOG 15:28:19.997] Load Audio: SquadExpansion/Serenity/Sounds/robo_arm_medium_motor_00
[LOG 15:28:19.997] Load Audio: SquadExpansion/Serenity/Sounds/robo_arm_medium_scan
[LOG 15:28:19.997] Load Audio: SquadExpansion/Serenity/Sounds/robo_arm_medium_start
[LOG 15:28:19.997] Load Audio: SquadExpansion/Serenity/Sounds/robo_arm_small_end
[LOG 15:28:20.042] Load Audio: SquadExpansion/Serenity/Sounds/robo_arm_small_motor_00
[LOG 15:28:20.042] Load Audio: SquadExpansion/Serenity/Sounds/robo_arm_small_scan
[LOG 15:28:20.042] Load Audio: SquadExpansion/Serenity/Sounds/robo_arm_small_start
[LOG 15:28:20.043] Load Audio: SquadExpansion/Serenity/Sounds/sfx_cryoVolcano_burst
[LOG 15:28:20.043] Load Audio: SquadExpansion/Serenity/Sounds/sfx_cryoVolcano_idle
[LOG 15:28:20.043] Load Audio: SquadExpansion/Serenity/Sounds/sfx_deployable_booster_antena_end
[LOG 15:28:20.043] Load Audio: SquadExpansion/Serenity/Sounds/sfx_deployable_booster_antena_start
[LOG 15:28:20.043] Load Audio: SquadExpansion/Serenity/Sounds/sfx_deployable_central_station_end
[LOG 15:28:20.044] Load Audio: SquadExpansion/Serenity/Sounds/sfx_deployable_central_station_loop
[LOG 15:28:20.044] Load Audio: SquadExpansion/Serenity/Sounds/sfx_deployable_central_station_start
[LOG 15:28:20.044] Load Audio: SquadExpansion/Serenity/Sounds/sfx_deployable_detector_end
[LOG 15:28:20.044] Load Audio: SquadExpansion/Serenity/Sounds/sfx_deployable_detector_start
[LOG 15:28:20.044] Load Audio: SquadExpansion/Serenity/Sounds/sfx_deployable_GoObEd_end
[LOG 15:28:20.044] Load Audio: SquadExpansion/Serenity/Sounds/sfx_deployable_GoObEd_loop
[LOG 15:28:20.045] Load Audio: SquadExpansion/Serenity/Sounds/sfx_deployable_GoObEd_start
[LOG 15:28:20.045] Load Audio: SquadExpansion/Serenity/Sounds/sfx_deployable_rtg_end
[LOG 15:28:20.045] Load Audio: SquadExpansion/Serenity/Sounds/sfx_deployable_rtg_start
[LOG 15:28:20.045] Load Audio: SquadExpansion/Serenity/Sounds/sfx_deployable_seismometer_end
[LOG 15:28:20.045] Load Audio: SquadExpansion/Serenity/Sounds/sfx_deployable_seismometer_start
[LOG 15:28:20.045] Load Audio: SquadExpansion/Serenity/Sounds/sfx_deployable_solar_panel_end
[LOG 15:28:20.045] Load Audio: SquadExpansion/Serenity/Sounds/sfx_deployable_solar_panel_start
[LOG 15:28:20.046] Load Audio: SquadExpansion/Serenity/Sounds/sfx_deployable_weather_station_end
[LOG 15:28:20.046] Load Audio: SquadExpansion/Serenity/Sounds/sfx_deployable_weather_station_loop
[LOG 15:28:20.046] Load Audio: SquadExpansion/Serenity/Sounds/sfx_deployable_weather_station_start
[LOG 15:28:20.046] Load Audio: SquadExpansion/Serenity/Sounds/sfx_geyser_burst
[LOG 15:28:20.096] Load Audio: SquadExpansion/Serenity/Sounds/sfx_geyser_idle
[LOG 15:28:20.117] Load Cached PNG Texture: Kopernicus/Graphics/KopernicusIcon
[LOG 15:28:20.128] Load DDS texture: KSPCommunityFixes/MMPatches/StockTweaks/Icons/Clamp-O-Tron
[LOG 15:28:20.136] Load TRUECOLOR texture: KSPCommunityFixes/MMPatches/StockTweaks/Icons/Clamp-O-Tron_scaled
[LOG 15:28:20.144] Load DDS texture: KSPCommunityFixes/MMPatches/StockTweaks/Icons/FreeFallParachutes
[LOG 15:28:20.150] Load TRUECOLOR texture: KSPCommunityFixes/MMPatches/StockTweaks/Icons/FreeFallParachutes_scaled
[LOG 15:28:20.161] Load DDS texture: KSPCommunityFixes/MMPatches/StockTweaks/Icons/LightYearTireCompany
[LOG 15:28:20.174] Load TRUECOLOR texture: KSPCommunityFixes/MMPatches/StockTweaks/Icons/LightYearTireCompany_scaled
[LOG 15:28:20.182] Load DDS texture: KSPCommunityFixes/MMPatches/StockTweaks/Icons/StratusCorporation
[LOG 15:28:20.188] Load TRUECOLOR texture: KSPCommunityFixes/MMPatches/StockTweaks/Icons/StratusCorporation_scaled
[LOG 15:28:20.194] Load Cached PNG Texture: MechJeb2/Icons/Aircraft_Approach_&_Autoland
[LOG 15:28:20.199] Load Cached PNG Texture: MechJeb2/Icons/Aircraft_Autopilot
[LOG 15:28:20.204] Load PNG texture: MechJeb2/Icons/Ascent_Guidance
[WRN 15:28:20.206] Texture isn't eligible for DXT compression, width and height must be multiples of 4
[LOG 15:28:20.209] Load Cached PNG Texture: MechJeb2/Icons/Ascent_Stats
[LOG 15:28:20.217] Load Cached PNG Texture: MechJeb2/Icons/Attitude_Adjustment
[LOG 15:28:20.224] Load Cached PNG Texture: MechJeb2/Icons/Autostage_Once
[LOG 15:28:20.231] Load Cached PNG Texture: MechJeb2/Icons/Autostage_Once_active
[LOG 15:28:20.236] Load Cached PNG Texture: MechJeb2/Icons/Auto_Warp
[LOG 15:28:20.242] Load Cached PNG Texture: MechJeb2/Icons/Auto_Warp_active
[LOG 15:28:20.246] Load Cached PNG Texture: MechJeb2/Icons/Custom_Window_Editor
[LOG 15:28:20.251] Load Cached PNG Texture: MechJeb2/Icons/delete
[LOG 15:28:20.260] Load Cached PNG Texture: MechJeb2/Icons/Delta-V_Stats
[LOG 15:28:20.274] Load Cached PNG Texture: MechJeb2/Icons/Docking_Autopilot
[LOG 15:28:20.280] Load Cached PNG Texture: MechJeb2/Icons/Exec_Node
[LOG 15:28:20.284] Load Cached PNG Texture: MechJeb2/Icons/Exec_Node_active
[LOG 15:28:20.292] Load Cached PNG Texture: MechJeb2/Icons/Flight_Recorder
[LOG 15:28:20.297] Load PNG texture: MechJeb2/Icons/Landing_Guidance
[WRN 15:28:20.297] Texture isn't eligible for DXT compression, width and height must be multiples of 4
[LOG 15:28:20.302] Load Cached PNG Texture: MechJeb2/Icons/Landing_Info
[LOG 15:28:20.308] Load PNG texture: MechJeb2/Icons/Maneuver_Node_Editor
[WRN 15:28:20.308] Texture isn't eligible for DXT compression, width and height must be multiples of 4
[LOG 15:28:20.313] Load Cached PNG Texture: MechJeb2/Icons/Maneuver_Planner
[LOG 15:28:20.318] Load Cached PNG Texture: MechJeb2/Icons/MJ2
[LOG 15:28:20.324] Load Cached PNG Texture: MechJeb2/Icons/Orbit_Info
[LOG 15:28:20.330] Load Cached PNG Texture: MechJeb2/Icons/QMark
[LOG 15:28:20.334] Load Cached PNG Texture: MechJeb2/Icons/RCS_Balancer
[LOG 15:28:20.341] Load PNG texture: MechJeb2/Icons/refresh
[WRN 15:28:20.342] Texture isn't eligible for DXT compression, width and height must be multiples of 4
[LOG 15:28:20.346] Load Cached PNG Texture: MechJeb2/Icons/Rendezvous_Autopilot
[LOG 15:28:20.353] Load Cached PNG Texture: MechJeb2/Icons/Rendezvous_Info
[LOG 15:28:20.359] Load Cached PNG Texture: MechJeb2/Icons/Rendezvous_Planner
[LOG 15:28:20.363] Load Cached PNG Texture: MechJeb2/Icons/Rover_Autopilot
[LOG 15:28:20.368] Load Cached PNG Texture: MechJeb2/Icons/Scripting_Module
[LOG 15:28:20.374] Load Cached PNG Texture: MechJeb2/Icons/Settings
[LOG 15:28:20.378] Load Cached PNG Texture: MechJeb2/Icons/SmartRCS
[LOG 15:28:20.384] Load Cached PNG Texture: MechJeb2/Icons/SmartRCS_active
[LOG 15:28:20.389] Load Cached PNG Texture: MechJeb2/Icons/Smart_A_S_S_
[LOG 15:28:20.394] Load Cached PNG Texture: MechJeb2/Icons/Spaceplane_Guidance
[LOG 15:28:20.399] Load PNG texture: MechJeb2/Icons/Surface_Info
[WRN 15:28:20.399] Texture isn't eligible for DXT compression, width and height must be multiples of 4
[LOG 15:28:20.404] Load Cached PNG Texture: MechJeb2/Icons/Surface_Navigation
[LOG 15:28:20.409] Load Cached PNG Texture: MechJeb2/Icons/Target_Orbit_Info
[LOG 15:28:20.416] Load PNG texture: MechJeb2/Icons/Translatron
[WRN 15:28:20.416] Texture isn't eligible for DXT compression, width and height must be multiples of 4
[LOG 15:28:20.423] Load Cached PNG Texture: MechJeb2/Icons/up
[LOG 15:28:20.428] Load Cached PNG Texture: MechJeb2/Icons/Utilities
[LOG 15:28:20.433] Load Cached PNG Texture: MechJeb2/Icons/Vessel_Info
[LOG 15:28:20.439] Load PNG texture: MechJeb2/Icons/view
[WRN 15:28:20.439] Texture isn't eligible for DXT compression, width and height must be multiples of 4
[LOG 15:28:20.444] Load PNG texture: MechJeb2/Icons/view_a
[WRN 15:28:20.444] Texture isn't eligible for DXT compression, width and height must be multiples of 4
[LOG 15:28:20.449] Load Cached PNG Texture: MechJeb2/Icons/Warp_Helper
[LOG 15:28:20.455] Load DDS texture: MechJeb2/Parts/MechJeb2_AR202/AR202_HD2_tex
[LOG 15:28:20.460] Load DDS texture: RealSolarSystem/Compatibility/Parallax/zero_influence
[WRN 15:28:20.461] LOAD FAILED : UnityEngine.UnityException: LoadRawTextureData: not enough data provided (will result in overread).
  at UnityEngine.Texture2D.LoadRawTextureData (System.IntPtr data, System.Int32 size) [0x00056] in <12e76cd50cc64cf19e759e981cb725af>:0 
  at KSPCommunityFixes.Performance.KSPCFFastLoader+RawAsset.LoadDDS () [0x004e7] in <62bb7f5420994f409a34377c091e8538>:0 
  at KSPCommunityFixes.Performance.KSPCFFastLoader+RawAsset.LoadAndDisposeMainThread () [0x0004a] in <62bb7f5420994f409a34377c091e8538>:0 
[LOG 15:28:20.467] Load Cached PNG Texture: RealSolarSystem/Ribbons/Ariel/EvaGround
[LOG 15:28:20.473] Load Cached PNG Texture: RealSolarSystem/Ribbons/Ariel/EvaOrbit
[LOG 15:28:20.480] Load Cached PNG Texture: RealSolarSystem/Ribbons/Ariel/EvaSpace
[LOG 15:28:20.484] Load Cached PNG Texture: RealSolarSystem/Ribbons/Ariel/FirstEvaGround
[LOG 15:28:20.490] Load Cached PNG Texture: RealSolarSystem/Ribbons/Ariel/FirstEvaOrbit
[LOG 15:28:20.494] Load Cached PNG Texture: RealSolarSystem/Ribbons/Ariel/FirstEvaSpace
[LOG 15:28:20.500] Load Cached PNG Texture: RealSolarSystem/Ribbons/Ariel/FirstLanding
[LOG 15:28:20.504] Load Cached PNG Texture: RealSolarSystem/Ribbons/Ariel/FirstOrbitCapsule
[LOG 15:28:20.509] Load Cached PNG Texture: RealSolarSystem/Ribbons/Ariel/FirstOrbitCapsuleDocked
[LOG 15:28:20.515] Load Cached PNG Texture: RealSolarSystem/Ribbons/Ariel/FirstPlantFlag
[LOG 15:28:20.519] Load Cached PNG Texture: RealSolarSystem/Ribbons/Ariel/FirstRover
[LOG 15:28:20.525] Load Cached PNG Texture: RealSolarSystem/Ribbons/Ariel/Landing
[LOG 15:28:20.532] Load Cached PNG Texture: RealSolarSystem/Ribbons/Ariel/OrbitCapsule
[LOG 15:28:20.536] Load Cached PNG Texture: RealSolarSystem/Ribbons/Ariel/OrbitCapsuleDocked
[LOG 15:28:20.541] Load Cached PNG Texture: RealSolarSystem/Ribbons/Ariel/PlantFlag
[LOG 15:28:20.547] Load Cached PNG Texture: RealSolarSystem/Ribbons/Ariel/Rover
[LOG 15:28:20.552] Load Cached PNG Texture: RealSolarSystem/Ribbons/Ariel/SphereOfInfluence
[LOG 15:28:20.557] Load Cached PNG Texture: RealSolarSystem/Ribbons/Callisto/EvaGround
[LOG 15:28:20.562] Load Cached PNG Texture: RealSolarSystem/Ribbons/Callisto/EvaOrbit
[LOG 15:28:20.568] Load Cached PNG Texture: RealSolarSystem/Ribbons/Callisto/EvaSpace
[LOG 15:28:20.573] Load Cached PNG Texture: RealSolarSystem/Ribbons/Callisto/FirstEvaGround
[LOG 15:28:20.578] Load Cached PNG Texture: RealSolarSystem/Ribbons/Callisto/FirstEvaOrbit
[LOG 15:28:20.583] Load Cached PNG Texture: RealSolarSystem/Ribbons/Callisto/FirstEvaSpace
[LOG 15:28:20.590] Load Cached PNG Texture: RealSolarSystem/Ribbons/Callisto/FirstLanding
[LOG 15:28:20.595] Load Cached PNG Texture: RealSolarSystem/Ribbons/Callisto/FirstOrbitCapsule
[LOG 15:28:20.600] Load Cached PNG Texture: RealSolarSystem/Ribbons/Callisto/FirstOrbitCapsuleDocked
[LOG 15:28:20.605] Load Cached PNG Texture: RealSolarSystem/Ribbons/Callisto/FirstPlantFlag
[LOG 15:28:20.610] Load Cached PNG Texture: RealSolarSystem/Ribbons/Callisto/FirstRover
[LOG 15:28:20.615] Load Cached PNG Texture: RealSolarSystem/Ribbons/Callisto/Landing
[LOG 15:28:20.620] Load Cached PNG Texture: RealSolarSystem/Ribbons/Callisto/OrbitCapsule
[LOG 15:28:20.626] Load Cached PNG Texture: RealSolarSystem/Ribbons/Callisto/OrbitCapsuleDocked
[LOG 15:28:20.632] Load Cached PNG Texture: RealSolarSystem/Ribbons/Callisto/PlantFlag
[LOG 15:28:20.638] Load Cached PNG Texture: RealSolarSystem/Ribbons/Callisto/Rover
[LOG 15:28:20.643] Load Cached PNG Texture: RealSolarSystem/Ribbons/Callisto/SphereOfInfluence
[LOG 15:28:20.648] Load Cached PNG Texture: RealSolarSystem/Ribbons/Ceres/EvaGround
[LOG 15:28:20.654] Load Cached PNG Texture: RealSolarSystem/Ribbons/Ceres/EvaOrbit
[LOG 15:28:20.659] Load Cached PNG Texture: RealSolarSystem/Ribbons/Ceres/EvaSpace
[LOG 15:28:20.664] Load Cached PNG Texture: RealSolarSystem/Ribbons/Ceres/FirstEvaGround
[LOG 15:28:20.670] Load Cached PNG Texture: RealSolarSystem/Ribbons/Ceres/FirstEvaOrbit
[LOG 15:28:20.674] Load Cached PNG Texture: RealSolarSystem/Ribbons/Ceres/FirstEvaSpace
[LOG 15:28:20.681] Load Cached PNG Texture: RealSolarSystem/Ribbons/Ceres/FirstLanding
[LOG 15:28:20.686] Load Cached PNG Texture: RealSolarSystem/Ribbons/Ceres/FirstOrbitCapsule
[LOG 15:28:20.691] Load Cached PNG Texture: RealSolarSystem/Ribbons/Ceres/FirstOrbitCapsuleDocked
[LOG 15:28:20.696] Load Cached PNG Texture: RealSolarSystem/Ribbons/Ceres/FirstPlantFlag
[LOG 15:28:20.702] Load Cached PNG Texture: RealSolarSystem/Ribbons/Ceres/FirstRover
[LOG 15:28:20.707] Load Cached PNG Texture: RealSolarSystem/Ribbons/Ceres/Landing
[LOG 15:28:20.711] Load Cached PNG Texture: RealSolarSystem/Ribbons/Ceres/OrbitCapsule
[LOG 15:28:20.717] Load Cached PNG Texture: RealSolarSystem/Ribbons/Ceres/OrbitCapsuleDocked
[LOG 15:28:20.721] Load Cached PNG Texture: RealSolarSystem/Ribbons/Ceres/PlantFlag
[LOG 15:28:20.726] Load Cached PNG Texture: RealSolarSystem/Ribbons/Ceres/Rover
[LOG 15:28:20.731] Load Cached PNG Texture: RealSolarSystem/Ribbons/Ceres/SphereOfInfluence
[LOG 15:28:20.736] Load Cached PNG Texture: RealSolarSystem/Ribbons/Charon/EvaGround
[LOG 15:28:20.746] Load Cached PNG Texture: RealSolarSystem/Ribbons/Charon/EvaOrbit
[LOG 15:28:20.750] Load Cached PNG Texture: RealSolarSystem/Ribbons/Charon/EvaSpace
[LOG 15:28:20.756] Load Cached PNG Texture: RealSolarSystem/Ribbons/Charon/FirstEvaGround
[LOG 15:28:20.761] Load Cached PNG Texture: RealSolarSystem/Ribbons/Charon/FirstEvaOrbit
[LOG 15:28:20.766] Load Cached PNG Texture: RealSolarSystem/Ribbons/Charon/FirstEvaSpace
[LOG 15:28:20.772] Load Cached PNG Texture: RealSolarSystem/Ribbons/Charon/FirstLanding
[LOG 15:28:20.776] Load Cached PNG Texture: RealSolarSystem/Ribbons/Charon/FirstOrbitCapsule
[LOG 15:28:20.781] Load Cached PNG Texture: RealSolarSystem/Ribbons/Charon/FirstOrbitCapsuleDocked
[LOG 15:28:20.787] Load Cached PNG Texture: RealSolarSystem/Ribbons/Charon/FirstPlantFlag
[LOG 15:28:20.793] Load Cached PNG Texture: RealSolarSystem/Ribbons/Charon/FirstRover
[LOG 15:28:20.798] Load Cached PNG Texture: RealSolarSystem/Ribbons/Charon/Landing
[LOG 15:28:20.805] Load Cached PNG Texture: RealSolarSystem/Ribbons/Charon/OrbitCapsule
[LOG 15:28:20.810] Load Cached PNG Texture: RealSolarSystem/Ribbons/Charon/OrbitCapsuleDocked
[LOG 15:28:20.816] Load Cached PNG Texture: RealSolarSystem/Ribbons/Charon/PlantFlag
[LOG 15:28:20.820] Load Cached PNG Texture: RealSolarSystem/Ribbons/Charon/Rover
[LOG 15:28:20.827] Load Cached PNG Texture: RealSolarSystem/Ribbons/Charon/SphereOfInfluence
[LOG 15:28:20.832] Load Cached PNG Texture: RealSolarSystem/Ribbons/Deimos/EvaGround
[LOG 15:28:20.837] Load Cached PNG Texture: RealSolarSystem/Ribbons/Deimos/EvaOrbit
[LOG 15:28:20.843] Load Cached PNG Texture: RealSolarSystem/Ribbons/Deimos/EvaSpace
[LOG 15:28:20.848] Load Cached PNG Texture: RealSolarSystem/Ribbons/Deimos/FirstEvaGround
[LOG 15:28:20.853] Load Cached PNG Texture: RealSolarSystem/Ribbons/Deimos/FirstEvaOrbit
[LOG 15:28:20.860] Load Cached PNG Texture: RealSolarSystem/Ribbons/Deimos/FirstEvaSpace
[LOG 15:28:20.865] Load Cached PNG Texture: RealSolarSystem/Ribbons/Deimos/FirstLanding
[LOG 15:28:20.870] Load Cached PNG Texture: RealSolarSystem/Ribbons/Deimos/FirstOrbitCapsule
[LOG 15:28:20.876] Load Cached PNG Texture: RealSolarSystem/Ribbons/Deimos/FirstOrbitCapsuleDocked
[LOG 15:28:20.880] Load Cached PNG Texture: RealSolarSystem/Ribbons/Deimos/FirstPlantFlag
[LOG 15:28:20.886] Load Cached PNG Texture: RealSolarSystem/Ribbons/Deimos/FirstRover
[LOG 15:28:20.892] Load Cached PNG Texture: RealSolarSystem/Ribbons/Deimos/Landing
[LOG 15:28:20.897] Load Cached PNG Texture: RealSolarSystem/Ribbons/Deimos/OrbitCapsule
[LOG 15:28:20.905] Load Cached PNG Texture: RealSolarSystem/Ribbons/Deimos/OrbitCapsuleDocked
[LOG 15:28:20.910] Load Cached PNG Texture: RealSolarSystem/Ribbons/Deimos/PlantFlag
[LOG 15:28:20.915] Load Cached PNG Texture: RealSolarSystem/Ribbons/Deimos/Rover
[LOG 15:28:20.920] Load Cached PNG Texture: RealSolarSystem/Ribbons/Deimos/SphereOfInfluence
[LOG 15:28:20.925] Load Cached PNG Texture: RealSolarSystem/Ribbons/Dione/EvaGround
[LOG 15:28:20.930] Load Cached PNG Texture: RealSolarSystem/Ribbons/Dione/EvaOrbit
[LOG 15:28:20.936] Load Cached PNG Texture: RealSolarSystem/Ribbons/Dione/EvaSpace
[LOG 15:28:20.940] Load Cached PNG Texture: RealSolarSystem/Ribbons/Dione/FirstEvaGround
[LOG 15:28:20.946] Load Cached PNG Texture: RealSolarSystem/Ribbons/Dione/FirstEvaOrbit
[LOG 15:28:20.951] Load Cached PNG Texture: RealSolarSystem/Ribbons/Dione/FirstEvaSpace
[LOG 15:28:20.956] Load Cached PNG Texture: RealSolarSystem/Ribbons/Dione/FirstLanding
[LOG 15:28:20.961] Load Cached PNG Texture: RealSolarSystem/Ribbons/Dione/FirstOrbitCapsule
[LOG 15:28:20.966] Load Cached PNG Texture: RealSolarSystem/Ribbons/Dione/FirstOrbitCapsuleDocked
[LOG 15:28:20.971] Load Cached PNG Texture: RealSolarSystem/Ribbons/Dione/FirstPlantFlag
[LOG 15:28:20.976] Load Cached PNG Texture: RealSolarSystem/Ribbons/Dione/FirstRover
[LOG 15:28:20.981] Load Cached PNG Texture: RealSolarSystem/Ribbons/Dione/Landing
[LOG 15:28:20.987] Load Cached PNG Texture: RealSolarSystem/Ribbons/Dione/OrbitCapsule
[LOG 15:28:20.992] Load Cached PNG Texture: RealSolarSystem/Ribbons/Dione/OrbitCapsuleDocked
[LOG 15:28:20.996] Load Cached PNG Texture: RealSolarSystem/Ribbons/Dione/PlantFlag
[LOG 15:28:21.001] Load Cached PNG Texture: RealSolarSystem/Ribbons/Dione/Rover
[LOG 15:28:21.005] Load Cached PNG Texture: RealSolarSystem/Ribbons/Dione/SphereOfInfluence
[LOG 15:28:21.010] Load Cached PNG Texture: RealSolarSystem/Ribbons/Earth/Atmosphere
[LOG 15:28:21.015] Load Cached PNG Texture: RealSolarSystem/Ribbons/Earth/DeepAtmosphere
[LOG 15:28:21.021] Load Cached PNG Texture: RealSolarSystem/Ribbons/Earth/EvaGround
[LOG 15:28:21.025] Load Cached PNG Texture: RealSolarSystem/Ribbons/Earth/EvaOrbit
[LOG 15:28:21.031] Load Cached PNG Texture: RealSolarSystem/Ribbons/Earth/EvaSpace
[LOG 15:28:21.036] Load Cached PNG Texture: RealSolarSystem/Ribbons/Earth/FirstAtmosphere
[LOG 15:28:21.042] Load Cached PNG Texture: RealSolarSystem/Ribbons/Earth/FirstEvaGround
[LOG 15:28:21.046] Load Cached PNG Texture: RealSolarSystem/Ribbons/Earth/FirstEvaOrbit
[LOG 15:28:21.052] Load Cached PNG Texture: RealSolarSystem/Ribbons/Earth/FirstEvaSpace
[LOG 15:28:21.057] Load Cached PNG Texture: RealSolarSystem/Ribbons/Earth/FirstLanding
[LOG 15:28:21.062] Load Cached PNG Texture: RealSolarSystem/Ribbons/Earth/FirstOrbitCapsule
[LOG 15:28:21.067] Load Cached PNG Texture: RealSolarSystem/Ribbons/Earth/FirstOrbitCapsuleDocked
[LOG 15:28:21.072] Load Cached PNG Texture: RealSolarSystem/Ribbons/Earth/FirstPlantFlag
[LOG 15:28:21.077] Load Cached PNG Texture: RealSolarSystem/Ribbons/Earth/FirstRover
[LOG 15:28:21.082] Load Cached PNG Texture: RealSolarSystem/Ribbons/Earth/Landing
[LOG 15:28:21.087] Load Cached PNG Texture: RealSolarSystem/Ribbons/Earth/OrbitCapsule
[LOG 15:28:21.091] Load Cached PNG Texture: RealSolarSystem/Ribbons/Earth/OrbitCapsuleDocked
[LOG 15:28:21.102] Load Cached PNG Texture: RealSolarSystem/Ribbons/Earth/PlantFlag
[LOG 15:28:21.110] Load Cached PNG Texture: RealSolarSystem/Ribbons/Earth/Rover
[LOG 15:28:21.139] Load Cached PNG Texture: RealSolarSystem/Ribbons/Earth/SphereOfInfluence
[LOG 15:28:21.144] Load Cached PNG Texture: RealSolarSystem/Ribbons/Enceladus/EvaGround
[LOG 15:28:21.153] Load Cached PNG Texture: RealSolarSystem/Ribbons/Enceladus/EvaOrbit
[LOG 15:28:21.158] Load Cached PNG Texture: RealSolarSystem/Ribbons/Enceladus/EvaSpace
[LOG 15:28:21.163] Load Cached PNG Texture: RealSolarSystem/Ribbons/Enceladus/FirstEvaGround
[LOG 15:28:21.168] Load Cached PNG Texture: RealSolarSystem/Ribbons/Enceladus/FirstEvaOrbit
[LOG 15:28:21.175] Load Cached PNG Texture: RealSolarSystem/Ribbons/Enceladus/FirstEvaSpace
[LOG 15:28:21.182] Load Cached PNG Texture: RealSolarSystem/Ribbons/Enceladus/FirstLanding
[LOG 15:28:21.187] Load Cached PNG Texture: RealSolarSystem/Ribbons/Enceladus/FirstOrbitCapsule
[LOG 15:28:21.192] Load Cached PNG Texture: RealSolarSystem/Ribbons/Enceladus/FirstOrbitCapsuleDocked
[LOG 15:28:21.197] Load Cached PNG Texture: RealSolarSystem/Ribbons/Enceladus/FirstPlantFlag
[LOG 15:28:21.202] Load Cached PNG Texture: RealSolarSystem/Ribbons/Enceladus/FirstRover
[LOG 15:28:21.207] Load Cached PNG Texture: RealSolarSystem/Ribbons/Enceladus/Landing
[LOG 15:28:21.213] Load Cached PNG Texture: RealSolarSystem/Ribbons/Enceladus/OrbitCapsule
[LOG 15:28:21.218] Load Cached PNG Texture: RealSolarSystem/Ribbons/Enceladus/OrbitCapsuleDocked
[LOG 15:28:21.223] Load Cached PNG Texture: RealSolarSystem/Ribbons/Enceladus/PlantFlag
[LOG 15:28:21.228] Load Cached PNG Texture: RealSolarSystem/Ribbons/Enceladus/Rover
[LOG 15:28:21.233] Load Cached PNG Texture: RealSolarSystem/Ribbons/Enceladus/SphereOfInfluence
[LOG 15:28:21.240] Load Cached PNG Texture: RealSolarSystem/Ribbons/Europa/EvaGround
[LOG 15:28:21.245] Load Cached PNG Texture: RealSolarSystem/Ribbons/Europa/EvaOrbit
[LOG 15:28:21.250] Load Cached PNG Texture: RealSolarSystem/Ribbons/Europa/EvaSpace
[LOG 15:28:21.255] Load Cached PNG Texture: RealSolarSystem/Ribbons/Europa/FirstEvaGround
[LOG 15:28:21.260] Load Cached PNG Texture: RealSolarSystem/Ribbons/Europa/FirstEvaOrbit
[LOG 15:28:21.265] Load Cached PNG Texture: RealSolarSystem/Ribbons/Europa/FirstEvaSpace
[LOG 15:28:21.270] Load Cached PNG Texture: RealSolarSystem/Ribbons/Europa/FirstLanding
[LOG 15:28:21.275] Load Cached PNG Texture: RealSolarSystem/Ribbons/Europa/FirstOrbitCapsule
[LOG 15:28:21.280] Load Cached PNG Texture: RealSolarSystem/Ribbons/Europa/FirstOrbitCapsuleDocked
[LOG 15:28:21.286] Load Cached PNG Texture: RealSolarSystem/Ribbons/Europa/FirstPlantFlag
[LOG 15:28:21.292] Load Cached PNG Texture: RealSolarSystem/Ribbons/Europa/FirstRover
[LOG 15:28:21.299] Load Cached PNG Texture: RealSolarSystem/Ribbons/Europa/Landing
[LOG 15:28:21.304] Load Cached PNG Texture: RealSolarSystem/Ribbons/Europa/OrbitCapsule
[LOG 15:28:21.308] Load Cached PNG Texture: RealSolarSystem/Ribbons/Europa/OrbitCapsuleDocked
[LOG 15:28:21.314] Load Cached PNG Texture: RealSolarSystem/Ribbons/Europa/PlantFlag
[LOG 15:28:21.320] Load Cached PNG Texture: RealSolarSystem/Ribbons/Europa/Rover
[LOG 15:28:21.325] Load Cached PNG Texture: RealSolarSystem/Ribbons/Europa/SphereOfInfluence
[LOG 15:28:21.331] Load Cached PNG Texture: RealSolarSystem/Ribbons/Ganymede/EvaGround
[LOG 15:28:21.336] Load Cached PNG Texture: RealSolarSystem/Ribbons/Ganymede/EvaOrbit
[LOG 15:28:21.341] Load Cached PNG Texture: RealSolarSystem/Ribbons/Ganymede/EvaSpace
[LOG 15:28:21.346] Load Cached PNG Texture: RealSolarSystem/Ribbons/Ganymede/FirstEvaGround
[LOG 15:28:21.353] Load Cached PNG Texture: RealSolarSystem/Ribbons/Ganymede/FirstEvaOrbit
[LOG 15:28:21.360] Load Cached PNG Texture: RealSolarSystem/Ribbons/Ganymede/FirstEvaSpace
[LOG 15:28:21.365] Load Cached PNG Texture: RealSolarSystem/Ribbons/Ganymede/FirstLanding
[LOG 15:28:21.369] Load Cached PNG Texture: RealSolarSystem/Ribbons/Ganymede/FirstOrbitCapsule
[LOG 15:28:21.375] Load Cached PNG Texture: RealSolarSystem/Ribbons/Ganymede/FirstOrbitCapsuleDocked
[LOG 15:28:21.382] Load Cached PNG Texture: RealSolarSystem/Ribbons/Ganymede/FirstPlantFlag
[LOG 15:28:21.387] Load Cached PNG Texture: RealSolarSystem/Ribbons/Ganymede/FirstRover
[LOG 15:28:21.393] Load Cached PNG Texture: RealSolarSystem/Ribbons/Ganymede/Landing
[LOG 15:28:21.399] Load Cached PNG Texture: RealSolarSystem/Ribbons/Ganymede/OrbitCapsule
[LOG 15:28:21.405] Load Cached PNG Texture: RealSolarSystem/Ribbons/Ganymede/OrbitCapsuleDocked
[LOG 15:28:21.409] Load Cached PNG Texture: RealSolarSystem/Ribbons/Ganymede/PlantFlag
[LOG 15:28:21.415] Load Cached PNG Texture: RealSolarSystem/Ribbons/Ganymede/Rover
[LOG 15:28:21.420] Load Cached PNG Texture: RealSolarSystem/Ribbons/Ganymede/SphereOfInfluence
[LOG 15:28:21.425] Load Cached PNG Texture: RealSolarSystem/Ribbons/Iapetus/EvaGround
[LOG 15:28:21.430] Load Cached PNG Texture: RealSolarSystem/Ribbons/Iapetus/EvaOrbit
[LOG 15:28:21.438] Load Cached PNG Texture: RealSolarSystem/Ribbons/Iapetus/EvaSpace
[LOG 15:28:21.445] Load Cached PNG Texture: RealSolarSystem/Ribbons/Iapetus/FirstEvaGround
[LOG 15:28:21.450] Load Cached PNG Texture: RealSolarSystem/Ribbons/Iapetus/FirstEvaOrbit
[LOG 15:28:21.454] Load Cached PNG Texture: RealSolarSystem/Ribbons/Iapetus/FirstEvaSpace
[LOG 15:28:21.459] Load Cached PNG Texture: RealSolarSystem/Ribbons/Iapetus/FirstLanding
[LOG 15:28:21.469] Load Cached PNG Texture: RealSolarSystem/Ribbons/Iapetus/FirstOrbitCapsule
[LOG 15:28:21.473] Load Cached PNG Texture: RealSolarSystem/Ribbons/Iapetus/FirstOrbitCapsuleDocked
[LOG 15:28:21.482] Load Cached PNG Texture: RealSolarSystem/Ribbons/Iapetus/FirstPlantFlag
[LOG 15:28:21.486] Load Cached PNG Texture: RealSolarSystem/Ribbons/Iapetus/FirstRover
[LOG 15:28:21.496] Load Cached PNG Texture: RealSolarSystem/Ribbons/Iapetus/Landing
[LOG 15:28:21.501] Load Cached PNG Texture: RealSolarSystem/Ribbons/Iapetus/OrbitCapsule
[LOG 15:28:21.506] Load Cached PNG Texture: RealSolarSystem/Ribbons/Iapetus/OrbitCapsuleDocked
[LOG 15:28:21.511] Load Cached PNG Texture: RealSolarSystem/Ribbons/Iapetus/PlantFlag
[LOG 15:28:21.516] Load Cached PNG Texture: RealSolarSystem/Ribbons/Iapetus/Rover
[LOG 15:28:21.521] Load Cached PNG Texture: RealSolarSystem/Ribbons/Iapetus/SphereOfInfluence
[LOG 15:28:21.526] Load Cached PNG Texture: RealSolarSystem/Ribbons/Io/EvaGround
[LOG 15:28:21.531] Load Cached PNG Texture: RealSolarSystem/Ribbons/Io/EvaOrbit
[LOG 15:28:21.537] Load Cached PNG Texture: RealSolarSystem/Ribbons/Io/EvaSpace
[LOG 15:28:21.542] Load Cached PNG Texture: RealSolarSystem/Ribbons/Io/FirstEvaGround
[LOG 15:28:21.547] Load Cached PNG Texture: RealSolarSystem/Ribbons/Io/FirstEvaOrbit
[LOG 15:28:21.552] Load Cached PNG Texture: RealSolarSystem/Ribbons/Io/FirstEvaSpace
[LOG 15:28:21.557] Load Cached PNG Texture: RealSolarSystem/Ribbons/Io/FirstLanding
[LOG 15:28:21.562] Load Cached PNG Texture: RealSolarSystem/Ribbons/Io/FirstOrbitCapsule
[LOG 15:28:21.573] Load Cached PNG Texture: RealSolarSystem/Ribbons/Io/FirstOrbitCapsuleDocked
[LOG 15:28:21.578] Load Cached PNG Texture: RealSolarSystem/Ribbons/Io/FirstPlantFlag
[LOG 15:28:21.586] Load Cached PNG Texture: RealSolarSystem/Ribbons/Io/FirstRover
[LOG 15:28:21.590] Load Cached PNG Texture: RealSolarSystem/Ribbons/Io/Landing
[LOG 15:28:21.595] Load Cached PNG Texture: RealSolarSystem/Ribbons/Io/OrbitCapsule
[LOG 15:28:21.601] Load Cached PNG Texture: RealSolarSystem/Ribbons/Io/OrbitCapsuleDocked
[LOG 15:28:21.606] Load Cached PNG Texture: RealSolarSystem/Ribbons/Io/PlantFlag
[LOG 15:28:21.612] Load Cached PNG Texture: RealSolarSystem/Ribbons/Io/Rover
[LOG 15:28:21.617] Load Cached PNG Texture: RealSolarSystem/Ribbons/Io/SphereOfInfluence
[LOG 15:28:21.623] Load Cached PNG Texture: RealSolarSystem/Ribbons/Jupiter/Atmosphere
[LOG 15:28:21.627] Load Cached PNG Texture: RealSolarSystem/Ribbons/Jupiter/DeepAtmosphere
[LOG 15:28:21.633] Load Cached PNG Texture: RealSolarSystem/Ribbons/Jupiter/EvaOrbit
[LOG 15:28:21.638] Load Cached PNG Texture: RealSolarSystem/Ribbons/Jupiter/EvaSpace
[LOG 15:28:21.643] Load Cached PNG Texture: RealSolarSystem/Ribbons/Jupiter/FirstAtmosphere
[LOG 15:28:21.651] Load Cached PNG Texture: RealSolarSystem/Ribbons/Jupiter/FirstEvaOrbit
[LOG 15:28:21.655] Load Cached PNG Texture: RealSolarSystem/Ribbons/Jupiter/FirstEvaSpace
[LOG 15:28:21.660] Load Cached PNG Texture: RealSolarSystem/Ribbons/Jupiter/FirstOrbitCapsule
[LOG 15:28:21.666] Load Cached PNG Texture: RealSolarSystem/Ribbons/Jupiter/FirstOrbitCapsuleDocked
[LOG 15:28:21.671] Load Cached PNG Texture: RealSolarSystem/Ribbons/Jupiter/OrbitCapsule
[LOG 15:28:21.677] Load Cached PNG Texture: RealSolarSystem/Ribbons/Jupiter/OrbitCapsuleDocked
[LOG 15:28:21.682] Load Cached PNG Texture: RealSolarSystem/Ribbons/Jupiter/SphereOfInfluence
[LOG 15:28:21.687] Load Cached PNG Texture: RealSolarSystem/Ribbons/Mars/Atmosphere
[LOG 15:28:21.692] Load Cached PNG Texture: RealSolarSystem/Ribbons/Mars/DeepAtmosphere
[LOG 15:28:21.697] Load Cached PNG Texture: RealSolarSystem/Ribbons/Mars/EvaGround
[LOG 15:28:21.703] Load Cached PNG Texture: RealSolarSystem/Ribbons/Mars/EvaOrbit
[LOG 15:28:21.707] Load Cached PNG Texture: RealSolarSystem/Ribbons/Mars/EvaSpace
[LOG 15:28:21.712] Load Cached PNG Texture: RealSolarSystem/Ribbons/Mars/FirstAtmosphere
[LOG 15:28:21.718] Load Cached PNG Texture: RealSolarSystem/Ribbons/Mars/FirstEvaGround
[LOG 15:28:21.723] Load Cached PNG Texture: RealSolarSystem/Ribbons/Mars/FirstEvaOrbit
[LOG 15:28:21.728] Load Cached PNG Texture: RealSolarSystem/Ribbons/Mars/FirstEvaSpace
[LOG 15:28:21.733] Load Cached PNG Texture: RealSolarSystem/Ribbons/Mars/FirstLanding
[LOG 15:28:21.740] Load Cached PNG Texture: RealSolarSystem/Ribbons/Mars/FirstOrbitCapsule
[LOG 15:28:21.745] Load Cached PNG Texture: RealSolarSystem/Ribbons/Mars/FirstOrbitCapsuleDocked
[LOG 15:28:21.750] Load Cached PNG Texture: RealSolarSystem/Ribbons/Mars/FirstPlantFlag
[LOG 15:28:21.757] Load Cached PNG Texture: RealSolarSystem/Ribbons/Mars/FirstRover
[LOG 15:28:21.762] Load Cached PNG Texture: RealSolarSystem/Ribbons/Mars/Landing
[LOG 15:28:21.767] Load Cached PNG Texture: RealSolarSystem/Ribbons/Mars/OrbitCapsule
[LOG 15:28:21.774] Load Cached PNG Texture: RealSolarSystem/Ribbons/Mars/OrbitCapsuleDocked
[LOG 15:28:21.779] Load Cached PNG Texture: RealSolarSystem/Ribbons/Mars/PlantFlag
[LOG 15:28:21.784] Load Cached PNG Texture: RealSolarSystem/Ribbons/Mars/Rover
[LOG 15:28:21.800] Load Cached PNG Texture: RealSolarSystem/Ribbons/Mars/SphereOfInfluence
[LOG 15:28:21.806] Load Cached PNG Texture: RealSolarSystem/Ribbons/Mercury/EvaGround
[LOG 15:28:21.811] Load Cached PNG Texture: RealSolarSystem/Ribbons/Mercury/EvaOrbit
[LOG 15:28:21.816] Load Cached PNG Texture: RealSolarSystem/Ribbons/Mercury/EvaSpace
[LOG 15:28:21.821] Load Cached PNG Texture: RealSolarSystem/Ribbons/Mercury/FirstEvaGround
[LOG 15:28:21.826] Load Cached PNG Texture: RealSolarSystem/Ribbons/Mercury/FirstEvaOrbit
[LOG 15:28:21.833] Load Cached PNG Texture: RealSolarSystem/Ribbons/Mercury/FirstEvaSpace
[LOG 15:28:21.837] Load Cached PNG Texture: RealSolarSystem/Ribbons/Mercury/FirstLanding
[LOG 15:28:21.842] Load Cached PNG Texture: RealSolarSystem/Ribbons/Mercury/FirstOrbitCapsule
[LOG 15:28:21.848] Load Cached PNG Texture: RealSolarSystem/Ribbons/Mercury/FirstOrbitCapsuleDocked
[LOG 15:28:21.853] Load Cached PNG Texture: RealSolarSystem/Ribbons/Mercury/FirstPlantFlag
[LOG 15:28:21.858] Load Cached PNG Texture: RealSolarSystem/Ribbons/Mercury/FirstRover
[LOG 15:28:21.864] Load Cached PNG Texture: RealSolarSystem/Ribbons/Mercury/Landing
[LOG 15:28:21.868] Load Cached PNG Texture: RealSolarSystem/Ribbons/Mercury/OrbitCapsule
[LOG 15:28:21.874] Load Cached PNG Texture: RealSolarSystem/Ribbons/Mercury/OrbitCapsuleDocked
[LOG 15:28:21.879] Load Cached PNG Texture: RealSolarSystem/Ribbons/Mercury/PlantFlag
[LOG 15:28:21.884] Load Cached PNG Texture: RealSolarSystem/Ribbons/Mercury/Rover
[LOG 15:28:21.890] Load Cached PNG Texture: RealSolarSystem/Ribbons/Mercury/SphereOfInfluence
[LOG 15:28:21.896] Load Cached PNG Texture: RealSolarSystem/Ribbons/Mimas/EvaGround
[LOG 15:28:21.902] Load Cached PNG Texture: RealSolarSystem/Ribbons/Mimas/EvaOrbit
[LOG 15:28:21.906] Load Cached PNG Texture: RealSolarSystem/Ribbons/Mimas/EvaSpace
[LOG 15:28:21.911] Load Cached PNG Texture: RealSolarSystem/Ribbons/Mimas/FirstEvaGround
[LOG 15:28:21.916] Load Cached PNG Texture: RealSolarSystem/Ribbons/Mimas/FirstEvaOrbit
[LOG 15:28:21.921] Load Cached PNG Texture: RealSolarSystem/Ribbons/Mimas/FirstEvaSpace
[LOG 15:28:21.927] Load Cached PNG Texture: RealSolarSystem/Ribbons/Mimas/FirstLanding
[LOG 15:28:21.932] Load Cached PNG Texture: RealSolarSystem/Ribbons/Mimas/FirstOrbitCapsule
[LOG 15:28:21.937] Load Cached PNG Texture: RealSolarSystem/Ribbons/Mimas/FirstOrbitCapsuleDocked
[LOG 15:28:21.942] Load Cached PNG Texture: RealSolarSystem/Ribbons/Mimas/FirstPlantFlag
[LOG 15:28:21.947] Load Cached PNG Texture: RealSolarSystem/Ribbons/Mimas/FirstRover
[LOG 15:28:21.954] Load Cached PNG Texture: RealSolarSystem/Ribbons/Mimas/Landing
[LOG 15:28:21.960] Load Cached PNG Texture: RealSolarSystem/Ribbons/Mimas/OrbitCapsule
[LOG 15:28:21.964] Load Cached PNG Texture: RealSolarSystem/Ribbons/Mimas/OrbitCapsuleDocked
[LOG 15:28:21.972] Load Cached PNG Texture: RealSolarSystem/Ribbons/Mimas/PlantFlag
[LOG 15:28:21.977] Load Cached PNG Texture: RealSolarSystem/Ribbons/Mimas/Rover
[LOG 15:28:21.982] Load Cached PNG Texture: RealSolarSystem/Ribbons/Mimas/SphereOfInfluence
[LOG 15:28:21.987] Load Cached PNG Texture: RealSolarSystem/Ribbons/Miranda/EvaGround
[LOG 15:28:21.992] Load Cached PNG Texture: RealSolarSystem/Ribbons/Miranda/EvaOrbit
[LOG 15:28:21.999] Load Cached PNG Texture: RealSolarSystem/Ribbons/Miranda/EvaSpace
[LOG 15:28:22.004] Load Cached PNG Texture: RealSolarSystem/Ribbons/Miranda/FirstEvaGround
[LOG 15:28:22.009] Load Cached PNG Texture: RealSolarSystem/Ribbons/Miranda/FirstEvaOrbit
[LOG 15:28:22.015] Load Cached PNG Texture: RealSolarSystem/Ribbons/Miranda/FirstEvaSpace
[LOG 15:28:22.020] Load Cached PNG Texture: RealSolarSystem/Ribbons/Miranda/FirstLanding
[LOG 15:28:22.025] Load Cached PNG Texture: RealSolarSystem/Ribbons/Miranda/FirstOrbitCapsule
[LOG 15:28:22.030] Load Cached PNG Texture: RealSolarSystem/Ribbons/Miranda/FirstOrbitCapsuleDocked
[LOG 15:28:22.034] Load Cached PNG Texture: RealSolarSystem/Ribbons/Miranda/FirstPlantFlag
[LOG 15:28:22.040] Load Cached PNG Texture: RealSolarSystem/Ribbons/Miranda/FirstRover
[LOG 15:28:22.045] Load Cached PNG Texture: RealSolarSystem/Ribbons/Miranda/Landing
[LOG 15:28:22.050] Load Cached PNG Texture: RealSolarSystem/Ribbons/Miranda/OrbitCapsule
[LOG 15:28:22.055] Load Cached PNG Texture: RealSolarSystem/Ribbons/Miranda/OrbitCapsuleDocked
[LOG 15:28:22.060] Load Cached PNG Texture: RealSolarSystem/Ribbons/Miranda/PlantFlag
[LOG 15:28:22.065] Load Cached PNG Texture: RealSolarSystem/Ribbons/Miranda/Rover
[LOG 15:28:22.070] Load Cached PNG Texture: RealSolarSystem/Ribbons/Miranda/SphereOfInfluence
[LOG 15:28:22.075] Load Cached PNG Texture: RealSolarSystem/Ribbons/Moon/EvaGround
[LOG 15:28:22.082] Load Cached PNG Texture: RealSolarSystem/Ribbons/Moon/EvaOrbit
[LOG 15:28:22.088] Load Cached PNG Texture: RealSolarSystem/Ribbons/Moon/EvaSpace
[LOG 15:28:22.093] Load Cached PNG Texture: RealSolarSystem/Ribbons/Moon/FirstEvaGround
[LOG 15:28:22.099] Load Cached PNG Texture: RealSolarSystem/Ribbons/Moon/FirstEvaOrbit
[LOG 15:28:22.103] Load Cached PNG Texture: RealSolarSystem/Ribbons/Moon/FirstEvaSpace
[LOG 15:28:22.109] Load Cached PNG Texture: RealSolarSystem/Ribbons/Moon/FirstLanding
[LOG 15:28:22.113] Load Cached PNG Texture: RealSolarSystem/Ribbons/Moon/FirstOrbitCapsule
[LOG 15:28:22.118] Load Cached PNG Texture: RealSolarSystem/Ribbons/Moon/FirstOrbitCapsuleDocked
[LOG 15:28:22.125] Load Cached PNG Texture: RealSolarSystem/Ribbons/Moon/FirstPlantFlag
[LOG 15:28:22.130] Load Cached PNG Texture: RealSolarSystem/Ribbons/Moon/FirstRover
[LOG 15:28:22.135] Load Cached PNG Texture: RealSolarSystem/Ribbons/Moon/Landing
[LOG 15:28:22.140] Load Cached PNG Texture: RealSolarSystem/Ribbons/Moon/OrbitCapsule
[LOG 15:28:22.146] Load Cached PNG Texture: RealSolarSystem/Ribbons/Moon/OrbitCapsuleDocked
[LOG 15:28:22.150] Load Cached PNG Texture: RealSolarSystem/Ribbons/Moon/PlantFlag
[LOG 15:28:22.157] Load Cached PNG Texture: RealSolarSystem/Ribbons/Moon/Rover
[LOG 15:28:22.162] Load Cached PNG Texture: RealSolarSystem/Ribbons/Moon/SphereOfInfluence
[LOG 15:28:22.167] Load Cached PNG Texture: RealSolarSystem/Ribbons/Neptune/Atmosphere
[LOG 15:28:22.172] Load Cached PNG Texture: RealSolarSystem/Ribbons/Neptune/DeepAtmosphere
[LOG 15:28:22.177] Load Cached PNG Texture: RealSolarSystem/Ribbons/Neptune/EvaOrbit
[LOG 15:28:22.182] Load Cached PNG Texture: RealSolarSystem/Ribbons/Neptune/EvaSpace
[LOG 15:28:22.189] Load Cached PNG Texture: RealSolarSystem/Ribbons/Neptune/FirstAtmosphere
[LOG 15:28:22.193] Load Cached PNG Texture: RealSolarSystem/Ribbons/Neptune/FirstEvaOrbit
[LOG 15:28:22.204] Load Cached PNG Texture: RealSolarSystem/Ribbons/Neptune/FirstEvaSpace
[LOG 15:28:22.208] Load Cached PNG Texture: RealSolarSystem/Ribbons/Neptune/FirstOrbitCapsule
[LOG 15:28:22.213] Load Cached PNG Texture: RealSolarSystem/Ribbons/Neptune/FirstOrbitCapsuleDocked
[LOG 15:28:22.218] Load Cached PNG Texture: RealSolarSystem/Ribbons/Neptune/OrbitCapsule
[LOG 15:28:22.223] Load Cached PNG Texture: RealSolarSystem/Ribbons/Neptune/OrbitCapsuleDocked
[LOG 15:28:22.229] Load Cached PNG Texture: RealSolarSystem/Ribbons/Neptune/SphereOfInfluence
[LOG 15:28:22.238] Load Cached PNG Texture: RealSolarSystem/Ribbons/Oberon/EvaGround
[LOG 15:28:22.242] Load Cached PNG Texture: RealSolarSystem/Ribbons/Oberon/EvaOrbit
[LOG 15:28:22.249] Load Cached PNG Texture: RealSolarSystem/Ribbons/Oberon/EvaSpace
[LOG 15:28:22.254] Load Cached PNG Texture: RealSolarSystem/Ribbons/Oberon/FirstEvaGround
[LOG 15:28:22.259] Load Cached PNG Texture: RealSolarSystem/Ribbons/Oberon/FirstEvaOrbit
[LOG 15:28:22.264] Load Cached PNG Texture: RealSolarSystem/Ribbons/Oberon/FirstEvaSpace
[LOG 15:28:22.270] Load Cached PNG Texture: RealSolarSystem/Ribbons/Oberon/FirstLanding
[LOG 15:28:22.275] Load Cached PNG Texture: RealSolarSystem/Ribbons/Oberon/FirstOrbitCapsule
[LOG 15:28:22.281] Load Cached PNG Texture: RealSolarSystem/Ribbons/Oberon/FirstOrbitCapsuleDocked
[LOG 15:28:22.286] Load Cached PNG Texture: RealSolarSystem/Ribbons/Oberon/FirstPlantFlag
[LOG 15:28:22.291] Load Cached PNG Texture: RealSolarSystem/Ribbons/Oberon/FirstRover
[LOG 15:28:22.296] Load Cached PNG Texture: RealSolarSystem/Ribbons/Oberon/Landing
[LOG 15:28:22.302] Load Cached PNG Texture: RealSolarSystem/Ribbons/Oberon/OrbitCapsule
[LOG 15:28:22.310] Load Cached PNG Texture: RealSolarSystem/Ribbons/Oberon/OrbitCapsuleDocked
[LOG 15:28:22.314] Load Cached PNG Texture: RealSolarSystem/Ribbons/Oberon/PlantFlag
[LOG 15:28:22.321] Load Cached PNG Texture: RealSolarSystem/Ribbons/Oberon/Rover
[LOG 15:28:22.326] Load Cached PNG Texture: RealSolarSystem/Ribbons/Oberon/SphereOfInfluence
[LOG 15:28:22.331] Load Cached PNG Texture: RealSolarSystem/Ribbons/Phobos/EvaGround
[LOG 15:28:22.336] Load Cached PNG Texture: RealSolarSystem/Ribbons/Phobos/EvaOrbit
[LOG 15:28:22.343] Load Cached PNG Texture: RealSolarSystem/Ribbons/Phobos/EvaSpace
[LOG 15:28:22.348] Load Cached PNG Texture: RealSolarSystem/Ribbons/Phobos/FirstEvaGround
[LOG 15:28:22.353] Load Cached PNG Texture: RealSolarSystem/Ribbons/Phobos/FirstEvaOrbit
[LOG 15:28:22.360] Load Cached PNG Texture: RealSolarSystem/Ribbons/Phobos/FirstEvaSpace
[LOG 15:28:22.364] Load Cached PNG Texture: RealSolarSystem/Ribbons/Phobos/FirstLanding
[LOG 15:28:22.372] Load Cached PNG Texture: RealSolarSystem/Ribbons/Phobos/FirstOrbitCapsule
[LOG 15:28:22.377] Load Cached PNG Texture: RealSolarSystem/Ribbons/Phobos/FirstOrbitCapsuleDocked
[LOG 15:28:22.382] Load Cached PNG Texture: RealSolarSystem/Ribbons/Phobos/FirstPlantFlag
[LOG 15:28:22.387] Load Cached PNG Texture: RealSolarSystem/Ribbons/Phobos/FirstRover
[LOG 15:28:22.392] Load Cached PNG Texture: RealSolarSystem/Ribbons/Phobos/Landing
[LOG 15:28:22.398] Load Cached PNG Texture: RealSolarSystem/Ribbons/Phobos/OrbitCapsule
[LOG 15:28:22.403] Load Cached PNG Texture: RealSolarSystem/Ribbons/Phobos/OrbitCapsuleDocked
[LOG 15:28:22.408] Load Cached PNG Texture: RealSolarSystem/Ribbons/Phobos/PlantFlag
[LOG 15:28:22.415] Load Cached PNG Texture: RealSolarSystem/Ribbons/Phobos/Rover
[LOG 15:28:22.420] Load Cached PNG Texture: RealSolarSystem/Ribbons/Phobos/SphereOfInfluence
[LOG 15:28:22.426] Load Cached PNG Texture: RealSolarSystem/Ribbons/Pluto/Atmosphere
[LOG 15:28:22.430] Load Cached PNG Texture: RealSolarSystem/Ribbons/Pluto/DeepAtmosphere
[LOG 15:28:22.435] Load Cached PNG Texture: RealSolarSystem/Ribbons/Pluto/EvaGround
[LOG 15:28:22.440] Load Cached PNG Texture: RealSolarSystem/Ribbons/Pluto/EvaOrbit
[LOG 15:28:22.444] Load Cached PNG Texture: RealSolarSystem/Ribbons/Pluto/EvaSpace
[LOG 15:28:22.455] Load Cached PNG Texture: RealSolarSystem/Ribbons/Pluto/FirstAtmosphere
[LOG 15:28:22.459] Load Cached PNG Texture: RealSolarSystem/Ribbons/Pluto/FirstEvaGround
[LOG 15:28:22.464] Load Cached PNG Texture: RealSolarSystem/Ribbons/Pluto/FirstEvaOrbit
[LOG 15:28:22.473] Load Cached PNG Texture: RealSolarSystem/Ribbons/Pluto/FirstEvaSpace
[LOG 15:28:22.477] Load Cached PNG Texture: RealSolarSystem/Ribbons/Pluto/FirstLanding
[LOG 15:28:22.482] Load Cached PNG Texture: RealSolarSystem/Ribbons/Pluto/FirstOrbitCapsule
[LOG 15:28:22.495] Load Cached PNG Texture: RealSolarSystem/Ribbons/Pluto/FirstOrbitCapsuleDocked
[LOG 15:28:22.499] Load Cached PNG Texture: RealSolarSystem/Ribbons/Pluto/FirstPlantFlag
[LOG 15:28:22.504] Load Cached PNG Texture: RealSolarSystem/Ribbons/Pluto/FirstRover
[LOG 15:28:22.509] Load Cached PNG Texture: RealSolarSystem/Ribbons/Pluto/Landing
[LOG 15:28:22.514] Load Cached PNG Texture: RealSolarSystem/Ribbons/Pluto/OrbitCapsule
[LOG 15:28:22.519] Load Cached PNG Texture: RealSolarSystem/Ribbons/Pluto/OrbitCapsuleDocked
[LOG 15:28:22.525] Load Cached PNG Texture: RealSolarSystem/Ribbons/Pluto/PlantFlag
[LOG 15:28:22.532] Load Cached PNG Texture: RealSolarSystem/Ribbons/Pluto/Rover
[LOG 15:28:22.537] Load Cached PNG Texture: RealSolarSystem/Ribbons/Pluto/SphereOfInfluence
[LOG 15:28:22.541] Load Cached PNG Texture: RealSolarSystem/Ribbons/Rhea/EvaGround
[LOG 15:28:22.547] Load Cached PNG Texture: RealSolarSystem/Ribbons/Rhea/EvaOrbit
[LOG 15:28:22.552] Load Cached PNG Texture: RealSolarSystem/Ribbons/Rhea/EvaSpace
[LOG 15:28:22.557] Load Cached PNG Texture: RealSolarSystem/Ribbons/Rhea/FirstEvaGround
[LOG 15:28:22.566] Load Cached PNG Texture: RealSolarSystem/Ribbons/Rhea/FirstEvaOrbit
[LOG 15:28:22.570] Load Cached PNG Texture: RealSolarSystem/Ribbons/Rhea/FirstEvaSpace
[LOG 15:28:22.576] Load Cached PNG Texture: RealSolarSystem/Ribbons/Rhea/FirstLanding
[LOG 15:28:22.580] Load Cached PNG Texture: RealSolarSystem/Ribbons/Rhea/FirstOrbitCapsule
[LOG 15:28:22.585] Load Cached PNG Texture: RealSolarSystem/Ribbons/Rhea/FirstOrbitCapsuleDocked
[LOG 15:28:22.590] Load Cached PNG Texture: RealSolarSystem/Ribbons/Rhea/FirstPlantFlag
[LOG 15:28:22.600] Load Cached PNG Texture: RealSolarSystem/Ribbons/Rhea/FirstRover
[LOG 15:28:22.608] Load Cached PNG Texture: RealSolarSystem/Ribbons/Rhea/Landing
[LOG 15:28:22.613] Load Cached PNG Texture: RealSolarSystem/Ribbons/Rhea/OrbitCapsule
[LOG 15:28:22.617] Load Cached PNG Texture: RealSolarSystem/Ribbons/Rhea/OrbitCapsuleDocked
[LOG 15:28:22.622] Load Cached PNG Texture: RealSolarSystem/Ribbons/Rhea/PlantFlag
[LOG 15:28:22.627] Load Cached PNG Texture: RealSolarSystem/Ribbons/Rhea/Rover
[LOG 15:28:22.632] Load Cached PNG Texture: RealSolarSystem/Ribbons/Rhea/SphereOfInfluence
[LOG 15:28:22.637] Load Cached PNG Texture: RealSolarSystem/Ribbons/Saturn/Atmosphere
[LOG 15:28:22.642] Load Cached PNG Texture: RealSolarSystem/Ribbons/Saturn/DeepAtmosphere
[LOG 15:28:22.647] Load Cached PNG Texture: RealSolarSystem/Ribbons/Saturn/EvaOrbit
[LOG 15:28:22.652] Load Cached PNG Texture: RealSolarSystem/Ribbons/Saturn/EvaSpace
[LOG 15:28:22.657] Load Cached PNG Texture: RealSolarSystem/Ribbons/Saturn/FirstAtmosphere
[LOG 15:28:22.664] Load Cached PNG Texture: RealSolarSystem/Ribbons/Saturn/FirstEvaOrbit
[LOG 15:28:22.674] Load Cached PNG Texture: RealSolarSystem/Ribbons/Saturn/FirstEvaSpace
[LOG 15:28:22.679] Load Cached PNG Texture: RealSolarSystem/Ribbons/Saturn/FirstOrbitCapsule
[LOG 15:28:22.684] Load Cached PNG Texture: RealSolarSystem/Ribbons/Saturn/FirstOrbitCapsuleDocked
[LOG 15:28:22.690] Load Cached PNG Texture: RealSolarSystem/Ribbons/Saturn/OrbitCapsule
[LOG 15:28:22.695] Load Cached PNG Texture: RealSolarSystem/Ribbons/Saturn/OrbitCapsuleDocked
[LOG 15:28:22.702] Load Cached PNG Texture: RealSolarSystem/Ribbons/Saturn/SphereOfInfluence
[LOG 15:28:22.707] Load Cached PNG Texture: RealSolarSystem/Ribbons/Sol/Atmosphere
[LOG 15:28:22.714] Load Cached PNG Texture: RealSolarSystem/Ribbons/Sol/CloserSolarOrbit
[LOG 15:28:22.722] Load Cached PNG Texture: RealSolarSystem/Ribbons/Sol/DeepAtmosphere
[LOG 15:28:22.728] Load Cached PNG Texture: RealSolarSystem/Ribbons/Sol/EvaOrbit
[LOG 15:28:22.734] Load Cached PNG Texture: RealSolarSystem/Ribbons/Sol/EvaSpace
[LOG 15:28:22.740] Load Cached PNG Texture: RealSolarSystem/Ribbons/Sol/FirstAtmosphere
[LOG 15:28:22.747] Load Cached PNG Texture: RealSolarSystem/Ribbons/Sol/FirstCloserSolarOrbit
[LOG 15:28:22.752] Load Cached PNG Texture: RealSolarSystem/Ribbons/Sol/FirstEvaOrbit
[LOG 15:28:22.758] Load Cached PNG Texture: RealSolarSystem/Ribbons/Sol/FirstEvaSpace
[LOG 15:28:22.763] Load Cached PNG Texture: RealSolarSystem/Ribbons/Sol/FirstOrbitCapsule
[LOG 15:28:22.769] Load Cached PNG Texture: RealSolarSystem/Ribbons/Sol/FirstOrbitCapsuleDocked
[LOG 15:28:22.774] Load Cached PNG Texture: RealSolarSystem/Ribbons/Sol/OrbitCapsule
[LOG 15:28:22.781] Load Cached PNG Texture: RealSolarSystem/Ribbons/Sol/OrbitCapsuleDocked
[LOG 15:28:22.787] Load Cached PNG Texture: RealSolarSystem/Ribbons/Sol/SphereOfInfluence
[LOG 15:28:22.792] Load Cached PNG Texture: RealSolarSystem/Ribbons/Tethys/EvaGround
[LOG 15:28:22.798] Load Cached PNG Texture: RealSolarSystem/Ribbons/Tethys/EvaOrbit
[LOG 15:28:22.803] Load Cached PNG Texture: RealSolarSystem/Ribbons/Tethys/EvaSpace
[LOG 15:28:22.809] Load Cached PNG Texture: RealSolarSystem/Ribbons/Tethys/FirstEvaGround
[LOG 15:28:22.814] Load Cached PNG Texture: RealSolarSystem/Ribbons/Tethys/FirstEvaOrbit
[LOG 15:28:22.819] Load Cached PNG Texture: RealSolarSystem/Ribbons/Tethys/FirstEvaSpace
[LOG 15:28:22.823] Load Cached PNG Texture: RealSolarSystem/Ribbons/Tethys/FirstLanding
[LOG 15:28:22.829] Load Cached PNG Texture: RealSolarSystem/Ribbons/Tethys/FirstOrbitCapsule
[LOG 15:28:22.834] Load Cached PNG Texture: RealSolarSystem/Ribbons/Tethys/FirstOrbitCapsuleDocked
[LOG 15:28:22.840] Load Cached PNG Texture: RealSolarSystem/Ribbons/Tethys/FirstPlantFlag
[LOG 15:28:22.844] Load Cached PNG Texture: RealSolarSystem/Ribbons/Tethys/FirstRover
[LOG 15:28:22.850] Load Cached PNG Texture: RealSolarSystem/Ribbons/Tethys/Landing
[LOG 15:28:22.855] Load Cached PNG Texture: RealSolarSystem/Ribbons/Tethys/OrbitCapsule
[LOG 15:28:22.860] Load Cached PNG Texture: RealSolarSystem/Ribbons/Tethys/OrbitCapsuleDocked
[LOG 15:28:22.865] Load Cached PNG Texture: RealSolarSystem/Ribbons/Tethys/PlantFlag
[LOG 15:28:22.870] Load Cached PNG Texture: RealSolarSystem/Ribbons/Tethys/Rover
[LOG 15:28:22.875] Load Cached PNG Texture: RealSolarSystem/Ribbons/Tethys/SphereOfInfluence
[LOG 15:28:22.882] Load Cached PNG Texture: RealSolarSystem/Ribbons/Titan/Atmosphere
[LOG 15:28:22.887] Load Cached PNG Texture: RealSolarSystem/Ribbons/Titan/DeepAtmosphere
[LOG 15:28:22.894] Load Cached PNG Texture: RealSolarSystem/Ribbons/Titan/EvaGround
[LOG 15:28:22.899] Load Cached PNG Texture: RealSolarSystem/Ribbons/Titan/EvaOrbit
[LOG 15:28:22.903] Load Cached PNG Texture: RealSolarSystem/Ribbons/Titan/EvaSpace
[LOG 15:28:22.909] Load Cached PNG Texture: RealSolarSystem/Ribbons/Titan/FirstAtmosphere
[LOG 15:28:22.913] Load Cached PNG Texture: RealSolarSystem/Ribbons/Titan/FirstEvaGround
[LOG 15:28:22.918] Load Cached PNG Texture: RealSolarSystem/Ribbons/Titan/FirstEvaOrbit
[LOG 15:28:22.924] Load Cached PNG Texture: RealSolarSystem/Ribbons/Titan/FirstEvaSpace
[LOG 15:28:22.929] Load Cached PNG Texture: RealSolarSystem/Ribbons/Titan/FirstLanding
[LOG 15:28:22.934] Load Cached PNG Texture: RealSolarSystem/Ribbons/Titan/FirstOrbitCapsule
[LOG 15:28:22.939] Load Cached PNG Texture: RealSolarSystem/Ribbons/Titan/FirstOrbitCapsuleDocked
[LOG 15:28:22.944] Load Cached PNG Texture: RealSolarSystem/Ribbons/Titan/FirstPlantFlag
[LOG 15:28:22.948] Load Cached PNG Texture: RealSolarSystem/Ribbons/Titan/FirstRover
[LOG 15:28:22.953] Load Cached PNG Texture: RealSolarSystem/Ribbons/Titan/Landing
[LOG 15:28:22.961] Load Cached PNG Texture: RealSolarSystem/Ribbons/Titan/OrbitCapsule
[LOG 15:28:22.971] Load Cached PNG Texture: RealSolarSystem/Ribbons/Titan/OrbitCapsuleDocked
[LOG 15:28:22.976] Load Cached PNG Texture: RealSolarSystem/Ribbons/Titan/PlantFlag
[LOG 15:28:22.980] Load Cached PNG Texture: RealSolarSystem/Ribbons/Titan/Rover
[LOG 15:28:22.985] Load Cached PNG Texture: RealSolarSystem/Ribbons/Titan/SphereOfInfluence
[LOG 15:28:22.990] Load Cached PNG Texture: RealSolarSystem/Ribbons/Titania/EvaGround
[LOG 15:28:22.998] Load Cached PNG Texture: RealSolarSystem/Ribbons/Titania/EvaOrbit
[LOG 15:28:23.002] Load Cached PNG Texture: RealSolarSystem/Ribbons/Titania/EvaSpace
[LOG 15:28:23.009] Load Cached PNG Texture: RealSolarSystem/Ribbons/Titania/FirstEvaGround
[LOG 15:28:23.013] Load Cached PNG Texture: RealSolarSystem/Ribbons/Titania/FirstEvaOrbit
[LOG 15:28:23.017] Load Cached PNG Texture: RealSolarSystem/Ribbons/Titania/FirstEvaSpace
[LOG 15:28:23.023] Load Cached PNG Texture: RealSolarSystem/Ribbons/Titania/FirstLanding
[LOG 15:28:23.028] Load Cached PNG Texture: RealSolarSystem/Ribbons/Titania/FirstOrbitCapsule
[LOG 15:28:23.034] Load Cached PNG Texture: RealSolarSystem/Ribbons/Titania/FirstOrbitCapsuleDocked
[LOG 15:28:23.039] Load Cached PNG Texture: RealSolarSystem/Ribbons/Titania/FirstPlantFlag
[LOG 15:28:23.045] Load Cached PNG Texture: RealSolarSystem/Ribbons/Titania/FirstRover
[LOG 15:28:23.049] Load Cached PNG Texture: RealSolarSystem/Ribbons/Titania/Landing
[LOG 15:28:23.054] Load Cached PNG Texture: RealSolarSystem/Ribbons/Titania/OrbitCapsule
[LOG 15:28:23.059] Load Cached PNG Texture: RealSolarSystem/Ribbons/Titania/OrbitCapsuleDocked
[LOG 15:28:23.064] Load Cached PNG Texture: RealSolarSystem/Ribbons/Titania/PlantFlag
[LOG 15:28:23.069] Load Cached PNG Texture: RealSolarSystem/Ribbons/Titania/Rover
[LOG 15:28:23.076] Load Cached PNG Texture: RealSolarSystem/Ribbons/Titania/SphereOfInfluence
[LOG 15:28:23.080] Load Cached PNG Texture: RealSolarSystem/Ribbons/Triton/Atmosphere
[LOG 15:28:23.086] Load Cached PNG Texture: RealSolarSystem/Ribbons/Triton/DeepAtmosphere
[LOG 15:28:23.090] Load Cached PNG Texture: RealSolarSystem/Ribbons/Triton/EvaGround
[LOG 15:28:23.096] Load Cached PNG Texture: RealSolarSystem/Ribbons/Triton/EvaOrbit
[LOG 15:28:23.100] Load Cached PNG Texture: RealSolarSystem/Ribbons/Triton/EvaSpace
[LOG 15:28:23.109] Load Cached PNG Texture: RealSolarSystem/Ribbons/Triton/FirstAtmosphere
[LOG 15:28:23.114] Load Cached PNG Texture: RealSolarSystem/Ribbons/Triton/FirstEvaGround
[LOG 15:28:23.119] Load Cached PNG Texture: RealSolarSystem/Ribbons/Triton/FirstEvaOrbit
[LOG 15:28:23.124] Load Cached PNG Texture: RealSolarSystem/Ribbons/Triton/FirstEvaSpace
[LOG 15:28:23.130] Load Cached PNG Texture: RealSolarSystem/Ribbons/Triton/FirstLanding
[LOG 15:28:23.134] Load Cached PNG Texture: RealSolarSystem/Ribbons/Triton/FirstOrbitCapsule
[LOG 15:28:23.144] Load Cached PNG Texture: RealSolarSystem/Ribbons/Triton/FirstOrbitCapsuleDocked
[LOG 15:28:23.148] Load Cached PNG Texture: RealSolarSystem/Ribbons/Triton/FirstPlantFlag
[LOG 15:28:23.153] Load Cached PNG Texture: RealSolarSystem/Ribbons/Triton/FirstRover
[LOG 15:28:23.158] Load Cached PNG Texture: RealSolarSystem/Ribbons/Triton/Landing
[LOG 15:28:23.162] Load Cached PNG Texture: RealSolarSystem/Ribbons/Triton/OrbitCapsule
[LOG 15:28:23.168] Load Cached PNG Texture: RealSolarSystem/Ribbons/Triton/OrbitCapsuleDocked
[LOG 15:28:23.172] Load Cached PNG Texture: RealSolarSystem/Ribbons/Triton/PlantFlag
[LOG 15:28:23.177] Load Cached PNG Texture: RealSolarSystem/Ribbons/Triton/Rover
[LOG 15:28:23.182] Load Cached PNG Texture: RealSolarSystem/Ribbons/Triton/SphereOfInfluence
[LOG 15:28:23.186] Load Cached PNG Texture: RealSolarSystem/Ribbons/Umbriel/EvaGround
[LOG 15:28:23.191] Load Cached PNG Texture: RealSolarSystem/Ribbons/Umbriel/EvaOrbit
[LOG 15:28:23.197] Load Cached PNG Texture: RealSolarSystem/Ribbons/Umbriel/EvaSpace
[LOG 15:28:23.201] Load Cached PNG Texture: RealSolarSystem/Ribbons/Umbriel/FirstEvaGround
[LOG 15:28:23.207] Load Cached PNG Texture: RealSolarSystem/Ribbons/Umbriel/FirstEvaOrbit
[LOG 15:28:23.212] Load Cached PNG Texture: RealSolarSystem/Ribbons/Umbriel/FirstEvaSpace
[LOG 15:28:23.220] Load Cached PNG Texture: RealSolarSystem/Ribbons/Umbriel/FirstLanding
[LOG 15:28:23.225] Load Cached PNG Texture: RealSolarSystem/Ribbons/Umbriel/FirstOrbitCapsule
[LOG 15:28:23.230] Load Cached PNG Texture: RealSolarSystem/Ribbons/Umbriel/FirstOrbitCapsuleDocked
[LOG 15:28:23.235] Load Cached PNG Texture: RealSolarSystem/Ribbons/Umbriel/FirstPlantFlag
[LOG 15:28:23.240] Load Cached PNG Texture: RealSolarSystem/Ribbons/Umbriel/FirstRover
[LOG 15:28:23.245] Load Cached PNG Texture: RealSolarSystem/Ribbons/Umbriel/Landing
[LOG 15:28:23.250] Load Cached PNG Texture: RealSolarSystem/Ribbons/Umbriel/OrbitCapsule
[LOG 15:28:23.255] Load Cached PNG Texture: RealSolarSystem/Ribbons/Umbriel/OrbitCapsuleDocked
[LOG 15:28:23.260] Load Cached PNG Texture: RealSolarSystem/Ribbons/Umbriel/PlantFlag
[LOG 15:28:23.265] Load Cached PNG Texture: RealSolarSystem/Ribbons/Umbriel/Rover
[LOG 15:28:23.272] Load Cached PNG Texture: RealSolarSystem/Ribbons/Umbriel/SphereOfInfluence
[LOG 15:28:23.277] Load Cached PNG Texture: RealSolarSystem/Ribbons/Uranus/Atmosphere
[LOG 15:28:23.282] Load Cached PNG Texture: RealSolarSystem/Ribbons/Uranus/DeepAtmosphere
[LOG 15:28:23.287] Load Cached PNG Texture: RealSolarSystem/Ribbons/Uranus/EvaOrbit
[LOG 15:28:23.292] Load Cached PNG Texture: RealSolarSystem/Ribbons/Uranus/EvaSpace
[LOG 15:28:23.296] Load Cached PNG Texture: RealSolarSystem/Ribbons/Uranus/FirstAtmosphere
[LOG 15:28:23.301] Load Cached PNG Texture: RealSolarSystem/Ribbons/Uranus/FirstEvaOrbit
[LOG 15:28:23.306] Load Cached PNG Texture: RealSolarSystem/Ribbons/Uranus/FirstEvaSpace
[LOG 15:28:23.311] Load Cached PNG Texture: RealSolarSystem/Ribbons/Uranus/FirstOrbitCapsule
[LOG 15:28:23.316] Load Cached PNG Texture: RealSolarSystem/Ribbons/Uranus/FirstOrbitCapsuleDocked
[LOG 15:28:23.323] Load Cached PNG Texture: RealSolarSystem/Ribbons/Uranus/OrbitCapsule
[LOG 15:28:23.327] Load Cached PNG Texture: RealSolarSystem/Ribbons/Uranus/OrbitCapsuleDocked
[LOG 15:28:23.333] Load Cached PNG Texture: RealSolarSystem/Ribbons/Uranus/SphereOfInfluence
[LOG 15:28:23.337] Load Cached PNG Texture: RealSolarSystem/Ribbons/Venus/Atmosphere
[LOG 15:28:23.342] Load Cached PNG Texture: RealSolarSystem/Ribbons/Venus/DeepAtmosphere
[LOG 15:28:23.348] Load Cached PNG Texture: RealSolarSystem/Ribbons/Venus/EvaGround
[LOG 15:28:23.355] Load Cached PNG Texture: RealSolarSystem/Ribbons/Venus/EvaOrbit
[LOG 15:28:23.361] Load Cached PNG Texture: RealSolarSystem/Ribbons/Venus/EvaSpace
[LOG 15:28:23.367] Load Cached PNG Texture: RealSolarSystem/Ribbons/Venus/FirstAtmosphere
[LOG 15:28:23.372] Load Cached PNG Texture: RealSolarSystem/Ribbons/Venus/FirstEvaGround
[LOG 15:28:23.377] Load Cached PNG Texture: RealSolarSystem/Ribbons/Venus/FirstEvaOrbit
[LOG 15:28:23.383] Load Cached PNG Texture: RealSolarSystem/Ribbons/Venus/FirstEvaSpace
[LOG 15:28:23.389] Load Cached PNG Texture: RealSolarSystem/Ribbons/Venus/FirstLanding
[LOG 15:28:23.394] Load Cached PNG Texture: RealSolarSystem/Ribbons/Venus/FirstOrbitCapsule
[LOG 15:28:23.399] Load Cached PNG Texture: RealSolarSystem/Ribbons/Venus/FirstOrbitCapsuleDocked
[LOG 15:28:23.404] Load Cached PNG Texture: RealSolarSystem/Ribbons/Venus/FirstPlantFlag
[LOG 15:28:23.410] Load Cached PNG Texture: RealSolarSystem/Ribbons/Venus/FirstRover
[LOG 15:28:23.414] Load Cached PNG Texture: RealSolarSystem/Ribbons/Venus/Landing
[LOG 15:28:23.419] Load Cached PNG Texture: RealSolarSystem/Ribbons/Venus/OrbitCapsule
[LOG 15:28:23.425] Load Cached PNG Texture: RealSolarSystem/Ribbons/Venus/OrbitCapsuleDocked
[LOG 15:28:23.431] Load Cached PNG Texture: RealSolarSystem/Ribbons/Venus/PlantFlag
[LOG 15:28:23.436] Load Cached PNG Texture: RealSolarSystem/Ribbons/Venus/Rover
[LOG 15:28:23.441] Load Cached PNG Texture: RealSolarSystem/Ribbons/Venus/SphereOfInfluence
[LOG 15:28:23.448] Load Cached PNG Texture: RealSolarSystem/Ribbons/Vesta/EvaGround
[LOG 15:28:23.453] Load Cached PNG Texture: RealSolarSystem/Ribbons/Vesta/EvaOrbit
[LOG 15:28:23.460] Load Cached PNG Texture: RealSolarSystem/Ribbons/Vesta/EvaSpace
[LOG 15:28:23.464] Load Cached PNG Texture: RealSolarSystem/Ribbons/Vesta/FirstEvaGround
[LOG 15:28:23.470] Load Cached PNG Texture: RealSolarSystem/Ribbons/Vesta/FirstEvaOrbit
[LOG 15:28:23.474] Load Cached PNG Texture: RealSolarSystem/Ribbons/Vesta/FirstEvaSpace
[LOG 15:28:23.484] Load Cached PNG Texture: RealSolarSystem/Ribbons/Vesta/FirstLanding
[LOG 15:28:23.488] Load Cached PNG Texture: RealSolarSystem/Ribbons/Vesta/FirstOrbitCapsule
[LOG 15:28:23.494] Load Cached PNG Texture: RealSolarSystem/Ribbons/Vesta/FirstOrbitCapsuleDocked
[LOG 15:28:23.501] Load Cached PNG Texture: RealSolarSystem/Ribbons/Vesta/FirstPlantFlag
[LOG 15:28:23.506] Load Cached PNG Texture: RealSolarSystem/Ribbons/Vesta/FirstRover
[LOG 15:28:23.511] Load Cached PNG Texture: RealSolarSystem/Ribbons/Vesta/Landing
[LOG 15:28:23.516] Load Cached PNG Texture: RealSolarSystem/Ribbons/Vesta/OrbitCapsule
[LOG 15:28:23.522] Load Cached PNG Texture: RealSolarSystem/Ribbons/Vesta/OrbitCapsuleDocked
[LOG 15:28:23.527] Load Cached PNG Texture: RealSolarSystem/Ribbons/Vesta/PlantFlag
[LOG 15:28:23.532] Load Cached PNG Texture: RealSolarSystem/Ribbons/Vesta/Rover
[LOG 15:28:23.538] Load Cached PNG Texture: RealSolarSystem/Ribbons/Vesta/SphereOfInfluence
[LOG 15:28:23.550] Load DDS texture: RSS-Textures/EarthColor
[LOG 15:28:23.557] Load DDS texture: RSS-Textures/Earth_NRM
[LOG 15:28:23.568] Load DDS texture: RSS-Textures/MoonColor
[LOG 15:28:23.575] Load DDS texture: RSS-Textures/Moon_NRM
[LOG 15:28:23.583] Load DDS texture: Squad/Agencies/C7AerospaceDivision
[LOG 15:28:23.588] Load TRUECOLOR texture: Squad/Agencies/C7AerospaceDivision_scaled
[LOG 15:28:23.593] Load DDS texture: Squad/Agencies/DinkelsteinKermansConstructionEmporium
[LOG 15:28:23.599] Load TRUECOLOR texture: Squad/Agencies/DinkelsteinKermansConstructionEmporium_scaled
[LOG 15:28:23.605] Load DDS texture: Squad/Agencies/ExperimentalEngineering
[LOG 15:28:23.610] Load TRUECOLOR texture: Squad/Agencies/ExperimentalEngineering_scaled
[LOG 15:28:23.615] Load DDS texture: Squad/Agencies/FlooydResearchLab
[LOG 15:28:23.623] Load TRUECOLOR texture: Squad/Agencies/FlooydResearchLab_scaled
[LOG 15:28:23.627] Load DDS texture: Squad/Agencies/GoliathNationalProducts
[LOG 15:28:23.633] Load TRUECOLOR texture: Squad/Agencies/GoliathNationalProducts_scaled
[LOG 15:28:23.638] Load DDS texture: Squad/Agencies/IntegratedIntegrals
[LOG 15:28:23.642] Load TRUECOLOR texture: Squad/Agencies/IntegratedIntegrals_scaled
[LOG 15:28:23.649] Load DDS texture: Squad/Agencies/IonicSymphonicProtonicElectronics
[LOG 15:28:23.653] Load TRUECOLOR texture: Squad/Agencies/IonicSymphonicProtonicElectronics_scaled
[LOG 15:28:23.659] Load DDS texture: Squad/Agencies/JebsJunkyard
[LOG 15:28:23.664] Load TRUECOLOR texture: Squad/Agencies/JebsJunkyard_scaled
[LOG 15:28:23.681] Load DDS texture: Squad/Agencies/KerbalMotion
[LOG 15:28:23.686] Load TRUECOLOR texture: Squad/Agencies/KerbalMotion_scaled
[LOG 15:28:23.691] Load DDS texture: Squad/Agencies/KerbinWorldFirstRecordKeepingSociety
[LOG 15:28:23.696] Load TRUECOLOR texture: Squad/Agencies/KerbinWorldFirstRecordKeepingSociety_scaled
[LOG 15:28:23.702] Load DDS texture: Squad/Agencies/Kerbodyne
[LOG 15:28:23.707] Load TRUECOLOR texture: Squad/Agencies/Kerbodyne_scaled
[LOG 15:28:23.713] Load DDS texture: Squad/Agencies/Kerlington
[LOG 15:28:23.717] Load TRUECOLOR texture: Squad/Agencies/Kerlington_scaled
[LOG 15:28:23.723] Load DDS texture: Squad/Agencies/MaxoConstructionToys
[LOG 15:28:23.728] Load TRUECOLOR texture: Squad/Agencies/MaxoConstructionToys_scaled
[LOG 15:28:23.738] Load DDS texture: Squad/Agencies/MovingPartsExpertsGroup
[LOG 15:28:23.743] Load TRUECOLOR texture: Squad/Agencies/MovingPartsExpertsGroup_scaled
[LOG 15:28:23.749] Load DDS texture: Squad/Agencies/OMBDemolition
[LOG 15:28:23.754] Load TRUECOLOR texture: Squad/Agencies/OMBDemolition_scaled
[LOG 15:28:23.761] Load DDS texture: Squad/Agencies/PeriapsisCo
[LOG 15:28:23.766] Load TRUECOLOR texture: Squad/Agencies/PeriapsisCo_scaled
[LOG 15:28:23.771] Load DDS texture: Squad/Agencies/Probodobodyne
[LOG 15:28:23.776] Load TRUECOLOR texture: Squad/Agencies/Probodobodyne_scaled
[LOG 15:28:23.781] Load DDS texture: Squad/Agencies/R&D
[LOG 15:28:23.790] Load TRUECOLOR texture: Squad/Agencies/R&D_scaled
[LOG 15:28:23.800] Load DDS texture: Squad/Agencies/ReactionSystemsLtd
[LOG 15:28:23.804] Load TRUECOLOR texture: Squad/Agencies/ReactionSystemsLtd_scaled
[LOG 15:28:23.810] Load DDS texture: Squad/Agencies/Rockomax
[LOG 15:28:23.815] Load TRUECOLOR texture: Squad/Agencies/Rockomax_scaled
[LOG 15:28:23.823] Load DDS texture: Squad/Agencies/Rokea
[LOG 15:28:23.828] Load TRUECOLOR texture: Squad/Agencies/Rokea_scaled
[LOG 15:28:23.838] Load DDS texture: Squad/Agencies/SeansCannery
[LOG 15:28:23.842] Load TRUECOLOR texture: Squad/Agencies/SeansCannery_scaled
[LOG 15:28:23.848] Load DDS texture: Squad/Agencies/SteadlerEngineeringCorps
[LOG 15:28:23.854] Load TRUECOLOR texture: Squad/Agencies/SteadlerEngineeringCorps_scaled
[LOG 15:28:23.859] Load DDS texture: Squad/Agencies/StrutCo
[LOG 15:28:23.865] Load TRUECOLOR texture: Squad/Agencies/StrutCo_scaled
[LOG 15:28:23.878] Load DDS texture: Squad/Agencies/Vac-Co
[LOG 15:28:23.883] Load TRUECOLOR texture: Squad/Agencies/Vac-Co_scaled
[LOG 15:28:23.888] Load DDS texture: Squad/Agencies/WinterOwl
[LOG 15:28:23.893] Load TRUECOLOR texture: Squad/Agencies/WinterOwl_scaled
[LOG 15:28:23.898] Load DDS texture: Squad/Agencies/ZaltonicElectronics
[LOG 15:28:23.902] Load TRUECOLOR texture: Squad/Agencies/ZaltonicElectronics_scaled
[LOG 15:28:23.918] Load Cached PNG Texture: Squad/Alarms/Icons/ap
[LOG 15:28:23.922] Load Cached PNG Texture: Squad/Alarms/Icons/default
[LOG 15:28:23.929] Load Cached PNG Texture: Squad/Alarms/Icons/maneuver
[LOG 15:28:23.934] Load Cached PNG Texture: Squad/Alarms/Icons/pe
[LOG 15:28:23.938] Load Cached PNG Texture: Squad/Alarms/Icons/raw
[LOG 15:28:23.945] Load Cached PNG Texture: Squad/Alarms/Icons/soi
[LOG 15:28:23.950] Load Cached PNG Texture: Squad/Alarms/Icons/xfer
[LOG 15:28:23.956] Load DDS texture: Squad/Contracts/Icons/balloon
[LOG 15:28:23.960] Load DDS texture: Squad/Contracts/Icons/custom
[LOG 15:28:23.966] Load DDS texture: Squad/Contracts/Icons/default
[LOG 15:28:23.970] Load DDS texture: Squad/Contracts/Icons/dish
[LOG 15:28:23.976] Load DDS texture: Squad/Contracts/Icons/eva
[LOG 15:28:23.982] Load DDS texture: Squad/Contracts/Icons/gravity
[LOG 15:28:23.986] Load Cached PNG Texture: Squad/Contracts/Icons/ksc
[LOG 15:28:23.994] Load DDS texture: Squad/Contracts/Icons/launchsite
[LOG 15:28:23.998] Load DDS texture: Squad/Contracts/Icons/marker
[LOG 15:28:24.003] Load DDS texture: Squad/Contracts/Icons/pressure
[LOG 15:28:24.008] Load DDS texture: Squad/Contracts/Icons/report
[LOG 15:28:24.012] Load DDS texture: Squad/Contracts/Icons/runway
[LOG 15:28:24.018] Load DDS texture: Squad/Contracts/Icons/sample
[LOG 15:28:24.023] Load DDS texture: Squad/Contracts/Icons/seismic
[LOG 15:28:24.029] Load DDS texture: Squad/Contracts/Icons/thermometer
[LOG 15:28:24.034] Load DDS texture: Squad/Contracts/Icons/vessel
[LOG 15:28:24.040] Load Cached PNG Texture: Squad/Flags/09
[LOG 15:28:24.045] Load Cached PNG Texture: Squad/Flags/blorbs
[LOG 15:28:24.050] Load Cached PNG Texture: Squad/Flags/bullseye
[LOG 15:28:24.056] Load Cached PNG Texture: Squad/Flags/capsule
[LOG 15:28:24.062] Load Cached PNG Texture: Squad/Flags/circles
[LOG 15:28:24.067] Load Cached PNG Texture: Squad/Flags/default
[LOG 15:28:24.071] Load Cached PNG Texture: Squad/Flags/hexagon
[LOG 15:28:24.077] Load Cached PNG Texture: Squad/Flags/hexagonCircles
[LOG 15:28:24.082] Load Cached PNG Texture: Squad/Flags/kerbal1
[LOG 15:28:24.087] Load Cached PNG Texture: Squad/Flags/kerbal2
[LOG 15:28:24.094] Load Cached PNG Texture: Squad/Flags/kerbin
[LOG 15:28:24.101] Load Cached PNG Texture: Squad/Flags/kerbinmunflag
[LOG 15:28:24.106] Load Cached PNG Texture: Squad/Flags/line
[LOG 15:28:24.111] Load Cached PNG Texture: Squad/Flags/minimalistic
[LOG 15:28:24.117] Load Cached PNG Texture: Squad/Flags/orbit
[LOG 15:28:24.123] Load Cached PNG Texture: Squad/Flags/orbs
[LOG 15:28:24.129] Load Cached PNG Texture: Squad/Flags/retro
[LOG 15:28:24.134] Load Cached PNG Texture: Squad/Flags/rings
[LOG 15:28:24.140] Load Cached PNG Texture: Squad/Flags/rocketScience
[LOG 15:28:24.146] Load Cached PNG Texture: Squad/Flags/satellite
[LOG 15:28:24.152] Load Cached PNG Texture: Squad/Flags/Sentinel_Flag
[LOG 15:28:24.158] Load Cached PNG Texture: Squad/Flags/spheres
[LOG 15:28:24.164] Load Cached PNG Texture: Squad/Flags/squadLogo
[LOG 15:28:24.170] Load Cached PNG Texture: Squad/Flags/squadLogo2
[LOG 15:28:24.175] Load Cached PNG Texture: Squad/Flags/stripes
[LOG 15:28:24.180] Load Cached PNG Texture: Squad/Flags/trees
[LOG 15:28:24.186] Load Cached PNG Texture: Squad/Flags/trippy
[LOG 15:28:24.191] Load Cached PNG Texture: Squad/FlagsAgency/esa_dark_blue
[LOG 15:28:24.197] Load Cached PNG Texture: Squad/FlagsAgency/NASA
[LOG 15:28:24.203] Load Cached PNG Texture: Squad/FlagsAgency/uk_space_agency
[LOG 15:28:24.210] Load Cached PNG Texture: Squad/FlagsOrganization/B612_Foundation_flag
[LOG 15:28:24.218] Load Cached PNG Texture: Squad/FlagsOrganization/electron
[LOG 15:28:24.223] Load Cached PNG Texture: Squad/FlagsOrganization/ESA_Arianespace
[LOG 15:28:24.228] Load Cached PNG Texture: Squad/FlagsOrganization/rocketlab
[LOG 15:28:24.233] Load DDS texture: Squad/FX/DiamondBlue
[LOG 15:28:24.240] Load DDS texture: Squad/FX/FlameBlueOrange
[LOG 15:28:24.248] Load DDS texture: Squad/FX/FlamePurple
[LOG 15:28:24.252] Load DDS texture: Squad/FX/FlameRed
[LOG 15:28:24.257] Load DDS texture: Squad/FX/FlameRedOrange
[LOG 15:28:24.262] Load DDS texture: Squad/FX/Monoprop
[LOG 15:28:24.270] Load DDS texture: Squad/FX/plasma2
[LOG 15:28:24.277] Load DDS texture: Squad/FX/rocketplume2
[LOG 15:28:24.282] Load DDS texture: Squad/FX/shockDiamond2
[LOG 15:28:24.287] Load DDS texture: Squad/FX/smokepuff1
[LOG 15:28:24.294] Load DDS texture: Squad/Interiors/Administration/AdminBuilding_Lvl1
[LOG 15:28:24.301] Load DDS texture: Squad/Interiors/Administration/AdminBuilding_Lvl2
[LOG 15:28:24.317] Load DDS texture: Squad/Interiors/Administration/AdminBuilding_Lvl3
[LOG 15:28:24.326] Load DDS texture: Squad/MenuProps/MunOrBust
[LOG 15:28:24.331] Load Cached PNG Texture: Squad/Missions/Banners/Fail/default
[LOG 15:28:24.335] Load PNG texture: Squad/Missions/Banners/Menu/default
[WRN 15:28:24.339] Texture isn't eligible for DXT compression, width and height must be multiples of 4
[LOG 15:28:24.342] Load Cached PNG Texture: Squad/Missions/Banners/Success/default
[LOG 15:28:24.348] Load PNG texture: Squad/Missions/ESA-BepiColombo/Banners/Fail/ESA_MB_Fail_01
[WRN 15:28:24.352] Texture isn't eligible for DXT compression, width and height must be multiples of 4
[LOG 15:28:24.353] Load PNG texture: Squad/Missions/ESA-BepiColombo/Banners/Menu/ESA_MB_Select_01
[WRN 15:28:24.358] Texture isn't eligible for DXT compression, width and height must be multiples of 4
[LOG 15:28:24.360] Load PNG texture: Squad/Missions/ESA-BepiColombo/Banners/Success/ESA_MB_Success_01
[WRN 15:28:24.364] Texture isn't eligible for DXT compression, width and height must be multiples of 4
[LOG 15:28:24.365] Load PNG texture: Squad/Missions/ESA-BepiColombo-Short/Banners/Fail/ESA_MB_Fail_01
[WRN 15:28:24.369] Texture isn't eligible for DXT compression, width and height must be multiples of 4
[LOG 15:28:24.372] Load PNG texture: Squad/Missions/ESA-BepiColombo-Short/Banners/Menu/ESA_MB_Select_01
[WRN 15:28:24.376] Texture isn't eligible for DXT compression, width and height must be multiples of 4
[LOG 15:28:24.380] Load PNG texture: Squad/Missions/ESA-BepiColombo-Short/Banners/Success/ESA_MB_Success_01
[WRN 15:28:24.384] Texture isn't eligible for DXT compression, width and height must be multiples of 4
[LOG 15:28:24.385] Load PNG texture: Squad/Missions/ESA-Rosetta/Banners/Fail/ESA_MB_Fail_02
[WRN 15:28:24.389] Texture isn't eligible for DXT compression, width and height must be multiples of 4
[LOG 15:28:24.391] Load PNG texture: Squad/Missions/ESA-Rosetta/Banners/Menu/ESA_MB_Select_02
[WRN 15:28:24.394] Texture isn't eligible for DXT compression, width and height must be multiples of 4
[LOG 15:28:24.396] Load PNG texture: Squad/Missions/ESA-Rosetta/Banners/Success/ESA_MB_Success_02
[WRN 15:28:24.402] Texture isn't eligible for DXT compression, width and height must be multiples of 4
[LOG 15:28:24.404] Load Cached PNG Texture: Squad/PartList/SimpleIcons/ablator
[LOG 15:28:24.411] Load Cached PNG Texture: Squad/PartList/SimpleIcons/active_radiator
[LOG 15:28:24.417] Load Cached PNG Texture: Squad/PartList/SimpleIcons/asteroid_drill
[LOG 15:28:24.423] Load Cached PNG Texture: Squad/PartList/SimpleIcons/cargo_part
[LOG 15:28:24.427] Load Cached PNG Texture: Squad/PartList/SimpleIcons/comet_drill
[LOG 15:28:24.432] Load Cached PNG Texture: Squad/PartList/SimpleIcons/core_heat
[LOG 15:28:24.438] Load Cached PNG Texture: Squad/PartList/SimpleIcons/cs_main
[LOG 15:28:24.444] Load Cached PNG Texture: Squad/PartList/SimpleIcons/cs_mk2
[LOG 15:28:24.452] Load Cached PNG Texture: Squad/PartList/SimpleIcons/cs_mk3
[LOG 15:28:24.457] Load Cached PNG Texture: Squad/PartList/SimpleIcons/cs_size0
[LOG 15:28:24.462] Load Cached PNG Texture: Squad/PartList/SimpleIcons/cs_size1
[LOG 15:28:24.467] Load Cached PNG Texture: Squad/PartList/SimpleIcons/cs_size1p5
[LOG 15:28:24.471] Load Cached PNG Texture: Squad/PartList/SimpleIcons/cs_size2
[LOG 15:28:24.477] Load Cached PNG Texture: Squad/PartList/SimpleIcons/cs_size3
[LOG 15:28:24.482] Load Cached PNG Texture: Squad/PartList/SimpleIcons/cs_size4
[LOG 15:28:24.487] Load Cached PNG Texture: Squad/PartList/SimpleIcons/cs_surface
[LOG 15:28:24.493] Load Cached PNG Texture: Squad/PartList/SimpleIcons/custom_built_fairing
[LOG 15:28:24.498] Load Cached PNG Texture: Squad/PartList/SimpleIcons/deployable_antenna
[LOG 15:28:24.503] Load Cached PNG Texture: Squad/PartList/SimpleIcons/deployable_comms_part
[LOG 15:28:24.509] Load Cached PNG Texture: Squad/PartList/SimpleIcons/deployable_ground_part
[LOG 15:28:24.514] Load Cached PNG Texture: Squad/PartList/SimpleIcons/deployable_part
[LOG 15:28:24.520] Load Cached PNG Texture: Squad/PartList/SimpleIcons/deployable_radiator
[LOG 15:28:24.526] Load Cached PNG Texture: Squad/PartList/SimpleIcons/deployed_science_control_unit
[LOG 15:28:24.531] Load Cached PNG Texture: Squad/PartList/SimpleIcons/deployed_science_experiment
[LOG 15:28:24.537] Load Cached PNG Texture: Squad/PartList/SimpleIcons/deployed_science_part
[LOG 15:28:24.541] Load Cached PNG Texture: Squad/PartList/SimpleIcons/enviro_sensor
[LOG 15:28:24.546] Load Cached PNG Texture: Squad/PartList/SimpleIcons/experience_management
[LOG 15:28:24.552] Load Cached PNG Texture: Squad/PartList/SimpleIcons/fuels_monopropellant
[LOG 15:28:24.556] Load Cached PNG Texture: Squad/PartList/SimpleIcons/fuels_ore
[LOG 15:28:24.561] Load Cached PNG Texture: Squad/PartList/SimpleIcons/fuels_oxidizer
[LOG 15:28:24.568] Load Cached PNG Texture: Squad/PartList/SimpleIcons/fuels_solidfuel
[LOG 15:28:24.572] Load Cached PNG Texture: Squad/PartList/SimpleIcons/fuels_xenongas
[LOG 15:28:24.578] Load Cached PNG Texture: Squad/PartList/SimpleIcons/inventory_part
[LOG 15:28:24.582] Load Cached PNG Texture: Squad/PartList/SimpleIcons/kerbnet_access
[LOG 15:28:24.587] Load Cached PNG Texture: Squad/PartList/SimpleIcons/number1
[LOG 15:28:24.593] Load Cached PNG Texture: Squad/PartList/SimpleIcons/number2
[LOG 15:28:24.597] Load Cached PNG Texture: Squad/PartList/SimpleIcons/number3
[LOG 15:28:24.603] Load Cached PNG Texture: Squad/PartList/SimpleIcons/number4
[LOG 15:28:24.610] Load Cached PNG Texture: Squad/PartList/SimpleIcons/number5
[LOG 15:28:24.615] Load Cached PNG Texture: Squad/PartList/SimpleIcons/number6
[LOG 15:28:24.621] Load Cached PNG Texture: Squad/PartList/SimpleIcons/number7
[LOG 15:28:24.626] Load Cached PNG Texture: Squad/PartList/SimpleIcons/number8
[LOG 15:28:24.630] Load Cached PNG Texture: Squad/PartList/SimpleIcons/number9
[LOG 15:28:24.638] Load Cached PNG Texture: Squad/PartList/SimpleIcons/probe_control_unit
[LOG 15:28:24.643] Load Cached PNG Texture: Squad/PartList/SimpleIcons/R&D_node_icon_advaerodynamics
[LOG 15:28:24.649] Load Cached PNG Texture: Squad/PartList/SimpleIcons/R&D_node_icon_advancedmotors
[LOG 15:28:24.653] Load Cached PNG Texture: Squad/PartList/SimpleIcons/R&D_node_icon_advconstruction
[LOG 15:28:24.659] Load Cached PNG Texture: Squad/PartList/SimpleIcons/R&D_node_icon_advelectrics
[LOG 15:28:24.663] Load Cached PNG Texture: Squad/PartList/SimpleIcons/R&D_node_icon_advexploration
[LOG 15:28:24.668] Load Cached PNG Texture: Squad/PartList/SimpleIcons/R&D_node_icon_advflightcontrol
[LOG 15:28:24.673] Load Cached PNG Texture: Squad/PartList/SimpleIcons/R&D_node_icon_advlanding
[LOG 15:28:24.679] Load Cached PNG Texture: Squad/PartList/SimpleIcons/R&D_node_icon_advmetalworks
[LOG 15:28:24.684] Load Cached PNG Texture: Squad/PartList/SimpleIcons/R&D_node_icon_advrocketry
[LOG 15:28:24.688] Load Cached PNG Texture: Squad/PartList/SimpleIcons/R&D_node_icon_advsciencetech
[LOG 15:28:24.694] Load Cached PNG Texture: Squad/PartList/SimpleIcons/R&D_node_icon_advunmanned
[LOG 15:28:24.698] Load Cached PNG Texture: Squad/PartList/SimpleIcons/R&D_node_icon_aerodynamicsystems
[LOG 15:28:24.703] Load Cached PNG Texture: Squad/PartList/SimpleIcons/R&D_node_icon_aerospacetech
[LOG 15:28:24.708] Load Cached PNG Texture: Squad/PartList/SimpleIcons/R&D_node_icon_automation
[LOG 15:28:24.713] Load Cached PNG Texture: Squad/PartList/SimpleIcons/R&D_node_icon_basicprobes
[LOG 15:28:24.718] Load Cached PNG Texture: Squad/PartList/SimpleIcons/R&D_node_icon_basicrocketry
[LOG 15:28:24.723] Load Cached PNG Texture: Squad/PartList/SimpleIcons/R&D_node_icon_composites
[LOG 15:28:24.728] Load Cached PNG Texture: Squad/PartList/SimpleIcons/R&D_node_icon_electrics
[LOG 15:28:24.733] Load Cached PNG Texture: Squad/PartList/SimpleIcons/R&D_node_icon_electronics
[LOG 15:28:24.738] Load Cached PNG Texture: Squad/PartList/SimpleIcons/R&D_node_icon_evatech
[LOG 15:28:24.743] Load Cached PNG Texture: Squad/PartList/SimpleIcons/R&D_node_icon_experimentalaerodynamics
[LOG 15:28:24.748] Load Cached PNG Texture: Squad/PartList/SimpleIcons/R&D_node_icon_experimentalelectrics
[LOG 15:28:24.754] Load Cached PNG Texture: Squad/PartList/SimpleIcons/R&D_node_icon_experimentalmotors
[LOG 15:28:24.759] Load Cached PNG Texture: Squad/PartList/SimpleIcons/R&D_node_icon_experimentalrocketry
[LOG 15:28:24.764] Load Cached PNG Texture: Squad/PartList/SimpleIcons/R&D_node_icon_experimentalscience
[LOG 15:28:24.771] Load Cached PNG Texture: Squad/PartList/SimpleIcons/R&D_node_icon_fieldscience
[LOG 15:28:24.776] Load Cached PNG Texture: Squad/PartList/SimpleIcons/R&D_node_icon_flightcontrol
[LOG 15:28:24.781] Load Cached PNG Texture: Squad/PartList/SimpleIcons/R&D_node_icon_fuelsystems
[LOG 15:28:24.789] Load Cached PNG Texture: Squad/PartList/SimpleIcons/R&D_node_icon_generalconstruction
[LOG 15:28:24.794] Load Cached PNG Texture: Squad/PartList/SimpleIcons/R&D_node_icon_generalrocketry
[LOG 15:28:24.799] Load Cached PNG Texture: Squad/PartList/SimpleIcons/R&D_node_icon_generic
[LOG 15:28:24.804] Load Cached PNG Texture: Squad/PartList/SimpleIcons/R&D_node_icon_heavierrocketry
[LOG 15:28:24.809] Load Cached PNG Texture: Squad/PartList/SimpleIcons/R&D_node_icon_heavyaerodynamics
[LOG 15:28:24.814] Load Cached PNG Texture: Squad/PartList/SimpleIcons/R&D_node_icon_heavyrocketry
[LOG 15:28:24.819] Load Cached PNG Texture: Squad/PartList/SimpleIcons/R&D_node_icon_highaltitudeflight
[LOG 15:28:24.824] Load Cached PNG Texture: Squad/PartList/SimpleIcons/R&D_node_icon_highaltitudepropulsion
[LOG 15:28:24.830] Load Cached PNG Texture: Squad/PartList/SimpleIcons/R&D_node_icon_hypersonicflight
[LOG 15:28:24.835] Load Cached PNG Texture: Squad/PartList/SimpleIcons/R&D_node_icon_ionpropulsion
[LOG 15:28:24.840] Load Cached PNG Texture: Squad/PartList/SimpleIcons/R&D_node_icon_landing
[LOG 15:28:24.846] Load Cached PNG Texture: Squad/PartList/SimpleIcons/R&D_node_icon_largecontrol
[LOG 15:28:24.851] Load Cached PNG Texture: Squad/PartList/SimpleIcons/R&D_node_icon_largeelectrics
[LOG 15:28:24.856] Load Cached PNG Texture: Squad/PartList/SimpleIcons/R&D_node_icon_largeprobes
[LOG 15:28:24.865] Load Cached PNG Texture: Squad/PartList/SimpleIcons/R&D_node_icon_metamaterials
[LOG 15:28:24.869] Load Cached PNG Texture: Squad/PartList/SimpleIcons/R&D_node_icon_nanolathing
[LOG 15:28:24.877] Load Cached PNG Texture: Squad/PartList/SimpleIcons/R&D_node_icon_nuclearpropulsion
[LOG 15:28:24.884] Load Cached PNG Texture: Squad/PartList/SimpleIcons/R&D_node_icon_precisionengineering
[LOG 15:28:24.889] Load Cached PNG Texture: Squad/PartList/SimpleIcons/R&D_node_icon_robotics
[LOG 15:28:24.897] Load Cached PNG Texture: Squad/PartList/SimpleIcons/R&D_node_icon_sciencetech
[LOG 15:28:24.903] Load Cached PNG Texture: Squad/PartList/SimpleIcons/R&D_node_icon_specializedconstruction
[LOG 15:28:24.908] Load Cached PNG Texture: Squad/PartList/SimpleIcons/R&D_node_icon_specializedcontrol
[LOG 15:28:24.916] Load Cached PNG Texture: Squad/PartList/SimpleIcons/R&D_node_icon_specializedelectrics
[LOG 15:28:24.924] Load Cached PNG Texture: Squad/PartList/SimpleIcons/R&D_node_icon_stability
[LOG 15:28:24.932] Load Cached PNG Texture: Squad/PartList/SimpleIcons/R&D_node_icon_start
[LOG 15:28:24.937] Load Cached PNG Texture: Squad/PartList/SimpleIcons/R&D_node_icon_supersonicflight
[LOG 15:28:24.942] Load Cached PNG Texture: Squad/PartList/SimpleIcons/R&D_node_icon_survivability
[LOG 15:28:24.947] Load Cached PNG Texture: Squad/PartList/SimpleIcons/R&D_node_icon_unmannedtech
[LOG 15:28:24.952] Load Cached PNG Texture: Squad/PartList/SimpleIcons/R&D_node_icon_veryheavyrocketry
[LOG 15:28:24.959] Load Cached PNG Texture: Squad/PartList/SimpleIcons/rcsfx
[LOG 15:28:24.964] Load Cached PNG Texture: Squad/PartList/SimpleIcons/RDicon_aerospaceTech2
[LOG 15:28:24.969] Load Cached PNG Texture: Squad/PartList/SimpleIcons/RDicon_commandmodules
[LOG 15:28:24.975] Load Cached PNG Texture: Squad/PartList/SimpleIcons/RDicon_fuelSystems-advanced
[LOG 15:28:24.980] Load Cached PNG Texture: Squad/PartList/SimpleIcons/RDicon_fuelSystems-highPerformance
[LOG 15:28:24.985] Load Cached PNG Texture: Squad/PartList/SimpleIcons/RDicon_largeVolumeContainment
[LOG 15:28:24.991] Load Cached PNG Texture: Squad/PartList/SimpleIcons/RDicon_miniaturization
[LOG 15:28:24.997] Load Cached PNG Texture: Squad/PartList/SimpleIcons/RDicon_propulsion-precision
[LOG 15:28:25.002] Load Cached PNG Texture: Squad/PartList/SimpleIcons/RDicon_propulsionSystems
[LOG 15:28:25.010] Load Cached PNG Texture: Squad/PartList/SimpleIcons/RDicon_telescope
[LOG 15:28:25.015] Load Cached PNG Texture: Squad/PartList/SimpleIcons/robotic_controller
[LOG 15:28:25.021] Load Cached PNG Texture: Squad/PartList/SimpleIcons/robotic_rotation_servo
[LOG 15:28:25.030] Load Cached PNG Texture: Squad/PartList/SimpleIcons/robotic_servo_hinge
[LOG 15:28:25.034] Load Cached PNG Texture: Squad/PartList/SimpleIcons/robotic_servo_piston
[LOG 15:28:25.041] Load Cached PNG Texture: Squad/PartList/SimpleIcons/robotic_servo_rotor
[LOG 15:28:25.046] Load Cached PNG Texture: Squad/PartList/SimpleIcons/scanner_arm
[LOG 15:28:25.051] Load Cached PNG Texture: Squad/PartList/SimpleIcons/variant
[LOG 15:28:25.058] Load Cached PNG Texture: Squad/Parts/@thumbs/adapterSmallMiniShort_icon0
[LOG 15:28:25.065] Load Cached PNG Texture: Squad/Parts/@thumbs/adapterSmallMiniShort_icon1
[LOG 15:28:25.071] Load Cached PNG Texture: Squad/Parts/@thumbs/adapterSmallMiniTall_icon0
[LOG 15:28:25.077] Load Cached PNG Texture: Squad/Parts/@thumbs/adapterSmallMiniTall_icon1
[LOG 15:28:25.084] Load Cached PNG Texture: Squad/Parts/@thumbs/AdvancedCanard_icon
[LOG 15:28:25.090] Load Cached PNG Texture: Squad/Parts/@thumbs/advSasModule_icon
[LOG 15:28:25.096] Load Cached PNG Texture: Squad/Parts/@thumbs/airbrake1_icon
[LOG 15:28:25.102] Load Cached PNG Texture: Squad/Parts/@thumbs/airScoop_icon
[LOG 15:28:25.108] Load Cached PNG Texture: Squad/Parts/@thumbs/avionicsNoseCone_icon
[LOG 15:28:25.114] Load Cached PNG Texture: Squad/Parts/@thumbs/basicFin_icon
[LOG 15:28:25.121] Load Cached PNG Texture: Squad/Parts/@thumbs/batteryBankMini_icon
[LOG 15:28:25.127] Load Cached PNG Texture: Squad/Parts/@thumbs/batteryBank_icon
[LOG 15:28:25.134] Load Cached PNG Texture: Squad/Parts/@thumbs/batteryPack_icon
[LOG 15:28:25.146] Load Cached PNG Texture: Squad/Parts/@thumbs/cargoContainer_icon
[LOG 15:28:25.154] Load Cached PNG Texture: Squad/Parts/@thumbs/CargoStorageUnit_icon
[LOG 15:28:25.164] Load Cached PNG Texture: Squad/Parts/@thumbs/CircularIntake_icon
[LOG 15:28:25.175] Load Cached PNG Texture: Squad/Parts/@thumbs/commDish_icon
[LOG 15:28:25.182] Load Cached PNG Texture: Squad/Parts/@thumbs/Decoupler.0_icon0
[LOG 15:28:25.222] Load Cached PNG Texture: Squad/Parts/@thumbs/Decoupler.0_icon1
[LOG 15:28:25.242] Load Cached PNG Texture: Squad/Parts/@thumbs/Decoupler.1_icon0
[LOG 15:28:25.249] Load Cached PNG Texture: Squad/Parts/@thumbs/Decoupler.1_icon1
[LOG 15:28:25.258] Load Cached PNG Texture: Squad/Parts/@thumbs/dockingPort1_icon
[LOG 15:28:25.266] Load Cached PNG Texture: Squad/Parts/@thumbs/dockingPort2_icon
[LOG 15:28:25.272] Load Cached PNG Texture: Squad/Parts/@thumbs/dockingPort3_icon
[LOG 15:28:25.279] Load Cached PNG Texture: Squad/Parts/@thumbs/domeLight1_icon0
[LOG 15:28:25.284] Load Cached PNG Texture: Squad/Parts/@thumbs/domeLight1_icon1
[LOG 15:28:25.297] Load Cached PNG Texture: Squad/Parts/@thumbs/elevon2_icon
[LOG 15:28:25.308] Load Cached PNG Texture: Squad/Parts/@thumbs/elevon3_icon
[LOG 15:28:25.315] Load Cached PNG Texture: Squad/Parts/@thumbs/elevon5_icon
[LOG 15:28:25.322] Load Cached PNG Texture: Squad/Parts/@thumbs/evaChute_icon
[LOG 15:28:25.328] Load Cached PNG Texture: Squad/Parts/@thumbs/evaCylinder_icon
[LOG 15:28:25.333] Load Cached PNG Texture: Squad/Parts/@thumbs/evaJetpack_icon
[LOG 15:28:25.344] Load Cached PNG Texture: Squad/Parts/@thumbs/evaRepairKit_icon
[LOG 15:28:25.349] Load Cached PNG Texture: Squad/Parts/@thumbs/evaScienceKit_icon
[LOG 15:28:25.355] Load Cached PNG Texture: Squad/Parts/@thumbs/externalTankCapsule_icon0
[LOG 15:28:25.362] Load Cached PNG Texture: Squad/Parts/@thumbs/externalTankCapsule_icon1
[LOG 15:28:25.368] Load Cached PNG Texture: Squad/Parts/@thumbs/externalTankRound_icon0
[LOG 15:28:25.378] Load Cached PNG Texture: Squad/Parts/@thumbs/externalTankRound_icon1
[LOG 15:28:25.384] Load Cached PNG Texture: Squad/Parts/@thumbs/externalTankToroid_icon0
[LOG 15:28:25.390] Load Cached PNG Texture: Squad/Parts/@thumbs/externalTankToroid_icon1
[LOG 15:28:25.398] Load Cached PNG Texture: Squad/Parts/@thumbs/fireworksLauncherBig_icon
[LOG 15:28:25.403] Load Cached PNG Texture: Squad/Parts/@thumbs/fireworksLauncherSmall_icon
[LOG 15:28:25.411] Load Cached PNG Texture: Squad/Parts/@thumbs/foldingRadMed_icon
[LOG 15:28:25.417] Load Cached PNG Texture: Squad/Parts/@thumbs/foldingRadSmall_icon
[LOG 15:28:25.422] Load Cached PNG Texture: Squad/Parts/@thumbs/FuelCellArray_icon
[LOG 15:28:25.429] Load Cached PNG Texture: Squad/Parts/@thumbs/FuelCell_icon
[LOG 15:28:25.434] Load Cached PNG Texture: Squad/Parts/@thumbs/fuelTank.long_icon0
[LOG 15:28:25.440] Load Cached PNG Texture: Squad/Parts/@thumbs/fuelTankSmallFlat_icon0
[LOG 15:28:25.448] Load Cached PNG Texture: Squad/Parts/@thumbs/fuelTankSmallFlat_icon1
[LOG 15:28:25.453] Load Cached PNG Texture: Squad/Parts/@thumbs/fuelTankSmallFlat_icon2
[LOG 15:28:25.460] Load Cached PNG Texture: Squad/Parts/@thumbs/fuelTankSmallFlat_icon3
[LOG 15:28:25.465] Load Cached PNG Texture: Squad/Parts/@thumbs/fuelTankSmall_icon0
[LOG 15:28:25.470] Load Cached PNG Texture: Squad/Parts/@thumbs/fuelTankSmall_icon1
[LOG 15:28:25.476] Load Cached PNG Texture: Squad/Parts/@thumbs/fuelTankSmall_icon2
[LOG 15:28:25.484] Load Cached PNG Texture: Squad/Parts/@thumbs/fuelTankSmall_icon3
[LOG 15:28:25.490] Load Cached PNG Texture: Squad/Parts/@thumbs/fuelTank_icon0
[LOG 15:28:25.496] Load Cached PNG Texture: Squad/Parts/@thumbs/GearFixed_icon
[LOG 15:28:25.513] Load Cached PNG Texture: Squad/Parts/@thumbs/GearFree_icon
[LOG 15:28:25.519] Load Cached PNG Texture: Squad/Parts/@thumbs/GearSmall_icon
[LOG 15:28:25.531] Load Cached PNG Texture: Squad/Parts/@thumbs/GooExperiment_icon
[LOG 15:28:25.538] Load Cached PNG Texture: Squad/Parts/@thumbs/groundAnchor_icon
[LOG 15:28:25.544] Load Cached PNG Texture: Squad/Parts/@thumbs/groundLight1_icon
[LOG 15:28:25.550] Load Cached PNG Texture: Squad/Parts/@thumbs/groundLight2_icon
[LOG 15:28:25.557] Load Cached PNG Texture: Squad/Parts/@thumbs/HeatShield0_icon
[LOG 15:28:25.566] Load Cached PNG Texture: Squad/Parts/@thumbs/HeatShield1_icon
[LOG 15:28:25.572] Load Cached PNG Texture: Squad/Parts/@thumbs/HECS2.ProbeCore_icon
[LOG 15:28:25.578] Load Cached PNG Texture: Squad/Parts/@thumbs/HighGainAntenna5.v2_icon
[LOG 15:28:25.682] Load Cached PNG Texture: Squad/Parts/@thumbs/HighGainAntenna5_icon
[LOG 15:28:25.690] Load Cached PNG Texture: Squad/Parts/@thumbs/HighGainAntenna_icon
[LOG 15:28:25.697] Load Cached PNG Texture: Squad/Parts/@thumbs/IntakeRadialLong_icon
[LOG 15:28:25.703] Load Cached PNG Texture: Squad/Parts/@thumbs/ionEngine_icon
[LOG 15:28:25.709] Load Cached PNG Texture: Squad/Parts/@thumbs/ksp.r.largeBatteryPack_icon
[LOG 15:28:25.715] Load Cached PNG Texture: Squad/Parts/@thumbs/ladder1_icon
[LOG 15:28:25.720] Load Cached PNG Texture: Squad/Parts/@thumbs/landingLeg1-2_icon
[LOG 15:28:25.730] Load Cached PNG Texture: Squad/Parts/@thumbs/landingLeg1_icon
[LOG 15:28:25.735] Load Cached PNG Texture: Squad/Parts/@thumbs/LgRadialSolarPanel_icon
[LOG 15:28:25.744] Load Cached PNG Texture: Squad/Parts/@thumbs/linearRcs_icon
[LOG 15:28:25.749] Load Cached PNG Texture: Squad/Parts/@thumbs/liquidEngine2.v2_icon0
[LOG 15:28:25.755] Load Cached PNG Texture: Squad/Parts/@thumbs/liquidEngine3.v2_icon0
[LOG 15:28:25.762] Load Cached PNG Texture: Squad/Parts/@thumbs/liquidEngine3.v2_icon1
[LOG 15:28:25.773] Load Cached PNG Texture: Squad/Parts/@thumbs/liquidEngine3.v2_icon2
[LOG 15:28:25.780] Load Cached PNG Texture: Squad/Parts/@thumbs/liquidEngineMini.v2_icon0
[LOG 15:28:25.786] Load Cached PNG Texture: Squad/Parts/@thumbs/liquidEngineMini.v2_icon1
[LOG 15:28:25.792] Load Cached PNG Texture: Squad/Parts/@thumbs/liquidEngineMini.v2_icon2
[LOG 15:28:25.802] Load Cached PNG Texture: Squad/Parts/@thumbs/longAntenna_icon
[LOG 15:28:25.820] Load Cached PNG Texture: Squad/Parts/@thumbs/Magnetometer_icon
[LOG 15:28:25.826] Load Cached PNG Texture: Squad/Parts/@thumbs/mediumDishAntenna_icon
[LOG 15:28:25.834] Load Cached PNG Texture: Squad/Parts/@thumbs/microEngine.v2_icon0
[LOG 15:28:25.839] Load Cached PNG Texture: Squad/Parts/@thumbs/microEngine.v2_icon1
[LOG 15:28:25.845] Load Cached PNG Texture: Squad/Parts/@thumbs/MiniDrill_icon
[LOG 15:28:25.851] Load Cached PNG Texture: Squad/Parts/@thumbs/miniFuelTank_icon
[LOG 15:28:25.859] Load Cached PNG Texture: Squad/Parts/@thumbs/miniFuselage_icon
[LOG 15:28:25.865] Load Cached PNG Texture: Squad/Parts/@thumbs/miniIntake_icon
[LOG 15:28:25.882] Load Cached PNG Texture: Squad/Parts/@thumbs/miniJetEngine_icon
[LOG 15:28:25.887] Load Cached PNG Texture: Squad/Parts/@thumbs/miniLandingLeg_icon
[LOG 15:28:25.896] Load Cached PNG Texture: Squad/Parts/@thumbs/Mite_icon
[LOG 15:28:25.903] Load Cached PNG Texture: Squad/Parts/@thumbs/mk1pod.v2_icon0
[LOG 15:28:25.917] Load Cached PNG Texture: Squad/Parts/@thumbs/mk2DroneCore_icon
[LOG 15:28:25.923] Load Cached PNG Texture: Squad/Parts/@thumbs/mk2LanderCabin.v2_icon1
[LOG 15:28:25.929] Load Cached PNG Texture: Squad/Parts/@thumbs/MpoProbe_icon
[LOG 15:28:25.935] Load Cached PNG Texture: Squad/Parts/@thumbs/navLight1_icon0
[LOG 15:28:25.942] Load Cached PNG Texture: Squad/Parts/@thumbs/navLight1_icon1
[LOG 15:28:25.948] Load Cached PNG Texture: Squad/Parts/@thumbs/noseCone_icon0
[LOG 15:28:25.968] Load Cached PNG Texture: Squad/Parts/@thumbs/noseCone_icon1
[LOG 15:28:25.979] Load Cached PNG Texture: Squad/Parts/@thumbs/noseCone_icon2
[LOG 15:28:25.985] Load Cached PNG Texture: Squad/Parts/@thumbs/omsEngine_icon
[LOG 15:28:25.992] Load Cached PNG Texture: Squad/Parts/@thumbs/OrbitalScanner_icon
[LOG 15:28:25.999] Load Cached PNG Texture: Squad/Parts/@thumbs/parachuteDrogue_icon
[LOG 15:28:26.016] Load Cached PNG Texture: Squad/Parts/@thumbs/parachuteLarge_icon
[LOG 15:28:26.023] Load Cached PNG Texture: Squad/Parts/@thumbs/parachuteRadial_icon
[LOG 15:28:26.109] Load Cached PNG Texture: Squad/Parts/@thumbs/parachuteSingle_icon
[LOG 15:28:26.120] Load Cached PNG Texture: Squad/Parts/@thumbs/pointyNoseConeA_icon0
[LOG 15:28:26.128] Load Cached PNG Texture: Squad/Parts/@thumbs/probeCoreCube_icon
[LOG 15:28:26.133] Load Cached PNG Texture: Squad/Parts/@thumbs/probeCoreHex.v2_icon
[LOG 15:28:26.140] Load Cached PNG Texture: Squad/Parts/@thumbs/probeCoreOcto.v2_icon
[LOG 15:28:26.149] Load Cached PNG Texture: Squad/Parts/@thumbs/probeCoreOcto2.v2_icon
[LOG 15:28:26.158] Load Cached PNG Texture: Squad/Parts/@thumbs/probeCoreSphere.v2_icon
[LOG 15:28:26.164] Load Cached PNG Texture: Squad/Parts/@thumbs/probeStackLarge_icon
[LOG 15:28:26.171] Load Cached PNG Texture: Squad/Parts/@thumbs/probeStackSmall_icon
[LOG 15:28:26.177] Load Cached PNG Texture: Squad/Parts/@thumbs/R8winglet_icon
[LOG 15:28:26.182] Load Cached PNG Texture: Squad/Parts/@thumbs/radialDecoupler1-2_icon
[LOG 15:28:26.188] Load Cached PNG Texture: Squad/Parts/@thumbs/radialDecoupler2_icon
[LOG 15:28:26.195] Load Cached PNG Texture: Squad/Parts/@thumbs/radialDecoupler_icon
[LOG 15:28:26.200] Load Cached PNG Texture: Squad/Parts/@thumbs/radialDrogue_icon
[LOG 15:28:26.206] Load Cached PNG Texture: Squad/Parts/@thumbs/radialEngineMini.v2_icon0
[LOG 15:28:26.217] Load Cached PNG Texture: Squad/Parts/@thumbs/radialEngineMini.v2_icon1
[LOG 15:28:26.227] Load Cached PNG Texture: Squad/Parts/@thumbs/radialLiquidEngine1-2_icon
[LOG 15:28:26.232] Load Cached PNG Texture: Squad/Parts/@thumbs/RadialOreTank_icon
[LOG 15:28:26.241] Load Cached PNG Texture: Squad/Parts/@thumbs/radialRCSTank_icon
[LOG 15:28:26.246] Load Cached PNG Texture: Squad/Parts/@thumbs/radPanelEdge_icon
[LOG 15:28:26.253] Load Cached PNG Texture: Squad/Parts/@thumbs/radPanelLg_icon
[LOG 15:28:26.258] Load Cached PNG Texture: Squad/Parts/@thumbs/radPanelSm_icon
[LOG 15:28:26.265] Load Cached PNG Texture: Squad/Parts/@thumbs/RCSblock.01.small_icon0
[LOG 15:28:26.270] Load Cached PNG Texture: Squad/Parts/@thumbs/RCSblock.01.small_icon1
[LOG 15:28:26.276] Load Cached PNG Texture: Squad/Parts/@thumbs/RCSblock.01.small_icon2
[LOG 15:28:26.282] Load Cached PNG Texture: Squad/Parts/@thumbs/RCSblock.01.small_icon3
[LOG 15:28:26.288] Load Cached PNG Texture: Squad/Parts/@thumbs/RCSblock.01.small_icon4
[LOG 15:28:26.303] Load Cached PNG Texture: Squad/Parts/@thumbs/RCSBlock.v2_icon
[LOG 15:28:26.309] Load Cached PNG Texture: Squad/Parts/@thumbs/RCSBlock.v2_icon0
[LOG 15:28:26.321] Load Cached PNG Texture: Squad/Parts/@thumbs/RCSBlock.v2_icon1
[LOG 15:28:26.327] Load Cached PNG Texture: Squad/Parts/@thumbs/RCSBlock.v2_icon2
[LOG 15:28:26.333] Load Cached PNG Texture: Squad/Parts/@thumbs/RCSBlock.v2_icon3
[LOG 15:28:26.339] Load Cached PNG Texture: Squad/Parts/@thumbs/RCSBlock.v2_icon4
[LOG 15:28:26.345] Load Cached PNG Texture: Squad/Parts/@thumbs/RCSFuelTank_icon
[LOG 15:28:26.351] Load Cached PNG Texture: Squad/Parts/@thumbs/RCSLinearSmall_icon
[LOG 15:28:26.360] Load Cached PNG Texture: Squad/Parts/@thumbs/rcsTankMini_icon
[LOG 15:28:26.366] Load Cached PNG Texture: Squad/Parts/@thumbs/RelayAntenna5_icon
[LOG 15:28:26.372] Load Cached PNG Texture: Squad/Parts/@thumbs/ReleaseValve_icon
[LOG 15:28:26.404] Load Cached PNG Texture: Squad/Parts/@thumbs/rocketNoseCone.v3_icon0
[LOG 15:28:26.410] Load Cached PNG Texture: Squad/Parts/@thumbs/rocketNoseConeSize3_icon0
[LOG 15:28:26.416] Load Cached PNG Texture: Squad/Parts/@thumbs/roverBody.v2_icon0
[LOG 15:28:26.422] Load Cached PNG Texture: Squad/Parts/@thumbs/roverBody.v2_icon1
[LOG 15:28:26.428] Load Cached PNG Texture: Squad/Parts/@thumbs/roverBody.v2_icon2
[LOG 15:28:26.455] Load Cached PNG Texture: Squad/Parts/@thumbs/roverWheel1_icon
[LOG 15:28:26.464] Load Cached PNG Texture: Squad/Parts/@thumbs/roverWheel2_icon
[LOG 15:28:26.471] Load Cached PNG Texture: Squad/Parts/@thumbs/rtg_icon
[LOG 15:28:26.477] Load Cached PNG Texture: Squad/Parts/@thumbs/sasModule_icon
[LOG 15:28:26.484] Load Cached PNG Texture: Squad/Parts/@thumbs/science.module_icon
[LOG 15:28:26.490] Load Cached PNG Texture: Squad/Parts/@thumbs/ScienceBox_icon
[LOG 15:28:26.496] Load Cached PNG Texture: Squad/Parts/@thumbs/seatExternalCmd_icon
[LOG 15:28:26.503] Load Cached PNG Texture: Squad/Parts/@thumbs/sensorAccelerometer_icon
[LOG 15:28:26.509] Load Cached PNG Texture: Squad/Parts/@thumbs/sensorAtmosphere_icon
[LOG 15:28:26.515] Load Cached PNG Texture: Squad/Parts/@thumbs/sensorBarometer_icon
[LOG 15:28:26.521] Load Cached PNG Texture: Squad/Parts/@thumbs/sensorGravimeter_icon
[LOG 15:28:26.526] Load Cached PNG Texture: Squad/Parts/@thumbs/sensorThermometer_icon
[LOG 15:28:26.534] Load Cached PNG Texture: Squad/Parts/@thumbs/Separator.0_icon0
[LOG 15:28:26.573] Load Cached PNG Texture: Squad/Parts/@thumbs/Separator.0_icon1
[LOG 15:28:26.584] Load Cached PNG Texture: Squad/Parts/@thumbs/Separator.1_icon0
[LOG 15:28:26.594] Load Cached PNG Texture: Squad/Parts/@thumbs/Separator.1_icon1
[LOG 15:28:26.602] Load Cached PNG Texture: Squad/Parts/@thumbs/sepMotor1_icon
[LOG 15:28:26.610] Load Cached PNG Texture: Squad/Parts/@thumbs/ServiceBay.125.v2_icon
[LOG 15:28:26.624] Load Cached PNG Texture: Squad/Parts/@thumbs/shockConeIntake_icon
[LOG 15:28:26.629] Load Cached PNG Texture: Squad/Parts/@thumbs/Shrimp_icon
[LOG 15:28:26.643] Load Cached PNG Texture: Squad/Parts/@thumbs/smallCargoContainer_icon
[LOG 15:28:26.648] Load Cached PNG Texture: Squad/Parts/@thumbs/smallClaw_icon0
[LOG 15:28:26.655] Load Cached PNG Texture: Squad/Parts/@thumbs/smallClaw_icon1
[LOG 15:28:26.666] Load Cached PNG Texture: Squad/Parts/@thumbs/smallCtrlSrf_icon
[LOG 15:28:26.673] Load Cached PNG Texture: Squad/Parts/@thumbs/SmallGearBay_icon
[LOG 15:28:26.689] Load Cached PNG Texture: Squad/Parts/@thumbs/smallHardpoint_icon
[LOG 15:28:26.695] Load Cached PNG Texture: Squad/Parts/@thumbs/smallRadialEngine.v2_icon0
[LOG 15:28:26.704] Load Cached PNG Texture: Squad/Parts/@thumbs/smallRadialEngine.v2_icon1
[LOG 15:28:26.710] Load Cached PNG Texture: Squad/Parts/@thumbs/solarPanelOX10C_icon
[LOG 15:28:26.715] Load Cached PNG Texture: Squad/Parts/@thumbs/solarPanelOX10L_icon
[LOG 15:28:26.721] Load Cached PNG Texture: Squad/Parts/@thumbs/solarPanels1_icon
[LOG 15:28:26.727] Load Cached PNG Texture: Squad/Parts/@thumbs/solarPanels2_icon
[LOG 15:28:26.733] Load Cached PNG Texture: Squad/Parts/@thumbs/solarPanels3_icon
[LOG 15:28:26.740] Load Cached PNG Texture: Squad/Parts/@thumbs/solarPanels4_icon
[LOG 15:28:26.746] Load Cached PNG Texture: Squad/Parts/@thumbs/solarPanels5_icon
[LOG 15:28:26.752] Load Cached PNG Texture: Squad/Parts/@thumbs/solarPanelSP10C_icon
[LOG 15:28:26.759] Load Cached PNG Texture: Squad/Parts/@thumbs/solarPanelSP10L_icon
[LOG 15:28:26.765] Load Cached PNG Texture: Squad/Parts/@thumbs/solidBooster.sm.v2_icon0
[LOG 15:28:26.772] Load Cached PNG Texture: Squad/Parts/@thumbs/solidBooster.v2_icon0
[LOG 15:28:26.779] Load Cached PNG Texture: Squad/Parts/@thumbs/spotLight1_icon
[LOG 15:28:26.785] Load Cached PNG Texture: Squad/Parts/@thumbs/spotLight2_icon
[LOG 15:28:26.791] Load Cached PNG Texture: Squad/Parts/@thumbs/spotLight3_icon0
[LOG 15:28:26.811] Load Cached PNG Texture: Squad/Parts/@thumbs/spotLight3_icon1
[LOG 15:28:26.818] Load Cached PNG Texture: Squad/Parts/@thumbs/stackPoint1_icon
[LOG 15:28:26.826] Load Cached PNG Texture: Squad/Parts/@thumbs/StandardCtrlSrf_icon
[LOG 15:28:26.831] Load Cached PNG Texture: Squad/Parts/@thumbs/standardNoseCone_icon
[LOG 15:28:26.838] Load Cached PNG Texture: Squad/Parts/@thumbs/stripLight1_icon0
[LOG 15:28:26.846] Load Cached PNG Texture: Squad/Parts/@thumbs/stripLight1_icon1
[LOG 15:28:26.854] Load Cached PNG Texture: Squad/Parts/@thumbs/structuralIBeam1_icon
[LOG 15:28:26.860] Load Cached PNG Texture: Squad/Parts/@thumbs/structuralIBeam3_icon
[LOG 15:28:26.866] Load Cached PNG Texture: Squad/Parts/@thumbs/structuralMiniNode_icon
[LOG 15:28:26.903] Load Cached PNG Texture: Squad/Parts/@thumbs/structuralPanel1_icon
[LOG 15:28:26.916] Load Cached PNG Texture: Squad/Parts/@thumbs/structuralPanel2_icon
[LOG 15:28:26.922] Load Cached PNG Texture: Squad/Parts/@thumbs/structuralWing4_icon
[LOG 15:28:26.930] Load Cached PNG Texture: Squad/Parts/@thumbs/strutCube_icon
[LOG 15:28:26.937] Load Cached PNG Texture: Squad/Parts/@thumbs/strutOcto_icon
[LOG 15:28:26.943] Load Cached PNG Texture: Squad/Parts/@thumbs/SurfaceScanner_icon
[LOG 15:28:26.950] Load Cached PNG Texture: Squad/Parts/@thumbs/SurfAntenna_icon
[LOG 15:28:26.957] Load Cached PNG Texture: Squad/Parts/@thumbs/telescopicLadderBay_icon
[LOG 15:28:26.963] Load Cached PNG Texture: Squad/Parts/@thumbs/telescopicLadder_icon
[LOG 15:28:26.970] Load Cached PNG Texture: Squad/Parts/@thumbs/toroidalAerospike_icon
[LOG 15:28:26.977] Load Cached PNG Texture: Squad/Parts/@thumbs/trussAdapter_icon
[LOG 15:28:26.983] Load Cached PNG Texture: Squad/Parts/@thumbs/trussPiece1x_icon
[LOG 15:28:26.989] Load Cached PNG Texture: Squad/Parts/@thumbs/trussPiece3x_icon
[LOG 15:28:26.995] Load Cached PNG Texture: Squad/Parts/@thumbs/vernierEngine_icon
[LOG 15:28:27.002] Load Cached PNG Texture: Squad/Parts/@thumbs/wheelMed_icon
[LOG 15:28:27.009] Load Cached PNG Texture: Squad/Parts/@thumbs/wingConnector4_icon
[LOG 15:28:27.014] Load Cached PNG Texture: Squad/Parts/@thumbs/wingConnector5_icon
[LOG 15:28:27.022] Load Cached PNG Texture: Squad/Parts/@thumbs/winglet3_icon
[LOG 15:28:27.030] Load Cached PNG Texture: Squad/Parts/@thumbs/winglet_icon
[LOG 15:28:27.036] Load Cached PNG Texture: Squad/Parts/@thumbs/wingShuttleElevon1_icon
[LOG 15:28:27.044] Load Cached PNG Texture: Squad/Parts/@thumbs/xenonTankLarge_icon
[LOG 15:28:27.049] Load Cached PNG Texture: Squad/Parts/@thumbs/xenonTankRadial_icon
[LOG 15:28:27.057] Load Cached PNG Texture: Squad/Parts/@thumbs/xenonTank_icon
[LOG 15:28:27.061] Load DDS texture: Squad/Parts/Aero/aerodynamicNoseCone/Rockomax_Adapters_diffuse
[LOG 15:28:27.062] Load DDS texture: Squad/Parts/Aero/aerodynamicNoseCone/Rockomax_Adapters_normal
[LOG 15:28:27.067] Load DDS texture: Squad/Parts/Aero/airbrake/airbrake
[LOG 15:28:27.073] Load DDS texture: Squad/Parts/Aero/airIntakeRadialXM-G50/RadialIntake
[LOG 15:28:27.080] Load DDS texture: Squad/Parts/Aero/airlinerWings/AirlinerWings
[LOG 15:28:27.089] Load DDS texture: Squad/Parts/Aero/airplaneFins/AirplaneFins
[LOG 15:28:27.095] Load DDS texture: Squad/Parts/Aero/basicFin/BasicFin
[LOG 15:28:27.101] Load DDS texture: Squad/Parts/Aero/circularIntake/CircluarIntakes
[LOG 15:28:27.107] Load DDS texture: Squad/Parts/Aero/circularIntake/CircluarIntakes_Heat
[LOG 15:28:27.111] Load DDS texture: Squad/Parts/Aero/cones/Assets/Cones
[LOG 15:28:27.117] Load DDS texture: Squad/Parts/Aero/cones/Assets/ConesDiffuse
[LOG 15:28:27.123] Load DDS texture: Squad/Parts/Aero/cones/Assets/ConesDiffuse_Orange
[LOG 15:28:27.129] Load DDS texture: Squad/Parts/Aero/cones/Assets/ConesDiffuse_White
[LOG 15:28:27.135] Load DDS texture: Squad/Parts/Aero/cones/Assets/ConesHeat
[LOG 15:28:27.141] Load DDS texture: Squad/Parts/Aero/cones/Assets/ConesHeat_Orange
[LOG 15:28:27.147] Load DDS texture: Squad/Parts/Aero/cones/Assets/ConesHeat_White
[LOG 15:28:27.153] Load DDS texture: Squad/Parts/Aero/cones/Assets/Cones_Heat
[LOG 15:28:27.159] Load Cached PNG Texture: Squad/Parts/Aero/cones/Assets/rocketNoseCones_O
[LOG 15:28:27.167] Load Cached PNG Texture: Squad/Parts/Aero/cones/Assets/rocketNoseCones_O_Normal
[LOG 15:28:27.174] Load DDS texture: Squad/Parts/Aero/cones/Assets/rocketNoseCones_W
[LOG 15:28:27.180] Load DDS texture: Squad/Parts/Aero/cones/Assets/Rockomax_Adapters_diffuse
[LOG 15:28:27.181] Load DDS texture: Squad/Parts/Aero/cones/Assets/Rockomax_Adapters_normal
[LOG 15:28:27.184] Load DDS texture: Squad/Parts/Aero/fairings/AutoTruss
[LOG 15:28:27.191] Load DDS texture: Squad/Parts/Aero/fairings/FairingBase
[LOG 15:28:27.196] Load DDS texture: Squad/Parts/Aero/fairings/FairingBaseNormals
[LOG 15:28:27.201] Load DDS texture: Squad/Parts/Aero/fairings/FairingBaseNormals_bw
[LOG 15:28:27.207] Load DDS texture: Squad/Parts/Aero/fairings/FairingBaseNormals_goldSilver
[LOG 15:28:27.212] Load DDS texture: Squad/Parts/Aero/fairings/FairingBaseNormals_orange
[LOG 15:28:27.219] Load Cached PNG Texture: Squad/Parts/Aero/fairings/FairingBase_black
[LOG 15:28:27.225] Load DDS texture: Squad/Parts/Aero/fairings/FairingBase_bw
[LOG 15:28:27.230] Load DDS texture: Squad/Parts/Aero/fairings/FairingBase_goldDiffuse
[LOG 15:28:27.236] Load DDS texture: Squad/Parts/Aero/fairings/FairingBase_goldSpecular
[LOG 15:28:27.244] Load DDS texture: Squad/Parts/Aero/fairings/FairingBase_orange
[LOG 15:28:27.251] Load DDS texture: Squad/Parts/Aero/fairings/FairingBase_silverDiffuse
[LOG 15:28:27.256] Load DDS texture: Squad/Parts/Aero/fairings/FairingBase_silverSpecular
[LOG 15:28:27.261] Load DDS texture: Squad/Parts/Aero/fairings/fairingsCap
[LOG 15:28:27.267] Load DDS texture: Squad/Parts/Aero/fairings/FairingsMat_silverSpecular
[LOG 15:28:27.273] Load DDS texture: Squad/Parts/Aero/fairings/fairings_diff
[LOG 15:28:27.281] Load DDS texture: Squad/Parts/Aero/fairings/fairings_diff_grey
[LOG 15:28:27.288] Load DDS texture: Squad/Parts/Aero/fairings/fairings_diff_orange
[LOG 15:28:27.293] Load DDS texture: Squad/Parts/Aero/fairings/fairings_grey_normals
[LOG 15:28:27.299] Load DDS texture: Squad/Parts/Aero/fairings/fairings_normals
[LOG 15:28:27.305] Load DDS texture: Squad/Parts/Aero/fairings/fairings_normals_silver
[LOG 15:28:27.316] Load DDS texture: Squad/Parts/Aero/fairings/fairings_orange_normals
[LOG 15:28:27.324] Load DDS texture: Squad/Parts/Aero/fairings/fairings_silverDiffuse
[LOG 15:28:27.330] Load DDS texture: Squad/Parts/Aero/HeatShield/Fairing
[LOG 15:28:27.335] Load DDS texture: Squad/Parts/Aero/HeatShield/heatshield
[LOG 15:28:27.341] Load DDS texture: Squad/Parts/Aero/InflatableHeatShield/HeatShield
[LOG 15:28:27.350] Load DDS texture: Squad/Parts/Aero/InflatableHeatShield/HeatShieldFairing
[LOG 15:28:27.359] Load DDS texture: Squad/Parts/Aero/InflatableHeatShield/HeatShield_NRM
[LOG 15:28:27.364] Load DDS texture: Squad/Parts/Aero/intakeRadialLong/Radial_long
[LOG 15:28:27.369] Load DDS texture: Squad/Parts/Aero/miniIntake/SmallIntake
[LOG 15:28:27.375] Load DDS texture: Squad/Parts/Aero/ramAirIntake/RampIntake
[LOG 15:28:27.380] Load DDS texture: Squad/Parts/Aero/ramAirIntake/RampIntake_Heat
[LOG 15:28:27.387] Load DDS texture: Squad/Parts/Aero/shuttleWings/ShuttleWings
[LOG 15:28:27.394] Load DDS texture: Squad/Parts/Aero/wingletAV-R8/model000
[LOG 15:28:27.401] Load DDS texture: Squad/Parts/Aero/wingletAV-R8/model001
[LOG 15:28:27.406] Load DDS texture: Squad/Parts/Aero/wingletAV-T1/model000
[LOG 15:28:27.413] Load DDS texture: Squad/Parts/Aero/wingletAV-T1/model001
[LOG 15:28:27.418] Load DDS texture: Squad/Parts/Aero/wingletDeltaDeluxe/model000
[LOG 15:28:27.424] Load DDS texture: Squad/Parts/Aero/wings/Wings
[LOG 15:28:27.434] Load DDS texture: Squad/Parts/Cargo/CargoContainers/cargoContainer_diff
[LOG 15:28:27.441] Load DDS texture: Squad/Parts/Cargo/CargoContainers/smallCargoContainer_diffuse
[LOG 15:28:27.449] Load DDS texture: Squad/Parts/Cargo/CargoContainers/smallCargoContainer_nrm
[LOG 15:28:27.455] Load DDS texture: Squad/Parts/Cargo/CargoContainers/smallCargoContainer_specular
[LOG 15:28:27.460] Load DDS texture: Squad/Parts/Cargo/Cylinder/EVAcylinder_diffuse
[LOG 15:28:27.468] Load DDS texture: Squad/Parts/Cargo/Cylinder/EVAcylinder_nrm
[LOG 15:28:27.476] Load DDS texture: Squad/Parts/Cargo/GroundAnchor/groundAnchor_diffuse
[LOG 15:28:27.484] Load DDS texture: Squad/Parts/Cargo/GroundAnchor/groundAnchor_nrm
[LOG 15:28:27.490] Load DDS texture: Squad/Parts/Cargo/Jetpack/EVAjetpack
[LOG 15:28:27.496] Load DDS texture: Squad/Parts/Cargo/Jetpack/EVAjetpackEmmisive
[LOG 15:28:27.502] Load DDS texture: Squad/Parts/Cargo/Jetpack/EVAjetpackNRM
[LOG 15:28:27.509] Load DDS texture: Squad/Parts/Cargo/Parachute/backpack_Diff
[LOG 15:28:27.517] Load DDS texture: Squad/Parts/Cargo/Parachute/backpack_NM
[LOG 15:28:27.527] Load DDS texture: Squad/Parts/Cargo/RepairKit/RepairKit_Diffuse
[LOG 15:28:27.532] Load DDS texture: Squad/Parts/Cargo/RepairKit/RepairKit_Normal
[LOG 15:28:27.537] Load DDS texture: Squad/Parts/Cargo/ScienceKit/ExperimentKit_Material_Diffuse
[LOG 15:28:27.544] Load DDS texture: Squad/Parts/Cargo/ScienceKit/ExperimentKit_Material_Emissive
[LOG 15:28:27.550] Load DDS texture: Squad/Parts/Cargo/ScienceKit/ExperimentKit_Material_Normal
[LOG 15:28:27.558] Load DDS texture: Squad/Parts/Cargo/StorageUnits/Assets/Cargo_Material_Diffuse
[LOG 15:28:27.567] Load DDS texture: Squad/Parts/Cargo/StorageUnits/Assets/Cargo_Material_Normal
[LOG 15:28:27.578] Load DDS texture: Squad/Parts/Command/advancedSasModuleLarge/model000
[LOG 15:28:27.601] Load DDS texture: Squad/Parts/Command/advancedSasModuleLarge/model001
[LOG 15:28:27.605] Load DDS texture: Squad/Parts/Command/cupola/cupola_Emissive
[LOG 15:28:27.612] Load DDS texture: Squad/Parts/Command/cupola/ksp_l_cupola_diff
[LOG 15:28:27.617] Load DDS texture: Squad/Parts/Command/cupola/ksp_l_cupola_normal
[LOG 15:28:27.624] Load DDS texture: Squad/Parts/Command/cupola/window
[LOG 15:28:27.629] Load DDS texture: Squad/Parts/Command/externalCommandSeat/model000
[LOG 15:28:27.635] Load DDS texture: Squad/Parts/Command/hitchhikerStorageContainer/cabin
[LOG 15:28:27.646] Load DDS texture: Squad/Parts/Command/hitchhikerStorageContainer/cabin_Illum
[LOG 15:28:27.652] Load DDS texture: Squad/Parts/Command/hitchhikerStorageContainer/cabin_n
[LOG 15:28:27.653] Load DDS texture: Squad/Parts/Command/hitchhikerStorageContainer/window
[LOG 15:28:27.659] Load DDS texture: Squad/Parts/Command/inlineAdvancedStabilizer/model000
[LOG 15:28:27.676] Load DDS texture: Squad/Parts/Command/inlineAdvancedStabilizer/model001
[LOG 15:28:27.681] Load DDS texture: Squad/Parts/Command/inlineReactionWheel/model000
[LOG 15:28:27.687] Load DDS texture: Squad/Parts/Command/inlineReactionWheel/model001
[LOG 15:28:27.692] Load DDS texture: Squad/Parts/Command/inlineReactionWheel/model002
[LOG 15:28:27.698] Load DDS texture: Squad/Parts/Command/Mk1-2Pod/mk 1-2 external shell Variant-Hatch
[LOG 15:28:27.705] Load DDS texture: Squad/Parts/Command/Mk1-3Pod/M1-3 Pod
[LOG 15:28:27.722] Load DDS texture: Squad/Parts/Command/Mk1-3Pod/M1-3 Pod_GLOW
[LOG 15:28:27.730] Load DDS texture: Squad/Parts/Command/mk1Cockpits/GLOW
[LOG 15:28:27.736] Load DDS texture: Squad/Parts/Command/mk1Cockpits/Mk1Cockpit
[LOG 15:28:27.741] Load DDS texture: Squad/Parts/Command/mk1LanderCan/ksp_s_landerCan_diff
[LOG 15:28:27.753] Load DDS texture: Squad/Parts/Command/mk1LanderCan/ksp_s_landerCan_normal
[LOG 15:28:27.767] Load DDS texture: Squad/Parts/Command/mk1LanderCan/ksp_s_landerCan_psd_illum
[LOG 15:28:27.772] Load DDS texture: Squad/Parts/Command/mk1pod/outer shell
[LOG 15:28:27.777] Load DDS texture: Squad/Parts/Command/mk1pod_v2/Mk1_v2
[LOG 15:28:27.784] Load DDS texture: Squad/Parts/Command/mk1pod_v2/Mk1_v2_GLOW
[LOG 15:28:27.789] Load DDS texture: Squad/Parts/Command/mk1pod_v2/Mk1_v2_GW
[LOG 15:28:27.795] Load DDS texture: Squad/Parts/Command/mk1pod_v2/Mk1_v2_N
[LOG 15:28:27.801] Load DDS texture: Squad/Parts/Command/mk1pod_v2/Mk1_v2_W
[LOG 15:28:27.808] Load DDS texture: Squad/Parts/Command/mk1pod_v2/Mk1_v2_W_N
[LOG 15:28:27.815] Load DDS texture: Squad/Parts/Command/mk2CockpitInline/Cockpit_inline_A
[LOG 15:28:27.821] Load DDS texture: Squad/Parts/Command/mk2CockpitInline/Cockpit_inline_Emissive
[LOG 15:28:27.827] Load DDS texture: Squad/Parts/Command/mk2CockpitInline/Cockpit_inline_normal
[LOG 15:28:27.833] Load DDS texture: Squad/Parts/Command/mk2CockpitStandard/Cockpit
[LOG 15:28:27.845] Load DDS texture: Squad/Parts/Command/mk2CockpitStandard/Cockpit_Lum
[LOG 15:28:27.852] Load DDS texture: Squad/Parts/Command/mk2CockpitStandard/Cockpit_NRM
[LOG 15:28:27.861] Load DDS texture: Squad/Parts/Command/mk2DroneCore/mk2Dronecore
[LOG 15:28:27.867] Load DDS texture: Squad/Parts/Command/mk2LanderCan/Illum
[LOG 15:28:27.873] Load DDS texture: Squad/Parts/Command/mk2LanderCan/ladder
[LOG 15:28:27.882] Load DDS texture: Squad/Parts/Command/mk2LanderCan/outershell
[LOG 15:28:27.910] Load DDS texture: Squad/Parts/Command/mk2LanderCan/outershell_n
[LOG 15:28:27.911] Load DDS texture: Squad/Parts/Command/mk2LanderCan/window
[LOG 15:28:27.919] Load DDS texture: Squad/Parts/Command/mk2LanderCan_v2/Mk2Can
[LOG 15:28:27.927] Load DDS texture: Squad/Parts/Command/mk2LanderCan_v2/Mk2Can_glow
[LOG 15:28:27.936] Load DDS texture: Squad/Parts/Command/mk3CockpitShuttle/Mk3CockpitShuttle
[LOG 15:28:27.947] Load DDS texture: Squad/Parts/Command/mk3CockpitShuttle/Mk3CockpitShuttle_LUM
[LOG 15:28:27.953] Load DDS texture: Squad/Parts/Command/MpoProbe/MpoProbe_diffuse
[LOG 15:28:27.962] Load DDS texture: Squad/Parts/Command/MpoProbe/MpoProbe_nrm
[LOG 15:28:27.971] Load DDS texture: Squad/Parts/Command/MpoProbe/MpoProbe_specular
[LOG 15:28:27.981] Load DDS texture: Squad/Parts/Command/MtmStage/mtmStage_diffuse
[LOG 15:28:27.986] Load DDS texture: Squad/Parts/Command/MtmStage/mtmStage_nrm
[LOG 15:28:27.992] Load DDS texture: Squad/Parts/Command/MtmStage/mtmStage_specular
[LOG 15:28:27.998] Load DDS texture: Squad/Parts/Command/probeCoreCube/QBE_New_diffuse
[LOG 15:28:28.004] Load Cached PNG Texture: Squad/Parts/Command/probeCoreCube/QBE_New_NRM
[LOG 15:28:28.010] Load DDS texture: Squad/Parts/Command/probeCoreCube/QBE_New_specular
[LOG 15:28:28.015] Load DDS texture: Squad/Parts/Command/probeCoreHex/ksp_m_hexProbe_diff
[LOG 15:28:28.033] Load DDS texture: Squad/Parts/Command/probeCoreHex/ksp_m_hexProbe_normal
[LOG 15:28:28.040] Load DDS texture: Squad/Parts/Command/probeCoreHex_v2/hecsDiffuse
[LOG 15:28:28.052] Load DDS texture: Squad/Parts/Command/probeCoreHex_v2/hecsNormal
[LOG 15:28:28.059] Load DDS texture: Squad/Parts/Command/probeCoreOcto2_v2/octoDiffuse
[LOG 15:28:28.065] Load DDS texture: Squad/Parts/Command/probeCoreOcto2_v2/octoNormal
[LOG 15:28:28.066] Load DDS texture: Squad/Parts/Command/probeCoreOcto2_v2/octoSpecular
[LOG 15:28:28.071] Load DDS texture: Squad/Parts/Command/probeCoreOcto_v2/octoDiffuse
[LOG 15:28:28.079] Load DDS texture: Squad/Parts/Command/probeCoreOcto_v2/octoNormal
[LOG 15:28:28.085] Load DDS texture: Squad/Parts/Command/probeCoreOcto_v2/octoSpecular
[LOG 15:28:28.091] Load DDS texture: Squad/Parts/Command/probeRoverBody/model000
[LOG 15:28:28.111] Load DDS texture: Squad/Parts/Command/probeRoverBody/model001
[LOG 15:28:28.116] Load DDS texture: Squad/Parts/Command/probeRoverBody_v2/probeRoverBody_v2_gold_diffuse
[LOG 15:28:28.122] Load Cached PNG Texture: Squad/Parts/Command/probeRoverBody_v2/probeRoverBody_v2_gold_NRM
[LOG 15:28:28.128] Load DDS texture: Squad/Parts/Command/probeRoverBody_v2/probeRoverBody_v2_gold_specular
[LOG 15:28:28.134] Load DDS texture: Squad/Parts/Command/probeRoverBody_v2/probeRoverBody_v2_silver_diffuse
[LOG 15:28:28.140] Load Cached PNG Texture: Squad/Parts/Command/probeRoverBody_v2/probeRoverBody_v2_silver_NRM
[LOG 15:28:28.147] Load DDS texture: Squad/Parts/Command/probeRoverBody_v2/probeRoverBody_v2_silver_specular
[LOG 15:28:28.149] Load DDS texture: Squad/Parts/Command/probeRoverBody_v2/QBE_New_diffuse
[LOG 15:28:28.150] Load DDS texture: Squad/Parts/Command/probeRoverBody_v2/QBE_New_NRM
[LOG 15:28:28.150] Load DDS texture: Squad/Parts/Command/probeRoverBody_v2/QBE_New_specular
[LOG 15:28:28.155] Load DDS texture: Squad/Parts/Command/probeStackLarge/model000
[LOG 15:28:28.162] Load DDS texture: Squad/Parts/Command/probeStackLarge/model001
[LOG 15:28:28.167] Load DDS texture: Squad/Parts/Command/probeStackSmall/model000
[LOG 15:28:28.175] Load DDS texture: Squad/Parts/Command/probeStackSmall/model001
[LOG 15:28:28.184] Load DDS texture: Squad/Parts/Command/probeStackSphere_v2/probeStackSphere_diffuse
[LOG 15:28:28.190] Load DDS texture: Squad/Parts/Command/probeStackSphere_v2/probeStackSphere_normal
[LOG 15:28:28.196] Load DDS texture: Squad/Parts/Command/probeStackSphere_v2/probeStackSphere_specular
[LOG 15:28:28.203] Load Cached PNG Texture: Squad/Parts/CompoundParts/@thumbs/fuelLine_icon0
[LOG 15:28:28.210] Load Cached PNG Texture: Squad/Parts/CompoundParts/@thumbs/fuelLine_icon1
[LOG 15:28:28.218] Load Cached PNG Texture: Squad/Parts/CompoundParts/@thumbs/strutConnector_icon0
[LOG 15:28:28.228] Load Cached PNG Texture: Squad/Parts/CompoundParts/@thumbs/strutConnector_icon1
[LOG 15:28:28.234] Load DDS texture: Squad/Parts/CompoundParts/FuelLine/FTX-2 External Fuel Duct
[LOG 15:28:28.239] Load DDS texture: Squad/Parts/CompoundParts/FuelLine/FTX-2 External Fuel Duct_ESA
[LOG 15:28:28.244] Load DDS texture: Squad/Parts/CompoundParts/strutConnector/EAS-4 Strut Connector
[LOG 15:28:28.250] Load DDS texture: Squad/Parts/CompoundParts/strutConnector/EAS-4 Strut Connector_white
[LOG 15:28:28.255] Load DDS texture: Squad/Parts/Coupling/Assets/Decouplers
[LOG 15:28:28.262] Load DDS texture: Squad/Parts/Coupling/Assets/Decouplers_N
[LOG 15:28:28.270] Load DDS texture: Squad/Parts/Coupling/Assets/Decouplers_whiteYellow
[LOG 15:28:28.276] Load DDS texture: Squad/Parts/Coupling/Assets/Decouplers_whiteYellow_N
[LOG 15:28:28.285] Load DDS texture: Squad/Parts/Electrical/10CSolarPanels/assets/circularSolarPanel_diffuse
[LOG 15:28:28.291] Load DDS texture: Squad/Parts/Electrical/10CSolarPanels/assets/circularSolarPanel_nrm
[LOG 15:28:28.298] Load DDS texture: Squad/Parts/Electrical/10LSolarPanels/assets/retractableSolarPanel_diffuse
[LOG 15:28:28.304] Load DDS texture: Squad/Parts/Electrical/10LSolarPanels/assets/retractableSolarPanel_nrm
[LOG 15:28:28.309] Load DDS texture: Squad/Parts/Electrical/1x6ShroudSolarPanels/model000
[LOG 15:28:28.316] Load DDS texture: Squad/Parts/Electrical/1x6ShroudSolarPanels/model001
[LOG 15:28:28.322] Load DDS texture: Squad/Parts/Electrical/1x6ShroudSolarPanels/model002
[LOG 15:28:28.328] Load DDS texture: Squad/Parts/Electrical/1x6SolarPanels/model000
[LOG 15:28:28.338] Load DDS texture: Squad/Parts/Electrical/1x6SolarPanels/model001
[LOG 15:28:28.343] Load DDS texture: Squad/Parts/Electrical/1x6SolarPanels/model002
[LOG 15:28:28.348] Load DDS texture: Squad/Parts/Electrical/3x2ShroudSolarPanels/model000
[LOG 15:28:28.355] Load DDS texture: Squad/Parts/Electrical/3x2ShroudSolarPanels/model001
[LOG 15:28:28.367] Load DDS texture: Squad/Parts/Electrical/3x2ShroudSolarPanels/model002
[LOG 15:28:28.373] Load DDS texture: Squad/Parts/Electrical/3x2SolarPanels/model000
[LOG 15:28:28.380] Load DDS texture: Squad/Parts/Electrical/3x2SolarPanels/model001
[LOG 15:28:28.392] Load DDS texture: Squad/Parts/Electrical/3x2SolarPanels/model002
[LOG 15:28:28.397] Load DDS texture: Squad/Parts/Electrical/gigantorXlSolarArray/panel
[LOG 15:28:28.404] Load DDS texture: Squad/Parts/Electrical/radialFlatSolarPanel/model000
[LOG 15:28:28.410] Load DDS texture: Squad/Parts/Electrical/RTG/model000
[LOG 15:28:28.415] Load DDS texture: Squad/Parts/Electrical/z-100Battery/model000
[LOG 15:28:28.420] Load DDS texture: Squad/Parts/Electrical/z-1kBattery/model000
[LOG 15:28:28.426] Load DDS texture: Squad/Parts/Electrical/z-1kBattery/model001
[LOG 15:28:28.431] Load DDS texture: Squad/Parts/Electrical/z-200Battery/ksp_m_batteryPack_diff
[LOG 15:28:28.442] Load DDS texture: Squad/Parts/Electrical/z-400Battery/model000
[LOG 15:28:28.448] Load DDS texture: Squad/Parts/Electrical/z-4kBattery/ksp_l_batteryPack_diff
[LOG 15:28:28.464] Load DDS texture: Squad/Parts/Electrical/z-4kBattery/ksp_l_batteryPack_normal
[LOG 15:28:28.470] Load DDS texture: Squad/Parts/Engine/ionEngine/model000
[LOG 15:28:28.476] Load DDS texture: Squad/Parts/Engine/jetEngines/Jet Engines
[LOG 15:28:28.482] Load DDS texture: Squad/Parts/Engine/jetEngines/Jet_Heat
[LOG 15:28:28.487] Load DDS texture: Squad/Parts/Engine/liquidEngine24-77/engine
[LOG 15:28:28.495] Load DDS texture: Squad/Parts/Engine/liquidEngine24-77_v2/Twitch
[LOG 15:28:28.500] Load DDS texture: Squad/Parts/Engine/liquidEngine24-77_v2/Twitch_G
[LOG 15:28:28.506] Load DDS texture: Squad/Parts/Engine/liquidEngine24-77_v2/Twitch_GLOW
[LOG 15:28:28.511] Load DDS texture: Squad/Parts/Engine/liquidEngine48-7S/ksp_m_liquidEngine_diff
[LOG 15:28:28.519] Load DDS texture: Squad/Parts/Engine/liquidEngine48-7S_v2/Spark
[LOG 15:28:28.526] Load DDS texture: Squad/Parts/Engine/liquidEngine48-7S_v2/Spark_Glow
[LOG 15:28:28.531] Load DDS texture: Squad/Parts/Engine/liquidEngineAerospike/Aerospike
[LOG 15:28:28.537] Load DDS texture: Squad/Parts/Engine/liquidEngineAerospike/Aerospike_Heat
[LOG 15:28:28.543] Load DDS texture: Squad/Parts/Engine/liquidEngineLV-1_v2/Assets/Ant_and_Spider_diffuse
[LOG 15:28:28.548] Load DDS texture: Squad/Parts/Engine/liquidEngineLV-1_v2/Assets/Ant_and_Spider_emissive
[LOG 15:28:28.557] Load DDS texture: Squad/Parts/Engine/liquidEngineLV-1_v2/Assets/Ant_and_Spider_normal
[LOG 15:28:28.566] Load DDS texture: Squad/Parts/Engine/liquidEngineLV-1_v2/Assets/Ant_and_Spider_specular
[LOG 15:28:28.571] Load DDS texture: Squad/Parts/Engine/liquidEngineLV-909_v2/Terrier
[LOG 15:28:28.704] Load DDS texture: Squad/Parts/Engine/liquidEngineLV-909_v2/TerrierFairing
[LOG 15:28:28.710] Load DDS texture: Squad/Parts/Engine/liquidEngineLV-909_v2/Terrier_glow
[LOG 15:28:28.715] Load DDS texture: Squad/Parts/Engine/liquidEngineLV-N/model000
[LOG 15:28:28.724] Load DDS texture: Squad/Parts/Engine/liquidEngineLV-N/model001
[LOG 15:28:28.729] Load DDS texture: Squad/Parts/Engine/liquidEngineLV-N/model002
[LOG 15:28:28.733] Load DDS texture: Squad/Parts/Engine/liquidEngineLV-N/model003
[LOG 15:28:28.741] Load DDS texture: Squad/Parts/Engine/liquidEngineLV-T30/model000
[LOG 15:28:28.758] Load DDS texture: Squad/Parts/Engine/liquidEngineLV-T30/model001
[LOG 15:28:28.763] Load DDS texture: Squad/Parts/Engine/liquidEngineLV-T30/model002
[LOG 15:28:28.770] Load DDS texture: Squad/Parts/Engine/liquidEngineLV-T30_v2/Engine_Emissive
[LOG 15:28:28.779] Load DDS texture: Squad/Parts/Engine/liquidEngineLV-T30_v2/Engine_Normal
[LOG 15:28:28.787] Load DDS texture: Squad/Parts/Engine/liquidEngineLV-T30_v2/Fairing
[LOG 15:28:28.795] Load DDS texture: Squad/Parts/Engine/liquidEngineLV-T30_v2/Reliant_v2-shroud_Diffuse
[LOG 15:28:28.805] Load DDS texture: Squad/Parts/Engine/liquidEngineLV-T30_v2/Reliant_v2_Diffuse
[LOG 15:28:28.815] Load DDS texture: Squad/Parts/Engine/liquidEngineLV-T45/model000
[LOG 15:28:28.822] Load DDS texture: Squad/Parts/Engine/liquidEngineLV-T45/model001
[LOG 15:28:28.830] Load DDS texture: Squad/Parts/Engine/liquidEngineLV-T45/model002
[LOG 15:28:28.851] Load DDS texture: Squad/Parts/Engine/liquidEngineLV-T45/model003
[LOG 15:28:28.858] Load DDS texture: Squad/Parts/Engine/liquidEngineLV-T45_v2/Engine_Emissive
[LOG 15:28:28.865] Load DDS texture: Squad/Parts/Engine/liquidEngineLV-T45_v2/Fairing
[LOG 15:28:28.872] Load DDS texture: Squad/Parts/Engine/liquidEngineLV-T45_v2/Swivel_v2_Diffuse
[LOG 15:28:28.881] Load DDS texture: Squad/Parts/Engine/liquidEngineLV-T45_v2/Swivel_v2_Normal
[LOG 15:28:28.891] Load DDS texture: Squad/Parts/Engine/liquidEngineMainsail_v2/mainsail_diffuse
[LOG 15:28:28.901] Load DDS texture: Squad/Parts/Engine/liquidEngineMainsail_v2/mainsail_emissive
[LOG 15:28:28.909] Load DDS texture: Squad/Parts/Engine/liquidEngineMainsail_v2/mainsail_nrm
[LOG 15:28:28.919] Load DDS texture: Squad/Parts/Engine/liquidEngineMainsail_v2/mainsail_specular
[LOG 15:28:28.929] Load DDS texture: Squad/Parts/Engine/liquidEngineMainsail_v2/Shroud
[LOG 15:28:28.941] Load DDS texture: Squad/Parts/Engine/liquidEngineMk55/Thud
[LOG 15:28:28.946] Load DDS texture: Squad/Parts/Engine/liquidEngineMk55/Thud_Heat
[LOG 15:28:28.952] Load DDS texture: Squad/Parts/Engine/liquidEnginePoodle_v2/poodle
[LOG 15:28:28.957] Load DDS texture: Squad/Parts/Engine/liquidEnginePoodle_v2/PoodleShroud
[LOG 15:28:28.964] Load DDS texture: Squad/Parts/Engine/liquidEnginePoodle_v2/poodle_Glow
[LOG 15:28:28.976] Load DDS texture: Squad/Parts/Engine/liquidEnginePoodle_v2/Poodle_SingleBell_Poodle_Diffuse
[LOG 15:28:28.983] Load DDS texture: Squad/Parts/Engine/liquidEnginePoodle_v2/Poodle_SingleBell_Poodle_Emissive
[LOG 15:28:28.988] Load DDS texture: Squad/Parts/Engine/liquidEnginePoodle_v2/Poodle_SingleBell_Poodle_Normal
[LOG 15:28:28.994] Load DDS texture: Squad/Parts/Engine/liquidEngineSkipper_v2/Shroud
[LOG 15:28:29.003] Load DDS texture: Squad/Parts/Engine/liquidEngineSkipper_v2/skipper_v2_diffuse
[LOG 15:28:29.012] Load DDS texture: Squad/Parts/Engine/liquidEngineSkipper_v2/skipper_v2_emissive
[LOG 15:28:29.020] Load DDS texture: Squad/Parts/Engine/liquidEngineSkipper_v2/skipper_v2_normal
[LOG 15:28:29.028] Load DDS texture: Squad/Parts/Engine/liquidEngineSSME/SSME
[LOG 15:28:29.033] Load DDS texture: Squad/Parts/Engine/liquidEngineSSME/SSME_GLOW
[LOG 15:28:29.046] Load DDS texture: Squad/Parts/Engine/liquidEngineSSME/SSME_NRM
[LOG 15:28:29.056] Load DDS texture: Squad/Parts/Engine/MassiveSRB/solid_booster_cm
[LOG 15:28:29.061] Load DDS texture: Squad/Parts/Engine/MassiveSRB/solid_booster_cm_esa
[LOG 15:28:29.068] Load DDS texture: Squad/Parts/Engine/MassiveSRB/solid_booster_em
[LOG 15:28:29.076] Load DDS texture: Squad/Parts/Engine/MassiveSRB/solid_booster_nm
[LOG 15:28:29.081] Load DDS texture: Squad/Parts/Engine/miniJet/SmallJet
[LOG 15:28:29.087] Load DDS texture: Squad/Parts/Engine/OMSEngine/Puff_diffuse
[LOG 15:28:29.093] Load DDS texture: Squad/Parts/Engine/OMSEngine/Puff_emissive
[LOG 15:28:29.098] Load DDS texture: Squad/Parts/Engine/OMSEngine/Puff_normal
[LOG 15:28:29.103] Load DDS texture: Squad/Parts/Engine/OMSEngine/Puff_specular
[LOG 15:28:29.108] Load DDS texture: Squad/Parts/Engine/rapierEngine/rapierDiffuse
[LOG 15:28:29.113] Load DDS texture: Squad/Parts/Engine/rapierEngine/rapieremit
[LOG 15:28:29.119] Load DDS texture: Squad/Parts/Engine/Size1_SRBs/SRB_O
[LOG 15:28:29.125] Load DDS texture: Squad/Parts/Engine/Size1_SRBs/SRB_W
[LOG 15:28:29.130] Load DDS texture: Squad/Parts/Engine/Size1_SRBs/SRB_Y
[LOG 15:28:29.138] Load DDS texture: Squad/Parts/Engine/Size2LFB/Size2LFBEmissive
[LOG 15:28:29.143] Load DDS texture: Squad/Parts/Engine/Size2LFB/twin_nozzle_booster_cm
[LOG 15:28:29.149] Load DDS texture: Squad/Parts/Engine/Size2LFB/twin_nozzle_booster_nm
[LOG 15:28:29.156] Load DDS texture: Squad/Parts/Engine/Size2LFB_v2/Size2LFBEmissive
[LOG 15:28:29.161] Load DDS texture: Squad/Parts/Engine/Size2LFB_v2/twin_nozzle_booster_cm
[LOG 15:28:29.168] Load DDS texture: Squad/Parts/Engine/Size2LFB_v2/twin_nozzle_booster_nm
[LOG 15:28:29.173] Load DDS texture: Squad/Parts/Engine/Size3AdvancedEngine/decoupler_and_adaptor_cm
[LOG 15:28:29.179] Load DDS texture: Squad/Parts/Engine/Size3AdvancedEngine/Size3AdvancedEngineDiffuse
[LOG 15:28:29.185] Load DDS texture: Squad/Parts/Engine/Size3AdvancedEngine/Size3AdvancedEngineEmissive
[LOG 15:28:29.190] Load DDS texture: Squad/Parts/Engine/Size3AdvancedEngine/Size3AdvancedEngineNormal
[LOG 15:28:29.208] Load DDS texture: Squad/Parts/Engine/Size3EngineCluster/ClusterEngineEmit
[LOG 15:28:29.214] Load DDS texture: Squad/Parts/Engine/Size3EngineCluster/four_nozzle_engine_cm
[LOG 15:28:29.219] Load DDS texture: Squad/Parts/Engine/Size3EngineCluster/four_nozzle_engine_nm
[LOG 15:28:29.232] Load DDS texture: Squad/Parts/Engine/solidBoosterBACC/model000
[LOG 15:28:29.239] Load DDS texture: Squad/Parts/Engine/solidBoosterBACC/model001
[LOG 15:28:29.245] Load DDS texture: Squad/Parts/Engine/solidBoosterBACC/model002
[LOG 15:28:29.253] Load DDS texture: Squad/Parts/Engine/solidBoosterRT-5/RT5
[LOG 15:28:29.268] Load DDS texture: Squad/Parts/Engine/solidBoosterS2-17/solidBoosterS2-17_diffuse
[LOG 15:28:29.284] Load DDS texture: Squad/Parts/Engine/solidBoosterS2-17/solidBoosterS2-17_emissive
[LOG 15:28:29.302] Load DDS texture: Squad/Parts/Engine/solidBoosterS2-17/solidBoosterS2-17_normal
[LOG 15:28:29.327] Load DDS texture: Squad/Parts/Engine/solidBoosterS2-33/solidBoosterS2-33_diffuse
[LOG 15:28:29.400] Load DDS texture: Squad/Parts/Engine/solidBoosterS2-33/solidBoosterS2-33_emissive
[LOG 15:28:29.437] Load DDS texture: Squad/Parts/Engine/solidBoosterS2-33/solidBoosterS2-33_normal
[LOG 15:28:29.481] Load DDS texture: Squad/Parts/Engine/solidBoosterSep/model000
[LOG 15:28:29.482] Load DDS texture: Squad/Parts/Engine/solidBoosterSep/motor
[LOG 15:28:29.482] Load DDS texture: Squad/Parts/Engine/SolidBoostersF/Assets/SolidBoosterF3S0_diffuse
[LOG 15:28:29.482] Load DDS texture: Squad/Parts/Engine/SolidBoostersF/Assets/SolidBoosterF3S0_emissive
[LOG 15:28:29.484] Load DDS texture: Squad/Parts/Engine/SolidBoostersF/Assets/SolidBoosterF3S0_normal
[LOG 15:28:29.493] Load DDS texture: Squad/Parts/FuelTank/adapterTanks/Mk3Adapters
[LOG 15:28:29.502] Load DDS texture: Squad/Parts/FuelTank/drainTankFTE-1/fuelValve_diffuse
[LOG 15:28:29.507] Load DDS texture: Squad/Parts/FuelTank/drainTankFTE-1/fuelValve_nrm
[LOG 15:28:29.512] Load DDS texture: Squad/Parts/FuelTank/FoilTanks/RadialTanks
[LOG 15:28:29.518] Load DDS texture: Squad/Parts/FuelTank/FoilTanks/RadialTanksGold_specular
[LOG 15:28:29.524] Load DDS texture: Squad/Parts/FuelTank/FoilTanks/RadialTanksSilver_specular
[LOG 15:28:29.530] Load DDS texture: Squad/Parts/FuelTank/FoilTanks/RadialTanks_N
[LOG 15:28:29.536] Load DDS texture: Squad/Parts/FuelTank/FoilTanks/RadialTanks_silver
[LOG 15:28:29.541] Load DDS texture: Squad/Parts/FuelTank/fuelTankOscarB/model000
[LOG 15:28:29.548] Load DDS texture: Squad/Parts/FuelTank/fuelTankOscarB/model001
[LOG 15:28:29.553] Load DDS texture: Squad/Parts/FuelTank/fuelTankOscarB/tank
[LOG 15:28:29.557] Load DDS texture: Squad/Parts/FuelTank/fuelTankOscarB/tank_n
[LOG 15:28:29.563] Load DDS texture: Squad/Parts/FuelTank/miniFuselage/Fuselage
[LOG 15:28:29.568] Load DDS texture: Squad/Parts/FuelTank/mk2Adapters/mk2adapters1m
[LOG 15:28:29.574] Load DDS texture: Squad/Parts/FuelTank/mk2FuselageLong/mk2Fuselage
[LOG 15:28:29.580] Load DDS texture: Squad/Parts/FuelTank/mk2FuselageShort/mk2FuselageShort
[LOG 15:28:29.587] Load DDS texture: Squad/Parts/FuelTank/mk3Fuselage/Mk3Fuselage
[LOG 15:28:29.594] Load DDS texture: Squad/Parts/FuelTank/mk3Fuselage/Mk3Fuselage_LUM
[LOG 15:28:29.600] Load DDS texture: Squad/Parts/FuelTank/RCSFuelTankR1/RCSFuelTankR1_01
[LOG 15:28:29.606] Load DDS texture: Squad/Parts/FuelTank/RCSFuelTankR1/RCSFuelTankR1_02
[LOG 15:28:29.612] Load DDS texture: Squad/Parts/FuelTank/RCSFuelTankR1/RCSFuelTankR1_N
[LOG 15:28:29.618] Load DDS texture: Squad/Parts/FuelTank/RCSFuelTankR10/ksp_m_rcsTank_diff
[LOG 15:28:29.641] Load DDS texture: Squad/Parts/FuelTank/RCSFuelTankR10/ksp_m_rcsTank_normal
[LOG 15:28:29.651] Load DDS texture: Squad/Parts/FuelTank/RCSFuelTankR25/FL-R25 RCS Fuel Tank_D
[LOG 15:28:29.660] Load DDS texture: Squad/Parts/FuelTank/RCSFuelTankR25/FL-R25 RCS Fuel Tank_N
[LOG 15:28:29.666] Load DDS texture: Squad/Parts/FuelTank/RCSTankRadial/model000
[LOG 15:28:29.671] Load DDS texture: Squad/Parts/FuelTank/RCStankRadialLong/ksp_r_rcsCylTank_diff
[LOG 15:28:29.680] Load DDS texture: Squad/Parts/FuelTank/RockomaxTanks/Assets/rockomax_16 [AlbedoM] BW
[LOG 15:28:29.689] Load DDS texture: Squad/Parts/FuelTank/RockomaxTanks/Assets/rockomax_16 [AlbedoM] ESA
[LOG 15:28:29.697] Load DDS texture: Squad/Parts/FuelTank/RockomaxTanks/Assets/rockomax_16 [AlbedoM] O
[LOG 15:28:29.706] Load DDS texture: Squad/Parts/FuelTank/RockomaxTanks/Assets/rockomax_16 [Normal] BW
[LOG 15:28:29.715] Load DDS texture: Squad/Parts/FuelTank/RockomaxTanks/Assets/rockomax_16 [Normal]ESA
[LOG 15:28:29.733] Load DDS texture: Squad/Parts/FuelTank/RockomaxTanks/Assets/rockomax_16 [Normal]O
[LOG 15:28:29.740] Load DDS texture: Squad/Parts/FuelTank/RockomaxTanks/Assets/rockomax_32 [AlbedoM] ESA
[LOG 15:28:29.750] Load DDS texture: Squad/Parts/FuelTank/RockomaxTanks/Assets/rockomax_32 [Normal]ESA
[LOG 15:28:29.756] Load DDS texture: Squad/Parts/FuelTank/Size1_Tanks/125Tanks_BW
[LOG 15:28:29.763] Load DDS texture: Squad/Parts/FuelTank/Size1_Tanks/125Tanks_D
[LOG 15:28:29.769] Load DDS texture: Squad/Parts/FuelTank/Size1_Tanks/125Tanks_N
[LOG 15:28:29.776] Load DDS texture: Squad/Parts/FuelTank/Size1_Tanks/125Tanks_O
[LOG 15:28:29.783] Load DDS texture: Squad/Parts/FuelTank/Size1_Tanks/125Tanks_W
[LOG 15:28:29.789] Load DDS texture: Squad/Parts/FuelTank/Size3Tanks/fueltTanks_cm
[LOG 15:28:29.795] Load Cached PNG Texture: Squad/Parts/FuelTank/Size3Tanks/Size3Tanks
[LOG 15:28:29.801] Load Cached PNG Texture: Squad/Parts/FuelTank/Size3Tanks/Size3Tanks_Norm
[LOG 15:28:29.808] Load Cached PNG Texture: Squad/Parts/FuelTank/Size3Tanks/Size3Tanks_Orange
[LOG 15:28:29.814] Load Cached PNG Texture: Squad/Parts/FuelTank/Size3Tanks/Size3Tanks_Orange_Norm
[LOG 15:28:29.820] Load DDS texture: Squad/Parts/FuelTank/xenonTank/model000
[LOG 15:28:29.825] Load DDS texture: Squad/Parts/FuelTank/xenonTank/model001
[LOG 15:28:29.831] Load DDS texture: Squad/Parts/FuelTank/xenonTankLarge/tank
[LOG 15:28:29.837] Load DDS texture: Squad/Parts/FuelTank/xenonTankRadial/ksp_r_xenonTank_diff
[LOG 15:28:29.844] Load DDS texture: Squad/Parts/Misc/AsteroidDay/CamSat
[LOG 15:28:29.862] Load DDS texture: Squad/Parts/Misc/AsteroidDay/CamSat_glow
[LOG 15:28:29.867] Load DDS texture: Squad/Parts/Misc/AsteroidDay/CamSat_N_NRM
[LOG 15:28:29.874] Load DDS texture: Squad/Parts/Misc/AsteroidDay/default
[LOG 15:28:29.881] Load DDS texture: Squad/Parts/Misc/AsteroidDay/hecsDiffuse
[LOG 15:28:29.887] Load DDS texture: Squad/Parts/Misc/AsteroidDay/hecsNormal
[LOG 15:28:29.894] Load DDS texture: Squad/Parts/Misc/AsteroidDay/hecsSpecular
[LOG 15:28:29.901] Load DDS texture: Squad/Parts/Misc/AsteroidDay/JumboHexProbe
[LOG 15:28:29.907] Load DDS texture: Squad/Parts/Misc/AsteroidDay/JumboHexProbe_NORM_NRM
[LOG 15:28:29.912] Load DDS texture: Squad/Parts/Resources/FuelCell/FCLamp
[LOG 15:28:29.918] Load DDS texture: Squad/Parts/Resources/FuelCell/FuelCellRack
[LOG 15:28:29.923] Load DDS texture: Squad/Parts/Resources/FuelCell/fuellcell
[LOG 15:28:29.929] Load DDS texture: Squad/Parts/Resources/ISRU/Processor_Large
[LOG 15:28:29.935] Load DDS texture: Squad/Parts/Resources/LargeTank/ksp_l_resourceContainer_diff
[LOG 15:28:29.942] Load DDS texture: Squad/Parts/Resources/LargeTank/ksp_l_resourceContainer_norm
[LOG 15:28:29.950] Load DDS texture: Squad/Parts/Resources/MiniDrill/DustParticle
[LOG 15:28:29.956] Load DDS texture: Squad/Parts/Resources/MiniDrill/ksp_r_rockProbe_diff
[LOG 15:28:29.962] Load DDS texture: Squad/Parts/Resources/MiniDrill/RockParticle
[LOG 15:28:29.967] Load DDS texture: Squad/Parts/Resources/MiniISRU/ksp_s_processorSmall_diff
[LOG 15:28:29.972] Load DDS texture: Squad/Parts/Resources/OrbitalScanner/detector
[LOG 15:28:29.978] Load DDS texture: Squad/Parts/Resources/RadialDrill/DustParticle
[LOG 15:28:29.984] Load DDS texture: Squad/Parts/Resources/RadialDrill/RockParticle
[LOG 15:28:29.990] Load DDS texture: Squad/Parts/Resources/RadialDrill/TriBitDrill
[LOG 15:28:29.995] Load DDS texture: Squad/Parts/Resources/RadialTank/ksp_r_resourceContainer_psd_2
[LOG 15:28:30.001] Load DDS texture: Squad/Parts/Resources/SmallTank/ksp_s_resourceContainer_diff
[LOG 15:28:30.006] Load DDS texture: Squad/Parts/Resources/SmallTank/ksp_s_resourceContainer_normal
[LOG 15:28:30.012] Load DDS texture: Squad/Parts/Resources/SurfaceScanner/ksp_r_samplerAir_diff
[LOG 15:28:30.019] Load DDS texture: Squad/Parts/Resources/SurveyScanner/dish
[LOG 15:28:30.025] Load DDS texture: Squad/Parts/Resources/SurveyScanner/dish_n
[LOG 15:28:30.031] Load DDS texture: Squad/Parts/Science/AtmosphereSensor/ksp_r_hydroscoop_diff
[LOG 15:28:30.037] Load DDS texture: Squad/Parts/Science/GooExperiment/GooExperiment
[LOG 15:28:30.043] Load DDS texture: Squad/Parts/Science/LargeCrewedLab/Large_Crewed_Lab
[LOG 15:28:30.049] Load DDS texture: Squad/Parts/Science/LargeCrewedLab/Large_Crewed_Lab_glow
[LOG 15:28:30.053] Load DDS texture: Squad/Parts/Science/LargeCrewedLab/window
[LOG 15:28:30.057] Load DDS texture: Squad/Parts/Science/Magnetometer/Magnetometer_diffuse
[LOG 15:28:30.062] Load DDS texture: Squad/Parts/Science/Magnetometer/Magnetometer_nrm
[LOG 15:28:30.068] Load DDS texture: Squad/Parts/Science/MaterialBay/science_module_small
[LOG 15:28:30.074] Load DDS texture: Squad/Parts/Science/MaterialBay/science_module_small_emit
[LOG 15:28:30.080] Load DDS texture: Squad/Parts/Science/MaterialBay/science_module_small_nrm
[LOG 15:28:30.086] Load DDS texture: Squad/Parts/Science/MaterialBay/wires
[LOG 15:28:30.091] Load DDS texture: Squad/Parts/Science/ScienceBox/Container
[LOG 15:28:30.097] Load DDS texture: Squad/Parts/Science/sensorAccelerometer/model000
[LOG 15:28:30.102] Load DDS texture: Squad/Parts/Science/sensorBarometer/model000
[LOG 15:28:30.114] Load DDS texture: Squad/Parts/Science/sensorGravimeter/model000
[LOG 15:28:30.120] Load DDS texture: Squad/Parts/Science/sensorThermometer/model000
[LOG 15:28:30.128] Load DDS texture: Squad/Parts/Structural/FLAdapters/Assets/FLA-Adapters_diffuse
[LOG 15:28:30.134] Load DDS texture: Squad/Parts/Structural/FLAdapters/Assets/FLA-Adapters_diffuse_O
[LOG 15:28:30.140] Load DDS texture: Squad/Parts/Structural/FLAdapters/Assets/FLA-Adapters_normal
[LOG 15:28:30.146] Load DDS texture: Squad/Parts/Structural/FLAdapters/Assets/FLA-Adapters_normal_O
[LOG 15:28:30.155] Load DDS texture: Squad/Parts/Structural/mk1Parts/Mk1Structural
[LOG 15:28:30.161] Load DDS texture: Squad/Parts/Structural/mk1Parts/Mk1StructuralHeat
[LOG 15:28:30.167] Load Cached PNG Texture: Squad/Parts/Structural/mk1Parts/@thumbs/MK1Fuselage_icon
[LOG 15:28:30.178] Load DDS texture: Squad/Parts/Structural/Size3To2Adapter_v2/Size2to3_BW_Diffuse
[LOG 15:28:30.184] Load DDS texture: Squad/Parts/Structural/Size3To2Adapter_v2/Size2to3_DUMMY_NRM
[LOG 15:28:30.198] Load DDS texture: Squad/Parts/Structural/Size3To2Adapter_v2/Size2to3_O_Diffuse
[LOG 15:28:30.208] Load DDS texture: Squad/Parts/Structural/Size3To2Adapter_v2/Size2to3_W_Diffuse
[LOG 15:28:30.216] Load DDS texture: Squad/Parts/Structural/Size3To2Adapter_v2/Size2to3_W_NRM
[LOG 15:28:30.224] Load DDS texture: Squad/Parts/Structural/stackAdapters/Assets/stackAdapters_diffuse
[LOG 15:28:30.231] Load DDS texture: Squad/Parts/Structural/stackAdapters/Assets/stackAdapters_diffuse_Dark
[LOG 15:28:30.239] Load DDS texture: Squad/Parts/Structural/stackAdapters/Assets/stackAdapters_diffuse_Orange
[LOG 15:28:30.254] Load DDS texture: Squad/Parts/Structural/stackAdapters/Assets/stackAdapters_normal
[LOG 15:28:30.260] Load DDS texture: Squad/Parts/Structural/stackAdapters/Assets/stackAdapters_normal_Orange
[LOG 15:28:30.266] Load DDS texture: Squad/Parts/Structural/stationHub/model000
[LOG 15:28:30.274] Load DDS texture: Squad/Parts/Structural/stationHub/model001
[LOG 15:28:30.280] Load DDS texture: Squad/Parts/Structural/structuralIBeam200/model000
[LOG 15:28:30.287] Load DDS texture: Squad/Parts/Structural/structuralIBeam200Pocket/model000
[LOG 15:28:30.294] Load DDS texture: Squad/Parts/Structural/structuralIBeam650/model000
[LOG 15:28:30.302] Load DDS texture: Squad/Parts/Structural/structuralMicronode/model000
[LOG 15:28:30.306] Load DDS texture: Squad/Parts/Structural/structuralPanel1x1/model000
[LOG 15:28:30.325] Load DDS texture: Squad/Parts/Structural/structuralPanel1x1/model001
[LOG 15:28:30.330] Load DDS texture: Squad/Parts/Structural/structuralPanel2x2/model000
[LOG 15:28:30.349] Load DDS texture: Squad/Parts/Structural/structuralPanel2x2/model001
[LOG 15:28:30.354] Load DDS texture: Squad/Parts/Structural/structuralPylons/Pylons
[LOG 15:28:30.359] Load DDS texture: Squad/Parts/Structural/strutCubicOcto/cubestrut
[LOG 15:28:30.365] Load DDS texture: Squad/Parts/Structural/strutOcto/model000
[LOG 15:28:30.371] Load DDS texture: Squad/Parts/Structural/trussGirderAdapter/model000
[LOG 15:28:30.376] Load DDS texture: Squad/Parts/Structural/trussGirderAdapter/model001
[LOG 15:28:30.381] Load DDS texture: Squad/Parts/Structural/trussGirderL/model000
[LOG 15:28:30.390] Load DDS texture: Squad/Parts/Structural/trussGirderXL/model000
[LOG 15:28:30.395] Load DDS texture: Squad/Parts/Thermal/FoldingRadiators/radiator
[LOG 15:28:30.401] Load DDS texture: Squad/Parts/Thermal/FoldingRadiators/radiator_N_NRM
[LOG 15:28:30.408] Load DDS texture: Squad/Parts/Thermal/RadiatorPanels/radPanel
[LOG 15:28:30.413] Load DDS texture: Squad/Parts/Thermal/RadiatorPanels/radPanel_N_NRM
[LOG 15:28:30.419] Load DDS texture: Squad/Parts/Utility/commDish88-88/comm_dish_array
[LOG 15:28:30.425] Load DDS texture: Squad/Parts/Utility/commDish88-88/comm_dish_v2_diff
[LOG 15:28:30.430] Load DDS texture: Squad/Parts/Utility/commDish88-88/model000
[LOG 15:28:30.436] Load DDS texture: Squad/Parts/Utility/commsAntennaDTS-M1/mediumDishAntenna
[LOG 15:28:30.443] Load DDS texture: Squad/Parts/Utility/commsAntennaDTS-M1/mediumDishAntenna_Emit
[LOG 15:28:30.449] Load DDS texture: Squad/Parts/Utility/commsDish16/model000
[LOG 15:28:30.456] Load DDS texture: Squad/Parts/Utility/decouplerRadialHDM/model000
[LOG 15:28:30.461] Load DDS texture: Squad/Parts/Utility/decouplerRadialTT-38K/model000
[LOG 15:28:30.470] Load DDS texture: Squad/Parts/Utility/decouplerRadialTT-38K/model001
[LOG 15:28:30.481] Load DDS texture: Squad/Parts/Utility/decouplerRadialTT-70/model000
[LOG 15:28:30.486] Load DDS texture: Squad/Parts/Utility/DirectAntennas/MiniAntenna
[LOG 15:28:30.492] Load DDS texture: Squad/Parts/Utility/dockingPort/Arrow Pointer
[LOG 15:28:30.498] Load DDS texture: Squad/Parts/Utility/dockingPort/DockingPorts_Clampotron_Diffuse
[LOG 15:28:30.505] Load DDS texture: Squad/Parts/Utility/dockingPort/DockingPorts_Clampotron_Emissive
[LOG 15:28:30.514] Load DDS texture: Squad/Parts/Utility/dockingPort/DockingPorts_Clampotron_Normal
[LOG 15:28:30.519] Load DDS texture: Squad/Parts/Utility/dockingPortInline/Arrow Pointer
[LOG 15:28:30.524] Load DDS texture: Squad/Parts/Utility/dockingPortInline/ClampotronLinear_ClampotronLinear_Diffuse
[LOG 15:28:30.532] Load DDS texture: Squad/Parts/Utility/dockingPortInline/ClampotronLinear_ClampotronLinear_Emissive
[LOG 15:28:30.540] Load DDS texture: Squad/Parts/Utility/dockingPortInline/ClampotronLinear_ClampotronLinear_Normal
[LOG 15:28:30.549] Load DDS texture: Squad/Parts/Utility/dockingPortInline/DockingPorts_Clampotron_Diffuse
[LOG 15:28:30.556] Load DDS texture: Squad/Parts/Utility/dockingPortInline/DockingPorts_Clampotron_Emissive
[LOG 15:28:30.564] Load DDS texture: Squad/Parts/Utility/dockingPortInline/DockingPorts_Clampotron_Normal
[LOG 15:28:30.570] Load DDS texture: Squad/Parts/Utility/dockingPortJr/Arrow Pointer
[LOG 15:28:30.571] Load DDS texture: Squad/Parts/Utility/dockingPortJr/DockingPorts_ClampotronJR_Diffuse
[LOG 15:28:30.578] Load DDS texture: Squad/Parts/Utility/dockingPortJr/DockingPorts_ClampotronJR_Normal
[LOG 15:28:30.583] Load DDS texture: Squad/Parts/Utility/dockingPortJr/model000
[LOG 15:28:30.584] Load DDS texture: Squad/Parts/Utility/dockingPortShielded/Arrow Pointer
[LOG 15:28:30.592] Load DDS texture: Squad/Parts/Utility/dockingPortShielded/Clamp-O-Tron Shielded Docking Port_ClampotronShielded_Diffuse
[LOG 15:28:30.601] Load DDS texture: Squad/Parts/Utility/dockingPortShielded/Clamp-O-Tron Shielded Docking Port_ClampotronShielded_Normal
[LOG 15:28:30.609] Load DDS texture: Squad/Parts/Utility/dockingPortShielded/DockingPorts_Clampotron_Diffuse
[LOG 15:28:30.617] Load DDS texture: Squad/Parts/Utility/dockingPortShielded/DockingPorts_Clampotron_Emissive
[LOG 15:28:30.626] Load DDS texture: Squad/Parts/Utility/dockingPortShielded/DockingPorts_Clampotron_Normal
[LOG 15:28:30.631] Load DDS texture: Squad/Parts/Utility/dockingPortSr/Arrow Pointer
[LOG 15:28:30.635] Load DDS texture: Squad/Parts/Utility/dockingPortSr/ClampotronSr_ClampotronSr_Diffuse
[LOG 15:28:30.644] Load DDS texture: Squad/Parts/Utility/dockingPortSr/ClampotronSr_ClampotronSr_Diffuse_gray
[LOG 15:28:30.651] Load DDS texture: Squad/Parts/Utility/dockingPortSr/ClampotronSr_ClampotronSr_Emissive
[LOG 15:28:30.661] Load DDS texture: Squad/Parts/Utility/dockingPortSr/ClampotronSr_ClampotronSr_Normal
[LOG 15:28:30.669] Load Cached PNG Texture: Squad/Parts/Utility/Fireworks/Assets/fireworks_launcher_big 1
[LOG 15:28:30.684] Load Cached PNG Texture: Squad/Parts/Utility/Fireworks/Assets/fireworks_launcher_big
[LOG 15:28:30.691] Load Cached PNG Texture: Squad/Parts/Utility/flags/backgroundTextures/dark_background
[LOG 15:28:30.696] Load Cached PNG Texture: Squad/Parts/Utility/flags/backgroundTextures/orange_background
[LOG 15:28:30.702] Load Cached PNG Texture: Squad/Parts/Utility/flags/backgroundTextures/white_background
[LOG 15:28:30.707] Load DDS texture: Squad/Parts/Utility/GrapplingDevice/grabberDiffuse
[LOG 15:28:30.717] Load DDS texture: Squad/Parts/Utility/GrapplingDevice/grabberDiffuse_dark
[LOG 15:28:30.723] Load DDS texture: Squad/Parts/Utility/GrapplingDevice/grabberNRM
[LOG 15:28:30.727] Load DDS texture: Squad/Parts/Utility/GrapplingDevice/window
[LOG 15:28:30.730] Load DDS texture: Squad/Parts/Utility/ladderRadial/model000
[LOG 15:28:30.737] Load DDS texture: Squad/Parts/Utility/ladderTelescopic/model000
[LOG 15:28:30.743] Load DDS texture: Squad/Parts/Utility/ladderTelescopic/model001
[LOG 15:28:30.752] Load DDS texture: Squad/Parts/Utility/ladderTelescopic/model002
[LOG 15:28:30.757] Load DDS texture: Squad/Parts/Utility/ladderTelescopicBay/model000
[LOG 15:28:30.764] Load DDS texture: Squad/Parts/Utility/ladderTelescopicBay/model001
[LOG 15:28:30.770] Load DDS texture: Squad/Parts/Utility/landingLegLT-1/ksp_r_landingStrut_diff
[LOG 15:28:30.776] Load DDS texture: Squad/Parts/Utility/landingLegLT-2/landingLeg
[LOG 15:28:30.781] Load DDS texture: Squad/Parts/Utility/landingLegLT-5/leg
[LOG 15:28:30.786] Load DDS texture: Squad/Parts/Utility/landingLegLT-5/model000
[LOG 15:28:30.792] Load DDS texture: Squad/Parts/Utility/launchClamp1/model000
[LOG 15:28:30.798] Load DDS texture: Squad/Parts/Utility/launchClamp1/model001
[LOG 15:28:30.806] Load DDS texture: Squad/Parts/Utility/launchEscapeSystem/LES_Diffuse
[LOG 15:28:30.811] Load DDS texture: Squad/Parts/Utility/Lights/Assets/Lights_Attacheable_Lights_Diffuse
[LOG 15:28:30.817] Load DDS texture: Squad/Parts/Utility/Lights/Assets/Lights_Attacheable_Lights_Diffuse_white
[LOG 15:28:30.823] Load DDS texture: Squad/Parts/Utility/Lights/Assets/Lights_Attacheable_Lights_Emissive
[LOG 15:28:30.828] Load DDS texture: Squad/Parts/Utility/Lights/Assets/Lights_Attacheable_Lights_Normal
[LOG 15:28:30.839] Load DDS texture: Squad/Parts/Utility/Lights/Assets/Lights_Rectangle_Light_Diffuse
[LOG 15:28:30.848] Load DDS texture: Squad/Parts/Utility/Lights/Assets/Lights_Rectangle_Light_Diffuse_white
[LOG 15:28:30.856] Load DDS texture: Squad/Parts/Utility/Lights/Assets/Lights_Rectangle_Light_Emissive
[LOG 15:28:30.867] Load DDS texture: Squad/Parts/Utility/Lights/Assets/Lights_Rectangle_Light_Normal
[LOG 15:28:30.878] Load DDS texture: Squad/Parts/Utility/Lights/Assets/Lights_Worklights_Diffuse
[LOG 15:28:30.879] Load DDS texture: Squad/Parts/Utility/Lights/Assets/Lights_Worklights_Emissive
[LOG 15:28:30.886] Load DDS texture: Squad/Parts/Utility/Lights/Assets/Lights_Worklights_Normal
[LOG 15:28:30.892] Load DDS texture: Squad/Parts/Utility/Lights/Assets/Spotlight_Attacheable_Lights_Diffuse
[LOG 15:28:30.898] Load DDS texture: Squad/Parts/Utility/Lights/Assets/Spotlight_Attacheable_Lights_Diffuse_white
[LOG 15:28:30.906] Load DDS texture: Squad/Parts/Utility/Lights/Assets/Spotlight_Attacheable_Lights_Emissive
[LOG 15:28:30.911] Load DDS texture: Squad/Parts/Utility/Lights/Assets/Spotlight_Attacheable_Lights_Normal
[LOG 15:28:30.918] Load DDS texture: Squad/Parts/Utility/linearVernorRCS/Assets/linear_vernor_diffuse
[LOG 15:28:30.924] Load DDS texture: Squad/Parts/Utility/linearVernorRCS/Assets/linear_vernor_emissive
[LOG 15:28:30.929] Load DDS texture: Squad/Parts/Utility/linearVernorRCS/Assets/linear_vernor_normalDummy
[LOG 15:28:30.935] Load DDS texture: Squad/Parts/Utility/linearVernorRCS/Assets/linear_vernor_specular
[LOG 15:28:30.940] Load DDS texture: Squad/Parts/Utility/mk2CargoBay/mk2CargoBay
[LOG 15:28:30.946] Load DDS texture: Squad/Parts/Utility/mk2CrewCabin/mk2CrewCabin
[LOG 15:28:30.952] Load DDS texture: Squad/Parts/Utility/mk2CrewCabin/mk2CrewCabin_LUM
[LOG 15:28:30.952] Load DDS texture: Squad/Parts/Utility/mk2DockingPort/Arrow Pointer
[LOG 15:28:30.959] Load DDS texture: Squad/Parts/Utility/mk2DockingPort/Mk2Clampotron_Caps_Diffuse
[LOG 15:28:30.966] Load DDS texture: Squad/Parts/Utility/mk2DockingPort/Mk2Clampotron_Caps_Emmisive
[LOG 15:28:30.971] Load DDS texture: Squad/Parts/Utility/mk2DockingPort/Mk2Clampotron_Caps_Normal
[LOG 15:28:30.978] Load DDS texture: Squad/Parts/Utility/mk2DockingPort/Mk2Clampotron_Mk2Clampotron_Diffuse
[LOG 15:28:30.988] Load DDS texture: Squad/Parts/Utility/mk2DockingPort/Mk2Clampotron_Mk2Clampotron_Emissive
[LOG 15:28:30.999] Load DDS texture: Squad/Parts/Utility/mk2DockingPort/Mk2Clampotron_Mk2Clampotron_Normal
[LOG 15:28:31.005] Load DDS texture: Squad/Parts/Utility/mk2DockingPort/mk2DockingPort
[LOG 15:28:31.012] Load DDS texture: Squad/Parts/Utility/mk3CargoBay/Mk3CargoBay
[LOG 15:28:31.017] Load DDS texture: Squad/Parts/Utility/parachuteMk1/model000
[LOG 15:28:31.023] Load DDS texture: Squad/Parts/Utility/parachuteMk1/model001
[LOG 15:28:31.028] Load DDS texture: Squad/Parts/Utility/parachuteMk12-R/model000
[LOG 15:28:31.034] Load DDS texture: Squad/Parts/Utility/parachuteMk12-R/model001
[LOG 15:28:31.039] Load DDS texture: Squad/Parts/Utility/parachuteMk16-XL/model000
[LOG 15:28:31.049] Load DDS texture: Squad/Parts/Utility/parachuteMk16-XL/model001
[LOG 15:28:31.054] Load DDS texture: Squad/Parts/Utility/parachuteMk2-R/model000
[LOG 15:28:31.061] Load DDS texture: Squad/Parts/Utility/parachuteMk2-R/model001
[LOG 15:28:31.066] Load DDS texture: Squad/Parts/Utility/parachuteMk25/model000
[LOG 15:28:31.077] Load DDS texture: Squad/Parts/Utility/parachuteMk25/model001
[LOG 15:28:31.094] Load DDS texture: Squad/Parts/Utility/radialAttachmentPoint/model000
[LOG 15:28:31.107] Load DDS texture: Squad/Parts/Utility/radialAttachmentPoint/model001
[LOG 15:28:31.112] Load DDS texture: Squad/Parts/Utility/rcsBlockRV-105_v2/rcsBlock_diffuse
[LOG 15:28:31.113] Load DDS texture: Squad/Parts/Utility/rcsBlockRV-105_v2/rcsThrusterBlock_normal
[LOG 15:28:31.118] Load DDS texture: Squad/Parts/Utility/rcsBlockRV-105_v2/rcsThruster_emissive
[LOG 15:28:31.123] Load DDS texture: Squad/Parts/Utility/rcsBlockRV-105_v2/rcsThruster_specular
[LOG 15:28:31.129] Load DDS texture: Squad/Parts/Utility/rcsBlockRV-105_v2/RCS_Block_Diffuse
[LOG 15:28:31.135] Load DDS texture: Squad/Parts/Utility/rcsBlockRV-105_v2/RCS_Block_Emissive
[LOG 15:28:31.153] Load DDS texture: Squad/Parts/Utility/rcsBlockRV-105_v2/RCS_Block_Normal
[LOG 15:28:31.158] Load DDS texture: Squad/Parts/Utility/rcsBlockRV-105_v2/RCS_Block_Specular
[LOG 15:28:31.164] Load DDS texture: Squad/Parts/Utility/rcsSmallLinear/Assets/RCS_Linear_Base_Diffuse
[LOG 15:28:31.170] Load DDS texture: Squad/Parts/Utility/rcsSmallLinear/Assets/RCS_Linear_Diffuse
[LOG 15:28:31.177] Load DDS texture: Squad/Parts/Utility/rcsSmallLinear/Assets/RCS_Linear_Emissive
[LOG 15:28:31.182] Load DDS texture: Squad/Parts/Utility/rcsSmallLinear/Assets/RCS_Linear_Normal
[LOG 15:28:31.187] Load DDS texture: Squad/Parts/Utility/rcsSmallLinear/Assets/RCS_Linear_Specular
[LOG 15:28:31.193] Load DDS texture: Squad/Parts/Utility/RelayAntennas/DishAntenna
[LOG 15:28:31.198] Load DDS texture: Squad/Parts/Utility/RelayAntennas/MiniAntenna
[LOG 15:28:31.203] Load DDS texture: Squad/Parts/Utility/rockomaxAdapters/Assets/Rockomax_Adapters_diffuse
[LOG 15:28:31.212] Load DDS texture: Squad/Parts/Utility/rockomaxAdapters/Assets/Rockomax_Adapters_diffuse_O
[LOG 15:28:31.219] Load DDS texture: Squad/Parts/Utility/rockomaxAdapters/Assets/Rockomax_Adapters_diffuse_W
[LOG 15:28:31.225] Load DDS texture: Squad/Parts/Utility/rockomaxAdapters/Assets/Rockomax_Adapters_normal
[LOG 15:28:31.231] Load DDS texture: Squad/Parts/Utility/rockomaxAdapters/Assets/Rockomax_Adapters_normal_O
[LOG 15:28:31.237] Load DDS texture: Squad/Parts/Utility/ServiceBay/ServiceBay
[LOG 15:28:31.244] Load Cached PNG Texture: Squad/Parts/Utility/ServiceBay_v2/Assets/Scratch
[LOG 15:28:31.250] Load Cached PNG Texture: Squad/Parts/Utility/ServiceBay_v2/Assets/ServiceBay_bump
[LOG 15:28:31.255] Load Cached PNG Texture: Squad/Parts/Utility/ServiceBay_v2/Assets/ServiceBay_v2
[LOG 15:28:31.261] Load DDS texture: Squad/Parts/Utility/smallClaw/grabberSmallDiffuse
[LOG 15:28:31.270] Load DDS texture: Squad/Parts/Utility/smallClaw/grabberSmallDiffuseDark
[LOG 15:28:31.276] Load DDS texture: Squad/Parts/Utility/smallClaw/grabberSmallNRM
[LOG 15:28:31.277] Load DDS texture: Squad/Parts/Utility/smallClaw/window
[LOG 15:28:31.282] Load DDS texture: Squad/Parts/Utility/spotLightMk1/light1
[LOG 15:28:31.290] Load DDS texture: Squad/Parts/Utility/spotLightMk1/light1_em
[LOG 15:28:31.295] Load DDS texture: Squad/Parts/Utility/spotLightMk1_v2/spotLightMk1_Diffuse
[LOG 15:28:31.301] Load DDS texture: Squad/Parts/Utility/spotLightMk1_v2/spotLightMk1_Diffuse_white
[LOG 15:28:31.309] Load DDS texture: Squad/Parts/Utility/spotLightMk1_v2/spotLightMk1_Emissive
[LOG 15:28:31.325] Load DDS texture: Squad/Parts/Utility/spotLightMk1_v2/spotLightMk1_Normal
[LOG 15:28:31.331] Load DDS texture: Squad/Parts/Utility/spotLightMk2/light2
[LOG 15:28:31.338] Load DDS texture: Squad/Parts/Utility/spotLightMk2/light2_em
[LOG 15:28:31.343] Load DDS texture: Squad/Parts/Utility/spotLightMk2_v2/spotLightMk2_Diffuse
[LOG 15:28:31.351] Load DDS texture: Squad/Parts/Utility/spotLightMk2_v2/spotLightMk2_Diffuse_white
[LOG 15:28:31.356] Load DDS texture: Squad/Parts/Utility/spotLightMk2_v2/spotLightMk2_Emissive
[LOG 15:28:31.362] Load DDS texture: Squad/Parts/Utility/spotLightMk2_v2/spotLightMk2_Normal
[LOG 15:28:31.368] Load DDS texture: Squad/Parts/Utility/stackCouplers/Assets/stackCouplersDiffuse
[LOG 15:28:31.374] Load DDS texture: Squad/Parts/Utility/stackCouplers/Assets/stackCouplersDiffuse_Dark
[LOG 15:28:31.380] Load DDS texture: Squad/Parts/Utility/stackCouplers/Assets/stackCouplersDiffuse_Orange
[LOG 15:28:31.388] Load DDS texture: Squad/Parts/Utility/stackCouplers/Assets/stackCouplers_NRM
[LOG 15:28:31.394] Load DDS texture: Squad/Parts/Utility/stackCouplers/Assets/stackCouplers_Orange_NRM
[LOG 15:28:31.400] Load DDS texture: Squad/Parts/Wheel/LandingGear/Flare
[LOG 15:28:31.408] Load DDS texture: Squad/Parts/Wheel/LandingGear/LandingGear
[LOG 15:28:31.418] Load DDS texture: Squad/Parts/Wheel/LandingGear/LandingGear_Emissive
[LOG 15:28:31.424] Load DDS texture: Squad/Parts/Wheel/roverWheelM1/model000
[LOG 15:28:31.430] Load DDS texture: Squad/Parts/Wheel/roverWheelM1/roverwheel1
[LOG 15:28:31.436] Load DDS texture: Squad/Parts/Wheel/roverWheelS2/model000
[LOG 15:28:31.441] Load DDS texture: Squad/Parts/Wheel/roverWheelS2/model001
[LOG 15:28:31.446] Load DDS texture: Squad/Parts/Wheel/roverWheelS2/roverwheel2
[LOG 15:28:31.482] Load DDS texture: Squad/Parts/Wheel/roverWheelS2/roverwheel2_n
[LOG 15:28:31.487] Load DDS texture: Squad/Parts/Wheel/roverWheelTR-2L/ksp_r_medWheel_diff
[LOG 15:28:31.494] Load DDS texture: Squad/Parts/Wheel/roverWheelTR-2L/ksp_r_medWheel_normal
[LOG 15:28:31.500] Load DDS texture: Squad/Parts/Wheel/roverWheelTR-2L/ksp_r_medWheel_wheel_diff
[LOG 15:28:31.505] Load DDS texture: Squad/Parts/Wheel/roverWheelTR-2L/ksp_r_medWheel_wheel_normal
[LOG 15:28:31.512] Load DDS texture: Squad/Parts/Wheel/roverWheelXL3/mount
[LOG 15:28:31.517] Load DDS texture: Squad/Parts/Wheel/roverWheelXL3/mount_n
[LOG 15:28:31.524] Load DDS texture: Squad/Parts/Wheel/roverWheelXL3/wheel
[LOG 15:28:31.542] Load DDS texture: Squad/Parts/Wheel/roverWheelXL3/wheel_n
[LOG 15:28:31.556] Load DDS texture: Squad/Props/AltimeterThreeHands/model000
[LOG 15:28:31.562] Load DDS texture: Squad/Props/AltimeterThreeHands/model001
[LOG 15:28:31.567] Load DDS texture: Squad/Props/AtmosphereDepth/model000
[LOG 15:28:31.573] Load DDS texture: Squad/Props/AtmosphereDepth/model001
[LOG 15:28:31.578] Load DDS texture: Squad/Props/AxisIndicator/model000
[LOG 15:28:31.583] Load DDS texture: Squad/Props/buttonsGeneric/ButtonsAndSwitches
[LOG 15:28:31.590] Load DDS texture: Squad/Props/ButtonSquare/model000
[LOG 15:28:31.595] Load DDS texture: Squad/Props/circularButton/model000
[LOG 15:28:31.600] Load DDS texture: Squad/Props/Compass/model000
[LOG 15:28:31.609] Load DDS texture: Squad/Props/directionalKnob/model000
[LOG 15:28:31.614] Load DDS texture: Squad/Props/directionalKnob2/model000
[LOG 15:28:31.619] Load DDS texture: Squad/Props/IndicatorPanel/model000
[LOG 15:28:31.625] Load DDS texture: Squad/Props/IndicatorPanel/model001
[LOG 15:28:31.630] Load DDS texture: Squad/Props/IVANavBall/Arrows8dir
[LOG 15:28:31.636] Load DDS texture: Squad/Props/IVANavBall/IVANavBall
[LOG 15:28:31.648] Load DDS texture: Squad/Props/IVANavBall/IVANavBall_Glow
[LOG 15:28:31.653] Load DDS texture: Squad/Props/IVANavBall/ManeuverNode_vectors
[LOG 15:28:31.664] Load DDS texture: Squad/Props/IVANavBall/navball2
[LOG 15:28:31.670] Load DDS texture: Squad/Props/IVANavBall/navBall_DV_IVA
[LOG 15:28:31.680] Load DDS texture: Squad/Props/IVANavBall/navBall_vectors_IVA
[LOG 15:28:31.685] Load Cached PNG Texture: Squad/Props/IVANavBallNoBase/Arrows8dir
[LOG 15:28:31.690] Load Cached PNG Texture: Squad/Props/IVANavBallNoBase/IVANavBall
[LOG 15:28:31.697] Load Cached PNG Texture: Squad/Props/IVANavBallNoBase/ManeuverNode_vectors
[LOG 15:28:31.701] Load Cached PNG Texture: Squad/Props/IVANavBallNoBase/navball2
[LOG 15:28:31.709] Load Cached PNG Texture: Squad/Props/IVANavBallNoBase/navBall_DV_IVA
[LOG 15:28:31.720] Load Cached PNG Texture: Squad/Props/IVANavBallNoBase/navBall_vectors_IVA
[LOG 15:28:31.726] Load DDS texture: Squad/Props/ledPanelSpeed/circularButton
[LOG 15:28:31.730] Load DDS texture: Squad/Props/ledPanelSpeed/ledPanel
[LOG 15:28:31.736] Load DDS texture: Squad/Props/Monitor/Emissives
[LOG 15:28:31.741] Load DDS texture: Squad/Props/Monitor/Emissives_glow
[LOG 15:28:31.747] Load DDS texture: Squad/Props/Monitor/Monitor
[LOG 15:28:31.752] Load DDS texture: Squad/Props/NavBall/GaugeGee
[LOG 15:28:31.757] Load DDS texture: Squad/Props/NavBall/GaugeThrottle
[LOG 15:28:31.763] Load DDS texture: Squad/Props/NavBall/model000
[LOG 15:28:31.768] Load DDS texture: Squad/Props/NavBall/model001
[LOG 15:28:31.773] Load DDS texture: Squad/Props/NavBall/model002
[LOG 15:28:31.782] Load DDS texture: Squad/Props/NavBall/model003
[LOG 15:28:31.787] Load DDS texture: Squad/Props/PropsGeneric/propsGeneric
[LOG 15:28:31.793] Load DDS texture: Squad/Props/pullSwitch/model000
[LOG 15:28:31.798] Load DDS texture: Squad/Props/pullSwitch/model001
[LOG 15:28:31.803] Load DDS texture: Squad/Props/radarAltitude/model000
[LOG 15:28:31.809] Load DDS texture: Squad/Props/squareButton/model000
[LOG 15:28:31.816] Load DDS texture: Squad/Props/standingSwitch/model000
[LOG 15:28:31.821] Load DDS texture: Squad/Props/standingSwitch/model001
[LOG 15:28:31.826] Load DDS texture: Squad/Props/switch/model000
[LOG 15:28:31.831] Load DDS texture: Squad/Props/switchGuard/model000
[LOG 15:28:31.837] Load DDS texture: Squad/Props/switchWithGuards/model000
[LOG 15:28:31.842] Load DDS texture: Squad/Props/switchWithGuards/model001
[LOG 15:28:31.846] Load DDS texture: Squad/Props/switchWithGuards/model002
[LOG 15:28:31.852] Load DDS texture: Squad/Props/throttle/model000
[LOG 15:28:31.860] Load DDS texture: Squad/Props/throttle/model001
[LOG 15:28:31.866] Load DDS texture: Squad/Props/VSI/model000
[LOG 15:28:31.867] Load DDS texture: Squad/Spaces/crewCabinInternals/model000
[LOG 15:28:31.874] Load DDS texture: Squad/Spaces/crewCabinInternals/model001
[LOG 15:28:31.880] Load DDS texture: Squad/Spaces/crewCabinInternals/model002
[LOG 15:28:31.888] Load DDS texture: Squad/Spaces/crewCabinInternals/model003
[LOG 15:28:31.889] Load DDS texture: Squad/Spaces/crewCabinInternals/model004
[LOG 15:28:31.897] Load DDS texture: Squad/Spaces/crewCabinInternals/model005
[LOG 15:28:31.905] Load DDS texture: Squad/Spaces/cupolaInternal/ksp_l_cupola_internal_diff
[LOG 15:28:31.913] Load DDS texture: Squad/Spaces/cupolaInternal/ksp_l_cupola_internal_normal
[LOG 15:28:31.921] Load DDS texture: Squad/Spaces/cupolaInternal/ksp_l_cupola_internal_windows_alpha
[LOG 15:28:31.927] Load DDS texture: Squad/Spaces/cupolaInternal/pilot Seat
[LOG 15:28:31.932] Load DDS texture: Squad/Spaces/GenericSpace1/model000
[LOG 15:28:31.938] Load DDS texture: Squad/Spaces/GenericSpace1/model001
[LOG 15:28:31.946] Load DDS texture: Squad/Spaces/GenericSpace1/model002
[LOG 15:28:31.951] Load DDS texture: Squad/Spaces/GenericSpace1/model003
[LOG 15:28:31.957] Load DDS texture: Squad/Spaces/GenericSpace1/model004
[LOG 15:28:31.963] Load DDS texture: Squad/Spaces/GenericSpace1/model005
[LOG 15:28:31.969] Load DDS texture: Squad/Spaces/GenericSpace3/model000
[LOG 15:28:31.980] Load DDS texture: Squad/Spaces/GenericSpace3/model001
[LOG 15:28:31.986] Load DDS texture: Squad/Spaces/GenericSpace3/model002
[LOG 15:28:31.994] Load DDS texture: Squad/Spaces/GenericSpace3/model003
[LOG 15:28:32.001] Load DDS texture: Squad/Spaces/GenericSpace3/model004
[LOG 15:28:32.006] Load DDS texture: Squad/Spaces/GenericSpace3/model005
[LOG 15:28:32.011] Load DDS texture: Squad/Spaces/GenericSpace3/model006
[LOG 15:28:32.018] Load DDS texture: Squad/Spaces/GenericSpace3/model007
[LOG 15:28:32.024] Load DDS texture: Squad/Spaces/landerCabinInternals/model000
[LOG 15:28:32.030] Load DDS texture: Squad/Spaces/landerCabinInternals/model001
[LOG 15:28:32.036] Load DDS texture: Squad/Spaces/landerCabinInternals/model002
[LOG 15:28:32.042] Load DDS texture: Squad/Spaces/landerCabinInternals/model003
[LOG 15:28:32.050] Load DDS texture: Squad/Spaces/landerCabinInternals/model004
[LOG 15:28:32.061] Load DDS texture: Squad/Spaces/landerCabinInternals/model005
[LOG 15:28:32.068] Load DDS texture: Squad/Spaces/landerCabinInternals/model006
[LOG 15:28:32.069] Load DDS texture: Squad/Spaces/landerCabinInternals/model007
[LOG 15:28:32.077] Load DDS texture: Squad/Spaces/landerCabinSmallInternal/ksp_s_landerCan_internal_diff
[LOG 15:28:32.085] Load DDS texture: Squad/Spaces/landerCabinSmallInternal/ksp_s_landerCan_internal_normal
[LOG 15:28:32.093] Load DDS texture: Squad/Spaces/landerCabinSmallInternal/ksp_s_landerCan_internal_window_alpha
[LOG 15:28:32.102] Load DDS texture: Squad/Spaces/landerCabinSmallInternal/pilot Seat
[LOG 15:28:32.107] Load DDS texture: Squad/Spaces/LargeCrewedLabInternals/Glass
[LOG 15:28:32.114] Load DDS texture: Squad/Spaces/LargeCrewedLabInternals/MPL_Int
[LOG 15:28:32.119] Load DDS texture: Squad/Spaces/LargeCrewedLabInternals/MPL_Int_n_NRM
[LOG 15:28:32.126] Load DDS texture: Squad/Spaces/Mk1-3/Mk1_3_IvaProps_Diffuse
[LOG 15:28:32.134] Load DDS texture: Squad/Spaces/Mk1-3/Mk1_3_IvaProps_Normal
[LOG 15:28:32.142] Load DDS texture: Squad/Spaces/Mk1-3/Mk1_3_IvaShell_Diffuse
[LOG 15:28:32.149] Load DDS texture: Squad/Spaces/Mk1-3/Mk1_3_IvaShell_Emissive
[LOG 15:28:32.157] Load DDS texture: Squad/Spaces/Mk1-3/Mk1_3_IvaShell_Normal
[LOG 15:28:32.163] Load DDS texture: Squad/Spaces/Mk1-3/pilot Seat
[LOG 15:28:32.170] Load DDS texture: Squad/Spaces/mk1CabinInternal/Cabin_Lightmap
[LOG 15:28:32.175] Load DDS texture: Squad/Spaces/mk1CabinInternal/CockpitGeneric
[LOG 15:28:32.191] Load DDS texture: Squad/Spaces/mk1CabinInternal/CockpitGeneric_NRM
[LOG 15:28:32.192] Load DDS texture: Squad/Spaces/mk1CockpitInternal/CockpitGeneric
[LOG 15:28:32.193] Load DDS texture: Squad/Spaces/mk1CockpitInternal/CockpitGeneric_NRM
[LOG 15:28:32.198] Load DDS texture: Squad/Spaces/mk1CockpitInternal/IVAMAP
[LOG 15:28:32.205] Load DDS texture: Squad/Spaces/mk1CockpitInternal/Windows
[LOG 15:28:32.211] Load DDS texture: Squad/Spaces/mk1InlineInternal/Canopy
[LOG 15:28:32.212] Load DDS texture: Squad/Spaces/mk1InlineInternal/CockpitGeneric
[LOG 15:28:32.216] Load DDS texture: Squad/Spaces/mk1InlineInternal/CockpitGeneric_NRM
[LOG 15:28:32.221] Load DDS texture: Squad/Spaces/mk1InlineInternal/Mk1Inline_Lightmap
[LOG 15:28:32.226] Load DDS texture: Squad/Spaces/mk1PodCockpit/model000
[LOG 15:28:32.233] Load DDS texture: Squad/Spaces/mk1PodCockpit/model001
[LOG 15:28:32.238] Load DDS texture: Squad/Spaces/mk1PodCockpit/model002
[LOG 15:28:32.244] Load DDS texture: Squad/Spaces/mk1PodCockpit/model003
[LOG 15:28:32.251] Load DDS texture: Squad/Spaces/mk1PodCockpit/model004
[LOG 15:28:32.263] Load DDS texture: Squad/Spaces/mk1PodCockpit/model005
[LOG 15:28:32.269] Load DDS texture: Squad/Spaces/mk1PodCockpit/model006
[LOG 15:28:32.270] Load DDS texture: Squad/Spaces/mk1PodCockpit/model007
[LOG 15:28:32.277] Load DDS texture: Squad/Spaces/mk1pod_IVA/mk1pod_iva_props_diffuse
[LOG 15:28:32.285] Load DDS texture: Squad/Spaces/mk1pod_IVA/mk1pod_iva_props_emissive
[LOG 15:28:32.292] Load DDS texture: Squad/Spaces/mk1pod_IVA/mk1pod_iva_props_normal
[LOG 15:28:32.301] Load DDS texture: Squad/Spaces/mk1pod_IVA/mk1pod_iva_shell_diffuse
[LOG 15:28:32.309] Load DDS texture: Squad/Spaces/mk1pod_IVA/mk1pod_iva_shell_normal
[LOG 15:28:32.317] Load MBM texture: Squad/Spaces/mk1pod_IVA/pilot Seat
[LOG 15:28:32.363] Load DDS texture: Squad/Spaces/mk2CockpitStandardInternal/CargoBagA
[LOG 15:28:32.363] Load DDS texture: Squad/Spaces/mk2CockpitStandardInternal/Mk2StandardIVA
[LOG 15:28:32.363] Load DDS texture: Squad/Spaces/mk2CockpitStandardInternal/Pilotseat
[LOG 15:28:32.364] Load DDS texture: Squad/Spaces/mk2CockpitStandardInternal/Windows
[LOG 15:28:32.364] Load DDS texture: Squad/Spaces/Mk2CrewCabinInternal/CargoBagA
[LOG 15:28:32.364] Load DDS texture: Squad/Spaces/Mk2CrewCabinInternal/Glass
[LOG 15:28:32.364] Load DDS texture: Squad/Spaces/Mk2CrewCabinInternal/Mk2StandardIVA
[LOG 15:28:32.365] Load DDS texture: Squad/Spaces/Mk2CrewCabinInternal/Pilotseat
[LOG 15:28:32.368] Load DDS texture: Squad/Spaces/mk2InlineInternal/CockpitGeneric
[LOG 15:28:32.377] Load DDS texture: Squad/Spaces/mk2InlineInternal/CockpitGeneric_NRM
[LOG 15:28:32.382] Load DDS texture: Squad/Spaces/mk2InlineInternal/Mk2InlineLightmap
[LOG 15:28:32.389] Load DDS texture: Squad/Spaces/mk2InlineInternal/propsGeneric
[LOG 15:28:32.397] Load DDS texture: Squad/Spaces/mk2LanderCanInternal/mk2LanderCan_props_diffuse
[LOG 15:28:32.404] Load DDS texture: Squad/Spaces/mk2LanderCanInternal/mk2LanderCan_props_normal
[LOG 15:28:32.415] Load DDS texture: Squad/Spaces/mk2LanderCanInternal/mk2LanderCan_shell_diffuse
[LOG 15:28:32.426] Load DDS texture: Squad/Spaces/mk2LanderCanInternal/mk2LanderCan_shell_normal
[LOG 15:28:32.434] Load MBM texture: Squad/Spaces/mk2LanderCanInternal/pilot Seat
[LOG 15:28:32.474] Load DDS texture: Squad/Spaces/MK3CockpitInternal/Glass
[LOG 15:28:32.475] Load DDS texture: Squad/Spaces/MK3CockpitInternal/Mk2StandardIVA
[LOG 15:28:32.475] Load DDS texture: Squad/Spaces/MK3_CrewCab_Int/Glass
[LOG 15:28:32.475] Load DDS texture: Squad/Spaces/MK3_CrewCab_Int/GlassMK3CC
[LOG 15:28:32.475] Load DDS texture: Squad/Spaces/MK3_CrewCab_Int/Mk2StandardIVA
[LOG 15:28:32.476] Load DDS texture: Squad/Spaces/MK3_CrewCab_Int/MK3_CrewCab_Int
[LOG 15:28:32.477] Load DDS texture: Squad/Spaces/MK3_CrewCab_Int/MK3_CrewCab_Int_n
[LOG 15:28:32.480] Load DDS texture: Squad/Spaces/MK3_CrewCab_Int/Pilotseat
[LOG 15:28:32.486] Load DDS texture: Squad/Spaces/Placeholder/PlaceholderIVA
[LOG 15:28:32.491] Load DDS texture: Squad/Spaces/PodCockpit/model000
[LOG 15:28:32.497] Load DDS texture: Squad/Spaces/PodCockpit/model001
[LOG 15:28:32.502] Load DDS texture: Squad/Spaces/PodCockpit/model002
[LOG 15:28:32.508] Load DDS texture: Squad/Spaces/PodCockpit/model003
[LOG 15:28:32.514] Load DDS texture: Squad/Spaces/PodCockpit/model004
[LOG 15:28:32.520] Load DDS texture: Squad/Spaces/PodCockpit/model005
[LOG 15:28:32.526] Load DDS texture: Squad/Spaces/PodCockpit/model006
[LOG 15:28:32.532] Load DDS texture: Squad/Spaces/PodCockpit/model007
[LOG 15:28:32.537] Load DDS texture: Squad/Spaces/sharedAssets/CockpitGeneric
[LOG 15:28:32.544] Load DDS texture: Squad/Spaces/sharedAssets/CockpitGeneric_NRM
[LOG 15:28:32.550] Load Cached PNG Texture: Squad/Strategies/Icons/AggressiveNegotiations
[LOG 15:28:32.555] Load Cached PNG Texture: Squad/Strategies/Icons/AppreciationCampaign
[LOG 15:28:32.560] Load Cached PNG Texture: Squad/Strategies/Icons/BailOutGrant
[LOG 15:28:32.565] Load Cached PNG Texture: Squad/Strategies/Icons/FundraisingCampaign
[LOG 15:28:32.570] Load Cached PNG Texture: Squad/Strategies/Icons/LeadershipInitiative
[LOG 15:28:32.575] Load Cached PNG Texture: Squad/Strategies/Icons/OpenSourceTechProgram
[LOG 15:28:32.581] Load Cached PNG Texture: Squad/Strategies/Icons/OutsourcedResearch
[LOG 15:28:32.592] Load Cached PNG Texture: Squad/Strategies/Icons/PatentsLicensing
[LOG 15:28:32.597] Load Cached PNG Texture: Squad/Strategies/Icons/RecoveryTransponderFitting
[LOG 15:28:32.601] Load Cached PNG Texture: Squad/Strategies/Icons/ResearchRightsSellOut
[LOG 15:28:32.610] Load Cached PNG Texture: Squad/Strategies/Icons/UnpaidResearchProgram
[LOG 15:28:32.615] Load Cached PNG Texture: Squad/Tutorials/ChuteColors
[LOG 15:28:32.620] Load DDS texture: Squad/Tutorials/EditorCoM
[LOG 15:28:32.625] Load Cached PNG Texture: Squad/Tutorials/EditorSnap
[LOG 15:28:32.630] Load Cached PNG Texture: Squad/Tutorials/EditorSnap4x
[LOG 15:28:32.639] Load Cached PNG Texture: Squad/Tutorials/EditorSymm
[LOG 15:28:32.644] Load Cached PNG Texture: Squad/Tutorials/StagingStack
[LOG 15:28:32.648] Load PNG texture: Squad/Tutorials/YPRDiagram
[WRN 15:28:32.649] Texture isn't eligible for DXT compression, width and height must be multiples of 4
[LOG 15:28:32.654] Load Cached PNG Texture: SquadExpansion/MakingHistory/Banners/Fail/default
[LOG 15:28:32.661] Load Cached PNG Texture: SquadExpansion/MakingHistory/Banners/Fail/fail01
[LOG 15:28:32.667] Load Cached PNG Texture: SquadExpansion/MakingHistory/Banners/Fail/fail02
[LOG 15:28:32.671] Load PNG texture: SquadExpansion/MakingHistory/Banners/Menu/default
[WRN 15:28:32.674] Texture isn't eligible for DXT compression, width and height must be multiples of 4
[LOG 15:28:32.677] Load PNG texture: SquadExpansion/MakingHistory/Banners/Menu/MBanner_01
[WRN 15:28:32.681] Texture isn't eligible for DXT compression, width and height must be multiples of 4
[LOG 15:28:32.681] Load PNG texture: SquadExpansion/MakingHistory/Banners/Menu/MBanner_02
[WRN 15:28:32.686] Texture isn't eligible for DXT compression, width and height must be multiples of 4
[LOG 15:28:32.688] Load PNG texture: SquadExpansion/MakingHistory/Banners/Menu/MBanner_03
[WRN 15:28:32.692] Texture isn't eligible for DXT compression, width and height must be multiples of 4
[LOG 15:28:32.694] Load Cached PNG Texture: SquadExpansion/MakingHistory/Banners/Success/default
[LOG 15:28:32.701] Load Cached PNG Texture: SquadExpansion/MakingHistory/Banners/Success/success01
[LOG 15:28:32.705] Load Cached PNG Texture: SquadExpansion/MakingHistory/Banners/Success/success02
[LOG 15:28:32.711] Load Cached PNG Texture: SquadExpansion/MakingHistory/Missions/Acapello 13/Banners/Fail/fail01
[LOG 15:28:32.716] Load PNG texture: SquadExpansion/MakingHistory/Missions/Acapello 13/Banners/Menu/Mun
[WRN 15:28:32.718] Texture isn't eligible for DXT compression, width and height must be multiples of 4
[LOG 15:28:32.722] Load Cached PNG Texture: SquadExpansion/MakingHistory/Missions/Acapello 13/Banners/Success/success01
[LOG 15:28:32.727] Load Cached PNG Texture: SquadExpansion/MakingHistory/Missions/Acapello 15/Banners/Fail/default
[LOG 15:28:32.732] Load Cached PNG Texture: SquadExpansion/MakingHistory/Missions/Acapello 15/Banners/Fail/fail02
[LOG 15:28:32.737] Load PNG texture: SquadExpansion/MakingHistory/Missions/Acapello 15/Banners/Menu/default
[WRN 15:28:32.740] Texture isn't eligible for DXT compression, width and height must be multiples of 4
[LOG 15:28:32.743] Load Cached PNG Texture: SquadExpansion/MakingHistory/Missions/Acapello 15/Banners/Success/default
[LOG 15:28:32.749] Load Cached PNG Texture: SquadExpansion/MakingHistory/Missions/Blue Mun/Banners/Fail/fail01
[LOG 15:28:32.753] Load PNG texture: SquadExpansion/MakingHistory/Missions/Blue Mun/Banners/Menu/default
[WRN 15:28:32.756] Texture isn't eligible for DXT compression, width and height must be multiples of 4
[LOG 15:28:32.759] Load Cached PNG Texture: SquadExpansion/MakingHistory/Missions/Blue Mun/Banners/Success/success02
[LOG 15:28:32.764] Load Cached PNG Texture: SquadExpansion/MakingHistory/Missions/Dawn of the Space Age/Banners/Fail/default
[LOG 15:28:32.771] Load PNG texture: SquadExpansion/MakingHistory/Missions/Dawn of the Space Age/Banners/Menu/default
[WRN 15:28:32.774] Texture isn't eligible for DXT compression, width and height must be multiples of 4
[LOG 15:28:32.776] Load Cached PNG Texture: SquadExpansion/MakingHistory/Missions/Dawn of the Space Age/Banners/Success/default
[LOG 15:28:32.781] Load Cached PNG Texture: SquadExpansion/MakingHistory/Missions/Meet Me in Zero G/Banners/Fail/default
[LOG 15:28:32.786] Load Cached PNG Texture: SquadExpansion/MakingHistory/Missions/Meet Me in Zero G/Banners/Fail/fail01
[LOG 15:28:32.791] Load PNG texture: SquadExpansion/MakingHistory/Missions/Meet Me in Zero G/Banners/Menu/default
[WRN 15:28:32.794] Texture isn't eligible for DXT compression, width and height must be multiples of 4
[LOG 15:28:32.797] Load Cached PNG Texture: SquadExpansion/MakingHistory/Missions/Meet Me in Zero G/Banners/Success/default
[LOG 15:28:32.804] Load Cached PNG Texture: SquadExpansion/MakingHistory/Missions/Meet Me in Zero G/Banners/Success/success02
[LOG 15:28:32.809] Load Cached PNG Texture: SquadExpansion/MakingHistory/Missions/Munar 1/Banners/Fail/default
[LOG 15:28:32.818] Load Cached PNG Texture: SquadExpansion/MakingHistory/Missions/Munar 1/Banners/Fail/fail02
[LOG 15:28:32.822] Load PNG texture: SquadExpansion/MakingHistory/Missions/Munar 1/Banners/Menu/default
[WRN 15:28:32.825] Texture isn't eligible for DXT compression, width and height must be multiples of 4
[LOG 15:28:32.828] Load Cached PNG Texture: SquadExpansion/MakingHistory/Missions/Munar 1/Banners/Success/default
[LOG 15:28:32.833] Load Cached PNG Texture: SquadExpansion/MakingHistory/Missions/Munar 1/Banners/Success/success01
[LOG 15:28:32.838] Load Cached PNG Texture: SquadExpansion/MakingHistory/Missions/Sally-Hut 1/Banners/Fail/default
[LOG 15:28:32.847] Load Cached PNG Texture: SquadExpansion/MakingHistory/Missions/Sally-Hut 1/Banners/Fail/fail01
[LOG 15:28:32.852] Load Cached PNG Texture: SquadExpansion/MakingHistory/Missions/Sally-Hut 1/Banners/Menu/bannerSatellite
[LOG 15:28:32.857] Load Cached PNG Texture: SquadExpansion/MakingHistory/Missions/Sally-Hut 1/Banners/Success/default
[LOG 15:28:32.863] Load Cached PNG Texture: SquadExpansion/MakingHistory/Missions/Sally-Hut 1/Banners/Success/success02
[LOG 15:28:32.868] Load Cached PNG Texture: SquadExpansion/MakingHistory/Missions/To the Mun Via Minmus/Banners/Fail/fail02
[LOG 15:28:32.873] Load PNG texture: SquadExpansion/MakingHistory/Missions/To the Mun Via Minmus/Banners/Menu/MissionBannerKerbin
[WRN 15:28:32.876] Texture isn't eligible for DXT compression, width and height must be multiples of 4
[LOG 15:28:32.881] Load Cached PNG Texture: SquadExpansion/MakingHistory/Missions/To the Mun Via Minmus/Banners/Success/success01
[LOG 15:28:32.886] Load Cached PNG Texture: SquadExpansion/MakingHistory/Missions/Trouble in the Void/Banners/Fail/fail01
[LOG 15:28:32.891] Load PNG texture: SquadExpansion/MakingHistory/Missions/Trouble in the Void/Banners/Menu/default
[WRN 15:28:32.894] Texture isn't eligible for DXT compression, width and height must be multiples of 4
[LOG 15:28:32.898] Load Cached PNG Texture: SquadExpansion/MakingHistory/Missions/Trouble in the Void/Banners/Success/success02
[LOG 15:28:32.905] Load Cached PNG Texture: SquadExpansion/MakingHistory/Missions/Ziggy Kerman and the Spiders from Duna/Banners/Fail/fail02
[LOG 15:28:32.911] Load Cached PNG Texture: SquadExpansion/MakingHistory/Missions/Ziggy Kerman and the Spiders from Duna/Banners/Menu/bannerSatellite
[LOG 15:28:32.916] Load Cached PNG Texture: SquadExpansion/MakingHistory/Missions/Ziggy Kerman and the Spiders from Duna/Banners/Success/success01
[LOG 15:28:32.924] Load Cached PNG Texture: SquadExpansion/MakingHistory/Parts/@thumbs/Decoupler.1p5_icon0
[LOG 15:28:32.933] Load Cached PNG Texture: SquadExpansion/MakingHistory/Parts/@thumbs/Decoupler.1p5_icon1
[LOG 15:28:32.964] Load Cached PNG Texture: SquadExpansion/MakingHistory/Parts/@thumbs/EquiTriangle0_icon0
[LOG 15:28:32.976] Load Cached PNG Texture: SquadExpansion/MakingHistory/Parts/@thumbs/EquiTriangle0_icon1
[LOG 15:28:32.983] Load Cached PNG Texture: SquadExpansion/MakingHistory/Parts/@thumbs/EquiTriangle0_icon2
[LOG 15:28:32.995] Load Cached PNG Texture: SquadExpansion/MakingHistory/Parts/@thumbs/EquiTriangle0_icon3
[LOG 15:28:33.013] Load Cached PNG Texture: SquadExpansion/MakingHistory/Parts/@thumbs/EquiTriangle1p5_icon0
[LOG 15:28:33.020] Load Cached PNG Texture: SquadExpansion/MakingHistory/Parts/@thumbs/EquiTriangle1p5_icon1
[LOG 15:28:33.027] Load Cached PNG Texture: SquadExpansion/MakingHistory/Parts/@thumbs/EquiTriangle1p5_icon2
[LOG 15:28:33.034] Load Cached PNG Texture: SquadExpansion/MakingHistory/Parts/@thumbs/EquiTriangle1p5_icon3
[LOG 15:28:33.041] Load Cached PNG Texture: SquadExpansion/MakingHistory/Parts/@thumbs/EquiTriangle1_icon0
[LOG 15:28:33.052] Load Cached PNG Texture: SquadExpansion/MakingHistory/Parts/@thumbs/EquiTriangle1_icon1
[LOG 15:28:33.060] Load Cached PNG Texture: SquadExpansion/MakingHistory/Parts/@thumbs/EquiTriangle1_icon2
[LOG 15:28:33.085] Load Cached PNG Texture: SquadExpansion/MakingHistory/Parts/@thumbs/EquiTriangle1_icon3
[LOG 15:28:33.093] Load Cached PNG Texture: SquadExpansion/MakingHistory/Parts/@thumbs/EquiTriangle2_icon0
[LOG 15:28:33.106] Load Cached PNG Texture: SquadExpansion/MakingHistory/Parts/@thumbs/EquiTriangle2_icon1
[LOG 15:28:33.113] Load Cached PNG Texture: SquadExpansion/MakingHistory/Parts/@thumbs/EquiTriangle2_icon2
[LOG 15:28:33.122] Load Cached PNG Texture: SquadExpansion/MakingHistory/Parts/@thumbs/EquiTriangle2_icon3
[LOG 15:28:33.128] Load Cached PNG Texture: SquadExpansion/MakingHistory/Parts/@thumbs/HeatShield1p5_icon
[LOG 15:28:33.136] Load Cached PNG Texture: SquadExpansion/MakingHistory/Parts/@thumbs/InflatableAirlock_icon
[LOG 15:28:33.148] Load Cached PNG Texture: SquadExpansion/MakingHistory/Parts/@thumbs/LiquidEngineRV-1_icon
[LOG 15:28:33.154] Load Cached PNG Texture: SquadExpansion/MakingHistory/Parts/@thumbs/monopropMiniSphere_icon
[LOG 15:28:33.164] Load Cached PNG Texture: SquadExpansion/MakingHistory/Parts/@thumbs/Panel0_icon0
[LOG 15:28:33.170] Load Cached PNG Texture: SquadExpansion/MakingHistory/Parts/@thumbs/Panel0_icon1
[LOG 15:28:33.180] Load Cached PNG Texture: SquadExpansion/MakingHistory/Parts/@thumbs/Panel0_icon2
[LOG 15:28:33.187] Load Cached PNG Texture: SquadExpansion/MakingHistory/Parts/@thumbs/Panel0_icon3
[LOG 15:28:33.193] Load Cached PNG Texture: SquadExpansion/MakingHistory/Parts/@thumbs/Panel1p5_icon0
[LOG 15:28:33.208] Load Cached PNG Texture: SquadExpansion/MakingHistory/Parts/@thumbs/Panel1p5_icon1
[LOG 15:28:33.215] Load Cached PNG Texture: SquadExpansion/MakingHistory/Parts/@thumbs/Panel1p5_icon2
[LOG 15:28:33.222] Load Cached PNG Texture: SquadExpansion/MakingHistory/Parts/@thumbs/Panel1p5_icon3
[LOG 15:28:33.229] Load Cached PNG Texture: SquadExpansion/MakingHistory/Parts/@thumbs/Panel1_icon0
[LOG 15:28:33.238] Load Cached PNG Texture: SquadExpansion/MakingHistory/Parts/@thumbs/Panel1_icon1
[LOG 15:28:33.245] Load Cached PNG Texture: SquadExpansion/MakingHistory/Parts/@thumbs/Panel1_icon2
[LOG 15:28:33.251] Load Cached PNG Texture: SquadExpansion/MakingHistory/Parts/@thumbs/Panel1_icon3
[LOG 15:28:33.257] Load Cached PNG Texture: SquadExpansion/MakingHistory/Parts/@thumbs/roverWheelM1-F_icon0
[LOG 15:28:33.263] Load Cached PNG Texture: SquadExpansion/MakingHistory/Parts/@thumbs/roverWheelM1-F_icon1
[LOG 15:28:33.270] Load Cached PNG Texture: SquadExpansion/MakingHistory/Parts/@thumbs/Separator.1p5_icon0
[LOG 15:28:33.281] Load Cached PNG Texture: SquadExpansion/MakingHistory/Parts/@thumbs/Separator.1p5_icon1
[LOG 15:28:33.287] Load Cached PNG Texture: SquadExpansion/MakingHistory/Parts/@thumbs/Size.1.5.Cone_icon0
[LOG 15:28:33.294] Load Cached PNG Texture: SquadExpansion/MakingHistory/Parts/@thumbs/Size1p5.Strut.Decoupler_icon0
[LOG 15:28:33.300] Load Cached PNG Texture: SquadExpansion/MakingHistory/Parts/@thumbs/Size1p5.Strut.Decoupler_icon1
[LOG 15:28:33.306] Load Cached PNG Texture: SquadExpansion/MakingHistory/Parts/@thumbs/Size1to0ServiceModule_icon
[LOG 15:28:33.314] Load Cached PNG Texture: SquadExpansion/MakingHistory/Parts/@thumbs/Triangle0_icon0
[LOG 15:28:33.322] Load Cached PNG Texture: SquadExpansion/MakingHistory/Parts/@thumbs/Triangle0_icon1
[LOG 15:28:33.329] Load Cached PNG Texture: SquadExpansion/MakingHistory/Parts/@thumbs/Triangle0_icon2
[LOG 15:28:33.338] Load Cached PNG Texture: SquadExpansion/MakingHistory/Parts/@thumbs/Triangle0_icon3
[LOG 15:28:33.351] Load Cached PNG Texture: SquadExpansion/MakingHistory/Parts/@thumbs/Triangle1p5_icon0
[LOG 15:28:33.358] Load Cached PNG Texture: SquadExpansion/MakingHistory/Parts/@thumbs/Triangle1p5_icon1
[LOG 15:28:33.365] Load Cached PNG Texture: SquadExpansion/MakingHistory/Parts/@thumbs/Triangle1p5_icon2
[LOG 15:28:33.372] Load Cached PNG Texture: SquadExpansion/MakingHistory/Parts/@thumbs/Triangle1p5_icon3
[LOG 15:28:33.381] Load Cached PNG Texture: SquadExpansion/MakingHistory/Parts/@thumbs/Triangle1_icon0
[LOG 15:28:33.388] Load Cached PNG Texture: SquadExpansion/MakingHistory/Parts/@thumbs/Triangle1_icon1
[LOG 15:28:33.395] Load Cached PNG Texture: SquadExpansion/MakingHistory/Parts/@thumbs/Triangle1_icon2
[LOG 15:28:33.403] Load Cached PNG Texture: SquadExpansion/MakingHistory/Parts/@thumbs/Triangle1_icon3
[LOG 15:28:33.410] Load Cached PNG Texture: SquadExpansion/MakingHistory/Parts/@thumbs/Triangle2_icon0
[LOG 15:28:33.431] Load Cached PNG Texture: SquadExpansion/MakingHistory/Parts/@thumbs/Triangle2_icon1
[LOG 15:28:33.439] Load Cached PNG Texture: SquadExpansion/MakingHistory/Parts/@thumbs/Triangle2_icon2
[LOG 15:28:33.445] Load Cached PNG Texture: SquadExpansion/MakingHistory/Parts/@thumbs/Triangle2_icon3
[LOG 15:28:33.454] Load Cached PNG Texture: SquadExpansion/MakingHistory/Parts/@thumbs/Tube1_icon0
[LOG 15:28:33.462] Load Cached PNG Texture: SquadExpansion/MakingHistory/Parts/@thumbs/Tube1_icon1
[LOG 15:28:33.474] Load Cached PNG Texture: SquadExpansion/MakingHistory/Parts/@thumbs/Tube1_icon2
[LOG 15:28:33.481] Load Cached PNG Texture: SquadExpansion/MakingHistory/Parts/@thumbs/Tube1_icon3
[LOG 15:28:33.488] Load Cached PNG Texture: SquadExpansion/MakingHistory/Parts/@thumbs/Tube1_icon4
[LOG 15:28:33.499] Load Cached PNG Texture: SquadExpansion/MakingHistory/Parts/Aero/protectiveRocketNoseMk5A/s1p5_cone
[LOG 15:28:33.510] Load Cached PNG Texture: SquadExpansion/MakingHistory/Parts/Aero/protectiveRocketNoseMk5A/s1p5_cone_Orange
[LOG 15:28:33.516] Load DDS texture: SquadExpansion/MakingHistory/Parts/Coupling/Assets/airlock
[LOG 15:28:33.521] Load DDS texture: SquadExpansion/MakingHistory/Parts/Coupling/Assets/airlock_N
[LOG 15:28:33.527] Load DDS texture: SquadExpansion/MakingHistory/Parts/Coupling/Assets/EnginePlate
[LOG 15:28:33.532] Load DDS texture: SquadExpansion/MakingHistory/Parts/Coupling/Assets/Size1_5_Decoupler_grey
[LOG 15:28:33.538] Load DDS texture: SquadExpansion/MakingHistory/Parts/Coupling/Assets/Size1_5_Decoupler_orange
[LOG 15:28:33.545] Load DDS texture: SquadExpansion/MakingHistory/Parts/Engine/Assets/KE-1
[LOG 15:28:33.551] Load DDS texture: SquadExpansion/MakingHistory/Parts/Engine/Assets/KE-1_BASE
[LOG 15:28:33.557] Load DDS texture: SquadExpansion/MakingHistory/Parts/Engine/Assets/LV-T87
[LOG 15:28:33.563] Load DDS texture: SquadExpansion/MakingHistory/Parts/Engine/Assets/LV-T91
[LOG 15:28:33.569] Load DDS texture: SquadExpansion/MakingHistory/Parts/Engine/Assets/RE-I2
[LOG 15:28:33.576] Load DDS texture: SquadExpansion/MakingHistory/Parts/Engine/Assets/RE-J10
[LOG 15:28:33.582] Load DDS texture: SquadExpansion/MakingHistory/Parts/Engine/Assets/RE-J10_N
[LOG 15:28:33.588] Load DDS texture: SquadExpansion/MakingHistory/Parts/Engine/Assets/RK-7
[LOG 15:28:33.595] Load DDS texture: SquadExpansion/MakingHistory/Parts/Engine/Assets/RK-7_N
[LOG 15:28:33.605] Load DDS texture: SquadExpansion/MakingHistory/Parts/Engine/solidBoosterTHK/SolidBoosterS2-17_emissive
[LOG 15:28:33.613] Load DDS texture: SquadExpansion/MakingHistory/Parts/Engine/solidBoosterTHK/solidBoosterTHK_diffuse
[LOG 15:28:33.621] Load DDS texture: SquadExpansion/MakingHistory/Parts/FuelTank/Assets/Size1p5_02
[LOG 15:28:33.627] Load DDS texture: SquadExpansion/MakingHistory/Parts/FuelTank/Assets/Size1p5_02_ALT01
[LOG 15:28:33.633] Load DDS texture: SquadExpansion/MakingHistory/Parts/FuelTank/Assets/Size1p5_02_ALT02
[LOG 15:28:33.639] Load DDS texture: SquadExpansion/MakingHistory/Parts/FuelTank/Assets/Size1p5_02_ALT02_normal
[LOG 15:28:33.644] Load DDS texture: SquadExpansion/MakingHistory/Parts/FuelTank/Assets/Size1p5_mono
[LOG 15:28:33.657] Load DDS texture: SquadExpansion/MakingHistory/Parts/FuelTank/Assets/Size1p5_mono_2
[LOG 15:28:33.663] Load DDS texture: SquadExpansion/MakingHistory/Parts/FuelTank/Assets/Size1p5_mono_N
[LOG 15:28:33.669] Load DDS texture: SquadExpansion/MakingHistory/Parts/FuelTank/Assets/Size1_5_TankAdapters
[LOG 15:28:33.674] Load DDS texture: SquadExpansion/MakingHistory/Parts/FuelTank/Assets/Size1_5_TankAdapters_ALT01
[LOG 15:28:33.681] Load DDS texture: SquadExpansion/MakingHistory/Parts/FuelTank/Assets/Size1_5_TankAdapters_ALT02
[LOG 15:28:33.687] Load DDS texture: SquadExpansion/MakingHistory/Parts/FuelTank/Assets/Size1_5_TankAdapters_ALT02nm
[LOG 15:28:33.694] Load DDS texture: SquadExpansion/MakingHistory/Parts/FuelTank/Assets/Size1_5_TankAdapters_N
[LOG 15:28:33.700] Load DDS texture: SquadExpansion/MakingHistory/Parts/FuelTank/Assets/Size1_5_Tanks
[LOG 15:28:33.707] Load DDS texture: SquadExpansion/MakingHistory/Parts/FuelTank/Assets/Size1_5_Tanks_ALT02
[LOG 15:28:33.713] Load DDS texture: SquadExpansion/MakingHistory/Parts/FuelTank/Assets/Size1_5_Tanks_ALT02_nm
[LOG 15:28:33.719] Load DDS texture: SquadExpansion/MakingHistory/Parts/FuelTank/Assets/Size1_5_Tanks_grey
[LOG 15:28:33.726] Load DDS texture: SquadExpansion/MakingHistory/Parts/FuelTank/Assets/Size4_Tanks
[LOG 15:28:33.735] Load DDS texture: SquadExpansion/MakingHistory/Parts/FuelTank/Assets/Size4_Tanks_N
[LOG 15:28:33.748] Load DDS texture: SquadExpansion/MakingHistory/Parts/Ground/Assets/RoverWheel
[LOG 15:28:33.753] Load DDS texture: SquadExpansion/MakingHistory/Parts/Ground/Assets/RoverWheelG
[LOG 15:28:33.759] Load DDS texture: SquadExpansion/MakingHistory/Parts/Payload/Assets/Size1to0ServiceBay
[LOG 15:28:33.766] Load DDS texture: SquadExpansion/MakingHistory/Parts/Payload/Assets/Size1to0ServiceBay_n
[LOG 15:28:33.773] Load DDS texture: SquadExpansion/MakingHistory/Parts/Payload/Assets/SM18_diffuse
[LOG 15:28:33.785] Load Cached PNG Texture: SquadExpansion/MakingHistory/Parts/Payload/Assets/SM18_NRM
[LOG 15:28:33.794] Load DDS texture: SquadExpansion/MakingHistory/Parts/Payload/Assets/SM18_specular
[LOG 15:28:33.805] Load DDS texture: SquadExpansion/MakingHistory/Parts/Payload/Assets/SM25_diffuse
[LOG 15:28:33.808] Load DDS texture: SquadExpansion/MakingHistory/Parts/Payload/Assets/SM25_normals
[LOG 15:28:33.813] Load DDS texture: SquadExpansion/MakingHistory/Parts/Pods/Assets/KV1
[LOG 15:28:33.819] Load DDS texture: SquadExpansion/MakingHistory/Parts/Pods/Assets/KV1_GLOW
[LOG 15:28:33.825] Load DDS texture: SquadExpansion/MakingHistory/Parts/Pods/Assets/KV2
[LOG 15:28:33.831] Load DDS texture: SquadExpansion/MakingHistory/Parts/Pods/Assets/KV3
[LOG 15:28:33.838] Load DDS texture: SquadExpansion/MakingHistory/Parts/Pods/Assets/Mk2Pod
[LOG 15:28:33.845] Load DDS texture: SquadExpansion/MakingHistory/Parts/Pods/Assets/Mk2Pod_GLOW
[LOG 15:28:33.850] Load DDS texture: SquadExpansion/MakingHistory/Parts/Pods/Assets/Mk2Pod_n
[LOG 15:28:33.860] Load DDS texture: SquadExpansion/MakingHistory/Parts/Pods/Assets/Size1_5_Lander
[LOG 15:28:33.868] Load DDS texture: SquadExpansion/MakingHistory/Parts/Pods/Assets/Size1_5_Lander_GLOW
[LOG 15:28:33.874] Load DDS texture: SquadExpansion/MakingHistory/Parts/SharedAssets/Shrouds
[LOG 15:28:33.881] Load DDS texture: SquadExpansion/MakingHistory/Parts/SharedAssets/Shrouds_N
[LOG 15:28:33.888] Load DDS texture: SquadExpansion/MakingHistory/Parts/Structural/Assets/NormalMap
[LOG 15:28:33.894] Load DDS texture: SquadExpansion/MakingHistory/Parts/Structural/Assets/Panels
[LOG 15:28:33.904] Load DDS texture: SquadExpansion/MakingHistory/Parts/Structural/Assets/Panels_Dark_D
[LOG 15:28:33.911] Load DDS texture: SquadExpansion/MakingHistory/Parts/Structural/Assets/Panels_Gold_D
[LOG 15:28:33.923] Load Cached PNG Texture: SquadExpansion/MakingHistory/Parts/Structural/Assets/Panels_Gold_NRM
[LOG 15:28:33.929] Load DDS texture: SquadExpansion/MakingHistory/Parts/Structural/Assets/Panels_Gold_S
[LOG 15:28:33.936] Load DDS texture: SquadExpansion/MakingHistory/Parts/Structural/Assets/Panels_Silver_D
[LOG 15:28:33.943] Load DDS texture: SquadExpansion/MakingHistory/Parts/Structural/Assets/Panels_Silver_S
[LOG 15:28:33.949] Load Cached PNG Texture: SquadExpansion/MakingHistory/Ships/@thumbs/VAB/Acapello
[LOG 15:28:33.955] Load Cached PNG Texture: SquadExpansion/MakingHistory/Ships/@thumbs/VAB/Beta Centaurus
[LOG 15:28:33.960] Load Cached PNG Texture: SquadExpansion/MakingHistory/Ships/@thumbs/VAB/Goliath II HLV
[LOG 15:28:33.967] Load Cached PNG Texture: SquadExpansion/MakingHistory/Ships/@thumbs/VAB/Muna 1
[LOG 15:28:33.974] Load Cached PNG Texture: SquadExpansion/MakingHistory/Ships/@thumbs/VAB/Sally-Hut 1
[LOG 15:28:33.981] Load Cached PNG Texture: SquadExpansion/MakingHistory/Ships/@thumbs/VAB/SWM-94 Communications Satellite
[LOG 15:28:33.987] Load Cached PNG Texture: SquadExpansion/MakingHistory/Ships/@thumbs/VAB/Valshkod 2
[LOG 15:28:33.993] Load DDS texture: SquadExpansion/MakingHistory/Spaces/KVPods/airlock
[LOG 15:28:34.001] Load DDS texture: SquadExpansion/MakingHistory/Spaces/KVPods/airlock_N
[LOG 15:28:34.008] Load DDS texture: SquadExpansion/MakingHistory/Spaces/KVPods/KV1_Props_Diffuse
[LOG 15:28:34.017] Load DDS texture: SquadExpansion/MakingHistory/Spaces/KVPods/KV1_Props_Normal
[LOG 15:28:34.025] Load DDS texture: SquadExpansion/MakingHistory/Spaces/KVPods/KV1_Shell_Diffuse
[LOG 15:28:34.033] Load DDS texture: SquadExpansion/MakingHistory/Spaces/KVPods/KV1_Shell_Emissive
[LOG 15:28:34.041] Load DDS texture: SquadExpansion/MakingHistory/Spaces/KVPods/KV1_Shell_Normal
[LOG 15:28:34.047] Load DDS texture: SquadExpansion/MakingHistory/Spaces/KVPods/KV1_Vzor_Diffuse
[LOG 15:28:34.057] Load DDS texture: SquadExpansion/MakingHistory/Spaces/KVPods/KV2_Props_Diffuse
[LOG 15:28:34.065] Load DDS texture: SquadExpansion/MakingHistory/Spaces/KVPods/KV2_Props_Emissive
[LOG 15:28:34.074] Load DDS texture: SquadExpansion/MakingHistory/Spaces/KVPods/KV2_Props_Normal
[LOG 15:28:34.083] Load DDS texture: SquadExpansion/MakingHistory/Spaces/KVPods/KV2_Shell_Diffuse
[LOG 15:28:34.091] Load DDS texture: SquadExpansion/MakingHistory/Spaces/KVPods/KV2_Shell_Normal
[LOG 15:28:34.100] Load DDS texture: SquadExpansion/MakingHistory/Spaces/KVPods/KV3_Props_Diffuse
[LOG 15:28:34.108] Load DDS texture: SquadExpansion/MakingHistory/Spaces/KVPods/KV3_Props_Normal
[LOG 15:28:34.115] Load DDS texture: SquadExpansion/MakingHistory/Spaces/KVPods/KV3_Shell_Diffuse
[LOG 15:28:34.123] Load DDS texture: SquadExpansion/MakingHistory/Spaces/KVPods/KV3_Shell_Normal
[LOG 15:28:34.146] Load DDS texture: SquadExpansion/MakingHistory/Spaces/KVPods/motor
[LOG 15:28:34.152] Load DDS texture: SquadExpansion/MakingHistory/Spaces/KVPods/pilot Seat
[LOG 15:28:34.160] Load DDS texture: SquadExpansion/MakingHistory/Spaces/MEM/PANELS_AO
[LOG 15:28:34.167] Load DDS texture: SquadExpansion/MakingHistory/Spaces/MEM/PANELS_EMISSIVE
[LOG 15:28:34.175] Load DDS texture: SquadExpansion/MakingHistory/Spaces/MEM/PANELS_NORMAL
[LOG 15:28:34.181] Load DDS texture: SquadExpansion/MakingHistory/Spaces/MEM/pilot Seat
[LOG 15:28:34.188] Load DDS texture: SquadExpansion/MakingHistory/Spaces/MEM/propsGeneric
[LOG 15:28:34.195] Load DDS texture: SquadExpansion/MakingHistory/Spaces/MEM/PROPS_AO
[LOG 15:28:34.201] Load DDS texture: SquadExpansion/MakingHistory/Spaces/MEM/PROPS_EMISSIVE
[LOG 15:28:34.208] Load DDS texture: SquadExpansion/MakingHistory/Spaces/MEM/PROPS_NORMAL
[LOG 15:28:34.217] Load DDS texture: SquadExpansion/MakingHistory/Spaces/Mk2Pod/DIfuse_controlboard
[LOG 15:28:34.226] Load DDS texture: SquadExpansion/MakingHistory/Spaces/Mk2Pod/Normal_controlbard
[LOG 15:28:34.235] Load DDS texture: SquadExpansion/MakingHistory/Spaces/Mk2Pod/Outershell_Base_Color
[LOG 15:28:34.243] Load DDS texture: SquadExpansion/MakingHistory/Spaces/Mk2Pod/Outershell_Normal
[LOG 15:28:34.251] Load DDS texture: SquadExpansion/MakingHistory/Spaces/Mk2Pod/pilot Seat
[LOG 15:28:34.257] Load Cached PNG Texture: SquadExpansion/Serenity/Parts/@thumbs/controller1000_icon
[LOG 15:28:34.263] Load Cached PNG Texture: SquadExpansion/Serenity/Parts/@thumbs/DeployedCentralStation_icon
[LOG 15:28:34.273] Load Cached PNG Texture: SquadExpansion/Serenity/Parts/@thumbs/DeployedGoExOb_icon
[LOG 15:28:34.281] Load Cached PNG Texture: SquadExpansion/Serenity/Parts/@thumbs/DeployedIONExp_icon
[LOG 15:28:34.318] Load Cached PNG Texture: SquadExpansion/Serenity/Parts/@thumbs/DeployedRTG_icon
[LOG 15:28:34.324] Load Cached PNG Texture: SquadExpansion/Serenity/Parts/@thumbs/DeployedSatDish_icon
[LOG 15:28:34.331] Load Cached PNG Texture: SquadExpansion/Serenity/Parts/@thumbs/DeployedSeismicSensor_icon
[LOG 15:28:34.352] Load Cached PNG Texture: SquadExpansion/Serenity/Parts/@thumbs/DeployedSolarPanel_icon
[LOG 15:28:34.370] Load Cached PNG Texture: SquadExpansion/Serenity/Parts/@thumbs/DeployedWeatherStn_icon
[LOG 15:28:34.376] Load Cached PNG Texture: SquadExpansion/Serenity/Parts/@thumbs/FanShroud.01_icon0
[LOG 15:28:34.382] Load Cached PNG Texture: SquadExpansion/Serenity/Parts/@thumbs/FanShroud.01_icon1
[LOG 15:28:34.389] Load Cached PNG Texture: SquadExpansion/Serenity/Parts/@thumbs/FanShroud.02_icon0
[LOG 15:28:34.395] Load Cached PNG Texture: SquadExpansion/Serenity/Parts/@thumbs/FanShroud.02_icon1
[LOG 15:28:34.401] Load Cached PNG Texture: SquadExpansion/Serenity/Parts/@thumbs/hinge.01.s_icon0
[LOG 15:28:34.407] Load Cached PNG Texture: SquadExpansion/Serenity/Parts/@thumbs/hinge.01.s_icon1
[LOG 15:28:34.413] Load Cached PNG Texture: SquadExpansion/Serenity/Parts/@thumbs/hinge.01_icon0
[LOG 15:28:34.419] Load Cached PNG Texture: SquadExpansion/Serenity/Parts/@thumbs/hinge.01_icon1
[LOG 15:28:34.424] Load Cached PNG Texture: SquadExpansion/Serenity/Parts/@thumbs/hinge.03.s_icon0
[LOG 15:28:34.431] Load Cached PNG Texture: SquadExpansion/Serenity/Parts/@thumbs/hinge.03.s_icon1
[LOG 15:28:34.437] Load Cached PNG Texture: SquadExpansion/Serenity/Parts/@thumbs/hinge.03_icon0
[LOG 15:28:34.446] Load Cached PNG Texture: SquadExpansion/Serenity/Parts/@thumbs/hinge.03_icon1
[LOG 15:28:34.452] Load Cached PNG Texture: SquadExpansion/Serenity/Parts/@thumbs/largeFanBlade_icon0
[LOG 15:28:34.468] Load Cached PNG Texture: SquadExpansion/Serenity/Parts/@thumbs/largeFanBlade_icon1
[LOG 15:28:34.475] Load Cached PNG Texture: SquadExpansion/Serenity/Parts/@thumbs/largePropeller_icon0
[LOG 15:28:34.492] Load Cached PNG Texture: SquadExpansion/Serenity/Parts/@thumbs/largePropeller_icon1
[LOG 15:28:34.498] Load Cached PNG Texture: SquadExpansion/Serenity/Parts/@thumbs/lGripPad_icon0
[LOG 15:28:34.505] Load Cached PNG Texture: SquadExpansion/Serenity/Parts/@thumbs/lGripPad_icon1
[LOG 15:28:34.513] Load Cached PNG Texture: SquadExpansion/Serenity/Parts/@thumbs/lGripStrip_icon
[LOG 15:28:34.519] Load Cached PNG Texture: SquadExpansion/Serenity/Parts/@thumbs/mediumFanBlade_icon0
[LOG 15:28:34.528] Load Cached PNG Texture: SquadExpansion/Serenity/Parts/@thumbs/mediumFanBlade_icon1
[LOG 15:28:34.535] Load Cached PNG Texture: SquadExpansion/Serenity/Parts/@thumbs/mediumPropeller_icon0
[LOG 15:28:34.547] Load Cached PNG Texture: SquadExpansion/Serenity/Parts/@thumbs/mediumPropeller_icon1
[LOG 15:28:34.556] Load Cached PNG Texture: SquadExpansion/Serenity/Parts/@thumbs/mGripPad_icon0
[LOG 15:28:34.562] Load Cached PNG Texture: SquadExpansion/Serenity/Parts/@thumbs/mGripPad_icon1
[LOG 15:28:34.568] Load Cached PNG Texture: SquadExpansion/Serenity/Parts/@thumbs/noseconeTiny_icon
[LOG 15:28:34.574] Load Cached PNG Texture: SquadExpansion/Serenity/Parts/@thumbs/noseconeVS_icon
[LOG 15:28:34.580] Load Cached PNG Texture: SquadExpansion/Serenity/Parts/@thumbs/piston.01_icon0
[LOG 15:28:34.586] Load Cached PNG Texture: SquadExpansion/Serenity/Parts/@thumbs/piston.01_icon1
[LOG 15:28:34.597] Load Cached PNG Texture: SquadExpansion/Serenity/Parts/@thumbs/piston.02_icon0
[LOG 15:28:34.602] Load Cached PNG Texture: SquadExpansion/Serenity/Parts/@thumbs/piston.02_icon1
[LOG 15:28:34.608] Load Cached PNG Texture: SquadExpansion/Serenity/Parts/@thumbs/piston.03_icon0
[LOG 15:28:34.614] Load Cached PNG Texture: SquadExpansion/Serenity/Parts/@thumbs/piston.03_icon1
[LOG 15:28:34.620] Load Cached PNG Texture: SquadExpansion/Serenity/Parts/@thumbs/piston.04_icon0
[LOG 15:28:34.626] Load Cached PNG Texture: SquadExpansion/Serenity/Parts/@thumbs/piston.04_icon1
[LOG 15:28:34.632] Load Cached PNG Texture: SquadExpansion/Serenity/Parts/@thumbs/RobotArmScanner.S1_icon
[LOG 15:28:34.650] Load Cached PNG Texture: SquadExpansion/Serenity/Parts/@thumbs/RobotArmScanner.S2_icon
[LOG 15:28:34.659] Load Cached PNG Texture: SquadExpansion/Serenity/Parts/@thumbs/RobotArmScanner.S3_icon
[LOG 15:28:34.671] Load Cached PNG Texture: SquadExpansion/Serenity/Parts/@thumbs/rotor.01s_icon0
[LOG 15:28:34.681] Load Cached PNG Texture: SquadExpansion/Serenity/Parts/@thumbs/rotor.01s_icon1
[LOG 15:28:34.717] Load Cached PNG Texture: SquadExpansion/Serenity/Parts/@thumbs/rotor.01_icon0
[LOG 15:28:34.755] Load Cached PNG Texture: SquadExpansion/Serenity/Parts/@thumbs/rotor.01_icon1
[LOG 15:28:34.783] Load Cached PNG Texture: SquadExpansion/Serenity/Parts/@thumbs/rotor.02s_icon0
[LOG 15:28:34.812] Load Cached PNG Texture: SquadExpansion/Serenity/Parts/@thumbs/rotor.02s_icon1
[LOG 15:28:34.843] Load Cached PNG Texture: SquadExpansion/Serenity/Parts/@thumbs/rotor.02_icon0
[LOG 15:28:34.871] Load Cached PNG Texture: SquadExpansion/Serenity/Parts/@thumbs/rotor.02_icon1
[LOG 15:28:34.881] Load Cached PNG Texture: SquadExpansion/Serenity/Parts/@thumbs/RotorEngine.02_icon
[LOG 15:28:34.890] Load Cached PNG Texture: SquadExpansion/Serenity/Parts/@thumbs/rotoServo.00_icon0
[LOG 15:28:34.896] Load Cached PNG Texture: SquadExpansion/Serenity/Parts/@thumbs/rotoServo.00_icon1
[LOG 15:28:34.903] Load Cached PNG Texture: SquadExpansion/Serenity/Parts/@thumbs/rotoServo.02_icon0
[LOG 15:28:34.914] Load Cached PNG Texture: SquadExpansion/Serenity/Parts/@thumbs/rotoServo.02_icon1
[LOG 15:28:34.920] Load Cached PNG Texture: SquadExpansion/Serenity/Parts/@thumbs/rotoServo.03_icon0
[LOG 15:28:34.926] Load Cached PNG Texture: SquadExpansion/Serenity/Parts/@thumbs/rotoServo.03_icon1
[LOG 15:28:34.933] Load Cached PNG Texture: SquadExpansion/Serenity/Parts/@thumbs/sGripPad_icon0
[LOG 15:28:34.942] Load Cached PNG Texture: SquadExpansion/Serenity/Parts/@thumbs/sGripPad_icon1
[LOG 15:28:34.949] Load Cached PNG Texture: SquadExpansion/Serenity/Parts/@thumbs/sGripStrip_icon
[LOG 15:28:34.956] Load Cached PNG Texture: SquadExpansion/Serenity/Parts/@thumbs/smallFanBlade_icon0
[LOG 15:28:34.962] Load Cached PNG Texture: SquadExpansion/Serenity/Parts/@thumbs/smallFanBlade_icon1
[LOG 15:28:34.970] Load Cached PNG Texture: SquadExpansion/Serenity/Parts/@thumbs/smallHeliBlade_icon0
[LOG 15:28:34.989] Load Cached PNG Texture: SquadExpansion/Serenity/Parts/@thumbs/smallHeliBlade_icon1
[LOG 15:28:34.997] Load Cached PNG Texture: SquadExpansion/Serenity/Parts/@thumbs/smallPropeller_icon0
[LOG 15:28:35.004] Load Cached PNG Texture: SquadExpansion/Serenity/Parts/@thumbs/smallPropeller_icon1
[LOG 15:28:35.011] Load DDS texture: SquadExpansion/Serenity/Parts/Aero/Assets/copterBlades_diffuse
[LOG 15:28:35.016] Load DDS texture: SquadExpansion/Serenity/Parts/Aero/Assets/shroudsDiffuse_color
[LOG 15:28:35.023] Load DDS texture: SquadExpansion/Serenity/Parts/Aero/Assets/shroudsDiffuse_plain
[LOG 15:28:35.029] Load Cached PNG Texture: SquadExpansion/Serenity/Parts/DeployedScience/MockupTexture
[LOG 15:28:35.035] Load DDS texture: SquadExpansion/Serenity/Parts/DeployedScience/Assets/centralStation_diffuse
[LOG 15:28:35.054] Load DDS texture: SquadExpansion/Serenity/Parts/DeployedScience/Assets/centralStation_emissive
[LOG 15:28:35.082] Load DDS texture: SquadExpansion/Serenity/Parts/DeployedScience/Assets/GenericParts_diffuse
[LOG 15:28:35.083] Load DDS texture: SquadExpansion/Serenity/Parts/DeployedScience/Assets/GenericParts_emissive
[LOG 15:28:35.086] Load DDS texture: SquadExpansion/Serenity/Parts/DeployedScience/Assets/GenericParts_normal
[LOG 15:28:35.091] Load DDS texture: SquadExpansion/Serenity/Parts/DeployedScience/Assets/goex_diffuse
[LOG 15:28:35.097] Load DDS texture: SquadExpansion/Serenity/Parts/DeployedScience/Assets/goex_specMapped
[LOG 15:28:35.104] Load DDS texture: SquadExpansion/Serenity/Parts/DeployedScience/Assets/Grid
[LOG 15:28:35.109] Load DDS texture: SquadExpansion/Serenity/Parts/DeployedScience/Assets/IonExperiment_diffuse
[LOG 15:28:35.116] Load DDS texture: SquadExpansion/Serenity/Parts/DeployedScience/Assets/RTGCask_diffuse
[LOG 15:28:35.123] Load DDS texture: SquadExpansion/Serenity/Parts/DeployedScience/Assets/satDish_diffuse
[LOG 15:28:35.128] Load Cached PNG Texture: SquadExpansion/Serenity/Parts/DeployedScience/Assets/Scratch
[LOG 15:28:35.133] Load DDS texture: SquadExpansion/Serenity/Parts/DeployedScience/Assets/Screen2
[LOG 15:28:35.139] Load DDS texture: SquadExpansion/Serenity/Parts/DeployedScience/Assets/Screen3
[LOG 15:28:35.143] Load DDS texture: SquadExpansion/Serenity/Parts/DeployedScience/Assets/ScreenReadout
[LOG 15:28:35.149] Load DDS texture: SquadExpansion/Serenity/Parts/DeployedScience/Assets/seismicSensor_diffuse
[LOG 15:28:35.155] Load DDS texture: SquadExpansion/Serenity/Parts/DeployedScience/Assets/seismicSensor_nrm
[LOG 15:28:35.161] Load DDS texture: SquadExpansion/Serenity/Parts/DeployedScience/Assets/seismicSensor_specularMapped
[LOG 15:28:35.167] Load DDS texture: SquadExpansion/Serenity/Parts/DeployedScience/Assets/SolarGraph
[LOG 15:28:35.172] Load DDS texture: SquadExpansion/Serenity/Parts/DeployedScience/Assets/solarPanel_diffuse
[LOG 15:28:35.177] Load DDS texture: SquadExpansion/Serenity/Parts/DeployedScience/Assets/Waveleght3
[LOG 15:28:35.183] Load DDS texture: SquadExpansion/Serenity/Parts/DeployedScience/Assets/Wavelenght
[LOG 15:28:35.189] Load DDS texture: SquadExpansion/Serenity/Parts/DeployedScience/Assets/Wavelenght2
[LOG 15:28:35.194] Load DDS texture: SquadExpansion/Serenity/Parts/DeployedScience/Assets/wavelenght4
[LOG 15:28:35.201] Load DDS texture: SquadExpansion/Serenity/Parts/DeployedScience/Assets/wavelenght5
[LOG 15:28:35.222] Load DDS texture: SquadExpansion/Serenity/Parts/DeployedScience/Assets/WeatherStation [Normal]
[LOG 15:28:35.249] Load DDS texture: SquadExpansion/Serenity/Parts/DeployedScience/Assets/Weather_Station_diffuse
[LOG 15:28:35.255] Load DDS texture: SquadExpansion/Serenity/Parts/DeployedScience/Assets/Weather_Station_normal
[LOG 15:28:35.261] Load DDS texture: SquadExpansion/Serenity/Parts/Propellers/Assets/blade_diffuse
[LOG 15:28:35.262] Load DDS texture: SquadExpansion/Serenity/Parts/Propellers/Assets/copterBlades_diffuse
[LOG 15:28:35.268] Load DDS texture: SquadExpansion/Serenity/Parts/Propellers/Assets/fan_diffuse
[LOG 15:28:35.273] Load DDS texture: SquadExpansion/Serenity/Parts/Robotics/Assets/hinges-03-s_diffuse_Color
[LOG 15:28:35.281] Load DDS texture: SquadExpansion/Serenity/Parts/Robotics/Assets/hinges-03_diffuse_color
[LOG 15:28:35.286] Load DDS texture: SquadExpansion/Serenity/Parts/Robotics/Assets/hinges-03_diffuse_plain
[LOG 15:28:35.292] Load DDS texture: SquadExpansion/Serenity/Parts/Robotics/Assets/hinges_diffuse
[LOG 15:28:35.297] Load DDS texture: SquadExpansion/Serenity/Parts/Robotics/Assets/Hinge_diffuse_G-00_Color
[LOG 15:28:35.303] Load DDS texture: SquadExpansion/Serenity/Parts/Robotics/Assets/Hinge_diffuse_G-11_Color
[LOG 15:28:35.308] Load DDS texture: SquadExpansion/Serenity/Parts/Robotics/Assets/Hinge_diffuse_G-11_plain
[LOG 15:28:35.313] Load DDS texture: SquadExpansion/Serenity/Parts/Robotics/Assets/Hinge_normal
[LOG 15:28:35.449] Load DDS texture: SquadExpansion/Serenity/Parts/Robotics/Assets/RotorEngine_02_diffuse
[LOG 15:28:35.456] Load DDS texture: SquadExpansion/Serenity/Parts/Robotics/Assets/RotorEngine_03_diffuse
[LOG 15:28:35.462] Load DDS texture: SquadExpansion/Serenity/Parts/Robotics/Assets/RotorEngine_03_normal
[LOG 15:28:35.468] Load DDS texture: SquadExpansion/Serenity/Parts/Robotics/Assets/Rotor_01_diffuse_color
[LOG 15:28:35.474] Load DDS texture: SquadExpansion/Serenity/Parts/Robotics/Assets/Rotor_01_diffuse_plain
[LOG 15:28:35.479] Load DDS texture: SquadExpansion/Serenity/Parts/Robotics/Assets/Rotor_01_normal
[LOG 15:28:35.487] Load DDS texture: SquadExpansion/Serenity/Parts/Robotics/Assets/Rotor_01_specular_D
[LOG 15:28:35.492] Load DDS texture: SquadExpansion/Serenity/Parts/Robotics/Assets/Rotor_02_diffuse_color
[LOG 15:28:35.498] Load DDS texture: SquadExpansion/Serenity/Parts/Robotics/Assets/Rotor_03_diffuse_color
[LOG 15:28:35.505] Load DDS texture: SquadExpansion/Serenity/Parts/Robotics/Assets/Rotor_03_diffuse_plain
[LOG 15:28:35.510] Load DDS texture: SquadExpansion/Serenity/Parts/Robotics/Assets/Rotor_03_normal
[LOG 15:28:35.517] Load DDS texture: SquadExpansion/Serenity/Parts/Robotics/Assets/rotoServos_diffuse_color
[LOG 15:28:35.524] Load DDS texture: SquadExpansion/Serenity/Parts/Robotics/Assets/rotoServos_diffuse_plain
[LOG 15:28:35.532] Load DDS texture: SquadExpansion/Serenity/Parts/Robotics/Assets/rotoServos_nrm
[LOG 15:28:35.538] Load DDS texture: SquadExpansion/Serenity/Parts/Robotics/Controllers/roboController_diffuse
[LOG 15:28:35.543] Load DDS texture: SquadExpansion/Serenity/Parts/Robotics/Controllers/roboController_emissive
[LOG 15:28:35.548] Load Cached PNG Texture: SquadExpansion/Serenity/Parts/Science/RobotArmScanner/Assets/DrillBits
[LOG 15:28:35.555] Load DDS texture: SquadExpansion/Serenity/Parts/Science/RobotArmScanner/Assets/DustParticle
[WRN 15:28:35.559] Duplicate PNG texture 'SquadExpansion/Serenity/Parts/Science/RobotArmScanner/Assets/DustParticle' with extension 'png' won't be loaded
[LOG 15:28:35.567] Load DDS texture: SquadExpansion/Serenity/Parts/Science/RobotArmScanner/Assets/GenericParts_diffuse
[LOG 15:28:35.577] Load DDS texture: SquadExpansion/Serenity/Parts/Science/RobotArmScanner/Assets/GenericParts_normal
[LOG 15:28:35.584] Load DDS texture: SquadExpansion/Serenity/Parts/Science/RobotArmScanner/Assets/ROCArm3_diffuse
[LOG 15:28:35.593] Load DDS texture: SquadExpansion/Serenity/Parts/Science/RobotArmScanner/Assets/ROCArm3_normal
[LOG 15:28:35.600] Load DDS texture: SquadExpansion/Serenity/Parts/Science/RobotArmScanner/Assets/ROCArm_2_diffuse
[LOG 15:28:35.608] Load DDS texture: SquadExpansion/Serenity/Parts/Science/RobotArmScanner/Assets/ROCArm_2_normal
[LOG 15:28:35.618] Load Cached PNG Texture: SquadExpansion/Serenity/Parts/Science/RobotArmScanner/Assets/Scratch
[LOG 15:28:35.626] Load DDS texture: SquadExpansion/Serenity/Parts/Science/RobotArmScanner/Assets/SmallArm_diffuse
[LOG 15:28:35.632] Load DDS texture: SquadExpansion/Serenity/Parts/Science/RobotArmScanner/Assets/SmallArm_normal
[LOG 15:28:35.637] Load DDS texture: SquadExpansion/Serenity/Parts/Structural/gripPads/Assets/gripPads_diffuse
[LOG 15:28:35.643] Load DDS texture: SquadExpansion/Serenity/Parts/Structural/gripPads/Assets/gripPads_nrm
[LOG 15:28:35.651] Load Cached PNG Texture: SquadExpansion/Serenity/Ships/@thumbs/SPH/Arrow-E
[LOG 15:28:35.659] Load Cached PNG Texture: SquadExpansion/Serenity/Ships/@thumbs/SPH/Butterfly Rover
[LOG 15:28:35.666] Load Cached PNG Texture: SquadExpansion/Serenity/Ships/@thumbs/SPH/Jeb_s Quadtaxi
[LOG 15:28:35.673] Load Cached PNG Texture: SquadExpansion/Serenity/Ships/@thumbs/SPH/Kerbodyne Rotodyne
[LOG 15:28:35.681] Load Cached PNG Texture: SquadExpansion/Serenity/Ships/@thumbs/SPH/Seahawk
[LOG 15:28:35.692] Load Cached PNG Texture: SquadExpansion/Serenity/Ships/@thumbs/SPH/Val-Thopter
[LOG 15:28:35.705] Load MU model: MechJeb2/Parts/MechJeb2_AR202/model
[LOG 15:28:35.822] Load MU model: Squad/FX/afterburner_flame
[LOG 15:28:35.826] Load MU model: Squad/FX/afterburner_shock
[LOG 15:28:35.826] Load MU model: Squad/FX/diamondBlue
[LOG 15:28:35.827] Load MU model: Squad/FX/exhaustFlames_blue
[LOG 15:28:35.827] Load MU model: Squad/FX/hydroLOXFlame
[LOG 15:28:35.828] Load MU model: Squad/FX/IonPlume
[LOG 15:28:35.828] Load MU model: Squad/FX/ks1_Exhaust
[LOG 15:28:35.828] Load MU model: Squad/FX/ks25_Exhaust
[LOG 15:28:35.829] Load MU model: Squad/FX/ksX_Exhaust
[LOG 15:28:35.829] Load MU model: Squad/FX/LES_Thruster
[LOG 15:28:35.829] Load MU model: Squad/FX/Monoprop_big
[LOG 15:28:35.830] Load MU model: Squad/FX/Monoprop_medium
[LOG 15:28:35.830] Load MU model: Squad/FX/Monoprop_small
[LOG 15:28:35.831] Load MU model: Squad/FX/shockExhaust_blue
[LOG 15:28:35.831] Load MU model: Squad/FX/shockExhaust_blue_small
[LOG 15:28:35.831] Load MU model: Squad/FX/shockExhaust_red_small
[LOG 15:28:35.832] Load MU model: Squad/FX/SRB_Large
[LOG 15:28:35.832] Load MU model: Squad/FX/SRB_LargeSparks
[LOG 15:28:35.832] Load MU model: Squad/Parts/Aero/aerodynamicNoseCone/aerodynamicNoseCone
[LOG 15:28:35.833] Load MU model: Squad/Parts/Aero/airbrake/Airbrake
[LOG 15:28:35.833] Load MU model: Squad/Parts/Aero/airIntakeRadialXM-G50/RadialIntake
[LOG 15:28:35.833] Load MU model: Squad/Parts/Aero/airlinerWings/ControlSurface
[LOG 15:28:35.834] Load MU model: Squad/Parts/Aero/airlinerWings/MainWing
[LOG 15:28:35.834] Load MU model: Squad/Parts/Aero/airlinerWings/TailFin
[LOG 15:28:35.836] Load MU model: Squad/Parts/Aero/airplaneFins/AdvCanard
[LOG 15:28:35.846] Load MU model: Squad/Parts/Aero/airplaneFins/Canard
[LOG 15:28:35.851] Load MU model: Squad/Parts/Aero/airplaneFins/Swept
[LOG 15:28:35.857] Load MU model: Squad/Parts/Aero/airplaneFins/TailFin
[LOG 15:28:35.862] Load MU model: Squad/Parts/Aero/basicFin/basicFin
[LOG 15:28:35.867] Load MU model: Squad/Parts/Aero/circularIntake/CircularIntake
[LOG 15:28:35.874] Load MU model: Squad/Parts/Aero/circularIntake/ConeIntake
[LOG 15:28:35.880] Load MU model: Squad/Parts/Aero/cones/Assets/AvioCone
[LOG 15:28:35.885] Load MU model: Squad/Parts/Aero/cones/Assets/ConeA
[LOG 15:28:35.891] Load MU model: Squad/Parts/Aero/cones/Assets/ConeB
[LOG 15:28:35.897] Load MU model: Squad/Parts/Aero/cones/Assets/NCS
[LOG 15:28:35.903] Load MU model: Squad/Parts/Aero/cones/Assets/orangeNoseCone
[LOG 15:28:35.908] Load MU model: Squad/Parts/Aero/cones/Assets/rocketNoseCone
[LOG 15:28:35.913] Load MU model: Squad/Parts/Aero/cones/Assets/rocketNoseCone_v2
[LOG 15:28:35.919] Load MU model: Squad/Parts/Aero/cones/Assets/rocketNoseCone_v3
[LOG 15:28:35.924] Load MU model: Squad/Parts/Aero/cones/Assets/TailA
[LOG 15:28:35.930] Load MU model: Squad/Parts/Aero/cones/Assets/TailB
[LOG 15:28:35.936] Load MU model: Squad/Parts/Aero/cones/Assets/TinyCone
[LOG 15:28:35.941] Load MU model: Squad/Parts/Aero/fairings/AutoTruss
[LOG 15:28:35.946] Load MU model: Squad/Parts/Aero/fairings/fairingSize1
[LOG 15:28:35.951] Load MU model: Squad/Parts/Aero/fairings/fairingSize2
[LOG 15:28:35.958] Load MU model: Squad/Parts/Aero/fairings/fairingSize3
[LOG 15:28:35.964] Load MU model: Squad/Parts/Aero/HeatShield/HeatShield0
[LOG 15:28:35.969] Load MU model: Squad/Parts/Aero/HeatShield/HeatShield1
[LOG 15:28:35.974] Load MU model: Squad/Parts/Aero/HeatShield/HeatShield2
[LOG 15:28:35.980] Load MU model: Squad/Parts/Aero/HeatShield/HeatShield3
[LOG 15:28:35.985] Load MU model: Squad/Parts/Aero/InflatableHeatShield/HeatShield
[LOG 15:28:35.990] Load MU model: Squad/Parts/Aero/intakeRadialLong/IntakeRadial
[LOG 15:28:35.996] Load MU model: Squad/Parts/Aero/miniIntake/SmallIntake
[LOG 15:28:36.002] Load MU model: Squad/Parts/Aero/ramAirIntake/RampIntake
[LOG 15:28:36.009] Load MU model: Squad/Parts/Aero/shuttleWings/ShuttleDeltaWing
[LOG 15:28:36.014] Load MU model: Squad/Parts/Aero/shuttleWings/ShuttleElevonA
[LOG 15:28:36.019] Load MU model: Squad/Parts/Aero/shuttleWings/ShuttleElevonB
[LOG 15:28:36.025] Load MU model: Squad/Parts/Aero/shuttleWings/ShuttleRudder
[LOG 15:28:36.029] Load MU model: Squad/Parts/Aero/shuttleWings/ShuttleStrake
[LOG 15:28:36.034] Load MU model: Squad/Parts/Aero/wingletAV-R8/model
[LOG 15:28:36.040] Load MU model: Squad/Parts/Aero/wingletAV-T1/model
[LOG 15:28:36.048] Load MU model: Squad/Parts/Aero/wingletDeltaDeluxe/model
[LOG 15:28:36.053] Load MU model: Squad/Parts/Aero/wings/connector1
[LOG 15:28:36.058] Load MU model: Squad/Parts/Aero/wings/connector2
[LOG 15:28:36.069] Load MU model: Squad/Parts/Aero/wings/connector3
[LOG 15:28:36.074] Load MU model: Squad/Parts/Aero/wings/connector4
[LOG 15:28:36.080] Load MU model: Squad/Parts/Aero/wings/connector5
[LOG 15:28:36.090] Load MU model: Squad/Parts/Aero/wings/delta
[LOG 15:28:36.094] Load MU model: Squad/Parts/Aero/wings/delta_small
[LOG 15:28:36.100] Load MU model: Squad/Parts/Aero/wings/elevon1
[LOG 15:28:36.105] Load MU model: Squad/Parts/Aero/wings/elevon2
[LOG 15:28:36.110] Load MU model: Squad/Parts/Aero/wings/elevon3
[LOG 15:28:36.116] Load MU model: Squad/Parts/Aero/wings/elevon4
[LOG 15:28:36.121] Load MU model: Squad/Parts/Aero/wings/elevon5
[LOG 15:28:36.126] Load MU model: Squad/Parts/Aero/wings/strake
[LOG 15:28:36.130] Load MU model: Squad/Parts/Aero/wings/structural1
[LOG 15:28:36.136] Load MU model: Squad/Parts/Aero/wings/structural2
[LOG 15:28:36.140] Load MU model: Squad/Parts/Aero/wings/structural3
[LOG 15:28:36.145] Load MU model: Squad/Parts/Aero/wings/structural4
[LOG 15:28:36.151] Load MU model: Squad/Parts/Aero/wings/swept1
[LOG 15:28:36.155] Load MU model: Squad/Parts/Aero/wings/swept2
[LOG 15:28:36.160] Load MU model: Squad/Parts/Cargo/CargoContainers/cargoContainer
[LOG 15:28:36.165] Load MU model: Squad/Parts/Cargo/CargoContainers/smallCargoContainer
[LOG 15:28:36.170] Load MU model: Squad/Parts/Cargo/Cylinder/EVAcylinder
[LOG 15:28:36.175] Load MU model: Squad/Parts/Cargo/GroundAnchor/groundAnchor
[LOG 15:28:36.193] Load MU model: Squad/Parts/Cargo/Jetpack/Jetpack
[LOG 15:28:36.202] Load MU model: Squad/Parts/Cargo/Parachute/Parachute
[LOG 15:28:36.206] Load MU model: Squad/Parts/Cargo/RepairKit/RepairKit
[LOG 15:28:36.224] Load MU model: Squad/Parts/Cargo/ScienceKit/ExperimentKit
[LOG 15:28:36.226] Load MU model: Squad/Parts/Cargo/StorageUnits/Assets/CargoStorageUnit
[LOG 15:28:36.226] Load MU model: Squad/Parts/Cargo/StorageUnits/Assets/ConformalStorageUnit
[LOG 15:28:36.227] Load MU model: Squad/Parts/Command/advancedSasModuleLarge/model
[LOG 15:28:36.238] Load MU model: Squad/Parts/Command/cupola/model
[LOG 15:28:36.242] Load MU model: Squad/Parts/Command/externalCommandSeat/model
[LOG 15:28:36.248] Load MU model: Squad/Parts/Command/hitchhikerStorageContainer/model
[LOG 15:28:36.253] Load MU model: Squad/Parts/Command/inlineAdvancedStabilizer/model
[LOG 15:28:36.261] Load MU model: Squad/Parts/Command/inlineReactionWheel/model
[LOG 15:28:36.266] Load MU model: Squad/Parts/Command/Mk1-3Pod/Mk1-3
[LOG 15:28:36.274] Load MU model: Squad/Parts/Command/mk1Cockpits/Cabin
[LOG 15:28:36.279] Load MU model: Squad/Parts/Command/mk1Cockpits/CockpitInline
[LOG 15:28:36.284] Load MU model: Squad/Parts/Command/mk1Cockpits/CockpitStandard
[LOG 15:28:36.303] Load MU model: Squad/Parts/Command/mk1LanderCan/model
[LOG 15:28:36.304] Load MU model: Squad/Parts/Command/mk1pod_v2/Mk1Pod_v2
[LOG 15:28:36.304] Load MU model: Squad/Parts/Command/mk2CockpitInline/model
[LOG 15:28:36.306] Load MU model: Squad/Parts/Command/mk2CockpitStandard/model
[LOG 15:28:36.312] Load MU model: Squad/Parts/Command/mk2DroneCore/model
[LOG 15:28:36.317] Load MU model: Squad/Parts/Command/mk2LanderCan/model
[LOG 15:28:36.322] Load MU model: Squad/Parts/Command/mk2LanderCan_v2/mk2LanderCan
[LOG 15:28:36.328] Load MU model: Squad/Parts/Command/mk3CockpitShuttle/model
[LOG 15:28:36.332] Load MU model: Squad/Parts/Command/MpoProbe/MpoProbe
[LOG 15:28:36.337] Load MU model: Squad/Parts/Command/MtmStage/MTM_Stage
[LOG 15:28:36.343] Load MU model: Squad/Parts/Command/probeCoreCube/probeCoreCube
[LOG 15:28:36.347] Load MU model: Squad/Parts/Command/probeCoreHex/model
[LOG 15:28:36.352] Load MU model: Squad/Parts/Command/probeCoreHex_v2/model
[LOG 15:28:36.357] Load MU model: Squad/Parts/Command/probeCoreOcto2_v2/probeCoreOcto2_v2
[LOG 15:28:36.363] Load MU model: Squad/Parts/Command/probeCoreOcto_v2/probeCoreOcto_v2
[LOG 15:28:36.368] Load MU model: Squad/Parts/Command/probeRoverBody/model
[LOG 15:28:36.372] Load MU model: Squad/Parts/Command/probeRoverBody_v2/probeRoverBody_v2
[LOG 15:28:36.379] Load MU model: Squad/Parts/Command/probeStackLarge/model
[LOG 15:28:36.383] Load MU model: Squad/Parts/Command/probeStackSmall/model
[LOG 15:28:36.389] Load MU model: Squad/Parts/Command/probeStackSphere_v2/probeStackSphere_v2
[LOG 15:28:36.394] Load MU model: Squad/Parts/CompoundParts/FuelLine/model
[LOG 15:28:36.398] Load MU model: Squad/Parts/CompoundParts/strutConnector/model
[LOG 15:28:36.404] Load MU model: Squad/Parts/Coupling/Assets/Decoupler_0
[LOG 15:28:36.409] Load MU model: Squad/Parts/Coupling/Assets/Decoupler_1
[LOG 15:28:36.415] Load MU model: Squad/Parts/Coupling/Assets/Decoupler_1p5
[LOG 15:28:36.420] Load MU model: Squad/Parts/Coupling/Assets/Decoupler_2
[LOG 15:28:36.425] Load MU model: Squad/Parts/Coupling/Assets/Decoupler_3
[LOG 15:28:36.430] Load MU model: Squad/Parts/Coupling/Assets/Decoupler_4
[LOG 15:28:36.436] Load MU model: Squad/Parts/Coupling/Assets/Separator_0
[LOG 15:28:36.441] Load MU model: Squad/Parts/Coupling/Assets/Separator_1
[LOG 15:28:36.448] Load MU model: Squad/Parts/Coupling/Assets/Separator_1p5
[LOG 15:28:36.452] Load MU model: Squad/Parts/Coupling/Assets/Separator_2
[LOG 15:28:36.458] Load MU model: Squad/Parts/Coupling/Assets/Separator_3
[LOG 15:28:36.463] Load MU model: Squad/Parts/Coupling/Assets/Separator_4
[LOG 15:28:36.468] Load MU model: Squad/Parts/Electrical/10CSolarPanels/assets/OX-10C
[LOG 15:28:36.473] Load MU model: Squad/Parts/Electrical/10CSolarPanels/assets/SP-10C
[LOG 15:28:36.479] Load MU model: Squad/Parts/Electrical/10LSolarPanels/assets/OX-10L
[LOG 15:28:36.484] Load MU model: Squad/Parts/Electrical/10LSolarPanels/assets/SP-10L
[LOG 15:28:36.490] Load MU model: Squad/Parts/Electrical/1x6ShroudSolarPanels/model
[LOG 15:28:36.495] Load MU model: Squad/Parts/Electrical/1x6SolarPanels/model
[LOG 15:28:36.500] Load MU model: Squad/Parts/Electrical/3x2ShroudSolarPanels/model
[LOG 15:28:36.506] Load MU model: Squad/Parts/Electrical/3x2SolarPanels/model
[LOG 15:28:36.511] Load MU model: Squad/Parts/Electrical/gigantorXlSolarArray/model
[LOG 15:28:36.516] Load MU model: Squad/Parts/Electrical/radialFlatSolarPanel/model
[LOG 15:28:36.523] Load MU model: Squad/Parts/Electrical/RTG/model
[LOG 15:28:36.528] Load MU model: Squad/Parts/Electrical/z-100Battery/model
[LOG 15:28:36.533] Load MU model: Squad/Parts/Electrical/z-1kBattery/model
[LOG 15:28:36.538] Load MU model: Squad/Parts/Electrical/z-200Battery/model
[LOG 15:28:36.543] Load MU model: Squad/Parts/Electrical/z-400Battery/model
[LOG 15:28:36.549] Load MU model: Squad/Parts/Electrical/z-4kBattery/model
[LOG 15:28:36.554] Load MU model: Squad/Parts/Engine/ionEngine/model
[LOG 15:28:36.559] Load MU model: Squad/Parts/Engine/jetEngines/turbineInside
[LOG 15:28:36.565] Load MU model: Squad/Parts/Engine/jetEngines/turboFanSize1
[LOG 15:28:36.571] Load MU model: Squad/Parts/Engine/jetEngines/turboFanSize2
[LOG 15:28:36.575] Load MU model: Squad/Parts/Engine/jetEngines/turboJet
[LOG 15:28:36.581] Load MU model: Squad/Parts/Engine/jetEngines/turboRamJet
[LOG 15:28:36.585] Load MU model: Squad/Parts/Engine/liquidEngine24-77/model
[LOG 15:28:36.591] Load MU model: Squad/Parts/Engine/liquidEngine24-77_v2/Twitch_v2
[LOG 15:28:36.596] Load MU model: Squad/Parts/Engine/liquidEngine48-7S_v2/SparkV2
[LOG 15:28:36.601] Load MU model: Squad/Parts/Engine/liquidEngineAerospike/AeroSpike
[LOG 15:28:36.606] Load MU model: Squad/Parts/Engine/liquidEngineLV-1_v2/Assets/Ant
[LOG 15:28:36.611] Load MU model: Squad/Parts/Engine/liquidEngineLV-1_v2/Assets/Spider
[LOG 15:28:36.750] Load MU model: Squad/Parts/Engine/liquidEngineLV-909_v2/TerrierV2
[LOG 15:28:36.759] Load MU model: Squad/Parts/Engine/liquidEngineLV-N/model
[LOG 15:28:36.764] Load MU model: Squad/Parts/Engine/liquidEngineLV-T30/model
[LOG 15:28:36.771] Load MU model: Squad/Parts/Engine/liquidEngineLV-T30_v2/Reliant_v2
[LOG 15:28:36.775] Load MU model: Squad/Parts/Engine/liquidEngineLV-T45/model
[LOG 15:28:36.781] Load MU model: Squad/Parts/Engine/liquidEngineLV-T45_v2/Swivel_v2
[LOG 15:28:36.787] Load MU model: Squad/Parts/Engine/liquidEngineMainsail_v2/liquidEngineMainsail_v2
[LOG 15:28:36.793] Load MU model: Squad/Parts/Engine/liquidEngineMk55/Thud
[LOG 15:28:36.798] Load MU model: Squad/Parts/Engine/liquidEnginePoodle_v2/LqdEnginePoodle_v2
[LOG 15:28:36.804] Load MU model: Squad/Parts/Engine/liquidEngineSkipper_v2/skipper_v2
[LOG 15:28:36.810] Load MU model: Squad/Parts/Engine/liquidEngineSSME/SSME
[LOG 15:28:36.818] Load MU model: Squad/Parts/Engine/MassiveSRB/MassiveSRB
[LOG 15:28:36.823] Load MU model: Squad/Parts/Engine/miniJet/SmallJet
[LOG 15:28:36.829] Load MU model: Squad/Parts/Engine/OMSEngine/Puff_v2
[LOG 15:28:36.834] Load MU model: Squad/Parts/Engine/rapierEngine/rapier
[LOG 15:28:36.839] Load MU model: Squad/Parts/Engine/Size1_SRBs/SRB10
[LOG 15:28:36.844] Load MU model: Squad/Parts/Engine/Size1_SRBs/SRB5
[LOG 15:28:36.851] Load MU model: Squad/Parts/Engine/Size2LFB/Size2LFB
[LOG 15:28:36.857] Load MU model: Squad/Parts/Engine/Size2LFB_v2/Size2LFB_v2
[LOG 15:28:36.864] Load MU model: Squad/Parts/Engine/Size3AdvancedEngine/Size3AdvancedEngine
[LOG 15:28:36.869] Load MU model: Squad/Parts/Engine/Size3EngineCluster/Size3EngineCluster
[LOG 15:28:36.874] Load MU model: Squad/Parts/Engine/solidBoosterBACC/model
[LOG 15:28:36.881] Load MU model: Squad/Parts/Engine/solidBoosterS2-17/solidBoosterS2-17
[LOG 15:28:36.886] Load MU model: Squad/Parts/Engine/solidBoosterS2-33/solidBoosterS2-33
[LOG 15:28:36.891] Load MU model: Squad/Parts/Engine/solidBoosterSep/model
[LOG 15:28:36.897] Load MU model: Squad/Parts/Engine/SolidBoostersF/Assets/SolidBoosterF3S0
[LOG 15:28:36.902] Load MU model: Squad/Parts/Engine/SolidBoostersF/Assets/SolidBoosterFM1
[LOG 15:28:36.908] Load MU model: Squad/Parts/FuelTank/adapterTanks/Mk3-Mk2
[LOG 15:28:36.913] Load MU model: Squad/Parts/FuelTank/adapterTanks/Mk3-Size2
[LOG 15:28:36.918] Load MU model: Squad/Parts/FuelTank/adapterTanks/Mk3-Size2Slant
[LOG 15:28:36.923] Load MU model: Squad/Parts/FuelTank/adapterTanks/ShuttleAdapter
[LOG 15:28:36.928] Load MU model: Squad/Parts/FuelTank/adapterTanks/Size2-Mk2
[LOG 15:28:36.934] Load MU model: Squad/Parts/FuelTank/adapterTanks/Size2-Size1
[LOG 15:28:36.940] Load MU model: Squad/Parts/FuelTank/adapterTanks/Size2-Size1Slant
[LOG 15:28:36.944] Load MU model: Squad/Parts/FuelTank/adapterTanks/Size3-Mk3
[LOG 15:28:36.950] Load MU model: Squad/Parts/FuelTank/drainTankFTE-1/fuelValve
[LOG 15:28:36.955] Load MU model: Squad/Parts/FuelTank/FoilTanks/RadialTank_Capsule
[LOG 15:28:36.960] Load MU model: Squad/Parts/FuelTank/FoilTanks/RadialTank_Round
[LOG 15:28:36.965] Load MU model: Squad/Parts/FuelTank/FoilTanks/ToroidTank
[LOG 15:28:36.970] Load MU model: Squad/Parts/FuelTank/fuelTankOscarB/model
[LOG 15:28:36.979] Load MU model: Squad/Parts/FuelTank/miniFuselage/Fuselage
[LOG 15:28:36.984] Load MU model: Squad/Parts/FuelTank/mk2Adapters/bicoupler
[LOG 15:28:36.989] Load MU model: Squad/Parts/FuelTank/mk2Adapters/long
[LOG 15:28:36.995] Load MU model: Squad/Parts/FuelTank/mk2Adapters/standard
[LOG 15:28:36.999] Load MU model: Squad/Parts/FuelTank/mk2FuselageLong/FuselageLongLFO
[LOG 15:28:37.004] Load MU model: Squad/Parts/FuelTank/mk2FuselageLong/FuselageLongLiquid
[LOG 15:28:37.012] Load MU model: Squad/Parts/FuelTank/mk2FuselageShort/FuselageShortLFO
[LOG 15:28:37.017] Load MU model: Squad/Parts/FuelTank/mk2FuselageShort/FuselageShortLiquid
[LOG 15:28:37.022] Load MU model: Squad/Parts/FuelTank/mk2FuselageShort/FuselageShortMono
[LOG 15:28:37.028] Load MU model: Squad/Parts/FuelTank/mk3Fuselage/CREW
[LOG 15:28:37.033] Load MU model: Squad/Parts/FuelTank/mk3Fuselage/LFO_100
[LOG 15:28:37.039] Load MU model: Squad/Parts/FuelTank/mk3Fuselage/LFO_25
[LOG 15:28:37.047] Load MU model: Squad/Parts/FuelTank/mk3Fuselage/LFO_50
[LOG 15:28:37.051] Load MU model: Squad/Parts/FuelTank/mk3Fuselage/LF_100
[LOG 15:28:37.057] Load MU model: Squad/Parts/FuelTank/mk3Fuselage/LF_25
[LOG 15:28:37.065] Load MU model: Squad/Parts/FuelTank/mk3Fuselage/LF_50
[LOG 15:28:37.069] Load MU model: Squad/Parts/FuelTank/mk3Fuselage/MONO
[LOG 15:28:37.075] Load MU model: Squad/Parts/FuelTank/RCSFuelTankR1/RCSFuelTankR1_01
[LOG 15:28:37.081] Load MU model: Squad/Parts/FuelTank/RCSFuelTankR10/model
[LOG 15:28:37.086] Load MU model: Squad/Parts/FuelTank/RCSFuelTankR25/RCSFuelTankR25
[LOG 15:28:37.091] Load MU model: Squad/Parts/FuelTank/RCSTankRadial/model
[LOG 15:28:37.095] Load MU model: Squad/Parts/FuelTank/RCStankRadialLong/model
[LOG 15:28:37.102] Load MU model: Squad/Parts/FuelTank/RockomaxTanks/Assets/Rockomax16
[LOG 15:28:37.106] Load MU model: Squad/Parts/FuelTank/RockomaxTanks/Assets/Rockomax32
[LOG 15:28:37.112] Load MU model: Squad/Parts/FuelTank/RockomaxTanks/Assets/Rockomax64
[LOG 15:28:37.116] Load MU model: Squad/Parts/FuelTank/RockomaxTanks/Assets/Rockomax8
[LOG 15:28:37.122] Load MU model: Squad/Parts/FuelTank/Size1_Tanks/Size1Tank_01
[LOG 15:28:37.127] Load MU model: Squad/Parts/FuelTank/Size1_Tanks/Size1Tank_02
[LOG 15:28:37.132] Load MU model: Squad/Parts/FuelTank/Size1_Tanks/Size1Tank_03
[LOG 15:28:37.137] Load MU model: Squad/Parts/FuelTank/Size1_Tanks/Size1Tank_04
[LOG 15:28:37.144] Load MU model: Squad/Parts/FuelTank/Size3Tanks/Size3LargeTank
[LOG 15:28:37.149] Load MU model: Squad/Parts/FuelTank/Size3Tanks/Size3MediumTank
[LOG 15:28:37.154] Load MU model: Squad/Parts/FuelTank/Size3Tanks/Size3SmallTank
[LOG 15:28:37.160] Load MU model: Squad/Parts/FuelTank/xenonTank/model
[LOG 15:28:37.164] Load MU model: Squad/Parts/FuelTank/xenonTankLarge/model
[LOG 15:28:37.169] Load MU model: Squad/Parts/FuelTank/xenonTankRadial/model
[LOG 15:28:37.174] Load MU model: Squad/Parts/Misc/AsteroidDay/CamSat
[LOG 15:28:37.179] Load MU model: Squad/Parts/Misc/AsteroidDay/HECS2
[LOG 15:28:37.184] Load MU model: Squad/Parts/Misc/AsteroidDay/HighGainAntenna
[LOG 15:28:37.189] Load MU model: Squad/Parts/Misc/AsteroidDay/LgRadialSolar
[LOG 15:28:37.194] Load MU model: Squad/Parts/Misc/PotatoComet/Cube
[LOG 15:28:37.195] Load MU model: Squad/Parts/Misc/PotatoRoid/Cube
[LOG 15:28:37.200] Load MU model: Squad/Parts/Resources/FuelCell/FuelCell
[LOG 15:28:37.205] Load MU model: Squad/Parts/Resources/FuelCell/FuelCellArray
[LOG 15:28:37.210] Load MU model: Squad/Parts/Resources/ISRU/ISRU
[LOG 15:28:37.215] Load MU model: Squad/Parts/Resources/LargeTank/LargeTank
[LOG 15:28:37.220] Load MU model: Squad/Parts/Resources/MiniDrill/MiniDrill
[LOG 15:28:37.226] Load MU model: Squad/Parts/Resources/MiniISRU/MiniISRU
[LOG 15:28:37.233] Load MU model: Squad/Parts/Resources/OrbitalScanner/OrbitalScanner
[LOG 15:28:37.239] Load MU model: Squad/Parts/Resources/RadialDrill/TriBitDrill
[LOG 15:28:37.243] Load MU model: Squad/Parts/Resources/RadialTank/RadialOreTank
[LOG 15:28:37.249] Load MU model: Squad/Parts/Resources/SmallTank/SmallTank
[LOG 15:28:37.254] Load MU model: Squad/Parts/Resources/SurfaceScanner/SurfaceScanner
[LOG 15:28:37.262] Load MU model: Squad/Parts/Resources/SurveyScanner/SurveyScanner
[LOG 15:28:37.267] Load MU model: Squad/Parts/Science/AtmosphereSensor/model
[LOG 15:28:37.272] Load MU model: Squad/Parts/Science/GooExperiment/GooExperiment
[LOG 15:28:37.278] Load MU model: Squad/Parts/Science/LargeCrewedLab/large_crewed_lab
[LOG 15:28:37.283] Load MU model: Squad/Parts/Science/Magnetometer/Magnetometer
[LOG 15:28:37.290] Load MU model: Squad/Parts/Science/MaterialBay/science_module_small
[LOG 15:28:37.295] Load MU model: Squad/Parts/Science/ScienceBox/ScienceBox
[LOG 15:28:37.300] Load MU model: Squad/Parts/Science/sensorAccelerometer/model
[LOG 15:28:37.305] Load MU model: Squad/Parts/Science/sensorBarometer/model
[LOG 15:28:37.312] Load MU model: Squad/Parts/Science/sensorGravimeter/model
[LOG 15:28:37.317] Load MU model: Squad/Parts/Science/sensorThermometer/model
[LOG 15:28:37.322] Load MU model: Squad/Parts/Structural/FLAdapters/Assets/adapterSmallMiniShort_v2
[LOG 15:28:37.327] Load MU model: Squad/Parts/Structural/FLAdapters/Assets/adapterSmallMiniTall_v2
[LOG 15:28:37.332] Load MU model: Squad/Parts/Structural/mk1Parts/Fuselage
[LOG 15:28:37.338] Load MU model: Squad/Parts/Structural/mk1Parts/IntakeFuselage
[LOG 15:28:37.345] Load MU model: Squad/Parts/Structural/mk1Parts/Nacelle1
[LOG 15:28:37.351] Load MU model: Squad/Parts/Structural/mk1Parts/Nacelle2
[LOG 15:28:37.355] Load MU model: Squad/Parts/Structural/mk1Parts/Structural
[LOG 15:28:37.361] Load MU model: Squad/Parts/Structural/mk1Parts/StructuralHollow
[LOG 15:28:37.366] Load MU model: Squad/Parts/Structural/Size3To2Adapter_v2/Size2to3_v2
[LOG 15:28:37.371] Load MU model: Squad/Parts/Structural/stackAdapters/Assets/adapterLargeSmallBi
[LOG 15:28:37.377] Load MU model: Squad/Parts/Structural/stackAdapters/Assets/adapterLargeSmallQuad
[LOG 15:28:37.381] Load MU model: Squad/Parts/Structural/stackAdapters/Assets/adapterLargeSmallTri
[LOG 15:28:37.387] Load MU model: Squad/Parts/Structural/stationHub/model
[LOG 15:28:37.391] Load MU model: Squad/Parts/Structural/structuralIBeam200/model
[LOG 15:28:37.398] Load MU model: Squad/Parts/Structural/structuralIBeam200Pocket/model
[LOG 15:28:37.403] Load MU model: Squad/Parts/Structural/structuralIBeam650/model
[LOG 15:28:37.408] Load MU model: Squad/Parts/Structural/structuralMicronode/model
[LOG 15:28:37.415] Load MU model: Squad/Parts/Structural/structuralPanel1x1/model
[LOG 15:28:37.425] Load MU model: Squad/Parts/Structural/structuralPanel2x2/model
[LOG 15:28:37.433] Load MU model: Squad/Parts/Structural/structuralPylons/PylonBig
[LOG 15:28:37.438] Load MU model: Squad/Parts/Structural/structuralPylons/PylonSmall
[LOG 15:28:37.443] Load MU model: Squad/Parts/Structural/strutCubicOcto/model
[LOG 15:28:37.450] Load MU model: Squad/Parts/Structural/strutOcto/model
[LOG 15:28:37.455] Load MU model: Squad/Parts/Structural/trussGirderAdapter/model
[LOG 15:28:37.459] Load MU model: Squad/Parts/Structural/trussGirderL/model
[LOG 15:28:37.464] Load MU model: Squad/Parts/Structural/trussGirderXL/model
[LOG 15:28:37.469] Load MU model: Squad/Parts/Thermal/FoldingRadiators/foldingRadLarge
[LOG 15:28:37.474] Load MU model: Squad/Parts/Thermal/FoldingRadiators/foldingRadMed
[LOG 15:28:37.480] Load MU model: Squad/Parts/Thermal/FoldingRadiators/foldingRadSmall
[LOG 15:28:37.488] Load MU model: Squad/Parts/Thermal/RadiatorPanels/radPanelEdge
[LOG 15:28:37.492] Load MU model: Squad/Parts/Thermal/RadiatorPanels/radPanelLg
[LOG 15:28:37.497] Load MU model: Squad/Parts/Thermal/RadiatorPanels/radPanelSm
[LOG 15:28:37.502] Load MU model: Squad/Parts/Utility/commDish88-88/model
[LOG 15:28:37.509] Load MU model: Squad/Parts/Utility/commsAntennaDTS-M1/mediumDishAntenna
[LOG 15:28:37.513] Load MU model: Squad/Parts/Utility/commsDish16/model
[LOG 15:28:37.519] Load MU model: Squad/Parts/Utility/decouplerRadialHDM/model
[LOG 15:28:37.523] Load MU model: Squad/Parts/Utility/decouplerRadialTT-38K/model
[LOG 15:28:37.529] Load MU model: Squad/Parts/Utility/decouplerRadialTT-70/model
[LOG 15:28:37.533] Load MU model: Squad/Parts/Utility/DirectAntennas/HGAntenna
[LOG 15:28:37.541] Load MU model: Squad/Parts/Utility/DirectAntennas/HGAntenna_v2
[LOG 15:28:37.545] Load MU model: Squad/Parts/Utility/DirectAntennas/SurfAntenna
[LOG 15:28:37.550] Load MU model: Squad/Parts/Utility/dockingPort/dockingPort
[LOG 15:28:37.562] Load MU model: Squad/Parts/Utility/dockingPortInline/dockingPortInline
[LOG 15:28:37.566] Load MU model: Squad/Parts/Utility/dockingPortJr/dockingPortJr
[LOG 15:28:37.579] Load MU model: Squad/Parts/Utility/dockingPortShielded/dockingPortShielded
[LOG 15:28:37.584] Load MU model: Squad/Parts/Utility/dockingPortSr/dockingPortSr
[LOG 15:28:37.590] Load MU model: Squad/Parts/Utility/Fireworks/Assets/fireworksLauncherBig
[LOG 15:28:37.595] Load MU model: Squad/Parts/Utility/Fireworks/Assets/fireworksLauncherSmall
[LOG 15:28:37.600] Load MU model: Squad/Parts/Utility/flags/flagFlat/flagFlatMeshes
[LOG 15:28:37.605] Load MU model: Squad/Parts/Utility/flags/flagSize0/flagSize0Meshes
[LOG 15:28:37.610] Load MU model: Squad/Parts/Utility/flags/flagSize1/flagSize1Meshes
[LOG 15:28:37.615] Load MU model: Squad/Parts/Utility/flags/flagSize2/flagSize2Meshes
[LOG 15:28:37.620] Load MU model: Squad/Parts/Utility/flags/flagSize3/flagSize3Meshes
[LOG 15:28:37.626] Load MU model: Squad/Parts/Utility/GrapplingDevice/GrapplingArm
[LOG 15:28:37.631] Load MU model: Squad/Parts/Utility/ladderRadial/model
[LOG 15:28:37.636] Load MU model: Squad/Parts/Utility/ladderTelescopic/model
[LOG 15:28:37.641] Load MU model: Squad/Parts/Utility/ladderTelescopicBay/model
[LOG 15:28:37.646] Load MU model: Squad/Parts/Utility/landingLegLT-1/model
[LOG 15:28:37.651] Load MU model: Squad/Parts/Utility/landingLegLT-2/model
[LOG 15:28:37.659] Load MU model: Squad/Parts/Utility/landingLegLT-5/model
[WRN 15:28:37.660] WheelCollider requires an attached Rigidbody to function.
[WRN 15:28:37.660] WheelCollider requires an attached Rigidbody to function.
[LOG 15:28:37.665] Load MU model: Squad/Parts/Utility/launchClamp1/model
[LOG 15:28:37.670] Load MU model: Squad/Parts/Utility/launchEscapeSystem/LaunchEscapeSystem
[LOG 15:28:37.677] Load MU model: Squad/Parts/Utility/Lights/Assets/light_02
[LOG 15:28:37.682] Load MU model: Squad/Parts/Utility/Lights/Assets/light_03
[LOG 15:28:37.688] Load MU model: Squad/Parts/Utility/Lights/Assets/light_04
[LOG 15:28:37.693] Load MU model: Squad/Parts/Utility/Lights/Assets/light_07
[LOG 15:28:37.698] Load MU model: Squad/Parts/Utility/Lights/Assets/light_08
[LOG 15:28:37.704] Load MU model: Squad/Parts/Utility/Lights/Assets/light_12
[LOG 15:28:37.709] Load MU model: Squad/Parts/Utility/linearVernorRCS/Assets/linearRCS
[LOG 15:28:37.715] Load MU model: Squad/Parts/Utility/linearVernorRCS/Assets/vernorEngine
[LOG 15:28:37.719] Load MU model: Squad/Parts/Utility/mk2CargoBay/BayLarge
[LOG 15:28:37.724] Load MU model: Squad/Parts/Utility/mk2CargoBay/BaySmall
[LOG 15:28:37.729] Load MU model: Squad/Parts/Utility/mk2CrewCabin/model
[LOG 15:28:37.735] Load MU model: Squad/Parts/Utility/mk2DockingPort/mk2Dockingport
[LOG 15:28:37.741] Load MU model: Squad/Parts/Utility/mk3CargoBay/long
[LOG 15:28:37.745] Load MU model: Squad/Parts/Utility/mk3CargoBay/medium
[LOG 15:28:37.752] Load MU model: Squad/Parts/Utility/mk3CargoBay/ramp
[LOG 15:28:37.757] Load MU model: Squad/Parts/Utility/mk3CargoBay/short
[LOG 15:28:37.765] Load MU model: Squad/Parts/Utility/parachuteMk1/model
[LOG 15:28:37.769] Load MU model: Squad/Parts/Utility/parachuteMk12-R/model
[LOG 15:28:37.775] Load MU model: Squad/Parts/Utility/parachuteMk16-XL/model
[LOG 15:28:37.780] Load MU model: Squad/Parts/Utility/parachuteMk2-R/model
[LOG 15:28:37.785] Load MU model: Squad/Parts/Utility/parachuteMk25/model
[LOG 15:28:37.789] Load MU model: Squad/Parts/Utility/radialAttachmentPoint/model
[LOG 15:28:37.795] Load MU model: Squad/Parts/Utility/rcsBlockRV-105_v2/rcsBlock105
[LOG 15:28:37.800] Load MU model: Squad/Parts/Utility/rcsSmallLinear/Assets/RCSLinearSmall
[LOG 15:28:37.804] Load MU model: Squad/Parts/Utility/RelayAntennas/HGAntenna
[LOG 15:28:37.810] Load MU model: Squad/Parts/Utility/RelayAntennas/RA-100
[LOG 15:28:37.815] Load MU model: Squad/Parts/Utility/RelayAntennas/RA-5
[LOG 15:28:37.820] Load MU model: Squad/Parts/Utility/RelayAntennas/RA-50
[LOG 15:28:37.825] Load MU model: Squad/Parts/Utility/rockomaxAdapters/Assets/brandAdapter
[LOG 15:28:37.830] Load MU model: Squad/Parts/Utility/rockomaxAdapters/Assets/brandAdapter02
[LOG 15:28:37.836] Load MU model: Squad/Parts/Utility/ServiceBay_v2/Assets/ServiceBay_125_v2
[LOG 15:28:37.840] Load MU model: Squad/Parts/Utility/ServiceBay_v2/Assets/ServiceBay_250_v2
[LOG 15:28:37.846] Load MU model: Squad/Parts/Utility/smallClaw/smallClaw
[LOG 15:28:37.852] Load MU model: Squad/Parts/Utility/spotLightMk1/model
[LOG 15:28:37.856] Load MU model: Squad/Parts/Utility/spotLightMk1_v2/model
[LOG 15:28:37.862] Load MU model: Squad/Parts/Utility/spotLightMk2/model
[LOG 15:28:37.867] Load MU model: Squad/Parts/Utility/spotLightMk2_v2/model
[LOG 15:28:37.872] Load MU model: Squad/Parts/Utility/stackCouplers/Assets/stackBiCoupler_v2
[LOG 15:28:37.877] Load MU model: Squad/Parts/Utility/stackCouplers/Assets/stackQuadCoupler
[LOG 15:28:37.883] Load MU model: Squad/Parts/Utility/stackCouplers/Assets/stackTriCoupler_v2
[LOG 15:28:37.889] Load MU model: Squad/Parts/Wheel/LandingGear/GearExtraLarge
[WRN 15:28:37.890] WheelCollider requires an attached Rigidbody to function.
[WRN 15:28:37.890] WheelCollider requires an attached Rigidbody to function.
[LOG 15:28:37.894] Load MU model: Squad/Parts/Wheel/LandingGear/GearFixed
[WRN 15:28:37.894] WheelCollider requires an attached Rigidbody to function.
[WRN 15:28:37.894] WheelCollider requires an attached Rigidbody to function.
[LOG 15:28:37.899] Load MU model: Squad/Parts/Wheel/LandingGear/GearFree
[WRN 15:28:37.899] WheelCollider requires an attached Rigidbody to function.
[WRN 15:28:37.899] WheelCollider requires an attached Rigidbody to function.
[LOG 15:28:37.905] Load MU model: Squad/Parts/Wheel/LandingGear/GearLarge
[WRN 15:28:37.905] WheelCollider requires an attached Rigidbody to function.
[WRN 15:28:37.905] WheelCollider requires an attached Rigidbody to function.
[LOG 15:28:37.910] Load MU model: Squad/Parts/Wheel/LandingGear/GearMedium
[WRN 15:28:37.911] WheelCollider requires an attached Rigidbody to function.
[WRN 15:28:37.911] WheelCollider requires an attached Rigidbody to function.
[LOG 15:28:37.915] Load MU model: Squad/Parts/Wheel/LandingGear/GearSmall
[WRN 15:28:37.916] WheelCollider requires an attached Rigidbody to function.
[WRN 15:28:37.916] WheelCollider requires an attached Rigidbody to function.
[LOG 15:28:37.921] Load MU model: Squad/Parts/Wheel/roverWheelM1/model
[WRN 15:28:37.922] WheelCollider requires an attached Rigidbody to function.
[WRN 15:28:37.922] WheelCollider requires an attached Rigidbody to function.
[LOG 15:28:37.926] Load MU model: Squad/Parts/Wheel/roverWheelS2/model
[WRN 15:28:37.926] WheelCollider requires an attached Rigidbody to function.
[WRN 15:28:37.926] WheelCollider requires an attached Rigidbody to function.
[LOG 15:28:37.931] Load MU model: Squad/Parts/Wheel/roverWheelTR-2L/model
[WRN 15:28:37.932] WheelCollider requires an attached Rigidbody to function.
[WRN 15:28:37.932] WheelCollider requires an attached Rigidbody to function.
[LOG 15:28:37.937] Load MU model: Squad/Parts/Wheel/roverWheelXL3/model
[WRN 15:28:37.939] WheelCollider requires an attached Rigidbody to function.
[WRN 15:28:37.939] WheelCollider requires an attached Rigidbody to function.
[LOG 15:28:37.943] Load MU model: Squad/Props/AltimeterThreeHands/model
[LOG 15:28:37.947] Load MU model: Squad/Props/AtmosphereDepth/model
[LOG 15:28:37.952] Load MU model: Squad/Props/AxisIndicator/model
[LOG 15:28:37.960] Load MU model: Squad/Props/buttonsGeneric/circularButton
[LOG 15:28:37.966] Load MU model: Squad/Props/buttonsGeneric/clusterButtons
[LOG 15:28:37.970] Load MU model: Squad/Props/buttonsGeneric/clusterButtons2
[LOG 15:28:37.975] Load MU model: Squad/Props/buttonsGeneric/clusterKnob
[LOG 15:28:37.980] Load MU model: Squad/Props/buttonsGeneric/clusterKnob2
[LOG 15:28:37.986] Load MU model: Squad/Props/buttonsGeneric/clusterMixed
[LOG 15:28:37.994] Load MU model: Squad/Props/buttonsGeneric/clusterSwitches01
[LOG 15:28:37.999] Load MU model: Squad/Props/buttonsGeneric/clusterSwitches02
[LOG 15:28:38.005] Load MU model: Squad/Props/buttonsGeneric/clusterSwitches03
[LOG 15:28:38.010] Load MU model: Squad/Props/buttonsGeneric/clusterSwitches04
[LOG 15:28:38.015] Load MU model: Squad/Props/buttonsGeneric/clusterSwitches05
[LOG 15:28:38.021] Load MU model: Squad/Props/buttonsGeneric/clusterSwitches06
[LOG 15:28:38.026] Load MU model: Squad/Props/buttonsGeneric/clusterSwitches07
[LOG 15:28:38.031] Load MU model: Squad/Props/buttonsGeneric/directionalKnob
[LOG 15:28:38.038] Load MU model: Squad/Props/buttonsGeneric/directionalKnob2
[LOG 15:28:38.042] Load MU model: Squad/Props/buttonsGeneric/pullSwitch
[LOG 15:28:38.047] Load MU model: Squad/Props/buttonsGeneric/squareButton
[LOG 15:28:38.052] Load MU model: Squad/Props/buttonsGeneric/standingSwitch
[LOG 15:28:38.057] Load MU model: Squad/Props/buttonsGeneric/switch
[LOG 15:28:38.062] Load MU model: Squad/Props/buttonsGeneric/switchWithGuards
[LOG 15:28:38.068] Load MU model: Squad/Props/ButtonSquare/model
[LOG 15:28:38.072] Load MU model: Squad/Props/circularButton/model
[LOG 15:28:38.077] Load MU model: Squad/Props/Compass/model
[LOG 15:28:38.082] Load MU model: Squad/Props/directionalKnob/model
[LOG 15:28:38.088] Load MU model: Squad/Props/directionalKnob2/model
[LOG 15:28:38.094] Load MU model: Squad/Props/IndicatorPanel/model
[LOG 15:28:38.100] Load MU model: Squad/Props/IVANavBall/model
[LOG 15:28:38.105] Load MU model: Squad/Props/IVANavBallNoBase/model
[LOG 15:28:38.109] Load MU model: Squad/Props/ledPanelSpeed/model
[LOG 15:28:38.115] Load MU model: Squad/Props/Monitor/MonitorDockingMode
[LOG 15:28:38.119] Load MU model: Squad/Props/NavBall/model
[LOG 15:28:38.124] Load MU model: Squad/Props/PropsGeneric/Button_DockingMode
[LOG 15:28:38.130] Load MU model: Squad/Props/PropsGeneric/CargoBagA
[LOG 15:28:38.136] Load MU model: Squad/Props/PropsGeneric/CargoBagB
[LOG 15:28:38.140] Load MU model: Squad/Props/PropsGeneric/CargoBagC
[LOG 15:28:38.147] Load MU model: Squad/Props/PropsGeneric/Hatch_Plane
[LOG 15:28:38.152] Load MU model: Squad/Props/PropsGeneric/Hatch_Plane_Curve90
[LOG 15:28:38.157] Load MU model: Squad/Props/PropsGeneric/Hatch_Plane_Frame
[LOG 15:28:38.166] Load MU model: Squad/Props/PropsGeneric/Seat_Passenger
[LOG 15:28:38.171] Load MU model: Squad/Props/PropsGeneric/Seat_Pilot
[LOG 15:28:38.176] Load MU model: Squad/Props/PropsGeneric/Seat_Pilot_Helmet
[LOG 15:28:38.181] Load MU model: Squad/Props/PropsGeneric/SideStick
[LOG 15:28:38.186] Load MU model: Squad/Props/pullSwitch/model
[LOG 15:28:38.192] Load MU model: Squad/Props/radarAltitude/model
[LOG 15:28:38.197] Load MU model: Squad/Props/squareButton/model
[LOG 15:28:38.202] Load MU model: Squad/Props/standingSwitch/model
[LOG 15:28:38.208] Load MU model: Squad/Props/switch/model
[LOG 15:28:38.213] Load MU model: Squad/Props/switchGuard/model
[LOG 15:28:38.217] Load MU model: Squad/Props/switchWithGuards/model
[LOG 15:28:38.223] Load MU model: Squad/Props/throttle/model
[LOG 15:28:38.228] Load MU model: Squad/Props/VSI/model
[LOG 15:28:38.233] Load MU model: Squad/Spaces/crewCabinInternals/model
[LOG 15:28:38.239] Load MU model: Squad/Spaces/cupolaInternal/model
[LOG 15:28:38.244] Load MU model: Squad/Spaces/GenericSpace1/model
[LOG 15:28:38.251] Load MU model: Squad/Spaces/GenericSpace3/model
[LOG 15:28:38.257] Load MU model: Squad/Spaces/landerCabinInternals/model
[LOG 15:28:38.261] Load MU model: Squad/Spaces/landerCabinSmallInternal/model
[LOG 15:28:38.267] Load MU model: Squad/Spaces/LargeCrewedLabInternals/Large_Crewed_lab_Int
[LOG 15:28:38.272] Load MU model: Squad/Spaces/Mk1-3/model
[LOG 15:28:38.279] Load MU model: Squad/Spaces/mk1CabinInternal/mk1cabin
[LOG 15:28:38.284] Load MU model: Squad/Spaces/mk1CockpitInternal/Mk1StandardIVA
[LOG 15:28:38.290] Load MU model: Squad/Spaces/mk1InlineInternal/Mk1InlineIVA
[LOG 15:28:38.295] Load MU model: Squad/Spaces/mk1PodCockpit/model
[LOG 15:28:38.314] Load MU model: Squad/Spaces/mk1pod_IVA/mk1pod_IVA
[LOG 15:28:38.323] Load MU model: Squad/Spaces/mk2CockpitStandardInternal/model
[LOG 15:28:38.329] Load MU model: Squad/Spaces/Mk2CrewCabinInternal/MK2_CrewCab_Int
[LOG 15:28:38.335] Load MU model: Squad/Spaces/mk2InlineInternal/mk2InlineIVA
[LOG 15:28:38.340] Load MU model: Squad/Spaces/mk2LanderCanInternal/mk2LanderCanInternal
[LOG 15:28:38.347] Load MU model: Squad/Spaces/MK3CockpitInternal/MK3_Cockpit_Int
[LOG 15:28:38.353] Load MU model: Squad/Spaces/MK3_CrewCab_Int/MK3_CrewCab_Int
[LOG 15:28:38.359] Load MU model: Squad/Spaces/OverlayMasks/CupolaMask
[LOG 15:28:38.364] Load MU model: Squad/Spaces/OverlayMasks/HitchhikerBorder
[LOG 15:28:38.369] Load MU model: Squad/Spaces/OverlayMasks/HitchhikerMask
[LOG 15:28:38.375] Load MU model: Squad/Spaces/OverlayMasks/LargeLabBorder
[LOG 15:28:38.381] Load MU model: Squad/Spaces/OverlayMasks/LargeLabMask
[LOG 15:28:38.386] Load MU model: Squad/Spaces/OverlayMasks/Mk1CabinBorder
[LOG 15:28:38.393] Load MU model: Squad/Spaces/OverlayMasks/Mk1CabinMask
[LOG 15:28:38.399] Load MU model: Squad/Spaces/OverlayMasks/Mk1InlineMask
[LOG 15:28:38.405] Load MU model: Squad/Spaces/OverlayMasks/Mk1InlineMask2
[LOG 15:28:38.410] Load MU model: Squad/Spaces/OverlayMasks/Mk1StandardBorder2
[LOG 15:28:38.415] Load MU model: Squad/Spaces/OverlayMasks/Mk1StandardBorder3
[LOG 15:28:38.420] Load MU model: Squad/Spaces/OverlayMasks/Mk1StandardMask
[LOG 15:28:38.425] Load MU model: Squad/Spaces/OverlayMasks/Mk1StandardMask2
[LOG 15:28:38.430] Load MU model: Squad/Spaces/OverlayMasks/Mk1StandardMask3
[LOG 15:28:38.436] Load MU model: Squad/Spaces/OverlayMasks/Mk2CabinBorder
[LOG 15:28:38.441] Load MU model: Squad/Spaces/OverlayMasks/Mk2CabinMask
[LOG 15:28:38.447] Load MU model: Squad/Spaces/OverlayMasks/Mk2InlineBorder
[LOG 15:28:38.451] Load MU model: Squad/Spaces/OverlayMasks/Mk2InlineMask
[LOG 15:28:38.456] Load MU model: Squad/Spaces/OverlayMasks/Mk2StandardBorder
[LOG 15:28:38.461] Load MU model: Squad/Spaces/OverlayMasks/Mk2StandardMask
[LOG 15:28:38.466] Load MU model: Squad/Spaces/OverlayMasks/Mk3CabinBorder
[LOG 15:28:38.475] Load MU model: Squad/Spaces/OverlayMasks/Mk3CabinMask
[LOG 15:28:38.480] Load MU model: Squad/Spaces/OverlayMasks/Mk3CabinMask2
[LOG 15:28:38.485] Load MU model: Squad/Spaces/OverlayMasks/Mk3ShuttleBorder
[LOG 15:28:38.490] Load MU model: Squad/Spaces/OverlayMasks/Mk3ShuttleMask
[LOG 15:28:38.494] Load MU model: Squad/Spaces/OverlayMasks/Size1LanderBorder
[LOG 15:28:38.500] Load MU model: Squad/Spaces/OverlayMasks/Size1LanderMask
[LOG 15:28:38.506] Load MU model: Squad/Spaces/OverlayMasks/Size1PodBorder
[LOG 15:28:38.510] Load MU model: Squad/Spaces/OverlayMasks/Size1PodMask
[LOG 15:28:38.515] Load MU model: Squad/Spaces/OverlayMasks/Size2LanderBorder
[LOG 15:28:38.520] Load MU model: Squad/Spaces/OverlayMasks/Size2LanderMask
[LOG 15:28:38.525] Load MU model: Squad/Spaces/OverlayMasks/Size2PodBorder
[LOG 15:28:38.530] Load MU model: Squad/Spaces/OverlayMasks/Size2PodMask
[LOG 15:28:38.537] Load MU model: Squad/Spaces/Placeholder/PlaceholderIVA
[LOG 15:28:38.542] Load MU model: Squad/Spaces/PodCockpit/model
[LOG 15:28:38.548] Load MU model: SquadExpansion/MakingHistory/Parts/Aero/protectiveRocketNoseMk5A/Size_1_5_Cone
[LOG 15:28:38.552] Load MU model: SquadExpansion/MakingHistory/Parts/Coupling/Assets/EnginePlate
[LOG 15:28:38.558] Load MU model: SquadExpansion/MakingHistory/Parts/Coupling/Assets/InflatableAirlock
[LOG 15:28:38.563] Load MU model: SquadExpansion/MakingHistory/Parts/Coupling/Assets/Size1_5_Decoupler
[LOG 15:28:38.568] Load MU model: SquadExpansion/MakingHistory/Parts/Engine/Assets/KE-1
[LOG 15:28:38.574] Load MU model: SquadExpansion/MakingHistory/Parts/Engine/Assets/LV-T87
[LOG 15:28:38.579] Load MU model: SquadExpansion/MakingHistory/Parts/Engine/Assets/LV-T91
[LOG 15:28:38.584] Load MU model: SquadExpansion/MakingHistory/Parts/Engine/Assets/RE-I2
[LOG 15:28:38.591] Load MU model: SquadExpansion/MakingHistory/Parts/Engine/Assets/RE-J10
[LOG 15:28:38.596] Load MU model: SquadExpansion/MakingHistory/Parts/Engine/Assets/RK-7
[LOG 15:28:38.601] Load MU model: SquadExpansion/MakingHistory/Parts/Engine/Assets/RV-1
[LOG 15:28:38.607] Load MU model: SquadExpansion/MakingHistory/Parts/Engine/solidBoosterTHK/solidBoosterTHK
[LOG 15:28:38.612] Load MU model: SquadExpansion/MakingHistory/Parts/FuelTank/Assets/MiniMonoTank
[LOG 15:28:38.618] Load MU model: SquadExpansion/MakingHistory/Parts/FuelTank/Assets/Size1_5_Size0_Adapter_01
[LOG 15:28:38.624] Load MU model: SquadExpansion/MakingHistory/Parts/FuelTank/Assets/Size1_5_Size1_Adapter_01
[LOG 15:28:38.628] Load MU model: SquadExpansion/MakingHistory/Parts/FuelTank/Assets/Size1_5_Size1_Adapter_02
[LOG 15:28:38.634] Load MU model: SquadExpansion/MakingHistory/Parts/FuelTank/Assets/Size1_5_Size2_Adapter_01
[LOG 15:28:38.638] Load MU model: SquadExpansion/MakingHistory/Parts/FuelTank/Assets/Size1_5_Tank_01
[LOG 15:28:38.645] Load MU model: SquadExpansion/MakingHistory/Parts/FuelTank/Assets/Size1_5_Tank_02
[LOG 15:28:38.651] Load MU model: SquadExpansion/MakingHistory/Parts/FuelTank/Assets/Size1_5_Tank_03
[LOG 15:28:38.657] Load MU model: SquadExpansion/MakingHistory/Parts/FuelTank/Assets/Size1_5_Tank_04
[LOG 15:28:38.663] Load MU model: SquadExpansion/MakingHistory/Parts/FuelTank/Assets/Size1_5_Tank_05
[LOG 15:28:38.667] Load MU model: SquadExpansion/MakingHistory/Parts/FuelTank/Assets/Size3_Size4_Adapter_01
[LOG 15:28:38.673] Load MU model: SquadExpansion/MakingHistory/Parts/FuelTank/Assets/Size4_EngineAdapter_01
[LOG 15:28:38.678] Load MU model: SquadExpansion/MakingHistory/Parts/FuelTank/Assets/Size4_Tank_01
[LOG 15:28:38.682] Load MU model: SquadExpansion/MakingHistory/Parts/FuelTank/Assets/Size4_Tank_02
[LOG 15:28:38.690] Load MU model: SquadExpansion/MakingHistory/Parts/FuelTank/Assets/Size4_Tank_03
[LOG 15:28:38.698] Load MU model: SquadExpansion/MakingHistory/Parts/FuelTank/Assets/Size4_Tank_04
[LOG 15:28:38.702] Load MU model: SquadExpansion/MakingHistory/Parts/FuelTank/Assets/Size_1p5_Monoprop
[LOG 15:28:38.707] Load MU model: SquadExpansion/MakingHistory/Parts/Ground/Assets/RoverWheel
[WRN 15:28:38.708] WheelCollider requires an attached Rigidbody to function.
[WRN 15:28:38.708] WheelCollider requires an attached Rigidbody to function.
[LOG 15:28:38.712] Load MU model: SquadExpansion/MakingHistory/Parts/Payload/Assets/ServiceModule18
[LOG 15:28:38.718] Load MU model: SquadExpansion/MakingHistory/Parts/Payload/Assets/ServiceModule25
[LOG 15:28:38.725] Load MU model: SquadExpansion/MakingHistory/Parts/Payload/Assets/Size1to0ServiceModule
[LOG 15:28:38.730] Load MU model: SquadExpansion/MakingHistory/Parts/Pods/Assets/Mk2Pod
[LOG 15:28:38.734] Load MU model: SquadExpansion/MakingHistory/Parts/Pods/Assets/RoundPod
[LOG 15:28:38.742] Load MU model: SquadExpansion/MakingHistory/Parts/Pods/Assets/Size1_5_Lander
[LOG 15:28:38.746] Load MU model: SquadExpansion/MakingHistory/Parts/SharedAssets/Shroud1p5x0
[LOG 15:28:38.752] Load MU model: SquadExpansion/MakingHistory/Parts/SharedAssets/Shroud1p5x1
[LOG 15:28:38.757] Load MU model: SquadExpansion/MakingHistory/Parts/SharedAssets/Shroud1p5x2
[LOG 15:28:38.762] Load MU model: SquadExpansion/MakingHistory/Parts/SharedAssets/Shroud1p5x3
[LOG 15:28:38.768] Load MU model: SquadExpansion/MakingHistory/Parts/SharedAssets/Shroud1p5x4
[LOG 15:28:38.773] Load MU model: SquadExpansion/MakingHistory/Parts/SharedAssets/Shroud1x0
[LOG 15:28:38.778] Load MU model: SquadExpansion/MakingHistory/Parts/SharedAssets/Shroud1x1
[LOG 15:28:38.783] Load MU model: SquadExpansion/MakingHistory/Parts/SharedAssets/Shroud1x2
[LOG 15:28:38.789] Load MU model: SquadExpansion/MakingHistory/Parts/SharedAssets/Shroud1x3
[LOG 15:28:38.794] Load MU model: SquadExpansion/MakingHistory/Parts/SharedAssets/Shroud1x4
[LOG 15:28:38.800] Load MU model: SquadExpansion/MakingHistory/Parts/SharedAssets/Shroud2x0
[LOG 15:28:38.804] Load MU model: SquadExpansion/MakingHistory/Parts/SharedAssets/Shroud2x1
[LOG 15:28:38.809] Load MU model: SquadExpansion/MakingHistory/Parts/SharedAssets/Shroud2x2
[LOG 15:28:38.814] Load MU model: SquadExpansion/MakingHistory/Parts/SharedAssets/Shroud2x3
[LOG 15:28:38.819] Load MU model: SquadExpansion/MakingHistory/Parts/SharedAssets/Shroud2x4
[LOG 15:28:38.824] Load MU model: SquadExpansion/MakingHistory/Parts/SharedAssets/Shroud3x0
[LOG 15:28:38.833] Load MU model: SquadExpansion/MakingHistory/Parts/SharedAssets/Shroud3x1
[LOG 15:28:38.839] Load MU model: SquadExpansion/MakingHistory/Parts/SharedAssets/Shroud3x2
[LOG 15:28:38.843] Load MU model: SquadExpansion/MakingHistory/Parts/SharedAssets/Shroud3x3
[LOG 15:28:38.848] Load MU model: SquadExpansion/MakingHistory/Parts/SharedAssets/Shroud3x4
[LOG 15:28:38.854] Load MU model: SquadExpansion/MakingHistory/Parts/SharedAssets/Shroud4x0
[LOG 15:28:38.858] Load MU model: SquadExpansion/MakingHistory/Parts/SharedAssets/Shroud4x1
[LOG 15:28:38.862] Load MU model: SquadExpansion/MakingHistory/Parts/SharedAssets/Shroud4x2
[LOG 15:28:38.867] Load MU model: SquadExpansion/MakingHistory/Parts/SharedAssets/Shroud4x3
[LOG 15:28:38.873] Load MU model: SquadExpansion/MakingHistory/Parts/SharedAssets/Shroud4x4
[LOG 15:28:38.879] Load MU model: SquadExpansion/MakingHistory/Parts/SharedAssets/ShroudCollider0
[LOG 15:28:38.884] Load MU model: SquadExpansion/MakingHistory/Parts/SharedAssets/ShroudCollider1
[LOG 15:28:38.888] Load MU model: SquadExpansion/MakingHistory/Parts/SharedAssets/ShroudCollider1p5
[LOG 15:28:38.894] Load MU model: SquadExpansion/MakingHistory/Parts/SharedAssets/ShroudCollider2
[LOG 15:28:38.899] Load MU model: SquadExpansion/MakingHistory/Parts/SharedAssets/ShroudCollider3
[LOG 15:28:38.904] Load MU model: SquadExpansion/MakingHistory/Parts/SharedAssets/ShroudCollider4
[LOG 15:28:38.911] Load MU model: SquadExpansion/MakingHistory/Parts/Structural/Assets/EquiTriangle0
[LOG 15:28:38.916] Load MU model: SquadExpansion/MakingHistory/Parts/Structural/Assets/EquiTriangle1
[LOG 15:28:38.921] Load MU model: SquadExpansion/MakingHistory/Parts/Structural/Assets/EquiTriangle1p5
[LOG 15:28:38.925] Load MU model: SquadExpansion/MakingHistory/Parts/Structural/Assets/EquiTriangle2
[LOG 15:28:38.931] Load MU model: SquadExpansion/MakingHistory/Parts/Structural/Assets/Panel0
[LOG 15:28:38.936] Load MU model: SquadExpansion/MakingHistory/Parts/Structural/Assets/Panel1
[LOG 15:28:38.940] Load MU model: SquadExpansion/MakingHistory/Parts/Structural/Assets/Panel1p5
[LOG 15:28:38.947] Load MU model: SquadExpansion/MakingHistory/Parts/Structural/Assets/Panel2
[LOG 15:28:38.952] Load MU model: SquadExpansion/MakingHistory/Parts/Structural/Assets/Triangle0
[LOG 15:28:38.956] Load MU model: SquadExpansion/MakingHistory/Parts/Structural/Assets/Triangle1
[LOG 15:28:38.962] Load MU model: SquadExpansion/MakingHistory/Parts/Structural/Assets/Triangle1p5
[LOG 15:28:38.968] Load MU model: SquadExpansion/MakingHistory/Parts/Structural/Assets/Triangle2
[LOG 15:28:38.972] Load MU model: SquadExpansion/MakingHistory/Parts/Utility/flags/flagSize1p5/flagSize1p5Meshes
[LOG 15:28:38.979] Load MU model: SquadExpansion/MakingHistory/Parts/Utility/flags/flagSize4/flagSize4Meshes
[LOG 15:28:38.984] Load MU model: SquadExpansion/MakingHistory/Spaces/KVPods/Airlock_IVA
[LOG 15:28:38.990] Load MU model: SquadExpansion/MakingHistory/Spaces/KVPods/KV1_IVA
[LOG 15:28:38.995] Load MU model: SquadExpansion/MakingHistory/Spaces/KVPods/KV2_IVA
[LOG 15:28:39.001] Load MU model: SquadExpansion/MakingHistory/Spaces/KVPods/KV3_IVA
[LOG 15:28:39.006] Load MU model: SquadExpansion/MakingHistory/Spaces/MEM/MEM_IVA
[LOG 15:28:39.012] Load MU model: SquadExpansion/MakingHistory/Spaces/Mk2Pod/MK2POD_IVA
[LOG 15:28:39.018] Load MU model: SquadExpansion/Serenity/Parts/Aero/Assets/FanShroud_01
[LOG 15:28:39.023] Load MU model: SquadExpansion/Serenity/Parts/Aero/Assets/FanShroud_02
[LOG 15:28:39.028] Load MU model: SquadExpansion/Serenity/Parts/Aero/Assets/FanShroud_03
[LOG 15:28:39.033] Load MU model: SquadExpansion/Serenity/Parts/Aero/Assets/noseconeTiny
[LOG 15:28:39.039] Load MU model: SquadExpansion/Serenity/Parts/Aero/Assets/noseconeVS
[LOG 15:28:39.044] Load MU model: SquadExpansion/Serenity/Parts/DeployedScience/Assets/CentralStation
[LOG 15:28:39.052] Load MU model: SquadExpansion/Serenity/Parts/DeployedScience/Assets/GoExOb
[LOG 15:28:39.057] Load MU model: SquadExpansion/Serenity/Parts/DeployedScience/Assets/IonExperiment
[LOG 15:28:39.062] Load MU model: SquadExpansion/Serenity/Parts/DeployedScience/Assets/RTGCask
[LOG 15:28:39.068] Load MU model: SquadExpansion/Serenity/Parts/DeployedScience/Assets/satDish
[LOG 15:28:39.074] Load MU model: SquadExpansion/Serenity/Parts/DeployedScience/Assets/seismicSensor
[LOG 15:28:39.079] Load MU model: SquadExpansion/Serenity/Parts/DeployedScience/Assets/solarPanel
[LOG 15:28:39.088] Load MU model: SquadExpansion/Serenity/Parts/DeployedScience/Assets/WeatherStation
[LOG 15:28:39.093] Load MU model: SquadExpansion/Serenity/Parts/Propellers/Assets/largeFanBlade
[LOG 15:28:39.099] Load MU model: SquadExpansion/Serenity/Parts/Propellers/Assets/largeHeliBlade
[LOG 15:28:39.103] Load MU model: SquadExpansion/Serenity/Parts/Propellers/Assets/largePropeller
[LOG 15:28:39.107] Load MU model: SquadExpansion/Serenity/Parts/Propellers/Assets/mediumFanBlade
[LOG 15:28:39.113] Load MU model: SquadExpansion/Serenity/Parts/Propellers/Assets/mediumHeliBlade
[LOG 15:28:39.118] Load MU model: SquadExpansion/Serenity/Parts/Propellers/Assets/mediumPropeller
[LOG 15:28:39.126] Load MU model: SquadExpansion/Serenity/Parts/Propellers/Assets/smallFanBlade
[LOG 15:28:39.132] Load MU model: SquadExpansion/Serenity/Parts/Propellers/Assets/smallHeliBlade
[LOG 15:28:39.148] Load MU model: SquadExpansion/Serenity/Parts/Propellers/Assets/smallPropeller
[LOG 15:28:39.157] Load MU model: SquadExpansion/Serenity/Parts/Robotics/Assets/hinge_01
[LOG 15:28:39.163] Load MU model: SquadExpansion/Serenity/Parts/Robotics/Assets/hinge_01_s
[LOG 15:28:39.168] Load MU model: SquadExpansion/Serenity/Parts/Robotics/Assets/hinge_03
[LOG 15:28:39.174] Load MU model: SquadExpansion/Serenity/Parts/Robotics/Assets/hinge_03_s
[LOG 15:28:39.178] Load MU model: SquadExpansion/Serenity/Parts/Robotics/Assets/hinge_04
[LOG 15:28:39.184] Load MU model: SquadExpansion/Serenity/Parts/Robotics/Assets/piston_01
[LOG 15:28:39.188] Load MU model: SquadExpansion/Serenity/Parts/Robotics/Assets/piston_02
[LOG 15:28:39.193] Load MU model: SquadExpansion/Serenity/Parts/Robotics/Assets/piston_03
[LOG 15:28:39.199] Load MU model: SquadExpansion/Serenity/Parts/Robotics/Assets/piston_04
[LOG 15:28:39.204] Load MU model: SquadExpansion/Serenity/Parts/Robotics/Assets/RotorEngine_02
[LOG 15:28:39.210] Load MU model: SquadExpansion/Serenity/Parts/Robotics/Assets/RotorEngine_03
[LOG 15:28:39.215] Load MU model: SquadExpansion/Serenity/Parts/Robotics/Assets/rotor_01
[LOG 15:28:39.251] Load MU model: SquadExpansion/Serenity/Parts/Robotics/Assets/rotor_01s
[LOG 15:28:39.258] Load MU model: SquadExpansion/Serenity/Parts/Robotics/Assets/rotor_02
[LOG 15:28:39.264] Load MU model: SquadExpansion/Serenity/Parts/Robotics/Assets/rotor_02s
[LOG 15:28:39.268] Load MU model: SquadExpansion/Serenity/Parts/Robotics/Assets/rotor_03
[LOG 15:28:39.274] Load MU model: SquadExpansion/Serenity/Parts/Robotics/Assets/rotor_03s
[LOG 15:28:39.279] Load MU model: SquadExpansion/Serenity/Parts/Robotics/Assets/RotoServo_00
[LOG 15:28:39.284] Load MU model: SquadExpansion/Serenity/Parts/Robotics/Assets/RotoServo_02
[LOG 15:28:39.289] Load MU model: SquadExpansion/Serenity/Parts/Robotics/Assets/RotoServo_03
[LOG 15:28:39.295] Load MU model: SquadExpansion/Serenity/Parts/Robotics/Assets/RotoServo_04
[LOG 15:28:39.300] Load MU model: SquadExpansion/Serenity/Parts/Robotics/Controllers/controller1000
[LOG 15:28:39.309] Load MU model: SquadExpansion/Serenity/Parts/Science/RobotArmScanner/Assets/ROCArm_01
[LOG 15:28:39.313] Load MU model: SquadExpansion/Serenity/Parts/Science/RobotArmScanner/Assets/ROCArm_02
[LOG 15:28:39.319] Load MU model: SquadExpansion/Serenity/Parts/Science/RobotArmScanner/Assets/ROCArm_03
[LOG 15:28:39.324] Load MU model: SquadExpansion/Serenity/Parts/Structural/gripPads/Assets/lGripPad
[LOG 15:28:39.333] Load MU model: SquadExpansion/Serenity/Parts/Structural/gripPads/Assets/lGripStrip
[LOG 15:28:39.340] Load MU model: SquadExpansion/Serenity/Parts/Structural/gripPads/Assets/mGripPad
[LOG 15:28:39.345] Load MU model: SquadExpansion/Serenity/Parts/Structural/gripPads/Assets/sGripPad
[LOG 15:28:39.349] Load MU model: SquadExpansion/Serenity/Parts/Structural/gripPads/Assets/sGripStrip
[LOG 15:28:39.350] Loading Asset Bundle Definitions
[LOG 15:28:39.351] AssetLoader: Loading bundle definitions
[LOG 15:28:39.486] AssetLoader: Loaded bundle 'squadcore'
[LOG 15:28:39.487] AssetLoader: Loaded bundle 'squadcorefx'
[LOG 15:28:39.487] AssetLoader: Loaded mod bundle 'kspedia'
[LOG 15:28:39.488] AssetLoader: Loaded mod bundle 'kspedia_actionsets'
[LOG 15:28:39.488] AssetLoader: Loaded mod bundle 'kspedia_aircraft'
[LOG 15:28:39.488] AssetLoader: Loaded mod bundle 'kspedia_aircraftbasics'
[LOG 15:28:39.489] AssetLoader: Loaded mod bundle 'kspedia_aircraftbasicsbalance'
[LOG 15:28:39.489] AssetLoader: Loaded mod bundle 'kspedia_aircraftbasicsbalance2'
[LOG 15:28:39.489] AssetLoader: Loaded mod bundle 'kspedia_aircraftbasicscol'
[LOG 15:28:39.490] AssetLoader: Loaded mod bundle 'kspedia_aircraftbasicscontrol'
[LOG 15:28:39.490] AssetLoader: Loaded mod bundle 'kspedia_aircraftbasicscontrolsurfaces'
[LOG 15:28:39.490] AssetLoader: Loaded mod bundle 'kspedia_aircraftbasicsdrag'
[LOG 15:28:39.490] AssetLoader: Loaded mod bundle 'kspedia_aircraftbasicsengines'
[LOG 15:28:39.491] AssetLoader: Loaded mod bundle 'kspedia_aircraftbasicsforces'
[LOG 15:28:39.491] AssetLoader: Loaded mod bundle 'kspedia_aircraftbasicsintakes'
[LOG 15:28:39.491] AssetLoader: Loaded mod bundle 'kspedia_aircraftbasicslandinggear'
[LOG 15:28:39.491] AssetLoader: Loaded mod bundle 'kspedia_aircraftbasicslift'
[LOG 15:28:39.492] AssetLoader: Loaded mod bundle 'kspedia_axisgroups'
[LOG 15:28:39.492] AssetLoader: Loaded mod bundle 'kspedia_career'
[LOG 15:28:39.492] AssetLoader: Loaded mod bundle 'kspedia_careerbasicscontracts'
[LOG 15:28:39.493] AssetLoader: Loaded mod bundle 'kspedia_careerbasicscrew'
[LOG 15:28:39.493] AssetLoader: Loaded mod bundle 'kspedia_careerbasicscurrencies'
[LOG 15:28:39.493] AssetLoader: Loaded mod bundle 'kspedia_careerbasicsexperience'
[LOG 15:28:39.494] AssetLoader: Loaded mod bundle 'kspedia_careerbasicsfacilities'
[LOG 15:28:39.494] AssetLoader: Loaded mod bundle 'kspedia_careerbasicsstrategies'
[LOG 15:28:39.494] AssetLoader: Loaded mod bundle 'kspedia_careerbasicstechnology'
[LOG 15:28:39.494] AssetLoader: Loaded mod bundle 'kspedia_careerui-ac'
[LOG 15:28:39.495] AssetLoader: Loaded mod bundle 'kspedia_careerui-admin'
[LOG 15:28:39.495] AssetLoader: Loaded mod bundle 'kspedia_careerui-ksc'
[LOG 15:28:39.495] AssetLoader: Loaded mod bundle 'kspedia_careerui-mc'
[LOG 15:28:39.495] AssetLoader: Loaded mod bundle 'kspedia_careerui-sciencearchives'
[LOG 15:28:39.496] AssetLoader: Loaded mod bundle 'kspedia_careerui-techtree'
[LOG 15:28:39.496] AssetLoader: Loaded mod bundle 'kspedia_careerui-ts'
[LOG 15:28:39.496] AssetLoader: Loaded mod bundle 'kspedia_careerui'
[LOG 15:28:39.497] AssetLoader: Loaded mod bundle 'kspedia_cargoapp'
[LOG 15:28:39.497] AssetLoader: Loaded mod bundle 'kspedia_cargomode'
[LOG 15:28:39.497] AssetLoader: Loaded mod bundle 'kspedia_cargosystem-placeableparts'
[LOG 15:28:39.498] AssetLoader: Loaded mod bundle 'kspedia_cargosystem'
[LOG 15:28:39.498] AssetLoader: Loaded mod bundle 'kspedia_chute'
[LOG 15:28:39.498] AssetLoader: Loaded mod bundle 'kspedia_commnet'
[LOG 15:28:39.499] AssetLoader: Loaded mod bundle 'kspedia_commnetbasics'
[LOG 15:28:39.499] AssetLoader: Loaded mod bundle 'kspedia_commnetbuildingeffectivenetworks'
[LOG 15:28:39.499] AssetLoader: Loaded mod bundle 'kspedia_commnetcalculatingrange'
[LOG 15:28:39.499] AssetLoader: Loaded mod bundle 'kspedia_commnetcontrollevels'
[LOG 15:28:39.499] AssetLoader: Loaded mod bundle 'kspedia_commnetcontrollinks'
[LOG 15:28:39.500] AssetLoader: Loaded mod bundle 'kspedia_commnetcontrolpoints'
[LOG 15:28:39.500] AssetLoader: Loaded mod bundle 'kspedia_commnetgui'
[LOG 15:28:39.500] AssetLoader: Loaded mod bundle 'kspedia_commnetgui01'
[LOG 15:28:39.500] AssetLoader: Loaded mod bundle 'kspedia_commnetgui02'
[LOG 15:28:39.501] AssetLoader: Loaded mod bundle 'kspedia_commnetrange'
[LOG 15:28:39.501] AssetLoader: Loaded mod bundle 'kspedia_commnetrelays'
[LOG 15:28:39.501] AssetLoader: Loaded mod bundle 'kspedia_commnetsciencetransmission'
[LOG 15:28:39.501] AssetLoader: Loaded mod bundle 'kspedia_commnetsignalstrength'
[LOG 15:28:39.501] AssetLoader: Loaded mod bundle 'kspedia_commnettransmission'
[LOG 15:28:39.502] AssetLoader: Loaded mod bundle 'kspedia_constructionui-actiongroups'
[LOG 15:28:39.502] AssetLoader: Loaded mod bundle 'kspedia_constructionui-applauncher'
[LOG 15:28:39.502] AssetLoader: Loaded mod bundle 'kspedia_constructionui-crew'
[LOG 15:28:39.503] AssetLoader: Loaded mod bundle 'kspedia_constructionui-engineersreport'
[LOG 15:28:39.503] AssetLoader: Loaded mod bundle 'kspedia_constructionui-gizmos'
[LOG 15:28:39.503] AssetLoader: Loaded mod bundle 'kspedia_constructionui-infos'
[LOG 15:28:39.504] AssetLoader: Loaded mod bundle 'kspedia_constructionui-partdetails'
[LOG 15:28:39.504] AssetLoader: Loaded mod bundle 'kspedia_constructionui-parts'
[LOG 15:28:39.504] AssetLoader: Loaded mod bundle 'kspedia_constructionui-symmetry'
[LOG 15:28:39.504] AssetLoader: Loaded mod bundle 'kspedia_constructionui-vesseldetails'
[LOG 15:28:39.505] AssetLoader: Loaded mod bundle 'kspedia_constructionui'
[LOG 15:28:39.505] AssetLoader: Loaded mod bundle 'kspedia_controls-dockingmode'
[LOG 15:28:39.505] AssetLoader: Loaded mod bundle 'kspedia_controls-editor'
[LOG 15:28:39.506] AssetLoader: Loaded mod bundle 'kspedia_controls-editorgizmos'
[LOG 15:28:39.506] AssetLoader: Loaded mod bundle 'kspedia_controls-eva'
[LOG 15:28:39.506] AssetLoader: Loaded mod bundle 'kspedia_controls-flight'
[LOG 15:28:39.507] AssetLoader: Loaded mod bundle 'kspedia_controls-flightactivities'
[LOG 15:28:39.507] AssetLoader: Loaded mod bundle 'kspedia_controls-flightdirections'
[LOG 15:28:39.507] AssetLoader: Loaded mod bundle 'kspedia_controls-general'
[LOG 15:28:39.507] AssetLoader: Loaded mod bundle 'kspedia_controls-mapandtime'
[LOG 15:28:39.508] AssetLoader: Loaded mod bundle 'kspedia_controls-mouseconstruction'
[LOG 15:28:39.508] AssetLoader: Loaded mod bundle 'kspedia_controls-mouseflight'
[LOG 15:28:39.508] AssetLoader: Loaded mod bundle 'kspedia_controls-rcs'
[LOG 15:28:39.509] AssetLoader: Loaded mod bundle 'kspedia_controls'
[LOG 15:28:39.509] AssetLoader: Loaded mod bundle 'kspedia_eastereggs'
[LOG 15:28:39.509] AssetLoader: Loaded mod bundle 'kspedia_evaconstructionmode'
[LOG 15:28:39.509] AssetLoader: Loaded mod bundle 'kspedia_facilities-ac'
[LOG 15:28:39.510] AssetLoader: Loaded mod bundle 'kspedia_facilities-admin'
[LOG 15:28:39.510] AssetLoader: Loaded mod bundle 'kspedia_facilities-context'
[LOG 15:28:39.510] AssetLoader: Loaded mod bundle 'kspedia_facilities-ksc'
[LOG 15:28:39.511] AssetLoader: Loaded mod bundle 'kspedia_facilities-launchpad'
[LOG 15:28:39.511] AssetLoader: Loaded mod bundle 'kspedia_facilities-mc'
[LOG 15:28:39.511] AssetLoader: Loaded mod bundle 'kspedia_facilities-randd'
[LOG 15:28:39.511] AssetLoader: Loaded mod bundle 'kspedia_facilities-runway'
[LOG 15:28:39.512] AssetLoader: Loaded mod bundle 'kspedia_facilities-sph'
[LOG 15:28:39.512] AssetLoader: Loaded mod bundle 'kspedia_facilities-ts'
[LOG 15:28:39.512] AssetLoader: Loaded mod bundle 'kspedia_facilities-vab'
[LOG 15:28:39.512] AssetLoader: Loaded mod bundle 'kspedia_flightui-altimeter'
[LOG 15:28:39.513] AssetLoader: Loaded mod bundle 'kspedia_flightui-applauncher'
[LOG 15:28:39.513] AssetLoader: Loaded mod bundle 'kspedia_flightui-evaactivities'
[LOG 15:28:39.513] AssetLoader: Loaded mod bundle 'kspedia_flightui-maneuvermodeeditor'
[LOG 15:28:39.514] AssetLoader: Loaded mod bundle 'kspedia_flightui-maneuvermodeeditorcont'
[LOG 15:28:39.514] AssetLoader: Loaded mod bundle 'kspedia_flightui-maneuvermodeorbit'
[LOG 15:28:39.514] AssetLoader: Loaded mod bundle 'kspedia_flightui-maneuvertoolinfo'
[LOG 15:28:39.514] AssetLoader: Loaded mod bundle 'kspedia_flightui-maneuvertoolmain'
[LOG 15:28:39.515] AssetLoader: Loaded mod bundle 'kspedia_flightui-modecontrol'
[LOG 15:28:39.515] AssetLoader: Loaded mod bundle 'kspedia_flightui-navball'
[LOG 15:28:39.515] AssetLoader: Loaded mod bundle 'kspedia_flightui-partrepairs'
[LOG 15:28:39.515] AssetLoader: Loaded mod bundle 'kspedia_flightui-portraits'
[LOG 15:28:39.516] AssetLoader: Loaded mod bundle 'kspedia_flightui-staging'
[LOG 15:28:39.516] AssetLoader: Loaded mod bundle 'kspedia_flightui-timeandaction'
[LOG 15:28:39.516] AssetLoader: Loaded mod bundle 'kspedia_flightui'
[LOG 15:28:39.516] AssetLoader: Loaded mod bundle 'kspedia_heat'
[LOG 15:28:39.517] AssetLoader: Loaded mod bundle 'kspedia_heatactiveradiators'
[LOG 15:28:39.517] AssetLoader: Loaded mod bundle 'kspedia_heatengines'
[LOG 15:28:39.517] AssetLoader: Loaded mod bundle 'kspedia_heatflow'
[LOG 15:28:39.518] AssetLoader: Loaded mod bundle 'kspedia_heatpart'
[LOG 15:28:39.518] AssetLoader: Loaded mod bundle 'kspedia_heatpassiveradiators'
[LOG 15:28:39.518] AssetLoader: Loaded mod bundle 'kspedia_heatshields'
[LOG 15:28:39.519] AssetLoader: Loaded mod bundle 'kspedia_kerbnet'
[LOG 15:28:39.519] AssetLoader: Loaded mod bundle 'kspedia_kerbnetinterface'
[LOG 15:28:39.519] AssetLoader: Loaded mod bundle 'kspedia_kerbnetmodes'
[LOG 15:28:39.519] AssetLoader: Loaded mod bundle 'kspedia_kerbnetwaypoints'
[LOG 15:28:39.520] AssetLoader: Loaded mod bundle 'kspedia_locations'
[LOG 15:28:39.520] AssetLoader: Loaded mod bundle 'kspedia_manual'
[LOG 15:28:39.520] AssetLoader: Loaded mod bundle 'kspedia_mapui-alarmclockcreation'
[LOG 15:28:39.520] AssetLoader: Loaded mod bundle 'kspedia_mapui-alarmclockmain'
[LOG 15:28:39.521] AssetLoader: Loaded mod bundle 'kspedia_mapui-burnindicator'
[LOG 15:28:39.521] AssetLoader: Loaded mod bundle 'kspedia_mapui-dvtoolsflight'
[LOG 15:28:39.521] AssetLoader: Loaded mod bundle 'kspedia_mapui-dvtoolsvab'
[LOG 15:28:39.521] AssetLoader: Loaded mod bundle 'kspedia_mapui-mannodes'
[LOG 15:28:39.522] AssetLoader: Loaded mod bundle 'kspedia_mapui-orbitnodes'
[LOG 15:28:39.522] AssetLoader: Loaded mod bundle 'kspedia_mapui-orbitnodes2'
[LOG 15:28:39.522] AssetLoader: Loaded mod bundle 'kspedia_mapui'
[LOG 15:28:39.522] AssetLoader: Loaded mod bundle 'kspedia_orbitalbasics-atmosphere'
[LOG 15:28:39.523] AssetLoader: Loaded mod bundle 'kspedia_orbitalbasics-gettingbackdown'
[LOG 15:28:39.523] AssetLoader: Loaded mod bundle 'kspedia_orbitalbasics-gettingupthere'
[LOG 15:28:39.523] AssetLoader: Loaded mod bundle 'kspedia_orbitalbasics-gravityturn'
[LOG 15:28:39.523] AssetLoader: Loaded mod bundle 'kspedia_orbitalbasics-orbits'
[LOG 15:28:39.524] AssetLoader: Loaded mod bundle 'kspedia_orbitalbasics-stayingupthere'
[LOG 15:28:39.524] AssetLoader: Loaded mod bundle 'kspedia_orbitalbasics'
[LOG 15:28:39.524] AssetLoader: Loaded mod bundle 'kspedia_orbitaldefinitions-appe'
[LOG 15:28:39.524] AssetLoader: Loaded mod bundle 'kspedia_orbitaldefinitions-dirandinc'
[LOG 15:28:39.525] AssetLoader: Loaded mod bundle 'kspedia_orbitaldefinitions-directions'
[LOG 15:28:39.525] AssetLoader: Loaded mod bundle 'kspedia_orbitaldefinitions-eccentricity'
[LOG 15:28:39.525] AssetLoader: Loaded mod bundle 'kspedia_orbitaldefinitions'
[LOG 15:28:39.525] AssetLoader: Loaded mod bundle 'kspedia_orbitalmaneuvers-adjustinginclination'
[LOG 15:28:39.526] AssetLoader: Loaded mod bundle 'kspedia_orbitalmaneuvers-deltav'
[LOG 15:28:39.526] AssetLoader: Loaded mod bundle 'kspedia_orbitalmaneuvers-efficiency'
[LOG 15:28:39.526] AssetLoader: Loaded mod bundle 'kspedia_orbitalmaneuvers-hohmanntransfer'
[LOG 15:28:39.526] AssetLoader: Loaded mod bundle 'kspedia_orbitalmaneuvers-hohmanntransfer2'
[LOG 15:28:39.527] AssetLoader: Loaded mod bundle 'kspedia_orbitalmaneuvers-orbittypes'
[LOG 15:28:39.527] AssetLoader: Loaded mod bundle 'kspedia_orbitalmaneuvers-radandantirad'
[LOG 15:28:39.527] AssetLoader: Loaded mod bundle 'kspedia_orbitalmaneuvers-shapingup'
[LOG 15:28:39.527] AssetLoader: Loaded mod bundle 'kspedia_orbitalmaneuvers'
[LOG 15:28:39.528] AssetLoader: Loaded mod bundle 'kspedia_planets-dres'
[LOG 15:28:39.528] AssetLoader: Loaded mod bundle 'kspedia_planets-duna'
[LOG 15:28:39.528] AssetLoader: Loaded mod bundle 'kspedia_planets-eeloo'
[LOG 15:28:39.528] AssetLoader: Loaded mod bundle 'kspedia_planets-eve'
[LOG 15:28:39.529] AssetLoader: Loaded mod bundle 'kspedia_planets-jool'
[LOG 15:28:39.529] AssetLoader: Loaded mod bundle 'kspedia_planets-kerbin'
[LOG 15:28:39.529] AssetLoader: Loaded mod bundle 'kspedia_planets-moho'
[LOG 15:28:39.529] AssetLoader: Loaded mod bundle 'kspedia_planets-sun'
[LOG 15:28:39.529] AssetLoader: Loaded mod bundle 'kspedia_planets-system'
[LOG 15:28:39.530] AssetLoader: Loaded mod bundle 'kspedia_resources-asteroidmining'
[LOG 15:28:39.530] AssetLoader: Loaded mod bundle 'kspedia_resources-conversionmanagement'
[LOG 15:28:39.530] AssetLoader: Loaded mod bundle 'kspedia_resources-drilling'
[LOG 15:28:39.531] AssetLoader: Loaded mod bundle 'kspedia_resources-findingit'
[LOG 15:28:39.531] AssetLoader: Loaded mod bundle 'kspedia_resources-findingit2'
[LOG 15:28:39.531] AssetLoader: Loaded mod bundle 'kspedia_resources-storageandconversion'
[LOG 15:28:39.531] AssetLoader: Loaded mod bundle 'kspedia_resources'
[LOG 15:28:39.531] AssetLoader: Loaded mod bundle 'kspedia_rocketry'
[LOG 15:28:39.532] AssetLoader: Loaded mod bundle 'kspedia_rocketryadvanced-fairings'
[LOG 15:28:39.532] AssetLoader: Loaded mod bundle 'kspedia_rocketryadvanced-girders'
[LOG 15:28:39.532] AssetLoader: Loaded mod bundle 'kspedia_rocketryadvanced'
[LOG 15:28:39.533] AssetLoader: Loaded mod bundle 'kspedia_rocketrybasics'
[LOG 15:28:39.533] AssetLoader: Loaded mod bundle 'kspedia_rocketrybasicsaero'
[LOG 15:28:39.533] AssetLoader: Loaded mod bundle 'kspedia_rocketrybasicscentered'
[LOG 15:28:39.533] AssetLoader: Loaded mod bundle 'kspedia_rocketrybasicschutes'
[LOG 15:28:39.534] AssetLoader: Loaded mod bundle 'kspedia_rocketrybasicscontrol'
[LOG 15:28:39.534] AssetLoader: Loaded mod bundle 'kspedia_rocketrybasicsecrecharging'
[LOG 15:28:39.534] AssetLoader: Loaded mod bundle 'kspedia_rocketrybasicsengines'
[LOG 15:28:39.534] AssetLoader: Loaded mod bundle 'kspedia_rocketrybasicsforces'
[LOG 15:28:39.535] AssetLoader: Loaded mod bundle 'kspedia_rocketrybasicshatchesandladders'
[LOG 15:28:39.535] AssetLoader: Loaded mod bundle 'kspedia_rocketrybasicshibernation'
[LOG 15:28:39.535] AssetLoader: Loaded mod bundle 'kspedia_rocketrybasicsresources'
[LOG 15:28:39.535] AssetLoader: Loaded mod bundle 'kspedia_rocketrybasicsservicecontainers'
[LOG 15:28:39.535] AssetLoader: Loaded mod bundle 'kspedia_rocketrybasicsstability'
[LOG 15:28:39.536] AssetLoader: Loaded mod bundle 'kspedia_rocketrybasicsstabilityassist'
[LOG 15:28:39.536] AssetLoader: Loaded mod bundle 'kspedia_rocketrybasicsstaging'
[LOG 15:28:39.536] AssetLoader: Loaded mod bundle 'kspedia_rocketrybasicssymmetry'
[LOG 15:28:39.536] AssetLoader: Loaded mod bundle 'kspedia_science'
[LOG 15:28:39.537] AssetLoader: Loaded mod bundle 'kspedia_sciencedata'
[LOG 15:28:39.537] AssetLoader: Loaded mod bundle 'kspedia_scienceexperiments'
[LOG 15:28:39.537] AssetLoader: Loaded mod bundle 'kspedia_sciencelab'
[LOG 15:28:39.537] AssetLoader: Loaded mod bundle 'kspedia_sciencetransmitted'
[LOG 15:28:39.538] AssetLoader: Loaded mod bundle 'kspedia_spacetravel'
[LOG 15:28:39.538] AssetLoader: Loaded mod bundle 'kspedia_variantswitcher'
[LOG 15:28:39.538] AssetLoader: Loaded mod bundle 'kspfonts'
[LOG 15:28:39.692] AssetLoader: Loaded bundle 'squadcore'
[LOG 15:28:39.692] AssetLoader: Loaded bundle 'squadcorefx'
[LOG 15:28:39.693] AssetLoader: Loaded mod bundle 'kspedia_builder'
[LOG 15:28:39.693] AssetLoader: Loaded mod bundle 'kspedia_buildertoolbar'
[LOG 15:28:39.693] AssetLoader: Loaded mod bundle 'kspedia_canvas'
[LOG 15:28:39.694] AssetLoader: Loaded mod bundle 'kspedia_exportingvalidation'
[LOG 15:28:39.694] AssetLoader: Loaded mod bundle 'kspedia_flight'
[LOG 15:28:39.694] AssetLoader: Loaded mod bundle 'kspedia_flightapp'
[LOG 15:28:39.694] AssetLoader: Loaded mod bundle 'kspedia_gap'
[LOG 15:28:39.695] AssetLoader: Loaded mod bundle 'kspedia_gaptools'
[LOG 15:28:39.695] AssetLoader: Loaded mod bundle 'kspedia_makinghistory'
[LOG 15:28:39.695] AssetLoader: Loaded mod bundle 'kspedia_missionbriefing'
[LOG 15:28:39.695] AssetLoader: Loaded mod bundle 'kspedia_nodedocking'
[LOG 15:28:39.696] AssetLoader: Loaded mod bundle 'kspedia_nodesconnectors'
[LOG 15:28:39.696] AssetLoader: Loaded mod bundle 'kspedia_sap'
[LOG 15:28:39.696] AssetLoader: Loaded mod bundle 'kspedia_sidebar'
[LOG 15:28:39.697] AssetLoader: Loaded mod bundle 'kspedia_testingcheckpoints'
[LOG 15:28:39.697] AssetLoader: Loaded bundle 'makinghistory'
[LOG 15:28:39.697] AssetLoader: Loaded mod bundle 'kspedia_bladecyclic-collective-behaviour'
[LOG 15:28:39.697] AssetLoader: Loaded mod bundle 'kspedia_bladecyclic-collective-controls'
[LOG 15:28:39.698] AssetLoader: Loaded mod bundle 'kspedia_deployedscience-experiments'
[LOG 15:28:39.698] AssetLoader: Loaded mod bundle 'kspedia_deployedscience'
[LOG 15:28:39.698] AssetLoader: Loaded mod bundle 'kspedia_grippads'
[LOG 15:28:39.699] AssetLoader: Loaded mod bundle 'kspedia_layindtracks'
[LOG 15:28:39.699] AssetLoader: Loaded mod bundle 'kspedia_propellers'
[LOG 15:28:39.699] AssetLoader: Loaded mod bundle 'kspedia_propellersaerodynamics'
[LOG 15:28:39.700] AssetLoader: Loaded mod bundle 'kspedia_roboticcontroller'
[LOG 15:28:39.700] AssetLoader: Loaded mod bundle 'kspedia_roboticparts'
[LOG 15:28:39.700] AssetLoader: Loaded mod bundle 'kspedia_surface features-overview'
[LOG 15:28:39.700] AssetLoader: Loaded mod bundle 'kspedia_surface features-roverarmdetails'
[LOG 15:28:39.701] AssetLoader: Loaded mod bundle 'kspedia_trackeditor'
[LOG 15:28:39.701] AssetLoader: Loaded mod bundle 'kspedia_trackeditortoolbar'
[LOG 15:28:39.701] AssetLoader: Loaded mod bundle 'serenity'
[LOG 15:28:39.702] AssetLoader: Finished loading. 226 bundle definitions loaded.
[LOG 15:28:39.703] Compiling Configs:
[LOG 15:28:39.703] Config(DRAG_TIP) /Physics/DRAG_TIP
[LOG 15:28:39.703] Config(DRAG_SURFACE) /Physics/DRAG_SURFACE
[LOG 15:28:39.703] Config(DRAG_TAIL) /Physics/DRAG_TAIL
[LOG 15:28:39.703] Config(DRAG_MULTIPLIER) /Physics/DRAG_MULTIPLIER
[LOG 15:28:39.703] Config(DRAG_CD) /Physics/DRAG_CD
[LOG 15:28:39.703] Config(DRAG_CD_POWER) /Physics/DRAG_CD_POWER
[LOG 15:28:39.703] Config(DRAG_PSEUDOREYNOLDS) /Physics/DRAG_PSEUDOREYNOLDS
[LOG 15:28:39.703] Config(LIFTING_SURFACE_CURVES) /Physics/LIFTING_SURFACE_CURVES
[LOG 15:28:39.704] Config(VesselRanges) /Physics/VesselRanges
[LOG 15:28:39.704] Config(KOP_VERSION) Kopernicus/Config/00Version/Kopernicus_Version
[LOG 15:28:39.704] Config(@KOP_VERSION:FOR[Kopernicus_Version]) Kopernicus/Config/00Version/@KOP_VERSION:FOR[Kopernicus_Version]
[LOG 15:28:39.704] Config(Kopernicus_config) Kopernicus/Config/01_DefaultConfig/Kopernicus_config
[LOG 15:28:39.704] Config(Kopernicus_config_backup) Kopernicus/Config/02_ConfigCompat/Kopernicus_config_backup
[LOG 15:28:39.704] Config(@Kopernicus_config_backup:LAST[zKopernicus]) Kopernicus/Config/02_ConfigCompat/@Kopernicus_config_backup:LAST[zKopernicus]
[LOG 15:28:39.704] Config(@Kopernicus_config:LAST[zKopernicus]) Kopernicus/Config/02_ConfigCompat/@Kopernicus_config:LAST[zKopernicus]
[LOG 15:28:39.704] Config(@Kopernicus_config:HAS[#__kopConfigIndex[>0]]:LAST[zKopernicus]) Kopernicus/Config/02_ConfigCompat/@Kopernicus_config:HAS[#__kopConfigIndex[>0]]:LAST[zKopernicus]
[LOG 15:28:39.704] Config(@Kopernicus_config:HAS[#__kopHasDuplicates[true]]:LAST[zKopernicus]) Kopernicus/Config/02_ConfigCompat/@Kopernicus_config:HAS[#__kopHasDuplicates[true]]:LAST[zKopernicus]
[LOG 15:28:39.704] Config(@Kopernicus_config:HAS[#__kopHasDuplicates[true]]:LAST[zKopernicus]) Kopernicus/Config/02_ConfigCompat/@Kopernicus_config:HAS[#__kopHasDuplicates[true]]:LAST[zKopernicus]
[LOG 15:28:39.704] Config(!Kopernicus_config:HAS[#__kopConfigIndex[>0]]:LAST[zKopernicus]) Kopernicus/Config/02_ConfigCompat/!Kopernicus_config:HAS[#__kopConfigIndex[>0]]:LAST[zKopernicus]
[LOG 15:28:39.704] Config(@Kopernicus_config:LAST[zKopernicus]) Kopernicus/Config/02_ConfigCompat/@Kopernicus_config:LAST[zKopernicus]
[LOG 15:28:39.704] Config(@Kopernicus_config_backup:LAST[zKopernicus]) Kopernicus/Config/02_ConfigCompat/@Kopernicus_config_backup:LAST[zKopernicus]
[LOG 15:28:39.704] Config(@Kopernicus:FOR[Kopernicus]) Kopernicus/Config/BodyPQSFix/@Kopernicus:FOR[Kopernicus]
[LOG 15:28:39.704] Config(@Kopernicus_config:LAST[zKopernicus]) Kopernicus/Config/Kopernicus_Config/@Kopernicus_config:LAST[zKopernicus]
[LOG 15:28:39.704] Config(@KSP_COMMUNITY_FIXES:FINAL) Kopernicus/Config/KSPCF_DisableMapSOPatches/@KSP_COMMUNITY_FIXES:FINAL
[LOG 15:28:39.704] Config(@PART:HAS[@MODULE:HAS[#useKopernicusSolarPanels[?alse]]]:LAST[KOP_MULTI_STAR]) Kopernicus/Config/SolarPanels/@PART:HAS[@MODULE:HAS[#useKopernicusSolarPanels[?alse]]]:LAST[KOP_MULTI_STAR]
[LOG 15:28:39.704] Config(@PART:HAS[#useKopernicusSolarPanels[*]]:LAST[KOP_MULTI_STAR]) Kopernicus/Config/SolarPanels/@PART:HAS[#useKopernicusSolarPanels[*]]:LAST[KOP_MULTI_STAR]
[LOG 15:28:39.704] Config(@PART:HAS[@MODULE[ModuleDeployableSolarPanel]]:LAST[KOP_MULTI_STAR]) Kopernicus/Config/SolarPanels/@PART:HAS[@MODULE[ModuleDeployableSolarPanel]]:LAST[KOP_MULTI_STAR]
[LOG 15:28:39.704] Config(@Kopernicus_config:LAST[KOP_MULTI_STAR]) Kopernicus/Config/SolarPanels/@Kopernicus_config:LAST[KOP_MULTI_STAR]
[LOG 15:28:39.704] Config(@Kopernicus:LAST[KOP_MULTI_STAR]) Kopernicus/Config/SolarPanels/@Kopernicus:LAST[KOP_MULTI_STAR]
[LOG 15:28:39.704] Config(@PART:HAS[@MODULE[ModuleDeployableSolarPanel],~useKopernicusSolarPanels[false]]) Kopernicus/Config/SolarPanels/@PART:HAS[@MODULE[ModuleDeployableSolarPanel],~useKopernicusSolarPanels[false]]
[LOG 15:28:39.704] Config(@PART:HAS[@MODULE[ModuleCurvedSolarPanel],~useKopernicusSolarPanels[false]]) Kopernicus/Config/SolarPanels/@PART:HAS[@MODULE[ModuleCurvedSolarPanel],~useKopernicusSolarPanels[false]]
[LOG 15:28:39.704] Config(@PART:HAS[@MODULE[SSTUSolarPanelStatic],~useKopernicusSolarPanels[false]]) Kopernicus/Config/SolarPanels/@PART:HAS[@MODULE[SSTUSolarPanelStatic],~useKopernicusSolarPanels[false]]
[LOG 15:28:39.704] Config(@PART:HAS[@MODULE[SSTUSolarPanelDeployable],~useKopernicusSolarPanels[false]]) Kopernicus/Config/SolarPanels/@PART:HAS[@MODULE[SSTUSolarPanelDeployable],~useKopernicusSolarPanels[false]]
[LOG 15:28:39.704] Config(@PART:HAS[@MODULE[SSTUModularPart],~useKopernicusSolarPanels[false]]) Kopernicus/Config/SolarPanels/@PART:HAS[@MODULE[SSTUModularPart],~useKopernicusSolarPanels[false]]
[LOG 15:28:39.705] Config(@PART:HAS[@MODULE[ModuleROSolar],~useKopernicusSolarPanels[false]]) Kopernicus/Config/SolarPanels/@PART:HAS[@MODULE[ModuleROSolar],~useKopernicusSolarPanels[false]]
[LOG 15:28:39.705] Config(@PART:HAS[@MODULE[USSolarSwitch],~useKopernicusSolarPanels[false]]) Kopernicus/Config/SolarPanels/@PART:HAS[@MODULE[USSolarSwitch],~useKopernicusSolarPanels[false]]
[LOG 15:28:39.705] Config(@PART:HAS[@MODULE[ModuleDeployableSolarPanel],~useKopernicusSolarPanels[false]]:LAST[KOP_MULTI_STAR]) Kopernicus/Config/SolarPanels/@PART:HAS[@MODULE[ModuleDeployableSolarPanel],~useKopernicusSolarPanels[false]]:LAST[KOP_MULTI_STAR]
[LOG 15:28:39.705] Config(@PART:HAS[@MODULE[ModuleCurvedSolarPanel],~useKopernicusSolarPanels[false]]:LAST[KOP_MULTI_STAR]) Kopernicus/Config/SolarPanels/@PART:HAS[@MODULE[ModuleCurvedSolarPanel],~useKopernicusSolarPanels[false]]:LAST[KOP_MULTI_STAR]
[LOG 15:28:39.705] Config(@PART:HAS[@MODULE[SSTUSolarPanelStatic],~useKopernicusSolarPanels[false]]:LAST[KOP_MULTI_STAR]) Kopernicus/Config/SolarPanels/@PART:HAS[@MODULE[SSTUSolarPanelStatic],~useKopernicusSolarPanels[false]]:LAST[KOP_MULTI_STAR]
[LOG 15:28:39.705] Config(@PART:HAS[@MODULE[SSTUSolarPanelDeployable],~useKopernicusSolarPanels[false]]:LAST[KOP_MULTI_STAR]) Kopernicus/Config/SolarPanels/@PART:HAS[@MODULE[SSTUSolarPanelDeployable],~useKopernicusSolarPanels[false]]:LAST[KOP_MULTI_STAR]
[LOG 15:28:39.705] Config(@PART:HAS[@MODULE[SSTUModularPart],~useKopernicusSolarPanels[false]]:LAST[KOP_MULTI_STAR]) Kopernicus/Config/SolarPanels/@PART:HAS[@MODULE[SSTUModularPart],~useKopernicusSolarPanels[false]]:LAST[KOP_MULTI_STAR]
[LOG 15:28:39.705] Config(@PART:HAS[@MODULE[ModuleROSolar],~useKopernicusSolarPanels[false]]:LAST[KOP_MULTI_STAR]) Kopernicus/Config/SolarPanels/@PART:HAS[@MODULE[ModuleROSolar],~useKopernicusSolarPanels[false]]:LAST[KOP_MULTI_STAR]
[LOG 15:28:39.705] Config(@PART:HAS[@MODULE[USSolarSwitch],~useKopernicusSolarPanels[false]]:LAST[KOP_MULTI_STAR]) Kopernicus/Config/SolarPanels/@PART:HAS[@MODULE[USSolarSwitch],~useKopernicusSolarPanels[false]]:LAST[KOP_MULTI_STAR]
[LOG 15:28:39.705] Config(@PART:HAS[@MODULE[ModuleDeployableSolarPanel]:HAS[#chargeRate[>0],~resourceName[ThermalPower]],#__kop_star_count[>1]]:NEEDS[!Kerbalism,!RealismOverhaul]:LAST[KOP_MULTI_STAR]) Kopernicus/Config/SolarPanels/@PART:HAS[@MODULE[ModuleDeployableSolarPanel]:HAS[#chargeRate[>0],~resourceName[ThermalPower]],#__kop_star_count[>1]]:NEEDS[!Kerbalism,!RealismOverhaul]:LAST[KOP_MULTI_STAR]
[LOG 15:28:39.705] Config(@PART:HAS[@MODULE[ModuleDeployableSolarPanel]:HAS[#resourceName[ThermalPower]],#__kop_star_count[>1]]:NEEDS[!Kerbalism,!RealismOverhaul]:LAST[KOP_MULTI_STAR]) Kopernicus/Config/SolarPanels/@PART:HAS[@MODULE[ModuleDeployableSolarPanel]:HAS[#resourceName[ThermalPower]],#__kop_star_count[>1]]:NEEDS[!Kerbalism,!RealismOverhaul]:LAST[KOP_MULTI_STAR]
[LOG 15:28:39.705] Config(@PART:HAS[@MODULE[ModuleCurvedSolarPanel],#__kop_star_count[>1]]:NEEDS[!RealismOverhaul,!Kerbalism,NearFutureSolar]:LAST[KOP_MULTI_STAR]) Kopernicus/Config/SolarPanels/@PART:HAS[@MODULE[ModuleCurvedSolarPanel],#__kop_star_count[>1]]:NEEDS[!RealismOverhaul,!Kerbalism,NearFutureSolar]:LAST[KOP_MULTI_STAR]
[LOG 15:28:39.705] Config(@PART:HAS[@MODULE[SSTUSolarPanelStatic],#__kop_star_count[>1]]:NEEDS[!RealismOverhaul,!Kerbalism,SSTU]:LAST[KOP_MULTI_STAR]) Kopernicus/Config/SolarPanels/@PART:HAS[@MODULE[SSTUSolarPanelStatic],#__kop_star_count[>1]]:NEEDS[!RealismOverhaul,!Kerbalism,SSTU]:LAST[KOP_MULTI_STAR]
[LOG 15:28:39.705] Config(@PART:HAS[@MODULE[SSTUSolarPanelDeployable],#__kop_star_count[>1]]:NEEDS[!RealismOverhaul,!Kerbalism,SSTU]:LAST[KOP_MULTI_STAR]) Kopernicus/Config/SolarPanels/@PART:HAS[@MODULE[SSTUSolarPanelDeployable],#__kop_star_count[>1]]:NEEDS[!RealismOverhaul,!Kerbalism,SSTU]:LAST[KOP_MULTI_STAR]
[LOG 15:28:39.705] Config(@PART:HAS[@MODULE:[SSTUModularPart],!#currentSolar[Solar-None],#__kop_star_count[>1]]:NEEDS[!RealismOverhaul,!Kerbalism,SSTU]:LAST[KOP_MULTI_STAR]) Kopernicus/Config/SolarPanels/@PART:HAS[@MODULE:[SSTUModularPart],!#currentSolar[Solar-None],#__kop_star_count[>1]]:NEEDS[!RealismOverhaul,!Kerbalism,SSTU]:LAST[KOP_MULTI_STAR]
[LOG 15:28:39.705] Config(@PART:HAS[@MODULE[ModuleROSolar],#__kop_star_count[>1]]:NEEDS[!Kerbalism,RealismOverhaul]:LAST[KOP_MULTI_STAR]) Kopernicus/Config/SolarPanels/@PART:HAS[@MODULE[ModuleROSolar],#__kop_star_count[>1]]:NEEDS[!Kerbalism,RealismOverhaul]:LAST[KOP_MULTI_STAR]
[LOG 15:28:39.705] Config(@PART:HAS[@MODULE[USSolarSwitch],#__kop_star_count[>1]]:NEEDS[!Kerbalism,UniversalStorage2]:LAST[KOP_MULTI_STAR]) Kopernicus/Config/SolarPanels/@PART:HAS[@MODULE[USSolarSwitch],#__kop_star_count[>1]]:NEEDS[!Kerbalism,UniversalStorage2]:LAST[KOP_MULTI_STAR]
[LOG 15:28:39.705] Config(@PART:HAS[#useKopernicusSolarPanels[*]]:LAST[KOP_MULTI_STAR]) Kopernicus/Config/SolarPanels/@PART:HAS[#useKopernicusSolarPanels[*]]:LAST[KOP_MULTI_STAR]
[LOG 15:28:39.705] Config(@PART:HAS[@MODULE:HAS[#useKopernicusSolarPanels[*]]]:LAST[KOP_MULTI_STAR]) Kopernicus/Config/SolarPanels/@PART:HAS[@MODULE:HAS[#useKopernicusSolarPanels[*]]]:LAST[KOP_MULTI_STAR]
[LOG 15:28:39.705] Config(@PART:HAS[#__kop_star_count]:LAST[KOP_MULTI_STAR]) Kopernicus/Config/SolarPanels/@PART:HAS[#__kop_star_count]:LAST[KOP_MULTI_STAR]
[LOG 15:28:39.705] Config(@Kopernicus_config:LAST[KOP_MULTI_STAR]) Kopernicus/Config/SolarPanels/@Kopernicus_config:LAST[KOP_MULTI_STAR]
[LOG 15:28:39.705] Config(Kopernicus) Kopernicus/Config/System/Kerbol System
[LOG 15:28:39.705] Config(Localization) Kopernicus/Localization/de-de/Localization
[LOG 15:28:39.705] Config(Localization) Kopernicus/Localization/en-us/Localization
[LOG 15:28:39.706] Config(Localization) Kopernicus/Localization/es-es/Localization
[LOG 15:28:39.706] Config(Localization) Kopernicus/Localization/fr-fr/Localization
[LOG 15:28:39.706] Config(Localization) Kopernicus/Localization/it-it/Localization
[LOG 15:28:39.706] Config(Localization) Kopernicus/Localization/ru/Localization
[LOG 15:28:39.706] Config(Localization) Kopernicus/Localization/zh-cn/Localization
[LOG 15:28:39.706] Config(KSP_COMMUNITY_FIXES) KSPCommunityFixes/Settings/KSP_COMMUNITY_FIXES
[LOG 15:28:39.706] Config(Localization) KSPCommunityFixes/Localization/en-us/Localization
[LOG 15:28:39.706] Config(Localization) KSPCommunityFixes/Localization/fr-fr/Localization
[LOG 15:28:39.706] Config(Localization) KSPCommunityFixes/Localization/ru/Localization
[LOG 15:28:39.706] Config(Localization) KSPCommunityFixes/Localization/zh-cn/Localization
[LOG 15:28:39.706] Config(@PART[*]:HAS[@MODULE[ModuleDockingNodeFixed]]:NEEDS[FixDockingNodes]:FINAL) KSPCommunityFixes/MMPatches/ModSupport/FixDockingNodes/@PART[*]:HAS[@MODULE[ModuleDockingNodeFixed]]:NEEDS[FixDockingNodes]:FINAL
[LOG 15:28:39.706] Config(@PART[*]:HAS[@MODULE[Refunding]]:LAST[999_KSP-Recall]) KSPCommunityFixes/MMPatches/ModSupport/KSPRecall/@PART[*]:HAS[@MODULE[Refunding]]:LAST[999_KSP-Recall]
[LOG 15:28:39.706] Config(@PART[*]:HAS[#hasRefundingOnRecovery[?rue]]:LAST[999_KSP-Recall]) KSPCommunityFixes/MMPatches/ModSupport/KSPRecall/@PART[*]:HAS[#hasRefundingOnRecovery[?rue]]:LAST[999_KSP-Recall]
[LOG 15:28:39.706] Config(@PART[*]:HAS[#hasRefundingOnRecovery]:LAST[999_KSP-Recall]) KSPCommunityFixes/MMPatches/ModSupport/KSPRecall/@PART[*]:HAS[#hasRefundingOnRecovery]:LAST[999_KSP-Recall]
[LOG 15:28:39.706] Config(@KSP-Recall:LAST[999_KSP-Recall]) KSPCommunityFixes/MMPatches/ModSupport/KSPRecall/@KSP-Recall:LAST[999_KSP-Recall]
[LOG 15:28:39.706] Config(@KSP-Recall:HAS[#hasRefundingOnRecovery[?rue]]:LAST[999_KSP-Recall]) KSPCommunityFixes/MMPatches/ModSupport/KSPRecall/@KSP-Recall:HAS[#hasRefundingOnRecovery[?rue]]:LAST[999_KSP-Recall]
[LOG 15:28:39.706] Config(@KSP-Recall:HAS[#hasRefundingOnRecovery]:LAST[999_KSP-Recall]) KSPCommunityFixes/MMPatches/ModSupport/KSPRecall/@KSP-Recall:HAS[#hasRefundingOnRecovery]:LAST[999_KSP-Recall]
[LOG 15:28:39.706] Config(@KSP_COMMUNITY_FIXES:NEEDS[AttachedOnEditor]) KSPCommunityFixes/MMPatches/ModSupport/KSPRecall/@KSP_COMMUNITY_FIXES:NEEDS[AttachedOnEditor]
[LOG 15:28:39.706] Config(@KSP_COMMUNITY_FIXES:NEEDS[UniversalStorage2]) KSPCommunityFixes/MMPatches/ModSupport/UniversalStorage/@KSP_COMMUNITY_FIXES:NEEDS[UniversalStorage2]
[LOG 15:28:39.706] Config(@PART[telescopicLadderBay]:FIRST) KSPCommunityFixes/MMPatches/StockTweaks/LadderToggleableLight/@PART[telescopicLadderBay]:FIRST
[LOG 15:28:39.706] Config(@PART[telescopicLadderBay]:HAS[#LadderToggleableLight[?rue]]:FIRST) KSPCommunityFixes/MMPatches/StockTweaks/LadderToggleableLight/@PART[telescopicLadderBay]:HAS[#LadderToggleableLight[?rue]]:FIRST
[LOG 15:28:39.706] Config(@PART[telescopicLadderBay]:HAS[#LadderToggleableLight]:FIRST) KSPCommunityFixes/MMPatches/StockTweaks/LadderToggleableLight/@PART[telescopicLadderBay]:HAS[#LadderToggleableLight]:FIRST
[LOG 15:28:39.706] Config(@PART[GearSmall]:FIRST) KSPCommunityFixes/MMPatches/StockTweaks/LandingGearLights/@PART[GearSmall]:FIRST
[LOG 15:28:39.706] Config(@PART[SmallGearBay]:FIRST) KSPCommunityFixes/MMPatches/StockTweaks/LandingGearLights/@PART[SmallGearBay]:FIRST
[LOG 15:28:39.706] Config(@PART[sasModule]:FOR[KSPCommunityFixes]) KSPCommunityFixes/MMPatches/StockTweaks/ManufacturerFixes/@PART[sasModule]:FOR[KSPCommunityFixes]
[LOG 15:28:39.706] Config(@PART[xenonTankRadial]:FOR[KSPCommunityFixes]) KSPCommunityFixes/MMPatches/StockTweaks/ManufacturerFixes/@PART[xenonTankRadial]:FOR[KSPCommunityFixes]
[LOG 15:28:39.706] Config(@PART[winglet|fireworksLauncherSmall|fireworksLauncherBig]:FOR[KSPCommunityFixes]) KSPCommunityFixes/MMPatches/StockTweaks/ManufacturerFixes/@PART[winglet|fireworksLauncherSmall|fireworksLauncherBig]:FOR[KSPCommunityFixes]
[LOG 15:28:39.706] Config(@PART[solidBooster_sm_v2|solidBooster_v2]:FOR[KSPCommunityFixes]) KSPCommunityFixes/MMPatches/StockTweaks/ManufacturerFixes/@PART[solidBooster_sm_v2|solidBooster_v2]:FOR[KSPCommunityFixes]
[LOG 15:28:39.707] Config(@PART[ServiceBay_125_v2|ServiceBay_250_v2]:FOR[KSPCommunityFixes]) KSPCommunityFixes/MMPatches/StockTweaks/ManufacturerFixes/@PART[ServiceBay_125_v2|ServiceBay_250_v2]:FOR[KSPCommunityFixes]
[LOG 15:28:39.707] Config(@PART[externalTankCapsule]:FOR[KSPCommunityFixes]) KSPCommunityFixes/MMPatches/StockTweaks/ManufacturerFixes/@PART[externalTankCapsule]:FOR[KSPCommunityFixes]
[LOG 15:28:39.707] Config(@PART[RCSFuelTank|rcsTankMini|RCSTank1-2]:FOR[KSPCommunityFixes]) KSPCommunityFixes/MMPatches/StockTweaks/ManufacturerFixes/@PART[RCSFuelTank|rcsTankMini|RCSTank1-2]:FOR[KSPCommunityFixes]
[LOG 15:28:39.707] Config(@PART[landerCabinSmall]:FOR[KSPCommunityFixes]) KSPCommunityFixes/MMPatches/StockTweaks/ManufacturerFixes/@PART[landerCabinSmall]:FOR[KSPCommunityFixes]
[LOG 15:28:39.707] Config(@PART[dockingPortLateral]:FOR[KSPCommunityFixes]) KSPCommunityFixes/MMPatches/StockTweaks/ManufacturerFixes/@PART[dockingPortLateral]:FOR[KSPCommunityFixes]
[LOG 15:28:39.707] Config(@PART[EnginePlate4]:FOR[KSPCommunityFixes]:NEEDS[SquadExpansion/MakingHistory]) KSPCommunityFixes/MMPatches/StockTweaks/ManufacturerFixes/@PART[EnginePlate4]:FOR[KSPCommunityFixes]:NEEDS[SquadExpansion/MakingHistory]
[LOG 15:28:39.707] Config(@PART[Mk2Pod]:FOR[KSPCommunityFixes]:NEEDS[SquadExpansion/MakingHistory]) KSPCommunityFixes/MMPatches/StockTweaks/ManufacturerFixes/@PART[Mk2Pod]:FOR[KSPCommunityFixes]:NEEDS[SquadExpansion/MakingHistory]
[LOG 15:28:39.707] Config(@PART[evaChute|parachuteSingle|parachuteRadial|radialDrogue|parachuteLarge|parachuteDrogue]:FOR[KSPCommunityFixes]) KSPCommunityFixes/MMPatches/StockTweaks/ManufacturerFixes/@PART[evaChute|parachuteSingle|parachuteRadial|radialDrogue|parachuteLarge|parachuteDrogue]:FOR[KSPCommunityFixes]
[LOG 15:28:39.707] Config(@PART[stackPoint1|dockingPort1|dockingPort2|dockingPort3|dockingPortLarge]:FOR[KSPCommunityFixes]) KSPCommunityFixes/MMPatches/StockTweaks/ManufacturerFixes/@PART[stackPoint1|dockingPort1|dockingPort2|dockingPort3|dockingPortLarge]:FOR[KSPCommunityFixes]
[LOG 15:28:39.707] Config(AGENT) KSPCommunityFixes/MMPatches/StockTweaks/ManufacturerFixes/Clamp-O-Tron
[LOG 15:28:39.707] Config(AGENT) KSPCommunityFixes/MMPatches/StockTweaks/ManufacturerFixes/FreeFall Parachutes
[LOG 15:28:39.707] Config(AGENT) KSPCommunityFixes/MMPatches/StockTweaks/ManufacturerFixes/LightYear Tire Company
[LOG 15:28:39.707] Config(AGENT) KSPCommunityFixes/MMPatches/StockTweaks/ManufacturerFixes/Stratus Corporation
[LOG 15:28:39.707] Config(Localization) KSPCommunityFixes/MMPatches/StockTweaks/ManufacturerFixes/Localization
[LOG 15:28:39.707] Config(KSPTextureLoader) KSPTextureLoader/KSPTextureLoader/KSPTextureLoader
[LOG 15:28:39.707] Config(MechJeb2Landing) MechJeb2/LandingSites/MechJeb2Landing
[LOG 15:28:39.707] Config(Localization) MechJeb2/Localization/en-us/Localization
[LOG 15:28:39.707] Config(Localization) MechJeb2/Localization/es-es/Localization
[LOG 15:28:39.707] Config(Localization) MechJeb2/Localization/fr-fr/Localization
[LOG 15:28:39.707] Config(Localization) MechJeb2/Localization/ru/Localization
[LOG 15:28:39.707] Config(Localization) MechJeb2/Localization/zh-cn/Localization
[LOG 15:28:39.707] Config(@PART[*]:HAS[@MODULE[ModuleCommand],!MODULE[KerbalEVA]]:NEEDS[!MechJebUseCommandPod,!RP-0,!RealismOverhaul]) MechJeb2/Parts/MechJebNoCommandPod/@PART[*]:HAS[@MODULE[ModuleCommand],!MODULE[KerbalEVA]]:NEEDS[!MechJebUseCommandPod,!RP-0,!RealismOverhaul]
[LOG 15:28:39.707] Config(@PART[*]:HAS[@MODULE[MechJebCore],!MODULE[KerbalEVA]]:NEEDS[!RP-0,!RealismOverhaul,MechJebUnlocked]) MechJeb2/Parts/MechJebNoCommandPod/@PART[*]:HAS[@MODULE[MechJebCore],!MODULE[KerbalEVA]]:NEEDS[!RP-0,!RealismOverhaul,MechJebUnlocked]
[LOG 15:28:39.707] Config(PART) MechJeb2/Parts/MechJeb2_AR202/part/mumech_MJ2_AR202
[LOG 15:28:39.708] Config(PART) MechJeb2/Parts/MechJeb2_AR202/part/mumech_MJ2_AR202_features1
[LOG 15:28:39.708] Config(PART) MechJeb2/Parts/MechJeb2_AR202/part/mumech_MJ2_AR202_features2
[LOG 15:28:39.708] Config(PART) MechJeb2/Parts/MechJeb2_AR202/part/mumech_MJ2_AR202_features3
[LOG 15:28:39.708] Config(PART) MechJeb2/Parts/MechJeb2_AR202/part/mumech_MJ2_AR202_features4
[LOG 15:28:39.708] Config(COMET_ORBIT_TYPE) RealSolarSystem/CometDefs/centaur
[LOG 15:28:39.708] Config(COMET_ORBIT_TYPE) RealSolarSystem/CometDefs/sungrazer
[LOG 15:28:39.708] Config(@Contracts:FOR[RealSolarSystem]) RealSolarSystem/ContractModifier/@Contracts:FOR[RealSolarSystem]
[LOG 15:28:39.708] Config(@PART[*]:HAS[@MODULE[ModuleDataTransmitter]]) RealSolarSystem/DSN_Ranges/@PART[*]:HAS[@MODULE[ModuleDataTransmitter]]
[LOG 15:28:39.708] Config(@CUSTOMBARNKIT) RealSolarSystem/DSN_Ranges/@CUSTOMBARNKIT
[LOG 15:28:39.708] Config(@KERBAL_WIND:FOR[RealSolarSystem]:NEEDS[KerbalWind]) RealSolarSystem/KerbalWind/@KERBAL_WIND:FOR[RealSolarSystem]:NEEDS[KerbalWind]
[LOG 15:28:39.708] Config(@KSCSWITCHER:FOR[RealSolarSystem]) RealSolarSystem/LaunchSites/@KSCSWITCHER:FOR[RealSolarSystem]
[LOG 15:28:39.708] Config(@KSCSWITCHER:LAST[RealSolarSystem]) RealSolarSystem/LaunchSites/@KSCSWITCHER:LAST[RealSolarSystem]
[LOG 15:28:39.708] Config(@PHYSICSGLOBALS:FIRST) RealSolarSystem/PhysicsModifier/@PHYSICSGLOBALS:FIRST
[LOG 15:28:39.708] Config(REALSOLARSYSTEM) RealSolarSystem/RealSolarSystem/REALSOLARSYSTEM
[LOG 15:28:39.708] Config(RSSRUNWAYFIX) RealSolarSystem/RealSolarSystem/RSSRUNWAYFIX
[LOG 15:28:39.708] Config(@NIMBY:FOR[RealSolarSystem]) RealSolarSystem/RecoveryBeacons/@NIMBY:FOR[RealSolarSystem]
[LOG 15:28:39.708] Config(@RemoteTechSettings:FOR[RealSolarSystem]) RealSolarSystem/RemoteTech_Settings/@RemoteTechSettings:FOR[RealSolarSystem]
[LOG 15:28:39.708] Config(!ROC_DEFINITION:HAS[@CELESTIALBODY:HAS[#Name[Moho]]]:FOR[RealSolarSystem]) RealSolarSystem/ROCDefinitions/!ROC_DEFINITION:HAS[@CELESTIALBODY:HAS[#Name[Moho]]]:FOR[RealSolarSystem]
[LOG 15:28:39.708] Config(!ROC_DEFINITION:HAS[@CELESTIALBODY:HAS[#Name[Eve]]]:FOR[RealSolarSystem]) RealSolarSystem/ROCDefinitions/!ROC_DEFINITION:HAS[@CELESTIALBODY:HAS[#Name[Eve]]]:FOR[RealSolarSystem]
[LOG 15:28:39.708] Config(!ROC_DEFINITION:HAS[@CELESTIALBODY:HAS[#Name[Gilly]]]:FOR[RealSolarSystem]) RealSolarSystem/ROCDefinitions/!ROC_DEFINITION:HAS[@CELESTIALBODY:HAS[#Name[Gilly]]]:FOR[RealSolarSystem]
[LOG 15:28:39.708] Config(!ROC_DEFINITION:HAS[@CELESTIALBODY:HAS[#Name[Kerbin]]]:FOR[RealSolarSystem]) RealSolarSystem/ROCDefinitions/!ROC_DEFINITION:HAS[@CELESTIALBODY:HAS[#Name[Kerbin]]]:FOR[RealSolarSystem]
[LOG 15:28:39.708] Config(!ROC_DEFINITION:HAS[@CELESTIALBODY:HAS[#Name[Mun]]]:FOR[RealSolarSystem]) RealSolarSystem/ROCDefinitions/!ROC_DEFINITION:HAS[@CELESTIALBODY:HAS[#Name[Mun]]]:FOR[RealSolarSystem]
[LOG 15:28:39.708] Config(!ROC_DEFINITION:HAS[@CELESTIALBODY:HAS[#Name[Minmus]]]:FOR[RealSolarSystem]) RealSolarSystem/ROCDefinitions/!ROC_DEFINITION:HAS[@CELESTIALBODY:HAS[#Name[Minmus]]]:FOR[RealSolarSystem]
[LOG 15:28:39.708] Config(!ROC_DEFINITION:HAS[@CELESTIALBODY:HAS[#Name[Duna]]]:FOR[RealSolarSystem]) RealSolarSystem/ROCDefinitions/!ROC_DEFINITION:HAS[@CELESTIALBODY:HAS[#Name[Duna]]]:FOR[RealSolarSystem]
[LOG 15:28:39.708] Config(!ROC_DEFINITION:HAS[@CELESTIALBODY:HAS[#Name[Ike]]]:FOR[RealSolarSystem]) RealSolarSystem/ROCDefinitions/!ROC_DEFINITION:HAS[@CELESTIALBODY:HAS[#Name[Ike]]]:FOR[RealSolarSystem]
[LOG 15:28:39.708] Config(!ROC_DEFINITION:HAS[@CELESTIALBODY:HAS[#Name[Dres]]]:FOR[RealSolarSystem]) RealSolarSystem/ROCDefinitions/!ROC_DEFINITION:HAS[@CELESTIALBODY:HAS[#Name[Dres]]]:FOR[RealSolarSystem]
[LOG 15:28:39.709] Config(!ROC_DEFINITION:HAS[@CELESTIALBODY:HAS[#Name[Laythe]]]:FOR[RealSolarSystem]) RealSolarSystem/ROCDefinitions/!ROC_DEFINITION:HAS[@CELESTIALBODY:HAS[#Name[Laythe]]]:FOR[RealSolarSystem]
[LOG 15:28:39.709] Config(!ROC_DEFINITION:HAS[@CELESTIALBODY:HAS[#Name[Vall]]]:FOR[RealSolarSystem]) RealSolarSystem/ROCDefinitions/!ROC_DEFINITION:HAS[@CELESTIALBODY:HAS[#Name[Vall]]]:FOR[RealSolarSystem]
[LOG 15:28:39.709] Config(!ROC_DEFINITION:HAS[@CELESTIALBODY:HAS[#Name[Tylo]]]:FOR[RealSolarSystem]) RealSolarSystem/ROCDefinitions/!ROC_DEFINITION:HAS[@CELESTIALBODY:HAS[#Name[Tylo]]]:FOR[RealSolarSystem]
[LOG 15:28:39.709] Config(!ROC_DEFINITION:HAS[@CELESTIALBODY:HAS[#Name[Bop]]]:FOR[RealSolarSystem]) RealSolarSystem/ROCDefinitions/!ROC_DEFINITION:HAS[@CELESTIALBODY:HAS[#Name[Bop]]]:FOR[RealSolarSystem]
[LOG 15:28:39.709] Config(!ROC_DEFINITION:HAS[@CELESTIALBODY:HAS[#Name[Pol]]]:FOR[RealSolarSystem]) RealSolarSystem/ROCDefinitions/!ROC_DEFINITION:HAS[@CELESTIALBODY:HAS[#Name[Pol]]]:FOR[RealSolarSystem]
[LOG 15:28:39.709] Config(!ROC_DEFINITION:HAS[@CELESTIALBODY:HAS[#Name[Eeloo]]]:FOR[RealSolarSystem]) RealSolarSystem/ROCDefinitions/!ROC_DEFINITION:HAS[@CELESTIALBODY:HAS[#Name[Eeloo]]]:FOR[RealSolarSystem]
[LOG 15:28:39.709] Config(@Kopernicus_config:FOR[RealSolarSystem]) RealSolarSystem/RSSKopernicusSettings/@Kopernicus_config:FOR[RealSolarSystem]
[LOG 15:28:39.709] Config(@Kopernicus:FOR[RealSolarSystem]) RealSolarSystem/RSSKopernicusSettings/@Kopernicus:FOR[RealSolarSystem]
[LOG 15:28:39.709] Config(@Kopernicus:AFTER[RealSolarSystem]) RealSolarSystem/RSS_CommNet_Stations/@Kopernicus:AFTER[RealSolarSystem]
[LOG 15:28:39.709] Config(@Kopernicus:FOR[RealSolarSystem]) RealSolarSystem/RSS_TerrainDetailPresets/@Kopernicus:FOR[RealSolarSystem]
[LOG 15:28:39.709] Config(@EXPERIMENT_DEFINITION[*]:HAS[#id[crewReport]]) RealSolarSystem/ScienceDefs/@EXPERIMENT_DEFINITION[*]:HAS[#id[crewReport]]
[LOG 15:28:39.709] Config(@EXPERIMENT_DEFINITION[*]:HAS[#id[evaReport]]) RealSolarSystem/ScienceDefs/@EXPERIMENT_DEFINITION[*]:HAS[#id[evaReport]]
[LOG 15:28:39.709] Config(@EXPERIMENT_DEFINITION[*]:HAS[#id[surfaceSample]]) RealSolarSystem/ScienceDefs/@EXPERIMENT_DEFINITION[*]:HAS[#id[surfaceSample]]
[LOG 15:28:39.709] Config(@EXPERIMENT_DEFINITION[*]:HAS[#id[temperatureScan]]) RealSolarSystem/ScienceDefs/@EXPERIMENT_DEFINITION[*]:HAS[#id[temperatureScan]]
[LOG 15:28:39.709] Config(@EXPERIMENT_DEFINITION[*]:HAS[#id[seismicScan]]) RealSolarSystem/ScienceDefs/@EXPERIMENT_DEFINITION[*]:HAS[#id[seismicScan]]
[LOG 15:28:39.709] Config(@EXPERIMENT_DEFINITION[*]:HAS[#id[gravityScan]]) RealSolarSystem/ScienceDefs/@EXPERIMENT_DEFINITION[*]:HAS[#id[gravityScan]]
[LOG 15:28:39.709] Config(@EXPERIMENT_DEFINITION[*]:HAS[#id[atmosphereAnalysis]]) RealSolarSystem/ScienceDefs/@EXPERIMENT_DEFINITION[*]:HAS[#id[atmosphereAnalysis]]
[LOG 15:28:39.709] Config(@EXPERIMENT_DEFINITION[*]:HAS[#id[mysteryGoo]]) RealSolarSystem/ScienceDefs/@EXPERIMENT_DEFINITION[*]:HAS[#id[mysteryGoo]]
[LOG 15:28:39.709] Config(@EXPERIMENT_DEFINITION[*]:HAS[#id[mobileMaterialsLab]]) RealSolarSystem/ScienceDefs/@EXPERIMENT_DEFINITION[*]:HAS[#id[mobileMaterialsLab]]
[LOG 15:28:39.709] Config(EXPERIMENT_DEFINITION) RealSolarSystem/ScienceDefs/EXPERIMENT_DEFINITION
[LOG 15:28:39.709] Config(EXPERIMENT_DEFINITION) RealSolarSystem/ScienceDefs/EXPERIMENT_DEFINITION
[LOG 15:28:39.709] Config(@DEPLOYEDSCIENCE:AFTER[RealSolarSystem]) RealSolarSystem/Compatibility/BreakingGround/@DEPLOYEDSCIENCE:AFTER[RealSolarSystem]
[LOG 15:28:39.709] Config(@DEPLOYEDSCIENCE:AFTER[RealSolarSystem]) RealSolarSystem/Compatibility/BreakingGround/@DEPLOYEDSCIENCE:AFTER[RealSolarSystem]
[LOG 15:28:39.709] Config(!AsteroidSets[CustomAsteroids_*]:FOR[RealSolarSystem]) RealSolarSystem/Compatibility/CustomAsteroids/!AsteroidSets[CustomAsteroids_*]:FOR[RealSolarSystem]
[LOG 15:28:39.709] Config(@Kopernicus:AFTER[RealSolarSystem]:NEEDS[CustomAsteroids]) RealSolarSystem/Compatibility/CustomAsteroids/@Kopernicus:AFTER[RealSolarSystem]:NEEDS[CustomAsteroids]
[LOG 15:28:39.709] Config(CustomAsteroidPlanes) RealSolarSystem/Compatibility/CustomAsteroids/CustomAsteroidPlanes
[LOG 15:28:39.710] Config(@CustomAsteroidPlanes:FOR[RealSolarSystem]) RealSolarSystem/Compatibility/CustomAsteroids/@CustomAsteroidPlanes:FOR[RealSolarSystem]
[LOG 15:28:39.710] Config(AsteroidSets) RealSolarSystem/Compatibility/CustomAsteroids/RealSolarSystem_asteroids
[LOG 15:28:39.710] Config(@FARAeroData[default]:FOR[RealSolarSystem]) RealSolarSystem/Compatibility/FARAtmospheres/@FARAeroData[default]:FOR[RealSolarSystem]
[LOG 15:28:39.710] Config(PlanetshineCelestialBody) RealSolarSystem/Compatibility/PlanetShineColors/Callisto
[LOG 15:28:39.710] Config(PlanetshineCelestialBody) RealSolarSystem/Compatibility/PlanetShineColors/Deimos
[LOG 15:28:39.710] Config(PlanetshineCelestialBody) RealSolarSystem/Compatibility/PlanetShineColors/Dione
[LOG 15:28:39.710] Config(PlanetshineCelestialBody) RealSolarSystem/Compatibility/PlanetShineColors/Earth
[LOG 15:28:39.710] Config(PlanetshineCelestialBody) RealSolarSystem/Compatibility/PlanetShineColors/Enceladus
[LOG 15:28:39.710] Config(PlanetshineCelestialBody) RealSolarSystem/Compatibility/PlanetShineColors/Europa
[LOG 15:28:39.710] Config(PlanetshineCelestialBody) RealSolarSystem/Compatibility/PlanetShineColors/Ganymede
[LOG 15:28:39.710] Config(PlanetshineCelestialBody) RealSolarSystem/Compatibility/PlanetShineColors/Iapetus
[LOG 15:28:39.710] Config(PlanetshineCelestialBody) RealSolarSystem/Compatibility/PlanetShineColors/Io
[LOG 15:28:39.710] Config(PlanetshineCelestialBody) RealSolarSystem/Compatibility/PlanetShineColors/Jupiter
[LOG 15:28:39.710] Config(PlanetshineCelestialBody) RealSolarSystem/Compatibility/PlanetShineColors/Mars
[LOG 15:28:39.710] Config(PlanetshineCelestialBody) RealSolarSystem/Compatibility/PlanetShineColors/Mercury
[LOG 15:28:39.710] Config(PlanetshineCelestialBody) RealSolarSystem/Compatibility/PlanetShineColors/Mimas
[LOG 15:28:39.710] Config(PlanetshineCelestialBody) RealSolarSystem/Compatibility/PlanetShineColors/Moon
[LOG 15:28:39.710] Config(PlanetshineCelestialBody) RealSolarSystem/Compatibility/PlanetShineColors/Neptune
[LOG 15:28:39.710] Config(PlanetshineCelestialBody) RealSolarSystem/Compatibility/PlanetShineColors/Phobos
[LOG 15:28:39.710] Config(PlanetshineCelestialBody) RealSolarSystem/Compatibility/PlanetShineColors/Pluto
[LOG 15:28:39.710] Config(PlanetshineCelestialBody) RealSolarSystem/Compatibility/PlanetShineColors/Rhea
[LOG 15:28:39.710] Config(PlanetshineCelestialBody) RealSolarSystem/Compatibility/PlanetShineColors/Saturn
[LOG 15:28:39.710] Config(PlanetshineCelestialBody) RealSolarSystem/Compatibility/PlanetShineColors/Sun
[LOG 15:28:39.710] Config(PlanetshineCelestialBody) RealSolarSystem/Compatibility/PlanetShineColors/Tethys
[LOG 15:28:39.710] Config(PlanetshineCelestialBody) RealSolarSystem/Compatibility/PlanetShineColors/Titan
[LOG 15:28:39.710] Config(PlanetshineCelestialBody) RealSolarSystem/Compatibility/PlanetShineColors/Triton
[LOG 15:28:39.710] Config(PlanetshineCelestialBody) RealSolarSystem/Compatibility/PlanetShineColors/Uranus
[LOG 15:28:39.710] Config(PlanetshineCelestialBody) RealSolarSystem/Compatibility/PlanetShineColors/Venus
[LOG 15:28:39.710] Config(PlanetshineCelestialBody) RealSolarSystem/Compatibility/PlanetShineColors/Ceres
[LOG 15:28:39.711] Config(PlanetshineCelestialBody) RealSolarSystem/Compatibility/PlanetShineColors/Vesta
[LOG 15:28:39.711] Config(PlanetshineCelestialBody) RealSolarSystem/Compatibility/PlanetShineColors/Miranda
[LOG 15:28:39.711] Config(PlanetshineCelestialBody) RealSolarSystem/Compatibility/PlanetShineColors/Ariel
[LOG 15:28:39.711] Config(PlanetshineCelestialBody) RealSolarSystem/Compatibility/PlanetShineColors/Umbriel
[LOG 15:28:39.711] Config(PlanetshineCelestialBody) RealSolarSystem/Compatibility/PlanetShineColors/Titania
[LOG 15:28:39.711] Config(PlanetshineCelestialBody) RealSolarSystem/Compatibility/PlanetShineColors/Oberon
[LOG 15:28:39.711] Config(PlanetshineCelestialBody) RealSolarSystem/Compatibility/PlanetShineColors/Charon
[LOG 15:28:39.711] Config(@REALSOLARSYSTEM:FOR[RationalResourcesAU]) RealSolarSystem/Compatibility/RationalResources/@REALSOLARSYSTEM:FOR[RationalResourcesAU]
[LOG 15:28:39.711] Config(@PART[SCANsat_Scanner]:FOR[RealSolarSystem]) RealSolarSystem/Compatibility/SCANsat/@PART[SCANsat_Scanner]:FOR[RealSolarSystem]
[LOG 15:28:39.711] Config(@PART[SCANsat_Scanner2]:FOR[RealSolarSystem]) RealSolarSystem/Compatibility/SCANsat/@PART[SCANsat_Scanner2]:FOR[RealSolarSystem]
[LOG 15:28:39.711] Config(@PART[SCANsat_Scanner24]:FOR[RealSolarSystem]) RealSolarSystem/Compatibility/SCANsat/@PART[SCANsat_Scanner24]:FOR[RealSolarSystem]
[LOG 15:28:39.711] Config(@PART[SCANsat_Scanner32]:FOR[RealSolarSystem]) RealSolarSystem/Compatibility/SCANsat/@PART[SCANsat_Scanner32]:FOR[RealSolarSystem]
[LOG 15:28:39.711] Config(@PART[*]:HAS[@MODULE[ModuleSCANresourceScanner]]:FOR[RealSolarSystem]) RealSolarSystem/Compatibility/SCANsat/@PART[*]:HAS[@MODULE[ModuleSCANresourceScanner]]:FOR[RealSolarSystem]
[LOG 15:28:39.711] Config(@PART[*]:HAS[@MODULE[SCANsat]]:FOR[RealSolarSystem]) RealSolarSystem/Compatibility/SCANsat/@PART[*]:HAS[@MODULE[SCANsat]]:FOR[RealSolarSystem]
[LOG 15:28:39.711] Config(@PART[*]:HAS[@MODULE[ModuleSCANresourceScanner]]:FOR[RealSolarSystem]) RealSolarSystem/Compatibility/SCANsat/@PART[*]:HAS[@MODULE[ModuleSCANresourceScanner]]:FOR[RealSolarSystem]
[LOG 15:28:39.711] Config(@COACH_COMMNET[CommNet]) RealSolarSystem/Compatibility/SCANsat/@COACH_COMMNET[CommNet]
[LOG 15:28:39.711] Config(TextureReplacer) RealSolarSystem/Compatibility/TextureReplacer/TextureReplacer
[LOG 15:28:39.711] Config(@ParallaxGlobalConfig:FOR[RealSolarSystem]) RealSolarSystem/Compatibility/Parallax/Parallax/@ParallaxGlobalConfig:FOR[RealSolarSystem]
[LOG 15:28:39.711] Config(@Parallax:FOR[RealSolarSystem]:NEEDS[Parallax,Parallax_StockTextures]) RealSolarSystem/Compatibility/Parallax/Parallax/@Parallax:FOR[RealSolarSystem]:NEEDS[Parallax,Parallax_StockTextures]
[LOG 15:28:39.711] Config(@Kopernicus:AFTER[RealSolarSystem]:NEEDS[Parallax,Parallax_StockTextures]) RealSolarSystem/Compatibility/Parallax/Parallax/@Kopernicus:AFTER[RealSolarSystem]:NEEDS[Parallax,Parallax_StockTextures]
[LOG 15:28:39.711] Config(Localization) RealSolarSystem/Localization/en-us/Localization
[LOG 15:28:39.711] Config(Localization) RealSolarSystem/Localization/fr-fr/Localization
[LOG 15:28:39.711] Config(Localization) RealSolarSystem/Localization/ru/Localization
[LOG 15:28:39.711] Config(Localization) RealSolarSystem/Localization/zh-cn/Localization
[LOG 15:28:39.711] Config(Localization) RealSolarSystem/Localization/LaunchSites/en-us/Localization
[LOG 15:28:39.712] Config(Localization) RealSolarSystem/Localization/LaunchSites/zh-cn/Localization
[LOG 15:28:39.712] Config(PLANETARY_RESOURCE) RealSolarSystem/ResourceConfigs/ArgonGas/PLANETARY_RESOURCE
[LOG 15:28:39.712] Config(PLANETARY_RESOURCE) RealSolarSystem/ResourceConfigs/ArgonGas/PLANETARY_RESOURCE
[LOG 15:28:39.712] Config(PLANETARY_RESOURCE) RealSolarSystem/ResourceConfigs/ArgonGas/PLANETARY_RESOURCE
[LOG 15:28:39.712] Config(PLANETARY_RESOURCE) RealSolarSystem/ResourceConfigs/CarbonDioxide/PLANETARY_RESOURCE
[LOG 15:28:39.712] Config(PLANETARY_RESOURCE) RealSolarSystem/ResourceConfigs/CarbonDioxide/PLANETARY_RESOURCE
[LOG 15:28:39.712] Config(PLANETARY_RESOURCE) RealSolarSystem/ResourceConfigs/CarbonDioxide/PLANETARY_RESOURCE
[LOG 15:28:39.712] Config(BIOME_RESOURCE) RealSolarSystem/ResourceConfigs/CarbonDioxide/BIOME_RESOURCE
[LOG 15:28:39.712] Config(BIOME_RESOURCE) RealSolarSystem/ResourceConfigs/CarbonDioxide/BIOME_RESOURCE
[LOG 15:28:39.712] Config(PLANETARY_RESOURCE) RealSolarSystem/ResourceConfigs/Dirt/PLANETARY_RESOURCE
[LOG 15:28:39.712] Config(PLANETARY_RESOURCE) RealSolarSystem/ResourceConfigs/Dirt/PLANETARY_RESOURCE
[LOG 15:28:39.712] Config(PLANETARY_RESOURCE) RealSolarSystem/ResourceConfigs/Dirt/PLANETARY_RESOURCE
[LOG 15:28:39.712] Config(PLANETARY_RESOURCE) RealSolarSystem/ResourceConfigs/Dirt/PLANETARY_RESOURCE
[LOG 15:28:39.712] Config(PLANETARY_RESOURCE) RealSolarSystem/ResourceConfigs/Ethane/PLANETARY_RESOURCE
[LOG 15:28:39.712] Config(PLANETARY_RESOURCE) RealSolarSystem/ResourceConfigs/ExoticMinerals/PLANETARY_RESOURCE
[LOG 15:28:39.712] Config(PLANETARY_RESOURCE) RealSolarSystem/ResourceConfigs/ExoticMinerals/PLANETARY_RESOURCE
[LOG 15:28:39.712] Config(PLANETARY_RESOURCE) RealSolarSystem/ResourceConfigs/ExoticMinerals/PLANETARY_RESOURCE
[LOG 15:28:39.712] Config(PLANETARY_RESOURCE) RealSolarSystem/ResourceConfigs/ExoticMinerals/PLANETARY_RESOURCE
[LOG 15:28:39.712] Config(PLANETARY_RESOURCE) RealSolarSystem/ResourceConfigs/Gypsum/PLANETARY_RESOURCE
[LOG 15:28:39.712] Config(PLANETARY_RESOURCE) RealSolarSystem/ResourceConfigs/Gypsum/PLANETARY_RESOURCE
[LOG 15:28:39.712] Config(PLANETARY_RESOURCE) RealSolarSystem/ResourceConfigs/Gypsum/PLANETARY_RESOURCE
[LOG 15:28:39.712] Config(PLANETARY_RESOURCE) RealSolarSystem/ResourceConfigs/Gypsum/PLANETARY_RESOURCE
[LOG 15:28:39.712] Config(PLANETARY_RESOURCE) RealSolarSystem/ResourceConfigs/Gypsum/PLANETARY_RESOURCE
[LOG 15:28:39.712] Config(BIOME_RESOURCE) RealSolarSystem/ResourceConfigs/Gypsum/BIOME_RESOURCE
[LOG 15:28:39.712] Config(PLANETARY_RESOURCE) RealSolarSystem/ResourceConfigs/Helium/PLANETARY_RESOURCE
[LOG 15:28:39.712] Config(PLANETARY_RESOURCE) RealSolarSystem/ResourceConfigs/Helium/PLANETARY_RESOURCE
[LOG 15:28:39.712] Config(PLANETARY_RESOURCE) RealSolarSystem/ResourceConfigs/Helium/PLANETARY_RESOURCE
[LOG 15:28:39.712] Config(PLANETARY_RESOURCE) RealSolarSystem/ResourceConfigs/Helium/PLANETARY_RESOURCE
[LOG 15:28:39.712] Config(PLANETARY_RESOURCE) RealSolarSystem/ResourceConfigs/Hydrates/PLANETARY_RESOURCE
[LOG 15:28:39.713] Config(PLANETARY_RESOURCE) RealSolarSystem/ResourceConfigs/Hydrates/PLANETARY_RESOURCE
[LOG 15:28:39.713] Config(PLANETARY_RESOURCE) RealSolarSystem/ResourceConfigs/Hydrates/PLANETARY_RESOURCE
[LOG 15:28:39.713] Config(PLANETARY_RESOURCE) RealSolarSystem/ResourceConfigs/Hydrates/PLANETARY_RESOURCE
[LOG 15:28:39.713] Config(PLANETARY_RESOURCE) RealSolarSystem/ResourceConfigs/Hydrates/PLANETARY_RESOURCE
[LOG 15:28:39.713] Config(PLANETARY_RESOURCE) RealSolarSystem/ResourceConfigs/Hydrogen/PLANETARY_RESOURCE
[LOG 15:28:39.713] Config(PLANETARY_RESOURCE) RealSolarSystem/ResourceConfigs/Hydrogen/PLANETARY_RESOURCE
[LOG 15:28:39.713] Config(PLANETARY_RESOURCE) RealSolarSystem/ResourceConfigs/Hydrogen/PLANETARY_RESOURCE
[LOG 15:28:39.713] Config(PLANETARY_RESOURCE) RealSolarSystem/ResourceConfigs/Hydrogen/PLANETARY_RESOURCE
[LOG 15:28:39.713] Config(PLANETARY_RESOURCE) RealSolarSystem/ResourceConfigs/Karbonite/PLANETARY_RESOURCE
[LOG 15:28:39.713] Config(PLANETARY_RESOURCE) RealSolarSystem/ResourceConfigs/Karbonite/PLANETARY_RESOURCE
[LOG 15:28:39.713] Config(PLANETARY_RESOURCE) RealSolarSystem/ResourceConfigs/Karbonite/PLANETARY_RESOURCE
[LOG 15:28:39.713] Config(PLANETARY_RESOURCE) RealSolarSystem/ResourceConfigs/Karbonite/PLANETARY_RESOURCE
[LOG 15:28:39.713] Config(PLANETARY_RESOURCE) RealSolarSystem/ResourceConfigs/Karbonite/PLANETARY_RESOURCE
[LOG 15:28:39.713] Config(PLANETARY_RESOURCE) RealSolarSystem/ResourceConfigs/Karbonite/PLANETARY_RESOURCE
[LOG 15:28:39.713] Config(PLANETARY_RESOURCE) RealSolarSystem/ResourceConfigs/Karbonite/PLANETARY_RESOURCE
[LOG 15:28:39.713] Config(PLANETARY_RESOURCE) RealSolarSystem/ResourceConfigs/Karbonite/PLANETARY_RESOURCE
[LOG 15:28:39.713] Config(PLANETARY_RESOURCE) RealSolarSystem/ResourceConfigs/Karbonite/PLANETARY_RESOURCE
[LOG 15:28:39.713] Config(PLANETARY_RESOURCE) RealSolarSystem/ResourceConfigs/Karbonite/PLANETARY_RESOURCE
[LOG 15:28:39.713] Config(PLANETARY_RESOURCE) RealSolarSystem/ResourceConfigs/Karbonite/PLANETARY_RESOURCE
[LOG 15:28:39.713] Config(PLANETARY_RESOURCE) RealSolarSystem/ResourceConfigs/Karbonite/PLANETARY_RESOURCE
[LOG 15:28:39.713] Config(PLANETARY_RESOURCE) RealSolarSystem/ResourceConfigs/Karbonite/PLANETARY_RESOURCE
[LOG 15:28:39.713] Config(PLANETARY_RESOURCE) RealSolarSystem/ResourceConfigs/Karbonite/PLANETARY_RESOURCE
[LOG 15:28:39.713] Config(PLANETARY_RESOURCE) RealSolarSystem/ResourceConfigs/Karbonite/PLANETARY_RESOURCE
[LOG 15:28:39.713] Config(PLANETARY_RESOURCE) RealSolarSystem/ResourceConfigs/Karbonite/PLANETARY_RESOURCE
[LOG 15:28:39.713] Config(PLANETARY_RESOURCE) RealSolarSystem/ResourceConfigs/Karbonite/PLANETARY_RESOURCE
[LOG 15:28:39.713] Config(PLANETARY_RESOURCE) RealSolarSystem/ResourceConfigs/Karbonite/PLANETARY_RESOURCE
[LOG 15:28:39.713] Config(PLANETARY_RESOURCE) RealSolarSystem/ResourceConfigs/Karbonite/PLANETARY_RESOURCE
[LOG 15:28:39.713] Config(PLANETARY_RESOURCE) RealSolarSystem/ResourceConfigs/Karbonite/PLANETARY_RESOURCE
[LOG 15:28:39.714] Config(PLANETARY_RESOURCE) RealSolarSystem/ResourceConfigs/Karborundum/PLANETARY_RESOURCE
[LOG 15:28:39.714] Config(PLANETARY_RESOURCE) RealSolarSystem/ResourceConfigs/Karborundum/PLANETARY_RESOURCE
[LOG 15:28:39.714] Config(PLANETARY_RESOURCE) RealSolarSystem/ResourceConfigs/Karborundum/PLANETARY_RESOURCE
[LOG 15:28:39.714] Config(PLANETARY_RESOURCE) RealSolarSystem/ResourceConfigs/Karborundum/PLANETARY_RESOURCE
[LOG 15:28:39.714] Config(PLANETARY_RESOURCE) RealSolarSystem/ResourceConfigs/Karborundum/PLANETARY_RESOURCE
[LOG 15:28:39.714] Config(PLANETARY_RESOURCE) RealSolarSystem/ResourceConfigs/Karborundum/PLANETARY_RESOURCE
[LOG 15:28:39.714] Config(PLANETARY_RESOURCE) RealSolarSystem/ResourceConfigs/Karborundum/PLANETARY_RESOURCE
[LOG 15:28:39.714] Config(PLANETARY_RESOURCE) RealSolarSystem/ResourceConfigs/MetallicOre/PLANETARY_RESOURCE
[LOG 15:28:39.714] Config(PLANETARY_RESOURCE) RealSolarSystem/ResourceConfigs/MetallicOre/PLANETARY_RESOURCE
[LOG 15:28:39.714] Config(PLANETARY_RESOURCE) RealSolarSystem/ResourceConfigs/MetallicOre/PLANETARY_RESOURCE
[LOG 15:28:39.714] Config(PLANETARY_RESOURCE) RealSolarSystem/ResourceConfigs/MetallicOre/PLANETARY_RESOURCE
[LOG 15:28:39.714] Config(PLANETARY_RESOURCE) RealSolarSystem/ResourceConfigs/MetallicOre/PLANETARY_RESOURCE
[LOG 15:28:39.714] Config(PLANETARY_RESOURCE) RealSolarSystem/ResourceConfigs/Methane/PLANETARY_RESOURCE
[LOG 15:28:39.714] Config(PLANETARY_RESOURCE) RealSolarSystem/ResourceConfigs/Methane/PLANETARY_RESOURCE
[LOG 15:28:39.714] Config(PLANETARY_RESOURCE) RealSolarSystem/ResourceConfigs/Methane/PLANETARY_RESOURCE
[LOG 15:28:39.715] Config(PLANETARY_RESOURCE) RealSolarSystem/ResourceConfigs/Methane/PLANETARY_RESOURCE
[LOG 15:28:39.715] Config(PLANETARY_RESOURCE) RealSolarSystem/ResourceConfigs/Methane/PLANETARY_RESOURCE
[LOG 15:28:39.715] Config(PLANETARY_RESOURCE) RealSolarSystem/ResourceConfigs/Methane/PLANETARY_RESOURCE
[LOG 15:28:39.715] Config(PLANETARY_RESOURCE) RealSolarSystem/ResourceConfigs/Methane/PLANETARY_RESOURCE
[LOG 15:28:39.715] Config(PLANETARY_RESOURCE) RealSolarSystem/ResourceConfigs/Methane/PLANETARY_RESOURCE
[LOG 15:28:39.715] Config(PLANETARY_RESOURCE) RealSolarSystem/ResourceConfigs/Methane/PLANETARY_RESOURCE
[LOG 15:28:39.715] Config(PLANETARY_RESOURCE) RealSolarSystem/ResourceConfigs/Methane/PLANETARY_RESOURCE
[LOG 15:28:39.715] Config(PLANETARY_RESOURCE) RealSolarSystem/ResourceConfigs/Methane/PLANETARY_RESOURCE
[LOG 15:28:39.715] Config(PLANETARY_RESOURCE) RealSolarSystem/ResourceConfigs/Methane/PLANETARY_RESOURCE
[LOG 15:28:39.715] Config(PLANETARY_RESOURCE) RealSolarSystem/ResourceConfigs/Methane/PLANETARY_RESOURCE
[LOG 15:28:39.715] Config(PLANETARY_RESOURCE) RealSolarSystem/ResourceConfigs/Methane/PLANETARY_RESOURCE
[LOG 15:28:39.715] Config(PLANETARY_RESOURCE) RealSolarSystem/ResourceConfigs/Methane/PLANETARY_RESOURCE
[LOG 15:28:39.715] Config(PLANETARY_RESOURCE) RealSolarSystem/ResourceConfigs/Methane/PLANETARY_RESOURCE
[LOG 15:28:39.715] Config(PLANETARY_RESOURCE) RealSolarSystem/ResourceConfigs/Minerals/PLANETARY_RESOURCE
[LOG 15:28:39.715] Config(PLANETARY_RESOURCE) RealSolarSystem/ResourceConfigs/Minerals/PLANETARY_RESOURCE
[LOG 15:28:39.715] Config(PLANETARY_RESOURCE) RealSolarSystem/ResourceConfigs/Minerals/PLANETARY_RESOURCE
[LOG 15:28:39.715] Config(PLANETARY_RESOURCE) RealSolarSystem/ResourceConfigs/Minerals/PLANETARY_RESOURCE
[LOG 15:28:39.715] Config(PLANETARY_RESOURCE) RealSolarSystem/ResourceConfigs/Minerals/PLANETARY_RESOURCE
[LOG 15:28:39.715] Config(PLANETARY_RESOURCE) RealSolarSystem/ResourceConfigs/Nitrogen/PLANETARY_RESOURCE
[LOG 15:28:39.715] Config(PLANETARY_RESOURCE) RealSolarSystem/ResourceConfigs/Nitrogen/PLANETARY_RESOURCE
[LOG 15:28:39.715] Config(PLANETARY_RESOURCE) RealSolarSystem/ResourceConfigs/Nitrogen/PLANETARY_RESOURCE
[LOG 15:28:39.715] Config(PLANETARY_RESOURCE) RealSolarSystem/ResourceConfigs/Nitrogen/PLANETARY_RESOURCE
[LOG 15:28:39.715] Config(PLANETARY_RESOURCE) RealSolarSystem/ResourceConfigs/Nitrogen/PLANETARY_RESOURCE
[LOG 15:28:39.715] Config(PLANETARY_RESOURCE) RealSolarSystem/ResourceConfigs/Nitrogen/PLANETARY_RESOURCE
[LOG 15:28:39.716] Config(PLANETARY_RESOURCE) RealSolarSystem/ResourceConfigs/Ore/PLANETARY_RESOURCE
[LOG 15:28:39.716] Config(PLANETARY_RESOURCE) RealSolarSystem/ResourceConfigs/Ore/PLANETARY_RESOURCE
[LOG 15:28:39.716] Config(PLANETARY_RESOURCE) RealSolarSystem/ResourceConfigs/Ore/PLANETARY_RESOURCE
[LOG 15:28:39.716] Config(PLANETARY_RESOURCE) RealSolarSystem/ResourceConfigs/Ore/PLANETARY_RESOURCE
[LOG 15:28:39.716] Config(PLANETARY_RESOURCE) RealSolarSystem/ResourceConfigs/Oxygen/PLANETARY_RESOURCE
[LOG 15:28:39.716] Config(PLANETARY_RESOURCE) RealSolarSystem/ResourceConfigs/Oxygen/PLANETARY_RESOURCE
[LOG 15:28:39.716] Config(PLANETARY_RESOURCE) RealSolarSystem/ResourceConfigs/RareMetals/PLANETARY_RESOURCE
[LOG 15:28:39.716] Config(PLANETARY_RESOURCE) RealSolarSystem/ResourceConfigs/RareMetals/PLANETARY_RESOURCE
[LOG 15:28:39.716] Config(PLANETARY_RESOURCE) RealSolarSystem/ResourceConfigs/RareMetals/PLANETARY_RESOURCE
[LOG 15:28:39.716] Config(PLANETARY_RESOURCE) RealSolarSystem/ResourceConfigs/RareMetals/PLANETARY_RESOURCE
[LOG 15:28:39.716] Config(PLANETARY_RESOURCE) RealSolarSystem/ResourceConfigs/RareMetals/PLANETARY_RESOURCE
[LOG 15:28:39.716] Config(PLANETARY_RESOURCE) RealSolarSystem/ResourceConfigs/Substrate/PLANETARY_RESOURCE
[LOG 15:28:39.716] Config(PLANETARY_RESOURCE) RealSolarSystem/ResourceConfigs/Substrate/PLANETARY_RESOURCE
[LOG 15:28:39.716] Config(PLANETARY_RESOURCE) RealSolarSystem/ResourceConfigs/Substrate/PLANETARY_RESOURCE
[LOG 15:28:39.716] Config(PLANETARY_RESOURCE) RealSolarSystem/ResourceConfigs/Substrate/PLANETARY_RESOURCE
[LOG 15:28:39.716] Config(PLANETARY_RESOURCE) RealSolarSystem/ResourceConfigs/Substrate/PLANETARY_RESOURCE
[LOG 15:28:39.716] Config(PLANETARY_RESOURCE) RealSolarSystem/ResourceConfigs/Uraninite/PLANETARY_RESOURCE
[LOG 15:28:39.716] Config(PLANETARY_RESOURCE) RealSolarSystem/ResourceConfigs/Uraninite/PLANETARY_RESOURCE
[LOG 15:28:39.716] Config(PLANETARY_RESOURCE) RealSolarSystem/ResourceConfigs/Uraninite/PLANETARY_RESOURCE
[LOG 15:28:39.716] Config(PLANETARY_RESOURCE) RealSolarSystem/ResourceConfigs/Uraninite/PLANETARY_RESOURCE
[LOG 15:28:39.716] Config(PLANETARY_RESOURCE) RealSolarSystem/ResourceConfigs/Uraninite/PLANETARY_RESOURCE
[LOG 15:28:39.716] Config(PLANETARY_RESOURCE) RealSolarSystem/ResourceConfigs/Water/PLANETARY_RESOURCE
[LOG 15:28:39.716] Config(PLANETARY_RESOURCE) RealSolarSystem/ResourceConfigs/Water/PLANETARY_RESOURCE
[LOG 15:28:39.716] Config(PLANETARY_RESOURCE) RealSolarSystem/ResourceConfigs/Water/PLANETARY_RESOURCE
[LOG 15:28:39.716] Config(PLANETARY_RESOURCE) RealSolarSystem/ResourceConfigs/Water/PLANETARY_RESOURCE
[LOG 15:28:39.716] Config(PLANETARY_RESOURCE) RealSolarSystem/ResourceConfigs/Water/PLANETARY_RESOURCE
[LOG 15:28:39.716] Config(PLANETARY_RESOURCE) RealSolarSystem/ResourceConfigs/Water/PLANETARY_RESOURCE
[LOG 15:28:39.716] Config(PLANETARY_RESOURCE) RealSolarSystem/ResourceConfigs/Water/PLANETARY_RESOURCE
[LOG 15:28:39.716] Config(PLANETARY_RESOURCE) RealSolarSystem/ResourceConfigs/Water/PLANETARY_RESOURCE
[LOG 15:28:39.717] Config(PLANETARY_RESOURCE) RealSolarSystem/ResourceConfigs/Water/PLANETARY_RESOURCE
[LOG 15:28:39.717] Config(PLANETARY_RESOURCE) RealSolarSystem/ResourceConfigs/Water/PLANETARY_RESOURCE
[LOG 15:28:39.717] Config(PLANETARY_RESOURCE) RealSolarSystem/ResourceConfigs/Water/PLANETARY_RESOURCE
[LOG 15:28:39.717] Config(PLANETARY_RESOURCE) RealSolarSystem/ResourceConfigs/Water/PLANETARY_RESOURCE
[LOG 15:28:39.717] Config(BIOME_RESOURCE) RealSolarSystem/ResourceConfigs/Water/BIOME_RESOURCE
[LOG 15:28:39.717] Config(BIOME_RESOURCE) RealSolarSystem/ResourceConfigs/Water/BIOME_RESOURCE
[LOG 15:28:39.717] Config(BIOME_RESOURCE) RealSolarSystem/ResourceConfigs/Water/BIOME_RESOURCE
[LOG 15:28:39.717] Config(PLANETARY_RESOURCE) RealSolarSystem/ResourceConfigs/Water/PLANETARY_RESOURCE
[LOG 15:28:39.717] Config(PLANETARY_RESOURCE) RealSolarSystem/ResourceConfigs/Water/PLANETARY_RESOURCE
[LOG 15:28:39.717] Config(PLANETARY_RESOURCE) RealSolarSystem/ResourceConfigs/Water/PLANETARY_RESOURCE
[LOG 15:28:39.717] Config(PLANETARY_RESOURCE) RealSolarSystem/ResourceConfigs/Water/PLANETARY_RESOURCE
[LOG 15:28:39.717] Config(PLANETARY_RESOURCE) RealSolarSystem/ResourceConfigs/XenonGas/PLANETARY_RESOURCE
[LOG 15:28:39.717] Config(PLANETARY_RESOURCE) RealSolarSystem/ResourceConfigs/XenonGas/PLANETARY_RESOURCE
[LOG 15:28:39.717] Config(@Kopernicus:AFTER[RealSolarSystem]) RealSolarSystem/RSSKopernicus/NavballSwitchAltitude/@Kopernicus:AFTER[RealSolarSystem]
[LOG 15:28:39.717] Config(@Kopernicus:FOR[RealSolarSystem]) RealSolarSystem/RSSKopernicus/Sun/@Kopernicus:FOR[RealSolarSystem]
[LOG 15:28:39.717] Config(@Kopernicus:FOR[RealSolarSystem]) RealSolarSystem/RSSKopernicus/Asteroids/Asteroids/@Kopernicus:FOR[RealSolarSystem]
[LOG 15:28:39.717] Config(@PART[*]:HAS[@MODULE[ModuleAsteroid]]:FOR[RealSolarSystem]) RealSolarSystem/RSSKopernicus/Asteroids/Asteroids/@PART[*]:HAS[@MODULE[ModuleAsteroid]]:FOR[RealSolarSystem]
[LOG 15:28:39.717] Config(@Kopernicus:FOR[RealSolarSystem]) RealSolarSystem/RSSKopernicus/Ceres/Ceres/@Kopernicus:FOR[RealSolarSystem]
[LOG 15:28:39.717] Config(@Kopernicus:FOR[RealSolarSystem]) RealSolarSystem/RSSKopernicus/Earth/Earth/@Kopernicus:FOR[RealSolarSystem]
[LOG 15:28:39.717] Config(@Kopernicus:FOR[RealSolarSystem]) RealSolarSystem/RSSKopernicus/Earth/Moon/@Kopernicus:FOR[RealSolarSystem]
[LOG 15:28:39.717] Config(@Kopernicus:FOR[RealSolarSystem]) RealSolarSystem/RSSKopernicus/Jupiter/Callisto/@Kopernicus:FOR[RealSolarSystem]
[LOG 15:28:39.717] Config(@Kopernicus:FOR[RealSolarSystem]) RealSolarSystem/RSSKopernicus/Jupiter/Europa/@Kopernicus:FOR[RealSolarSystem]
[LOG 15:28:39.717] Config(@Kopernicus:FOR[RealSolarSystem]) RealSolarSystem/RSSKopernicus/Jupiter/Ganymede/@Kopernicus:FOR[RealSolarSystem]
[LOG 15:28:39.717] Config(@Kopernicus:FOR[RealSolarSystem]) RealSolarSystem/RSSKopernicus/Jupiter/Io/@Kopernicus:FOR[RealSolarSystem]
[LOG 15:28:39.717] Config(@Kopernicus:FOR[RealSolarSystem]) RealSolarSystem/RSSKopernicus/Jupiter/Jupiter/@Kopernicus:FOR[RealSolarSystem]
[LOG 15:28:39.717] Config(@Kopernicus:FOR[RealSolarSystem]) RealSolarSystem/RSSKopernicus/Jupiter/Jupiter_Oblate/@Kopernicus:FOR[RealSolarSystem]
[LOG 15:28:39.717] Config(@Kopernicus:FOR[RealSolarSystem]) RealSolarSystem/RSSKopernicus/Mars/Deimos/@Kopernicus:FOR[RealSolarSystem]
[LOG 15:28:39.718] Config(@Kopernicus:FOR[RealSolarSystem]) RealSolarSystem/RSSKopernicus/Mars/Mars/@Kopernicus:FOR[RealSolarSystem]
[LOG 15:28:39.718] Config(@Kopernicus:FOR[RealSolarSystem]) RealSolarSystem/RSSKopernicus/Mars/Phobos/@Kopernicus:FOR[RealSolarSystem]
[LOG 15:28:39.718] Config(@Kopernicus:FOR[RealSolarSystem]) RealSolarSystem/RSSKopernicus/Mercury/Mercury/@Kopernicus:FOR[RealSolarSystem]
[LOG 15:28:39.718] Config(@Kopernicus:FOR[RealSolarSystem]) RealSolarSystem/RSSKopernicus/Neptune/Neptune/@Kopernicus:FOR[RealSolarSystem]
[LOG 15:28:39.718] Config(@Kopernicus:FOR[RealSolarSystem]) RealSolarSystem/RSSKopernicus/Neptune/Neptune_Oblate/@Kopernicus:FOR[RealSolarSystem]
[LOG 15:28:39.718] Config(@Kopernicus:FOR[RealSolarSystem]) RealSolarSystem/RSSKopernicus/Neptune/Triton/@Kopernicus:FOR[RealSolarSystem]
[LOG 15:28:39.718] Config(@Kopernicus:FOR[RealSolarSystem]) RealSolarSystem/RSSKopernicus/Neptune/Triton_Rotation/@Kopernicus:FOR[RealSolarSystem]
[LOG 15:28:39.718] Config(@Kopernicus:FOR[RealSolarSystem]) RealSolarSystem/RSSKopernicus/Pluto/Charon/@Kopernicus:FOR[RealSolarSystem]
[LOG 15:28:39.718] Config(@Kopernicus:FOR[RealSolarSystem]) RealSolarSystem/RSSKopernicus/Pluto/Pluto/@Kopernicus:FOR[RealSolarSystem]
[LOG 15:28:39.718] Config(@Kopernicus:FOR[RealSolarSystem]) RealSolarSystem/RSSKopernicus/Pluto/RotationPeriod/@Kopernicus:FOR[RealSolarSystem]
[LOG 15:28:39.718] Config(@Kopernicus:FOR[RealSolarSystem]) RealSolarSystem/RSSKopernicus/Saturn/Dione/@Kopernicus:FOR[RealSolarSystem]
[LOG 15:28:39.718] Config(@Kopernicus:FOR[RealSolarSystem]) RealSolarSystem/RSSKopernicus/Saturn/Enceladus/@Kopernicus:FOR[RealSolarSystem]
[LOG 15:28:39.718] Config(@Kopernicus:FOR[RealSolarSystem]) RealSolarSystem/RSSKopernicus/Saturn/Iapetus/@Kopernicus:FOR[RealSolarSystem]
[LOG 15:28:39.718] Config(@Kopernicus:FOR[RealSolarSystem]) RealSolarSystem/RSSKopernicus/Saturn/Mimas/@Kopernicus:FOR[RealSolarSystem]
[LOG 15:28:39.718] Config(@Kopernicus:FOR[RealSolarSystem]) RealSolarSystem/RSSKopernicus/Saturn/Rhea/@Kopernicus:FOR[RealSolarSystem]
[LOG 15:28:39.718] Config(@Kopernicus:FOR[RealSolarSystem]) RealSolarSystem/RSSKopernicus/Saturn/Saturn/@Kopernicus:FOR[RealSolarSystem]
[LOG 15:28:39.718] Config(@Kopernicus:FOR[RealSolarSystem]) RealSolarSystem/RSSKopernicus/Saturn/Saturn_Oblate/@Kopernicus:FOR[RealSolarSystem]
[LOG 15:28:39.718] Config(@Kopernicus:FOR[RealSolarSystem]) RealSolarSystem/RSSKopernicus/Saturn/Tethys/@Kopernicus:FOR[RealSolarSystem]
[LOG 15:28:39.718] Config(@Kopernicus:FOR[RealSolarSystem]) RealSolarSystem/RSSKopernicus/Saturn/Titan/@Kopernicus:FOR[RealSolarSystem]
[LOG 15:28:39.718] Config(@Kopernicus:FOR[RealSolarSystem]) RealSolarSystem/RSSKopernicus/Uranus/Ariel/@Kopernicus:FOR[RealSolarSystem]
[LOG 15:28:39.718] Config(@Kopernicus:FOR[RealSolarSystem]) RealSolarSystem/RSSKopernicus/Uranus/Miranda/@Kopernicus:FOR[RealSolarSystem]
[LOG 15:28:39.718] Config(@Kopernicus:FOR[RealSolarSystem]) RealSolarSystem/RSSKopernicus/Uranus/Oberon/@Kopernicus:FOR[RealSolarSystem]
[LOG 15:28:39.718] Config(@Kopernicus:FOR[RealSolarSystem]) RealSolarSystem/RSSKopernicus/Uranus/Titania/@Kopernicus:FOR[RealSolarSystem]
[LOG 15:28:39.719] Config(@Kopernicus:FOR[RealSolarSystem]) RealSolarSystem/RSSKopernicus/Uranus/Umbriel/@Kopernicus:FOR[RealSolarSystem]
[LOG 15:28:39.719] Config(@Kopernicus:FOR[RealSolarSystem]) RealSolarSystem/RSSKopernicus/Uranus/Uranus/@Kopernicus:FOR[RealSolarSystem]
[LOG 15:28:39.719] Config(@Kopernicus:FOR[RealSolarSystem]) RealSolarSystem/RSSKopernicus/Uranus/Uranus_Oblate/@Kopernicus:FOR[RealSolarSystem]
[LOG 15:28:39.719] Config(@Kopernicus:FOR[RealSolarSystem]) RealSolarSystem/RSSKopernicus/Venus/Venus/@Kopernicus:FOR[RealSolarSystem]
[LOG 15:28:39.719] Config(@Kopernicus:FOR[RealSolarSystem]) RealSolarSystem/RSSKopernicus/Vesta/Vesta/@Kopernicus:FOR[RealSolarSystem]
[LOG 15:28:39.719] Config(AGENT) Squad/Agencies/Agents/C7 Aerospace Division
[LOG 15:28:39.719] Config(AGENT) Squad/Agencies/Agents/Dinkelstein Kerman's Construction Emporium
[LOG 15:28:39.719] Config(AGENT) Squad/Agencies/Agents/Experimental Engineering Group
[LOG 15:28:39.719] Config(AGENT) Squad/Agencies/Agents/FLOOYD Dynamics Research Labs
[LOG 15:28:39.719] Config(AGENT) Squad/Agencies/Agents/Goliath National Products
[LOG 15:28:39.719] Config(AGENT) Squad/Agencies/Agents/Integrated Integrals
[LOG 15:28:39.719] Config(AGENT) Squad/Agencies/Agents/Ionic Symphonic Protonic Electronics
[LOG 15:28:39.719] Config(AGENT) Squad/Agencies/Agents/Jebediah Kerman's Junkyard and Spacecraft Parts Co
[LOG 15:28:39.719] Config(AGENT) Squad/Agencies/Agents/Kerbal Motion LLC
[LOG 15:28:39.719] Config(AGENT) Squad/Agencies/Agents/Kerbin World-Firsts Record-Keeping Society
[LOG 15:28:39.719] Config(AGENT) Squad/Agencies/Agents/Kerbodyne
[LOG 15:28:39.719] Config(AGENT) Squad/Agencies/Agents/Kerlington Model Rockets and Paper Products Inc
[LOG 15:28:39.719] Config(AGENT) Squad/Agencies/Agents/Maxo Construction Toys
[LOG 15:28:39.719] Config(AGENT) Squad/Agencies/Agents/Moving Parts Experts Group
[LOG 15:28:39.719] Config(AGENT) Squad/Agencies/Agents/O.M.B. Demolition Enterprises
[LOG 15:28:39.719] Config(AGENT) Squad/Agencies/Agents/Periapsis Rocket Supplies Co
[LOG 15:28:39.719] Config(AGENT) Squad/Agencies/Agents/Probodobodyne Inc
[LOG 15:28:39.719] Config(AGENT) Squad/Agencies/Agents/Research & Development Department
[LOG 15:28:39.719] Config(AGENT) Squad/Agencies/Agents/Reaction Systems Ltd
[LOG 15:28:39.719] Config(AGENT) Squad/Agencies/Agents/Rockomax Conglomerate
[LOG 15:28:39.719] Config(AGENT) Squad/Agencies/Agents/Rokea Inc
[LOG 15:28:39.719] Config(AGENT) Squad/Agencies/Agents/Sean's Cannery
[LOG 15:28:39.719] Config(AGENT) Squad/Agencies/Agents/STEADLER Engineering Corps
[LOG 15:28:39.719] Config(AGENT) Squad/Agencies/Agents/StrutCo
[LOG 15:28:39.720] Config(AGENT) Squad/Agencies/Agents/Vac-Co Advanced Suction Systems
[LOG 15:28:39.720] Config(AGENT) Squad/Agencies/Agents/WinterOwl Aircraft Emporium
[LOG 15:28:39.720] Config(AGENT) Squad/Agencies/Agents/Zaltonic Electronics
[LOG 15:28:39.720] Config(CONTRACT_CONSTRUCTION_PARTS) Squad/Contracts/constructionContractParts/CONTRACT_CONSTRUCTION_PARTS
[LOG 15:28:39.720] Config(Contracts) Squad/Contracts/Contracts/Contracts
[LOG 15:28:39.720] Config(CONTRACTCRAFT) Squad/Contracts/PrebuiltCraft/prebuiltData/CONTRACTCRAFT
[LOG 15:28:39.720] Config(CONTRACTCRAFT) Squad/Contracts/PrebuiltCraft/OrbitalConstructionContract/orbitalConstructionContractCraft/CONTRACTCRAFT
[LOG 15:28:39.720] Config(CONTRACTCRAFT) Squad/Contracts/PrebuiltCraft/RepairContract/repairContractCraft/CONTRACTCRAFT
[LOG 15:28:39.720] Config(CONTRACTCRAFT) Squad/Contracts/PrebuiltCraft/RoverContract/roverContractCraft/CONTRACTCRAFT
[LOG 15:28:39.720] Config(KEYBOARD_LAYOUT) Squad/Controls/Azerty/#autoLOC_6001233
[LOG 15:28:39.720] Config(PITCH_DOWN) Squad/Controls/Azerty/PITCH_DOWN
[LOG 15:28:39.720] Config(PITCH_UP) Squad/Controls/Azerty/PITCH_UP
[LOG 15:28:39.720] Config(YAW_LEFT) Squad/Controls/Azerty/YAW_LEFT
[LOG 15:28:39.720] Config(YAW_RIGHT) Squad/Controls/Azerty/YAW_RIGHT
[LOG 15:28:39.720] Config(ROLL_LEFT) Squad/Controls/Azerty/ROLL_LEFT
[LOG 15:28:39.720] Config(ROLL_RIGHT) Squad/Controls/Azerty/ROLL_RIGHT
[LOG 15:28:39.720] Config(THROTTLE_UP) Squad/Controls/Azerty/THROTTLE_UP
[LOG 15:28:39.720] Config(THROTTLE_DOWN) Squad/Controls/Azerty/THROTTLE_DOWN
[LOG 15:28:39.720] Config(SAS_HOLD) Squad/Controls/Azerty/SAS_HOLD
[LOG 15:28:39.720] Config(SAS_TOGGLE) Squad/Controls/Azerty/SAS_TOGGLE
[LOG 15:28:39.720] Config(LAUNCH_STAGES) Squad/Controls/Azerty/LAUNCH_STAGES
[LOG 15:28:39.720] Config(Docking_toggleRotLin) Squad/Controls/Azerty/Docking_toggleRotLin
[LOG 15:28:39.720] Config(CAMERA_MODE) Squad/Controls/Azerty/CAMERA_MODE
[LOG 15:28:39.720] Config(CAMERA_NEXT) Squad/Controls/Azerty/CAMERA_NEXT
[LOG 15:28:39.720] Config(PAUSE) Squad/Controls/Azerty/PAUSE
[LOG 15:28:39.720] Config(PRECISION_CTRL) Squad/Controls/Azerty/PRECISION_CTRL
[LOG 15:28:39.720] Config(ZOOM_IN) Squad/Controls/Azerty/ZOOM_IN
[LOG 15:28:39.720] Config(ZOOM_OUT) Squad/Controls/Azerty/ZOOM_OUT
[LOG 15:28:39.721] Config(SCROLL_VIEW_UP) Squad/Controls/Azerty/SCROLL_VIEW_UP
[LOG 15:28:39.721] Config(SCROLL_VIEW_DOWN) Squad/Controls/Azerty/SCROLL_VIEW_DOWN
[LOG 15:28:39.721] Config(SCROLL_ICONS_UP) Squad/Controls/Azerty/SCROLL_ICONS_UP
[LOG 15:28:39.721] Config(SCROLL_ICONS_DOWN) Squad/Controls/Azerty/SCROLL_ICONS_DOWN
[LOG 15:28:39.721] Config(CAMERA_ORBIT_UP) Squad/Controls/Azerty/CAMERA_ORBIT_UP
[LOG 15:28:39.721] Config(CAMERA_ORBIT_DOWN) Squad/Controls/Azerty/CAMERA_ORBIT_DOWN
[LOG 15:28:39.721] Config(CAMERA_ORBIT_LEFT) Squad/Controls/Azerty/CAMERA_ORBIT_LEFT
[LOG 15:28:39.721] Config(CAMERA_ORBIT_RIGHT) Squad/Controls/Azerty/CAMERA_ORBIT_RIGHT
[LOG 15:28:39.721] Config(CAMERA_RESET) Squad/Controls/Azerty/CAMERA_RESET
[LOG 15:28:39.721] Config(CAMERA_MOUSE_TOGGLE) Squad/Controls/Azerty/CAMERA_MOUSE_TOGGLE
[LOG 15:28:39.721] Config(TIME_WARP_INCREASE) Squad/Controls/Azerty/TIME_WARP_INCREASE
[LOG 15:28:39.721] Config(TIME_WARP_DECREASE) Squad/Controls/Azerty/TIME_WARP_DECREASE
[LOG 15:28:39.721] Config(TIME_WARP_STOP) Squad/Controls/Azerty/TIME_WARP_STOP
[LOG 15:28:39.721] Config(MAP_VIEW_TOGGLE) Squad/Controls/Azerty/MAP_VIEW_TOGGLE
[LOG 15:28:39.721] Config(NAVBALL_TOGGLE) Squad/Controls/Azerty/NAVBALL_TOGGLE
[LOG 15:28:39.721] Config(UIMODE_STAGING) Squad/Controls/Azerty/UIMODE_STAGING
[LOG 15:28:39.721] Config(UIMODE_DOCKING) Squad/Controls/Azerty/UIMODE_DOCKING
[LOG 15:28:39.721] Config(TRANSLATE_DOWN) Squad/Controls/Azerty/TRANSLATE_DOWN
[LOG 15:28:39.721] Config(TRANSLATE_UP) Squad/Controls/Azerty/TRANSLATE_UP
[LOG 15:28:39.721] Config(TRANSLATE_LEFT) Squad/Controls/Azerty/TRANSLATE_LEFT
[LOG 15:28:39.721] Config(TRANSLATE_RIGHT) Squad/Controls/Azerty/TRANSLATE_RIGHT
[LOG 15:28:39.721] Config(TRANSLATE_FWD) Squad/Controls/Azerty/TRANSLATE_FWD
[LOG 15:28:39.721] Config(TRANSLATE_BACK) Squad/Controls/Azerty/TRANSLATE_BACK
[LOG 15:28:39.721] Config(RCS_TOGGLE) Squad/Controls/Azerty/RCS_TOGGLE
[LOG 15:28:39.721] Config(FOCUS_NEXT_VESSEL) Squad/Controls/Azerty/FOCUS_NEXT_VESSEL
[LOG 15:28:39.721] Config(FOCUS_PREV_VESSEL) Squad/Controls/Azerty/FOCUS_PREV_VESSEL
[LOG 15:28:39.721] Config(TOGGLE_UI) Squad/Controls/Azerty/TOGGLE_UI
[LOG 15:28:39.721] Config(TOGGLE_STATUS_SCREEN) Squad/Controls/Azerty/TOGGLE_STATUS_SCREEN
[LOG 15:28:39.721] Config(TAKE_SCREENSHOT) Squad/Controls/Azerty/TAKE_SCREENSHOT
[LOG 15:28:39.721] Config(TOGGLE_LABELS) Squad/Controls/Azerty/TOGGLE_LABELS
[LOG 15:28:39.721] Config(TOGGLE_TEMP_GAUGES) Squad/Controls/Azerty/TOGGLE_TEMP_GAUGES
[LOG 15:28:39.722] Config(TOGGLE_TEMP_OVERLAY) Squad/Controls/Azerty/TOGGLE_TEMP_OVERLAY
[LOG 15:28:39.722] Config(TOGGLE_FLIGHT_FORCES) Squad/Controls/Azerty/TOGGLE_FLIGHT_FORCES
[LOG 15:28:39.722] Config(QUICKSAVE) Squad/Controls/Azerty/QUICKSAVE
[LOG 15:28:39.722] Config(QUICKLOAD) Squad/Controls/Azerty/QUICKLOAD
[LOG 15:28:39.722] Config(THROTTLE_CUTOFF) Squad/Controls/Azerty/THROTTLE_CUTOFF
[LOG 15:28:39.722] Config(THROTTLE_FULL) Squad/Controls/Azerty/THROTTLE_FULL
[LOG 15:28:39.722] Config(LANDING_GEAR) Squad/Controls/Azerty/LANDING_GEAR
[LOG 15:28:39.722] Config(HEADLIGHT_TOGGLE) Squad/Controls/Azerty/HEADLIGHT_TOGGLE
[LOG 15:28:39.722] Config(BRAKES) Squad/Controls/Azerty/BRAKES
[LOG 15:28:39.722] Config(TOGGLE_SPACENAV_FLIGHT_CONTROL) Squad/Controls/Azerty/TOGGLE_SPACENAV_FLIGHT_CONTROL
[LOG 15:28:39.722] Config(TOGGLE_SPACENAV_ROLL_LOCK) Squad/Controls/Azerty/TOGGLE_SPACENAV_ROLL_LOCK
[LOG 15:28:39.722] Config(WHEEL_STEER_LEFT) Squad/Controls/Azerty/WHEEL_STEER_LEFT
[LOG 15:28:39.722] Config(WHEEL_STEER_RIGHT) Squad/Controls/Azerty/WHEEL_STEER_RIGHT
[LOG 15:28:39.722] Config(WHEEL_THROTTLE_DOWN) Squad/Controls/Azerty/WHEEL_THROTTLE_DOWN
[LOG 15:28:39.722] Config(WHEEL_THROTTLE_UP) Squad/Controls/Azerty/WHEEL_THROTTLE_UP
[LOG 15:28:39.722] Config(EVA_forward) Squad/Controls/Azerty/EVA_forward
[LOG 15:28:39.722] Config(EVA_back) Squad/Controls/Azerty/EVA_back
[LOG 15:28:39.722] Config(EVA_left) Squad/Controls/Azerty/EVA_left
[LOG 15:28:39.722] Config(EVA_right) Squad/Controls/Azerty/EVA_right
[LOG 15:28:39.722] Config(EVA_yaw_left) Squad/Controls/Azerty/EVA_yaw_left
[LOG 15:28:39.722] Config(EVA_yaw_right) Squad/Controls/Azerty/EVA_yaw_right
[LOG 15:28:39.722] Config(EVA_Pack_forward) Squad/Controls/Azerty/EVA_Pack_forward
[LOG 15:28:39.722] Config(EVA_Pack_back) Squad/Controls/Azerty/EVA_Pack_back
[LOG 15:28:39.723] Config(EVA_Pack_left) Squad/Controls/Azerty/EVA_Pack_left
[LOG 15:28:39.723] Config(EVA_Pack_right) Squad/Controls/Azerty/EVA_Pack_right
[LOG 15:28:39.723] Config(EVA_Pack_up) Squad/Controls/Azerty/EVA_Pack_up
[LOG 15:28:39.723] Config(EVA_Pack_down) Squad/Controls/Azerty/EVA_Pack_down
[LOG 15:28:39.723] Config(EVA_Jump) Squad/Controls/Azerty/EVA_Jump
[LOG 15:28:39.723] Config(EVA_Run) Squad/Controls/Azerty/EVA_Run
[LOG 15:28:39.723] Config(EVA_ToggleMovementMode) Squad/Controls/Azerty/EVA_ToggleMovementMode
[LOG 15:28:39.723] Config(EVA_TogglePack) Squad/Controls/Azerty/EVA_TogglePack
[LOG 15:28:39.723] Config(EVA_Use) Squad/Controls/Azerty/EVA_Use
[LOG 15:28:39.723] Config(EVA_Board) Squad/Controls/Azerty/EVA_Board
[LOG 15:28:39.723] Config(EVA_Orient) Squad/Controls/Azerty/EVA_Orient
[LOG 15:28:39.723] Config(EVA_Lights) Squad/Controls/Azerty/EVA_Lights
[LOG 15:28:39.723] Config(EVA_ChuteDeploy) Squad/Controls/Azerty/EVA_ChuteDeploy
[LOG 15:28:39.723] Config(Editor_pitchUp) Squad/Controls/Azerty/Editor_pitchUp
[LOG 15:28:39.723] Config(Editor_pitchDown) Squad/Controls/Azerty/Editor_pitchDown
[LOG 15:28:39.723] Config(Editor_yawLeft) Squad/Controls/Azerty/Editor_yawLeft
[LOG 15:28:39.723] Config(Editor_yawRight) Squad/Controls/Azerty/Editor_yawRight
[LOG 15:28:39.723] Config(Editor_rollLeft) Squad/Controls/Azerty/Editor_rollLeft
[LOG 15:28:39.723] Config(Editor_rollRight) Squad/Controls/Azerty/Editor_rollRight
[LOG 15:28:39.723] Config(Editor_resetRotation) Squad/Controls/Azerty/Editor_resetRotation
[LOG 15:28:39.723] Config(Editor_modePlace) Squad/Controls/Azerty/Editor_modePlace
[LOG 15:28:39.723] Config(Editor_modeOffset) Squad/Controls/Azerty/Editor_modeOffset
[LOG 15:28:39.723] Config(Editor_modeRotate) Squad/Controls/Azerty/Editor_modeRotate
[LOG 15:28:39.723] Config(Editor_modeRoot) Squad/Controls/Azerty/Editor_modeRoot
[LOG 15:28:39.723] Config(Editor_coordSystem) Squad/Controls/Azerty/Editor_coordSystem
[LOG 15:28:39.723] Config(Editor_toggleSymMethod) Squad/Controls/Azerty/Editor_toggleSymMethod
[LOG 15:28:39.723] Config(Editor_toggleSymMode) Squad/Controls/Azerty/Editor_toggleSymMode
[LOG 15:28:39.723] Config(Editor_toggleAngleSnap) Squad/Controls/Azerty/Editor_toggleAngleSnap
[LOG 15:28:39.723] Config(Editor_fineTweak) Squad/Controls/Azerty/Editor_fineTweak
[LOG 15:28:39.723] Config(Editor_partSearch) Squad/Controls/Azerty/Editor_partSearch
[LOG 15:28:39.724] Config(Editor_zoomScrollModifier) Squad/Controls/Azerty/Editor_zoomScrollModifier
[LOG 15:28:39.724] Config(MODIFIER_KEY) Squad/Controls/Azerty/MODIFIER_KEY
[LOG 15:28:39.724] Config(AbortActionGroup) Squad/Controls/Azerty/AbortActionGroup
[LOG 15:28:39.724] Config(CustomActionGroup1) Squad/Controls/Azerty/CustomActionGroup1
[LOG 15:28:39.724] Config(CustomActionGroup2) Squad/Controls/Azerty/CustomActionGroup2
[LOG 15:28:39.724] Config(CustomActionGroup3) Squad/Controls/Azerty/CustomActionGroup3
[LOG 15:28:39.724] Config(CustomActionGroup4) Squad/Controls/Azerty/CustomActionGroup4
[LOG 15:28:39.724] Config(CustomActionGroup5) Squad/Controls/Azerty/CustomActionGroup5
[LOG 15:28:39.724] Config(CustomActionGroup6) Squad/Controls/Azerty/CustomActionGroup6
[LOG 15:28:39.724] Config(CustomActionGroup7) Squad/Controls/Azerty/CustomActionGroup7
[LOG 15:28:39.724] Config(CustomActionGroup8) Squad/Controls/Azerty/CustomActionGroup8
[LOG 15:28:39.724] Config(CustomActionGroup9) Squad/Controls/Azerty/CustomActionGroup9
[LOG 15:28:39.724] Config(CustomActionGroup10) Squad/Controls/Azerty/CustomActionGroup10
[LOG 15:28:39.724] Config(KEY_MAP) Squad/Controls/Azerty/KEY_MAP
[LOG 15:28:39.724] Config(KEYBOARD_LAYOUT) Squad/Controls/Dvorak/#autoLOC_6001234
[LOG 15:28:39.724] Config(PITCH_DOWN) Squad/Controls/Dvorak/PITCH_DOWN
[LOG 15:28:39.724] Config(PITCH_UP) Squad/Controls/Dvorak/PITCH_UP
[LOG 15:28:39.724] Config(YAW_LEFT) Squad/Controls/Dvorak/YAW_LEFT
[LOG 15:28:39.724] Config(YAW_RIGHT) Squad/Controls/Dvorak/YAW_RIGHT
[LOG 15:28:39.724] Config(ROLL_LEFT) Squad/Controls/Dvorak/ROLL_LEFT
[LOG 15:28:39.724] Config(ROLL_RIGHT) Squad/Controls/Dvorak/ROLL_RIGHT
[LOG 15:28:39.724] Config(THROTTLE_UP) Squad/Controls/Dvorak/THROTTLE_UP
[LOG 15:28:39.724] Config(THROTTLE_DOWN) Squad/Controls/Dvorak/THROTTLE_DOWN
[LOG 15:28:39.724] Config(SAS_HOLD) Squad/Controls/Dvorak/SAS_HOLD
[LOG 15:28:39.724] Config(SAS_TOGGLE) Squad/Controls/Dvorak/SAS_TOGGLE
[LOG 15:28:39.724] Config(LAUNCH_STAGES) Squad/Controls/Dvorak/LAUNCH_STAGES
[LOG 15:28:39.724] Config(Docking_toggleRotLin) Squad/Controls/Dvorak/Docking_toggleRotLin
[LOG 15:28:39.724] Config(CAMERA_MODE) Squad/Controls/Dvorak/CAMERA_MODE
[LOG 15:28:39.724] Config(CAMERA_NEXT) Squad/Controls/Dvorak/CAMERA_NEXT
[LOG 15:28:39.724] Config(PAUSE) Squad/Controls/Dvorak/PAUSE
[LOG 15:28:39.724] Config(PRECISION_CTRL) Squad/Controls/Dvorak/PRECISION_CTRL
[LOG 15:28:39.725] Config(ZOOM_IN) Squad/Controls/Dvorak/ZOOM_IN
[LOG 15:28:39.725] Config(ZOOM_OUT) Squad/Controls/Dvorak/ZOOM_OUT
[LOG 15:28:39.725] Config(SCROLL_VIEW_UP) Squad/Controls/Dvorak/SCROLL_VIEW_UP
[LOG 15:28:39.725] Config(SCROLL_VIEW_DOWN) Squad/Controls/Dvorak/SCROLL_VIEW_DOWN
[LOG 15:28:39.725] Config(SCROLL_ICONS_UP) Squad/Controls/Dvorak/SCROLL_ICONS_UP
[LOG 15:28:39.725] Config(SCROLL_ICONS_DOWN) Squad/Controls/Dvorak/SCROLL_ICONS_DOWN
[LOG 15:28:39.725] Config(CAMERA_ORBIT_UP) Squad/Controls/Dvorak/CAMERA_ORBIT_UP
[LOG 15:28:39.725] Config(CAMERA_ORBIT_DOWN) Squad/Controls/Dvorak/CAMERA_ORBIT_DOWN
[LOG 15:28:39.725] Config(CAMERA_ORBIT_LEFT) Squad/Controls/Dvorak/CAMERA_ORBIT_LEFT
[LOG 15:28:39.725] Config(CAMERA_ORBIT_RIGHT) Squad/Controls/Dvorak/CAMERA_ORBIT_RIGHT
[LOG 15:28:39.725] Config(CAMERA_RESET) Squad/Controls/Dvorak/CAMERA_RESET
[LOG 15:28:39.725] Config(CAMERA_MOUSE_TOGGLE) Squad/Controls/Dvorak/CAMERA_MOUSE_TOGGLE
[LOG 15:28:39.725] Config(TIME_WARP_INCREASE) Squad/Controls/Dvorak/TIME_WARP_INCREASE
[LOG 15:28:39.725] Config(TIME_WARP_DECREASE) Squad/Controls/Dvorak/TIME_WARP_DECREASE
[LOG 15:28:39.725] Config(TIME_WARP_STOP) Squad/Controls/Dvorak/TIME_WARP_STOP
[LOG 15:28:39.725] Config(MAP_VIEW_TOGGLE) Squad/Controls/Dvorak/MAP_VIEW_TOGGLE
[LOG 15:28:39.728] Config(NAVBALL_TOGGLE) Squad/Controls/Dvorak/NAVBALL_TOGGLE
[LOG 15:28:39.728] Config(UIMODE_STAGING) Squad/Controls/Dvorak/UIMODE_STAGING
[LOG 15:28:39.728] Config(UIMODE_DOCKING) Squad/Controls/Dvorak/UIMODE_DOCKING
[LOG 15:28:39.728] Config(TRANSLATE_DOWN) Squad/Controls/Dvorak/TRANSLATE_DOWN
[LOG 15:28:39.728] Config(TRANSLATE_UP) Squad/Controls/Dvorak/TRANSLATE_UP
[LOG 15:28:39.728] Config(TRANSLATE_LEFT) Squad/Controls/Dvorak/TRANSLATE_LEFT
[LOG 15:28:39.728] Config(TRANSLATE_RIGHT) Squad/Controls/Dvorak/TRANSLATE_RIGHT
[LOG 15:28:39.728] Config(TRANSLATE_FWD) Squad/Controls/Dvorak/TRANSLATE_FWD
[LOG 15:28:39.728] Config(TRANSLATE_BACK) Squad/Controls/Dvorak/TRANSLATE_BACK
[LOG 15:28:39.729] Config(RCS_TOGGLE) Squad/Controls/Dvorak/RCS_TOGGLE
[LOG 15:28:39.729] Config(FOCUS_NEXT_VESSEL) Squad/Controls/Dvorak/FOCUS_NEXT_VESSEL
[LOG 15:28:39.729] Config(FOCUS_PREV_VESSEL) Squad/Controls/Dvorak/FOCUS_PREV_VESSEL
[LOG 15:28:39.729] Config(TOGGLE_UI) Squad/Controls/Dvorak/TOGGLE_UI
[LOG 15:28:39.729] Config(TOGGLE_STATUS_SCREEN) Squad/Controls/Dvorak/TOGGLE_STATUS_SCREEN
[LOG 15:28:39.729] Config(TAKE_SCREENSHOT) Squad/Controls/Dvorak/TAKE_SCREENSHOT
[LOG 15:28:39.729] Config(TOGGLE_LABELS) Squad/Controls/Dvorak/TOGGLE_LABELS
[LOG 15:28:39.729] Config(TOGGLE_TEMP_GAUGES) Squad/Controls/Dvorak/TOGGLE_TEMP_GAUGES
[LOG 15:28:39.729] Config(TOGGLE_TEMP_OVERLAY) Squad/Controls/Dvorak/TOGGLE_TEMP_OVERLAY
[LOG 15:28:39.729] Config(TOGGLE_FLIGHT_FORCES) Squad/Controls/Dvorak/TOGGLE_FLIGHT_FORCES
[LOG 15:28:39.729] Config(QUICKSAVE) Squad/Controls/Dvorak/QUICKSAVE
[LOG 15:28:39.729] Config(QUICKLOAD) Squad/Controls/Dvorak/QUICKLOAD
[LOG 15:28:39.729] Config(THROTTLE_CUTOFF) Squad/Controls/Dvorak/THROTTLE_CUTOFF
[LOG 15:28:39.729] Config(THROTTLE_FULL) Squad/Controls/Dvorak/THROTTLE_FULL
[LOG 15:28:39.729] Config(LANDING_GEAR) Squad/Controls/Dvorak/LANDING_GEAR
[LOG 15:28:39.729] Config(HEADLIGHT_TOGGLE) Squad/Controls/Dvorak/HEADLIGHT_TOGGLE
[LOG 15:28:39.729] Config(BRAKES) Squad/Controls/Dvorak/BRAKES
[LOG 15:28:39.729] Config(TOGGLE_SPACENAV_FLIGHT_CONTROL) Squad/Controls/Dvorak/TOGGLE_SPACENAV_FLIGHT_CONTROL
[LOG 15:28:39.729] Config(TOGGLE_SPACENAV_ROLL_LOCK) Squad/Controls/Dvorak/TOGGLE_SPACENAV_ROLL_LOCK
[LOG 15:28:39.729] Config(WHEEL_STEER_LEFT) Squad/Controls/Dvorak/WHEEL_STEER_LEFT
[LOG 15:28:39.729] Config(WHEEL_STEER_RIGHT) Squad/Controls/Dvorak/WHEEL_STEER_RIGHT
[LOG 15:28:39.729] Config(WHEEL_THROTTLE_DOWN) Squad/Controls/Dvorak/WHEEL_THROTTLE_DOWN
[LOG 15:28:39.729] Config(WHEEL_THROTTLE_UP) Squad/Controls/Dvorak/WHEEL_THROTTLE_UP
[LOG 15:28:39.729] Config(EVA_forward) Squad/Controls/Dvorak/EVA_forward
[LOG 15:28:39.729] Config(EVA_back) Squad/Controls/Dvorak/EVA_back
[LOG 15:28:39.729] Config(EVA_left) Squad/Controls/Dvorak/EVA_left
[LOG 15:28:39.729] Config(EVA_right) Squad/Controls/Dvorak/EVA_right
[LOG 15:28:39.729] Config(EVA_yaw_left) Squad/Controls/Dvorak/EVA_yaw_left
[LOG 15:28:39.729] Config(EVA_yaw_right) Squad/Controls/Dvorak/EVA_yaw_right
[LOG 15:28:39.729] Config(EVA_Pack_forward) Squad/Controls/Dvorak/EVA_Pack_forward
[LOG 15:28:39.730] Config(EVA_Pack_back) Squad/Controls/Dvorak/EVA_Pack_back
[LOG 15:28:39.730] Config(EVA_Pack_left) Squad/Controls/Dvorak/EVA_Pack_left
[LOG 15:28:39.730] Config(EVA_Pack_right) Squad/Controls/Dvorak/EVA_Pack_right
[LOG 15:28:39.730] Config(EVA_Pack_up) Squad/Controls/Dvorak/EVA_Pack_up
[LOG 15:28:39.730] Config(EVA_Pack_down) Squad/Controls/Dvorak/EVA_Pack_down
[LOG 15:28:39.730] Config(EVA_Jump) Squad/Controls/Dvorak/EVA_Jump
[LOG 15:28:39.730] Config(EVA_Run) Squad/Controls/Dvorak/EVA_Run
[LOG 15:28:39.730] Config(EVA_ToggleMovementMode) Squad/Controls/Dvorak/EVA_ToggleMovementMode
[LOG 15:28:39.730] Config(EVA_TogglePack) Squad/Controls/Dvorak/EVA_TogglePack
[LOG 15:28:39.730] Config(EVA_Use) Squad/Controls/Dvorak/EVA_Use
[LOG 15:28:39.730] Config(EVA_Board) Squad/Controls/Dvorak/EVA_Board
[LOG 15:28:39.730] Config(EVA_Orient) Squad/Controls/Dvorak/EVA_Orient
[LOG 15:28:39.730] Config(EVA_Lights) Squad/Controls/Dvorak/EVA_Lights
[LOG 15:28:39.730] Config(EVA_ChuteDeploy) Squad/Controls/Dvorak/EVA_ChuteDeploy
[LOG 15:28:39.730] Config(Editor_pitchUp) Squad/Controls/Dvorak/Editor_pitchUp
[LOG 15:28:39.730] Config(Editor_pitchDown) Squad/Controls/Dvorak/Editor_pitchDown
[LOG 15:28:39.730] Config(Editor_yawLeft) Squad/Controls/Dvorak/Editor_yawLeft
[LOG 15:28:39.730] Config(Editor_yawRight) Squad/Controls/Dvorak/Editor_yawRight
[LOG 15:28:39.730] Config(Editor_rollLeft) Squad/Controls/Dvorak/Editor_rollLeft
[LOG 15:28:39.730] Config(Editor_rollRight) Squad/Controls/Dvorak/Editor_rollRight
[LOG 15:28:39.730] Config(Editor_resetRotation) Squad/Controls/Dvorak/Editor_resetRotation
[LOG 15:28:39.730] Config(Editor_modePlace) Squad/Controls/Dvorak/Editor_modePlace
[LOG 15:28:39.730] Config(Editor_modeOffset) Squad/Controls/Dvorak/Editor_modeOffset
[LOG 15:28:39.730] Config(Editor_modeRotate) Squad/Controls/Dvorak/Editor_modeRotate
[LOG 15:28:39.730] Config(Editor_modeRoot) Squad/Controls/Dvorak/Editor_modeRoot
[LOG 15:28:39.730] Config(Editor_coordSystem) Squad/Controls/Dvorak/Editor_coordSystem
[LOG 15:28:39.730] Config(Editor_toggleSymMethod) Squad/Controls/Dvorak/Editor_toggleSymMethod
[LOG 15:28:39.730] Config(Editor_toggleSymMode) Squad/Controls/Dvorak/Editor_toggleSymMode
[LOG 15:28:39.730] Config(Editor_toggleAngleSnap) Squad/Controls/Dvorak/Editor_toggleAngleSnap
[LOG 15:28:39.731] Config(Editor_fineTweak) Squad/Controls/Dvorak/Editor_fineTweak
[LOG 15:28:39.731] Config(Editor_partSearch) Squad/Controls/Dvorak/Editor_partSearch
[LOG 15:28:39.731] Config(Editor_zoomScrollModifier) Squad/Controls/Dvorak/Editor_zoomScrollModifier
[LOG 15:28:39.731] Config(MODIFIER_KEY) Squad/Controls/Dvorak/MODIFIER_KEY
[LOG 15:28:39.731] Config(AbortActionGroup) Squad/Controls/Dvorak/AbortActionGroup
[LOG 15:28:39.731] Config(CustomActionGroup1) Squad/Controls/Dvorak/CustomActionGroup1
[LOG 15:28:39.731] Config(CustomActionGroup2) Squad/Controls/Dvorak/CustomActionGroup2
[LOG 15:28:39.731] Config(CustomActionGroup3) Squad/Controls/Dvorak/CustomActionGroup3
[LOG 15:28:39.731] Config(CustomActionGroup4) Squad/Controls/Dvorak/CustomActionGroup4
[LOG 15:28:39.731] Config(CustomActionGroup5) Squad/Controls/Dvorak/CustomActionGroup5
[LOG 15:28:39.731] Config(CustomActionGroup6) Squad/Controls/Dvorak/CustomActionGroup6
[LOG 15:28:39.731] Config(CustomActionGroup7) Squad/Controls/Dvorak/CustomActionGroup7
[LOG 15:28:39.731] Config(CustomActionGroup8) Squad/Controls/Dvorak/CustomActionGroup8
[LOG 15:28:39.731] Config(CustomActionGroup9) Squad/Controls/Dvorak/CustomActionGroup9
[LOG 15:28:39.731] Config(CustomActionGroup10) Squad/Controls/Dvorak/CustomActionGroup10
[LOG 15:28:39.731] Config(KEY_MAP) Squad/Controls/Dvorak/KEY_MAP
[LOG 15:28:39.731] Config(KEYBOARD_LAYOUT) Squad/Controls/Qwerty/#autoLOC_6001227
[LOG 15:28:39.731] Config(PITCH_DOWN) Squad/Controls/Qwerty/PITCH_DOWN
[LOG 15:28:39.731] Config(PITCH_UP) Squad/Controls/Qwerty/PITCH_UP
[LOG 15:28:39.731] Config(YAW_LEFT) Squad/Controls/Qwerty/YAW_LEFT
[LOG 15:28:39.731] Config(YAW_RIGHT) Squad/Controls/Qwerty/YAW_RIGHT
[LOG 15:28:39.731] Config(ROLL_LEFT) Squad/Controls/Qwerty/ROLL_LEFT
[LOG 15:28:39.731] Config(ROLL_RIGHT) Squad/Controls/Qwerty/ROLL_RIGHT
[LOG 15:28:39.731] Config(THROTTLE_UP) Squad/Controls/Qwerty/THROTTLE_UP
[LOG 15:28:39.731] Config(THROTTLE_DOWN) Squad/Controls/Qwerty/THROTTLE_DOWN
[LOG 15:28:39.731] Config(SAS_HOLD) Squad/Controls/Qwerty/SAS_HOLD
[LOG 15:28:39.731] Config(SAS_TOGGLE) Squad/Controls/Qwerty/SAS_TOGGLE
[LOG 15:28:39.731] Config(LAUNCH_STAGES) Squad/Controls/Qwerty/LAUNCH_STAGES
[LOG 15:28:39.732] Config(Docking_toggleRotLin) Squad/Controls/Qwerty/Docking_toggleRotLin
[LOG 15:28:39.732] Config(CAMERA_MODE) Squad/Controls/Qwerty/CAMERA_MODE
[LOG 15:28:39.732] Config(CAMERA_NEXT) Squad/Controls/Qwerty/CAMERA_NEXT
[LOG 15:28:39.732] Config(PAUSE) Squad/Controls/Qwerty/PAUSE
[LOG 15:28:39.732] Config(PRECISION_CTRL) Squad/Controls/Qwerty/PRECISION_CTRL
[LOG 15:28:39.732] Config(ZOOM_IN) Squad/Controls/Qwerty/ZOOM_IN
[LOG 15:28:39.732] Config(ZOOM_OUT) Squad/Controls/Qwerty/ZOOM_OUT
[LOG 15:28:39.732] Config(SCROLL_VIEW_UP) Squad/Controls/Qwerty/SCROLL_VIEW_UP
[LOG 15:28:39.732] Config(SCROLL_VIEW_DOWN) Squad/Controls/Qwerty/SCROLL_VIEW_DOWN
[LOG 15:28:39.732] Config(SCROLL_ICONS_UP) Squad/Controls/Qwerty/SCROLL_ICONS_UP
[LOG 15:28:39.732] Config(SCROLL_ICONS_DOWN) Squad/Controls/Qwerty/SCROLL_ICONS_DOWN
[LOG 15:28:39.732] Config(CAMERA_ORBIT_UP) Squad/Controls/Qwerty/CAMERA_ORBIT_UP
[LOG 15:28:39.732] Config(CAMERA_ORBIT_DOWN) Squad/Controls/Qwerty/CAMERA_ORBIT_DOWN
[LOG 15:28:39.732] Config(CAMERA_ORBIT_LEFT) Squad/Controls/Qwerty/CAMERA_ORBIT_LEFT
[LOG 15:28:39.732] Config(CAMERA_ORBIT_RIGHT) Squad/Controls/Qwerty/CAMERA_ORBIT_RIGHT
[LOG 15:28:39.732] Config(CAMERA_RESET) Squad/Controls/Qwerty/CAMERA_RESET
[LOG 15:28:39.732] Config(CAMERA_MOUSE_TOGGLE) Squad/Controls/Qwerty/CAMERA_MOUSE_TOGGLE
[LOG 15:28:39.732] Config(TIME_WARP_INCREASE) Squad/Controls/Qwerty/TIME_WARP_INCREASE
[LOG 15:28:39.732] Config(TIME_WARP_DECREASE) Squad/Controls/Qwerty/TIME_WARP_DECREASE
[LOG 15:28:39.732] Config(TIME_WARP_STOP) Squad/Controls/Qwerty/TIME_WARP_STOP
[LOG 15:28:39.732] Config(MAP_VIEW_TOGGLE) Squad/Controls/Qwerty/MAP_VIEW_TOGGLE
[LOG 15:28:39.732] Config(NAVBALL_TOGGLE) Squad/Controls/Qwerty/NAVBALL_TOGGLE
[LOG 15:28:39.732] Config(UIMODE_STAGING) Squad/Controls/Qwerty/UIMODE_STAGING
[LOG 15:28:39.732] Config(UIMODE_DOCKING) Squad/Controls/Qwerty/UIMODE_DOCKING
[LOG 15:28:39.732] Config(TRANSLATE_DOWN) Squad/Controls/Qwerty/TRANSLATE_DOWN
[LOG 15:28:39.732] Config(TRANSLATE_UP) Squad/Controls/Qwerty/TRANSLATE_UP
[LOG 15:28:39.732] Config(TRANSLATE_LEFT) Squad/Controls/Qwerty/TRANSLATE_LEFT
[LOG 15:28:39.732] Config(TRANSLATE_RIGHT) Squad/Controls/Qwerty/TRANSLATE_RIGHT
[LOG 15:28:39.732] Config(TRANSLATE_FWD) Squad/Controls/Qwerty/TRANSLATE_FWD
[LOG 15:28:39.732] Config(TRANSLATE_BACK) Squad/Controls/Qwerty/TRANSLATE_BACK
[LOG 15:28:39.733] Config(RCS_TOGGLE) Squad/Controls/Qwerty/RCS_TOGGLE
[LOG 15:28:39.733] Config(FOCUS_NEXT_VESSEL) Squad/Controls/Qwerty/FOCUS_NEXT_VESSEL
[LOG 15:28:39.733] Config(FOCUS_PREV_VESSEL) Squad/Controls/Qwerty/FOCUS_PREV_VESSEL
[LOG 15:28:39.733] Config(TOGGLE_UI) Squad/Controls/Qwerty/TOGGLE_UI
[LOG 15:28:39.733] Config(TOGGLE_STATUS_SCREEN) Squad/Controls/Qwerty/TOGGLE_STATUS_SCREEN
[LOG 15:28:39.733] Config(TAKE_SCREENSHOT) Squad/Controls/Qwerty/TAKE_SCREENSHOT
[LOG 15:28:39.733] Config(TOGGLE_LABELS) Squad/Controls/Qwerty/TOGGLE_LABELS
[LOG 15:28:39.733] Config(TOGGLE_TEMP_GAUGES) Squad/Controls/Qwerty/TOGGLE_TEMP_GAUGES
[LOG 15:28:39.733] Config(TOGGLE_TEMP_OVERLAY) Squad/Controls/Qwerty/TOGGLE_TEMP_OVERLAY
[LOG 15:28:39.733] Config(TOGGLE_FLIGHT_FORCES) Squad/Controls/Qwerty/TOGGLE_FLIGHT_FORCES
[LOG 15:28:39.733] Config(QUICKSAVE) Squad/Controls/Qwerty/QUICKSAVE
[LOG 15:28:39.733] Config(QUICKLOAD) Squad/Controls/Qwerty/QUICKLOAD
[LOG 15:28:39.733] Config(THROTTLE_CUTOFF) Squad/Controls/Qwerty/THROTTLE_CUTOFF
[LOG 15:28:39.733] Config(THROTTLE_FULL) Squad/Controls/Qwerty/THROTTLE_FULL
[LOG 15:28:39.733] Config(LANDING_GEAR) Squad/Controls/Qwerty/LANDING_GEAR
[LOG 15:28:39.733] Config(HEADLIGHT_TOGGLE) Squad/Controls/Qwerty/HEADLIGHT_TOGGLE
[LOG 15:28:39.733] Config(BRAKES) Squad/Controls/Qwerty/BRAKES
[LOG 15:28:39.733] Config(TOGGLE_SPACENAV_FLIGHT_CONTROL) Squad/Controls/Qwerty/TOGGLE_SPACENAV_FLIGHT_CONTROL
[LOG 15:28:39.733] Config(TOGGLE_SPACENAV_ROLL_LOCK) Squad/Controls/Qwerty/TOGGLE_SPACENAV_ROLL_LOCK
[LOG 15:28:39.733] Config(WHEEL_STEER_LEFT) Squad/Controls/Qwerty/WHEEL_STEER_LEFT
[LOG 15:28:39.733] Config(WHEEL_STEER_RIGHT) Squad/Controls/Qwerty/WHEEL_STEER_RIGHT
[LOG 15:28:39.733] Config(WHEEL_THROTTLE_DOWN) Squad/Controls/Qwerty/WHEEL_THROTTLE_DOWN
[LOG 15:28:39.733] Config(WHEEL_THROTTLE_UP) Squad/Controls/Qwerty/WHEEL_THROTTLE_UP
[LOG 15:28:39.733] Config(EVA_forward) Squad/Controls/Qwerty/EVA_forward
[LOG 15:28:39.733] Config(EVA_back) Squad/Controls/Qwerty/EVA_back
[LOG 15:28:39.733] Config(EVA_left) Squad/Controls/Qwerty/EVA_left
[LOG 15:28:39.733] Config(EVA_right) Squad/Controls/Qwerty/EVA_right
[LOG 15:28:39.733] Config(EVA_yaw_left) Squad/Controls/Qwerty/EVA_yaw_left
[LOG 15:28:39.733] Config(EVA_yaw_right) Squad/Controls/Qwerty/EVA_yaw_right
[LOG 15:28:39.733] Config(EVA_Pack_forward) Squad/Controls/Qwerty/EVA_Pack_forward
[LOG 15:28:39.734] Config(EVA_Pack_back) Squad/Controls/Qwerty/EVA_Pack_back
[LOG 15:28:39.734] Config(EVA_Pack_left) Squad/Controls/Qwerty/EVA_Pack_left
[LOG 15:28:39.734] Config(EVA_Pack_right) Squad/Controls/Qwerty/EVA_Pack_right
[LOG 15:28:39.734] Config(EVA_Pack_up) Squad/Controls/Qwerty/EVA_Pack_up
[LOG 15:28:39.734] Config(EVA_Pack_down) Squad/Controls/Qwerty/EVA_Pack_down
[LOG 15:28:39.734] Config(EVA_Jump) Squad/Controls/Qwerty/EVA_Jump
[LOG 15:28:39.734] Config(EVA_Run) Squad/Controls/Qwerty/EVA_Run
[LOG 15:28:39.734] Config(EVA_ToggleMovementMode) Squad/Controls/Qwerty/EVA_ToggleMovementMode
[LOG 15:28:39.734] Config(EVA_TogglePack) Squad/Controls/Qwerty/EVA_TogglePack
[LOG 15:28:39.734] Config(EVA_Use) Squad/Controls/Qwerty/EVA_Use
[LOG 15:28:39.734] Config(EVA_Board) Squad/Controls/Qwerty/EVA_Board
[LOG 15:28:39.734] Config(EVA_Orient) Squad/Controls/Qwerty/EVA_Orient
[LOG 15:28:39.734] Config(EVA_Lights) Squad/Controls/Qwerty/EVA_Lights
[LOG 15:28:39.734] Config(EVA_ChuteDeploy) Squad/Controls/Qwerty/EVA_ChuteDeploy
[LOG 15:28:39.734] Config(Editor_pitchUp) Squad/Controls/Qwerty/Editor_pitchUp
[LOG 15:28:39.734] Config(Editor_pitchDown) Squad/Controls/Qwerty/Editor_pitchDown
[LOG 15:28:39.734] Config(Editor_yawLeft) Squad/Controls/Qwerty/Editor_yawLeft
[LOG 15:28:39.734] Config(Editor_yawRight) Squad/Controls/Qwerty/Editor_yawRight
[LOG 15:28:39.734] Config(Editor_rollLeft) Squad/Controls/Qwerty/Editor_rollLeft
[LOG 15:28:39.734] Config(Editor_rollRight) Squad/Controls/Qwerty/Editor_rollRight
[LOG 15:28:39.734] Config(Editor_resetRotation) Squad/Controls/Qwerty/Editor_resetRotation
[LOG 15:28:39.734] Config(Editor_modePlace) Squad/Controls/Qwerty/Editor_modePlace
[LOG 15:28:39.734] Config(Editor_modeOffset) Squad/Controls/Qwerty/Editor_modeOffset
[LOG 15:28:39.734] Config(Editor_modeRotate) Squad/Controls/Qwerty/Editor_modeRotate
[LOG 15:28:39.734] Config(Editor_modeRoot) Squad/Controls/Qwerty/Editor_modeRoot
[LOG 15:28:39.734] Config(Editor_coordSystem) Squad/Controls/Qwerty/Editor_coordSystem
[LOG 15:28:39.734] Config(Editor_toggleSymMethod) Squad/Controls/Qwerty/Editor_toggleSymMethod
[LOG 15:28:39.734] Config(Editor_toggleSymMode) Squad/Controls/Qwerty/Editor_toggleSymMode
[LOG 15:28:39.734] Config(Editor_toggleAngleSnap) Squad/Controls/Qwerty/Editor_toggleAngleSnap
[LOG 15:28:39.734] Config(Editor_fineTweak) Squad/Controls/Qwerty/Editor_fineTweak
[LOG 15:28:39.735] Config(Editor_partSearch) Squad/Controls/Qwerty/Editor_partSearch
[LOG 15:28:39.735] Config(Editor_zoomScrollModifier) Squad/Controls/Qwerty/Editor_zoomScrollModifier
[LOG 15:28:39.735] Config(MODIFIER_KEY) Squad/Controls/Qwerty/MODIFIER_KEY
[LOG 15:28:39.735] Config(AbortActionGroup) Squad/Controls/Qwerty/AbortActionGroup
[LOG 15:28:39.735] Config(CustomActionGroup1) Squad/Controls/Qwerty/CustomActionGroup1
[LOG 15:28:39.735] Config(CustomActionGroup2) Squad/Controls/Qwerty/CustomActionGroup2
[LOG 15:28:39.735] Config(CustomActionGroup3) Squad/Controls/Qwerty/CustomActionGroup3
[LOG 15:28:39.735] Config(CustomActionGroup4) Squad/Controls/Qwerty/CustomActionGroup4
[LOG 15:28:39.735] Config(CustomActionGroup5) Squad/Controls/Qwerty/CustomActionGroup5
[LOG 15:28:39.735] Config(CustomActionGroup6) Squad/Controls/Qwerty/CustomActionGroup6
[LOG 15:28:39.735] Config(CustomActionGroup7) Squad/Controls/Qwerty/CustomActionGroup7
[LOG 15:28:39.735] Config(CustomActionGroup8) Squad/Controls/Qwerty/CustomActionGroup8
[LOG 15:28:39.735] Config(CustomActionGroup9) Squad/Controls/Qwerty/CustomActionGroup9
[LOG 15:28:39.735] Config(CustomActionGroup10) Squad/Controls/Qwerty/CustomActionGroup10
[LOG 15:28:39.735] Config(KEY_MAP) Squad/Controls/Qwerty/KEY_MAP
[LOG 15:28:39.735] Config(KEYBOARD_LAYOUT) Squad/Controls/Qwerty_en-GB/#autoLOC_6001228
[LOG 15:28:39.735] Config(KEY_MAP) Squad/Controls/Qwerty_en-GB/KEY_MAP
[LOG 15:28:39.735] Config(KEYBOARD_LAYOUT) Squad/Controls/Qwerty_es-LA/#autoLOC_6001229
[LOG 15:28:39.735] Config(CAMERA_MOUSE_TOGGLE) Squad/Controls/Qwerty_es-LA/CAMERA_MOUSE_TOGGLE
[LOG 15:28:39.735] Config(TIME_WARP_STOP) Squad/Controls/Qwerty_es-LA/TIME_WARP_STOP
[LOG 15:28:39.735] Config(FOCUS_NEXT_VESSEL) Squad/Controls/Qwerty_es-LA/FOCUS_NEXT_VESSEL
[LOG 15:28:39.735] Config(FOCUS_PREV_VESSEL) Squad/Controls/Qwerty_es-LA/FOCUS_PREV_VESSEL
[LOG 15:28:39.735] Config(CAMERA_RESET) Squad/Controls/Qwerty_es-LA/CAMERA_RESET
[LOG 15:28:39.735] Config(Editor_partSearch) Squad/Controls/Qwerty_es-LA/Editor_partSearch
[LOG 15:28:39.735] Config(KEY_MAP) Squad/Controls/Qwerty_es-LA/KEY_MAP
[LOG 15:28:39.735] Config(KEYBOARD_LAYOUT) Squad/Controls/Qwerty_it-IT/#autoLOC_6001230
[LOG 15:28:39.735] Config(FOCUS_NEXT_VESSEL) Squad/Controls/Qwerty_it-IT/FOCUS_NEXT_VESSEL
[LOG 15:28:39.735] Config(FOCUS_PREV_VESSEL) Squad/Controls/Qwerty_it-IT/FOCUS_PREV_VESSEL
[LOG 15:28:39.735] Config(CAMERA_MOUSE_TOGGLE) Squad/Controls/Qwerty_it-IT/CAMERA_MOUSE_TOGGLE
[LOG 15:28:39.735] Config(TIME_WARP_STOP) Squad/Controls/Qwerty_it-IT/TIME_WARP_STOP
[LOG 15:28:39.736] Config(CAMERA_RESET) Squad/Controls/Qwerty_it-IT/CAMERA_RESET
[LOG 15:28:39.736] Config(Editor_partSearch) Squad/Controls/Qwerty_it-IT/Editor_partSearch
[LOG 15:28:39.736] Config(KEY_MAP) Squad/Controls/Qwerty_it-IT/KEY_MAP
[LOG 15:28:39.736] Config(KEYBOARD_LAYOUT) Squad/Controls/Qwerty_ja-JP/#autoLOC_6001231
[LOG 15:28:39.736] Config(FOCUS_NEXT_VESSEL) Squad/Controls/Qwerty_ja-JP/FOCUS_NEXT_VESSEL
[LOG 15:28:39.736] Config(FOCUS_PREV_VESSEL) Squad/Controls/Qwerty_ja-JP/FOCUS_PREV_VESSEL
[LOG 15:28:39.736] Config(PRECISION_CTRL) Squad/Controls/Qwerty_ja-JP/PRECISION_CTRL
[LOG 15:28:39.736] Config(CAMERA_MOUSE_TOGGLE) Squad/Controls/Qwerty_ja-JP/CAMERA_MOUSE_TOGGLE
[LOG 15:28:39.736] Config(Editor_partSearch) Squad/Controls/Qwerty_ja-JP/Editor_partSearch
[LOG 15:28:39.736] Config(CAMERA_RESET) Squad/Controls/Qwerty_ja-JP/CAMERA_RESET
[LOG 15:28:39.736] Config(KEY_MAP) Squad/Controls/Qwerty_ja-JP/KEY_MAP
[LOG 15:28:39.736] Config(KEYBOARD_LAYOUT) Squad/Controls/Qwerty_pt-PT/#autoLOC_6001230
[LOG 15:28:39.736] Config(FOCUS_NEXT_VESSEL) Squad/Controls/Qwerty_pt-PT/FOCUS_NEXT_VESSEL
[LOG 15:28:39.736] Config(FOCUS_PREV_VESSEL) Squad/Controls/Qwerty_pt-PT/FOCUS_PREV_VESSEL
[LOG 15:28:39.736] Config(CAMERA_MOUSE_TOGGLE) Squad/Controls/Qwerty_pt-PT/CAMERA_MOUSE_TOGGLE
[LOG 15:28:39.736] Config(TIME_WARP_STOP) Squad/Controls/Qwerty_pt-PT/TIME_WARP_STOP
[LOG 15:28:39.736] Config(CAMERA_RESET) Squad/Controls/Qwerty_pt-PT/CAMERA_RESET
[LOG 15:28:39.736] Config(Editor_partSearch) Squad/Controls/Qwerty_pt-PT/Editor_partSearch
[LOG 15:28:39.736] Config(KEY_MAP) Squad/Controls/Qwerty_pt-PT/KEY_MAP
[LOG 15:28:39.736] Config(KEYBOARD_LAYOUT) Squad/Controls/Qwertz/#autoLOC_6001232
[LOG 15:28:39.736] Config(PITCH_DOWN) Squad/Controls/Qwertz/PITCH_DOWN
[LOG 15:28:39.736] Config(PITCH_UP) Squad/Controls/Qwertz/PITCH_UP
[LOG 15:28:39.736] Config(YAW_LEFT) Squad/Controls/Qwertz/YAW_LEFT
[LOG 15:28:39.736] Config(YAW_RIGHT) Squad/Controls/Qwertz/YAW_RIGHT
[LOG 15:28:39.736] Config(ROLL_LEFT) Squad/Controls/Qwertz/ROLL_LEFT
[LOG 15:28:39.736] Config(ROLL_RIGHT) Squad/Controls/Qwertz/ROLL_RIGHT
[LOG 15:28:39.736] Config(THROTTLE_UP) Squad/Controls/Qwertz/THROTTLE_UP
[LOG 15:28:39.736] Config(THROTTLE_DOWN) Squad/Controls/Qwertz/THROTTLE_DOWN
[LOG 15:28:39.736] Config(SAS_HOLD) Squad/Controls/Qwertz/SAS_HOLD
[LOG 15:28:39.736] Config(SAS_TOGGLE) Squad/Controls/Qwertz/SAS_TOGGLE
[LOG 15:28:39.736] Config(LAUNCH_STAGES) Squad/Controls/Qwertz/LAUNCH_STAGES
[LOG 15:28:39.737] Config(Docking_toggleRotLin) Squad/Controls/Qwertz/Docking_toggleRotLin
[LOG 15:28:39.737] Config(CAMERA_MODE) Squad/Controls/Qwertz/CAMERA_MODE
[LOG 15:28:39.737] Config(CAMERA_NEXT) Squad/Controls/Qwertz/CAMERA_NEXT
[LOG 15:28:39.737] Config(PAUSE) Squad/Controls/Qwertz/PAUSE
[LOG 15:28:39.737] Config(PRECISION_CTRL) Squad/Controls/Qwertz/PRECISION_CTRL
[LOG 15:28:39.737] Config(ZOOM_IN) Squad/Controls/Qwertz/ZOOM_IN
[LOG 15:28:39.737] Config(ZOOM_OUT) Squad/Controls/Qwertz/ZOOM_OUT
[LOG 15:28:39.737] Config(SCROLL_VIEW_UP) Squad/Controls/Qwertz/SCROLL_VIEW_UP
[LOG 15:28:39.737] Config(SCROLL_VIEW_DOWN) Squad/Controls/Qwertz/SCROLL_VIEW_DOWN
[LOG 15:28:39.737] Config(SCROLL_ICONS_UP) Squad/Controls/Qwertz/SCROLL_ICONS_UP
[LOG 15:28:39.737] Config(SCROLL_ICONS_DOWN) Squad/Controls/Qwertz/SCROLL_ICONS_DOWN
[LOG 15:28:39.737] Config(CAMERA_ORBIT_UP) Squad/Controls/Qwertz/CAMERA_ORBIT_UP
[LOG 15:28:39.737] Config(CAMERA_ORBIT_DOWN) Squad/Controls/Qwertz/CAMERA_ORBIT_DOWN
[LOG 15:28:39.737] Config(CAMERA_ORBIT_LEFT) Squad/Controls/Qwertz/CAMERA_ORBIT_LEFT
[LOG 15:28:39.737] Config(CAMERA_ORBIT_RIGHT) Squad/Controls/Qwertz/CAMERA_ORBIT_RIGHT
[LOG 15:28:39.737] Config(CAMERA_RESET) Squad/Controls/Qwertz/CAMERA_RESET
[LOG 15:28:39.737] Config(CAMERA_MOUSE_TOGGLE) Squad/Controls/Qwertz/CAMERA_MOUSE_TOGGLE
[LOG 15:28:39.737] Config(TIME_WARP_INCREASE) Squad/Controls/Qwertz/TIME_WARP_INCREASE
[LOG 15:28:39.737] Config(TIME_WARP_DECREASE) Squad/Controls/Qwertz/TIME_WARP_DECREASE
[LOG 15:28:39.737] Config(TIME_WARP_STOP) Squad/Controls/Qwertz/TIME_WARP_STOP
[LOG 15:28:39.737] Config(MAP_VIEW_TOGGLE) Squad/Controls/Qwertz/MAP_VIEW_TOGGLE
[LOG 15:28:39.737] Config(NAVBALL_TOGGLE) Squad/Controls/Qwertz/NAVBALL_TOGGLE
[LOG 15:28:39.737] Config(UIMODE_STAGING) Squad/Controls/Qwertz/UIMODE_STAGING
[LOG 15:28:39.737] Config(UIMODE_DOCKING) Squad/Controls/Qwertz/UIMODE_DOCKING
[LOG 15:28:39.737] Config(TRANSLATE_DOWN) Squad/Controls/Qwertz/TRANSLATE_DOWN
[LOG 15:28:39.737] Config(TRANSLATE_UP) Squad/Controls/Qwertz/TRANSLATE_UP
[LOG 15:28:39.737] Config(TRANSLATE_LEFT) Squad/Controls/Qwertz/TRANSLATE_LEFT
[LOG 15:28:39.737] Config(TRANSLATE_RIGHT) Squad/Controls/Qwertz/TRANSLATE_RIGHT
[LOG 15:28:39.737] Config(TRANSLATE_FWD) Squad/Controls/Qwertz/TRANSLATE_FWD
[LOG 15:28:39.737] Config(TRANSLATE_BACK) Squad/Controls/Qwertz/TRANSLATE_BACK
[LOG 15:28:39.737] Config(RCS_TOGGLE) Squad/Controls/Qwertz/RCS_TOGGLE
[LOG 15:28:39.738] Config(FOCUS_NEXT_VESSEL) Squad/Controls/Qwertz/FOCUS_NEXT_VESSEL
[LOG 15:28:39.738] Config(FOCUS_PREV_VESSEL) Squad/Controls/Qwertz/FOCUS_PREV_VESSEL
[LOG 15:28:39.738] Config(TOGGLE_UI) Squad/Controls/Qwertz/TOGGLE_UI
[LOG 15:28:39.738] Config(TOGGLE_STATUS_SCREEN) Squad/Controls/Qwertz/TOGGLE_STATUS_SCREEN
[LOG 15:28:39.738] Config(TAKE_SCREENSHOT) Squad/Controls/Qwertz/TAKE_SCREENSHOT
[LOG 15:28:39.738] Config(TOGGLE_LABELS) Squad/Controls/Qwertz/TOGGLE_LABELS
[LOG 15:28:39.738] Config(TOGGLE_TEMP_GAUGES) Squad/Controls/Qwertz/TOGGLE_TEMP_GAUGES
[LOG 15:28:39.738] Config(TOGGLE_TEMP_OVERLAY) Squad/Controls/Qwertz/TOGGLE_TEMP_OVERLAY
[LOG 15:28:39.738] Config(TOGGLE_FLIGHT_FORCES) Squad/Controls/Qwertz/TOGGLE_FLIGHT_FORCES
[LOG 15:28:39.738] Config(QUICKSAVE) Squad/Controls/Qwertz/QUICKSAVE
[LOG 15:28:39.738] Config(QUICKLOAD) Squad/Controls/Qwertz/QUICKLOAD
[LOG 15:28:39.738] Config(THROTTLE_CUTOFF) Squad/Controls/Qwertz/THROTTLE_CUTOFF
[LOG 15:28:39.738] Config(THROTTLE_FULL) Squad/Controls/Qwertz/THROTTLE_FULL
[LOG 15:28:39.738] Config(LANDING_GEAR) Squad/Controls/Qwertz/LANDING_GEAR
[LOG 15:28:39.738] Config(HEADLIGHT_TOGGLE) Squad/Controls/Qwertz/HEADLIGHT_TOGGLE
[LOG 15:28:39.738] Config(BRAKES) Squad/Controls/Qwertz/BRAKES
[LOG 15:28:39.738] Config(TOGGLE_SPACENAV_FLIGHT_CONTROL) Squad/Controls/Qwertz/TOGGLE_SPACENAV_FLIGHT_CONTROL
[LOG 15:28:39.738] Config(TOGGLE_SPACENAV_ROLL_LOCK) Squad/Controls/Qwertz/TOGGLE_SPACENAV_ROLL_LOCK
[LOG 15:28:39.738] Config(WHEEL_STEER_LEFT) Squad/Controls/Qwertz/WHEEL_STEER_LEFT
[LOG 15:28:39.738] Config(WHEEL_STEER_RIGHT) Squad/Controls/Qwertz/WHEEL_STEER_RIGHT
[LOG 15:28:39.738] Config(WHEEL_THROTTLE_DOWN) Squad/Controls/Qwertz/WHEEL_THROTTLE_DOWN
[LOG 15:28:39.738] Config(WHEEL_THROTTLE_UP) Squad/Controls/Qwertz/WHEEL_THROTTLE_UP
[LOG 15:28:39.738] Config(EVA_forward) Squad/Controls/Qwertz/EVA_forward
[LOG 15:28:39.738] Config(EVA_back) Squad/Controls/Qwertz/EVA_back
[LOG 15:28:39.738] Config(EVA_left) Squad/Controls/Qwertz/EVA_left
[LOG 15:28:39.738] Config(EVA_right) Squad/Controls/Qwertz/EVA_right
[LOG 15:28:39.738] Config(EVA_yaw_left) Squad/Controls/Qwertz/EVA_yaw_left
[LOG 15:28:39.739] Config(EVA_yaw_right) Squad/Controls/Qwertz/EVA_yaw_right
[LOG 15:28:39.739] Config(EVA_Pack_forward) Squad/Controls/Qwertz/EVA_Pack_forward
[LOG 15:28:39.739] Config(EVA_Pack_back) Squad/Controls/Qwertz/EVA_Pack_back
[LOG 15:28:39.739] Config(EVA_Pack_left) Squad/Controls/Qwertz/EVA_Pack_left
[LOG 15:28:39.739] Config(EVA_Pack_right) Squad/Controls/Qwertz/EVA_Pack_right
[LOG 15:28:39.739] Config(EVA_Pack_up) Squad/Controls/Qwertz/EVA_Pack_up
[LOG 15:28:39.739] Config(EVA_Pack_down) Squad/Controls/Qwertz/EVA_Pack_down
[LOG 15:28:39.739] Config(EVA_Jump) Squad/Controls/Qwertz/EVA_Jump
[LOG 15:28:39.739] Config(EVA_Run) Squad/Controls/Qwertz/EVA_Run
[LOG 15:28:39.739] Config(EVA_ToggleMovementMode) Squad/Controls/Qwertz/EVA_ToggleMovementMode
[LOG 15:28:39.739] Config(EVA_TogglePack) Squad/Controls/Qwertz/EVA_TogglePack
[LOG 15:28:39.739] Config(EVA_Use) Squad/Controls/Qwertz/EVA_Use
[LOG 15:28:39.739] Config(EVA_Board) Squad/Controls/Qwertz/EVA_Board
[LOG 15:28:39.739] Config(EVA_Orient) Squad/Controls/Qwertz/EVA_Orient
[LOG 15:28:39.739] Config(EVA_Lights) Squad/Controls/Qwertz/EVA_Lights
[LOG 15:28:39.739] Config(Editor_pitchUp) Squad/Controls/Qwertz/Editor_pitchUp
[LOG 15:28:39.739] Config(Editor_pitchDown) Squad/Controls/Qwertz/Editor_pitchDown
[LOG 15:28:39.739] Config(Editor_yawLeft) Squad/Controls/Qwertz/Editor_yawLeft
[LOG 15:28:39.739] Config(Editor_yawRight) Squad/Controls/Qwertz/Editor_yawRight
[LOG 15:28:39.739] Config(Editor_rollLeft) Squad/Controls/Qwertz/Editor_rollLeft
[LOG 15:28:39.739] Config(Editor_rollRight) Squad/Controls/Qwertz/Editor_rollRight
[LOG 15:28:39.739] Config(Editor_resetRotation) Squad/Controls/Qwertz/Editor_resetRotation
[LOG 15:28:39.739] Config(Editor_modePlace) Squad/Controls/Qwertz/Editor_modePlace
[LOG 15:28:39.739] Config(Editor_modeOffset) Squad/Controls/Qwertz/Editor_modeOffset
[LOG 15:28:39.739] Config(Editor_modeRotate) Squad/Controls/Qwertz/Editor_modeRotate
[LOG 15:28:39.739] Config(Editor_modeRoot) Squad/Controls/Qwertz/Editor_modeRoot
[LOG 15:28:39.739] Config(Editor_coordSystem) Squad/Controls/Qwertz/Editor_coordSystem
[LOG 15:28:39.739] Config(Editor_toggleSymMethod) Squad/Controls/Qwertz/Editor_toggleSymMethod
[LOG 15:28:39.739] Config(Editor_toggleSymMode) Squad/Controls/Qwertz/Editor_toggleSymMode
[LOG 15:28:39.739] Config(Editor_toggleAngleSnap) Squad/Controls/Qwertz/Editor_toggleAngleSnap
[LOG 15:28:39.740] Config(Editor_fineTweak) Squad/Controls/Qwertz/Editor_fineTweak
[LOG 15:28:39.740] Config(Editor_partSearch) Squad/Controls/Qwertz/Editor_partSearch
[LOG 15:28:39.740] Config(Editor_zoomScrollModifier) Squad/Controls/Qwertz/Editor_zoomScrollModifier
[LOG 15:28:39.740] Config(MODIFIER_KEY) Squad/Controls/Qwertz/MODIFIER_KEY
[LOG 15:28:39.740] Config(AbortActionGroup) Squad/Controls/Qwertz/AbortActionGroup
[LOG 15:28:39.740] Config(CustomActionGroup1) Squad/Controls/Qwertz/CustomActionGroup1
[LOG 15:28:39.740] Config(CustomActionGroup2) Squad/Controls/Qwertz/CustomActionGroup2
[LOG 15:28:39.740] Config(CustomActionGroup3) Squad/Controls/Qwertz/CustomActionGroup3
[LOG 15:28:39.740] Config(CustomActionGroup4) Squad/Controls/Qwertz/CustomActionGroup4
[LOG 15:28:39.740] Config(CustomActionGroup5) Squad/Controls/Qwertz/CustomActionGroup5
[LOG 15:28:39.740] Config(CustomActionGroup6) Squad/Controls/Qwertz/CustomActionGroup6
[LOG 15:28:39.740] Config(CustomActionGroup7) Squad/Controls/Qwertz/CustomActionGroup7
[LOG 15:28:39.740] Config(CustomActionGroup8) Squad/Controls/Qwertz/CustomActionGroup8
[LOG 15:28:39.740] Config(CustomActionGroup9) Squad/Controls/Qwertz/CustomActionGroup9
[LOG 15:28:39.740] Config(CustomActionGroup10) Squad/Controls/Qwertz/CustomActionGroup10
[LOG 15:28:39.740] Config(KEY_MAP) Squad/Controls/Qwertz/KEY_MAP
[LOG 15:28:39.740] Config(EXPERIENCE_TRAIT) Squad/Experience/Traits/Pilot
[LOG 15:28:39.740] Config(EXPERIENCE_TRAIT) Squad/Experience/Traits/Engineer
[LOG 15:28:39.740] Config(EXPERIENCE_TRAIT) Squad/Experience/Traits/Scientist
[LOG 15:28:39.740] Config(EXPERIENCE_TRAIT) Squad/Experience/Traits/Tourist
[LOG 15:28:39.740] Config(Localization) Squad/Localization/dictionary/Localization
[LOG 15:28:39.740] Config(MISSIONPACK) Squad/Missions/MissionPacks/squad_ESA
[LOG 15:28:39.740] Config(VARIANTTHEME) Squad/Parts/VariantThemes/White
[LOG 15:28:39.740] Config(VARIANTTHEME) Squad/Parts/VariantThemes/BlackAndWhite
[LOG 15:28:39.740] Config(VARIANTTHEME) Squad/Parts/VariantThemes/GrayAndOrange
[LOG 15:28:39.741] Config(VARIANTTHEME) Squad/Parts/VariantThemes/Dark
[LOG 15:28:39.741] Config(VARIANTTHEME) Squad/Parts/VariantThemes/Gray
[LOG 15:28:39.741] Config(VARIANTTHEME) Squad/Parts/VariantThemes/Orange
[LOG 15:28:39.741] Config(VARIANTTHEME) Squad/Parts/VariantThemes/Gold
[LOG 15:28:39.741] Config(VARIANTTHEME) Squad/Parts/VariantThemes/Bare
[LOG 15:28:39.741] Config(VARIANTTHEME) Squad/Parts/VariantThemes/Shroud
[LOG 15:28:39.741] Config(VARIANTTHEME) Squad/Parts/VariantThemes/GrayAndWhite
[LOG 15:28:39.741] Config(VARIANTTHEME) Squad/Parts/VariantThemes/YellowAndWhite
[LOG 15:28:39.741] Config(VARIANTTHEME) Squad/Parts/VariantThemes/Silver
[LOG 15:28:39.741] Config(VARIANTTHEME) Squad/Parts/VariantThemes/Gray with Stripes
[LOG 15:28:39.741] Config(PART) Squad/Parts/Aero/aerodynamicNoseCone/aerodynamicNoseCone/noseCone
[LOG 15:28:39.741] Config(PART) Squad/Parts/Aero/airbrake/Airbrake/airbrake1
[LOG 15:28:39.741] Config(PART) Squad/Parts/Aero/airIntakeRadialXM-G50/airIntakeRadialXM-G50/airScoop
[LOG 15:28:39.741] Config(PART) Squad/Parts/Aero/airlinerWings/ControlSurface/airlinerCtrlSrf
[LOG 15:28:39.741] Config(PART) Squad/Parts/Aero/airlinerWings/MainWing/airlinerMainWing
[LOG 15:28:39.741] Config(PART) Squad/Parts/Aero/airlinerWings/TailFin/airlinerTailFin
[LOG 15:28:39.741] Config(PART) Squad/Parts/Aero/airplaneFins/advancedCanard/AdvancedCanard
[LOG 15:28:39.741] Config(PART) Squad/Parts/Aero/airplaneFins/standardCanard/CanardController
[LOG 15:28:39.741] Config(PART) Squad/Parts/Aero/airplaneFins/sweptWing/sweptWing
[LOG 15:28:39.741] Config(PART) Squad/Parts/Aero/airplaneFins/tailfin/tailfin
[LOG 15:28:39.741] Config(PART) Squad/Parts/Aero/basicFin/basicFin/basicFin
[LOG 15:28:39.741] Config(PART) Squad/Parts/Aero/circularIntake/circularIntake/CircularIntake
[LOG 15:28:39.741] Config(PART) Squad/Parts/Aero/circularIntake/intakeShockCone/shockConeIntake
[LOG 15:28:39.741] Config(PART) Squad/Parts/Aero/cones/avionicsNoseCone/avionicsNoseCone
[LOG 15:28:39.741] Config(PART) Squad/Parts/Aero/cones/ConeA/pointyNoseConeA
[LOG 15:28:39.741] Config(PART) Squad/Parts/Aero/cones/ConeB/pointyNoseConeB
[LOG 15:28:39.741] Config(PART) Squad/Parts/Aero/cones/noseConeAdapter/noseConeAdapter
[LOG 15:28:39.741] Config(PART) Squad/Parts/Aero/cones/protectiveRocketNoseMk7_v2/rocketNoseCone_v2
[LOG 15:28:39.742] Config(PART) Squad/Parts/Aero/cones/protectiveRocketNoseMk7_v3/rocketNoseCone_v3
[LOG 15:28:39.742] Config(PART) Squad/Parts/Aero/cones/rocketNoseCone_size3/rocketNoseConeSize3
[LOG 15:28:39.742] Config(PART) Squad/Parts/Aero/cones/smallNoseCone/standardNoseCone
[LOG 15:28:39.742] Config(PART) Squad/Parts/Aero/cones/tailConnectorA/airplaneTail
[LOG 15:28:39.742] Config(PART) Squad/Parts/Aero/cones/tailConnectorB/airplaneTailB
[LOG 15:28:39.742] Config(PART) Squad/Parts/Aero/fairings/fairingSize1/fairingSize1
[LOG 15:28:39.742] Config(PART) Squad/Parts/Aero/fairings/fairingSize2/fairingSize2
[LOG 15:28:39.742] Config(PART) Squad/Parts/Aero/fairings/fairingSize3/fairingSize3
[LOG 15:28:39.742] Config(PART) Squad/Parts/Aero/HeatShield/HeatShield0/HeatShield0
[LOG 15:28:39.742] Config(PART) Squad/Parts/Aero/HeatShield/HeatShield1/HeatShield1
[LOG 15:28:39.742] Config(PART) Squad/Parts/Aero/HeatShield/HeatShield2/HeatShield2
[LOG 15:28:39.742] Config(PART) Squad/Parts/Aero/HeatShield/HeatShield3/HeatShield3
[LOG 15:28:39.742] Config(PART) Squad/Parts/Aero/InflatableHeatShield/HeatShield/InflatableHeatShield
[LOG 15:28:39.742] Config(PART) Squad/Parts/Aero/intakeRadialLong/intakeRadialLong/IntakeRadialLong
[LOG 15:28:39.742] Config(PART) Squad/Parts/Aero/miniIntake/SmallIntake/miniIntake
[LOG 15:28:39.742] Config(PART) Squad/Parts/Aero/ramAirIntake/ramAirIntake/ramAirIntake
[LOG 15:28:39.742] Config(PART) Squad/Parts/Aero/shuttleWings/delta/wingShuttleDelta
[LOG 15:28:39.742] Config(PART) Squad/Parts/Aero/shuttleWings/elevon1/wingShuttleElevon1
[LOG 15:28:39.742] Config(PART) Squad/Parts/Aero/shuttleWings/elevon2/wingShuttleElevon2
[LOG 15:28:39.742] Config(PART) Squad/Parts/Aero/shuttleWings/rudder/wingShuttleRudder
[LOG 15:28:39.742] Config(PART) Squad/Parts/Aero/shuttleWings/strake/wingShuttleStrake
[LOG 15:28:39.742] Config(PART) Squad/Parts/Aero/wingletAV-R8/wingletAV-R8/R8winglet
[LOG 15:28:39.742] Config(PART) Squad/Parts/Aero/wingletAV-T1/wingletAV-T1/winglet
[LOG 15:28:39.742] Config(PART) Squad/Parts/Aero/wingletDeltaDeluxe/wingletDeltaDeluxe/winglet3
[LOG 15:28:39.742] Config(PART) Squad/Parts/Aero/wings/connector1/wingConnector
[LOG 15:28:39.742] Config(PART) Squad/Parts/Aero/wings/connector2/wingConnector2
[LOG 15:28:39.742] Config(PART) Squad/Parts/Aero/wings/connector3/wingConnector3
[LOG 15:28:39.743] Config(PART) Squad/Parts/Aero/wings/connector4/wingConnector4
[LOG 15:28:39.743] Config(PART) Squad/Parts/Aero/wings/connector5/wingConnector5
[LOG 15:28:39.743] Config(PART) Squad/Parts/Aero/wings/delta/deltaWing
[LOG 15:28:39.743] Config(PART) Squad/Parts/Aero/wings/delta_small/delta_small
[LOG 15:28:39.743] Config(PART) Squad/Parts/Aero/wings/elevon1/StandardCtrlSrf
[LOG 15:28:39.743] Config(PART) Squad/Parts/Aero/wings/elevon2/elevon2
[LOG 15:28:39.743] Config(PART) Squad/Parts/Aero/wings/elevon3/elevon3
[LOG 15:28:39.743] Config(PART) Squad/Parts/Aero/wings/elevon4/smallCtrlSrf
[LOG 15:28:39.743] Config(PART) Squad/Parts/Aero/wings/elevon5/elevon5
[LOG 15:28:39.743] Config(PART) Squad/Parts/Aero/wings/strake/wingStrake
[LOG 15:28:39.743] Config(PART) Squad/Parts/Aero/wings/structural1/structuralWing
[LOG 15:28:39.743] Config(PART) Squad/Parts/Aero/wings/structural2/structuralWing2
[LOG 15:28:39.743] Config(PART) Squad/Parts/Aero/wings/structural3/structuralWing3
[LOG 15:28:39.743] Config(PART) Squad/Parts/Aero/wings/structural4/structuralWing4
[LOG 15:28:39.743] Config(PART) Squad/Parts/Aero/wings/swept1/sweptWing1
[LOG 15:28:39.743] Config(PART) Squad/Parts/Aero/wings/swept2/sweptWing2
[LOG 15:28:39.743] Config(PART) Squad/Parts/Cargo/CargoContainers/cargoContainer/cargoContainer
[LOG 15:28:39.743] Config(PART) Squad/Parts/Cargo/CargoContainers/smallCargoContainer/smallCargoContainer
[LOG 15:28:39.743] Config(PART) Squad/Parts/Cargo/Cylinder/Cylinder/evaCylinder
[LOG 15:28:39.743] Config(PART) Squad/Parts/Cargo/GroundAnchor/groundAnchor/groundAnchor
[LOG 15:28:39.743] Config(PART) Squad/Parts/Cargo/Jetpack/Jetpack/evaJetpack
[LOG 15:28:39.743] Config(PART) Squad/Parts/Cargo/Parachute/Parachute/evaChute
[LOG 15:28:39.743] Config(PART) Squad/Parts/Cargo/RepairKit/RepairKit/evaRepairKit
[LOG 15:28:39.743] Config(PART) Squad/Parts/Cargo/ScienceKit/evaScienceKit/evaScienceKit
[LOG 15:28:39.743] Config(PART) Squad/Parts/Cargo/StorageUnits/CargoStorageUnit/CargoStorageUnit
[LOG 15:28:39.743] Config(PART) Squad/Parts/Cargo/StorageUnits/ConformalStorageUnit/ConformalStorageUnit
[LOG 15:28:39.743] Config(PART) Squad/Parts/Command/advancedSasModuleLarge/advSasModuleLarge/asasmodule1-2
[LOG 15:28:39.744] Config(PART) Squad/Parts/Command/cupola/cupola/cupola
[LOG 15:28:39.744] Config(PART) Squad/Parts/Command/externalCommandSeat/externalCommandSeat/seatExternalCmd
[LOG 15:28:39.744] Config(PART) Squad/Parts/Command/hitchhikerStorageContainer/hitchikerStorageContainer/crewCabin
[LOG 15:28:39.744] Config(PART) Squad/Parts/Command/inlineAdvancedStabilizer/inlineAdvancedStabilizer/advSasModule
[LOG 15:28:39.744] Config(PART) Squad/Parts/Command/inlineReactionWheel/inlineReactionWheel/sasModule
[LOG 15:28:39.744] Config(PART) Squad/Parts/Command/Mk1-3Pod/mk1-3/mk1-3pod
[LOG 15:28:39.744] Config(PART) Squad/Parts/Command/mk1Cockpits/mk1Cockpit/Mark1Cockpit
[LOG 15:28:39.744] Config(PART) Squad/Parts/Command/mk1Cockpits/mk1CrewCabin/MK1CrewCabin
[LOG 15:28:39.744] Config(PART) Squad/Parts/Command/mk1Cockpits/mk1InlineCockpit/Mark2Cockpit
[LOG 15:28:39.744] Config(PART) Squad/Parts/Command/mk1LanderCan/mk1LanderCan/landerCabinSmall
[LOG 15:28:39.744] Config(PART) Squad/Parts/Command/mk1pod_v2/mk1Pod_v2/mk1pod_v2
[LOG 15:28:39.744] Config(PART) Squad/Parts/Command/mk2CockpitInline/mk2CockpitInline/mk2Cockpit_Inline
[LOG 15:28:39.744] Config(PART) Squad/Parts/Command/mk2CockpitStandard/mk2CockpitStandard/mk2Cockpit_Standard
[LOG 15:28:39.744] Config(PART) Squad/Parts/Command/mk2DroneCore/mk2Dronecore/mk2DroneCore
[LOG 15:28:39.744] Config(PART) Squad/Parts/Command/mk2LanderCan/mk2LanderCan/mk2LanderCabin
[LOG 15:28:39.744] Config(PART) Squad/Parts/Command/mk2LanderCan_v2/mk2LanderCan_v2/mk2LanderCabin_v2
[LOG 15:28:39.744] Config(PART) Squad/Parts/Command/mk3CockpitShuttle/mk3CockpitShuttle/mk3Cockpit_Shuttle
[LOG 15:28:39.744] Config(PART) Squad/Parts/Command/MpoProbe/MpoProbe/MpoProbe
[LOG 15:28:39.744] Config(PART) Squad/Parts/Command/MtmStage/MTM_Stage/MtmStage
[LOG 15:28:39.744] Config(PART) Squad/Parts/Command/probeCoreCube/probeCoreCube/probeCoreCube
[LOG 15:28:39.744] Config(PART) Squad/Parts/Command/probeCoreHex/probeCoreHex/probeCoreHex
[LOG 15:28:39.744] Config(PART) Squad/Parts/Command/probeCoreHex_v2/probeCoreHex_v2/probeCoreHex_v2
[LOG 15:28:39.744] Config(PART) Squad/Parts/Command/probeCoreOcto2_v2/probeCoreOcto2_v2/probeCoreOcto2_v2
[LOG 15:28:39.744] Config(PART) Squad/Parts/Command/probeCoreOcto_v2/probeCoreOcto_v2/probeCoreOcto_v2
[LOG 15:28:39.744] Config(PART) Squad/Parts/Command/probeRoverBody/probeRoverBody/roverBody
[LOG 15:28:39.744] Config(PART) Squad/Parts/Command/probeRoverBody_v2/probeRoverBody_v2/roverBody_v2
[LOG 15:28:39.745] Config(PART) Squad/Parts/Command/probeStackLarge/probeStackLarge/probeStackLarge
[LOG 15:28:39.745] Config(PART) Squad/Parts/Command/probeStackSmall/probeStackSmall/probeStackSmall
[LOG 15:28:39.745] Config(PART) Squad/Parts/Command/probeStackSphere_v2/probeStackSphere_v2/probeCoreSphere_v2
[LOG 15:28:39.745] Config(PART) Squad/Parts/CompoundParts/FuelLine/fuelLine/fuelLine
[LOG 15:28:39.745] Config(PART) Squad/Parts/CompoundParts/strutConnector/strutConnector/strutConnector
[LOG 15:28:39.745] Config(PART) Squad/Parts/Coupling/Decoupler_0/Decoupler_0
[LOG 15:28:39.745] Config(PART) Squad/Parts/Coupling/Decoupler_1/Decoupler_1
[LOG 15:28:39.745] Config(PART) Squad/Parts/Coupling/Decoupler_2/Decoupler_2
[LOG 15:28:39.745] Config(PART) Squad/Parts/Coupling/Decoupler_3/Decoupler_3
[LOG 15:28:39.745] Config(PART) Squad/Parts/Coupling/Separator_0/Separator_0
[LOG 15:28:39.745] Config(PART) Squad/Parts/Coupling/Separator_1/Separator_1
[LOG 15:28:39.745] Config(PART) Squad/Parts/Coupling/Separator_2/Separator_2
[LOG 15:28:39.745] Config(PART) Squad/Parts/Coupling/Separator_3/Separator_3
[LOG 15:28:39.745] Config(PART) Squad/Parts/Electrical/10CSolarPanels/OX-10C/solarPanelOX10C
[LOG 15:28:39.745] Config(PART) Squad/Parts/Electrical/10CSolarPanels/SP-10C/solarPanelSP10C
[LOG 15:28:39.745] Config(PART) Squad/Parts/Electrical/10LSolarPanels/OX-10L/solarPanelOX10L
[LOG 15:28:39.745] Config(PART) Squad/Parts/Electrical/10LSolarPanels/SP-10L/solarPanelSP10L
[LOG 15:28:39.745] Config(PART) Squad/Parts/Electrical/1x6ShroudSolarPanels/1x6ShroudSolarPanels/solarPanels2
[LOG 15:28:39.745] Config(PART) Squad/Parts/Electrical/1x6SolarPanels/1x6SolarPanels/solarPanels4
[LOG 15:28:39.745] Config(PART) Squad/Parts/Electrical/3x2ShroudSolarPanels/3x2ShroudSolarPanels/solarPanels1
[LOG 15:28:39.745] Config(PART) Squad/Parts/Electrical/3x2SolarPanels/3x2SolarPanels/solarPanels3
[LOG 15:28:39.745] Config(PART) Squad/Parts/Electrical/gigantorXlSolarArray/gigantorXlSolarArray/largeSolarPanel
[LOG 15:28:39.745] Config(PART) Squad/Parts/Electrical/radialFlatSolarPanel/radialFlatSolarPanel/solarPanels5
[LOG 15:28:39.745] Config(PART) Squad/Parts/Electrical/RTG/RTG/rtg
[LOG 15:28:39.745] Config(PART) Squad/Parts/Electrical/z-100Battery/z-100Battery/batteryPack
[LOG 15:28:39.745] Config(PART) Squad/Parts/Electrical/z-1kBattery/z-1kBattery/batteryBank
[LOG 15:28:39.746] Config(PART) Squad/Parts/Electrical/z-200Battery/z-200Battery/batteryBankMini
[LOG 15:28:39.746] Config(PART) Squad/Parts/Electrical/z-400Battery/z-400Battery/ksp_r_largeBatteryPack
[LOG 15:28:39.746] Config(PART) Squad/Parts/Electrical/z-4kBattery/z-4kBattery/batteryBankLarge
[LOG 15:28:39.746] Config(PART) Squad/Parts/Engine/ionEngine/ionEngine/ionEngine
[LOG 15:28:39.746] Config(PART) Squad/Parts/Engine/jetEngines/jetEngineAfterburning/turboJet
[LOG 15:28:39.746] Config(PART) Squad/Parts/Engine/jetEngines/jetEngineBasic/JetEngine
[LOG 15:28:39.746] Config(PART) Squad/Parts/Engine/jetEngines/jetEngineBig/turboFanSize2
[LOG 15:28:39.746] Config(PART) Squad/Parts/Engine/jetEngines/jetEngineTurbo/turboFanEngine
[LOG 15:28:39.746] Config(PART) Squad/Parts/Engine/liquidEngine24-77/liquidEngine24-77/smallRadialEngine
[LOG 15:28:39.746] Config(PART) Squad/Parts/Engine/liquidEngine24-77_v2/liquidEngine24-77_v2/smallRadialEngine_v2
[LOG 15:28:39.746] Config(PART) Squad/Parts/Engine/liquidEngine48-7S_v2/liquidEngine48-7S_v2/liquidEngineMini_v2
[LOG 15:28:39.746] Config(PART) Squad/Parts/Engine/liquidEngineAerospike/liquidEngineAerospike/toroidalAerospike
[LOG 15:28:39.746] Config(PART) Squad/Parts/Engine/liquidEngineLV-1_v2/liquidEngineLV-1R _v2/radialEngineMini_v2
[LOG 15:28:39.746] Config(PART) Squad/Parts/Engine/liquidEngineLV-1_v2/liquidEngineLV-1_v2/microEngine_v2
[LOG 15:28:39.746] Config(PART) Squad/Parts/Engine/liquidEngineLV-909_v2/liquidEngineLV-909_v2/liquidEngine3_v2
[LOG 15:28:39.746] Config(PART) Squad/Parts/Engine/liquidEngineLV-N/liquidEngineLV-N/nuclearEngine
[LOG 15:28:39.746] Config(PART) Squad/Parts/Engine/liquidEngineLV-T30/liquidEngineLV-T30/liquidEngine
[LOG 15:28:39.746] Config(PART) Squad/Parts/Engine/liquidEngineLV-T30_v2/liquidEngineLV-T30_v2/liquidEngine_v2
[LOG 15:28:39.746] Config(PART) Squad/Parts/Engine/liquidEngineLV-T45/liquidEngineLV-T45/liquidEngine2
[LOG 15:28:39.746] Config(PART) Squad/Parts/Engine/liquidEngineLV-T45_v2/liquidEngineLV-T45_v2/liquidEngine2_v2
[LOG 15:28:39.746] Config(PART) Squad/Parts/Engine/liquidEngineMainsail_v2/liquidEngineMainsail_v2/liquidEngineMainsail_v2
[LOG 15:28:39.746] Config(PART) Squad/Parts/Engine/liquidEngineMk55/liquidEngineMk55/radialLiquidEngine1-2
[LOG 15:28:39.747] Config(PART) Squad/Parts/Engine/liquidEnginePoodle_v2/liquidEnginePoodle_v2/liquidEngine2-2_v2
[LOG 15:28:39.747] Config(PART) Squad/Parts/Engine/liquidEngineSkipper_v2/skipperLiquidEngine_v2/engineLargeSkipper_v2
[LOG 15:28:39.747] Config(PART) Squad/Parts/Engine/liquidEngineSSME/SSME/SSME
[LOG 15:28:39.747] Config(PART) Squad/Parts/Engine/MassiveSRB/part/MassiveBooster
[LOG 15:28:39.747] Config(PART) Squad/Parts/Engine/miniJet/SmallJetEngine/miniJetEngine
[LOG 15:28:39.747] Config(PART) Squad/Parts/Engine/OMSEngine/omsEngine/omsEngine
[LOG 15:28:39.747] Config(PART) Squad/Parts/Engine/rapierEngine/rapierEngine/RAPIER
[LOG 15:28:39.747] Config(PART) Squad/Parts/Engine/Size1_SRBs/solidBoosterRT-10_v2/solidBooster_v2
[LOG 15:28:39.747] Config(PART) Squad/Parts/Engine/Size1_SRBs/solidBoosterRT-5_v2/solidBooster_sm_v2
[LOG 15:28:39.747] Config(PART) Squad/Parts/Engine/Size2LFB/part/Size2LFB
[LOG 15:28:39.747] Config(PART) Squad/Parts/Engine/Size2LFB_v2/part/Size2LFB_v2
[LOG 15:28:39.747] Config(PART) Squad/Parts/Engine/Size3AdvancedEngine/part/Size3AdvancedEngine
[LOG 15:28:39.747] Config(PART) Squad/Parts/Engine/Size3EngineCluster/part/Size3EngineCluster
[LOG 15:28:39.747] Config(PART) Squad/Parts/Engine/solidBoosterBACC/solidBoosterBACC/solidBooster1-1
[LOG 15:28:39.747] Config(PART) Squad/Parts/Engine/solidBoosterS2-17/solidBoosterS2-17/Thoroughbred
[LOG 15:28:39.748] Config(PART) Squad/Parts/Engine/solidBoosterS2-33/solidBoosterS2-33/Clydesdale
[LOG 15:28:39.748] Config(PART) Squad/Parts/Engine/solidBoosterSep/solidBoosterSep/sepMotor1
[LOG 15:28:39.748] Config(PART) Squad/Parts/Engine/SolidBoostersF/SolidBoosterF3S0/Shrimp
[LOG 15:28:39.748] Config(PART) Squad/Parts/Engine/SolidBoostersF/SolidBoosterFM1/Mite
[LOG 15:28:39.748] Config(PART) Squad/Parts/FuelTank/adapterTanks/Mk3-Mk2/adapterMk3-Mk2
[LOG 15:28:39.748] Config(PART) Squad/Parts/FuelTank/adapterTanks/Mk3-ShuttleAdapter/adapterEngines
[LOG 15:28:39.748] Config(PART) Squad/Parts/FuelTank/adapterTanks/Mk3-Size2/adapterMk3-Size2
[LOG 15:28:39.748] Config(PART) Squad/Parts/FuelTank/adapterTanks/Mk3-Size2Slant/adapterMk3-Size2Slant
[LOG 15:28:39.748] Config(PART) Squad/Parts/FuelTank/adapterTanks/Size2-Mk2/adapterSize2-Mk2
[LOG 15:28:39.748] Config(PART) Squad/Parts/FuelTank/adapterTanks/Size2-Size1/adapterSize2-Size1
[LOG 15:28:39.748] Config(PART) Squad/Parts/FuelTank/adapterTanks/Size2-Size1Slant/adapterSize2-Size1Slant
[LOG 15:28:39.748] Config(PART) Squad/Parts/FuelTank/adapterTanks/Size3-Mk3/adapterSize3-Mk3
[LOG 15:28:39.748] Config(PART) Squad/Parts/FuelTank/drainTankFTE-1/ReleaseValve/ReleaseValve
[LOG 15:28:39.748] Config(PART) Squad/Parts/FuelTank/FoilTanks/RadialTank_Capsule/externalTankCapsule
[LOG 15:28:39.748] Config(PART) Squad/Parts/FuelTank/FoilTanks/RadialTank_Round/externalTankRound
[LOG 15:28:39.748] Config(PART) Squad/Parts/FuelTank/FoilTanks/ToroidTank/externalTankToroid
[LOG 15:28:39.748] Config(PART) Squad/Parts/FuelTank/fuelTankOscarB/fuelTankOscarB/miniFuelTank
[LOG 15:28:39.748] Config(PART) Squad/Parts/FuelTank/miniFuselage/miniFuselage/miniFuselage
[LOG 15:28:39.748] Config(PART) Squad/Parts/FuelTank/mk2Adapters/bicoupler/mk2_1m_Bicoupler
[LOG 15:28:39.749] Config(PART) Squad/Parts/FuelTank/mk2Adapters/long/mk2_1m_AdapterLong
[LOG 15:28:39.749] Config(PART) Squad/Parts/FuelTank/mk2Adapters/standard/mk2SpacePlaneAdapter
[LOG 15:28:39.749] Config(PART) Squad/Parts/FuelTank/mk2FuselageLong/LFO_long/mk2FuselageLongLFO
[LOG 15:28:39.749] Config(PART) Squad/Parts/FuelTank/mk2FuselageLong/L_long/mk2Fuselage
[LOG 15:28:39.749] Config(PART) Squad/Parts/FuelTank/mk2FuselageShort/LFO_short/mk2FuselageShortLFO
[LOG 15:28:39.749] Config(PART) Squad/Parts/FuelTank/mk2FuselageShort/L_short/mk2FuselageShortLiquid
[LOG 15:28:39.749] Config(PART) Squad/Parts/FuelTank/mk2FuselageShort/Mono_short/mk2FuselageShortMono
[LOG 15:28:39.749] Config(PART) Squad/Parts/FuelTank/mk3Fuselage/CREW/mk3CrewCabin
[LOG 15:28:39.749] Config(PART) Squad/Parts/FuelTank/mk3Fuselage/LFO_100/mk3FuselageLFO_100
[LOG 15:28:39.749] Config(PART) Squad/Parts/FuelTank/mk3Fuselage/LFO_25/mk3FuselageLFO_25
[LOG 15:28:39.749] Config(PART) Squad/Parts/FuelTank/mk3Fuselage/LFO_50/mk3FuselageLFO_50
[LOG 15:28:39.749] Config(PART) Squad/Parts/FuelTank/mk3Fuselage/LF_100/mk3FuselageLF_100
[LOG 15:28:39.749] Config(PART) Squad/Parts/FuelTank/mk3Fuselage/LF_25/mk3FuselageLF_25
[LOG 15:28:39.749] Config(PART) Squad/Parts/FuelTank/mk3Fuselage/LF_50/mk3FuselageLF_50
[LOG 15:28:39.749] Config(PART) Squad/Parts/FuelTank/mk3Fuselage/MONO/mk3FuselageMONO
[LOG 15:28:39.749] Config(PART) Squad/Parts/FuelTank/RCSFuelTankR1/RCSFuelTankR1/RCSTank1-2
[LOG 15:28:39.749] Config(PART) Squad/Parts/FuelTank/RCSFuelTankR10/RCSFuelTankR10/rcsTankMini
[LOG 15:28:39.749] Config(PART) Squad/Parts/FuelTank/RCSFuelTankR25/RCSFuelTankR25/RCSFuelTank
[LOG 15:28:39.749] Config(PART) Squad/Parts/FuelTank/RCSTankRadial/radialRCSTank/radialRCSTank
[LOG 15:28:39.749] Config(PART) Squad/Parts/FuelTank/RCStankRadialLong/RCSTankRadialLong/rcsTankRadialLong
[LOG 15:28:39.749] Config(PART) Squad/Parts/FuelTank/RockomaxTanks/Rockomax16/Rockomax16_BW
[LOG 15:28:39.749] Config(PART) Squad/Parts/FuelTank/RockomaxTanks/Rockomax32/Rockomax32_BW
[LOG 15:28:39.750] Config(PART) Squad/Parts/FuelTank/RockomaxTanks/Rockomax64/Rockomax64_BW
[LOG 15:28:39.750] Config(PART) Squad/Parts/FuelTank/RockomaxTanks/Rockomax8/Rockomax8BW
[LOG 15:28:39.750] Config(PART) Squad/Parts/FuelTank/Size1_Tanks/fuelTankT100/fuelTankSmallFlat
[LOG 15:28:39.750] Config(PART) Squad/Parts/FuelTank/Size1_Tanks/fuelTankT200/fuelTankSmall
[LOG 15:28:39.750] Config(PART) Squad/Parts/FuelTank/Size1_Tanks/fuelTankT400/fuelTank
[LOG 15:28:39.750] Config(PART) Squad/Parts/FuelTank/Size1_Tanks/fuelTankT800/fuelTank_long
[LOG 15:28:39.750] Config(PART) Squad/Parts/FuelTank/Size3Tanks/large/Size3LargeTank
[LOG 15:28:39.750] Config(PART) Squad/Parts/FuelTank/Size3Tanks/medium/Size3MediumTank
[LOG 15:28:39.750] Config(PART) Squad/Parts/FuelTank/Size3Tanks/small/Size3SmallTank
[LOG 15:28:39.750] Config(PART) Squad/Parts/FuelTank/xenonTank/xenonTank/xenonTank
[LOG 15:28:39.750] Config(PART) Squad/Parts/FuelTank/xenonTankLarge/xenonTankLarge/xenonTankLarge
[LOG 15:28:39.750] Config(PART) Squad/Parts/FuelTank/xenonTankRadial/xenonTankRadial/xenonTankRadial
[LOG 15:28:39.750] Config(PART) Squad/Parts/Misc/AsteroidDay/CamSat/InfraredTelescope
[LOG 15:28:39.750] Config(PART) Squad/Parts/Misc/AsteroidDay/HECS2/HECS2_ProbeCore
[LOG 15:28:39.750] Config(PART) Squad/Parts/Misc/AsteroidDay/HighGainAntenna/HighGainAntenna
[LOG 15:28:39.750] Config(PART) Squad/Parts/Misc/AsteroidDay/LgRadialSolar/LgRadialSolarPanel
[LOG 15:28:39.750] Config(PART) Squad/Parts/Misc/PotatoComet/part/PotatoComet
[LOG 15:28:39.750] Config(PART) Squad/Parts/Misc/PotatoRoid/part/PotatoRoid
[LOG 15:28:39.750] Config(PART) Squad/Parts/Prebuilt/flag/flag
[LOG 15:28:39.750] Config(PART) Squad/Parts/Prebuilt/kerbalEVA/kerbalEVA
[LOG 15:28:39.750] Config(PART) Squad/Parts/Prebuilt/kerbalEVAfemale/kerbalEVAfemale
[LOG 15:28:39.751] Config(PART) Squad/Parts/Prebuilt/kerbalEVASlimSuit/kerbalEVASlimSuit
[LOG 15:28:39.751] Config(PART) Squad/Parts/Prebuilt/kerbalEVASlimSuitFemale/kerbalEVASlimSuitFemale
[LOG 15:28:39.751] Config(PART) Squad/Parts/Resources/FuelCell/FuelCell/FuelCell
[LOG 15:28:39.751] Config(PART) Squad/Parts/Resources/FuelCell/FuelCellArray/FuelCellArray
[LOG 15:28:39.751] Config(PART) Squad/Parts/Resources/ISRU/ISRU/ISRU
[LOG 15:28:39.751] Config(PART) Squad/Parts/Resources/LargeTank/LargeTank/LargeTank
[LOG 15:28:39.751] Config(PART) Squad/Parts/Resources/MiniDrill/MiniDrill/MiniDrill
[LOG 15:28:39.751] Config(PART) Squad/Parts/Resources/MiniISRU/MiniISRU/MiniISRU
[LOG 15:28:39.751] Config(PART) Squad/Parts/Resources/OrbitalScanner/OrbitalScanner/OrbitalScanner
[LOG 15:28:39.751] Config(PART) Squad/Parts/Resources/RadialDrill/RadialDrill/RadialDrill
[LOG 15:28:39.751] Config(PART) Squad/Parts/Resources/RadialTank/RadialTank/RadialOreTank
[LOG 15:28:39.751] Config(PART) Squad/Parts/Resources/SmallTank/SmallTank/SmallTank
[LOG 15:28:39.751] Config(PART) Squad/Parts/Resources/SurfaceScanner/SurfaceScanner/SurfaceScanner
[LOG 15:28:39.751] Config(PART) Squad/Parts/Resources/SurveyScanner/SurveyScanner/SurveyScanner
[LOG 15:28:39.751] Config(PART) Squad/Parts/Science/AtmosphereSensor/sensorAtmosphere/sensorAtmosphere
[LOG 15:28:39.751] Config(PART) Squad/Parts/Science/GooExperiment/gooExperiment/GooExperiment
[LOG 15:28:39.751] Config(PART) Squad/Parts/Science/LargeCrewedLab/largeCrewedLab/Large_Crewed_Lab
[LOG 15:28:39.751] Config(PART) Squad/Parts/Science/Magnetometer/Magnetometer/Magnetometer
[LOG 15:28:39.751] Config(PART) Squad/Parts/Science/MaterialBay/materialBay/science_module
[LOG 15:28:39.751] Config(PART) Squad/Parts/Science/ScienceBox/ScienceBox/ScienceBox
[LOG 15:28:39.751] Config(PART) Squad/Parts/Science/sensorAccelerometer/sensorAccelerometer/sensorAccelerometer
[LOG 15:28:39.751] Config(PART) Squad/Parts/Science/sensorBarometer/sensorBarometer/sensorBarometer
[LOG 15:28:39.752] Config(PART) Squad/Parts/Science/sensorGravimeter/sensorGravimeter/sensorGravimeter
[LOG 15:28:39.752] Config(PART) Squad/Parts/Science/sensorThermometer/sensorThermometer/sensorThermometer
[LOG 15:28:39.752] Config(PART) Squad/Parts/Structural/FLAdapters/adapterSmallMiniShort/adapterSmallMiniShort
[LOG 15:28:39.752] Config(PART) Squad/Parts/Structural/FLAdapters/adapterSmallMiniTall/adapterSmallMiniTall
[LOG 15:28:39.752] Config(PART) Squad/Parts/Structural/mk1Parts/engineBodyRadial/radialEngineBody
[LOG 15:28:39.752] Config(PART) Squad/Parts/Structural/mk1Parts/engineNacelle/nacelleBody
[LOG 15:28:39.752] Config(PART) Squad/Parts/Structural/mk1Parts/mk1Fuselage/MK1Fuselage
[LOG 15:28:39.752] Config(PART) Squad/Parts/Structural/mk1Parts/mk1FuselageIntake/MK1IntakeFuselage
[LOG 15:28:39.752] Config(PART) Squad/Parts/Structural/mk1Parts/mk1Structural/Mk1FuselageStructural
[LOG 15:28:39.752] Config(PART) Squad/Parts/Structural/Size3To2Adapter_v2/Size2to3_v2/Size3To2Adapter_v2
[LOG 15:28:39.752] Config(PART) Squad/Parts/Structural/stackAdapters/adapterLargeSmallBi/adapterLargeSmallBi
[LOG 15:28:39.752] Config(PART) Squad/Parts/Structural/stackAdapters/adapterLargeSmallQuad/adapterLargeSmallQuad
[LOG 15:28:39.752] Config(PART) Squad/Parts/Structural/stackAdapters/adapterLargeSmallTri/adapterLargeSmallTri
[LOG 15:28:39.752] Config(PART) Squad/Parts/Structural/stationHub/stationHub/stationHub
[LOG 15:28:39.752] Config(PART) Squad/Parts/Structural/structuralIBeam200/structuralIBeam200/structuralIBeam2
[LOG 15:28:39.752] Config(PART) Squad/Parts/Structural/structuralIBeam200Pocket/structuralIBeam200Pocket/structuralIBeam3
[LOG 15:28:39.752] Config(PART) Squad/Parts/Structural/structuralIBeam650/structuralIBeam650/structuralIBeam1
[LOG 15:28:39.752] Config(PART) Squad/Parts/Structural/structuralMicronode/structuralMicronode/structuralMiniNode
[LOG 15:28:39.752] Config(PART) Squad/Parts/Structural/structuralPanel1x1/structuralPanel1x1/structuralPanel1
[LOG 15:28:39.752] Config(PART) Squad/Parts/Structural/structuralPanel2x2/structuralPanel2x2/structuralPanel2
[LOG 15:28:39.752] Config(PART) Squad/Parts/Structural/structuralPylons/smallHardpoint/smallHardpoint
[LOG 15:28:39.752] Config(PART) Squad/Parts/Structural/structuralPylons/structuralPylon/structuralPylon
[LOG 15:28:39.752] Config(PART) Squad/Parts/Structural/strutCubicOcto/strutCubicOcto/strutCube
[LOG 15:28:39.753] Config(PART) Squad/Parts/Structural/strutOcto/strutOcto/strutOcto
[LOG 15:28:39.753] Config(PART) Squad/Parts/Structural/trussGirderAdapter/trussGirderAdapter/trussAdapter
[LOG 15:28:39.753] Config(PART) Squad/Parts/Structural/trussGirderL/trussGirderL/trussPiece1x
[LOG 15:28:39.753] Config(PART) Squad/Parts/Structural/trussGirderXL/trussGirderXL/trussPiece3x
[LOG 15:28:39.753] Config(PART) Squad/Parts/Thermal/FoldingRadiators/foldingRadLarge/foldingRadLarge
[LOG 15:28:39.753] Config(PART) Squad/Parts/Thermal/FoldingRadiators/foldingRadMed/foldingRadMed
[LOG 15:28:39.753] Config(PART) Squad/Parts/Thermal/FoldingRadiators/foldingRadSmall/foldingRadSmall
[LOG 15:28:39.753] Config(PART) Squad/Parts/Thermal/RadiatorPanels/radPanelEdge/radPanelEdge
[LOG 15:28:39.753] Config(PART) Squad/Parts/Thermal/RadiatorPanels/radPanelLg/radPanelLg
[LOG 15:28:39.753] Config(PART) Squad/Parts/Thermal/RadiatorPanels/radPanelSm/radPanelSm
[LOG 15:28:39.753] Config(PART) Squad/Parts/Utility/commDish88-88/commDish88-88/commDish
[LOG 15:28:39.753] Config(PART) Squad/Parts/Utility/commsAntennaDTS-M1/commsAntennaDTS-M1/mediumDishAntenna
[LOG 15:28:39.753] Config(PART) Squad/Parts/Utility/commsDish16/commsAntenna16/longAntenna
[LOG 15:28:39.753] Config(PART) Squad/Parts/Utility/decouplerRadialHDM/decouplerRadialHDM/radialDecoupler1-2
[LOG 15:28:39.753] Config(PART) Squad/Parts/Utility/decouplerRadialTT-38K/decouplerRadialTT-38K/radialDecoupler
[LOG 15:28:39.753] Config(PART) Squad/Parts/Utility/decouplerRadialTT-70/decouplerRadialTT-70/radialDecoupler2
[LOG 15:28:39.753] Config(PART) Squad/Parts/Utility/DirectAntennas/C16S/SurfAntenna
[LOG 15:28:39.753] Config(PART) Squad/Parts/Utility/DirectAntennas/HG-5/HighGainAntenna5
[LOG 15:28:39.753] Config(PART) Squad/Parts/Utility/DirectAntennas/HG-5_v2/HighGainAntenna5_v2
[LOG 15:28:39.753] Config(PART) Squad/Parts/Utility/dockingPort/dockingPort/dockingPort2
[LOG 15:28:39.753] Config(PART) Squad/Parts/Utility/dockingPortInline/dockingPortInline/dockingPortLateral
[LOG 15:28:39.753] Config(PART) Squad/Parts/Utility/dockingPortJr/dockingPortJr/dockingPort3
[LOG 15:28:39.754] Config(PART) Squad/Parts/Utility/dockingPortShielded/dockingPortShielded/dockingPort1
[LOG 15:28:39.754] Config(PART) Squad/Parts/Utility/dockingPortSr/dockingPortSr/dockingPortLarge
[LOG 15:28:39.754] Config(PART) Squad/Parts/Utility/Fireworks/fireworksLauncherBig/fireworksLauncherBig
[LOG 15:28:39.754] Config(PART) Squad/Parts/Utility/Fireworks/fireworksLauncherSmall/fireworksLauncherSmall
[LOG 15:28:39.754] Config(PART) Squad/Parts/Utility/flags/flagFlat/flagFlat/flagPartFlat
[LOG 15:28:39.754] Config(PART) Squad/Parts/Utility/flags/flagSize0/flagSize0/flagPartSize0
[LOG 15:28:39.754] Config(PART) Squad/Parts/Utility/flags/flagSize1/flagSize1/flagPartSize1
[LOG 15:28:39.754] Config(PART) Squad/Parts/Utility/flags/flagSize2/flagSize2/flagPartSize2
[LOG 15:28:39.754] Config(PART) Squad/Parts/Utility/flags/flagSize3/flagSize3/flagPartSize3
[LOG 15:28:39.754] Config(PART) Squad/Parts/Utility/GrapplingDevice/part/GrapplingDevice
[LOG 15:28:39.754] Config(PART) Squad/Parts/Utility/ladderRadial/ladderRadial/ladder1
[LOG 15:28:39.754] Config(PART) Squad/Parts/Utility/ladderTelescopic/ladderTelescopic/telescopicLadder
[LOG 15:28:39.754] Config(PART) Squad/Parts/Utility/ladderTelescopicBay/ladderTelescopicBay/telescopicLadderBay
[LOG 15:28:39.754] Config(PART) Squad/Parts/Utility/landingLegLT-1/landingLegLT-1/landingLeg1
[LOG 15:28:39.754] Config(PART) Squad/Parts/Utility/landingLegLT-2/landingLegLT-2/landingLeg1-2
[LOG 15:28:39.754] Config(PART) Squad/Parts/Utility/landingLegLT-5/landingLegLT-5/miniLandingLeg
[LOG 15:28:39.754] Config(PART) Squad/Parts/Utility/launchClamp1/launchClamp1/launchClamp1
[LOG 15:28:39.755] Config(PART) Squad/Parts/Utility/launchEscapeSystem/part/LaunchEscapeSystem
[LOG 15:28:39.755] Config(PART) Squad/Parts/Utility/Lights/domeLight1/domeLight1
[LOG 15:28:39.755] Config(PART) Squad/Parts/Utility/Lights/groundLight1/groundLight1
[LOG 15:28:39.755] Config(PART) Squad/Parts/Utility/Lights/groundLight2/groundLight2
[LOG 15:28:39.755] Config(PART) Squad/Parts/Utility/Lights/navLight1/navLight1
[LOG 15:28:39.755] Config(PART) Squad/Parts/Utility/Lights/spotLight1/spotLight3
[LOG 15:28:39.755] Config(PART) Squad/Parts/Utility/Lights/stripLight1/stripLight1
[LOG 15:28:39.755] Config(PART) Squad/Parts/Utility/linearVernorRCS/linearRCS/linearRcs
[LOG 15:28:39.755] Config(PART) Squad/Parts/Utility/linearVernorRCS/vernorEngine/vernierEngine
[LOG 15:28:39.755] Config(PART) Squad/Parts/Utility/mk2CargoBay/BayL/mk2CargoBayL
[LOG 15:28:39.755] Config(PART) Squad/Parts/Utility/mk2CargoBay/BayS/mk2CargoBayS
[LOG 15:28:39.755] Config(PART) Squad/Parts/Utility/mk2CrewCabin/mk2CrewCabin/mk2CrewCabin
[LOG 15:28:39.755] Config(PART) Squad/Parts/Utility/mk2DockingPort/mk2DockingPort/mk2DockingPort
[LOG 15:28:39.755] Config(PART) Squad/Parts/Utility/mk3CargoBay/long/mk3CargoBayL
[LOG 15:28:39.755] Config(PART) Squad/Parts/Utility/mk3CargoBay/medium/mk3CargoBayM
[LOG 15:28:39.755] Config(PART) Squad/Parts/Utility/mk3CargoBay/ramp/mk3CargoRamp
[LOG 15:28:39.755] Config(PART) Squad/Parts/Utility/mk3CargoBay/short/mk3CargoBayS
[LOG 15:28:39.755] Config(PART) Squad/Parts/Utility/parachuteMk1/parachuteMk1/parachuteSingle
[LOG 15:28:39.755] Config(PART) Squad/Parts/Utility/parachuteMk12-R/parachuteMk12-R/radialDrogue
[LOG 15:28:39.755] Config(PART) Squad/Parts/Utility/parachuteMk16-XL/parachuteMk16-XL/parachuteLarge
[LOG 15:28:39.755] Config(PART) Squad/Parts/Utility/parachuteMk2-R/parachuteMk2-R/parachuteRadial
[LOG 15:28:39.755] Config(PART) Squad/Parts/Utility/parachuteMk25/parachuteMk25/parachuteDrogue
[LOG 15:28:39.755] Config(PART) Squad/Parts/Utility/radialAttachmentPoint/radialAttachmentPoint/stackPoint1
[LOG 15:28:39.756] Config(PART) Squad/Parts/Utility/rcsBlockRV-105_v2/rcsBlockRV-105/RCSBlock_v2
[LOG 15:28:39.756] Config(PART) Squad/Parts/Utility/rcsBlockRV-105_v2/RCSblock_01_small/RCSblock_01_small
[LOG 15:28:39.756] Config(PART) Squad/Parts/Utility/rcsSmallLinear/RCSLinearSmall/RCSLinearSmall
[LOG 15:28:39.756] Config(PART) Squad/Parts/Utility/RelayAntennas/RA-100/RelayAntenna100
[LOG 15:28:39.756] Config(PART) Squad/Parts/Utility/RelayAntennas/RA-5/RelayAntenna5
[LOG 15:28:39.756] Config(PART) Squad/Parts/Utility/RelayAntennas/RA-50/RelayAntenna50
[LOG 15:28:39.756] Config(PART) Squad/Parts/Utility/rockomaxAdapters/largeAdapter/largeAdapter
[LOG 15:28:39.756] Config(PART) Squad/Parts/Utility/rockomaxAdapters/largeAdapterShort/largeAdapter2
[LOG 15:28:39.756] Config(PART) Squad/Parts/Utility/ServiceBay_v2/ServiceBay_125_v2/ServiceBay_125_v2
[LOG 15:28:39.756] Config(PART) Squad/Parts/Utility/ServiceBay_v2/ServiceBay_250_v2/ServiceBay_250_v2
[LOG 15:28:39.756] Config(PART) Squad/Parts/Utility/smallClaw/smallClaw/smallClaw
[LOG 15:28:39.756] Config(PART) Squad/Parts/Utility/spotLightMk1/spotLightMk1/spotLight1
[LOG 15:28:39.756] Config(PART) Squad/Parts/Utility/spotLightMk1_v2/spotLightMk1_v2/spotLight1_v2
[LOG 15:28:39.756] Config(PART) Squad/Parts/Utility/spotLightMk2/spotLightMk2/spotLight2
[LOG 15:28:39.756] Config(PART) Squad/Parts/Utility/spotLightMk2_v2/spotLightMk2_v2/spotLight2_v2
[LOG 15:28:39.756] Config(PART) Squad/Parts/Utility/stackCouplers/stackBiCoupler_v2/stackBiCoupler_v2
[LOG 15:28:39.756] Config(PART) Squad/Parts/Utility/stackCouplers/stackQuadCoupler/stackQuadCoupler
[LOG 15:28:39.756] Config(PART) Squad/Parts/Utility/stackCouplers/stackTriCoupler_v2/stackTriCoupler_v2
[LOG 15:28:39.756] Config(PART) Squad/Parts/Wheel/LandingGear/GearExtraLarge/GearLarge
[LOG 15:28:39.757] Config(PART) Squad/Parts/Wheel/LandingGear/GearFixed/GearFixed
[LOG 15:28:39.757] Config(PART) Squad/Parts/Wheel/LandingGear/GearFree/GearFree
[LOG 15:28:39.757] Config(PART) Squad/Parts/Wheel/LandingGear/GearLarge/GearMedium
[LOG 15:28:39.757] Config(PART) Squad/Parts/Wheel/LandingGear/GearMedium/GearSmall
[LOG 15:28:39.757] Config(PART) Squad/Parts/Wheel/LandingGear/GearSmall/SmallGearBay
[LOG 15:28:39.757] Config(PART) Squad/Parts/Wheel/roverWheelM1/roverWheelM1/roverWheel1
[LOG 15:28:39.757] Config(PART) Squad/Parts/Wheel/roverWheelS2/roverWheelS2/roverWheel2
[LOG 15:28:39.757] Config(PART) Squad/Parts/Wheel/roverWheelTR-2L/roverWheelTR-2L/wheelMed
[LOG 15:28:39.757] Config(PART) Squad/Parts/Wheel/roverWheelXL3/roverWheelXL3/roverWheel3
[LOG 15:28:39.757] Config(PROP) Squad/Props/AltimeterThreeHands/prop/AltimeterThreeHands
[LOG 15:28:39.757] Config(PROP) Squad/Props/AtmosphereDepth/prop/AtmosphereDepth
[LOG 15:28:39.757] Config(PROP) Squad/Props/AxisIndicator/pitchConfig/AxisIndicatorPitch
[LOG 15:28:39.757] Config(PROP) Squad/Props/AxisIndicator/rollConfig/AxisIndicatorRoll
[LOG 15:28:39.757] Config(PROP) Squad/Props/AxisIndicator/yawConfig/AxisIndicatorYaw
[LOG 15:28:39.757] Config(PROP) Squad/Props/buttonsGeneric/circularButton/genericCircularButton
[LOG 15:28:39.757] Config(PROP) Squad/Props/buttonsGeneric/clusterButtons/genericClusterButtons
[LOG 15:28:39.757] Config(PROP) Squad/Props/buttonsGeneric/clusterButtons2/genericClusterButtons2
[LOG 15:28:39.757] Config(PROP) Squad/Props/buttonsGeneric/clusterKnob/genericClusterKnobs
[LOG 15:28:39.757] Config(PROP) Squad/Props/buttonsGeneric/clusterKnob2/genericClusterKnobs2
[LOG 15:28:39.757] Config(PROP) Squad/Props/buttonsGeneric/clusterMixed/genericClusterMixed
[LOG 15:28:39.757] Config(PROP) Squad/Props/buttonsGeneric/clusterSwitches01/genericClusterSwitches01
[LOG 15:28:39.757] Config(PROP) Squad/Props/buttonsGeneric/clusterSwitches02/genericClusterSwitches02
[LOG 15:28:39.757] Config(PROP) Squad/Props/buttonsGeneric/clusterSwitches03/genericClusterSwitches03
[LOG 15:28:39.757] Config(PROP) Squad/Props/buttonsGeneric/clusterSwitches04/genericClusterSwitches04
[LOG 15:28:39.757] Config(PROP) Squad/Props/buttonsGeneric/clusterSwitches05/genericClusterSwitches05
[LOG 15:28:39.758] Config(PROP) Squad/Props/buttonsGeneric/clusterSwitches06/genericClusterSwitches06
[LOG 15:28:39.758] Config(PROP) Squad/Props/buttonsGeneric/clusterSwitches07/genericClusterSwitches07
[LOG 15:28:39.758] Config(PROP) Squad/Props/buttonsGeneric/directionalKnob/genericDirectionalKnob
[LOG 15:28:39.758] Config(PROP) Squad/Props/buttonsGeneric/directionalKnob2/genericDirectionalKnob2
[LOG 15:28:39.758] Config(PROP) Squad/Props/buttonsGeneric/pullSwitch/genericPullSwitch
[LOG 15:28:39.758] Config(PROP) Squad/Props/buttonsGeneric/squareButton/genericSquareButton
[LOG 15:28:39.758] Config(PROP) Squad/Props/buttonsGeneric/standingSwitch/genericStandingSwitch
[LOG 15:28:39.758] Config(PROP) Squad/Props/buttonsGeneric/switch/genericSwitch
[LOG 15:28:39.758] Config(PROP) Squad/Props/buttonsGeneric/switchWithGuards/genericSwitchWithGuards
[LOG 15:28:39.758] Config(PROP) Squad/Props/ButtonSquare/prop/ButtonSquare
[LOG 15:28:39.758] Config(PROP) Squad/Props/circularButton/prop/circularButton
[LOG 15:28:39.758] Config(PROP) Squad/Props/Compass/prop/Compass
[LOG 15:28:39.758] Config(PROP) Squad/Props/directionalKnob/prop/directionalKnob
[LOG 15:28:39.758] Config(PROP) Squad/Props/directionalKnob2/prop/directionalKnob2
[LOG 15:28:39.758] Config(PROP) Squad/Props/IndicatorPanel/prop/IndicatorPanel
[LOG 15:28:39.758] Config(PROP) Squad/Props/IVANavBall/prop/NavBall
[LOG 15:28:39.758] Config(PROP) Squad/Props/IVANavBallNoBase/prop/NavBallNoBase
[LOG 15:28:39.758] Config(PROP) Squad/Props/ledPanelSpeed/prop/ledPanelSpeed
[LOG 15:28:39.758] Config(PROP) Squad/Props/Monitor/DockingMode/MonitorDockingMode
[LOG 15:28:39.758] Config(PROP) Squad/Props/NavBall/prop/NavBall
[LOG 15:28:39.758] Config(PROP) Squad/Props/PropsGeneric/Button_DockingMode/Button_DockingMode
[LOG 15:28:39.758] Config(PROP) Squad/Props/PropsGeneric/CargoBagA/CargoBagA
[LOG 15:28:39.758] Config(PROP) Squad/Props/PropsGeneric/CargoBagB/CargoBagB
[LOG 15:28:39.758] Config(PROP) Squad/Props/PropsGeneric/CargoBagC/CargoBagC
[LOG 15:28:39.759] Config(PROP) Squad/Props/PropsGeneric/Hatch_Plane/Hatch_Plane
[LOG 15:28:39.759] Config(PROP) Squad/Props/PropsGeneric/Hatch_Plane_Curve90/Hatch_Plane_Curve90
[LOG 15:28:39.759] Config(PROP) Squad/Props/PropsGeneric/Hatch_Plane_Frame/Hatch_Plane_Frame
[LOG 15:28:39.759] Config(PROP) Squad/Props/PropsGeneric/Seat_Passenger/Seat_Passenger
[LOG 15:28:39.759] Config(PROP) Squad/Props/PropsGeneric/Seat_Pilot/Seat_Pilot
[LOG 15:28:39.759] Config(PROP) Squad/Props/PropsGeneric/Seat_Pilot_Helmet/Seat_Pilot_Helmet
[LOG 15:28:39.759] Config(PROP) Squad/Props/PropsGeneric/SideStick/SideStick
[LOG 15:28:39.759] Config(PROP) Squad/Props/pullSwitch/prop/pullSwitch
[LOG 15:28:39.759] Config(PROP) Squad/Props/radarAltitude/prop/RadarAltimeter
[LOG 15:28:39.763] Config(PROP) Squad/Props/squareButton/prop/squareButton
[LOG 15:28:39.763] Config(PROP) Squad/Props/standingSwitch/prop/standingSwitch
[LOG 15:28:39.763] Config(PROP) Squad/Props/switch/prop/switch
[LOG 15:28:39.763] Config(PROP) Squad/Props/switchGuard/prop/switchGuard
[LOG 15:28:39.763] Config(PROP) Squad/Props/switchWithGuards/prop/switchWithGuards
[LOG 15:28:39.763] Config(PROP) Squad/Props/throttle/prop/throttle
[LOG 15:28:39.763] Config(PROP) Squad/Props/VSI/prop/VSI
[LOG 15:28:39.763] Config(SPACEOBJECTS_LIMITS) Squad/Resources/CometDefs/SPACEOBJECTS_LIMITS
[LOG 15:28:39.763] Config(COMET_MANAGER) Squad/Resources/CometDefs/COMET_MANAGER
[LOG 15:28:39.763] Config(COMET_ORBIT_TYPE) Squad/Resources/CometDefs/short
[LOG 15:28:39.763] Config(COMET_ORBIT_TYPE) Squad/Resources/CometDefs/intermediate
[LOG 15:28:39.763] Config(COMET_ORBIT_TYPE) Squad/Resources/CometDefs/long
[LOG 15:28:39.763] Config(COMET_ORBIT_TYPE) Squad/Resources/CometDefs/interstellar
[LOG 15:28:39.764] Config(FIREWORKFX_DEFINITION) Squad/Resources/FireworkFXDefinitions/classicTrail
[LOG 15:28:39.764] Config(FIREWORKFX_DEFINITION) Squad/Resources/FireworkFXDefinitions/whirlyTrail
[LOG 15:28:39.764] Config(FIREWORKFX_DEFINITION) Squad/Resources/FireworkFXDefinitions/strobeTrail
[LOG 15:28:39.764] Config(FIREWORKFX_DEFINITION) Squad/Resources/FireworkFXDefinitions/bareTrail
[LOG 15:28:39.764] Config(FIREWORKFX_DEFINITION) Squad/Resources/FireworkFXDefinitions/classicBurst
[LOG 15:28:39.764] Config(FIREWORKFX_DEFINITION) Squad/Resources/FireworkFXDefinitions/chrysBurst
[LOG 15:28:39.764] Config(FIREWORKFX_DEFINITION) Squad/Resources/FireworkFXDefinitions/palmBurst
[LOG 15:28:39.764] Config(FIREWORKFX_DEFINITION) Squad/Resources/FireworkFXDefinitions/ringBurst
[LOG 15:28:39.764] Config(FIREWORKFX_DEFINITION) Squad/Resources/FireworkFXDefinitions/crosetteBurst
[LOG 15:28:39.764] Config(FIREWORKFX_DEFINITION) Squad/Resources/FireworkFXDefinitions/willowBurst
[LOG 15:28:39.764] Config(FIREWORKFX_DEFINITION) Squad/Resources/FireworkFXDefinitions/crackeBurst
[LOG 15:28:39.764] Config(FIREWORKFX_DEFINITION) Squad/Resources/FireworkFXDefinitions/palmCrackleBurst
[LOG 15:28:39.764] Config(FIREWORKFX_DEFINITION) Squad/Resources/FireworkFXDefinitions/dragonBurst
[LOG 15:28:39.764] Config(GLOBAL_RESOURCE) Squad/Resources/Ore/GLOBAL_RESOURCE
[LOG 15:28:39.764] Config(PLANETARY_RESOURCE) Squad/Resources/Ore/PLANETARY_RESOURCE
[LOG 15:28:39.764] Config(PLANETARY_RESOURCE) Squad/Resources/Ore/PLANETARY_RESOURCE
[LOG 15:28:39.764] Config(RESOURCE_OVERLAY_CONFIGURATION_SOLID) Squad/Resources/Overlay/RESOURCE_OVERLAY_CONFIGURATION_SOLID
[LOG 15:28:39.764] Config(RESOURCE_OVERLAY_CONFIGURATION_LINES) Squad/Resources/Overlay/RESOURCE_OVERLAY_CONFIGURATION_LINES
[LOG 15:28:39.765] Config(RESOURCE_OVERLAY_CONFIGURATION_DOTS) Squad/Resources/Overlay/RESOURCE_OVERLAY_CONFIGURATION_DOTS
[LOG 15:28:39.765] Config(RESOURCE_CONFIGURATION) Squad/Resources/ResourceDefaults/RESOURCE_CONFIGURATION
[LOG 15:28:39.765] Config(RESOURCE_DEFINITION) Squad/Resources/ResourcesGeneric/LiquidFuel
[LOG 15:28:39.765] Config(RESOURCE_DEFINITION) Squad/Resources/ResourcesGeneric/Oxidizer
[LOG 15:28:39.765] Config(RESOURCE_DEFINITION) Squad/Resources/ResourcesGeneric/SolidFuel
[LOG 15:28:39.765] Config(RESOURCE_DEFINITION) Squad/Resources/ResourcesGeneric/MonoPropellant
[LOG 15:28:39.765] Config(RESOURCE_DEFINITION) Squad/Resources/ResourcesGeneric/XenonGas
[LOG 15:28:39.765] Config(RESOURCE_DEFINITION) Squad/Resources/ResourcesGeneric/ElectricCharge
[LOG 15:28:39.765] Config(RESOURCE_DEFINITION) Squad/Resources/ResourcesGeneric/IntakeAir
[LOG 15:28:39.765] Config(RESOURCE_DEFINITION) Squad/Resources/ResourcesGeneric/EVA Propellant
[LOG 15:28:39.765] Config(RESOURCE_DEFINITION) Squad/Resources/ResourcesGeneric/Ore
[LOG 15:28:39.765] Config(RESOURCE_DEFINITION) Squad/Resources/ResourcesGeneric/Ablator
[LOG 15:28:39.765] Config(EXPERIMENT_DEFINITION) Squad/Resources/ScienceDefs/EXPERIMENT_DEFINITION
[LOG 15:28:39.765] Config(EXPERIMENT_DEFINITION) Squad/Resources/ScienceDefs/EXPERIMENT_DEFINITION
[LOG 15:28:39.765] Config(EXPERIMENT_DEFINITION) Squad/Resources/ScienceDefs/EXPERIMENT_DEFINITION
[LOG 15:28:39.765] Config(EXPERIMENT_DEFINITION) Squad/Resources/ScienceDefs/EXPERIMENT_DEFINITION
[LOG 15:28:39.765] Config(EXPERIMENT_DEFINITION) Squad/Resources/ScienceDefs/EXPERIMENT_DEFINITION
[LOG 15:28:39.765] Config(EXPERIMENT_DEFINITION) Squad/Resources/ScienceDefs/EXPERIMENT_DEFINITION
[LOG 15:28:39.765] Config(EXPERIMENT_DEFINITION) Squad/Resources/ScienceDefs/EXPERIMENT_DEFINITION
[LOG 15:28:39.765] Config(EXPERIMENT_DEFINITION) Squad/Resources/ScienceDefs/EXPERIMENT_DEFINITION
[LOG 15:28:39.765] Config(EXPERIMENT_DEFINITION) Squad/Resources/ScienceDefs/EXPERIMENT_DEFINITION
[LOG 15:28:39.766] Config(EXPERIMENT_DEFINITION) Squad/Resources/ScienceDefs/EXPERIMENT_DEFINITION
[LOG 15:28:39.766] Config(EXPERIMENT_DEFINITION) Squad/Resources/ScienceDefs/EXPERIMENT_DEFINITION
[LOG 15:28:39.766] Config(EXPERIMENT_DEFINITION) Squad/Resources/ScienceDefs/EXPERIMENT_DEFINITION
[LOG 15:28:39.766] Config(EXPERIMENT_DEFINITION) Squad/Resources/ScienceDefs/EXPERIMENT_DEFINITION
[LOG 15:28:39.766] Config(EXPERIMENT_DEFINITION) Squad/Resources/ScienceDefs/EXPERIMENT_DEFINITION
[LOG 15:28:39.766] Config(EXPERIMENT_DEFINITION) Squad/Resources/ScienceDefs/EXPERIMENT_DEFINITION
[LOG 15:28:39.766] Config(EXPERIMENT_DEFINITION) Squad/Resources/ScienceDefs/EXPERIMENT_DEFINITION
[LOG 15:28:39.766] Config(EXPERIMENT_DEFINITION) Squad/Resources/ScienceDefs/EXPERIMENT_DEFINITION
[LOG 15:28:39.766] Config(EXPERIMENT_DEFINITION) Squad/Resources/ScienceDefs/EXPERIMENT_DEFINITION
[LOG 15:28:39.766] Config(STORY_DEF) Squad/Resources/StoryDefs/STORY_DEF
[LOG 15:28:39.766] Config(TechTree) Squad/Resources/TechTree/TechTree
[LOG 15:28:39.766] Config(INTERNAL) Squad/Spaces/crewCabinInternals/internal/crewCabinInternals
[LOG 15:28:39.766] Config(INTERNAL) Squad/Spaces/cupolaInternal/internal/cupolaInternal
[LOG 15:28:39.766] Config(INTERNAL) Squad/Spaces/GenericSpace1/internal/GenericSpace1
[LOG 15:28:39.766] Config(INTERNAL) Squad/Spaces/GenericSpace3/internal/GenericSpace3
[LOG 15:28:39.766] Config(INTERNAL) Squad/Spaces/landerCabinInternals/internal/landerCabinInternals
[LOG 15:28:39.766] Config(INTERNAL) Squad/Spaces/landerCabinSmallInternal/internal/landerCabinSmallInternal
[LOG 15:28:39.766] Config(INTERNAL) Squad/Spaces/LargeCrewedLabInternals/internal/Mobile_Processing_Lab_Int
[LOG 15:28:39.767] Config(INTERNAL) Squad/Spaces/Mk1-3/internal/Mk1-3
[LOG 15:28:39.767] Config(INTERNAL) Squad/Spaces/mk1CabinInternal/internal/mk1CabinInternal
[LOG 15:28:39.767] Config(INTERNAL) Squad/Spaces/mk1CockpitInternal/internal/mk1CockpitInternal
[LOG 15:28:39.767] Config(INTERNAL) Squad/Spaces/mk1InlineInternal/internal/mk1InlineInternal
[LOG 15:28:39.767] Config(INTERNAL) Squad/Spaces/mk1PodCockpit/internal/mk1PodCockpit
[LOG 15:28:39.767] Config(INTERNAL) Squad/Spaces/mk1pod_IVA/mk1pod_Internal/mk1pod_IVA
[LOG 15:28:39.767] Config(INTERNAL) Squad/Spaces/mk2CockpitStandardInternal/internal/mk2CockpitStandardInternals
[LOG 15:28:39.767] Config(INTERNAL) Squad/Spaces/Mk2CrewCabinInternal/internal_MK2_CrewCab/MK2_CrewCab_Int
[LOG 15:28:39.767] Config(INTERNAL) Squad/Spaces/mk2InlineInternal/internal/mk2InlineInternal
[LOG 15:28:39.767] Config(INTERNAL) Squad/Spaces/mk2LanderCanInternal/internal/mk2LanderCanInternal
[LOG 15:28:39.767] Config(INTERNAL) Squad/Spaces/MK3CockpitInternal/internal_MK3/MK3_Cockpit_Int
[LOG 15:28:39.767] Config(INTERNAL) Squad/Spaces/MK3_CrewCab_Int/internal_MK3_CrewCab/MK3_CrewCab_Int
[LOG 15:28:39.767] Config(INTERNAL) Squad/Spaces/Placeholder/internal/Placeholder
[LOG 15:28:39.767] Config(INTERNAL) Squad/Spaces/PodCockpit/internal/PodCockpit
[LOG 15:28:39.767] Config(STRATEGY_DEPARTMENT) Squad/Strategies/Departments/Finances
[LOG 15:28:39.767] Config(STRATEGY_DEPARTMENT) Squad/Strategies/Departments/Science
[LOG 15:28:39.767] Config(STRATEGY_DEPARTMENT) Squad/Strategies/Departments/Public Relations
[LOG 15:28:39.767] Config(STRATEGY_DEPARTMENT) Squad/Strategies/Departments/Operations
[LOG 15:28:39.767] Config(STRATEGY) Squad/Strategies/Strategies/AppreciationCampaignCfg
[LOG 15:28:39.767] Config(STRATEGY) Squad/Strategies/Strategies/FundraisingCampaignCfg
[LOG 15:28:39.767] Config(STRATEGY) Squad/Strategies/Strategies/OpenSourceTechProgramCfg
[LOG 15:28:39.767] Config(STRATEGY) Squad/Strategies/Strategies/UnpaidResearchProgramCfg
[LOG 15:28:39.767] Config(STRATEGY) Squad/Strategies/Strategies/OutsourcedResearchCfg
[LOG 15:28:39.767] Config(STRATEGY) Squad/Strategies/Strategies/PatentsLicensingCfg
[LOG 15:28:39.767] Config(STRATEGY) Squad/Strategies/Strategies/AgressiveNegotiations
[LOG 15:28:39.767] Config(STRATEGY) Squad/Strategies/Strategies/RecoveryTransponders
[LOG 15:28:39.767] Config(STRATEGY) Squad/Strategies/Strategies/BailoutGrant
[LOG 15:28:39.768] Config(STRATEGY) Squad/Strategies/Strategies/researchIPsellout
[LOG 15:28:39.768] Config(STRATEGY) Squad/Strategies/Strategies/LeadershipInitiative
[LOG 15:28:39.768] Config(TUTORIAL) Squad/Tutorials/FlightSuborbital/FlightSuborbital
[LOG 15:28:39.768] Config(TUTORIAL) Squad/Tutorials/FromMun/FromMun
[LOG 15:28:39.768] Config(TUTORIAL) Squad/Tutorials/GoForOrbit/GoForOrbit
[LOG 15:28:39.768] Config(MISSIONPACK) SquadExpansion/MakingHistory/Missions/MissionPacks/squad_MakingHistory
[LOG 15:28:39.768] Config(MISSIONPACK) SquadExpansion/MakingHistory/Missions/MissionPacks/squad_MakingHistory_Other
[LOG 15:28:39.768] Config(MISSIONPACK) SquadExpansion/MakingHistory/Missions/MissionPacks/squad_MakingHistory_Tutorial
[LOG 15:28:39.768] Config(MEBASICNODE) SquadExpansion/MakingHistory/Nodes/AccuracyLogic/TestAccuracyLogic
[LOG 15:28:39.768] Config(MEBASICNODE) SquadExpansion/MakingHistory/Nodes/ActionChancePartResourceLevels/ActionPartResourceAmount
[LOG 15:28:39.768] Config(MEBASICNODE) SquadExpansion/MakingHistory/Nodes/ActionExplode/ActionVesselExplode
[LOG 15:28:39.768] Config(MEBASICNODE) SquadExpansion/MakingHistory/Nodes/ActionMissionScore/MissionScore
[LOG 15:28:39.768] Config(MEBASICNODE) SquadExpansion/MakingHistory/Nodes/ActionModifierFunds/ModifyFunds
[LOG 15:28:39.768] Config(MEBASICNODE) SquadExpansion/MakingHistory/Nodes/ActionModifierScore/MissionScore
[LOG 15:28:39.768] Config(MEBASICNODE) SquadExpansion/MakingHistory/Nodes/ActionPartExplode/ActionPartExplode
[LOG 15:28:39.768] Config(MEBASICNODE) SquadExpansion/MakingHistory/Nodes/ActionPartResourceDrain/ActionPartResourceDrain
[LOG 15:28:39.768] Config(MEBASICNODE) SquadExpansion/MakingHistory/Nodes/ActionVesselActionGroup/ActionVesselActionGroup
[LOG 15:28:39.769] Config(MEBASICNODE) SquadExpansion/MakingHistory/Nodes/ActionVesselStage/ActionVesselStage
[LOG 15:28:39.769] Config(MEBASICNODE) SquadExpansion/MakingHistory/Nodes/CreateAsteroid/CreateAsteroid
[LOG 15:28:39.769] Config(MEBASICNODE) SquadExpansion/MakingHistory/Nodes/CreateComet/CreateComet
[LOG 15:28:39.769] Config(MEBASICNODE) SquadExpansion/MakingHistory/Nodes/CreateFlag/CreateFlag
[LOG 15:28:39.769] Config(MEBASICNODE) SquadExpansion/MakingHistory/Nodes/CreateLaunchSite/CreateLaunchSite
[LOG 15:28:39.769] Config(MEBASICNODE) SquadExpansion/MakingHistory/Nodes/CreateVessel/CreateVessel
[LOG 15:28:39.769] Config(MEBASICNODE) SquadExpansion/MakingHistory/Nodes/CrewAssignment/TestCrewAssignment
[LOG 15:28:39.769] Config(MEBASICNODE) SquadExpansion/MakingHistory/Nodes/Destroyed/Crashed
[LOG 15:28:39.769] Config(MEBASICNODE) SquadExpansion/MakingHistory/Nodes/DialogMessage/DialogMessage
[LOG 15:28:39.769] Config(MEBASICNODE) SquadExpansion/MakingHistory/Nodes/Distance/Distance
[LOG 15:28:39.769] Config(MEBASICNODE) SquadExpansion/MakingHistory/Nodes/EmptyFalse/EmptyFalse
[LOG 15:28:39.769] Config(MEBASICNODE) SquadExpansion/MakingHistory/Nodes/EmptyTrue/EmptyTrue
[LOG 15:28:39.769] Config(MEBASICNODE) SquadExpansion/MakingHistory/Nodes/EscapeSOI/SOILeft
[LOG 15:28:39.769] Config(MEBASICNODE) SquadExpansion/MakingHistory/Nodes/EVA/EVA
[LOG 15:28:39.769] Config(MEBASICNODE) SquadExpansion/MakingHistory/Nodes/Flying/Flying
[LOG 15:28:39.769] Config(MEBASICNODE) SquadExpansion/MakingHistory/Nodes/FundsRecovery/FundsRecovery
[LOG 15:28:39.770] Config(MEBASICNODE) SquadExpansion/MakingHistory/Nodes/KerbalBoarded/TestKerbalBoarded
[LOG 15:28:39.770] Config(MEBASICNODE) SquadExpansion/MakingHistory/Nodes/KerbalKilled/EVA
[LOG 15:28:39.770] Config(MEBASICNODE) SquadExpansion/MakingHistory/Nodes/KerbalRecovery/KerbalRecovery
[LOG 15:28:39.770] Config(MEBASICNODE) SquadExpansion/MakingHistory/Nodes/KerbalRescue/KerbalRescue
[LOG 15:28:39.770] Config(MEBASICNODE) SquadExpansion/MakingHistory/Nodes/Landed/Landed
[LOG 15:28:39.770] Config(MEBASICNODE) SquadExpansion/MakingHistory/Nodes/Message/Message
[LOG 15:28:39.770] Config(MEBASICNODE) SquadExpansion/MakingHistory/Nodes/MissionFunds/MissionFunds
[LOG 15:28:39.770] Config(MEBASICNODE) SquadExpansion/MakingHistory/Nodes/MissionScore/MissionScore
[LOG 15:28:39.770] Config(MEBASICNODE) SquadExpansion/MakingHistory/Nodes/Orbit/Orbit
[LOG 15:28:39.770] Config(MEBASICNODE) SquadExpansion/MakingHistory/Nodes/OrbitParams/OrbitParams
[LOG 15:28:39.770] Config(MEBASICNODE) SquadExpansion/MakingHistory/Nodes/PartDocking/TestPartDocking
[LOG 15:28:39.770] Config(MEBASICNODE) SquadExpansion/MakingHistory/Nodes/PartFailure/PartFailure
[LOG 15:28:39.770] Config(MEBASICNODE) SquadExpansion/MakingHistory/Nodes/PartGrapple/TestGrapple
[LOG 15:28:39.770] Config(MEBASICNODE) SquadExpansion/MakingHistory/Nodes/PartRepair/PartRepair
[LOG 15:28:39.770] Config(MEBASICNODE) SquadExpansion/MakingHistory/Nodes/PlaceKerbal/CreateKerbal
[LOG 15:28:39.771] Config(MEBASICNODE) SquadExpansion/MakingHistory/Nodes/PlantFlag/PlantFlag
[LOG 15:28:39.771] Config(MEBASICNODE) SquadExpansion/MakingHistory/Nodes/ReachSOI/ReachSOI
[LOG 15:28:39.771] Config(MEBASICNODE) SquadExpansion/MakingHistory/Nodes/Resource/ResourceAmount
[LOG 15:28:39.771] Config(MEBASICNODE) SquadExpansion/MakingHistory/Nodes/ResourceRecovery/TestResourcesRecovery
[LOG 15:28:39.771] Config(MEBASICNODE) SquadExpansion/MakingHistory/Nodes/ScienceExperiment/ScienceExperiment
[LOG 15:28:39.771] Config(MEBASICNODE) SquadExpansion/MakingHistory/Nodes/SetCamera/SetCamera
[LOG 15:28:39.771] Config(MEBASICNODE) SquadExpansion/MakingHistory/Nodes/SplashDown/SplashDown
[LOG 15:28:39.771] Config(MEBASICNODE) SquadExpansion/MakingHistory/Nodes/StageActivated/TestVesselStageActivated
[LOG 15:28:39.771] Config(MEBASICNODE) SquadExpansion/MakingHistory/Nodes/TakeKerbal/TestTakeKerbal
[LOG 15:28:39.771] Config(MEBASICNODE) SquadExpansion/MakingHistory/Nodes/TestFlyThrough/TestFlyThrough
[LOG 15:28:39.771] Config(MEBASICNODE) SquadExpansion/MakingHistory/Nodes/TestGoTo/TestGoTo
[LOG 15:28:39.771] Config(MEBASICNODE) SquadExpansion/MakingHistory/Nodes/TimeMET/TimeMET
[LOG 15:28:39.771] Config(MEBASICNODE) SquadExpansion/MakingHistory/Nodes/TimeOfMission/TimeOfMission
[LOG 15:28:39.771] Config(MEBASICNODE) SquadExpansion/MakingHistory/Nodes/TimeSinceNode/TestTimeSinceNode
[LOG 15:28:39.771] Config(MEBASICNODE) SquadExpansion/MakingHistory/Nodes/VesselActiveCount/TestVesselActiveCount
[LOG 15:28:39.771] Config(MEBASICNODE) SquadExpansion/MakingHistory/Nodes/VesselAltitudeGoal/VesselAltitudeGoal
[LOG 15:28:39.772] Config(MEBASICNODE) SquadExpansion/MakingHistory/Nodes/VesselCrewCount/VeselCrewCount
[LOG 15:28:39.772] Config(MEBASICNODE) SquadExpansion/MakingHistory/Nodes/VesselMassLogic/VesselMass
[LOG 15:28:39.772] Config(MEBASICNODE) SquadExpansion/MakingHistory/Nodes/VesselPartCount/PartCount
[LOG 15:28:39.772] Config(MEBASICNODE) SquadExpansion/MakingHistory/Nodes/VesselRecovery/TestVesselRecovery
[LOG 15:28:39.772] Config(MEBASICNODE) SquadExpansion/MakingHistory/Nodes/VesselStage/TestVesselStage
[LOG 15:28:39.772] Config(MEBASICNODE) SquadExpansion/MakingHistory/Nodes/VesselVelocity/VesselVelocity
[LOG 15:28:39.772] Config(PART) SquadExpansion/MakingHistory/Parts/Aero/protectiveRocketNoseMk16/rocketNoseCone_size4/rocketNoseConeSize4
[LOG 15:28:39.772] Config(PART) SquadExpansion/MakingHistory/Parts/Aero/protectiveRocketNoseMk5A/Size_1_5_Cone/Size_1_5_Cone
[LOG 15:28:39.772] Config(PART) SquadExpansion/MakingHistory/Parts/Coupling/Decoupler_1p5/Decoupler_1p5
[LOG 15:28:39.772] Config(PART) SquadExpansion/MakingHistory/Parts/Coupling/Decoupler_4/Decoupler_4
[LOG 15:28:39.772] Config(PART) SquadExpansion/MakingHistory/Parts/Coupling/EnginePlate_1p5/EnginePlate1p5
[LOG 15:28:39.772] Config(PART) SquadExpansion/MakingHistory/Parts/Coupling/EnginePlate_2/EnginePlate2
[LOG 15:28:39.772] Config(PART) SquadExpansion/MakingHistory/Parts/Coupling/EnginePlate_3/EnginePlate3
[LOG 15:28:39.772] Config(PART) SquadExpansion/MakingHistory/Parts/Coupling/EnginePlate_4/EnginePlate4
[LOG 15:28:39.772] Config(PART) SquadExpansion/MakingHistory/Parts/Coupling/EnginePlate_5/EnginePlate5
[LOG 15:28:39.772] Config(PART) SquadExpansion/MakingHistory/Parts/Coupling/InflatableAirlock/InflatableAirlock
[LOG 15:28:39.772] Config(PART) SquadExpansion/MakingHistory/Parts/Coupling/Separator_1p5/Separator_1p5
[LOG 15:28:39.772] Config(PART) SquadExpansion/MakingHistory/Parts/Coupling/Separator_4/Separator_4
[LOG 15:28:39.772] Config(PART) SquadExpansion/MakingHistory/Parts/Coupling/Size1p5_Strut_Decoupler/Size1p5_Strut_Decoupler
[LOG 15:28:39.772] Config(PART) SquadExpansion/MakingHistory/Parts/Engine/LiquidEngineKE-1/LiquidEngineKE-1
[LOG 15:28:39.772] Config(PART) SquadExpansion/MakingHistory/Parts/Engine/LiquidEngineLV-T91/LiquidEngineLV-T91
[LOG 15:28:39.773] Config(PART) SquadExpansion/MakingHistory/Parts/Engine/LiquidEngineLV-TX87/LiquidEngineLV-TX87
[LOG 15:28:39.773] Config(PART) SquadExpansion/MakingHistory/Parts/Engine/LiquidEngineRE-I2/LiquidEngineRE-I2
[LOG 15:28:39.773] Config(PART) SquadExpansion/MakingHistory/Parts/Engine/LiquidEngineRE-J10/LiquidEngineRE-J10
[LOG 15:28:39.773] Config(PART) SquadExpansion/MakingHistory/Parts/Engine/LiquidEngineRK-7/LiquidEngineRK-7
[LOG 15:28:39.773] Config(PART) SquadExpansion/MakingHistory/Parts/Engine/LiquidEngineRV-1/LiquidEngineRV-1
[LOG 15:28:39.773] Config(PART) SquadExpansion/MakingHistory/Parts/Engine/solidBoosterTHK/solidBoosterTHK/Pollux
[LOG 15:28:39.773] Config(PART) SquadExpansion/MakingHistory/Parts/FuelTank/MonoPropMini/monopropMiniSphere
[LOG 15:28:39.773] Config(PART) SquadExpansion/MakingHistory/Parts/FuelTank/Size1p5_Monoprop/Size1p5_Monoprop
[LOG 15:28:39.773] Config(PART) SquadExpansion/MakingHistory/Parts/FuelTank/Size1p5_Size0_Adapter_01/Size1p5_Size0_Adapter_01
[LOG 15:28:39.773] Config(PART) SquadExpansion/MakingHistory/Parts/FuelTank/Size1p5_Size1_Adapter_01/Size1p5_Size1_Adapter_01
[LOG 15:28:39.773] Config(PART) SquadExpansion/MakingHistory/Parts/FuelTank/Size1p5_Size1_Adapter_02/Size1p5_Size1_Adapter_02
[LOG 15:28:39.773] Config(PART) SquadExpansion/MakingHistory/Parts/FuelTank/Size1p5_Size2_Adapter_01/Size1p5_Size2_Adapter_01
[LOG 15:28:39.773] Config(PART) SquadExpansion/MakingHistory/Parts/FuelTank/Size1p5_Tank_01/Size1p5_Tank_01
[LOG 15:28:39.773] Config(PART) SquadExpansion/MakingHistory/Parts/FuelTank/Size1p5_Tank_02/Size1p5_Tank_02
[LOG 15:28:39.773] Config(PART) SquadExpansion/MakingHistory/Parts/FuelTank/Size1p5_Tank_03/Size1p5_Tank_03
[LOG 15:28:39.773] Config(PART) SquadExpansion/MakingHistory/Parts/FuelTank/Size1p5_Tank_04/Size1p5_Tank_04
[LOG 15:28:39.773] Config(PART) SquadExpansion/MakingHistory/Parts/FuelTank/Size1p5_Tank_05/Size1p5_Tank_05
[LOG 15:28:39.773] Config(PART) SquadExpansion/MakingHistory/Parts/FuelTank/Size3_Size4_Adapter_01/Size3_Size4_Adapter_01
[LOG 15:28:39.773] Config(PART) SquadExpansion/MakingHistory/Parts/FuelTank/Size4_EngineAdapter_01/Size4_EngineAdapter_01
[LOG 15:28:39.773] Config(PART) SquadExpansion/MakingHistory/Parts/FuelTank/Size4_Tank_01/Size4_Tank_01
[LOG 15:28:39.773] Config(PART) SquadExpansion/MakingHistory/Parts/FuelTank/Size4_Tank_02/Size4_Tank_02
[LOG 15:28:39.773] Config(PART) SquadExpansion/MakingHistory/Parts/FuelTank/Size4_Tank_03/Size4_Tank_03
[LOG 15:28:39.773] Config(PART) SquadExpansion/MakingHistory/Parts/FuelTank/Size4_Tank_04/Size4_Tank_04
[LOG 15:28:39.773] Config(PART) SquadExpansion/MakingHistory/Parts/Ground/RoverWheel/roverWheelM1-F
[LOG 15:28:39.773] Config(PART) SquadExpansion/MakingHistory/Parts/Payload/fairingSize1p5/fairingSize1p5
[LOG 15:28:39.774] Config(PART) SquadExpansion/MakingHistory/Parts/Payload/fairingSize4/fairingSize4
[LOG 15:28:39.774] Config(PART) SquadExpansion/MakingHistory/Parts/Payload/Size1to0ServiceModule/Size1to0ServiceModule
[LOG 15:28:39.774] Config(PART) SquadExpansion/MakingHistory/Parts/Payload/SM18/ServiceModule18
[LOG 15:28:39.774] Config(PART) SquadExpansion/MakingHistory/Parts/Payload/SM25/ServiceModule25
[LOG 15:28:39.774] Config(PART) SquadExpansion/MakingHistory/Parts/Pods/KV1Pod/kv1Pod
[LOG 15:28:39.774] Config(PART) SquadExpansion/MakingHistory/Parts/Pods/KV2Pod/kv2Pod
[LOG 15:28:39.774] Config(PART) SquadExpansion/MakingHistory/Parts/Pods/KV3Pod/kv3Pod
[LOG 15:28:39.774] Config(PART) SquadExpansion/MakingHistory/Parts/Pods/Mk2Pod/Mk2Pod
[LOG 15:28:39.774] Config(PART) SquadExpansion/MakingHistory/Parts/Pods/Size1_5_Lander/MEMLander
[LOG 15:28:39.774] Config(PART) SquadExpansion/MakingHistory/Parts/Prebuilt/kerbalEVAfemaleVintage/kerbalEVAfemaleVintage
[LOG 15:28:39.774] Config(PART) SquadExpansion/MakingHistory/Parts/Prebuilt/kerbalEVAVintage/kerbalEVAVintage
[LOG 15:28:39.774] Config(PART) SquadExpansion/MakingHistory/Parts/Structural/EquiTriangle0/EquiTriangle0
[LOG 15:28:39.774] Config(PART) SquadExpansion/MakingHistory/Parts/Structural/EquiTriangle1/EquiTriangle1
[LOG 15:28:39.774] Config(PART) SquadExpansion/MakingHistory/Parts/Structural/EquiTriangle1p5/EquiTriangle1p5
[LOG 15:28:39.774] Config(PART) SquadExpansion/MakingHistory/Parts/Structural/EquiTriangle2/EquiTriangle2
[LOG 15:28:39.774] Config(PART) SquadExpansion/MakingHistory/Parts/Structural/Panel0/Panel0
[LOG 15:28:39.774] Config(PART) SquadExpansion/MakingHistory/Parts/Structural/Panel1/Panel1
[LOG 15:28:39.774] Config(PART) SquadExpansion/MakingHistory/Parts/Structural/Panel1p5/Panel1p5
[LOG 15:28:39.774] Config(PART) SquadExpansion/MakingHistory/Parts/Structural/Panel2/Panel2
[LOG 15:28:39.774] Config(PART) SquadExpansion/MakingHistory/Parts/Structural/Triangle0/Triangle0
[LOG 15:28:39.774] Config(PART) SquadExpansion/MakingHistory/Parts/Structural/Triangle1/Triangle1
[LOG 15:28:39.774] Config(PART) SquadExpansion/MakingHistory/Parts/Structural/Triangle1p5/Triangle1p5
[LOG 15:28:39.774] Config(PART) SquadExpansion/MakingHistory/Parts/Structural/Triangle2/Triangle2
[LOG 15:28:39.774] Config(PART) SquadExpansion/MakingHistory/Parts/Structural/Tube1/Tube1
[LOG 15:28:39.774] Config(PART) SquadExpansion/MakingHistory/Parts/Structural/Tube1p5/Tube1p5
[LOG 15:28:39.775] Config(PART) SquadExpansion/MakingHistory/Parts/Structural/Tube2/Tube2
[LOG 15:28:39.775] Config(PART) SquadExpansion/MakingHistory/Parts/Structural/Tube3/Tube3
[LOG 15:28:39.775] Config(PART) SquadExpansion/MakingHistory/Parts/Structural/Tube4/Tube4
[LOG 15:28:39.775] Config(PART) SquadExpansion/MakingHistory/Parts/Thermal/HeatShield1p5/HeatShield1p5
[LOG 15:28:39.775] Config(PART) SquadExpansion/MakingHistory/Parts/Utility/flags/flagSize1p5/flagSize1p5/flagPartSize1p5
[LOG 15:28:39.775] Config(PART) SquadExpansion/MakingHistory/Parts/Utility/flags/flagSize4/flagSize4/flagPartSize4
[LOG 15:28:39.775] Config(INTERNAL) SquadExpansion/MakingHistory/Spaces/KVPods/Airlock_Internal/Airlock_IVA
[LOG 15:28:39.775] Config(INTERNAL) SquadExpansion/MakingHistory/Spaces/KVPods/KV1_Internal/KV1_IVA
[LOG 15:28:39.775] Config(INTERNAL) SquadExpansion/MakingHistory/Spaces/KVPods/KV2_Internal/KV2_IVA
[LOG 15:28:39.775] Config(INTERNAL) SquadExpansion/MakingHistory/Spaces/KVPods/KV3_Internal/KV3_IVA
[LOG 15:28:39.775] Config(INTERNAL) SquadExpansion/MakingHistory/Spaces/MEM/MEM_IVA/MEM_IVA
[LOG 15:28:39.775] Config(INTERNAL) SquadExpansion/MakingHistory/Spaces/Mk2Pod/Mk2Pod_Internal/MK2POD_IVA
[LOG 15:28:39.775] Config(Contracts) SquadExpansion/Serenity/Contracts/contracts/Contracts
[LOG 15:28:39.775] Config(EXPERIENCE_TRAIT) SquadExpansion/Serenity/Experience/Traits/Engineer
[LOG 15:28:39.775] Config(EXPERIENCE_TRAIT) SquadExpansion/Serenity/Experience/Traits/Scientist
[LOG 15:28:39.775] Config(Localization) SquadExpansion/Serenity/Localization/dictionary/Localization
[LOG 15:28:39.775] Config(PART) SquadExpansion/Serenity/Parts/Aero/FanShroud_01/FanShroud_01
[LOG 15:28:39.775] Config(PART) SquadExpansion/Serenity/Parts/Aero/FanShroud_02/FanShroud_02
[LOG 15:28:39.775] Config(PART) SquadExpansion/Serenity/Parts/Aero/FanShroud_03/FanShroud_03
[LOG 15:28:39.775] Config(PART) SquadExpansion/Serenity/Parts/Aero/noseconeTiny/noseconeTiny
[LOG 15:28:39.775] Config(PART) SquadExpansion/Serenity/Parts/Aero/noseconeVS/noseconeVS
[LOG 15:28:39.775] Config(PART) SquadExpansion/Serenity/Parts/DeployedScience/centralStation/DeployedCentralStation
[LOG 15:28:39.775] Config(PART) SquadExpansion/Serenity/Parts/DeployedScience/gooObservation/DeployedGoExOb
[LOG 15:28:39.775] Config(PART) SquadExpansion/Serenity/Parts/DeployedScience/ionCollector/DeployedIONExp
[LOG 15:28:39.775] Config(PART) SquadExpansion/Serenity/Parts/DeployedScience/rtg/DeployedRTG
[LOG 15:28:39.775] Config(PART) SquadExpansion/Serenity/Parts/DeployedScience/satDish/DeployedSatDish
[LOG 15:28:39.776] Config(PART) SquadExpansion/Serenity/Parts/DeployedScience/seismicSensor/DeployedSeismicSensor
[LOG 15:28:39.776] Config(PART) SquadExpansion/Serenity/Parts/DeployedScience/solarPanel/DeployedSolarPanel
[LOG 15:28:39.776] Config(PART) SquadExpansion/Serenity/Parts/DeployedScience/weatherStation/DeployedWeatherStn
[LOG 15:28:39.776] Config(PART) SquadExpansion/Serenity/Parts/Prebuilt/kerbalEVA/kerbalEVA
[LOG 15:28:39.776] Config(PART) SquadExpansion/Serenity/Parts/Prebuilt/kerbalEVAfemale/kerbalEVAfemale
[LOG 15:28:39.776] Config(PART) SquadExpansion/Serenity/Parts/Prebuilt/kerbalEVAfemaleFuture/kerbalEVAfemaleFuture
[LOG 15:28:39.776] Config(PART) SquadExpansion/Serenity/Parts/Prebuilt/kerbalEVAfemaleVintage/kerbalEVAfemaleVintage
[LOG 15:28:39.776] Config(PART) SquadExpansion/Serenity/Parts/Prebuilt/kerbalEVAFuture/kerbalEVAFuture
[LOG 15:28:39.776] Config(PART) SquadExpansion/Serenity/Parts/Prebuilt/kerbalEVASlimSuit/kerbalEVASlimSuit
[LOG 15:28:39.776] Config(PART) SquadExpansion/Serenity/Parts/Prebuilt/kerbalEVASlimSuitFemale/kerbalEVASlimSuitFemale
[LOG 15:28:39.776] Config(PART) SquadExpansion/Serenity/Parts/Prebuilt/kerbalEVAVintage/kerbalEVAVintage
[LOG 15:28:39.776] Config(PART) SquadExpansion/Serenity/Parts/Propellers/largeFanBlade/largeFanBlade
[LOG 15:28:39.776] Config(PART) SquadExpansion/Serenity/Parts/Propellers/largeHeliBlade/largeHeliBlade
[LOG 15:28:39.776] Config(PART) SquadExpansion/Serenity/Parts/Propellers/largePropeller/largePropeller
[LOG 15:28:39.776] Config(PART) SquadExpansion/Serenity/Parts/Propellers/mediumFanBlade/mediumFanBlade
[LOG 15:28:39.776] Config(PART) SquadExpansion/Serenity/Parts/Propellers/mediumHeliBlade/mediumHeliBlade
[LOG 15:28:39.776] Config(PART) SquadExpansion/Serenity/Parts/Propellers/mediumPropeller/mediumPropeller
[LOG 15:28:39.776] Config(PART) SquadExpansion/Serenity/Parts/Propellers/smallFanBlade/smallFanBlade
[LOG 15:28:39.776] Config(PART) SquadExpansion/Serenity/Parts/Propellers/smallHeliBlade/smallHeliBlade
[LOG 15:28:39.776] Config(PART) SquadExpansion/Serenity/Parts/Propellers/smallPropeller/smallPropeller
[LOG 15:28:39.776] Config(PART) SquadExpansion/Serenity/Parts/Robotics/hinge_01/hinge_01
[LOG 15:28:39.776] Config(PART) SquadExpansion/Serenity/Parts/Robotics/hinge_01_s/hinge_01_s
[LOG 15:28:39.776] Config(PART) SquadExpansion/Serenity/Parts/Robotics/hinge_03/hinge_03
[LOG 15:28:39.776] Config(PART) SquadExpansion/Serenity/Parts/Robotics/hinge_03_s/hinge_03_s
[LOG 15:28:39.776] Config(PART) SquadExpansion/Serenity/Parts/Robotics/hinge_04/hinge_04
[LOG 15:28:39.776] Config(PART) SquadExpansion/Serenity/Parts/Robotics/piston_01/piston_01
[LOG 15:28:39.777] Config(PART) SquadExpansion/Serenity/Parts/Robotics/piston_02/piston_02
[LOG 15:28:39.777] Config(PART) SquadExpansion/Serenity/Parts/Robotics/piston_03/piston_03
[LOG 15:28:39.777] Config(PART) SquadExpansion/Serenity/Parts/Robotics/piston_04/piston_04
[LOG 15:28:39.777] Config(PART) SquadExpansion/Serenity/Parts/Robotics/RotorEngine_02/RotorEngine_02
[LOG 15:28:39.777] Config(PART) SquadExpansion/Serenity/Parts/Robotics/RotorEngine_03/RotorEngine_03
[LOG 15:28:39.777] Config(PART) SquadExpansion/Serenity/Parts/Robotics/rotor_01/rotor_01
[LOG 15:28:39.777] Config(PART) SquadExpansion/Serenity/Parts/Robotics/rotor_01s/rotor_01s
[LOG 15:28:39.777] Config(PART) SquadExpansion/Serenity/Parts/Robotics/rotor_02/rotor_02
[LOG 15:28:39.777] Config(PART) SquadExpansion/Serenity/Parts/Robotics/rotor_02s/rotor_02s
[LOG 15:28:39.777] Config(PART) SquadExpansion/Serenity/Parts/Robotics/rotor_03/rotor_03
[LOG 15:28:39.777] Config(PART) SquadExpansion/Serenity/Parts/Robotics/rotor_03s/rotor_03s
[LOG 15:28:39.777] Config(PART) SquadExpansion/Serenity/Parts/Robotics/rotoServo_00/rotoServo_00
[LOG 15:28:39.777] Config(PART) SquadExpansion/Serenity/Parts/Robotics/rotoServo_02/rotoServo_02
[LOG 15:28:39.777] Config(PART) SquadExpansion/Serenity/Parts/Robotics/rotoServo_03/rotoServo_03
[LOG 15:28:39.777] Config(PART) SquadExpansion/Serenity/Parts/Robotics/rotoServo_04/rotoServo_04
[LOG 15:28:39.777] Config(PART) SquadExpansion/Serenity/Parts/Robotics/Controllers/KAL1000/controller1000
[LOG 15:28:39.777] Config(PART) SquadExpansion/Serenity/Parts/Science/RobotArmScanner/RobotArmScanner_S1/RobotArmScanner_S1
[LOG 15:28:39.777] Config(PART) SquadExpansion/Serenity/Parts/Science/RobotArmScanner/RobotArmScanner_S2/RobotArmScanner_S2
[LOG 15:28:39.777] Config(PART) SquadExpansion/Serenity/Parts/Science/RobotArmScanner/RobotArmScanner_S3/RobotArmScanner_S3
[LOG 15:28:39.777] Config(PART) SquadExpansion/Serenity/Parts/Structural/gripPads/lGripPad/lGripPad
[LOG 15:28:39.777] Config(PART) SquadExpansion/Serenity/Parts/Structural/gripPads/lGripStrip/lGripStrip
[LOG 15:28:39.777] Config(PART) SquadExpansion/Serenity/Parts/Structural/gripPads/mGripPad/mGripPad
[LOG 15:28:39.777] Config(PART) SquadExpansion/Serenity/Parts/Structural/gripPads/sGripPad/sGripPad
[LOG 15:28:39.777] Config(PART) SquadExpansion/Serenity/Parts/Structural/gripPads/sGripStrip/sGripStrip
[LOG 15:28:39.777] Config(DEPLOYEDSCIENCE) SquadExpansion/Serenity/Resources/DeployedScience/DEPLOYEDSCIENCE
[LOG 15:28:39.777] Config(PHYSICMATERIAL_DEFINITION) SquadExpansion/Serenity/Resources/PhysicsMaterials/MediumGrip
[LOG 15:28:39.778] Config(PHYSICMATERIAL_DEFINITION) SquadExpansion/Serenity/Resources/PhysicsMaterials/HighGrip
[LOG 15:28:39.778] Config(PHYSICMATERIAL_DEFINITION) SquadExpansion/Serenity/Resources/PhysicsMaterials/ExtremeGrip
[LOG 15:28:39.778] Config(PHYSICMATERIAL_DEFINITION) SquadExpansion/Serenity/Resources/PhysicsMaterials/LowGrip
[LOG 15:28:39.778] Config(PHYSICMATERIAL_DEFINITION) SquadExpansion/Serenity/Resources/PhysicsMaterials/Default
[LOG 15:28:39.778] Config(ROC_DEFINITION) SquadExpansion/Serenity/Resources/rocsdef/ROC_DEFINITION
[LOG 15:28:39.778] Config(ROC_DEFINITION) SquadExpansion/Serenity/Resources/rocsdef/ROC_DEFINITION
[LOG 15:28:39.778] Config(ROC_DEFINITION) SquadExpansion/Serenity/Resources/rocsdef/ROC_DEFINITION
[LOG 15:28:39.778] Config(ROC_DEFINITION) SquadExpansion/Serenity/Resources/rocsdef/ROC_DEFINITION
[LOG 15:28:39.778] Config(ROC_DEFINITION) SquadExpansion/Serenity/Resources/rocsdef/ROC_DEFINITION
[LOG 15:28:39.778] Config(ROC_DEFINITION) SquadExpansion/Serenity/Resources/rocsdef/ROC_DEFINITION
[LOG 15:28:39.778] Config(ROC_DEFINITION) SquadExpansion/Serenity/Resources/rocsdef/ROC_DEFINITION
[LOG 15:28:39.778] Config(ROC_DEFINITION) SquadExpansion/Serenity/Resources/rocsdef/ROC_DEFINITION
[LOG 15:28:39.778] Config(ROC_DEFINITION) SquadExpansion/Serenity/Resources/rocsdef/ROC_DEFINITION
[LOG 15:28:39.778] Config(ROC_DEFINITION) SquadExpansion/Serenity/Resources/rocsdef/ROC_DEFINITION
[LOG 15:28:39.778] Config(ROC_DEFINITION) SquadExpansion/Serenity/Resources/rocsdef/ROC_DEFINITION
[LOG 15:28:39.778] Config(ROC_DEFINITION) SquadExpansion/Serenity/Resources/rocsdef/ROC_DEFINITION
[LOG 15:28:39.778] Config(ROC_DEFINITION) SquadExpansion/Serenity/Resources/rocsdef/ROC_DEFINITION
[LOG 15:28:39.778] Config(ROC_DEFINITION) SquadExpansion/Serenity/Resources/rocsdef/ROC_DEFINITION
[LOG 15:28:39.778] Config(ROC_DEFINITION) SquadExpansion/Serenity/Resources/rocsdef/ROC_DEFINITION
[LOG 15:28:39.778] Config(ROC_DEFINITION) SquadExpansion/Serenity/Resources/rocsdef/ROC_DEFINITION
[LOG 15:28:39.778] Config(ROC_DEFINITION) SquadExpansion/Serenity/Resources/rocsdef/ROC_DEFINITION
[LOG 15:28:39.778] Config(ROC_DEFINITION) SquadExpansion/Serenity/Resources/rocsdef/ROC_DEFINITION
[LOG 15:28:39.778] Config(ROC_DEFINITION) SquadExpansion/Serenity/Resources/rocsdef/ROC_DEFINITION
[LOG 15:28:39.778] Config(ROC_DEFINITION) SquadExpansion/Serenity/Resources/rocsdef/ROC_DEFINITION
[LOG 15:28:39.778] Config(ROC_DEFINITION) SquadExpansion/Serenity/Resources/rocsdef/ROC_DEFINITION
[LOG 15:28:39.778] Config(ROC_DEFINITION) SquadExpansion/Serenity/Resources/rocsdef/ROC_DEFINITION
[LOG 15:28:39.778] Config(ROC_DEFINITION) SquadExpansion/Serenity/Resources/rocsdef/ROC_DEFINITION
[LOG 15:28:39.778] Config(ROC_DEFINITION) SquadExpansion/Serenity/Resources/rocsdef/ROC_DEFINITION
[LOG 15:28:39.778] Config(ROC_DEFINITION) SquadExpansion/Serenity/Resources/rocsdef/ROC_DEFINITION
[LOG 15:28:39.779] Config(ROC_DEFINITION) SquadExpansion/Serenity/Resources/rocsdef/ROC_DEFINITION
[LOG 15:28:39.779] Config(ROC_DEFINITION) SquadExpansion/Serenity/Resources/rocsdef/ROC_DEFINITION
[LOG 15:28:39.779] Config(ROC_DEFINITION) SquadExpansion/Serenity/Resources/rocsdef/ROC_DEFINITION
[LOG 15:28:39.779] Config(ROC_DEFINITION) SquadExpansion/Serenity/Resources/rocsdef/ROC_DEFINITION
[LOG 15:28:39.779] Config(ROC_DEFINITION) SquadExpansion/Serenity/Resources/rocsdef/ROC_DEFINITION
[LOG 15:28:39.779] Config(ROC_DEFINITION) SquadExpansion/Serenity/Resources/rocsdef/ROC_DEFINITION
[LOG 15:28:39.779] Config(ROC_DEFINITION) SquadExpansion/Serenity/Resources/rocsdef/ROC_DEFINITION
[LOG 15:28:39.779] Config(ROC_DEFINITION) SquadExpansion/Serenity/Resources/rocsdef/ROC_DEFINITION
[LOG 15:28:39.779] Config(ROC_DEFINITION) SquadExpansion/Serenity/Resources/rocsdef/ROC_DEFINITION
[LOG 15:28:39.779] Config(EXPERIMENT_DEFINITION) SquadExpansion/Serenity/Resources/ScienceDefs/EXPERIMENT_DEFINITION
[LOG 15:28:39.779] Config(EXPERIMENT_DEFINITION) SquadExpansion/Serenity/Resources/ScienceDefs/EXPERIMENT_DEFINITION
[LOG 15:28:39.779] Config(EXPERIMENT_DEFINITION) SquadExpansion/Serenity/Resources/ScienceDefs/EXPERIMENT_DEFINITION
[LOG 15:28:39.779] Config(EXPERIMENT_DEFINITION) SquadExpansion/Serenity/Resources/ScienceDefs/EXPERIMENT_DEFINITION
[LOG 15:28:39.779] Config(EXPERIMENT_DEFINITION) SquadExpansion/Serenity/Resources/ScienceDefs/EXPERIMENT_DEFINITION
[LOG 15:28:39.779] Config(EXPERIMENT_DEFINITION) SquadExpansion/Serenity/Resources/ScienceDefs/EXPERIMENT_DEFINITION
[LOG 15:28:39.779] Config(EXPERIMENT_DEFINITION) SquadExpansion/Serenity/Resources/ScienceDefs/EXPERIMENT_DEFINITION
[LOG 15:28:39.779] Config(EXPERIMENT_DEFINITION) SquadExpansion/Serenity/Resources/ScienceDefs/EXPERIMENT_DEFINITION
[LOG 15:28:39.779] Config(EXPERIMENT_DEFINITION) SquadExpansion/Serenity/Resources/ScienceDefs/EXPERIMENT_DEFINITION
[LOG 15:28:39.779] Config(EXPERIMENT_DEFINITION) SquadExpansion/Serenity/Resources/ScienceDefs/EXPERIMENT_DEFINITION
[LOG 15:28:39.779] Config(EXPERIMENT_DEFINITION) SquadExpansion/Serenity/Resources/ScienceDefs/EXPERIMENT_DEFINITION
[LOG 15:28:39.779] Config(EXPERIMENT_DEFINITION) SquadExpansion/Serenity/Resources/ScienceDefs/EXPERIMENT_DEFINITION
[LOG 15:28:39.779] Config(EXPERIMENT_DEFINITION) SquadExpansion/Serenity/Resources/ScienceDefs/EXPERIMENT_DEFINITION
[LOG 15:28:39.779] Config(EXPERIMENT_DEFINITION) SquadExpansion/Serenity/Resources/ScienceDefs/EXPERIMENT_DEFINITION
[LOG 15:28:39.779] Config(EXPERIMENT_DEFINITION) SquadExpansion/Serenity/Resources/ScienceDefs/EXPERIMENT_DEFINITION
[LOG 15:28:39.779] Config(EXPERIMENT_DEFINITION) SquadExpansion/Serenity/Resources/ScienceDefs/EXPERIMENT_DEFINITION
[LOG 15:28:39.779] Config(EXPERIMENT_DEFINITION) SquadExpansion/Serenity/Resources/ScienceDefs/EXPERIMENT_DEFINITION
[LOG 15:28:39.779] Config(EXPERIMENT_DEFINITION) SquadExpansion/Serenity/Resources/ScienceDefs/EXPERIMENT_DEFINITION
[LOG 15:28:39.779] Config(EXPERIMENT_DEFINITION) SquadExpansion/Serenity/Resources/ScienceDefs/EXPERIMENT_DEFINITION
[LOG 15:28:39.779] Config(EXPERIMENT_DEFINITION) SquadExpansion/Serenity/Resources/ScienceDefs/EXPERIMENT_DEFINITION
[LOG 15:28:39.779] Config(EXPERIMENT_DEFINITION) SquadExpansion/Serenity/Resources/ScienceDefs/EXPERIMENT_DEFINITION
[LOG 15:28:39.779] Config(EXPERIMENT_DEFINITION) SquadExpansion/Serenity/Resources/ScienceDefs/EXPERIMENT_DEFINITION
[LOG 15:28:39.780] Config(EXPERIMENT_DEFINITION) SquadExpansion/Serenity/Resources/ScienceDefs/EXPERIMENT_DEFINITION
[LOG 15:28:39.780] Config(EXPERIMENT_DEFINITION) SquadExpansion/Serenity/Resources/ScienceDefs/EXPERIMENT_DEFINITION
[LOG 15:28:39.780] Config(EXPERIMENT_DEFINITION) SquadExpansion/Serenity/Resources/ScienceDefs/EXPERIMENT_DEFINITION
[LOG 15:28:39.780] Config(EXPERIMENT_DEFINITION) SquadExpansion/Serenity/Resources/ScienceDefs/EXPERIMENT_DEFINITION
[LOG 15:28:39.780] Config(EXPERIMENT_DEFINITION) SquadExpansion/Serenity/Resources/ScienceDefs/EXPERIMENT_DEFINITION
[LOG 15:28:39.780] Config(EXPERIMENT_DEFINITION) SquadExpansion/Serenity/Resources/ScienceDefs/EXPERIMENT_DEFINITION
[LOG 15:28:39.780] Config(EXPERIMENT_DEFINITION) SquadExpansion/Serenity/Resources/ScienceDefs/EXPERIMENT_DEFINITION
[LOG 15:28:39.780] Config(EXPERIMENT_DEFINITION) SquadExpansion/Serenity/Resources/ScienceDefs/EXPERIMENT_DEFINITION
[LOG 15:28:39.780] Config(EXPERIMENT_DEFINITION) SquadExpansion/Serenity/Resources/ScienceDefs/EXPERIMENT_DEFINITION
[LOG 15:28:39.780] Config(EXPERIMENT_DEFINITION) SquadExpansion/Serenity/Resources/ScienceDefs/EXPERIMENT_DEFINITION
[LOG 15:28:39.780] Config(EXPERIMENT_DEFINITION) SquadExpansion/Serenity/Resources/ScienceDefs/EXPERIMENT_DEFINITION
[LOG 15:28:39.780] Config(EXPERIMENT_DEFINITION) SquadExpansion/Serenity/Resources/ScienceDefs/EXPERIMENT_DEFINITION
[LOG 15:28:39.780] Config(EXPERIMENT_DEFINITION) SquadExpansion/Serenity/Resources/ScienceDefs/EXPERIMENT_DEFINITION
[LOG 15:28:39.780] Config(EXPERIMENT_DEFINITION) SquadExpansion/Serenity/Resources/ScienceDefs/EXPERIMENT_DEFINITION
[LOG 15:28:39.780] Config(EXPERIMENT_DEFINITION) SquadExpansion/Serenity/Resources/ScienceDefs/EXPERIMENT_DEFINITION
[LOG 15:28:39.780] Config(EXPERIMENT_DEFINITION) SquadExpansion/Serenity/Resources/ScienceDefs/EXPERIMENT_DEFINITION
[LOG 15:28:39.780] Config(STORY_DEF) SquadExpansion/Serenity/Resources/StoryDefs/STORY_DEF
[LOG 15:28:39.780] Compiling Configs Completed.
[LOG 15:28:39.783] Resource LiquidFuel added to database
[LOG 15:28:39.783] Resource Oxidizer added to database
[LOG 15:28:39.783] Resource SolidFuel added to database
[LOG 15:28:39.783] Resource MonoPropellant added to database
[LOG 15:28:39.783] Resource XenonGas added to database
[LOG 15:28:39.783] Resource ElectricCharge added to database
[LOG 15:28:39.783] Resource IntakeAir added to database
[LOG 15:28:39.783] Resource EVA Propellant added to database
[LOG 15:28:39.784] Resource Ore added to database
[LOG 15:28:39.784] Resource Ablator added to database
[LOG 15:28:39.785] Resource MediumGrip added to database
[LOG 15:28:39.785] Resource HighGrip added to database
[LOG 15:28:39.785] Resource ExtremeGrip added to database
[LOG 15:28:39.785] Resource LowGrip added to database
[LOG 15:28:39.785] Resource Default added to database
[LOG 15:28:39.785] CodeAssetLoader: Compiling all code assets
[LOG 15:28:39.789] ExperienceSystemConfig: Added Effect 'DeployedSciencePowerSkill' to Trait 'Ingénieur'
[LOG 15:28:39.789] ExperienceSystemConfig: Added Effect 'DeployedScienceExpSkill' to Trait 'Scientifique'
[LOG 15:28:39.794] ConfigNode[]
[LOG 15:28:39.795] GameDatabase: Assets loaded in 32.631s
[LOG 15:28:39.901] [Kopernicus] Loaded 'D:/KSP-RSS-Dev/KSP_x64_Data/../GameData/RealSolarSystem\RSSKopernicus\Cache\Ariel.bin'
[LOG 15:28:39.920] [Kopernicus] Loaded 'D:/KSP-RSS-Dev/KSP_x64_Data/../GameData/RealSolarSystem\RSSKopernicus\Cache\Callisto.bin'
[LOG 15:28:39.940] [Kopernicus] Loaded 'D:/KSP-RSS-Dev/KSP_x64_Data/../GameData/RealSolarSystem\RSSKopernicus\Cache\Ceres.bin'
[LOG 15:28:39.958] [Kopernicus] Loaded 'D:/KSP-RSS-Dev/KSP_x64_Data/../GameData/RealSolarSystem\RSSKopernicus\Cache\Charon.bin'
[LOG 15:28:39.978] [Kopernicus] Loaded 'D:/KSP-RSS-Dev/KSP_x64_Data/../GameData/RealSolarSystem\RSSKopernicus\Cache\Deimos.bin'
[LOG 15:28:39.997] [Kopernicus] Loaded 'D:/KSP-RSS-Dev/KSP_x64_Data/../GameData/RealSolarSystem\RSSKopernicus\Cache\Dione.bin'
[LOG 15:28:40.015] [Kopernicus] Loaded 'D:/KSP-RSS-Dev/KSP_x64_Data/../GameData/RealSolarSystem\RSSKopernicus\Cache\Earth.bin'
[LOG 15:28:40.035] [Kopernicus] Loaded 'D:/KSP-RSS-Dev/KSP_x64_Data/../GameData/RealSolarSystem\RSSKopernicus\Cache\Enceladus.bin'
[LOG 15:28:40.053] [Kopernicus] Loaded 'D:/KSP-RSS-Dev/KSP_x64_Data/../GameData/RealSolarSystem\RSSKopernicus\Cache\Europa.bin'
[LOG 15:28:40.072] [Kopernicus] Loaded 'D:/KSP-RSS-Dev/KSP_x64_Data/../GameData/RealSolarSystem\RSSKopernicus\Cache\Ganymede.bin'
[LOG 15:28:40.091] [Kopernicus] Loaded 'D:/KSP-RSS-Dev/KSP_x64_Data/../GameData/RealSolarSystem\RSSKopernicus\Cache\Iapetus.bin'
[LOG 15:28:40.109] [Kopernicus] Loaded 'D:/KSP-RSS-Dev/KSP_x64_Data/../GameData/RealSolarSystem\RSSKopernicus\Cache\Io.bin'
[LOG 15:28:40.129] [Kopernicus] Loaded 'D:/KSP-RSS-Dev/KSP_x64_Data/../GameData/RealSolarSystem\RSSKopernicus\Cache\JupiterOblate.bin'
[LOG 15:28:40.148] [Kopernicus] Loaded 'D:/KSP-RSS-Dev/KSP_x64_Data/../GameData/RealSolarSystem\RSSKopernicus\Cache\Mars.bin'
[LOG 15:28:40.168] [Kopernicus] Loaded 'D:/KSP-RSS-Dev/KSP_x64_Data/../GameData/RealSolarSystem\RSSKopernicus\Cache\Mercury.bin'
[LOG 15:28:40.187] [Kopernicus] Loaded 'D:/KSP-RSS-Dev/KSP_x64_Data/../GameData/RealSolarSystem\RSSKopernicus\Cache\Mimas.bin'
[LOG 15:28:40.207] [Kopernicus] Loaded 'D:/KSP-RSS-Dev/KSP_x64_Data/../GameData/RealSolarSystem\RSSKopernicus\Cache\Miranda.bin'
[LOG 15:28:40.226] [Kopernicus] Loaded 'D:/KSP-RSS-Dev/KSP_x64_Data/../GameData/RealSolarSystem\RSSKopernicus\Cache\Moon.bin'
[LOG 15:28:40.246] [Kopernicus] Loaded 'D:/KSP-RSS-Dev/KSP_x64_Data/../GameData/RealSolarSystem\RSSKopernicus\Cache\NeptuneOblate.bin'
[LOG 15:28:40.265] [Kopernicus] Loaded 'D:/KSP-RSS-Dev/KSP_x64_Data/../GameData/RealSolarSystem\RSSKopernicus\Cache\Oberon.bin'
[LOG 15:28:40.290] [Kopernicus] Loaded 'D:/KSP-RSS-Dev/KSP_x64_Data/../GameData/RealSolarSystem\RSSKopernicus\Cache\Phobos.bin'
[LOG 15:28:40.309] [Kopernicus] Loaded 'D:/KSP-RSS-Dev/KSP_x64_Data/../GameData/RealSolarSystem\RSSKopernicus\Cache\Pluto.bin'
[LOG 15:28:40.328] [Kopernicus] Loaded 'D:/KSP-RSS-Dev/KSP_x64_Data/../GameData/RealSolarSystem\RSSKopernicus\Cache\Rhea.bin'
[LOG 15:28:40.347] [Kopernicus] Loaded 'D:/KSP-RSS-Dev/KSP_x64_Data/../GameData/RealSolarSystem\RSSKopernicus\Cache\SaturnOblate.bin'
[LOG 15:28:40.365] [Kopernicus] Loaded 'D:/KSP-RSS-Dev/KSP_x64_Data/../GameData/RealSolarSystem\RSSKopernicus\Cache\Sun.bin'
[LOG 15:28:40.384] [Kopernicus] Loaded 'D:/KSP-RSS-Dev/KSP_x64_Data/../GameData/RealSolarSystem\RSSKopernicus\Cache\Tethys.bin'
[LOG 15:28:40.403] [Kopernicus] Loaded 'D:/KSP-RSS-Dev/KSP_x64_Data/../GameData/RealSolarSystem\RSSKopernicus\Cache\Titan.bin'
[LOG 15:28:40.422] [Kopernicus] Loaded 'D:/KSP-RSS-Dev/KSP_x64_Data/../GameData/RealSolarSystem\RSSKopernicus\Cache\Titania.bin'
[LOG 15:28:40.440] [Kopernicus] Loaded 'D:/KSP-RSS-Dev/KSP_x64_Data/../GameData/RealSolarSystem\RSSKopernicus\Cache\Triton.bin'
[LOG 15:28:40.459] [Kopernicus] Loaded 'D:/KSP-RSS-Dev/KSP_x64_Data/../GameData/RealSolarSystem\RSSKopernicus\Cache\Umbriel.bin'
[LOG 15:28:40.477] [Kopernicus] Loaded 'D:/KSP-RSS-Dev/KSP_x64_Data/../GameData/RealSolarSystem\RSSKopernicus\Cache\UranusOblate.bin'
[LOG 15:28:40.497] [Kopernicus] Loaded 'D:/KSP-RSS-Dev/KSP_x64_Data/../GameData/RealSolarSystem\RSSKopernicus\Cache\Venus.bin'
[LOG 15:28:40.516] [Kopernicus] Loaded 'D:/KSP-RSS-Dev/KSP_x64_Data/../GameData/RealSolarSystem\RSSKopernicus\Cache\Vesta.bin'
[LOG 15:28:40.518] [ModuleManager] Waited 0.000s for patching to finish
[LOG 15:28:40.518] [ModuleManager] Applying patched game database
[LOG 15:28:40.521] [ModuleManager] Dumping ModuleManager log to main log
[LOG 15:28:40.522] [ModuleManager] 
#### BEGIN MODULEMANAGER LOG ####


[LOG 15:28:16.581] Log started at 2026-09-28 15:28:16.581
[LOG 15:28:19.147] Checking Cache
[LOG 15:28:19.576] SHA generated in 0.425s
[LOG 15:28:19.576]       SHA = EB-2D-13-D3-BC-47-74-97-32-64-9C-7F-16-F4-CB-86-0C-DD-84-FD-4C-12-40-86-0D-1C-27-CB-5F-19-51-BB
[LOG 15:28:19.614] Cache SHA = EB-2D-13-D3-BC-47-74-97-32-64-9C-7F-16-F4-CB-86-0C-DD-84-FD-4C-12-40-86-0D-1C-27-CB-5F-19-51-BB
[LOG 15:28:19.614] useCache = True
[LOG 15:28:19.614] Loading from Cache
[LOG 15:28:19.839] Cache Loaded
[LOG 15:28:19.839] Dumping patch log
[LOG 15:28:19.850] 
#### BEGIN PATCH LOG ####


[LOG 14:26:49.761] Log started at 2026-09-28 14:26:49.761
[LOG 14:26:49.761] Pre patch init
[LOG 14:26:50.159] compiling list of loaded mods...
Mod DLLs found:
  Name                                    Assembly Version         Assembly File Version    KSPAssembly Version      SHA256

  Assembly-CSharp                         0.0.0.0                  0.0.0.0                  1.12                     d9e42483f25ee80a9c11d6c1c0a0d29b4ec78c1e08d76c971b71580c9cce51e4
  ModuleManager                           4.2.3.0                  4.2.3.0                  2.5                      95847827ab293b9e82a19b7efb97ffea3e98cc03b181862536ac8eb572e30d7d
  0Harmony                                2.2.1.0                  2.2.1.0                                           19ce60ac3280f72ec1751d36a40cb7e2fece2934df8345969dc7feb83bd633e4
  HarmonyInstallChecker                   2.2.1.0                  2.2.1.0                  1.0                      f11e659e91a52c21c5bda78e52b82a7bdc246bcab6a999733af3c69a11a9dc0e
  Kopernicus.Parser                       1.0.0.0                  1.0.0.0                  1.0                      0c97222328b6bacfb05e292c502d509ce7509373e7f8d5c2c187ff9ea88e0ecc
  ModularFlightIntegrator                 1.0.0.0                  1.2.10.0                 1.0                      280b6a7b2452673697a8a54b8b449730d7f9344fd05e81ce72f97f48b35d91d9
  SharpDX                                 4.2.0.0                  4.2.0                                             a0af255ea4b09a8cdb995b8c6fd1075e46f098e23c2351c974e6ded9b8b620cf
  SharpDX.DXGI                            4.2.0.0                  4.2.0                                             bc0243134c93c55ea105d0e9c2a43b6030e973290d0a061cf3a61986a2268a88
  SharpDX.Direct3D11                      4.2.0.0                  4.2.0                                             56f525e33494f4cd2a560a71cdf237303a3fb54a8fa44e1693eba35c9245c60a
  KSPTextureLoader                        1.0.36.0                 1.0.36.0                 1.0                      41bc1ea347d9db76f87c8665b0a8625644525d3d9865b2e9d8b4613fb5509cd3
  Kopernicus                              1.0.248.0                1.12.248.0               1.0                      66a354e560a6214d4b98b4592e0951a0a46ca8aa083179ec8c10b9a2ec9b51ac
  0_MultipleModuleInPartAPI               1.0.0.0                  1.0.0.0                  1.0                      df4a22fb0535de7fa154ca234b50dd7c2fc6be879e4a877d9bad1f87bafafcbf
  KSPCommunityFixes                       1.41.0.0                 1.41.1.0                 1.41                     e08ebbec7ab34f4f7ff56d6e900051bb0d259a4bc092881d7db3ca2f9f2e9a11
  KSPTextureLoader.Burst                  0.0.0.0                  0.0.0.0                                           a9bb1db8a9934288ef80e627c53a283692757c2d992eceb15d988170d95fd6c1
  alglib                                  1.0.0.0                  1.0.0.0                                           57f85f0390511212908f4db77bfc9acc2864ce1a2db95f09b3c927218ecc5133
  MechJeb2                                2.15.0.0                 2.15.3.0                 2.15                     6851b17fd2a73cb09e399f55a3322de3eaa8f047136251f52a343fae2f3df929
  MechJebLib                              1.0.0.0                  1.0.0.0                                           e0c05518a826fb6ab696d947780b2220c78de14899d088f70e2125c0e8233469
  MechJebLibBindings                      1.0.0.0                  1.0.0.0                                           cdb589e8332e530207bc67bcb8c116f18d7daf6221772dbc4571abcc5f780fa0
  RealSolarSystem                         20.1.3.0                 20.1.3.0                                          60c5f484d41993fc803fa76de9008d2756636ec3e02a2a6f50445b1c7b7f0eb5
  TerrainPrecisionFixDiag4Mod             1.0.9767.18299           1.0.9767.18299                                    f8e2209057449e4a7b2f64e9c656af4b8afc75f3ae769760c0d67fba36d9621f
Non-DLL mods added (:FOR[xxx]):
  Kopernicus_Version
  RationalResourcesAU
Mods by directory (sub directories of GameData):
  000_Harmony
  RSS-Textures
  Squad
  SquadExpansion
Mods added by assemblies:

[LOG 14:26:50.176] Extracting patches
[LOG 14:26:50.189] Deleting root node in file Kopernicus/Config/SolarPanels node: @PART:HAS[@MODULE[ModuleCurvedSolarPanel],#__kop_star_count[>1]]:NEEDS[!RealismOverhaul,!Kerbalism,NearFutureSolar]:LAST[KOP_MULTI_STAR] as it can't satisfy its NEEDS
[LOG 14:26:50.189] Deleting root node in file Kopernicus/Config/SolarPanels node: @PART:HAS[@MODULE[SSTUSolarPanelStatic],#__kop_star_count[>1]]:NEEDS[!RealismOverhaul,!Kerbalism,SSTU]:LAST[KOP_MULTI_STAR] as it can't satisfy its NEEDS
[LOG 14:26:50.189] Deleting root node in file Kopernicus/Config/SolarPanels node: @PART:HAS[@MODULE[SSTUSolarPanelDeployable],#__kop_star_count[>1]]:NEEDS[!RealismOverhaul,!Kerbalism,SSTU]:LAST[KOP_MULTI_STAR] as it can't satisfy its NEEDS
[LOG 14:26:50.190] Deleting root node in file Kopernicus/Config/SolarPanels node: @PART:HAS[@MODULE:[SSTUModularPart],!#currentSolar[Solar-None],#__kop_star_count[>1]]:NEEDS[!RealismOverhaul,!Kerbalism,SSTU]:LAST[KOP_MULTI_STAR] as it can't satisfy its NEEDS
[LOG 14:26:50.190] Deleting root node in file Kopernicus/Config/SolarPanels node: @PART:HAS[@MODULE[ModuleROSolar],#__kop_star_count[>1]]:NEEDS[!Kerbalism,RealismOverhaul]:LAST[KOP_MULTI_STAR] as it can't satisfy its NEEDS
[LOG 14:26:50.190] Deleting root node in file Kopernicus/Config/SolarPanels node: @PART:HAS[@MODULE[USSolarSwitch],#__kop_star_count[>1]]:NEEDS[!Kerbalism,UniversalStorage2]:LAST[KOP_MULTI_STAR] as it can't satisfy its NEEDS
[LOG 14:26:50.191] Deleting root node in file KSPCommunityFixes/MMPatches/ModSupport/FixDockingNodes node: @PART[*]:HAS[@MODULE[ModuleDockingNodeFixed]]:NEEDS[FixDockingNodes]:FINAL as it can't satisfy its NEEDS
[LOG 14:26:50.191] Deleting root node in file KSPCommunityFixes/MMPatches/ModSupport/KSPRecall node: @KSP_COMMUNITY_FIXES:NEEDS[AttachedOnEditor] as it can't satisfy its NEEDS
[LOG 14:26:50.191] Deleting root node in file KSPCommunityFixes/MMPatches/ModSupport/UniversalStorage node: @KSP_COMMUNITY_FIXES:NEEDS[UniversalStorage2] as it can't satisfy its NEEDS
[LOG 14:26:50.202] Deleting root node in file MechJeb2/Parts/MechJebNoCommandPod node: @PART[*]:HAS[@MODULE[MechJebCore],!MODULE[KerbalEVA]]:NEEDS[!RP-0,!RealismOverhaul,MechJebUnlocked] as it can't satisfy its NEEDS
[LOG 14:26:50.202] Deleting root node in file RealSolarSystem/KerbalWind node: @KERBAL_WIND:FOR[RealSolarSystem]:NEEDS[KerbalWind] as it can't satisfy its NEEDS
[LOG 14:26:50.206] Deleting root node in file RealSolarSystem/Compatibility/CustomAsteroids node: @Kopernicus:AFTER[RealSolarSystem]:NEEDS[CustomAsteroids] as it can't satisfy its NEEDS
[LOG 14:26:50.206] Deleting root node in file RealSolarSystem/Compatibility/Parallax/Parallax node: @Parallax:FOR[RealSolarSystem]:NEEDS[Parallax,Parallax_StockTextures] as it can't satisfy its NEEDS
[LOG 14:26:50.206] Deleting root node in file RealSolarSystem/Compatibility/Parallax/Parallax node: @Kopernicus:AFTER[RealSolarSystem]:NEEDS[Parallax,Parallax_StockTextures] as it can't satisfy its NEEDS
[LOG 14:26:50.219] Deleting value in file RealSolarSystem/RSSKopernicus/Neptune/Triton_Rotation value: @Kopernicus:FOR[RealSolarSystem]/@Body[Triton]/@Properties/@rotationPeriod:NEEDS[Principia] as it can't satisfy its NEEDS
[LOG 14:26:50.397] Applying patches
[LOG 14:26:50.400] :INSERT (initial) pass
[LOG 14:26:50.495] :FIRST pass
[LOG 14:26:50.506] Applying update KSPCommunityFixes/MMPatches/StockTweaks/LadderToggleableLight/@PART[telescopicLadderBay]:FIRST to Squad/Parts/Utility/ladderTelescopicBay/ladderTelescopicBay.cfg/PART[telescopicLadderBay]
[LOG 14:26:50.517] Applying update KSPCommunityFixes/MMPatches/StockTweaks/LadderToggleableLight/@PART[telescopicLadderBay]:HAS[#LadderToggleableLight[?rue]]:FIRST to Squad/Parts/Utility/ladderTelescopicBay/ladderTelescopicBay.cfg/PART[telescopicLadderBay]
[LOG 14:26:50.518] Applying update KSPCommunityFixes/MMPatches/StockTweaks/LadderToggleableLight/@PART[telescopicLadderBay]:HAS[#LadderToggleableLight]:FIRST to Squad/Parts/Utility/ladderTelescopicBay/ladderTelescopicBay.cfg/PART[telescopicLadderBay]
[LOG 14:26:50.520] Applying update KSPCommunityFixes/MMPatches/StockTweaks/LandingGearLights/@PART[GearSmall]:FIRST to Squad/Parts/Wheel/LandingGear/GearMedium.cfg/PART[GearSmall]
[LOG 14:26:50.524] Applying update KSPCommunityFixes/MMPatches/StockTweaks/LandingGearLights/@PART[SmallGearBay]:FIRST to Squad/Parts/Wheel/LandingGear/GearSmall.cfg/PART[SmallGearBay]
[LOG 14:26:50.525] Applying update RealSolarSystem/PhysicsModifier/@PHYSICSGLOBALS:FIRST to /Physics.cfg/PHYSICSGLOBALS
[LOG 14:26:50.528] :LEGACY (default) pass
[LOG 14:26:50.533] Applying update Kopernicus/Config/SolarPanels/@PART:HAS[@MODULE[ModuleDeployableSolarPanel],~useKopernicusSolarPanels[false]] to Squad/Parts/Electrical/10CSolarPanels/OX-10C.cfg/PART[solarPanelOX10C]
[LOG 14:26:50.533] Applying update Kopernicus/Config/SolarPanels/@PART:HAS[@MODULE[ModuleDeployableSolarPanel],~useKopernicusSolarPanels[false]] to Squad/Parts/Electrical/10CSolarPanels/SP-10C.cfg/PART[solarPanelSP10C]
[LOG 14:26:50.533] Applying update Kopernicus/Config/SolarPanels/@PART:HAS[@MODULE[ModuleDeployableSolarPanel],~useKopernicusSolarPanels[false]] to Squad/Parts/Electrical/10LSolarPanels/OX-10L.cfg/PART[solarPanelOX10L]
[LOG 14:26:50.533] Applying update Kopernicus/Config/SolarPanels/@PART:HAS[@MODULE[ModuleDeployableSolarPanel],~useKopernicusSolarPanels[false]] to Squad/Parts/Electrical/10LSolarPanels/SP-10L.cfg/PART[solarPanelSP10L]
[LOG 14:26:50.533] Applying update Kopernicus/Config/SolarPanels/@PART:HAS[@MODULE[ModuleDeployableSolarPanel],~useKopernicusSolarPanels[false]] to Squad/Parts/Electrical/1x6ShroudSolarPanels/1x6ShroudSolarPanels.cfg/PART[solarPanels2]
[LOG 14:26:50.533] Applying update Kopernicus/Config/SolarPanels/@PART:HAS[@MODULE[ModuleDeployableSolarPanel],~useKopernicusSolarPanels[false]] to Squad/Parts/Electrical/1x6SolarPanels/1x6SolarPanels.cfg/PART[solarPanels4]
[LOG 14:26:50.533] Applying update Kopernicus/Config/SolarPanels/@PART:HAS[@MODULE[ModuleDeployableSolarPanel],~useKopernicusSolarPanels[false]] to Squad/Parts/Electrical/3x2ShroudSolarPanels/3x2ShroudSolarPanels.cfg/PART[solarPanels1]
[LOG 14:26:50.533] Applying update Kopernicus/Config/SolarPanels/@PART:HAS[@MODULE[ModuleDeployableSolarPanel],~useKopernicusSolarPanels[false]] to Squad/Parts/Electrical/3x2SolarPanels/3x2SolarPanels.cfg/PART[solarPanels3]
[LOG 14:26:50.533] Applying update Kopernicus/Config/SolarPanels/@PART:HAS[@MODULE[ModuleDeployableSolarPanel],~useKopernicusSolarPanels[false]] to Squad/Parts/Electrical/gigantorXlSolarArray/gigantorXlSolarArray.cfg/PART[largeSolarPanel]
[LOG 14:26:50.533] Applying update Kopernicus/Config/SolarPanels/@PART:HAS[@MODULE[ModuleDeployableSolarPanel],~useKopernicusSolarPanels[false]] to Squad/Parts/Electrical/radialFlatSolarPanel/radialFlatSolarPanel.cfg/PART[solarPanels5]
[LOG 14:26:50.536] Applying update Kopernicus/Config/SolarPanels/@PART:HAS[@MODULE[ModuleDeployableSolarPanel],~useKopernicusSolarPanels[false]] to Squad/Parts/Misc/AsteroidDay/LgRadialSolar.cfg/PART[LgRadialSolarPanel]
[LOG 14:26:50.656] Applying update MechJeb2/Parts/MechJebNoCommandPod/@PART[*]:HAS[@MODULE[ModuleCommand],!MODULE[KerbalEVA]]:NEEDS[!MechJebUseCommandPod,!RP-0,!RealismOverhaul] to MechJeb2/Parts/MechJeb2_AR202/part.cfg/PART[mumech_MJ2_AR202]
[LOG 14:26:50.658] Applying update MechJeb2/Parts/MechJebNoCommandPod/@PART[*]:HAS[@MODULE[ModuleCommand],!MODULE[KerbalEVA]]:NEEDS[!MechJebUseCommandPod,!RP-0,!RealismOverhaul] to Squad/Parts/Command/cupola/cupola.cfg/PART[cupola]
[LOG 14:26:50.659] Applying update MechJeb2/Parts/MechJebNoCommandPod/@PART[*]:HAS[@MODULE[ModuleCommand],!MODULE[KerbalEVA]]:NEEDS[!MechJebUseCommandPod,!RP-0,!RealismOverhaul] to Squad/Parts/Command/Mk1-3Pod/mk1-3.cfg/PART[mk1-3pod]
[LOG 14:26:50.659] Applying update MechJeb2/Parts/MechJebNoCommandPod/@PART[*]:HAS[@MODULE[ModuleCommand],!MODULE[KerbalEVA]]:NEEDS[!MechJebUseCommandPod,!RP-0,!RealismOverhaul] to Squad/Parts/Command/mk1Cockpits/mk1Cockpit.cfg/PART[Mark1Cockpit]
[LOG 14:26:50.660] Applying update MechJeb2/Parts/MechJebNoCommandPod/@PART[*]:HAS[@MODULE[ModuleCommand],!MODULE[KerbalEVA]]:NEEDS[!MechJebUseCommandPod,!RP-0,!RealismOverhaul] to Squad/Parts/Command/mk1Cockpits/mk1InlineCockpit.cfg/PART[Mark2Cockpit]
[LOG 14:26:50.660] Applying update MechJeb2/Parts/MechJebNoCommandPod/@PART[*]:HAS[@MODULE[ModuleCommand],!MODULE[KerbalEVA]]:NEEDS[!MechJebUseCommandPod,!RP-0,!RealismOverhaul] to Squad/Parts/Command/mk1LanderCan/mk1LanderCan.cfg/PART[landerCabinSmall]
[LOG 14:26:50.661] Applying update MechJeb2/Parts/MechJebNoCommandPod/@PART[*]:HAS[@MODULE[ModuleCommand],!MODULE[KerbalEVA]]:NEEDS[!MechJebUseCommandPod,!RP-0,!RealismOverhaul] to Squad/Parts/Command/mk1pod_v2/mk1Pod_v2.cfg/PART[mk1pod_v2]
[LOG 14:26:50.661] Applying update MechJeb2/Parts/MechJebNoCommandPod/@PART[*]:HAS[@MODULE[ModuleCommand],!MODULE[KerbalEVA]]:NEEDS[!MechJebUseCommandPod,!RP-0,!RealismOverhaul] to Squad/Parts/Command/mk2CockpitInline/mk2CockpitInline.cfg/PART[mk2Cockpit_Inline]
[LOG 14:26:50.662] Applying update MechJeb2/Parts/MechJebNoCommandPod/@PART[*]:HAS[@MODULE[ModuleCommand],!MODULE[KerbalEVA]]:NEEDS[!MechJebUseCommandPod,!RP-0,!RealismOverhaul] to Squad/Parts/Command/mk2CockpitStandard/mk2CockpitStandard.cfg/PART[mk2Cockpit_Standard]
[LOG 14:26:50.662] Applying update MechJeb2/Parts/MechJebNoCommandPod/@PART[*]:HAS[@MODULE[ModuleCommand],!MODULE[KerbalEVA]]:NEEDS[!MechJebUseCommandPod,!RP-0,!RealismOverhaul] to Squad/Parts/Command/mk2DroneCore/mk2Dronecore.cfg/PART[mk2DroneCore]
[LOG 14:26:50.663] Applying update MechJeb2/Parts/MechJebNoCommandPod/@PART[*]:HAS[@MODULE[ModuleCommand],!MODULE[KerbalEVA]]:NEEDS[!MechJebUseCommandPod,!RP-0,!RealismOverhaul] to Squad/Parts/Command/mk2LanderCan/mk2LanderCan.cfg/PART[mk2LanderCabin]
[LOG 14:26:50.663] Applying update MechJeb2/Parts/MechJebNoCommandPod/@PART[*]:HAS[@MODULE[ModuleCommand],!MODULE[KerbalEVA]]:NEEDS[!MechJebUseCommandPod,!RP-0,!RealismOverhaul] to Squad/Parts/Command/mk2LanderCan_v2/mk2LanderCan_v2.cfg/PART[mk2LanderCabin_v2]
[LOG 14:26:50.664] Applying update MechJeb2/Parts/MechJebNoCommandPod/@PART[*]:HAS[@MODULE[ModuleCommand],!MODULE[KerbalEVA]]:NEEDS[!MechJebUseCommandPod,!RP-0,!RealismOverhaul] to Squad/Parts/Command/mk3CockpitShuttle/mk3CockpitShuttle.cfg/PART[mk3Cockpit_Shuttle]
[LOG 14:26:50.664] Applying update MechJeb2/Parts/MechJebNoCommandPod/@PART[*]:HAS[@MODULE[ModuleCommand],!MODULE[KerbalEVA]]:NEEDS[!MechJebUseCommandPod,!RP-0,!RealismOverhaul] to Squad/Parts/Command/MpoProbe/MpoProbe.cfg/PART[MpoProbe]
[LOG 14:26:50.664] Applying update MechJeb2/Parts/MechJebNoCommandPod/@PART[*]:HAS[@MODULE[ModuleCommand],!MODULE[KerbalEVA]]:NEEDS[!MechJebUseCommandPod,!RP-0,!RealismOverhaul] to Squad/Parts/Command/MtmStage/MTM_Stage.cfg/PART[MtmStage]
[LOG 14:26:50.665] Applying update MechJeb2/Parts/MechJebNoCommandPod/@PART[*]:HAS[@MODULE[ModuleCommand],!MODULE[KerbalEVA]]:NEEDS[!MechJebUseCommandPod,!RP-0,!RealismOverhaul] to Squad/Parts/Command/probeCoreCube/probeCoreCube.cfg/PART[probeCoreCube]
[LOG 14:26:50.665] Applying update MechJeb2/Parts/MechJebNoCommandPod/@PART[*]:HAS[@MODULE[ModuleCommand],!MODULE[KerbalEVA]]:NEEDS[!MechJebUseCommandPod,!RP-0,!RealismOverhaul] to Squad/Parts/Command/probeCoreHex/probeCoreHex.cfg/PART[probeCoreHex]
[LOG 14:26:50.666] Applying update MechJeb2/Parts/MechJebNoCommandPod/@PART[*]:HAS[@MODULE[ModuleCommand],!MODULE[KerbalEVA]]:NEEDS[!MechJebUseCommandPod,!RP-0,!RealismOverhaul] to Squad/Parts/Command/probeCoreHex_v2/probeCoreHex_v2.cfg/PART[probeCoreHex_v2]
[LOG 14:26:50.666] Applying update MechJeb2/Parts/MechJebNoCommandPod/@PART[*]:HAS[@MODULE[ModuleCommand],!MODULE[KerbalEVA]]:NEEDS[!MechJebUseCommandPod,!RP-0,!RealismOverhaul] to Squad/Parts/Command/probeCoreOcto2_v2/probeCoreOcto2_v2.cfg/PART[probeCoreOcto2_v2]
[LOG 14:26:50.666] Applying update MechJeb2/Parts/MechJebNoCommandPod/@PART[*]:HAS[@MODULE[ModuleCommand],!MODULE[KerbalEVA]]:NEEDS[!MechJebUseCommandPod,!RP-0,!RealismOverhaul] to Squad/Parts/Command/probeCoreOcto_v2/probeCoreOcto_v2.cfg/PART[probeCoreOcto_v2]
[LOG 14:26:50.667] Applying update MechJeb2/Parts/MechJebNoCommandPod/@PART[*]:HAS[@MODULE[ModuleCommand],!MODULE[KerbalEVA]]:NEEDS[!MechJebUseCommandPod,!RP-0,!RealismOverhaul] to Squad/Parts/Command/probeRoverBody/probeRoverBody.cfg/PART[roverBody]
[LOG 14:26:50.667] Applying update MechJeb2/Parts/MechJebNoCommandPod/@PART[*]:HAS[@MODULE[ModuleCommand],!MODULE[KerbalEVA]]:NEEDS[!MechJebUseCommandPod,!RP-0,!RealismOverhaul] to Squad/Parts/Command/probeRoverBody_v2/probeRoverBody_v2.cfg/PART[roverBody_v2]
[LOG 14:26:50.668] Applying update MechJeb2/Parts/MechJebNoCommandPod/@PART[*]:HAS[@MODULE[ModuleCommand],!MODULE[KerbalEVA]]:NEEDS[!MechJebUseCommandPod,!RP-0,!RealismOverhaul] to Squad/Parts/Command/probeStackLarge/probeStackLarge.cfg/PART[probeStackLarge]
[LOG 14:26:50.668] Applying update MechJeb2/Parts/MechJebNoCommandPod/@PART[*]:HAS[@MODULE[ModuleCommand],!MODULE[KerbalEVA]]:NEEDS[!MechJebUseCommandPod,!RP-0,!RealismOverhaul] to Squad/Parts/Command/probeStackSmall/probeStackSmall.cfg/PART[probeStackSmall]
[LOG 14:26:50.669] Applying update MechJeb2/Parts/MechJebNoCommandPod/@PART[*]:HAS[@MODULE[ModuleCommand],!MODULE[KerbalEVA]]:NEEDS[!MechJebUseCommandPod,!RP-0,!RealismOverhaul] to Squad/Parts/Command/probeStackSphere_v2/probeStackSphere_v2.cfg/PART[probeCoreSphere_v2]
[LOG 14:26:50.671] Applying update MechJeb2/Parts/MechJebNoCommandPod/@PART[*]:HAS[@MODULE[ModuleCommand],!MODULE[KerbalEVA]]:NEEDS[!MechJebUseCommandPod,!RP-0,!RealismOverhaul] to Squad/Parts/Misc/AsteroidDay/HECS2.cfg/PART[HECS2_ProbeCore]
[LOG 14:26:50.676] Applying update MechJeb2/Parts/MechJebNoCommandPod/@PART[*]:HAS[@MODULE[ModuleCommand],!MODULE[KerbalEVA]]:NEEDS[!MechJebUseCommandPod,!RP-0,!RealismOverhaul] to SquadExpansion/MakingHistory/Parts/Pods/KV1Pod.cfg/PART[kv1Pod]
[LOG 14:26:50.680] Applying update MechJeb2/Parts/MechJebNoCommandPod/@PART[*]:HAS[@MODULE[ModuleCommand],!MODULE[KerbalEVA]]:NEEDS[!MechJebUseCommandPod,!RP-0,!RealismOverhaul] to SquadExpansion/MakingHistory/Parts/Pods/KV2Pod.cfg/PART[kv2Pod]
[LOG 14:26:50.681] Applying update MechJeb2/Parts/MechJebNoCommandPod/@PART[*]:HAS[@MODULE[ModuleCommand],!MODULE[KerbalEVA]]:NEEDS[!MechJebUseCommandPod,!RP-0,!RealismOverhaul] to SquadExpansion/MakingHistory/Parts/Pods/KV3Pod.cfg/PART[kv3Pod]
[LOG 14:26:50.681] Applying update MechJeb2/Parts/MechJebNoCommandPod/@PART[*]:HAS[@MODULE[ModuleCommand],!MODULE[KerbalEVA]]:NEEDS[!MechJebUseCommandPod,!RP-0,!RealismOverhaul] to SquadExpansion/MakingHistory/Parts/Pods/Mk2Pod.cfg/PART[Mk2Pod]
[LOG 14:26:50.682] Applying update MechJeb2/Parts/MechJebNoCommandPod/@PART[*]:HAS[@MODULE[ModuleCommand],!MODULE[KerbalEVA]]:NEEDS[!MechJebUseCommandPod,!RP-0,!RealismOverhaul] to SquadExpansion/MakingHistory/Parts/Pods/Size1_5_Lander.cfg/PART[MEMLander]
[LOG 14:26:50.686] Applying update RealSolarSystem/DSN_Ranges/@PART[*]:HAS[@MODULE[ModuleDataTransmitter]] to Squad/Parts/Command/cupola/cupola.cfg/PART[cupola]
[LOG 14:26:50.687] Applying update RealSolarSystem/DSN_Ranges/@PART[*]:HAS[@MODULE[ModuleDataTransmitter]] to Squad/Parts/Command/Mk1-3Pod/mk1-3.cfg/PART[mk1-3pod]
[LOG 14:26:50.688] Applying update RealSolarSystem/DSN_Ranges/@PART[*]:HAS[@MODULE[ModuleDataTransmitter]] to Squad/Parts/Command/mk1Cockpits/mk1Cockpit.cfg/PART[Mark1Cockpit]
[LOG 14:26:50.712] Applying update RealSolarSystem/DSN_Ranges/@PART[*]:HAS[@MODULE[ModuleDataTransmitter]] to Squad/Parts/Command/mk1Cockpits/mk1CrewCabin.cfg/PART[MK1CrewCabin]
[LOG 14:26:50.712] Applying update RealSolarSystem/DSN_Ranges/@PART[*]:HAS[@MODULE[ModuleDataTransmitter]] to Squad/Parts/Command/mk1Cockpits/mk1InlineCockpit.cfg/PART[Mark2Cockpit]
[LOG 14:26:50.712] Applying update RealSolarSystem/DSN_Ranges/@PART[*]:HAS[@MODULE[ModuleDataTransmitter]] to Squad/Parts/Command/mk1LanderCan/mk1LanderCan.cfg/PART[landerCabinSmall]
[LOG 14:26:50.713] Applying update RealSolarSystem/DSN_Ranges/@PART[*]:HAS[@MODULE[ModuleDataTransmitter]] to Squad/Parts/Command/mk1pod_v2/mk1Pod_v2.cfg/PART[mk1pod_v2]
[LOG 14:26:50.713] Applying update RealSolarSystem/DSN_Ranges/@PART[*]:HAS[@MODULE[ModuleDataTransmitter]] to Squad/Parts/Command/mk2CockpitInline/mk2CockpitInline.cfg/PART[mk2Cockpit_Inline]
[LOG 14:26:50.713] Applying update RealSolarSystem/DSN_Ranges/@PART[*]:HAS[@MODULE[ModuleDataTransmitter]] to Squad/Parts/Command/mk2CockpitStandard/mk2CockpitStandard.cfg/PART[mk2Cockpit_Standard]
[LOG 14:26:50.713] Applying update RealSolarSystem/DSN_Ranges/@PART[*]:HAS[@MODULE[ModuleDataTransmitter]] to Squad/Parts/Command/mk2DroneCore/mk2Dronecore.cfg/PART[mk2DroneCore]
[LOG 14:26:50.714] Applying update RealSolarSystem/DSN_Ranges/@PART[*]:HAS[@MODULE[ModuleDataTransmitter]] to Squad/Parts/Command/mk2LanderCan/mk2LanderCan.cfg/PART[mk2LanderCabin]
[LOG 14:26:50.714] Applying update RealSolarSystem/DSN_Ranges/@PART[*]:HAS[@MODULE[ModuleDataTransmitter]] to Squad/Parts/Command/mk2LanderCan_v2/mk2LanderCan_v2.cfg/PART[mk2LanderCabin_v2]
[LOG 14:26:50.714] Applying update RealSolarSystem/DSN_Ranges/@PART[*]:HAS[@MODULE[ModuleDataTransmitter]] to Squad/Parts/Command/mk3CockpitShuttle/mk3CockpitShuttle.cfg/PART[mk3Cockpit_Shuttle]
[LOG 14:26:50.714] Applying update RealSolarSystem/DSN_Ranges/@PART[*]:HAS[@MODULE[ModuleDataTransmitter]] to Squad/Parts/Command/MpoProbe/MpoProbe.cfg/PART[MpoProbe]
[LOG 14:26:50.714] Applying update RealSolarSystem/DSN_Ranges/@PART[*]:HAS[@MODULE[ModuleDataTransmitter]] to Squad/Parts/Command/MtmStage/MTM_Stage.cfg/PART[MtmStage]
[LOG 14:26:50.715] Applying update RealSolarSystem/DSN_Ranges/@PART[*]:HAS[@MODULE[ModuleDataTransmitter]] to Squad/Parts/Command/probeCoreCube/probeCoreCube.cfg/PART[probeCoreCube]
[LOG 14:26:50.715] Applying update RealSolarSystem/DSN_Ranges/@PART[*]:HAS[@MODULE[ModuleDataTransmitter]] to Squad/Parts/Command/probeCoreHex/probeCoreHex.cfg/PART[probeCoreHex]
[LOG 14:26:50.715] Applying update RealSolarSystem/DSN_Ranges/@PART[*]:HAS[@MODULE[ModuleDataTransmitter]] to Squad/Parts/Command/probeCoreHex_v2/probeCoreHex_v2.cfg/PART[probeCoreHex_v2]
[LOG 14:26:50.715] Applying update RealSolarSystem/DSN_Ranges/@PART[*]:HAS[@MODULE[ModuleDataTransmitter]] to Squad/Parts/Command/probeCoreOcto2_v2/probeCoreOcto2_v2.cfg/PART[probeCoreOcto2_v2]
[LOG 14:26:50.715] Applying update RealSolarSystem/DSN_Ranges/@PART[*]:HAS[@MODULE[ModuleDataTransmitter]] to Squad/Parts/Command/probeCoreOcto_v2/probeCoreOcto_v2.cfg/PART[probeCoreOcto_v2]
[LOG 14:26:50.716] Applying update RealSolarSystem/DSN_Ranges/@PART[*]:HAS[@MODULE[ModuleDataTransmitter]] to Squad/Parts/Command/probeRoverBody/probeRoverBody.cfg/PART[roverBody]
[LOG 14:26:50.716] Applying update RealSolarSystem/DSN_Ranges/@PART[*]:HAS[@MODULE[ModuleDataTransmitter]] to Squad/Parts/Command/probeRoverBody_v2/probeRoverBody_v2.cfg/PART[roverBody_v2]
[LOG 14:26:50.716] Applying update RealSolarSystem/DSN_Ranges/@PART[*]:HAS[@MODULE[ModuleDataTransmitter]] to Squad/Parts/Command/probeStackLarge/probeStackLarge.cfg/PART[probeStackLarge]
[LOG 14:26:50.716] Applying update RealSolarSystem/DSN_Ranges/@PART[*]:HAS[@MODULE[ModuleDataTransmitter]] to Squad/Parts/Command/probeStackSmall/probeStackSmall.cfg/PART[probeStackSmall]
[LOG 14:26:50.716] Applying update RealSolarSystem/DSN_Ranges/@PART[*]:HAS[@MODULE[ModuleDataTransmitter]] to Squad/Parts/Command/probeStackSphere_v2/probeStackSphere_v2.cfg/PART[probeCoreSphere_v2]
[LOG 14:26:50.718] Applying update RealSolarSystem/DSN_Ranges/@PART[*]:HAS[@MODULE[ModuleDataTransmitter]] to Squad/Parts/Misc/AsteroidDay/HECS2.cfg/PART[HECS2_ProbeCore]
[LOG 14:26:50.718] Applying update RealSolarSystem/DSN_Ranges/@PART[*]:HAS[@MODULE[ModuleDataTransmitter]] to Squad/Parts/Misc/AsteroidDay/HighGainAntenna.cfg/PART[HighGainAntenna]
[LOG 14:26:50.720] Applying update RealSolarSystem/DSN_Ranges/@PART[*]:HAS[@MODULE[ModuleDataTransmitter]] to Squad/Parts/Utility/commDish88-88/commDish88-88.cfg/PART[commDish]
[LOG 14:26:50.720] Applying update RealSolarSystem/DSN_Ranges/@PART[*]:HAS[@MODULE[ModuleDataTransmitter]] to Squad/Parts/Utility/commsAntennaDTS-M1/commsAntennaDTS-M1.cfg/PART[mediumDishAntenna]
[LOG 14:26:50.720] Applying update RealSolarSystem/DSN_Ranges/@PART[*]:HAS[@MODULE[ModuleDataTransmitter]] to Squad/Parts/Utility/commsDish16/commsAntenna16.cfg/PART[longAntenna]
[LOG 14:26:50.720] Applying update RealSolarSystem/DSN_Ranges/@PART[*]:HAS[@MODULE[ModuleDataTransmitter]] to Squad/Parts/Utility/DirectAntennas/C16S.cfg/PART[SurfAntenna]
[LOG 14:26:50.720] Applying update RealSolarSystem/DSN_Ranges/@PART[*]:HAS[@MODULE[ModuleDataTransmitter]] to Squad/Parts/Utility/DirectAntennas/HG-5.cfg/PART[HighGainAntenna5]
[LOG 14:26:50.720] Applying update RealSolarSystem/DSN_Ranges/@PART[*]:HAS[@MODULE[ModuleDataTransmitter]] to Squad/Parts/Utility/DirectAntennas/HG-5_v2.cfg/PART[HighGainAntenna5_v2]
[LOG 14:26:50.724] Applying update RealSolarSystem/DSN_Ranges/@PART[*]:HAS[@MODULE[ModuleDataTransmitter]] to Squad/Parts/Utility/RelayAntennas/RA-100.cfg/PART[RelayAntenna100]
[LOG 14:26:50.724] Applying update RealSolarSystem/DSN_Ranges/@PART[*]:HAS[@MODULE[ModuleDataTransmitter]] to Squad/Parts/Utility/RelayAntennas/RA-5.cfg/PART[RelayAntenna5]
[LOG 14:26:50.724] Applying update RealSolarSystem/DSN_Ranges/@PART[*]:HAS[@MODULE[ModuleDataTransmitter]] to Squad/Parts/Utility/RelayAntennas/RA-50.cfg/PART[RelayAntenna50]
[LOG 14:26:50.726] Applying update RealSolarSystem/DSN_Ranges/@PART[*]:HAS[@MODULE[ModuleDataTransmitter]] to SquadExpansion/MakingHistory/Parts/Payload/SM25.cfg/PART[ServiceModule25]
[LOG 14:26:50.726] Applying update RealSolarSystem/DSN_Ranges/@PART[*]:HAS[@MODULE[ModuleDataTransmitter]] to SquadExpansion/MakingHistory/Parts/Pods/KV1Pod.cfg/PART[kv1Pod]
[LOG 14:26:50.727] Applying update RealSolarSystem/DSN_Ranges/@PART[*]:HAS[@MODULE[ModuleDataTransmitter]] to SquadExpansion/MakingHistory/Parts/Pods/KV2Pod.cfg/PART[kv2Pod]
[LOG 14:26:50.731] Applying update RealSolarSystem/DSN_Ranges/@PART[*]:HAS[@MODULE[ModuleDataTransmitter]] to SquadExpansion/MakingHistory/Parts/Pods/KV3Pod.cfg/PART[kv3Pod]
[LOG 14:26:50.731] Applying update RealSolarSystem/DSN_Ranges/@PART[*]:HAS[@MODULE[ModuleDataTransmitter]] to SquadExpansion/MakingHistory/Parts/Pods/Mk2Pod.cfg/PART[Mk2Pod]
[LOG 14:26:50.731] Applying update RealSolarSystem/DSN_Ranges/@PART[*]:HAS[@MODULE[ModuleDataTransmitter]] to SquadExpansion/MakingHistory/Parts/Pods/Size1_5_Lander.cfg/PART[MEMLander]
[LOG 14:26:50.736] :BEFORE[0_MULTIPLEMODULEINPARTAPI] pass
[LOG 14:26:50.736] :FOR[0_MULTIPLEMODULEINPARTAPI] pass
[LOG 14:26:50.736] :AFTER[0_MULTIPLEMODULEINPARTAPI] pass
[LOG 14:26:50.736] :BEFORE[000_HARMONY] pass
[LOG 14:26:50.736] :FOR[000_HARMONY] pass
[LOG 14:26:50.736] :AFTER[000_HARMONY] pass
[LOG 14:26:50.736] :BEFORE[0HARMONY] pass
[LOG 14:26:50.736] :FOR[0HARMONY] pass
[LOG 14:26:50.736] :AFTER[0HARMONY] pass
[LOG 14:26:50.736] :BEFORE[ALGLIB] pass
[LOG 14:26:50.736] :FOR[ALGLIB] pass
[LOG 14:26:50.736] :AFTER[ALGLIB] pass
[LOG 14:26:50.736] :BEFORE[ASSEMBLY-CSHARP] pass
[LOG 14:26:50.736] :FOR[ASSEMBLY-CSHARP] pass
[LOG 14:26:50.736] :AFTER[ASSEMBLY-CSHARP] pass
[LOG 14:26:50.736] :BEFORE[HARMONYINSTALLCHECKER] pass
[LOG 14:26:50.736] :FOR[HARMONYINSTALLCHECKER] pass
[LOG 14:26:50.736] :AFTER[HARMONYINSTALLCHECKER] pass
[LOG 14:26:50.736] :BEFORE[KOPERNICUS] pass
[LOG 14:26:50.736] :FOR[KOPERNICUS] pass
[LOG 14:26:50.736] Applying update Kopernicus/Config/BodyPQSFix/@Kopernicus:FOR[Kopernicus] to Kopernicus/Config/System.cfg/Kopernicus[Kerbol System]
[LOG 14:26:50.736] :AFTER[KOPERNICUS] pass
[LOG 14:26:50.736] :BEFORE[KOPERNICUS.PARSER] pass
[LOG 14:26:50.736] :FOR[KOPERNICUS.PARSER] pass
[LOG 14:26:50.736] :AFTER[KOPERNICUS.PARSER] pass
[LOG 14:26:50.736] :BEFORE[KOPERNICUS_VERSION] pass
[LOG 14:26:50.736] :FOR[KOPERNICUS_VERSION] pass
[LOG 14:26:50.736] Applying update Kopernicus/Config/00Version/@KOP_VERSION:FOR[Kopernicus_Version] to Kopernicus/Config/00Version.cfg/KOP_VERSION[Kopernicus_Version]
[LOG 14:26:50.737] :AFTER[KOPERNICUS_VERSION] pass
[LOG 14:26:50.737] :BEFORE[KSPCOMMUNITYFIXES] pass
[LOG 14:26:50.737] :FOR[KSPCOMMUNITYFIXES] pass
[LOG 14:26:50.737] Applying update KSPCommunityFixes/MMPatches/StockTweaks/ManufacturerFixes/@PART[sasModule]:FOR[KSPCommunityFixes] to Squad/Parts/Command/inlineReactionWheel/inlineReactionWheel.cfg/PART[sasModule]
[LOG 14:26:50.737] Applying update KSPCommunityFixes/MMPatches/StockTweaks/ManufacturerFixes/@PART[xenonTankRadial]:FOR[KSPCommunityFixes] to Squad/Parts/FuelTank/xenonTankRadial/xenonTankRadial.cfg/PART[xenonTankRadial]
[LOG 14:26:50.738] Applying update KSPCommunityFixes/MMPatches/StockTweaks/ManufacturerFixes/@PART[winglet|fireworksLauncherSmall|fireworksLauncherBig]:FOR[KSPCommunityFixes] to Squad/Parts/Aero/wingletAV-T1/wingletAV-T1.cfg/PART[winglet]
[LOG 14:26:50.738] Applying update KSPCommunityFixes/MMPatches/StockTweaks/ManufacturerFixes/@PART[winglet|fireworksLauncherSmall|fireworksLauncherBig]:FOR[KSPCommunityFixes] to Squad/Parts/Utility/Fireworks/fireworksLauncherBig.cfg/PART[fireworksLauncherBig]
[LOG 14:26:50.738] Applying update KSPCommunityFixes/MMPatches/StockTweaks/ManufacturerFixes/@PART[winglet|fireworksLauncherSmall|fireworksLauncherBig]:FOR[KSPCommunityFixes] to Squad/Parts/Utility/Fireworks/fireworksLauncherSmall.cfg/PART[fireworksLauncherSmall]
[LOG 14:26:50.740] Applying update KSPCommunityFixes/MMPatches/StockTweaks/ManufacturerFixes/@PART[solidBooster_sm_v2|solidBooster_v2]:FOR[KSPCommunityFixes] to Squad/Parts/Engine/Size1_SRBs/solidBoosterRT-10_v2.cfg/PART[solidBooster_v2]
[LOG 14:26:50.740] Applying update KSPCommunityFixes/MMPatches/StockTweaks/ManufacturerFixes/@PART[solidBooster_sm_v2|solidBooster_v2]:FOR[KSPCommunityFixes] to Squad/Parts/Engine/Size1_SRBs/solidBoosterRT-5_v2.cfg/PART[solidBooster_sm_v2]
[LOG 14:26:50.742] Applying update KSPCommunityFixes/MMPatches/StockTweaks/ManufacturerFixes/@PART[ServiceBay_125_v2|ServiceBay_250_v2]:FOR[KSPCommunityFixes] to Squad/Parts/Utility/ServiceBay_v2/ServiceBay_125_v2.cfg/PART[ServiceBay_125_v2]
[LOG 14:26:50.742] Applying update KSPCommunityFixes/MMPatches/StockTweaks/ManufacturerFixes/@PART[ServiceBay_125_v2|ServiceBay_250_v2]:FOR[KSPCommunityFixes] to Squad/Parts/Utility/ServiceBay_v2/ServiceBay_250_v2.cfg/PART[ServiceBay_250_v2]
[LOG 14:26:50.743] Applying update KSPCommunityFixes/MMPatches/StockTweaks/ManufacturerFixes/@PART[externalTankCapsule]:FOR[KSPCommunityFixes] to Squad/Parts/FuelTank/FoilTanks/RadialTank_Capsule.cfg/PART[externalTankCapsule]
[LOG 14:26:50.744] Applying update KSPCommunityFixes/MMPatches/StockTweaks/ManufacturerFixes/@PART[RCSFuelTank|rcsTankMini|RCSTank1-2]:FOR[KSPCommunityFixes] to Squad/Parts/FuelTank/RCSFuelTankR1/RCSFuelTankR1.cfg/PART[RCSTank1-2]
[LOG 14:26:50.744] Applying update KSPCommunityFixes/MMPatches/StockTweaks/ManufacturerFixes/@PART[RCSFuelTank|rcsTankMini|RCSTank1-2]:FOR[KSPCommunityFixes] to Squad/Parts/FuelTank/RCSFuelTankR10/RCSFuelTankR10.cfg/PART[rcsTankMini]
[LOG 14:26:50.744] Applying update KSPCommunityFixes/MMPatches/StockTweaks/ManufacturerFixes/@PART[RCSFuelTank|rcsTankMini|RCSTank1-2]:FOR[KSPCommunityFixes] to Squad/Parts/FuelTank/RCSFuelTankR25/RCSFuelTankR25.cfg/PART[RCSFuelTank]
[LOG 14:26:50.746] Applying update KSPCommunityFixes/MMPatches/StockTweaks/ManufacturerFixes/@PART[landerCabinSmall]:FOR[KSPCommunityFixes] to Squad/Parts/Command/mk1LanderCan/mk1LanderCan.cfg/PART[landerCabinSmall]
[LOG 14:26:50.747] Applying update KSPCommunityFixes/MMPatches/StockTweaks/ManufacturerFixes/@PART[dockingPortLateral]:FOR[KSPCommunityFixes] to Squad/Parts/Utility/dockingPortInline/dockingPortInline.cfg/PART[dockingPortLateral]
[LOG 14:26:50.748] Applying update KSPCommunityFixes/MMPatches/StockTweaks/ManufacturerFixes/@PART[EnginePlate4]:FOR[KSPCommunityFixes]:NEEDS[SquadExpansion/MakingHistory] to SquadExpansion/MakingHistory/Parts/Coupling/EnginePlate_4.cfg/PART[EnginePlate4]
[LOG 14:26:50.749] Applying update KSPCommunityFixes/MMPatches/StockTweaks/ManufacturerFixes/@PART[Mk2Pod]:FOR[KSPCommunityFixes]:NEEDS[SquadExpansion/MakingHistory] to SquadExpansion/MakingHistory/Parts/Pods/Mk2Pod.cfg/PART[Mk2Pod]
[LOG 14:26:50.755] Applying update KSPCommunityFixes/MMPatches/StockTweaks/ManufacturerFixes/@PART[evaChute|parachuteSingle|parachuteRadial|radialDrogue|parachuteLarge|parachuteDrogue]:FOR[KSPCommunityFixes] to Squad/Parts/Cargo/Parachute/Parachute.cfg/PART[evaChute]
[LOG 14:26:50.757] Applying update KSPCommunityFixes/MMPatches/StockTweaks/ManufacturerFixes/@PART[evaChute|parachuteSingle|parachuteRadial|radialDrogue|parachuteLarge|parachuteDrogue]:FOR[KSPCommunityFixes] to Squad/Parts/Utility/parachuteMk1/parachuteMk1.cfg/PART[parachuteSingle]
[LOG 14:26:50.780] Applying update KSPCommunityFixes/MMPatches/StockTweaks/ManufacturerFixes/@PART[evaChute|parachuteSingle|parachuteRadial|radialDrogue|parachuteLarge|parachuteDrogue]:FOR[KSPCommunityFixes] to Squad/Parts/Utility/parachuteMk12-R/parachuteMk12-R.cfg/PART[radialDrogue]
[LOG 14:26:50.780] Applying update KSPCommunityFixes/MMPatches/StockTweaks/ManufacturerFixes/@PART[evaChute|parachuteSingle|parachuteRadial|radialDrogue|parachuteLarge|parachuteDrogue]:FOR[KSPCommunityFixes] to Squad/Parts/Utility/parachuteMk16-XL/parachuteMk16-XL.cfg/PART[parachuteLarge]
[LOG 14:26:50.780] Applying update KSPCommunityFixes/MMPatches/StockTweaks/ManufacturerFixes/@PART[evaChute|parachuteSingle|parachuteRadial|radialDrogue|parachuteLarge|parachuteDrogue]:FOR[KSPCommunityFixes] to Squad/Parts/Utility/parachuteMk2-R/parachuteMk2-R.cfg/PART[parachuteRadial]
[LOG 14:26:50.780] Applying update KSPCommunityFixes/MMPatches/StockTweaks/ManufacturerFixes/@PART[evaChute|parachuteSingle|parachuteRadial|radialDrogue|parachuteLarge|parachuteDrogue]:FOR[KSPCommunityFixes] to Squad/Parts/Utility/parachuteMk25/parachuteMk25.cfg/PART[parachuteDrogue]
[LOG 14:26:50.784] Applying update KSPCommunityFixes/MMPatches/StockTweaks/ManufacturerFixes/@PART[stackPoint1|dockingPort1|dockingPort2|dockingPort3|dockingPortLarge]:FOR[KSPCommunityFixes] to Squad/Parts/Utility/dockingPort/dockingPort.cfg/PART[dockingPort2]
[LOG 14:26:50.784] Applying update KSPCommunityFixes/MMPatches/StockTweaks/ManufacturerFixes/@PART[stackPoint1|dockingPort1|dockingPort2|dockingPort3|dockingPortLarge]:FOR[KSPCommunityFixes] to Squad/Parts/Utility/dockingPortJr/dockingPortJr.cfg/PART[dockingPort3]
[LOG 14:26:50.784] Applying update KSPCommunityFixes/MMPatches/StockTweaks/ManufacturerFixes/@PART[stackPoint1|dockingPort1|dockingPort2|dockingPort3|dockingPortLarge]:FOR[KSPCommunityFixes] to Squad/Parts/Utility/dockingPortShielded/dockingPortShielded.cfg/PART[dockingPort1]
[LOG 14:26:50.784] Applying update KSPCommunityFixes/MMPatches/StockTweaks/ManufacturerFixes/@PART[stackPoint1|dockingPort1|dockingPort2|dockingPort3|dockingPortLarge]:FOR[KSPCommunityFixes] to Squad/Parts/Utility/dockingPortSr/dockingPortSr.cfg/PART[dockingPortLarge]
[LOG 14:26:50.784] Applying update KSPCommunityFixes/MMPatches/StockTweaks/ManufacturerFixes/@PART[stackPoint1|dockingPort1|dockingPort2|dockingPort3|dockingPortLarge]:FOR[KSPCommunityFixes] to Squad/Parts/Utility/radialAttachmentPoint/radialAttachmentPoint.cfg/PART[stackPoint1]
[LOG 14:26:50.785] :AFTER[KSPCOMMUNITYFIXES] pass
[LOG 14:26:50.785] :BEFORE[KSPTEXTURELOADER] pass
[LOG 14:26:50.785] :FOR[KSPTEXTURELOADER] pass
[LOG 14:26:50.785] :AFTER[KSPTEXTURELOADER] pass
[LOG 14:26:50.785] :BEFORE[KSPTEXTURELOADER.BURST] pass
[LOG 14:26:50.785] :FOR[KSPTEXTURELOADER.BURST] pass
[LOG 14:26:50.785] :AFTER[KSPTEXTURELOADER.BURST] pass
[LOG 14:26:50.785] :BEFORE[MECHJEB2] pass
[LOG 14:26:50.785] :FOR[MECHJEB2] pass
[LOG 14:26:50.785] :AFTER[MECHJEB2] pass
[LOG 14:26:50.785] :BEFORE[MECHJEBLIB] pass
[LOG 14:26:50.785] :FOR[MECHJEBLIB] pass
[LOG 14:26:50.785] :AFTER[MECHJEBLIB] pass
[LOG 14:26:50.785] :BEFORE[MECHJEBLIBBINDINGS] pass
[LOG 14:26:50.785] :FOR[MECHJEBLIBBINDINGS] pass
[LOG 14:26:50.785] :AFTER[MECHJEBLIBBINDINGS] pass
[LOG 14:26:50.785] :BEFORE[MODULARFLIGHTINTEGRATOR] pass
[LOG 14:26:50.785] :FOR[MODULARFLIGHTINTEGRATOR] pass
[LOG 14:26:50.785] :AFTER[MODULARFLIGHTINTEGRATOR] pass
[LOG 14:26:50.785] :BEFORE[MODULEMANAGER] pass
[LOG 14:26:50.785] :FOR[MODULEMANAGER] pass
[LOG 14:26:50.785] :AFTER[MODULEMANAGER] pass
[LOG 14:26:50.785] :BEFORE[RATIONALRESOURCESAU] pass
[LOG 14:26:50.785] :FOR[RATIONALRESOURCESAU] pass
[LOG 14:26:50.785] Applying update RealSolarSystem/Compatibility/RationalResources/@REALSOLARSYSTEM:FOR[RationalResourcesAU] to RealSolarSystem/RealSolarSystem.cfg/REALSOLARSYSTEM
[LOG 14:26:50.786] :AFTER[RATIONALRESOURCESAU] pass
[LOG 14:26:50.786] :BEFORE[REALSOLARSYSTEM] pass
[LOG 14:26:50.786] :FOR[REALSOLARSYSTEM] pass
[LOG 14:26:50.786] Applying update RealSolarSystem/ContractModifier/@Contracts:FOR[RealSolarSystem] to Squad/Contracts/Contracts.cfg/Contracts
[LOG 14:26:50.788] Applying update RealSolarSystem/ContractModifier/@Contracts:FOR[RealSolarSystem] to SquadExpansion/Serenity/Contracts/contracts.cfg/Contracts
[LOG 14:26:50.790] Applying delete RealSolarSystem/ROCDefinitions/!ROC_DEFINITION:HAS[@CELESTIALBODY:HAS[#Name[Moho]]]:FOR[RealSolarSystem] to SquadExpansion/Serenity/Resources/rocsdef.cfg/ROC_DEFINITION
[LOG 14:26:50.790] Applying delete RealSolarSystem/ROCDefinitions/!ROC_DEFINITION:HAS[@CELESTIALBODY:HAS[#Name[Moho]]]:FOR[RealSolarSystem] to SquadExpansion/Serenity/Resources/rocsdef.cfg/ROC_DEFINITION
[LOG 14:26:50.791] Applying delete RealSolarSystem/ROCDefinitions/!ROC_DEFINITION:HAS[@CELESTIALBODY:HAS[#Name[Eve]]]:FOR[RealSolarSystem] to SquadExpansion/Serenity/Resources/rocsdef.cfg/ROC_DEFINITION
[LOG 14:26:50.791] Applying delete RealSolarSystem/ROCDefinitions/!ROC_DEFINITION:HAS[@CELESTIALBODY:HAS[#Name[Eve]]]:FOR[RealSolarSystem] to SquadExpansion/Serenity/Resources/rocsdef.cfg/ROC_DEFINITION
[LOG 14:26:50.791] Applying delete RealSolarSystem/ROCDefinitions/!ROC_DEFINITION:HAS[@CELESTIALBODY:HAS[#Name[Eve]]]:FOR[RealSolarSystem] to SquadExpansion/Serenity/Resources/rocsdef.cfg/ROC_DEFINITION
[LOG 14:26:50.792] Applying delete RealSolarSystem/ROCDefinitions/!ROC_DEFINITION:HAS[@CELESTIALBODY:HAS[#Name[Gilly]]]:FOR[RealSolarSystem] to SquadExpansion/Serenity/Resources/rocsdef.cfg/ROC_DEFINITION
[LOG 14:26:50.792] Applying delete RealSolarSystem/ROCDefinitions/!ROC_DEFINITION:HAS[@CELESTIALBODY:HAS[#Name[Kerbin]]]:FOR[RealSolarSystem] to SquadExpansion/Serenity/Resources/rocsdef.cfg/ROC_DEFINITION
[LOG 14:26:50.792] Applying delete RealSolarSystem/ROCDefinitions/!ROC_DEFINITION:HAS[@CELESTIALBODY:HAS[#Name[Kerbin]]]:FOR[RealSolarSystem] to SquadExpansion/Serenity/Resources/rocsdef.cfg/ROC_DEFINITION
[LOG 14:26:50.794] Applying delete RealSolarSystem/ROCDefinitions/!ROC_DEFINITION:HAS[@CELESTIALBODY:HAS[#Name[Mun]]]:FOR[RealSolarSystem] to SquadExpansion/Serenity/Resources/rocsdef.cfg/ROC_DEFINITION
[LOG 14:26:50.794] Applying delete RealSolarSystem/ROCDefinitions/!ROC_DEFINITION:HAS[@CELESTIALBODY:HAS[#Name[Mun]]]:FOR[RealSolarSystem] to SquadExpansion/Serenity/Resources/rocsdef.cfg/ROC_DEFINITION
[LOG 14:26:50.794] Applying delete RealSolarSystem/ROCDefinitions/!ROC_DEFINITION:HAS[@CELESTIALBODY:HAS[#Name[Mun]]]:FOR[RealSolarSystem] to SquadExpansion/Serenity/Resources/rocsdef.cfg/ROC_DEFINITION
[LOG 14:26:50.795] Applying delete RealSolarSystem/ROCDefinitions/!ROC_DEFINITION:HAS[@CELESTIALBODY:HAS[#Name[Minmus]]]:FOR[RealSolarSystem] to SquadExpansion/Serenity/Resources/rocsdef.cfg/ROC_DEFINITION
[LOG 14:26:50.795] Applying delete RealSolarSystem/ROCDefinitions/!ROC_DEFINITION:HAS[@CELESTIALBODY:HAS[#Name[Minmus]]]:FOR[RealSolarSystem] to SquadExpansion/Serenity/Resources/rocsdef.cfg/ROC_DEFINITION
[LOG 14:26:50.799] Applying delete RealSolarSystem/ROCDefinitions/!ROC_DEFINITION:HAS[@CELESTIALBODY:HAS[#Name[Duna]]]:FOR[RealSolarSystem] to SquadExpansion/Serenity/Resources/rocsdef.cfg/ROC_DEFINITION
[LOG 14:26:50.799] Applying delete RealSolarSystem/ROCDefinitions/!ROC_DEFINITION:HAS[@CELESTIALBODY:HAS[#Name[Duna]]]:FOR[RealSolarSystem] to SquadExpansion/Serenity/Resources/rocsdef.cfg/ROC_DEFINITION
[LOG 14:26:50.799] Applying delete RealSolarSystem/ROCDefinitions/!ROC_DEFINITION:HAS[@CELESTIALBODY:HAS[#Name[Duna]]]:FOR[RealSolarSystem] to SquadExpansion/Serenity/Resources/rocsdef.cfg/ROC_DEFINITION
[LOG 14:26:50.799] Applying delete RealSolarSystem/ROCDefinitions/!ROC_DEFINITION:HAS[@CELESTIALBODY:HAS[#Name[Duna]]]:FOR[RealSolarSystem] to SquadExpansion/Serenity/Resources/rocsdef.cfg/ROC_DEFINITION
[LOG 14:26:50.799] Applying delete RealSolarSystem/ROCDefinitions/!ROC_DEFINITION:HAS[@CELESTIALBODY:HAS[#Name[Ike]]]:FOR[RealSolarSystem] to SquadExpansion/Serenity/Resources/rocsdef.cfg/ROC_DEFINITION
[LOG 14:26:50.800] Applying delete RealSolarSystem/ROCDefinitions/!ROC_DEFINITION:HAS[@CELESTIALBODY:HAS[#Name[Dres]]]:FOR[RealSolarSystem] to SquadExpansion/Serenity/Resources/rocsdef.cfg/ROC_DEFINITION
[LOG 14:26:50.800] Applying delete RealSolarSystem/ROCDefinitions/!ROC_DEFINITION:HAS[@CELESTIALBODY:HAS[#Name[Dres]]]:FOR[RealSolarSystem] to SquadExpansion/Serenity/Resources/rocsdef.cfg/ROC_DEFINITION
[LOG 14:26:50.800] Applying delete RealSolarSystem/ROCDefinitions/!ROC_DEFINITION:HAS[@CELESTIALBODY:HAS[#Name[Laythe]]]:FOR[RealSolarSystem] to SquadExpansion/Serenity/Resources/rocsdef.cfg/ROC_DEFINITION
[LOG 14:26:50.800] Applying delete RealSolarSystem/ROCDefinitions/!ROC_DEFINITION:HAS[@CELESTIALBODY:HAS[#Name[Laythe]]]:FOR[RealSolarSystem] to SquadExpansion/Serenity/Resources/rocsdef.cfg/ROC_DEFINITION
[LOG 14:26:50.800] Applying delete RealSolarSystem/ROCDefinitions/!ROC_DEFINITION:HAS[@CELESTIALBODY:HAS[#Name[Laythe]]]:FOR[RealSolarSystem] to SquadExpansion/Serenity/Resources/rocsdef.cfg/ROC_DEFINITION
[LOG 14:26:50.801] Applying delete RealSolarSystem/ROCDefinitions/!ROC_DEFINITION:HAS[@CELESTIALBODY:HAS[#Name[Vall]]]:FOR[RealSolarSystem] to SquadExpansion/Serenity/Resources/rocsdef.cfg/ROC_DEFINITION
[LOG 14:26:50.801] Applying delete RealSolarSystem/ROCDefinitions/!ROC_DEFINITION:HAS[@CELESTIALBODY:HAS[#Name[Vall]]]:FOR[RealSolarSystem] to SquadExpansion/Serenity/Resources/rocsdef.cfg/ROC_DEFINITION
[LOG 14:26:50.801] Applying delete RealSolarSystem/ROCDefinitions/!ROC_DEFINITION:HAS[@CELESTIALBODY:HAS[#Name[Vall]]]:FOR[RealSolarSystem] to SquadExpansion/Serenity/Resources/rocsdef.cfg/ROC_DEFINITION
[LOG 14:26:50.802] Applying delete RealSolarSystem/ROCDefinitions/!ROC_DEFINITION:HAS[@CELESTIALBODY:HAS[#Name[Tylo]]]:FOR[RealSolarSystem] to SquadExpansion/Serenity/Resources/rocsdef.cfg/ROC_DEFINITION
[LOG 14:26:50.802] Applying delete RealSolarSystem/ROCDefinitions/!ROC_DEFINITION:HAS[@CELESTIALBODY:HAS[#Name[Tylo]]]:FOR[RealSolarSystem] to SquadExpansion/Serenity/Resources/rocsdef.cfg/ROC_DEFINITION
[LOG 14:26:50.802] Applying delete RealSolarSystem/ROCDefinitions/!ROC_DEFINITION:HAS[@CELESTIALBODY:HAS[#Name[Tylo]]]:FOR[RealSolarSystem] to SquadExpansion/Serenity/Resources/rocsdef.cfg/ROC_DEFINITION
[LOG 14:26:50.802] Applying delete RealSolarSystem/ROCDefinitions/!ROC_DEFINITION:HAS[@CELESTIALBODY:HAS[#Name[Bop]]]:FOR[RealSolarSystem] to SquadExpansion/Serenity/Resources/rocsdef.cfg/ROC_DEFINITION
[LOG 14:26:50.802] Applying delete RealSolarSystem/ROCDefinitions/!ROC_DEFINITION:HAS[@CELESTIALBODY:HAS[#Name[Pol]]]:FOR[RealSolarSystem] to SquadExpansion/Serenity/Resources/rocsdef.cfg/ROC_DEFINITION
[LOG 14:26:50.803] Applying delete RealSolarSystem/ROCDefinitions/!ROC_DEFINITION:HAS[@CELESTIALBODY:HAS[#Name[Eeloo]]]:FOR[RealSolarSystem] to SquadExpansion/Serenity/Resources/rocsdef.cfg/ROC_DEFINITION
[LOG 14:26:50.803] Applying delete RealSolarSystem/ROCDefinitions/!ROC_DEFINITION:HAS[@CELESTIALBODY:HAS[#Name[Eeloo]]]:FOR[RealSolarSystem] to SquadExpansion/Serenity/Resources/rocsdef.cfg/ROC_DEFINITION
[LOG 14:26:50.803] Applying delete RealSolarSystem/ROCDefinitions/!ROC_DEFINITION:HAS[@CELESTIALBODY:HAS[#Name[Eeloo]]]:FOR[RealSolarSystem] to SquadExpansion/Serenity/Resources/rocsdef.cfg/ROC_DEFINITION
[LOG 14:26:50.804] Applying update RealSolarSystem/RSSKopernicusSettings/@Kopernicus_config:FOR[RealSolarSystem] to Kopernicus/Config/01_DefaultConfig.cfg/Kopernicus_config
[LOG 14:26:50.804] Applying update RealSolarSystem/RSSKopernicusSettings/@Kopernicus:FOR[RealSolarSystem] to Kopernicus/Config/System.cfg/Kopernicus[Kerbol System]
[LOG 14:26:50.810] Applying update RealSolarSystem/RSS_TerrainDetailPresets/@Kopernicus:FOR[RealSolarSystem] to Kopernicus/Config/System.cfg/Kopernicus[Solar System]
[LOG 14:26:50.812] Applying update RealSolarSystem/Compatibility/CustomAsteroids/@CustomAsteroidPlanes:FOR[RealSolarSystem] to RealSolarSystem/Compatibility/CustomAsteroids.cfg/CustomAsteroidPlanes
[LOG 14:26:50.863] Applying update RealSolarSystem/RSSKopernicus/Sun/@Kopernicus:FOR[RealSolarSystem] to Kopernicus/Config/System.cfg/Kopernicus[Solar System]
[LOG 14:26:50.864] Applying update RealSolarSystem/RSSKopernicus/Asteroids/Asteroids/@Kopernicus:FOR[RealSolarSystem] to Kopernicus/Config/System.cfg/Kopernicus[Solar System]
[LOG 14:26:50.871] Applying update RealSolarSystem/RSSKopernicus/Asteroids/Asteroids/@PART[*]:HAS[@MODULE[ModuleAsteroid]]:FOR[RealSolarSystem] to Squad/Parts/Misc/PotatoRoid/part.cfg/PART[PotatoRoid]
[LOG 14:26:50.878] Applying update RealSolarSystem/RSSKopernicus/Ceres/Ceres/@Kopernicus:FOR[RealSolarSystem] to Kopernicus/Config/System.cfg/Kopernicus[Solar System]
[LOG 14:26:50.881] Applying update RealSolarSystem/RSSKopernicus/Earth/Earth/@Kopernicus:FOR[RealSolarSystem] to Kopernicus/Config/System.cfg/Kopernicus[Solar System]
[LOG 14:26:50.885] Applying update RealSolarSystem/RSSKopernicus/Earth/Moon/@Kopernicus:FOR[RealSolarSystem] to Kopernicus/Config/System.cfg/Kopernicus[Solar System]
[LOG 14:26:50.887] Applying update RealSolarSystem/RSSKopernicus/Jupiter/Callisto/@Kopernicus:FOR[RealSolarSystem] to Kopernicus/Config/System.cfg/Kopernicus[Solar System]
[LOG 14:26:50.889] Applying update RealSolarSystem/RSSKopernicus/Jupiter/Europa/@Kopernicus:FOR[RealSolarSystem] to Kopernicus/Config/System.cfg/Kopernicus[Solar System]
[LOG 14:26:50.892] Applying update RealSolarSystem/RSSKopernicus/Jupiter/Ganymede/@Kopernicus:FOR[RealSolarSystem] to Kopernicus/Config/System.cfg/Kopernicus[Solar System]
[LOG 14:26:50.895] Applying update RealSolarSystem/RSSKopernicus/Jupiter/Io/@Kopernicus:FOR[RealSolarSystem] to Kopernicus/Config/System.cfg/Kopernicus[Solar System]
[LOG 14:26:50.896] Applying update RealSolarSystem/RSSKopernicus/Jupiter/Jupiter/@Kopernicus:FOR[RealSolarSystem] to Kopernicus/Config/System.cfg/Kopernicus[Solar System]
[LOG 14:26:50.899] Applying update RealSolarSystem/RSSKopernicus/Jupiter/Jupiter_Oblate/@Kopernicus:FOR[RealSolarSystem] to Kopernicus/Config/System.cfg/Kopernicus[Solar System]
[LOG 14:26:50.901] Applying update RealSolarSystem/RSSKopernicus/Mars/Deimos/@Kopernicus:FOR[RealSolarSystem] to Kopernicus/Config/System.cfg/Kopernicus[Solar System]
[LOG 14:26:50.903] Applying update RealSolarSystem/RSSKopernicus/Mars/Mars/@Kopernicus:FOR[RealSolarSystem] to Kopernicus/Config/System.cfg/Kopernicus[Solar System]
[LOG 14:26:50.906] Applying update RealSolarSystem/RSSKopernicus/Mars/Phobos/@Kopernicus:FOR[RealSolarSystem] to Kopernicus/Config/System.cfg/Kopernicus[Solar System]
[LOG 14:26:50.909] Applying update RealSolarSystem/RSSKopernicus/Mercury/Mercury/@Kopernicus:FOR[RealSolarSystem] to Kopernicus/Config/System.cfg/Kopernicus[Solar System]
[LOG 14:26:50.913] Applying update RealSolarSystem/RSSKopernicus/Neptune/Neptune/@Kopernicus:FOR[RealSolarSystem] to Kopernicus/Config/System.cfg/Kopernicus[Solar System]
[LOG 14:26:50.918] Applying update RealSolarSystem/RSSKopernicus/Neptune/Neptune_Oblate/@Kopernicus:FOR[RealSolarSystem] to Kopernicus/Config/System.cfg/Kopernicus[Solar System]
[LOG 14:26:50.921] Applying update RealSolarSystem/RSSKopernicus/Neptune/Triton/@Kopernicus:FOR[RealSolarSystem] to Kopernicus/Config/System.cfg/Kopernicus[Solar System]
[LOG 14:26:50.926] Applying update RealSolarSystem/RSSKopernicus/Neptune/Triton_Rotation/@Kopernicus:FOR[RealSolarSystem] to Kopernicus/Config/System.cfg/Kopernicus[Solar System]
[LOG 14:26:50.930] Applying update RealSolarSystem/RSSKopernicus/Pluto/Charon/@Kopernicus:FOR[RealSolarSystem] to Kopernicus/Config/System.cfg/Kopernicus[Solar System]
[LOG 14:26:50.935] Applying update RealSolarSystem/RSSKopernicus/Pluto/Pluto/@Kopernicus:FOR[RealSolarSystem] to Kopernicus/Config/System.cfg/Kopernicus[Solar System]
[LOG 14:26:50.941] Applying update RealSolarSystem/RSSKopernicus/Pluto/RotationPeriod/@Kopernicus:FOR[RealSolarSystem] to Kopernicus/Config/System.cfg/Kopernicus[Solar System]
[LOG 14:26:50.945] Applying update RealSolarSystem/RSSKopernicus/Saturn/Dione/@Kopernicus:FOR[RealSolarSystem] to Kopernicus/Config/System.cfg/Kopernicus[Solar System]
[LOG 14:26:50.949] Applying update RealSolarSystem/RSSKopernicus/Saturn/Enceladus/@Kopernicus:FOR[RealSolarSystem] to Kopernicus/Config/System.cfg/Kopernicus[Solar System]
[LOG 14:26:50.952] Applying update RealSolarSystem/RSSKopernicus/Saturn/Iapetus/@Kopernicus:FOR[RealSolarSystem] to Kopernicus/Config/System.cfg/Kopernicus[Solar System]
[LOG 14:26:50.955] Applying update RealSolarSystem/RSSKopernicus/Saturn/Mimas/@Kopernicus:FOR[RealSolarSystem] to Kopernicus/Config/System.cfg/Kopernicus[Solar System]
[LOG 14:26:50.960] Applying update RealSolarSystem/RSSKopernicus/Saturn/Rhea/@Kopernicus:FOR[RealSolarSystem] to Kopernicus/Config/System.cfg/Kopernicus[Solar System]
[LOG 14:26:50.966] Applying update RealSolarSystem/RSSKopernicus/Saturn/Saturn/@Kopernicus:FOR[RealSolarSystem] to Kopernicus/Config/System.cfg/Kopernicus[Solar System]
[LOG 14:26:50.974] Applying update RealSolarSystem/RSSKopernicus/Saturn/Saturn_Oblate/@Kopernicus:FOR[RealSolarSystem] to Kopernicus/Config/System.cfg/Kopernicus[Solar System]
[LOG 14:26:50.982] Applying update RealSolarSystem/RSSKopernicus/Saturn/Tethys/@Kopernicus:FOR[RealSolarSystem] to Kopernicus/Config/System.cfg/Kopernicus[Solar System]
[LOG 14:26:50.991] Applying update RealSolarSystem/RSSKopernicus/Saturn/Titan/@Kopernicus:FOR[RealSolarSystem] to Kopernicus/Config/System.cfg/Kopernicus[Solar System]
[LOG 14:26:51.002] Applying update RealSolarSystem/RSSKopernicus/Uranus/Ariel/@Kopernicus:FOR[RealSolarSystem] to Kopernicus/Config/System.cfg/Kopernicus[Solar System]
[LOG 14:26:51.008] Applying update RealSolarSystem/RSSKopernicus/Uranus/Miranda/@Kopernicus:FOR[RealSolarSystem] to Kopernicus/Config/System.cfg/Kopernicus[Solar System]
[LOG 14:26:51.014] Applying update RealSolarSystem/RSSKopernicus/Uranus/Oberon/@Kopernicus:FOR[RealSolarSystem] to Kopernicus/Config/System.cfg/Kopernicus[Solar System]
[LOG 14:26:51.020] Applying update RealSolarSystem/RSSKopernicus/Uranus/Titania/@Kopernicus:FOR[RealSolarSystem] to Kopernicus/Config/System.cfg/Kopernicus[Solar System]
[LOG 14:26:51.026] Applying update RealSolarSystem/RSSKopernicus/Uranus/Umbriel/@Kopernicus:FOR[RealSolarSystem] to Kopernicus/Config/System.cfg/Kopernicus[Solar System]
[LOG 14:26:51.055] Applying update RealSolarSystem/RSSKopernicus/Uranus/Uranus/@Kopernicus:FOR[RealSolarSystem] to Kopernicus/Config/System.cfg/Kopernicus[Solar System]
[LOG 14:26:51.059] Applying update RealSolarSystem/RSSKopernicus/Uranus/Uranus_Oblate/@Kopernicus:FOR[RealSolarSystem] to Kopernicus/Config/System.cfg/Kopernicus[Solar System]
[LOG 14:26:51.065] Applying update RealSolarSystem/RSSKopernicus/Venus/Venus/@Kopernicus:FOR[RealSolarSystem] to Kopernicus/Config/System.cfg/Kopernicus[Solar System]
[LOG 14:26:51.070] Applying update RealSolarSystem/RSSKopernicus/Vesta/Vesta/@Kopernicus:FOR[RealSolarSystem] to Kopernicus/Config/System.cfg/Kopernicus[Solar System]
[LOG 14:26:51.074] :AFTER[REALSOLARSYSTEM] pass
[LOG 14:26:51.074] Applying update RealSolarSystem/RSS_CommNet_Stations/@Kopernicus:AFTER[RealSolarSystem] to Kopernicus/Config/System.cfg/Kopernicus[Solar System]
[LOG 14:26:51.102] Applying update RealSolarSystem/Compatibility/BreakingGround/@DEPLOYEDSCIENCE:AFTER[RealSolarSystem] to SquadExpansion/Serenity/Resources/DeployedScience.cfg/DEPLOYEDSCIENCE
[LOG 14:26:51.103] Applying update RealSolarSystem/Compatibility/BreakingGround/@DEPLOYEDSCIENCE:AFTER[RealSolarSystem] to SquadExpansion/Serenity/Resources/DeployedScience.cfg/DEPLOYEDSCIENCE
[LOG 14:26:51.108] Applying update RealSolarSystem/RSSKopernicus/NavballSwitchAltitude/@Kopernicus:AFTER[RealSolarSystem] to Kopernicus/Config/System.cfg/Kopernicus[Solar System]
[LOG 14:26:51.122] :BEFORE[RSS-TEXTURES] pass
[LOG 14:26:51.122] :FOR[RSS-TEXTURES] pass
[LOG 14:26:51.122] :AFTER[RSS-TEXTURES] pass
[LOG 14:26:51.123] :BEFORE[SHARPDX] pass
[LOG 14:26:51.123] :FOR[SHARPDX] pass
[LOG 14:26:51.123] :AFTER[SHARPDX] pass
[LOG 14:26:51.123] :BEFORE[SHARPDX.DIRECT3D11] pass
[LOG 14:26:51.123] :FOR[SHARPDX.DIRECT3D11] pass
[LOG 14:26:51.123] :AFTER[SHARPDX.DIRECT3D11] pass
[LOG 14:26:51.123] :BEFORE[SHARPDX.DXGI] pass
[LOG 14:26:51.123] :FOR[SHARPDX.DXGI] pass
[LOG 14:26:51.123] :AFTER[SHARPDX.DXGI] pass
[LOG 14:26:51.123] :BEFORE[SQUAD] pass
[LOG 14:26:51.123] :FOR[SQUAD] pass
[LOG 14:26:51.123] :AFTER[SQUAD] pass
[LOG 14:26:51.123] :BEFORE[SQUADEXPANSION] pass
[LOG 14:26:51.123] :FOR[SQUADEXPANSION] pass
[LOG 14:26:51.123] :AFTER[SQUADEXPANSION] pass
[LOG 14:26:51.123] :BEFORE[TERRAINPRECISIONFIXDIAG4MOD] pass
[LOG 14:26:51.123] :FOR[TERRAINPRECISIONFIXDIAG4MOD] pass
[LOG 14:26:51.123] :AFTER[TERRAINPRECISIONFIXDIAG4MOD] pass
[LOG 14:26:51.125] :LAST[999_KSP-RECALL] pass
[LOG 14:26:51.158] :LAST[KOP_MULTI_STAR] pass
[LOG 14:26:51.222] Applying update Kopernicus/Config/SolarPanels/@PART:HAS[@MODULE[ModuleDeployableSolarPanel]]:LAST[KOP_MULTI_STAR] to Squad/Parts/Electrical/10CSolarPanels/OX-10C.cfg/PART[solarPanelOX10C]
[LOG 14:26:51.223] Applying update Kopernicus/Config/SolarPanels/@PART:HAS[@MODULE[ModuleDeployableSolarPanel]]:LAST[KOP_MULTI_STAR] to Squad/Parts/Electrical/10CSolarPanels/SP-10C.cfg/PART[solarPanelSP10C]
[LOG 14:26:51.223] Applying update Kopernicus/Config/SolarPanels/@PART:HAS[@MODULE[ModuleDeployableSolarPanel]]:LAST[KOP_MULTI_STAR] to Squad/Parts/Electrical/10LSolarPanels/OX-10L.cfg/PART[solarPanelOX10L]
[LOG 14:26:51.223] Applying update Kopernicus/Config/SolarPanels/@PART:HAS[@MODULE[ModuleDeployableSolarPanel]]:LAST[KOP_MULTI_STAR] to Squad/Parts/Electrical/10LSolarPanels/SP-10L.cfg/PART[solarPanelSP10L]
[LOG 14:26:51.223] Applying update Kopernicus/Config/SolarPanels/@PART:HAS[@MODULE[ModuleDeployableSolarPanel]]:LAST[KOP_MULTI_STAR] to Squad/Parts/Electrical/1x6ShroudSolarPanels/1x6ShroudSolarPanels.cfg/PART[solarPanels2]
[LOG 14:26:51.223] Applying update Kopernicus/Config/SolarPanels/@PART:HAS[@MODULE[ModuleDeployableSolarPanel]]:LAST[KOP_MULTI_STAR] to Squad/Parts/Electrical/1x6SolarPanels/1x6SolarPanels.cfg/PART[solarPanels4]
[LOG 14:26:51.223] Applying update Kopernicus/Config/SolarPanels/@PART:HAS[@MODULE[ModuleDeployableSolarPanel]]:LAST[KOP_MULTI_STAR] to Squad/Parts/Electrical/3x2ShroudSolarPanels/3x2ShroudSolarPanels.cfg/PART[solarPanels1]
[LOG 14:26:51.223] Applying update Kopernicus/Config/SolarPanels/@PART:HAS[@MODULE[ModuleDeployableSolarPanel]]:LAST[KOP_MULTI_STAR] to Squad/Parts/Electrical/3x2SolarPanels/3x2SolarPanels.cfg/PART[solarPanels3]
[LOG 14:26:51.223] Applying update Kopernicus/Config/SolarPanels/@PART:HAS[@MODULE[ModuleDeployableSolarPanel]]:LAST[KOP_MULTI_STAR] to Squad/Parts/Electrical/gigantorXlSolarArray/gigantorXlSolarArray.cfg/PART[largeSolarPanel]
[LOG 14:26:51.223] Applying update Kopernicus/Config/SolarPanels/@PART:HAS[@MODULE[ModuleDeployableSolarPanel]]:LAST[KOP_MULTI_STAR] to Squad/Parts/Electrical/radialFlatSolarPanel/radialFlatSolarPanel.cfg/PART[solarPanels5]
[LOG 14:26:51.225] Applying update Kopernicus/Config/SolarPanels/@PART:HAS[@MODULE[ModuleDeployableSolarPanel]]:LAST[KOP_MULTI_STAR] to Squad/Parts/Misc/AsteroidDay/LgRadialSolar.cfg/PART[LgRadialSolarPanel]
[LOG 14:26:51.243] Applying update Kopernicus/Config/SolarPanels/@Kopernicus_config:LAST[KOP_MULTI_STAR] to Kopernicus/Config/01_DefaultConfig.cfg/Kopernicus_config
[LOG 14:26:51.244] Applying update Kopernicus/Config/SolarPanels/@Kopernicus:LAST[KOP_MULTI_STAR] to Kopernicus/Config/System.cfg/Kopernicus[Solar System]
[LOG 14:26:51.257] Applying update Kopernicus/Config/SolarPanels/@PART:HAS[@MODULE[ModuleDeployableSolarPanel],~useKopernicusSolarPanels[false]]:LAST[KOP_MULTI_STAR] to Squad/Parts/Electrical/10CSolarPanels/OX-10C.cfg/PART[solarPanelOX10C]
[LOG 14:26:51.258] Applying update Kopernicus/Config/SolarPanels/@PART:HAS[@MODULE[ModuleDeployableSolarPanel],~useKopernicusSolarPanels[false]]:LAST[KOP_MULTI_STAR] to Squad/Parts/Electrical/10CSolarPanels/SP-10C.cfg/PART[solarPanelSP10C]
[LOG 14:26:51.258] Applying update Kopernicus/Config/SolarPanels/@PART:HAS[@MODULE[ModuleDeployableSolarPanel],~useKopernicusSolarPanels[false]]:LAST[KOP_MULTI_STAR] to Squad/Parts/Electrical/10LSolarPanels/OX-10L.cfg/PART[solarPanelOX10L]
[LOG 14:26:51.258] Applying update Kopernicus/Config/SolarPanels/@PART:HAS[@MODULE[ModuleDeployableSolarPanel],~useKopernicusSolarPanels[false]]:LAST[KOP_MULTI_STAR] to Squad/Parts/Electrical/10LSolarPanels/SP-10L.cfg/PART[solarPanelSP10L]
[LOG 14:26:51.258] Applying update Kopernicus/Config/SolarPanels/@PART:HAS[@MODULE[ModuleDeployableSolarPanel],~useKopernicusSolarPanels[false]]:LAST[KOP_MULTI_STAR] to Squad/Parts/Electrical/1x6ShroudSolarPanels/1x6ShroudSolarPanels.cfg/PART[solarPanels2]
[LOG 14:26:51.258] Applying update Kopernicus/Config/SolarPanels/@PART:HAS[@MODULE[ModuleDeployableSolarPanel],~useKopernicusSolarPanels[false]]:LAST[KOP_MULTI_STAR] to Squad/Parts/Electrical/1x6SolarPanels/1x6SolarPanels.cfg/PART[solarPanels4]
[LOG 14:26:51.259] Applying update Kopernicus/Config/SolarPanels/@PART:HAS[@MODULE[ModuleDeployableSolarPanel],~useKopernicusSolarPanels[false]]:LAST[KOP_MULTI_STAR] to Squad/Parts/Electrical/3x2ShroudSolarPanels/3x2ShroudSolarPanels.cfg/PART[solarPanels1]
[LOG 14:26:51.259] Applying update Kopernicus/Config/SolarPanels/@PART:HAS[@MODULE[ModuleDeployableSolarPanel],~useKopernicusSolarPanels[false]]:LAST[KOP_MULTI_STAR] to Squad/Parts/Electrical/3x2SolarPanels/3x2SolarPanels.cfg/PART[solarPanels3]
[LOG 14:26:51.259] Applying update Kopernicus/Config/SolarPanels/@PART:HAS[@MODULE[ModuleDeployableSolarPanel],~useKopernicusSolarPanels[false]]:LAST[KOP_MULTI_STAR] to Squad/Parts/Electrical/gigantorXlSolarArray/gigantorXlSolarArray.cfg/PART[largeSolarPanel]
[LOG 14:26:51.259] Applying update Kopernicus/Config/SolarPanels/@PART:HAS[@MODULE[ModuleDeployableSolarPanel],~useKopernicusSolarPanels[false]]:LAST[KOP_MULTI_STAR] to Squad/Parts/Electrical/radialFlatSolarPanel/radialFlatSolarPanel.cfg/PART[solarPanels5]
[LOG 14:26:51.263] Applying update Kopernicus/Config/SolarPanels/@PART:HAS[@MODULE[ModuleDeployableSolarPanel],~useKopernicusSolarPanels[false]]:LAST[KOP_MULTI_STAR] to Squad/Parts/Misc/AsteroidDay/LgRadialSolar.cfg/PART[LgRadialSolarPanel]
[LOG 14:26:51.446] Applying update Kopernicus/Config/SolarPanels/@PART:HAS[#__kop_star_count]:LAST[KOP_MULTI_STAR] to Squad/Parts/Electrical/10CSolarPanels/OX-10C.cfg/PART[solarPanelOX10C]
[LOG 14:26:51.446] Applying update Kopernicus/Config/SolarPanels/@PART:HAS[#__kop_star_count]:LAST[KOP_MULTI_STAR] to Squad/Parts/Electrical/10CSolarPanels/SP-10C.cfg/PART[solarPanelSP10C]
[LOG 14:26:51.446] Applying update Kopernicus/Config/SolarPanels/@PART:HAS[#__kop_star_count]:LAST[KOP_MULTI_STAR] to Squad/Parts/Electrical/10LSolarPanels/OX-10L.cfg/PART[solarPanelOX10L]
[LOG 14:26:51.446] Applying update Kopernicus/Config/SolarPanels/@PART:HAS[#__kop_star_count]:LAST[KOP_MULTI_STAR] to Squad/Parts/Electrical/10LSolarPanels/SP-10L.cfg/PART[solarPanelSP10L]
[LOG 14:26:51.446] Applying update Kopernicus/Config/SolarPanels/@PART:HAS[#__kop_star_count]:LAST[KOP_MULTI_STAR] to Squad/Parts/Electrical/1x6ShroudSolarPanels/1x6ShroudSolarPanels.cfg/PART[solarPanels2]
[LOG 14:26:51.446] Applying update Kopernicus/Config/SolarPanels/@PART:HAS[#__kop_star_count]:LAST[KOP_MULTI_STAR] to Squad/Parts/Electrical/1x6SolarPanels/1x6SolarPanels.cfg/PART[solarPanels4]
[LOG 14:26:51.446] Applying update Kopernicus/Config/SolarPanels/@PART:HAS[#__kop_star_count]:LAST[KOP_MULTI_STAR] to Squad/Parts/Electrical/3x2ShroudSolarPanels/3x2ShroudSolarPanels.cfg/PART[solarPanels1]
[LOG 14:26:51.446] Applying update Kopernicus/Config/SolarPanels/@PART:HAS[#__kop_star_count]:LAST[KOP_MULTI_STAR] to Squad/Parts/Electrical/3x2SolarPanels/3x2SolarPanels.cfg/PART[solarPanels3]
[LOG 14:26:51.446] Applying update Kopernicus/Config/SolarPanels/@PART:HAS[#__kop_star_count]:LAST[KOP_MULTI_STAR] to Squad/Parts/Electrical/gigantorXlSolarArray/gigantorXlSolarArray.cfg/PART[largeSolarPanel]
[LOG 14:26:51.446] Applying update Kopernicus/Config/SolarPanels/@PART:HAS[#__kop_star_count]:LAST[KOP_MULTI_STAR] to Squad/Parts/Electrical/radialFlatSolarPanel/radialFlatSolarPanel.cfg/PART[solarPanels5]
[LOG 14:26:51.447] Applying update Kopernicus/Config/SolarPanels/@PART:HAS[#__kop_star_count]:LAST[KOP_MULTI_STAR] to Squad/Parts/Misc/AsteroidDay/LgRadialSolar.cfg/PART[LgRadialSolarPanel]
[LOG 14:26:51.448] Applying update Kopernicus/Config/SolarPanels/@Kopernicus_config:LAST[KOP_MULTI_STAR] to Kopernicus/Config/01_DefaultConfig.cfg/Kopernicus_config
[LOG 14:26:51.448] :LAST[REALSOLARSYSTEM] pass
[LOG 14:26:51.448] :LAST[ZKOPERNICUS] pass
[LOG 14:26:51.448] Applying update Kopernicus/Config/02_ConfigCompat/@Kopernicus_config_backup:LAST[zKopernicus] to Kopernicus/Config/02_ConfigCompat.cfg/Kopernicus_config_backup
[LOG 14:26:51.450] Applying update Kopernicus/Config/02_ConfigCompat/@Kopernicus_config:LAST[zKopernicus] to Kopernicus/Config/01_DefaultConfig.cfg/Kopernicus_config
[LOG 14:26:51.450] Applying update Kopernicus/Config/02_ConfigCompat/@Kopernicus_config:LAST[zKopernicus] to Kopernicus/Config/01_DefaultConfig.cfg/Kopernicus_config
[LOG 14:26:51.450] Applying update Kopernicus/Config/02_ConfigCompat/@Kopernicus_config_backup:LAST[zKopernicus] to Kopernicus/Config/02_ConfigCompat.cfg/Kopernicus_config_backup
[LOG 14:26:51.450] Applying update Kopernicus/Config/Kopernicus_Config/@Kopernicus_config:LAST[zKopernicus] to Kopernicus/Config/01_DefaultConfig.cfg/Kopernicus_config
[LOG 14:26:51.450] :FINAL pass
[LOG 14:26:51.450] Applying update Kopernicus/Config/KSPCF_DisableMapSOPatches/@KSP_COMMUNITY_FIXES:FINAL to KSPCommunityFixes/Settings.cfg/KSP_COMMUNITY_FIXES
[LOG 14:26:51.451] Done patching
[LOG 14:26:51.451] Saving Cache
[LOG 14:26:51.630] Done!



#### END PATCH LOG ####
[LOG 15:28:20.231] ModuleManager: 248 patches loaded from cache

[LOG 15:28:20.231] Ran in 1.082s
[LOG 15:28:20.284] Done!



#### END MODULEMANAGER LOG ####
[LOG 15:28:40.525] [ModuleManager] Running tests...
[LOG 15:28:40.525] [ModuleManager] tests complete.
[LOG 15:28:40.526] [ModuleManager] Reloading resources definitions
[LOG 15:28:40.526] Resource LiquidFuel added to database
[LOG 15:28:40.527] Resource Oxidizer added to database
[LOG 15:28:40.527] Resource SolidFuel added to database
[LOG 15:28:40.527] Resource MonoPropellant added to database
[LOG 15:28:40.527] Resource XenonGas added to database
[LOG 15:28:40.527] Resource ElectricCharge added to database
[LOG 15:28:40.527] Resource IntakeAir added to database
[LOG 15:28:40.527] Resource EVA Propellant added to database
[LOG 15:28:40.527] Resource Ore added to database
[LOG 15:28:40.527] Resource Ablator added to database
[LOG 15:28:40.527] [ModuleManager] Reloading Trait configs
[LOG 15:28:40.528] ExperienceSystemConfig: Added Effect 'DeployedSciencePowerSkill' to Trait 'Ingénieur'
[LOG 15:28:40.528] ExperienceSystemConfig: Added Effect 'DeployedScienceExpSkill' to Trait 'Scientifique'
[LOG 15:28:40.528] [ModuleManager] Reloading Part Upgrades
[LOG 15:28:40.528] [ModuleManager] Setting modded physics as the active one
[LOG 15:28:40.537] PhysicsGlobals: Loading database
[LOG 15:28:40.538] [ModuleManager] Running post patch callbacks
[LOG 15:28:40.549] [KSPCommunityFixes] Patch AutoStrutDrift applied.
[LOG 15:28:40.552] [KSPCommunityFixes] Patch EditorAnimatedPartsShipModified applied.
[LOG 15:28:40.559] [KSPCommunityFixes] Patch DragCubeLoadException applied.
[LOG 15:28:40.564] [KSPCommunityFixes] Patch DoubleCurvePreserveTangents applied.
[LOG 15:28:40.620] [KSPCommunityFixes] Patch DockingPortRotationDriftAndFixes applied.
[LOG 15:28:40.668] [KSPCommunityFixes] Patch DockingPortConserveMomentum applied.
[LOG 15:28:40.673] [KSPCommunityFixes] Patch DebugConsoleDontStealInput applied.
[LOG 15:28:40.677] [KSPCommunityFixes] Patch CorrectDragForFlags applied.
[LOG 15:28:40.679] [KSPCommunityFixes] Patch CometMiningNotRemovingMass applied.
[LOG 15:28:40.685] [KSPCommunityFixes] Patch ChutePhantomSymmetry applied.
[LOG 15:28:40.687] [KSPCommunityFixes] Patch CometSpawnerUniqueFlightId applied.
[LOG 15:28:40.689] [KSPCommunityFixes] Patch AsteroidSpawnerUniqueFlightId applied.
[LOG 15:28:40.690] [KSPCommunityFixes] Patch AsteroidInfiniteMining applied.
[LOG 15:28:40.719] [KSPCommunityFixes] Patch PersistentIConfigNode applied.
[LOG 15:28:40.719] [KSPCommunityFixes] Patch OnSymmetryFieldChanged not applied (not enabled in Settings.cfg)
[LOG 15:28:40.719] [KSPCommunityFixes] Patch ModUpgradePipeline not applied (not enabled in Settings.cfg)
[LOG 15:28:40.719] [KSPCommunityFixes] Patch KSPFieldEnumDesc not applied (not enabled in Settings.cfg)
[LOG 15:28:40.720] [KSPCommunityFixes] Patch EventProfilerMarkers not applied (not enabled in Settings.cfg)
[LOG 15:28:40.721] [KSPCommunityFixes] Patch DockingPortLockedEvents not applied (not enabled in Settings.cfg)
[LOG 15:28:40.723] [KSPCommunityFixes] Patch DepartmentHeadImage applied.
[LOG 15:28:40.735] [KSPCommunityFixes] Patch BaseFieldListUseFieldHost applied.
[LOG 15:28:40.764] [KSPCommunityFixes] Patch ResourceConverterPerf applied.
[LOG 15:28:40.772] [KSPCommunityFixes] Patch ProgressTrackingSpeedBoost applied.
[LOG 15:28:40.776] [KSPCommunityFixes] Patch PQSUpdateNoMemoryAlloc applied.
[LOG 15:28:40.776] [KSPCommunityFixes] Patch PQSOnlyStartOnce not applied (not enabled in Settings.cfg)
[LOG 15:28:40.788] [KSPCommunityFixes] Patch PQSCoroutineLeak applied.
[LOG 15:28:40.825] [KSPCommunityFixes] Patch PartSystemsFastUpdate applied.
[LOG 15:28:40.854] [KSPCommunityFixes] Patch PartParsingPerf applied.
[LOG 15:28:40.858] [KSPCommunityFixes] Patch EnginePlateAirstreamShieldedTopPart applied.
[LOG 15:28:40.866] [KSPCommunityFixes] Patch EVAConstructionMass applied.
[LOG 15:28:40.873] [KSPCommunityFixes] Patch EVAConstructionUninitializedInventory applied.
[LOG 15:28:40.879] [KSPCommunityFixes] Patch EVAKerbalRecovery applied.
[LOG 15:28:40.885] [KSPCommunityFixes] Patch TimeWarpOrbitShift applied.
[LOG 15:28:40.886] [KSPCommunityFixes] Patch TimeWarpBodyCollision applied.
[LOG 15:28:40.900] [KSPCommunityFixes] Patch ThumbnailSpotlight applied.
[LOG 15:28:40.905] [KSPCommunityFixes] Patch SymmetryReferenceOnDelete applied.
[LOG 15:28:40.905] [KSPCommunityFixes] Patch StrategyDuration not applied (not enabled in Settings.cfg)
[LOG 15:28:40.908] [KSPCommunityFixes] Patch StockAlarmDescPreserveLineBreak applied.
[LOG 15:28:40.937] [KSPCommunityFixes] Patch StickySplashedFixer applied.
[LOG 15:28:40.937] [KSPCommunityFixes] Patch ScatterDistribution not applied (not enabled in Settings.cfg)
[LOG 15:28:40.967] [KSPCommunityFixes] Patch RoboticsDrift applied.
[LOG 15:28:40.969] [KSPCommunityFixes] Patch RestoreMaxPhysicsDT applied.
[LOG 15:28:40.989] [KSPCommunityFixes] Patch RespawnDeadKerbals applied.
[LOG 15:28:40.993] [KSPCommunityFixes] Patch RescaledRoboticParts applied.
[LOG 15:28:40.997] [KSPCommunityFixes] Patch ReRootPreserveSurfaceAttach applied.
[LOG 15:28:41.019] [KSPCommunityFixes] Patch OptimizedModuleRaycasts applied.
[LOG 15:28:41.029] GetSubclassesOfParentClass: Found 1 types with ModuleInventoryPart parent in 20 assemblies.
[LOG 15:28:41.034] [KSPCommunityFixes] Patch RefundingOnRecovery applied.
[LOG 15:28:41.035] [KSPCommunityFixes] Patch PatchedConicEncounterFlickering applied.
[LOG 15:28:41.051] [KSPCommunityFixes] Patch PartListTooltipIconSpin applied.
[LOG 15:28:41.055] [KSPCommunityFixes] Patch PackedPartsRotation applied.
[LOG 15:28:41.078] [KSPCommunityFixes] Patch ModulePartVariantsNodePersistence applied.
[LOG 15:28:41.081] [KSPCommunityFixes] Patch ModuleAnimateGenericCrewModSpawnIVA applied.
[LOG 15:28:41.083] [KSPCommunityFixes] Patch ModuleActiveRadiatorNoParentException applied.
[LOG 15:28:41.086] [KSPCommunityFixes] Patch MapTargetBodyWithEncounter applied.
[LOG 15:28:41.089] [KSPCommunityFixes] Patch LostSoundAfterSceneSwitch applied.
[LOG 15:28:41.097] [KSPCommunityFixes] Patch LadderToggleableLight applied.
[LOG 15:28:41.112] [KSPCommunityFixes] Patch InventoryPartMass applied.
[LOG 15:28:41.120] [KSPCommunityFixes] Patch HarvesterECConsumption applied.
[LOG 15:28:41.121] [KSPCommunityFixes] Patch FixGetUnivseralTime applied.
[LOG 15:28:41.132] [KSPCommunityFixes] Patch ExtendedDeployableParts applied.
[LOG 15:28:41.134] [KSPCommunityFixes] Patch PropellantFlowDescription applied.
[LOG 15:28:41.160] [KSPCommunityFixes] Patch OptimisedVectorLines applied.
[LOG 15:28:41.168] [KSPCommunityFixes] Patch ModuleDockingNodeFindOtherNodesFaster applied.
[LOG 15:28:41.172] [KSPCommunityFixes] Patch ModuleColorChangerOptimization applied.
[LOG 15:28:41.179] [KSPCommunityFixes] Patch AutoSavedCraftNameAtLaunch applied.
[LOG 15:28:41.204] [KSPCommunityFixes] Patch PAWCollapsedInventories applied.
[LOG 15:28:41.209] [KSPCommunityFixes] Patch UIFloatEditNumericInput applied.
[LOG 15:28:41.236] [KSPCommunityFixes] Patch PAWStockGroups applied.
[LOG 15:28:41.248] [KSPCommunityFixes] Patch AltimeterHorizontalPosition applied.
[LOG 15:28:41.266] [KSPCommunityFixes] Patch SceneLoadSpeedBoost applied.
[LOG 15:28:41.320] [KSPCommunityFixes] Patch OnDemandPartBuoyancy applied.
[LOG 15:28:41.322] [KSPCommunityFixes] Patch ForceSyncSceneSwitch applied.
[LOG 15:28:41.322] [KSPCommunityFixes] Patch FewerSaves not applied (not enabled in Settings.cfg)
[LOG 15:28:41.323] [KSPCommunityFixes] Patch WheelInertiaLimit applied.
[LOG 15:28:41.323] [KSPCommunityFixes] Patch StockAlarmCustomFormatterDate isn't applicable to this KSP version.
[LOG 15:28:41.323] [KSPCommunityFixes] Patch ROCValidationOOR not applied (not enabled in Settings.cfg)
[LOG 15:28:41.327] [KSPCommunityFixes] Patch ZeroCostTechNodes applied.
[LOG 15:28:41.329] [KSPCommunityFixes] Patch ReactionWheelsPotentialTorque applied.
[LOG 15:28:41.335] [KSPCommunityFixes] Patch PAWGroupMemory applied.
[LOG 15:28:41.380] [KSPCommunityFixes] Patch PartStartStability applied.
[LOG 15:28:41.388] [KSPCommunityFixes] Patch PartBoundsIgnoreDisabledTransforms applied.
[LOG 15:28:41.437] [KSPCommunityFixes] Patch ModuleIndexingMismatch applied.
[LOG 15:28:41.437] [KSPCommunityFixes] Patch MapSOCorrectWrapping not applied (not enabled in Settings.cfg)
[LOG 15:28:41.437] [KSPCommunityFixes] Patch KerbalTooltipMaxSustainedG applied.
[LOG 15:28:41.441] [KSPCommunityFixes] Patch KerbalInventoryPersistence applied.
[LOG 15:28:41.441] [KSPCommunityFixes] Patch FlightSceneLoadKraken not applied (not enabled in Settings.cfg)
[LOG 15:28:41.444] [KSPCommunityFixes] Patch FIUpdateRadiation applied.
[LOG 15:28:41.446] [KSPCommunityFixes] Patch FastAndFixedEnumExtensions applied.
[LOG 15:28:41.494] [KSPCommunityFixes] Patch DeltaVHideWhenDisabled applied.
[LOG 15:28:41.500] [KSPCommunityFixes] Patch BlockMapViewPartClick applied.
[LOG 15:28:41.507] [KSPCommunityFixes] Patch PAWItemsOrder applied.
[LOG 15:28:41.577] [KSPCommunityFixes] Patch BetterEditorUndoRedo applied.
[LOG 15:28:41.590] [KSPCommunityFixes] Patch AutostrutActions applied.
[LOG 15:28:41.591] [KSPCommunityFixes] Patch DisableNewGameIntro not applied (not enabled in Settings.cfg)
[LOG 15:28:41.627] [KSPCommunityFixes] Patch MinorPerfTweaks applied.
[LOG 15:28:41.717] [KSPCommunityFixes] Patch MemoryLeaks applied.
[LOG 15:28:41.725] [KSPCommunityFixes] Patch LowerMinPhysicsDTPerFrame applied.
[LOG 15:28:41.730] [KSPCommunityFixes] Patch LocalizerPerf applied.
[LOG 15:28:41.733] [KSPCommunityFixes] Patch IMGUIOptimization applied.
[LOG 15:28:41.763] [KSPCommunityFixes] Patch FloatingOriginPerf applied.
[LOG 15:28:41.828] [KSPCommunityFixes] Patch FlightIntegratorPerf applied.
[LOG 15:28:41.834] [KSPCommunityFixes] Patch FasterPartFindTransform applied.
[LOG 15:28:41.849] [KSPCommunityFixes] Patch FasterEditorPartList applied.
[LOG 15:28:41.851] [KSPCommunityFixes] Patch ExpansionBundlePreload applied.
[LOG 15:28:41.865] [KSPCommunityFixes] Patch DragCubeGeneration applied.
[LOG 15:28:41.869] [KSPCommunityFixes] Patch DisableMapUpdateInFlight applied.
[LOG 15:28:41.870] [KSPCommunityFixes] Patch DisableHiddenPortraits applied.
[LOG 15:28:41.872] [KSPCommunityFixes] Patch DisableManeuverTool applied.
[LOG 15:28:41.902] [KSPCommunityFixes] Patch CraftBrowserOptimisations applied.
[LOG 15:28:41.905] [KSPCommunityFixes] Patch CommNetThrottling applied.
[LOG 15:28:41.910] [KSPCommunityFixes] Patch FairingMouseOverPersistence applied.
[LOG 15:28:41.930] [KSPCommunityFixes] Patch OptionalMakingHistoryDLCFeatures applied.
[LOG 15:28:41.943] [KSPCommunityFixes] Patch ResourceLockActions applied.
[LOG 15:28:41.951] [KSPCommunityFixes] Patch ShowContractFinishDates applied.
[LOG 15:28:41.963] [KSPCommunityFixes] Patch TargetParentBody applied.
[LOG 15:28:41.993] [KSPCommunityFixes] Patch ToolbarShowHide applied.
[LOG 15:28:41.997] [KSPCommunityFixes] Patch ContractProgressEnumCache applied.
[LOG 15:28:42.016] [KSPCommunityFixes] Patch ActiveRadiatorPerf applied.
[LOG 15:28:42.024] [KSPCommunityFixes] Patch CargoBayPerf applied.
[LOG 15:28:42.042] [KSPCommunityFixes] Patch CollisionEnhancerFastUpdate applied.
[LOG 15:28:42.054] [KSPCommunityFixes] Patch CollisionManagerFastUpdate applied.
[LOG 15:28:42.060] [KSPCommunityFixes] Patch AsteroidAndCometDrillCache applied.
[LOG 15:28:42.074] [KSPCommunityFixes] Patch TweakableWheelsAutostrut applied.
[LOG 15:28:42.108] [KSPCommunityFixes] Patch PatchSettings applied.
[LOG 15:28:42.158] [KSPCommunityFixes] Patch UpgradeBugs applied.
[LOG 15:28:42.158] [KSPCommunityFixes] Patch PartTooltipUpgradesApplyToSubstituteParts not applied (not enabled in Settings.cfg)
[LOG 15:28:42.235] [ModuleManager] Calling KSPTextureLoader.Config.ModuleManagerPostLoad()
[LOG 15:28:42.239] [ModuleManager] Calling Kopernicus.ConfigLoader.ModuleManagerPostLoad()
[LOG 15:28:42.243] [Kopernicus Configurations] Using: 
[LOG 15:28:42.243] HomeWorldName: Kerbin
[LOG 15:28:42.243] EnforceShaders: False
[LOG 15:28:42.243] WarnShaders: False
[LOG 15:28:42.243] EnforcedShaderLevel: 2
[LOG 15:28:42.243] UseKopernicusAsteroidSystem: True
[LOG 15:28:42.243] SolarRefreshRate: 1
[LOG 15:28:42.244] EnableKopernicusShadowManager: True
[LOG 15:28:42.244] ShadowRangeCap: 50000
[LOG 15:28:42.244] DisableMainMenuMunScene: True
[LOG 15:28:42.244] KSCLightsAlwaysOn: False
[LOG 15:28:42.244] UseOriginalKS2: False
[LOG 15:28:42.244] HandleHomeworldAtmosphericUnitDisplay: True
[LOG 15:28:42.244] UseIncorrectScatterDensityLogic: False
[LOG 15:28:42.244] DisableFarAwayColliders: True
[LOG 15:28:42.244] EnableAtmosphericExtinction: False
[LOG 15:28:42.244] UseStockMohoTemplate: True
[LOG 15:28:42.244] UseOnDemandLoader: True
[LOG 15:28:42.244] UseRealWorldDensity: False
[LOG 15:28:42.244] ApplyDensityMultToMinorObjects: 1
[LOG 15:28:42.244] RecomputeSOIAndHillSpheres: False
[LOG 15:28:42.244] PrincipiaFriendlySOIComputation: False
[LOG 15:28:42.244] LimitRWDensityToStockBodies: True
[LOG 15:28:42.244] UseOlderRWScalingLogic: False
[LOG 15:28:42.244] RescaleFactor: 1
[LOG 15:28:42.244] RealWorldSizeFactor: 10.625
[LOG 15:28:42.244] SettingsWindowXcoord: 0
[LOG 15:28:42.244] SettingsWindowYcoord: 0
[LOG 15:28:42.249] [ModuleManager] Calling ConfigNodePerf.ModuleManagerPostLoad()
[LOG 15:28:42.250] [ModuleManager] Post patch ran in 1.732s
[LOG 15:28:42.280] PartLoader: Loading part database
[LOG 15:28:42.281] PartLoader: Compiling Part 'MechJeb2/Parts/MechJeb2_AR202/part/mumech_MJ2_AR202'
[LOG 15:28:42.307] EffectList: Created 15 effect types
[LOG 15:28:42.368] [MechJeb2] Starting the Dispatcher
[LOG 15:28:42.461] ManeuverPlanner initialization: found 18 maneuvers
[LOG 15:28:42.518] [MechJeb2] Registered 266 info items:  value:14 ms action:0 ms  toggle:0 ms  general:0 ms  editable:0 ms  total:32 ms
[LOG 15:28:42.591] PartLoader: Compiling Part 'MechJeb2/Parts/MechJeb2_AR202/part/mumech_MJ2_AR202_features1'
[LOG 15:28:42.629] PartLoader: Compiling Part 'MechJeb2/Parts/MechJeb2_AR202/part/mumech_MJ2_AR202_features2'
[LOG 15:28:42.633] PartLoader: Compiling Part 'MechJeb2/Parts/MechJeb2_AR202/part/mumech_MJ2_AR202_features3'
[LOG 15:28:42.690] PartLoader: Compiling Part 'MechJeb2/Parts/MechJeb2_AR202/part/mumech_MJ2_AR202_features4'
[LOG 15:28:42.695] PartLoader: Compiling Part 'Squad/Parts/Aero/aerodynamicNoseCone/aerodynamicNoseCone/noseCone'
[LOG 15:28:42.733] PartLoader: Compiling Part 'Squad/Parts/Aero/airbrake/Airbrake/airbrake1'
[LOG 15:28:42.761] PartLoader: Compiling Part 'Squad/Parts/Aero/airIntakeRadialXM-G50/airIntakeRadialXM-G50/airScoop'
[LOG 15:28:42.773] PartLoader: Compiling Part 'Squad/Parts/Aero/airlinerWings/ControlSurface/airlinerCtrlSrf'
[LOG 15:28:42.784] PartLoader: Compiling Part 'Squad/Parts/Aero/airlinerWings/MainWing/airlinerMainWing'
[LOG 15:28:42.795] PartLoader: Compiling Part 'Squad/Parts/Aero/airlinerWings/TailFin/airlinerTailFin'
[LOG 15:28:42.807] PartLoader: Compiling Part 'Squad/Parts/Aero/airplaneFins/advancedCanard/AdvancedCanard'
[LOG 15:28:42.813] PartLoader: Compiling Part 'Squad/Parts/Aero/airplaneFins/standardCanard/CanardController'
[LOG 15:28:42.817] PartLoader: Compiling Part 'Squad/Parts/Aero/airplaneFins/sweptWing/sweptWing'
[LOG 15:28:42.822] PartLoader: Compiling Part 'Squad/Parts/Aero/airplaneFins/tailfin/tailfin'
[LOG 15:28:42.830] PartLoader: Compiling Part 'Squad/Parts/Aero/basicFin/basicFin/basicFin'
[LOG 15:28:42.834] PartLoader: Compiling Part 'Squad/Parts/Aero/circularIntake/circularIntake/CircularIntake'
[LOG 15:28:42.844] PartLoader: Compiling Part 'Squad/Parts/Aero/circularIntake/intakeShockCone/shockConeIntake'
[LOG 15:28:42.851] PartLoader: Compiling Part 'Squad/Parts/Aero/cones/avionicsNoseCone/avionicsNoseCone'
[LOG 15:28:42.868] PartLoader: Compiling Part 'Squad/Parts/Aero/cones/ConeA/pointyNoseConeA'
[LOG 15:28:42.873] PartLoader: Compiling Part 'Squad/Parts/Aero/cones/ConeB/pointyNoseConeB'
[LOG 15:28:42.877] PartLoader: Compiling Part 'Squad/Parts/Aero/cones/noseConeAdapter/noseConeAdapter'
[LOG 15:28:42.879] PartLoader: Compiling Part 'Squad/Parts/Aero/cones/protectiveRocketNoseMk7_v2/rocketNoseCone_v2'
[LOG 15:28:42.882] PartLoader: Compiling Part 'Squad/Parts/Aero/cones/protectiveRocketNoseMk7_v3/rocketNoseCone_v3'
[LOG 15:28:42.886] PartLoader: Compiling Part 'Squad/Parts/Aero/cones/rocketNoseCone_size3/rocketNoseConeSize3'
[LOG 15:28:42.890] PartLoader: Compiling Part 'Squad/Parts/Aero/cones/smallNoseCone/standardNoseCone'
[LOG 15:28:42.894] PartLoader: Compiling Part 'Squad/Parts/Aero/cones/tailConnectorA/airplaneTail'
[LOG 15:28:42.899] PartLoader: Compiling Part 'Squad/Parts/Aero/cones/tailConnectorB/airplaneTailB'
[LOG 15:28:42.903] PartLoader: Compiling Part 'Squad/Parts/Aero/fairings/fairingSize1/fairingSize1'
[LOG 15:28:42.945] PartLoader: Compiling Part 'Squad/Parts/Aero/fairings/fairingSize2/fairingSize2'
[LOG 15:28:42.962] PartLoader: Compiling Part 'Squad/Parts/Aero/fairings/fairingSize3/fairingSize3'
[LOG 15:28:42.978] PartLoader: Compiling Part 'Squad/Parts/Aero/HeatShield/HeatShield0/HeatShield0'
[LOG 15:28:43.000] PartLoader: Compiling Part 'Squad/Parts/Aero/HeatShield/HeatShield1/HeatShield1'
[LOG 15:28:43.015] PartLoader: Compiling Part 'Squad/Parts/Aero/HeatShield/HeatShield2/HeatShield2'
[LOG 15:28:43.023] PartLoader: Compiling Part 'Squad/Parts/Aero/HeatShield/HeatShield3/HeatShield3'
[LOG 15:28:43.031] PartLoader: Compiling Part 'Squad/Parts/Aero/InflatableHeatShield/HeatShield/InflatableHeatShield'
[LOG 15:28:43.040] PartLoader: Compiling Part 'Squad/Parts/Aero/intakeRadialLong/intakeRadialLong/IntakeRadialLong'
[LOG 15:28:43.043] PartLoader: Compiling Part 'Squad/Parts/Aero/miniIntake/SmallIntake/miniIntake'
[LOG 15:28:43.048] PartLoader: Compiling Part 'Squad/Parts/Aero/ramAirIntake/ramAirIntake/ramAirIntake'
[LOG 15:28:43.053] PartLoader: Compiling Part 'Squad/Parts/Aero/shuttleWings/delta/wingShuttleDelta'
[LOG 15:28:43.057] PartLoader: Compiling Part 'Squad/Parts/Aero/shuttleWings/elevon1/wingShuttleElevon1'
[LOG 15:28:43.064] PartLoader: Compiling Part 'Squad/Parts/Aero/shuttleWings/elevon2/wingShuttleElevon2'
[LOG 15:28:43.068] PartLoader: Compiling Part 'Squad/Parts/Aero/shuttleWings/rudder/wingShuttleRudder'
[LOG 15:28:43.072] PartLoader: Compiling Part 'Squad/Parts/Aero/shuttleWings/strake/wingShuttleStrake'
[LOG 15:28:43.075] PartLoader: Compiling Part 'Squad/Parts/Aero/wingletAV-R8/wingletAV-R8/R8winglet'
[LOG 15:28:43.079] PartLoader: Compiling Part 'Squad/Parts/Aero/wingletAV-T1/wingletAV-T1/winglet'
[LOG 15:28:43.084] PartLoader: Compiling Part 'Squad/Parts/Aero/wingletDeltaDeluxe/wingletDeltaDeluxe/winglet3'
[LOG 15:28:43.091] PartLoader: Compiling Part 'Squad/Parts/Aero/wings/connector1/wingConnector'
[LOG 15:28:43.094] PartLoader: Compiling Part 'Squad/Parts/Aero/wings/connector2/wingConnector2'
[LOG 15:28:43.098] PartLoader: Compiling Part 'Squad/Parts/Aero/wings/connector3/wingConnector3'
[LOG 15:28:43.101] PartLoader: Compiling Part 'Squad/Parts/Aero/wings/connector4/wingConnector4'
[LOG 15:28:43.104] PartLoader: Compiling Part 'Squad/Parts/Aero/wings/connector5/wingConnector5'
[LOG 15:28:43.107] PartLoader: Compiling Part 'Squad/Parts/Aero/wings/delta/deltaWing'
[LOG 15:28:43.109] PartLoader: Compiling Part 'Squad/Parts/Aero/wings/delta_small/delta_small'
[LOG 15:28:43.112] PartLoader: Compiling Part 'Squad/Parts/Aero/wings/elevon1/StandardCtrlSrf'
[LOG 15:28:43.117] PartLoader: Compiling Part 'Squad/Parts/Aero/wings/elevon2/elevon2'
[LOG 15:28:43.124] PartLoader: Compiling Part 'Squad/Parts/Aero/wings/elevon3/elevon3'
[LOG 15:28:43.129] PartLoader: Compiling Part 'Squad/Parts/Aero/wings/elevon4/smallCtrlSrf'
[LOG 15:28:43.133] PartLoader: Compiling Part 'Squad/Parts/Aero/wings/elevon5/elevon5'
[LOG 15:28:43.137] PartLoader: Compiling Part 'Squad/Parts/Aero/wings/strake/wingStrake'
[LOG 15:28:43.141] PartLoader: Compiling Part 'Squad/Parts/Aero/wings/structural1/structuralWing'
[LOG 15:28:43.144] PartLoader: Compiling Part 'Squad/Parts/Aero/wings/structural2/structuralWing2'
[LOG 15:28:43.147] PartLoader: Compiling Part 'Squad/Parts/Aero/wings/structural3/structuralWing3'
[LOG 15:28:43.152] PartLoader: Compiling Part 'Squad/Parts/Aero/wings/structural4/structuralWing4'
[LOG 15:28:43.158] PartLoader: Compiling Part 'Squad/Parts/Aero/wings/swept1/sweptWing1'
[LOG 15:28:43.162] PartLoader: Compiling Part 'Squad/Parts/Aero/wings/swept2/sweptWing2'
[LOG 15:28:43.167] PartLoader: Compiling Part 'Squad/Parts/Cargo/CargoContainers/cargoContainer/cargoContainer'
[WRN 15:28:43.169] [Part]: Cannot have ModuleCargoPart and ModuleInventoryPart on same Part [cargoContainer'. Removed ModuleCargoPart
[LOG 15:28:43.182] PartLoader: Compiling Part 'Squad/Parts/Cargo/CargoContainers/smallCargoContainer/smallCargoContainer'
[WRN 15:28:43.185] [Part]: Cannot have ModuleCargoPart and ModuleInventoryPart on same Part [smallCargoContainer'. Removed ModuleCargoPart
[LOG 15:28:43.190] PartLoader: Compiling Part 'Squad/Parts/Cargo/Cylinder/Cylinder/evaCylinder'
[LOG 15:28:43.194] PartLoader: Compiling Part 'Squad/Parts/Cargo/GroundAnchor/groundAnchor/groundAnchor'
[LOG 15:28:43.225] PartLoader: Compiling Part 'Squad/Parts/Cargo/Jetpack/Jetpack/evaJetpack'
[LOG 15:28:43.230] PartLoader: Compiling Part 'Squad/Parts/Cargo/Parachute/Parachute/evaChute'
[LOG 15:28:43.233] PartLoader: Compiling Part 'Squad/Parts/Cargo/RepairKit/RepairKit/evaRepairKit'
[LOG 15:28:43.237] PartLoader: Compiling Part 'Squad/Parts/Cargo/ScienceKit/evaScienceKit/evaScienceKit'
[LOG 15:28:43.240] PartLoader: Compiling Part 'Squad/Parts/Cargo/StorageUnits/CargoStorageUnit/CargoStorageUnit'
[WRN 15:28:43.241] [Part]: Cannot have ModuleCargoPart and ModuleInventoryPart on same Part [CargoStorageUnit'. Removed ModuleCargoPart
[LOG 15:28:43.243] PartLoader: Compiling Part 'Squad/Parts/Cargo/StorageUnits/ConformalStorageUnit/ConformalStorageUnit'
[WRN 15:28:43.245] [Part]: Cannot have ModuleCargoPart and ModuleInventoryPart on same Part [ConformalStorageUnit'. Removed ModuleCargoPart
[LOG 15:28:43.247] PartLoader: Compiling Part 'Squad/Parts/Command/advancedSasModuleLarge/advSasModuleLarge/asasmodule1-2'
[LOG 15:28:43.253] PartLoader: Compiling Part 'Squad/Parts/Command/cupola/cupola/cupola'
[LOG 15:28:43.271] [MechJeb2] Registered 266 info items:  value:0 ms action:0 ms  toggle:0 ms  general:0 ms  editable:0 ms  total:0 ms
[LOG 15:28:43.289] PartLoader: Compiling Part 'Squad/Parts/Command/externalCommandSeat/externalCommandSeat/seatExternalCmd'
[LOG 15:28:43.296] PartLoader: Compiling Part 'Squad/Parts/Command/hitchhikerStorageContainer/hitchikerStorageContainer/crewCabin'
[LOG 15:28:43.302] PartLoader: Compiling Part 'Squad/Parts/Command/inlineAdvancedStabilizer/inlineAdvancedStabilizer/advSasModule'
[LOG 15:28:43.305] PartLoader: Compiling Part 'Squad/Parts/Command/inlineReactionWheel/inlineReactionWheel/sasModule'
[LOG 15:28:43.309] PartLoader: Compiling Part 'Squad/Parts/Command/Mk1-3Pod/mk1-3/mk1-3pod'
[LOG 15:28:43.336] [MechJeb2] Registered 266 info items:  value:0 ms action:0 ms  toggle:0 ms  general:0 ms  editable:0 ms  total:0 ms
[LOG 15:28:43.350] PartLoader: Compiling Part 'Squad/Parts/Command/mk1Cockpits/mk1Cockpit/Mark1Cockpit'
[WRN 15:28:43.356] [Part]: Cannot have ModuleCargoPart and ModuleInventoryPart on same Part [Mark1Cockpit'. Removed ModuleCargoPart
[LOG 15:28:43.382] [MechJeb2] Registered 266 info items:  value:0 ms action:0 ms  toggle:0 ms  general:0 ms  editable:0 ms  total:1 ms
[LOG 15:28:43.391] PartLoader: Compiling Part 'Squad/Parts/Command/mk1Cockpits/mk1CrewCabin/MK1CrewCabin'
[WRN 15:28:43.394] [Part]: Cannot have ModuleCargoPart and ModuleInventoryPart on same Part [MK1CrewCabin'. Removed ModuleCargoPart
[LOG 15:28:43.397] PartLoader: Compiling Part 'Squad/Parts/Command/mk1Cockpits/mk1InlineCockpit/Mark2Cockpit'
[WRN 15:28:43.400] [Part]: Cannot have ModuleCargoPart and ModuleInventoryPart on same Part [Mark2Cockpit'. Removed ModuleCargoPart
[LOG 15:28:43.405] [MechJeb2] Registered 266 info items:  value:0 ms action:0 ms  toggle:0 ms  general:0 ms  editable:0 ms  total:0 ms
[LOG 15:28:43.411] PartLoader: Compiling Part 'Squad/Parts/Command/mk1LanderCan/mk1LanderCan/landerCabinSmall'
[WRN 15:28:43.414] [Part]: Cannot have ModuleCargoPart and ModuleInventoryPart on same Part [landerCabinSmall'. Removed ModuleCargoPart
[LOG 15:28:43.421] [MechJeb2] Registered 266 info items:  value:0 ms action:0 ms  toggle:0 ms  general:0 ms  editable:0 ms  total:1 ms
[LOG 15:28:43.432] PartLoader: Compiling Part 'Squad/Parts/Command/mk1pod_v2/mk1Pod_v2/mk1pod_v2'
[WRN 15:28:43.435] [Part]: Cannot have ModuleCargoPart and ModuleInventoryPart on same Part [mk1pod.v2'. Removed ModuleCargoPart
[LOG 15:28:43.440] [MechJeb2] Registered 266 info items:  value:0 ms action:0 ms  toggle:0 ms  general:0 ms  editable:0 ms  total:0 ms
[LOG 15:28:43.448] PartLoader: Compiling Part 'Squad/Parts/Command/mk2CockpitInline/mk2CockpitInline/mk2Cockpit_Inline'
[WRN 15:28:43.451] [Part]: Cannot have ModuleCargoPart and ModuleInventoryPart on same Part [mk2Cockpit.Inline'. Removed ModuleCargoPart
[LOG 15:28:43.456] [MechJeb2] Registered 266 info items:  value:0 ms action:0 ms  toggle:0 ms  general:0 ms  editable:0 ms  total:0 ms
[LOG 15:28:43.462] PartLoader: Compiling Part 'Squad/Parts/Command/mk2CockpitStandard/mk2CockpitStandard/mk2Cockpit_Standard'
[WRN 15:28:43.466] [Part]: Cannot have ModuleCargoPart and ModuleInventoryPart on same Part [mk2Cockpit.Standard'. Removed ModuleCargoPart
[LOG 15:28:43.471] [MechJeb2] Registered 266 info items:  value:0 ms action:0 ms  toggle:0 ms  general:0 ms  editable:0 ms  total:0 ms
[LOG 15:28:43.479] PartLoader: Compiling Part 'Squad/Parts/Command/mk2DroneCore/mk2Dronecore/mk2DroneCore'
[LOG 15:28:43.487] [MechJeb2] Registered 266 info items:  value:0 ms action:0 ms  toggle:0 ms  general:0 ms  editable:0 ms  total:0 ms
[LOG 15:28:43.492] PartLoader: Compiling Part 'Squad/Parts/Command/mk2LanderCan/mk2LanderCan/mk2LanderCabin'
[WRN 15:28:43.497] [Part]: Cannot have ModuleCargoPart and ModuleInventoryPart on same Part [mk2LanderCabin'. Removed ModuleCargoPart
[LOG 15:28:43.507] [MechJeb2] Registered 266 info items:  value:0 ms action:0 ms  toggle:0 ms  general:0 ms  editable:0 ms  total:0 ms
[LOG 15:28:43.519] PartLoader: Compiling Part 'Squad/Parts/Command/mk2LanderCan_v2/mk2LanderCan_v2/mk2LanderCabin_v2'
[WRN 15:28:43.528] [Part]: Cannot have ModuleCargoPart and ModuleInventoryPart on same Part [mk2LanderCabin.v2'. Removed ModuleCargoPart
[LOG 15:28:43.547] [MechJeb2] Registered 266 info items:  value:0 ms action:0 ms  toggle:0 ms  general:0 ms  editable:0 ms  total:0 ms
[LOG 15:28:43.557] PartLoader: Compiling Part 'Squad/Parts/Command/mk3CockpitShuttle/mk3CockpitShuttle/mk3Cockpit_Shuttle'
[LOG 15:28:43.566] [MechJeb2] Registered 266 info items:  value:0 ms action:0 ms  toggle:0 ms  general:0 ms  editable:0 ms  total:0 ms
[LOG 15:28:43.573] PartLoader: Compiling Part 'Squad/Parts/Command/MpoProbe/MpoProbe/MpoProbe'
[LOG 15:28:43.581] [MechJeb2] Registered 266 info items:  value:0 ms action:0 ms  toggle:0 ms  general:0 ms  editable:0 ms  total:0 ms
[LOG 15:28:43.587] PartLoader: Compiling Part 'Squad/Parts/Command/MtmStage/MTM_Stage/MtmStage'
[LOG 15:28:43.597] [MechJeb2] Registered 266 info items:  value:0 ms action:0 ms  toggle:0 ms  general:0 ms  editable:0 ms  total:0 ms
[LOG 15:28:43.603] PartLoader: Compiling Part 'Squad/Parts/Command/probeCoreCube/probeCoreCube/probeCoreCube'
[LOG 15:28:43.611] [MechJeb2] Registered 266 info items:  value:0 ms action:0 ms  toggle:0 ms  general:0 ms  editable:0 ms  total:0 ms
[LOG 15:28:43.616] PartLoader: Compiling Part 'Squad/Parts/Command/probeCoreHex/probeCoreHex/probeCoreHex'
[LOG 15:28:43.623] [MechJeb2] Registered 266 info items:  value:0 ms action:0 ms  toggle:0 ms  general:0 ms  editable:0 ms  total:0 ms
[LOG 15:28:43.629] PartLoader: Compiling Part 'Squad/Parts/Command/probeCoreHex_v2/probeCoreHex_v2/probeCoreHex_v2'
[LOG 15:28:43.638] [MechJeb2] Registered 266 info items:  value:0 ms action:0 ms  toggle:0 ms  general:0 ms  editable:0 ms  total:1 ms
[LOG 15:28:43.647] PartLoader: Compiling Part 'Squad/Parts/Command/probeCoreOcto2_v2/probeCoreOcto2_v2/probeCoreOcto2_v2'
[LOG 15:28:43.659] [MechJeb2] Registered 266 info items:  value:0 ms action:0 ms  toggle:0 ms  general:0 ms  editable:0 ms  total:0 ms
[LOG 15:28:43.666] PartLoader: Compiling Part 'Squad/Parts/Command/probeCoreOcto_v2/probeCoreOcto_v2/probeCoreOcto_v2'
[LOG 15:28:43.687] [MechJeb2] Registered 266 info items:  value:0 ms action:0 ms  toggle:0 ms  general:0 ms  editable:0 ms  total:0 ms
[LOG 15:28:43.694] PartLoader: Compiling Part 'Squad/Parts/Command/probeRoverBody/probeRoverBody/roverBody'
[LOG 15:28:43.702] [MechJeb2] Registered 266 info items:  value:0 ms action:0 ms  toggle:0 ms  general:0 ms  editable:0 ms  total:0 ms
[LOG 15:28:43.708] PartLoader: Compiling Part 'Squad/Parts/Command/probeRoverBody_v2/probeRoverBody_v2/roverBody_v2'
[LOG 15:28:43.716] [MechJeb2] Registered 266 info items:  value:0 ms action:0 ms  toggle:0 ms  general:0 ms  editable:0 ms  total:0 ms
[LOG 15:28:43.722] PartLoader: Compiling Part 'Squad/Parts/Command/probeStackLarge/probeStackLarge/probeStackLarge'
[LOG 15:28:43.730] [MechJeb2] Registered 266 info items:  value:0 ms action:0 ms  toggle:0 ms  general:0 ms  editable:0 ms  total:0 ms
[LOG 15:28:43.737] PartLoader: Compiling Part 'Squad/Parts/Command/probeStackSmall/probeStackSmall/probeStackSmall'
[LOG 15:28:43.750] [MechJeb2] Registered 266 info items:  value:0 ms action:0 ms  toggle:0 ms  general:0 ms  editable:0 ms  total:1 ms
[LOG 15:28:43.760] PartLoader: Compiling Part 'Squad/Parts/Command/probeStackSphere_v2/probeStackSphere_v2/probeCoreSphere_v2'
[LOG 15:28:43.771] [MechJeb2] Registered 266 info items:  value:0 ms action:0 ms  toggle:0 ms  general:0 ms  editable:0 ms  total:1 ms
[LOG 15:28:43.778] PartLoader: Compiling Part 'Squad/Parts/CompoundParts/FuelLine/fuelLine/fuelLine'
[LOG 15:28:43.809] PartLoader: Compiling Part 'Squad/Parts/CompoundParts/strutConnector/strutConnector/strutConnector'
[LOG 15:28:43.821] PartLoader: Compiling Part 'Squad/Parts/Coupling/Decoupler_0/Decoupler_0'
[LOG 15:28:43.833] PartLoader: Compiling Part 'Squad/Parts/Coupling/Decoupler_1/Decoupler_1'
[LOG 15:28:43.838] PartLoader: Compiling Part 'Squad/Parts/Coupling/Decoupler_2/Decoupler_2'
[LOG 15:28:43.843] PartLoader: Compiling Part 'Squad/Parts/Coupling/Decoupler_3/Decoupler_3'
[LOG 15:28:43.847] PartLoader: Compiling Part 'Squad/Parts/Coupling/Separator_0/Separator_0'
[LOG 15:28:43.852] PartLoader: Compiling Part 'Squad/Parts/Coupling/Separator_1/Separator_1'
[LOG 15:28:43.858] PartLoader: Compiling Part 'Squad/Parts/Coupling/Separator_2/Separator_2'
[LOG 15:28:43.863] PartLoader: Compiling Part 'Squad/Parts/Coupling/Separator_3/Separator_3'
[LOG 15:28:43.867] PartLoader: Compiling Part 'Squad/Parts/Electrical/10CSolarPanels/OX-10C/solarPanelOX10C'
[LOG 15:28:43.878] PartLoader: Compiling Part 'Squad/Parts/Electrical/10CSolarPanels/SP-10C/solarPanelSP10C'
[LOG 15:28:43.884] PartLoader: Compiling Part 'Squad/Parts/Electrical/10LSolarPanels/OX-10L/solarPanelOX10L'
[LOG 15:28:43.892] PartLoader: Compiling Part 'Squad/Parts/Electrical/10LSolarPanels/SP-10L/solarPanelSP10L'
[LOG 15:28:43.896] PartLoader: Compiling Part 'Squad/Parts/Electrical/1x6ShroudSolarPanels/1x6ShroudSolarPanels/solarPanels2'
[LOG 15:28:43.901] PartLoader: Compiling Part 'Squad/Parts/Electrical/1x6SolarPanels/1x6SolarPanels/solarPanels4'
[LOG 15:28:43.904] PartLoader: Compiling Part 'Squad/Parts/Electrical/3x2ShroudSolarPanels/3x2ShroudSolarPanels/solarPanels1'
[LOG 15:28:43.908] PartLoader: Compiling Part 'Squad/Parts/Electrical/3x2SolarPanels/3x2SolarPanels/solarPanels3'
[LOG 15:28:43.913] PartLoader: Compiling Part 'Squad/Parts/Electrical/gigantorXlSolarArray/gigantorXlSolarArray/largeSolarPanel'
[LOG 15:28:43.918] PartLoader: Compiling Part 'Squad/Parts/Electrical/radialFlatSolarPanel/radialFlatSolarPanel/solarPanels5'
[LOG 15:28:43.922] PartLoader: Compiling Part 'Squad/Parts/Electrical/RTG/RTG/rtg'
[LOG 15:28:43.934] PartLoader: Compiling Part 'Squad/Parts/Electrical/z-100Battery/z-100Battery/batteryPack'
[LOG 15:28:43.940] PartLoader: Compiling Part 'Squad/Parts/Electrical/z-1kBattery/z-1kBattery/batteryBank'
[LOG 15:28:43.943] PartLoader: Compiling Part 'Squad/Parts/Electrical/z-200Battery/z-200Battery/batteryBankMini'
[LOG 15:28:43.947] PartLoader: Compiling Part 'Squad/Parts/Electrical/z-400Battery/z-400Battery/ksp_r_largeBatteryPack'
[LOG 15:28:43.950] PartLoader: Compiling Part 'Squad/Parts/Electrical/z-4kBattery/z-4kBattery/batteryBankLarge'
[LOG 15:28:43.953] PartLoader: Compiling Part 'Squad/Parts/Engine/ionEngine/ionEngine/ionEngine'
[LOG 15:28:43.976] PartLoader: Compiling Part 'Squad/Parts/Engine/jetEngines/jetEngineAfterburning/turboJet'
[LOG 15:28:44.027] PartLoader: Compiling Part 'Squad/Parts/Engine/jetEngines/jetEngineBasic/JetEngine'
[LOG 15:28:44.040] PartLoader: Compiling Part 'Squad/Parts/Engine/jetEngines/jetEngineBig/turboFanSize2'
[LOG 15:28:44.057] PartLoader: Compiling Part 'Squad/Parts/Engine/jetEngines/jetEngineTurbo/turboFanEngine'
[LOG 15:28:44.069] PartLoader: Compiling Part 'Squad/Parts/Engine/liquidEngine24-77/liquidEngine24-77/smallRadialEngine'
[LOG 15:28:44.082] PartLoader: Compiling Part 'Squad/Parts/Engine/liquidEngine24-77_v2/liquidEngine24-77_v2/smallRadialEngine_v2'
[LOG 15:28:44.096] PartLoader: Compiling Part 'Squad/Parts/Engine/liquidEngine48-7S_v2/liquidEngine48-7S_v2/liquidEngineMini_v2'
[LOG 15:28:44.106] PartLoader: Compiling Part 'Squad/Parts/Engine/liquidEngineAerospike/liquidEngineAerospike/toroidalAerospike'
[LOG 15:28:44.125] PartLoader: Compiling Part 'Squad/Parts/Engine/liquidEngineLV-1_v2/liquidEngineLV-1R _v2/radialEngineMini_v2'
[LOG 15:28:44.134] PartLoader: Compiling Part 'Squad/Parts/Engine/liquidEngineLV-1_v2/liquidEngineLV-1_v2/microEngine_v2'
[LOG 15:28:44.144] PartLoader: Compiling Part 'Squad/Parts/Engine/liquidEngineLV-909_v2/liquidEngineLV-909_v2/liquidEngine3_v2'
[LOG 15:28:44.154] PartLoader: Compiling Part 'Squad/Parts/Engine/liquidEngineLV-N/liquidEngineLV-N/nuclearEngine'
[LOG 15:28:44.161] PartLoader: Compiling Part 'Squad/Parts/Engine/liquidEngineLV-T30/liquidEngineLV-T30/liquidEngine'
[LOG 15:28:44.169] PartLoader: Compiling Part 'Squad/Parts/Engine/liquidEngineLV-T30_v2/liquidEngineLV-T30_v2/liquidEngine_v2'
[LOG 15:28:44.178] PartLoader: Compiling Part 'Squad/Parts/Engine/liquidEngineLV-T45/liquidEngineLV-T45/liquidEngine2'
[LOG 15:28:44.188] PartLoader: Compiling Part 'Squad/Parts/Engine/liquidEngineLV-T45_v2/liquidEngineLV-T45_v2/liquidEngine2_v2'
[LOG 15:28:44.200] PartLoader: Compiling Part 'Squad/Parts/Engine/liquidEngineMainsail_v2/liquidEngineMainsail_v2/liquidEngineMainsail_v2'
[LOG 15:28:44.211] PartLoader: Compiling Part 'Squad/Parts/Engine/liquidEngineMk55/liquidEngineMk55/radialLiquidEngine1-2'
[LOG 15:28:44.218] PartLoader: Compiling Part 'Squad/Parts/Engine/liquidEnginePoodle_v2/liquidEnginePoodle_v2/liquidEngine2-2_v2'
[LOG 15:28:44.230] PartLoader: Compiling Part 'Squad/Parts/Engine/liquidEngineSkipper_v2/skipperLiquidEngine_v2/engineLargeSkipper_v2'
[LOG 15:28:44.240] PartLoader: Compiling Part 'Squad/Parts/Engine/liquidEngineSSME/SSME/SSME'
[LOG 15:28:44.252] PartLoader: Compiling Part 'Squad/Parts/Engine/MassiveSRB/part/MassiveBooster'
[LOG 15:28:44.261] PartLoader: Compiling Part 'Squad/Parts/Engine/miniJet/SmallJetEngine/miniJetEngine'
[LOG 15:28:44.270] PartLoader: Compiling Part 'Squad/Parts/Engine/OMSEngine/omsEngine/omsEngine'
[LOG 15:28:44.280] PartLoader: Compiling Part 'Squad/Parts/Engine/rapierEngine/rapierEngine/RAPIER'
[LOG 15:28:44.293] PartLoader: Compiling Part 'Squad/Parts/Engine/Size1_SRBs/solidBoosterRT-10_v2/solidBooster_v2'
[LOG 15:28:44.301] PartLoader: Compiling Part 'Squad/Parts/Engine/Size1_SRBs/solidBoosterRT-5_v2/solidBooster_sm_v2'
[LOG 15:28:44.311] PartLoader: Compiling Part 'Squad/Parts/Engine/Size2LFB/part/Size2LFB'
[LOG 15:28:44.325] PartLoader: Compiling Part 'Squad/Parts/Engine/Size2LFB_v2/part/Size2LFB_v2'
[LOG 15:28:44.335] PartLoader: Compiling Part 'Squad/Parts/Engine/Size3AdvancedEngine/part/Size3AdvancedEngine'
[LOG 15:28:44.345] PartLoader: Compiling Part 'Squad/Parts/Engine/Size3EngineCluster/part/Size3EngineCluster'
[LOG 15:28:44.354] PartLoader: Compiling Part 'Squad/Parts/Engine/solidBoosterBACC/solidBoosterBACC/solidBooster1-1'
[LOG 15:28:44.362] PartLoader: Compiling Part 'Squad/Parts/Engine/solidBoosterS2-17/solidBoosterS2-17/Thoroughbred'
[LOG 15:28:44.372] PartLoader: Compiling Part 'Squad/Parts/Engine/solidBoosterS2-33/solidBoosterS2-33/Clydesdale'
[LOG 15:28:44.380] PartLoader: Compiling Part 'Squad/Parts/Engine/solidBoosterSep/solidBoosterSep/sepMotor1'
[LOG 15:28:44.383] [ModuleCargoPart]: Setting stackableQuantity to 1 as sepMotor1 contains resources
[LOG 15:28:44.386] PartLoader: Compiling Part 'Squad/Parts/Engine/SolidBoostersF/SolidBoosterF3S0/Shrimp'
[LOG 15:28:44.393] PartLoader: Compiling Part 'Squad/Parts/Engine/SolidBoostersF/SolidBoosterFM1/Mite'
[LOG 15:28:44.407] PartLoader: Compiling Part 'Squad/Parts/FuelTank/adapterTanks/Mk3-Mk2/adapterMk3-Mk2'
[LOG 15:28:44.412] PartLoader: Compiling Part 'Squad/Parts/FuelTank/adapterTanks/Mk3-ShuttleAdapter/adapterEngines'
[LOG 15:28:44.415] PartLoader: Compiling Part 'Squad/Parts/FuelTank/adapterTanks/Mk3-Size2/adapterMk3-Size2'
[LOG 15:28:44.419] PartLoader: Compiling Part 'Squad/Parts/FuelTank/adapterTanks/Mk3-Size2Slant/adapterMk3-Size2Slant'
[LOG 15:28:44.423] PartLoader: Compiling Part 'Squad/Parts/FuelTank/adapterTanks/Size2-Mk2/adapterSize2-Mk2'
[LOG 15:28:44.426] PartLoader: Compiling Part 'Squad/Parts/FuelTank/adapterTanks/Size2-Size1/adapterSize2-Size1'
[LOG 15:28:44.428] PartLoader: Compiling Part 'Squad/Parts/FuelTank/adapterTanks/Size2-Size1Slant/adapterSize2-Size1Slant'
[LOG 15:28:44.430] PartLoader: Compiling Part 'Squad/Parts/FuelTank/adapterTanks/Size3-Mk3/adapterSize3-Mk3'
[LOG 15:28:44.433] PartLoader: Compiling Part 'Squad/Parts/FuelTank/drainTankFTE-1/ReleaseValve/ReleaseValve'
[LOG 15:28:44.444] PartLoader: Compiling Part 'Squad/Parts/FuelTank/FoilTanks/RadialTank_Capsule/externalTankCapsule'
[LOG 15:28:44.450] PartLoader: Compiling Part 'Squad/Parts/FuelTank/FoilTanks/RadialTank_Round/externalTankRound'
[LOG 15:28:44.454] PartLoader: Compiling Part 'Squad/Parts/FuelTank/FoilTanks/ToroidTank/externalTankToroid'
[LOG 15:28:44.457] PartLoader: Compiling Part 'Squad/Parts/FuelTank/fuelTankOscarB/fuelTankOscarB/miniFuelTank'
[LOG 15:28:44.460] PartLoader: Compiling Part 'Squad/Parts/FuelTank/miniFuselage/miniFuselage/miniFuselage'
[LOG 15:28:44.463] PartLoader: Compiling Part 'Squad/Parts/FuelTank/mk2Adapters/bicoupler/mk2_1m_Bicoupler'
[LOG 15:28:44.466] PartLoader: Compiling Part 'Squad/Parts/FuelTank/mk2Adapters/long/mk2_1m_AdapterLong'
[LOG 15:28:44.469] PartLoader: Compiling Part 'Squad/Parts/FuelTank/mk2Adapters/standard/mk2SpacePlaneAdapter'
[LOG 15:28:44.472] PartLoader: Compiling Part 'Squad/Parts/FuelTank/mk2FuselageLong/LFO_long/mk2FuselageLongLFO'
[LOG 15:28:44.475] PartLoader: Compiling Part 'Squad/Parts/FuelTank/mk2FuselageLong/L_long/mk2Fuselage'
[LOG 15:28:44.480] PartLoader: Compiling Part 'Squad/Parts/FuelTank/mk2FuselageShort/LFO_short/mk2FuselageShortLFO'
[LOG 15:28:44.485] PartLoader: Compiling Part 'Squad/Parts/FuelTank/mk2FuselageShort/L_short/mk2FuselageShortLiquid'
[LOG 15:28:44.490] PartLoader: Compiling Part 'Squad/Parts/FuelTank/mk2FuselageShort/Mono_short/mk2FuselageShortMono'
[LOG 15:28:44.493] PartLoader: Compiling Part 'Squad/Parts/FuelTank/mk3Fuselage/CREW/mk3CrewCabin'
[LOG 15:28:44.498] PartLoader: Compiling Part 'Squad/Parts/FuelTank/mk3Fuselage/LFO_100/mk3FuselageLFO_100'
[LOG 15:28:44.500] PartLoader: Compiling Part 'Squad/Parts/FuelTank/mk3Fuselage/LFO_25/mk3FuselageLFO_25'
[LOG 15:28:44.502] PartLoader: Compiling Part 'Squad/Parts/FuelTank/mk3Fuselage/LFO_50/mk3FuselageLFO_50'
[LOG 15:28:44.504] PartLoader: Compiling Part 'Squad/Parts/FuelTank/mk3Fuselage/LF_100/mk3FuselageLF_100'
[LOG 15:28:44.506] PartLoader: Compiling Part 'Squad/Parts/FuelTank/mk3Fuselage/LF_25/mk3FuselageLF_25'
[LOG 15:28:44.508] PartLoader: Compiling Part 'Squad/Parts/FuelTank/mk3Fuselage/LF_50/mk3FuselageLF_50'
[LOG 15:28:44.510] PartLoader: Compiling Part 'Squad/Parts/FuelTank/mk3Fuselage/MONO/mk3FuselageMONO'
[LOG 15:28:44.513] PartLoader: Compiling Part 'Squad/Parts/FuelTank/RCSFuelTankR1/RCSFuelTankR1/RCSTank1-2'
[LOG 15:28:44.518] PartLoader: Compiling Part 'Squad/Parts/FuelTank/RCSFuelTankR10/RCSFuelTankR10/rcsTankMini'
[LOG 15:28:44.522] PartLoader: Compiling Part 'Squad/Parts/FuelTank/RCSFuelTankR25/RCSFuelTankR25/RCSFuelTank'
[LOG 15:28:44.525] PartLoader: Compiling Part 'Squad/Parts/FuelTank/RCSTankRadial/radialRCSTank/radialRCSTank'
[LOG 15:28:44.529] PartLoader: Compiling Part 'Squad/Parts/FuelTank/RCStankRadialLong/RCSTankRadialLong/rcsTankRadialLong'
[LOG 15:28:44.533] PartLoader: Compiling Part 'Squad/Parts/FuelTank/RockomaxTanks/Rockomax16/Rockomax16_BW'
[LOG 15:28:44.537] PartLoader: Compiling Part 'Squad/Parts/FuelTank/RockomaxTanks/Rockomax32/Rockomax32_BW'
[LOG 15:28:44.540] PartLoader: Compiling Part 'Squad/Parts/FuelTank/RockomaxTanks/Rockomax64/Rockomax64_BW'
[LOG 15:28:44.543] PartLoader: Compiling Part 'Squad/Parts/FuelTank/RockomaxTanks/Rockomax8/Rockomax8BW'
[LOG 15:28:44.546] PartLoader: Compiling Part 'Squad/Parts/FuelTank/Size1_Tanks/fuelTankT100/fuelTankSmallFlat'
[LOG 15:28:44.550] PartLoader: Compiling Part 'Squad/Parts/FuelTank/Size1_Tanks/fuelTankT200/fuelTankSmall'
[LOG 15:28:44.553] PartLoader: Compiling Part 'Squad/Parts/FuelTank/Size1_Tanks/fuelTankT400/fuelTank'
[LOG 15:28:44.557] PartLoader: Compiling Part 'Squad/Parts/FuelTank/Size1_Tanks/fuelTankT800/fuelTank_long'
[LOG 15:28:44.559] PartLoader: Compiling Part 'Squad/Parts/FuelTank/Size3Tanks/large/Size3LargeTank'
[LOG 15:28:44.562] PartLoader: Compiling Part 'Squad/Parts/FuelTank/Size3Tanks/medium/Size3MediumTank'
[LOG 15:28:44.564] PartLoader: Compiling Part 'Squad/Parts/FuelTank/Size3Tanks/small/Size3SmallTank'
[LOG 15:28:44.567] PartLoader: Compiling Part 'Squad/Parts/FuelTank/xenonTank/xenonTank/xenonTank'
[LOG 15:28:44.569] PartLoader: Compiling Part 'Squad/Parts/FuelTank/xenonTankLarge/xenonTankLarge/xenonTankLarge'
[LOG 15:28:44.572] PartLoader: Compiling Part 'Squad/Parts/FuelTank/xenonTankRadial/xenonTankRadial/xenonTankRadial'
[LOG 15:28:44.575] PartLoader: Compiling Part 'Squad/Parts/Misc/AsteroidDay/CamSat/InfraredTelescope'
[LOG 15:28:44.583] PartLoader: Compiling Part 'Squad/Parts/Misc/AsteroidDay/HECS2/HECS2_ProbeCore'
[LOG 15:28:44.597] [MechJeb2] Registered 266 info items:  value:0 ms action:0 ms  toggle:0 ms  general:0 ms  editable:0 ms  total:1 ms
[LOG 15:28:44.605] PartLoader: Compiling Part 'Squad/Parts/Misc/AsteroidDay/HighGainAntenna/HighGainAntenna'
[LOG 15:28:44.613] PartLoader: Compiling Part 'Squad/Parts/Misc/AsteroidDay/LgRadialSolar/LgRadialSolarPanel'
[LOG 15:28:44.618] PartLoader: Compiling Part 'Squad/Parts/Misc/PotatoComet/part/PotatoComet'
[LOG 15:28:44.636] PartLoader: Compiling Part 'Squad/Parts/Misc/PotatoRoid/part/PotatoRoid'
[LOG 15:28:44.648] PartLoader: Compiling Part 'Squad/Parts/Prebuilt/flag/flag'
[LOG 15:28:44.651] PartLoader: Compiling Part 'Squad/Parts/Prebuilt/kerbalEVA/kerbalEVA'
[LOG 15:28:44.672] PartLoader: Compiling Part 'Squad/Parts/Prebuilt/kerbalEVAfemale/kerbalEVAfemale'
[LOG 15:28:44.678] PartLoader: Compiling Part 'Squad/Parts/Prebuilt/kerbalEVASlimSuit/kerbalEVASlimSuit'
[LOG 15:28:44.685] PartLoader: Compiling Part 'Squad/Parts/Prebuilt/kerbalEVASlimSuitFemale/kerbalEVASlimSuitFemale'
[LOG 15:28:44.694] PartLoader: Compiling Part 'Squad/Parts/Resources/FuelCell/FuelCell/FuelCell'
[LOG 15:28:44.711] PartLoader: Compiling Part 'Squad/Parts/Resources/FuelCell/FuelCellArray/FuelCellArray'
[LOG 15:28:44.716] PartLoader: Compiling Part 'Squad/Parts/Resources/ISRU/ISRU/ISRU'
[LOG 15:28:44.729] PartLoader: Compiling Part 'Squad/Parts/Resources/LargeTank/LargeTank/LargeTank'
[LOG 15:28:44.735] PartLoader: Compiling Part 'Squad/Parts/Resources/MiniDrill/MiniDrill/MiniDrill'
[LOG 15:28:44.769] PartLoader: Compiling Part 'Squad/Parts/Resources/MiniISRU/MiniISRU/MiniISRU'
[LOG 15:28:44.776] PartLoader: Compiling Part 'Squad/Parts/Resources/OrbitalScanner/OrbitalScanner/OrbitalScanner'
[LOG 15:28:44.786] PartLoader: Compiling Part 'Squad/Parts/Resources/RadialDrill/RadialDrill/RadialDrill'
[LOG 15:28:44.794] PartLoader: Compiling Part 'Squad/Parts/Resources/RadialTank/RadialTank/RadialOreTank'
[LOG 15:28:44.797] PartLoader: Compiling Part 'Squad/Parts/Resources/SmallTank/SmallTank/SmallTank'
[LOG 15:28:44.801] PartLoader: Compiling Part 'Squad/Parts/Resources/SurfaceScanner/SurfaceScanner/SurfaceScanner'
[LOG 15:28:44.816] PartLoader: Compiling Part 'Squad/Parts/Resources/SurveyScanner/SurveyScanner/SurveyScanner'
[LOG 15:28:44.825] PartLoader: Compiling Part 'Squad/Parts/Science/AtmosphereSensor/sensorAtmosphere/sensorAtmosphere'
[LOG 15:28:44.829] PartLoader: Compiling Part 'Squad/Parts/Science/GooExperiment/gooExperiment/GooExperiment'
[LOG 15:28:44.832] PartLoader: Compiling Part 'Squad/Parts/Science/LargeCrewedLab/largeCrewedLab/Large_Crewed_Lab'
[LOG 15:28:44.855] PartLoader: Compiling Part 'Squad/Parts/Science/Magnetometer/Magnetometer/Magnetometer'
[LOG 15:28:44.866] PartLoader: Compiling Part 'Squad/Parts/Science/MaterialBay/materialBay/science_module'
[LOG 15:28:44.871] PartLoader: Compiling Part 'Squad/Parts/Science/ScienceBox/ScienceBox/ScienceBox'
[LOG 15:28:44.874] PartLoader: Compiling Part 'Squad/Parts/Science/sensorAccelerometer/sensorAccelerometer/sensorAccelerometer'
[LOG 15:28:44.881] PartLoader: Compiling Part 'Squad/Parts/Science/sensorBarometer/sensorBarometer/sensorBarometer'
[LOG 15:28:44.884] PartLoader: Compiling Part 'Squad/Parts/Science/sensorGravimeter/sensorGravimeter/sensorGravimeter'
[LOG 15:28:44.890] PartLoader: Compiling Part 'Squad/Parts/Science/sensorThermometer/sensorThermometer/sensorThermometer'
[LOG 15:28:44.894] PartLoader: Compiling Part 'Squad/Parts/Structural/FLAdapters/adapterSmallMiniShort/adapterSmallMiniShort'
[LOG 15:28:44.897] PartLoader: Compiling Part 'Squad/Parts/Structural/FLAdapters/adapterSmallMiniTall/adapterSmallMiniTall'
[LOG 15:28:44.900] PartLoader: Compiling Part 'Squad/Parts/Structural/mk1Parts/engineBodyRadial/radialEngineBody'
[LOG 15:28:44.903] PartLoader: Compiling Part 'Squad/Parts/Structural/mk1Parts/engineNacelle/nacelleBody'
[LOG 15:28:44.906] PartLoader: Compiling Part 'Squad/Parts/Structural/mk1Parts/mk1Fuselage/MK1Fuselage'
[LOG 15:28:44.908] PartLoader: Compiling Part 'Squad/Parts/Structural/mk1Parts/mk1FuselageIntake/MK1IntakeFuselage'
[LOG 15:28:44.911] PartLoader: Compiling Part 'Squad/Parts/Structural/mk1Parts/mk1Structural/Mk1FuselageStructural'
[LOG 15:28:44.914] PartLoader: Compiling Part 'Squad/Parts/Structural/Size3To2Adapter_v2/Size2to3_v2/Size3To2Adapter_v2'
[LOG 15:28:44.916] PartLoader: Compiling Part 'Squad/Parts/Structural/stackAdapters/adapterLargeSmallBi/adapterLargeSmallBi'
[LOG 15:28:44.919] PartLoader: Compiling Part 'Squad/Parts/Structural/stackAdapters/adapterLargeSmallQuad/adapterLargeSmallQuad'
[LOG 15:28:44.921] PartLoader: Compiling Part 'Squad/Parts/Structural/stackAdapters/adapterLargeSmallTri/adapterLargeSmallTri'
[LOG 15:28:44.925] PartLoader: Compiling Part 'Squad/Parts/Structural/stationHub/stationHub/stationHub'
[LOG 15:28:44.928] PartLoader: Compiling Part 'Squad/Parts/Structural/structuralIBeam200/structuralIBeam200/structuralIBeam2'
[LOG 15:28:44.931] PartLoader: Compiling Part 'Squad/Parts/Structural/structuralIBeam200Pocket/structuralIBeam200Pocket/structuralIBeam3'
[LOG 15:28:44.933] PartLoader: Compiling Part 'Squad/Parts/Structural/structuralIBeam650/structuralIBeam650/structuralIBeam1'
[LOG 15:28:44.935] PartLoader: Compiling Part 'Squad/Parts/Structural/structuralMicronode/structuralMicronode/structuralMiniNode'
[LOG 15:28:44.937] PartLoader: Compiling Part 'Squad/Parts/Structural/structuralPanel1x1/structuralPanel1x1/structuralPanel1'
[LOG 15:28:44.940] PartLoader: Compiling Part 'Squad/Parts/Structural/structuralPanel2x2/structuralPanel2x2/structuralPanel2'
[LOG 15:28:44.942] PartLoader: Compiling Part 'Squad/Parts/Structural/structuralPylons/smallHardpoint/smallHardpoint'
[LOG 15:28:44.946] PartLoader: Compiling Part 'Squad/Parts/Structural/structuralPylons/structuralPylon/structuralPylon'
[LOG 15:28:44.950] PartLoader: Compiling Part 'Squad/Parts/Structural/strutCubicOcto/strutCubicOcto/strutCube'
[LOG 15:28:44.953] PartLoader: Compiling Part 'Squad/Parts/Structural/strutOcto/strutOcto/strutOcto'
[LOG 15:28:44.955] PartLoader: Compiling Part 'Squad/Parts/Structural/trussGirderAdapter/trussGirderAdapter/trussAdapter'
[LOG 15:28:44.959] PartLoader: Compiling Part 'Squad/Parts/Structural/trussGirderL/trussGirderL/trussPiece1x'
[LOG 15:28:44.962] PartLoader: Compiling Part 'Squad/Parts/Structural/trussGirderXL/trussGirderXL/trussPiece3x'
[LOG 15:28:44.964] PartLoader: Compiling Part 'Squad/Parts/Thermal/FoldingRadiators/foldingRadLarge/foldingRadLarge'
[LOG 15:28:44.977] PartLoader: Compiling Part 'Squad/Parts/Thermal/FoldingRadiators/foldingRadMed/foldingRadMed'
[LOG 15:28:44.983] PartLoader: Compiling Part 'Squad/Parts/Thermal/FoldingRadiators/foldingRadSmall/foldingRadSmall'
[LOG 15:28:44.988] PartLoader: Compiling Part 'Squad/Parts/Thermal/RadiatorPanels/radPanelEdge/radPanelEdge'
[LOG 15:28:44.993] PartLoader: Compiling Part 'Squad/Parts/Thermal/RadiatorPanels/radPanelLg/radPanelLg'
[LOG 15:28:44.999] PartLoader: Compiling Part 'Squad/Parts/Thermal/RadiatorPanels/radPanelSm/radPanelSm'
[LOG 15:28:45.004] PartLoader: Compiling Part 'Squad/Parts/Utility/commDish88-88/commDish88-88/commDish'
[LOG 15:28:45.013] PartLoader: Compiling Part 'Squad/Parts/Utility/commsAntennaDTS-M1/commsAntennaDTS-M1/mediumDishAntenna'
[LOG 15:28:45.020] PartLoader: Compiling Part 'Squad/Parts/Utility/commsDish16/commsAntenna16/longAntenna'
[LOG 15:28:45.024] PartLoader: Compiling Part 'Squad/Parts/Utility/decouplerRadialHDM/decouplerRadialHDM/radialDecoupler1-2'
[LOG 15:28:45.032] PartLoader: Compiling Part 'Squad/Parts/Utility/decouplerRadialTT-38K/decouplerRadialTT-38K/radialDecoupler'
[LOG 15:28:45.036] PartLoader: Compiling Part 'Squad/Parts/Utility/decouplerRadialTT-70/decouplerRadialTT-70/radialDecoupler2'
[LOG 15:28:45.040] PartLoader: Compiling Part 'Squad/Parts/Utility/DirectAntennas/C16S/SurfAntenna'
[LOG 15:28:45.043] PartLoader: Compiling Part 'Squad/Parts/Utility/DirectAntennas/HG-5/HighGainAntenna5'
[LOG 15:28:45.047] PartLoader: Compiling Part 'Squad/Parts/Utility/DirectAntennas/HG-5_v2/HighGainAntenna5_v2'
[LOG 15:28:45.052] PartLoader: Compiling Part 'Squad/Parts/Utility/dockingPort/dockingPort/dockingPort2'
[LOG 15:28:45.061] PartLoader: Compiling Part 'Squad/Parts/Utility/dockingPortInline/dockingPortInline/dockingPortLateral'
[LOG 15:28:45.067] PartLoader: Compiling Part 'Squad/Parts/Utility/dockingPortJr/dockingPortJr/dockingPort3'
[LOG 15:28:45.071] PartLoader: Compiling Part 'Squad/Parts/Utility/dockingPortShielded/dockingPortShielded/dockingPort1'
[LOG 15:28:45.077] PartLoader: Compiling Part 'Squad/Parts/Utility/dockingPortSr/dockingPortSr/dockingPortLarge'
[LOG 15:28:45.081] PartLoader: Compiling Part 'Squad/Parts/Utility/Fireworks/fireworksLauncherBig/fireworksLauncherBig'
[LOG 15:28:45.093] PartLoader: Compiling Part 'Squad/Parts/Utility/Fireworks/fireworksLauncherSmall/fireworksLauncherSmall'
[LOG 15:28:45.099] PartLoader: Compiling Part 'Squad/Parts/Utility/flags/flagFlat/flagFlat/flagPartFlat'
[LOG 15:28:45.109] PartLoader: Compiling Part 'Squad/Parts/Utility/flags/flagSize0/flagSize0/flagPartSize0'
[LOG 15:28:45.115] PartLoader: Compiling Part 'Squad/Parts/Utility/flags/flagSize1/flagSize1/flagPartSize1'
[LOG 15:28:45.120] PartLoader: Compiling Part 'Squad/Parts/Utility/flags/flagSize2/flagSize2/flagPartSize2'
[LOG 15:28:45.124] PartLoader: Compiling Part 'Squad/Parts/Utility/flags/flagSize3/flagSize3/flagPartSize3'
[LOG 15:28:45.128] PartLoader: Compiling Part 'Squad/Parts/Utility/GrapplingDevice/part/GrapplingDevice'
[LOG 15:28:45.139] PartLoader: Compiling Part 'Squad/Parts/Utility/ladderRadial/ladderRadial/ladder1'
[LOG 15:28:45.143] PartLoader: Compiling Part 'Squad/Parts/Utility/ladderTelescopic/ladderTelescopic/telescopicLadder'
[LOG 15:28:45.149] PartLoader: Compiling Part 'Squad/Parts/Utility/ladderTelescopicBay/ladderTelescopicBay/telescopicLadderBay'
[LOG 15:28:45.161] PartLoader: Compiling Part 'Squad/Parts/Utility/landingLegLT-1/landingLegLT-1/landingLeg1'
[LOG 15:28:45.188] PartLoader: Compiling Part 'Squad/Parts/Utility/landingLegLT-2/landingLegLT-2/landingLeg1-2'
[LOG 15:28:45.195] PartLoader: Compiling Part 'Squad/Parts/Utility/landingLegLT-5/landingLegLT-5/miniLandingLeg'
[LOG 15:28:45.201] PartLoader: Compiling Part 'Squad/Parts/Utility/launchClamp1/launchClamp1/launchClamp1'
[LOG 15:28:45.207] PartLoader: Compiling Part 'Squad/Parts/Utility/launchEscapeSystem/part/LaunchEscapeSystem'
[LOG 15:28:45.213] PartLoader: Compiling Part 'Squad/Parts/Utility/Lights/domeLight1/domeLight1'
[LOG 15:28:45.217] PartLoader: Compiling Part 'Squad/Parts/Utility/Lights/groundLight1/groundLight1'
[LOG 15:28:45.222] PartLoader: Compiling Part 'Squad/Parts/Utility/Lights/groundLight2/groundLight2'
[LOG 15:28:45.229] PartLoader: Compiling Part 'Squad/Parts/Utility/Lights/navLight1/navLight1'
[LOG 15:28:45.236] PartLoader: Compiling Part 'Squad/Parts/Utility/Lights/spotLight1/spotLight3'
[LOG 15:28:45.241] PartLoader: Compiling Part 'Squad/Parts/Utility/Lights/stripLight1/stripLight1'
[LOG 15:28:45.245] PartLoader: Compiling Part 'Squad/Parts/Utility/linearVernorRCS/linearRCS/linearRcs'
[LOG 15:28:45.252] PartLoader: Compiling Part 'Squad/Parts/Utility/linearVernorRCS/vernorEngine/vernierEngine'
[LOG 15:28:45.258] PartLoader: Compiling Part 'Squad/Parts/Utility/mk2CargoBay/BayL/mk2CargoBayL'
[LOG 15:28:45.262] PartLoader: Compiling Part 'Squad/Parts/Utility/mk2CargoBay/BayS/mk2CargoBayS'
[LOG 15:28:45.266] PartLoader: Compiling Part 'Squad/Parts/Utility/mk2CrewCabin/mk2CrewCabin/mk2CrewCabin'
[WRN 15:28:45.268] [Part]: Cannot have ModuleCargoPart and ModuleInventoryPart on same Part [mk2CrewCabin'. Removed ModuleCargoPart
[LOG 15:28:45.271] PartLoader: Compiling Part 'Squad/Parts/Utility/mk2DockingPort/mk2DockingPort/mk2DockingPort'
[LOG 15:28:45.277] PartLoader: Compiling Part 'Squad/Parts/Utility/mk3CargoBay/long/mk3CargoBayL'
[LOG 15:28:45.280] PartLoader: Compiling Part 'Squad/Parts/Utility/mk3CargoBay/medium/mk3CargoBayM'
[LOG 15:28:45.283] PartLoader: Compiling Part 'Squad/Parts/Utility/mk3CargoBay/ramp/mk3CargoRamp'
[LOG 15:28:45.286] PartLoader: Compiling Part 'Squad/Parts/Utility/mk3CargoBay/short/mk3CargoBayS'
[LOG 15:28:45.289] PartLoader: Compiling Part 'Squad/Parts/Utility/parachuteMk1/parachuteMk1/parachuteSingle'
[LOG 15:28:45.301] PartLoader: Compiling Part 'Squad/Parts/Utility/parachuteMk12-R/parachuteMk12-R/radialDrogue'
[LOG 15:28:45.306] PartLoader: Compiling Part 'Squad/Parts/Utility/parachuteMk16-XL/parachuteMk16-XL/parachuteLarge'
[LOG 15:28:45.310] PartLoader: Compiling Part 'Squad/Parts/Utility/parachuteMk2-R/parachuteMk2-R/parachuteRadial'
[LOG 15:28:45.314] PartLoader: Compiling Part 'Squad/Parts/Utility/parachuteMk25/parachuteMk25/parachuteDrogue'
[LOG 15:28:45.318] PartLoader: Compiling Part 'Squad/Parts/Utility/radialAttachmentPoint/radialAttachmentPoint/stackPoint1'
[LOG 15:28:45.321] PartLoader: Compiling Part 'Squad/Parts/Utility/rcsBlockRV-105_v2/rcsBlockRV-105/RCSBlock_v2'
[LOG 15:28:45.328] PartLoader: Compiling Part 'Squad/Parts/Utility/rcsBlockRV-105_v2/RCSblock_01_small/RCSblock_01_small'
[LOG 15:28:45.336] PartLoader: Compiling Part 'Squad/Parts/Utility/rcsSmallLinear/RCSLinearSmall/RCSLinearSmall'
[LOG 15:28:45.342] PartLoader: Compiling Part 'Squad/Parts/Utility/RelayAntennas/RA-100/RelayAntenna100'
[LOG 15:28:45.345] PartLoader: Compiling Part 'Squad/Parts/Utility/RelayAntennas/RA-5/RelayAntenna5'
[LOG 15:28:45.348] PartLoader: Compiling Part 'Squad/Parts/Utility/RelayAntennas/RA-50/RelayAntenna50'
[LOG 15:28:45.352] PartLoader: Compiling Part 'Squad/Parts/Utility/rockomaxAdapters/largeAdapter/largeAdapter'
[LOG 15:28:45.354] PartLoader: Compiling Part 'Squad/Parts/Utility/rockomaxAdapters/largeAdapterShort/largeAdapter2'
[LOG 15:28:45.356] PartLoader: Compiling Part 'Squad/Parts/Utility/ServiceBay_v2/ServiceBay_125_v2/ServiceBay_125_v2'
[LOG 15:28:45.360] PartLoader: Compiling Part 'Squad/Parts/Utility/ServiceBay_v2/ServiceBay_250_v2/ServiceBay_250_v2'
[LOG 15:28:45.364] PartLoader: Compiling Part 'Squad/Parts/Utility/smallClaw/smallClaw/smallClaw'
[LOG 15:28:45.372] PartLoader: Compiling Part 'Squad/Parts/Utility/spotLightMk1/spotLightMk1/spotLight1'
[LOG 15:28:45.377] PartLoader: Compiling Part 'Squad/Parts/Utility/spotLightMk1_v2/spotLightMk1_v2/spotLight1_v2'
[LOG 15:28:45.381] PartLoader: Compiling Part 'Squad/Parts/Utility/spotLightMk2/spotLightMk2/spotLight2'
[LOG 15:28:45.384] PartLoader: Compiling Part 'Squad/Parts/Utility/spotLightMk2_v2/spotLightMk2_v2/spotLight2_v2'
[LOG 15:28:45.388] PartLoader: Compiling Part 'Squad/Parts/Utility/stackCouplers/stackBiCoupler_v2/stackBiCoupler_v2'
[LOG 15:28:45.391] PartLoader: Compiling Part 'Squad/Parts/Utility/stackCouplers/stackQuadCoupler/stackQuadCoupler'
[LOG 15:28:45.393] PartLoader: Compiling Part 'Squad/Parts/Utility/stackCouplers/stackTriCoupler_v2/stackTriCoupler_v2'
[LOG 15:28:45.400] PartLoader: Compiling Part 'Squad/Parts/Wheel/LandingGear/GearExtraLarge/GearLarge'
[LOG 15:28:45.415] PartLoader: Compiling Part 'Squad/Parts/Wheel/LandingGear/GearFixed/GearFixed'
[LOG 15:28:45.420] PartLoader: Compiling Part 'Squad/Parts/Wheel/LandingGear/GearFree/GearFree'
[LOG 15:28:45.530] PartLoader: Compiling Part 'Squad/Parts/Wheel/LandingGear/GearLarge/GearMedium'
[LOG 15:28:45.547] PartLoader: Compiling Part 'Squad/Parts/Wheel/LandingGear/GearMedium/GearSmall'
[LOG 15:28:45.568] PartLoader: Compiling Part 'Squad/Parts/Wheel/LandingGear/GearSmall/SmallGearBay'
[LOG 15:28:45.582] PartLoader: Compiling Part 'Squad/Parts/Wheel/roverWheelM1/roverWheelM1/roverWheel1'
[LOG 15:28:45.608] PartLoader: Compiling Part 'Squad/Parts/Wheel/roverWheelS2/roverWheelS2/roverWheel2'
[LOG 15:28:45.615] PartLoader: Compiling Part 'Squad/Parts/Wheel/roverWheelTR-2L/roverWheelTR-2L/wheelMed'
[LOG 15:28:45.622] PartLoader: Compiling Part 'Squad/Parts/Wheel/roverWheelXL3/roverWheelXL3/roverWheel3'
[LOG 15:28:45.630] PartLoader: Compiling Part 'SquadExpansion/MakingHistory/Parts/Aero/protectiveRocketNoseMk16/rocketNoseCone_size4/rocketNoseConeSize4'
[LOG 15:28:45.632] PartLoader: Compiling Part 'SquadExpansion/MakingHistory/Parts/Aero/protectiveRocketNoseMk5A/Size_1_5_Cone/Size_1_5_Cone'
[LOG 15:28:45.634] PartLoader: Compiling Part 'SquadExpansion/MakingHistory/Parts/Coupling/Decoupler_1p5/Decoupler_1p5'
[LOG 15:28:45.639] PartLoader: Compiling Part 'SquadExpansion/MakingHistory/Parts/Coupling/Decoupler_4/Decoupler_4'
[LOG 15:28:45.643] PartLoader: Compiling Part 'SquadExpansion/MakingHistory/Parts/Coupling/EnginePlate_1p5/EnginePlate1p5'
[LOG 15:28:45.654] PartLoader: Compiling Part 'SquadExpansion/MakingHistory/Parts/Coupling/EnginePlate_2/EnginePlate2'
[LOG 15:28:45.660] PartLoader: Compiling Part 'SquadExpansion/MakingHistory/Parts/Coupling/EnginePlate_3/EnginePlate3'
[LOG 15:28:45.665] PartLoader: Compiling Part 'SquadExpansion/MakingHistory/Parts/Coupling/EnginePlate_4/EnginePlate4'
[LOG 15:28:45.671] PartLoader: Compiling Part 'SquadExpansion/MakingHistory/Parts/Coupling/EnginePlate_5/EnginePlate5'
[LOG 15:28:45.676] PartLoader: Compiling Part 'SquadExpansion/MakingHistory/Parts/Coupling/InflatableAirlock/InflatableAirlock'
[LOG 15:28:45.681] PartLoader: Compiling Part 'SquadExpansion/MakingHistory/Parts/Coupling/Separator_1p5/Separator_1p5'
[LOG 15:28:45.686] PartLoader: Compiling Part 'SquadExpansion/MakingHistory/Parts/Coupling/Separator_4/Separator_4'
[LOG 15:28:45.690] PartLoader: Compiling Part 'SquadExpansion/MakingHistory/Parts/Coupling/Size1p5_Strut_Decoupler/Size1p5_Strut_Decoupler'
[LOG 15:28:45.694] PartLoader: Compiling Part 'SquadExpansion/MakingHistory/Parts/Engine/LiquidEngineKE-1/LiquidEngineKE-1'
[LOG 15:28:45.706] PartLoader: Compiling Part 'SquadExpansion/MakingHistory/Parts/Engine/LiquidEngineLV-T91/LiquidEngineLV-T91'
[LOG 15:28:45.717] PartLoader: Compiling Part 'SquadExpansion/MakingHistory/Parts/Engine/LiquidEngineLV-TX87/LiquidEngineLV-TX87'
[LOG 15:28:45.726] PartLoader: Compiling Part 'SquadExpansion/MakingHistory/Parts/Engine/LiquidEngineRE-I2/LiquidEngineRE-I2'
[LOG 15:28:45.735] PartLoader: Compiling Part 'SquadExpansion/MakingHistory/Parts/Engine/LiquidEngineRE-J10/LiquidEngineRE-J10'
[LOG 15:28:45.746] PartLoader: Compiling Part 'SquadExpansion/MakingHistory/Parts/Engine/LiquidEngineRK-7/LiquidEngineRK-7'
[LOG 15:28:45.758] PartLoader: Compiling Part 'SquadExpansion/MakingHistory/Parts/Engine/LiquidEngineRV-1/LiquidEngineRV-1'
[LOG 15:28:45.765] PartLoader: Compiling Part 'SquadExpansion/MakingHistory/Parts/Engine/solidBoosterTHK/solidBoosterTHK/Pollux'
[LOG 15:28:45.770] PartLoader: Compiling Part 'SquadExpansion/MakingHistory/Parts/FuelTank/MonoPropMini/monopropMiniSphere'
[LOG 15:28:45.773] PartLoader: Compiling Part 'SquadExpansion/MakingHistory/Parts/FuelTank/Size1p5_Monoprop/Size1p5_Monoprop'
[LOG 15:28:45.776] PartLoader: Compiling Part 'SquadExpansion/MakingHistory/Parts/FuelTank/Size1p5_Size0_Adapter_01/Size1p5_Size0_Adapter_01'
[LOG 15:28:45.780] PartLoader: Compiling Part 'SquadExpansion/MakingHistory/Parts/FuelTank/Size1p5_Size1_Adapter_01/Size1p5_Size1_Adapter_01'
[LOG 15:28:45.784] PartLoader: Compiling Part 'SquadExpansion/MakingHistory/Parts/FuelTank/Size1p5_Size1_Adapter_02/Size1p5_Size1_Adapter_02'
[LOG 15:28:45.788] PartLoader: Compiling Part 'SquadExpansion/MakingHistory/Parts/FuelTank/Size1p5_Size2_Adapter_01/Size1p5_Size2_Adapter_01'
[LOG 15:28:45.793] PartLoader: Compiling Part 'SquadExpansion/MakingHistory/Parts/FuelTank/Size1p5_Tank_01/Size1p5_Tank_01'
[LOG 15:28:45.796] PartLoader: Compiling Part 'SquadExpansion/MakingHistory/Parts/FuelTank/Size1p5_Tank_02/Size1p5_Tank_02'
[LOG 15:28:45.799] PartLoader: Compiling Part 'SquadExpansion/MakingHistory/Parts/FuelTank/Size1p5_Tank_03/Size1p5_Tank_03'
[LOG 15:28:45.801] PartLoader: Compiling Part 'SquadExpansion/MakingHistory/Parts/FuelTank/Size1p5_Tank_04/Size1p5_Tank_04'
[LOG 15:28:45.804] PartLoader: Compiling Part 'SquadExpansion/MakingHistory/Parts/FuelTank/Size1p5_Tank_05/Size1p5_Tank_05'
[LOG 15:28:45.809] PartLoader: Compiling Part 'SquadExpansion/MakingHistory/Parts/FuelTank/Size3_Size4_Adapter_01/Size3_Size4_Adapter_01'
[LOG 15:28:45.813] PartLoader: Compiling Part 'SquadExpansion/MakingHistory/Parts/FuelTank/Size4_EngineAdapter_01/Size4_EngineAdapter_01'
[LOG 15:28:45.815] PartLoader: Compiling Part 'SquadExpansion/MakingHistory/Parts/FuelTank/Size4_Tank_01/Size4_Tank_01'
[LOG 15:28:45.817] PartLoader: Compiling Part 'SquadExpansion/MakingHistory/Parts/FuelTank/Size4_Tank_02/Size4_Tank_02'
[LOG 15:28:45.819] PartLoader: Compiling Part 'SquadExpansion/MakingHistory/Parts/FuelTank/Size4_Tank_03/Size4_Tank_03'
[LOG 15:28:45.821] PartLoader: Compiling Part 'SquadExpansion/MakingHistory/Parts/FuelTank/Size4_Tank_04/Size4_Tank_04'
[LOG 15:28:45.823] PartLoader: Compiling Part 'SquadExpansion/MakingHistory/Parts/Ground/RoverWheel/roverWheelM1-F'
[LOG 15:28:45.832] PartLoader: Compiling Part 'SquadExpansion/MakingHistory/Parts/Payload/fairingSize1p5/fairingSize1p5'
[LOG 15:28:45.841] PartLoader: Compiling Part 'SquadExpansion/MakingHistory/Parts/Payload/fairingSize4/fairingSize4'
[LOG 15:28:45.852] PartLoader: Compiling Part 'SquadExpansion/MakingHistory/Parts/Payload/Size1to0ServiceModule/Size1to0ServiceModule'
[LOG 15:28:45.860] PartLoader: Compiling Part 'SquadExpansion/MakingHistory/Parts/Payload/SM18/ServiceModule18'
[LOG 15:28:45.866] PartLoader: Compiling Part 'SquadExpansion/MakingHistory/Parts/Payload/SM25/ServiceModule25'
[LOG 15:28:45.871] PartLoader: Compiling Part 'SquadExpansion/MakingHistory/Parts/Pods/KV1Pod/kv1Pod'
[WRN 15:28:45.875] [Part]: Cannot have ModuleCargoPart and ModuleInventoryPart on same Part [kv1Pod'. Removed ModuleCargoPart
[LOG 15:28:45.880] [MechJeb2] Registered 266 info items:  value:0 ms action:0 ms  toggle:0 ms  general:0 ms  editable:0 ms  total:0 ms
[LOG 15:28:45.887] PartLoader: Compiling Part 'SquadExpansion/MakingHistory/Parts/Pods/KV2Pod/kv2Pod'
[WRN 15:28:45.891] [Part]: Cannot have ModuleCargoPart and ModuleInventoryPart on same Part [kv2Pod'. Removed ModuleCargoPart
[LOG 15:28:45.896] [MechJeb2] Registered 266 info items:  value:0 ms action:0 ms  toggle:0 ms  general:0 ms  editable:0 ms  total:0 ms
[LOG 15:28:45.902] PartLoader: Compiling Part 'SquadExpansion/MakingHistory/Parts/Pods/KV3Pod/kv3Pod'
[WRN 15:28:45.906] [Part]: Cannot have ModuleCargoPart and ModuleInventoryPart on same Part [kv3Pod'. Removed ModuleCargoPart
[LOG 15:28:45.911] [MechJeb2] Registered 266 info items:  value:0 ms action:0 ms  toggle:0 ms  general:0 ms  editable:0 ms  total:0 ms
[LOG 15:28:45.919] PartLoader: Compiling Part 'SquadExpansion/MakingHistory/Parts/Pods/Mk2Pod/Mk2Pod'
[WRN 15:28:45.923] [Part]: Cannot have ModuleCargoPart and ModuleInventoryPart on same Part [Mk2Pod'. Removed ModuleCargoPart
[LOG 15:28:45.928] [MechJeb2] Registered 266 info items:  value:0 ms action:0 ms  toggle:0 ms  general:0 ms  editable:0 ms  total:0 ms
[LOG 15:28:45.935] PartLoader: Compiling Part 'SquadExpansion/MakingHistory/Parts/Pods/Size1_5_Lander/MEMLander'
[WRN 15:28:45.940] [Part]: Cannot add ModuleCargoPart as this Part 'MEMLander' already has a ModuleInventoryPart PartModule and they are mutually exclusive.
[LOG 15:28:45.945] [MechJeb2] Registered 266 info items:  value:0 ms action:0 ms  toggle:0 ms  general:0 ms  editable:0 ms  total:0 ms
[LOG 15:28:45.953] PartLoader: Compiling Part 'SquadExpansion/MakingHistory/Parts/Prebuilt/kerbalEVAfemaleVintage/kerbalEVAfemaleVintage'
[LOG 15:28:45.960] PartLoader: Compiling Part 'SquadExpansion/MakingHistory/Parts/Prebuilt/kerbalEVAVintage/kerbalEVAVintage'
[LOG 15:28:45.971] PartLoader: Compiling Part 'SquadExpansion/MakingHistory/Parts/Structural/EquiTriangle0/EquiTriangle0'
[LOG 15:28:45.978] PartLoader: Compiling Part 'SquadExpansion/MakingHistory/Parts/Structural/EquiTriangle1/EquiTriangle1'
[LOG 15:28:45.983] PartLoader: Compiling Part 'SquadExpansion/MakingHistory/Parts/Structural/EquiTriangle1p5/EquiTriangle1p5'
[LOG 15:28:45.986] PartLoader: Compiling Part 'SquadExpansion/MakingHistory/Parts/Structural/EquiTriangle2/EquiTriangle2'
[LOG 15:28:45.989] PartLoader: Compiling Part 'SquadExpansion/MakingHistory/Parts/Structural/Panel0/Panel0'
[LOG 15:28:45.992] PartLoader: Compiling Part 'SquadExpansion/MakingHistory/Parts/Structural/Panel1/Panel1'
[LOG 15:28:45.996] PartLoader: Compiling Part 'SquadExpansion/MakingHistory/Parts/Structural/Panel1p5/Panel1p5'
[LOG 15:28:45.999] PartLoader: Compiling Part 'SquadExpansion/MakingHistory/Parts/Structural/Panel2/Panel2'
[LOG 15:28:46.003] PartLoader: Compiling Part 'SquadExpansion/MakingHistory/Parts/Structural/Triangle0/Triangle0'
[LOG 15:28:46.006] PartLoader: Compiling Part 'SquadExpansion/MakingHistory/Parts/Structural/Triangle1/Triangle1'
[LOG 15:28:46.015] PartLoader: Compiling Part 'SquadExpansion/MakingHistory/Parts/Structural/Triangle1p5/Triangle1p5'
[LOG 15:28:46.021] PartLoader: Compiling Part 'SquadExpansion/MakingHistory/Parts/Structural/Triangle2/Triangle2'
[LOG 15:28:46.026] PartLoader: Compiling Part 'SquadExpansion/MakingHistory/Parts/Structural/Tube1/Tube1'
[LOG 15:28:46.032] PartLoader: Compiling Part 'SquadExpansion/MakingHistory/Parts/Structural/Tube1p5/Tube1p5'
[LOG 15:28:46.040] PartLoader: Compiling Part 'SquadExpansion/MakingHistory/Parts/Structural/Tube2/Tube2'
[LOG 15:28:46.047] PartLoader: Compiling Part 'SquadExpansion/MakingHistory/Parts/Structural/Tube3/Tube3'
[LOG 15:28:46.053] PartLoader: Compiling Part 'SquadExpansion/MakingHistory/Parts/Structural/Tube4/Tube4'
[LOG 15:28:46.057] PartLoader: Compiling Part 'SquadExpansion/MakingHistory/Parts/Thermal/HeatShield1p5/HeatShield1p5'
[LOG 15:28:46.069] PartLoader: Compiling Part 'SquadExpansion/MakingHistory/Parts/Utility/flags/flagSize1p5/flagSize1p5/flagPartSize1p5'
[LOG 15:28:46.077] PartLoader: Compiling Part 'SquadExpansion/MakingHistory/Parts/Utility/flags/flagSize4/flagSize4/flagPartSize4'
[LOG 15:28:46.084] PartLoader: Compiling Part 'SquadExpansion/Serenity/Parts/Aero/FanShroud_01/FanShroud_01'
[LOG 15:28:46.089] PartLoader: Compiling Part 'SquadExpansion/Serenity/Parts/Aero/FanShroud_02/FanShroud_02'
[LOG 15:28:46.093] PartLoader: Compiling Part 'SquadExpansion/Serenity/Parts/Aero/FanShroud_03/FanShroud_03'
[LOG 15:28:46.097] PartLoader: Compiling Part 'SquadExpansion/Serenity/Parts/Aero/noseconeTiny/noseconeTiny'
[LOG 15:28:46.104] PartLoader: Compiling Part 'SquadExpansion/Serenity/Parts/Aero/noseconeVS/noseconeVS'
[LOG 15:28:46.108] PartLoader: Compiling Part 'SquadExpansion/Serenity/Parts/DeployedScience/centralStation/DeployedCentralStation'
[LOG 15:28:46.123] PartLoader: Compiling Part 'SquadExpansion/Serenity/Parts/DeployedScience/gooObservation/DeployedGoExOb'
[LOG 15:28:46.141] PartLoader: Compiling Part 'SquadExpansion/Serenity/Parts/DeployedScience/ionCollector/DeployedIONExp'
[LOG 15:28:46.149] PartLoader: Compiling Part 'SquadExpansion/Serenity/Parts/DeployedScience/rtg/DeployedRTG'
[LOG 15:28:46.161] PartLoader: Compiling Part 'SquadExpansion/Serenity/Parts/DeployedScience/satDish/DeployedSatDish'
[LOG 15:28:46.176] PartLoader: Compiling Part 'SquadExpansion/Serenity/Parts/DeployedScience/seismicSensor/DeployedSeismicSensor'
[LOG 15:28:46.183] PartLoader: Compiling Part 'SquadExpansion/Serenity/Parts/DeployedScience/solarPanel/DeployedSolarPanel'
[LOG 15:28:46.190] PartLoader: Compiling Part 'SquadExpansion/Serenity/Parts/DeployedScience/weatherStation/DeployedWeatherStn'
[LOG 15:28:46.196] PartLoader: Compiling Part 'SquadExpansion/Serenity/Parts/Prebuilt/kerbalEVA/kerbalEVA'
[LOG 15:28:46.199] PartLoader: Compiling Part 'SquadExpansion/Serenity/Parts/Prebuilt/kerbalEVAfemale/kerbalEVAfemale'
[LOG 15:28:46.201] PartLoader: Compiling Part 'SquadExpansion/Serenity/Parts/Prebuilt/kerbalEVAfemaleFuture/kerbalEVAfemaleFuture'
[LOG 15:28:46.210] PartLoader: Compiling Part 'SquadExpansion/Serenity/Parts/Prebuilt/kerbalEVAfemaleVintage/kerbalEVAfemaleVintage'
[LOG 15:28:46.212] PartLoader: Compiling Part 'SquadExpansion/Serenity/Parts/Prebuilt/kerbalEVAFuture/kerbalEVAFuture'
[LOG 15:28:46.221] PartLoader: Compiling Part 'SquadExpansion/Serenity/Parts/Prebuilt/kerbalEVASlimSuit/kerbalEVASlimSuit'
[LOG 15:28:46.223] PartLoader: Compiling Part 'SquadExpansion/Serenity/Parts/Prebuilt/kerbalEVASlimSuitFemale/kerbalEVASlimSuitFemale'
[LOG 15:28:46.225] PartLoader: Compiling Part 'SquadExpansion/Serenity/Parts/Prebuilt/kerbalEVAVintage/kerbalEVAVintage'
[LOG 15:28:46.227] PartLoader: Compiling Part 'SquadExpansion/Serenity/Parts/Propellers/largeFanBlade/largeFanBlade'
[LOG 15:28:46.239] PartLoader: Compiling Part 'SquadExpansion/Serenity/Parts/Propellers/largeHeliBlade/largeHeliBlade'
[LOG 15:28:46.246] PartLoader: Compiling Part 'SquadExpansion/Serenity/Parts/Propellers/largePropeller/largePropeller'
[LOG 15:28:46.252] PartLoader: Compiling Part 'SquadExpansion/Serenity/Parts/Propellers/mediumFanBlade/mediumFanBlade'
[LOG 15:28:46.259] PartLoader: Compiling Part 'SquadExpansion/Serenity/Parts/Propellers/mediumHeliBlade/mediumHeliBlade'
[LOG 15:28:46.265] PartLoader: Compiling Part 'SquadExpansion/Serenity/Parts/Propellers/mediumPropeller/mediumPropeller'
[LOG 15:28:46.276] PartLoader: Compiling Part 'SquadExpansion/Serenity/Parts/Propellers/smallFanBlade/smallFanBlade'
[LOG 15:28:46.284] PartLoader: Compiling Part 'SquadExpansion/Serenity/Parts/Propellers/smallHeliBlade/smallHeliBlade'
[LOG 15:28:46.290] PartLoader: Compiling Part 'SquadExpansion/Serenity/Parts/Propellers/smallPropeller/smallPropeller'
[LOG 15:28:46.297] PartLoader: Compiling Part 'SquadExpansion/Serenity/Parts/Robotics/hinge_01/hinge_01'
[LOG 15:28:46.322] PartLoader: Compiling Part 'SquadExpansion/Serenity/Parts/Robotics/hinge_01_s/hinge_01_s'
[LOG 15:28:46.335] PartLoader: Compiling Part 'SquadExpansion/Serenity/Parts/Robotics/hinge_03/hinge_03'
[LOG 15:28:46.344] PartLoader: Compiling Part 'SquadExpansion/Serenity/Parts/Robotics/hinge_03_s/hinge_03_s'
[LOG 15:28:46.354] PartLoader: Compiling Part 'SquadExpansion/Serenity/Parts/Robotics/hinge_04/hinge_04'
[LOG 15:28:46.360] PartLoader: Compiling Part 'SquadExpansion/Serenity/Parts/Robotics/piston_01/piston_01'
[LOG 15:28:46.373] PartLoader: Compiling Part 'SquadExpansion/Serenity/Parts/Robotics/piston_02/piston_02'
[LOG 15:28:46.380] PartLoader: Compiling Part 'SquadExpansion/Serenity/Parts/Robotics/piston_03/piston_03'
[LOG 15:28:46.387] PartLoader: Compiling Part 'SquadExpansion/Serenity/Parts/Robotics/piston_04/piston_04'
[LOG 15:28:46.395] PartLoader: Compiling Part 'SquadExpansion/Serenity/Parts/Robotics/RotorEngine_02/RotorEngine_02'
[LOG 15:28:46.433] PartLoader: Compiling Part 'SquadExpansion/Serenity/Parts/Robotics/RotorEngine_03/RotorEngine_03'
[LOG 15:28:46.442] PartLoader: Compiling Part 'SquadExpansion/Serenity/Parts/Robotics/rotor_01/rotor_01'
[LOG 15:28:46.449] PartLoader: Compiling Part 'SquadExpansion/Serenity/Parts/Robotics/rotor_01s/rotor_01s'
[LOG 15:28:46.455] PartLoader: Compiling Part 'SquadExpansion/Serenity/Parts/Robotics/rotor_02/rotor_02'
[LOG 15:28:46.461] PartLoader: Compiling Part 'SquadExpansion/Serenity/Parts/Robotics/rotor_02s/rotor_02s'
[LOG 15:28:46.469] PartLoader: Compiling Part 'SquadExpansion/Serenity/Parts/Robotics/rotor_03/rotor_03'
[LOG 15:28:46.475] PartLoader: Compiling Part 'SquadExpansion/Serenity/Parts/Robotics/rotor_03s/rotor_03s'
[LOG 15:28:46.482] PartLoader: Compiling Part 'SquadExpansion/Serenity/Parts/Robotics/rotoServo_00/rotoServo_00'
[LOG 15:28:46.493] PartLoader: Compiling Part 'SquadExpansion/Serenity/Parts/Robotics/rotoServo_02/rotoServo_02'
[LOG 15:28:46.499] PartLoader: Compiling Part 'SquadExpansion/Serenity/Parts/Robotics/rotoServo_03/rotoServo_03'
[LOG 15:28:46.506] PartLoader: Compiling Part 'SquadExpansion/Serenity/Parts/Robotics/rotoServo_04/rotoServo_04'
[LOG 15:28:46.516] PartLoader: Compiling Part 'SquadExpansion/Serenity/Parts/Robotics/Controllers/KAL1000/controller1000'
[LOG 15:28:46.529] PartLoader: Compiling Part 'SquadExpansion/Serenity/Parts/Science/RobotArmScanner/RobotArmScanner_S1/RobotArmScanner_S1'
[LOG 15:28:46.545] PartLoader: Compiling Part 'SquadExpansion/Serenity/Parts/Science/RobotArmScanner/RobotArmScanner_S2/RobotArmScanner_S2'
[LOG 15:28:46.556] PartLoader: Compiling Part 'SquadExpansion/Serenity/Parts/Science/RobotArmScanner/RobotArmScanner_S3/RobotArmScanner_S3'
[LOG 15:28:46.563] PartLoader: Compiling Part 'SquadExpansion/Serenity/Parts/Structural/gripPads/lGripPad/lGripPad'
[LOG 15:28:46.571] PartLoader: Compiling Part 'SquadExpansion/Serenity/Parts/Structural/gripPads/lGripStrip/lGripStrip'
[LOG 15:28:46.574] PartLoader: Compiling Part 'SquadExpansion/Serenity/Parts/Structural/gripPads/mGripPad/mGripPad'
[LOG 15:28:46.578] PartLoader: Compiling Part 'SquadExpansion/Serenity/Parts/Structural/gripPads/sGripPad/sGripPad'
[LOG 15:28:46.582] PartLoader: Compiling Part 'SquadExpansion/Serenity/Parts/Structural/gripPads/sGripStrip/sGripStrip'
[LOG 15:28:46.586] PartLoader: Compiling Internal Prop 'Squad/Props/AltimeterThreeHands/prop/AltimeterThreeHands'
[LOG 15:28:46.589] PartLoader: Compiling Internal Prop 'Squad/Props/AtmosphereDepth/prop/AtmosphereDepth'
[LOG 15:28:46.590] PartLoader: Compiling Internal Prop 'Squad/Props/AxisIndicator/pitchConfig/AxisIndicatorPitch'
[LOG 15:28:46.591] PartLoader: Compiling Internal Prop 'Squad/Props/AxisIndicator/rollConfig/AxisIndicatorRoll'
[LOG 15:28:46.593] PartLoader: Compiling Internal Prop 'Squad/Props/AxisIndicator/yawConfig/AxisIndicatorYaw'
[LOG 15:28:46.594] PartLoader: Compiling Internal Prop 'Squad/Props/buttonsGeneric/circularButton/genericCircularButton'
[LOG 15:28:46.595] PartLoader: Compiling Internal Prop 'Squad/Props/buttonsGeneric/clusterButtons/genericClusterButtons'
[LOG 15:28:46.595] PartLoader: Compiling Internal Prop 'Squad/Props/buttonsGeneric/clusterButtons2/genericClusterButtons2'
[LOG 15:28:46.596] PartLoader: Compiling Internal Prop 'Squad/Props/buttonsGeneric/clusterKnob/genericClusterKnobs'
[LOG 15:28:46.596] PartLoader: Compiling Internal Prop 'Squad/Props/buttonsGeneric/clusterKnob2/genericClusterKnobs2'
[LOG 15:28:46.597] PartLoader: Compiling Internal Prop 'Squad/Props/buttonsGeneric/clusterMixed/genericClusterMixed'
[LOG 15:28:46.598] PartLoader: Compiling Internal Prop 'Squad/Props/buttonsGeneric/clusterSwitches01/genericClusterSwitches01'
[LOG 15:28:46.598] PartLoader: Compiling Internal Prop 'Squad/Props/buttonsGeneric/clusterSwitches02/genericClusterSwitches02'
[LOG 15:28:46.599] PartLoader: Compiling Internal Prop 'Squad/Props/buttonsGeneric/clusterSwitches03/genericClusterSwitches03'
[LOG 15:28:46.599] PartLoader: Compiling Internal Prop 'Squad/Props/buttonsGeneric/clusterSwitches04/genericClusterSwitches04'
[LOG 15:28:46.600] PartLoader: Compiling Internal Prop 'Squad/Props/buttonsGeneric/clusterSwitches05/genericClusterSwitches05'
[LOG 15:28:46.600] PartLoader: Compiling Internal Prop 'Squad/Props/buttonsGeneric/clusterSwitches06/genericClusterSwitches06'
[LOG 15:28:46.601] PartLoader: Compiling Internal Prop 'Squad/Props/buttonsGeneric/clusterSwitches07/genericClusterSwitches07'
[LOG 15:28:46.601] PartLoader: Compiling Internal Prop 'Squad/Props/buttonsGeneric/directionalKnob/genericDirectionalKnob'
[LOG 15:28:46.602] PartLoader: Compiling Internal Prop 'Squad/Props/buttonsGeneric/directionalKnob2/genericDirectionalKnob2'
[LOG 15:28:46.602] PartLoader: Compiling Internal Prop 'Squad/Props/buttonsGeneric/pullSwitch/genericPullSwitch'
[LOG 15:28:46.603] PartLoader: Compiling Internal Prop 'Squad/Props/buttonsGeneric/squareButton/genericSquareButton'
[LOG 15:28:46.604] PartLoader: Compiling Internal Prop 'Squad/Props/buttonsGeneric/standingSwitch/genericStandingSwitch'
[LOG 15:28:46.604] PartLoader: Compiling Internal Prop 'Squad/Props/buttonsGeneric/switch/genericSwitch'
[LOG 15:28:46.605] PartLoader: Compiling Internal Prop 'Squad/Props/buttonsGeneric/switchWithGuards/genericSwitchWithGuards'
[LOG 15:28:46.605] PartLoader: Compiling Internal Prop 'Squad/Props/ButtonSquare/prop/ButtonSquare'
[LOG 15:28:46.607] PartLoader: Compiling Internal Prop 'Squad/Props/circularButton/prop/circularButton'
[LOG 15:28:46.608] PartLoader: Compiling Internal Prop 'Squad/Props/Compass/prop/Compass'
[LOG 15:28:46.609] PartLoader: Compiling Internal Prop 'Squad/Props/directionalKnob/prop/directionalKnob'
[LOG 15:28:46.609] PartLoader: Compiling Internal Prop 'Squad/Props/directionalKnob2/prop/directionalKnob2'
[LOG 15:28:46.610] PartLoader: Compiling Internal Prop 'Squad/Props/IndicatorPanel/prop/IndicatorPanel'
[LOG 15:28:46.612] PartLoader: Compiling Internal Prop 'Squad/Props/IVANavBall/prop/NavBall'
[LOG 15:28:46.614] PartLoader: Compiling Internal Prop 'Squad/Props/IVANavBallNoBase/prop/NavBallNoBase'
[LOG 15:28:46.615] PartLoader: Compiling Internal Prop 'Squad/Props/ledPanelSpeed/prop/ledPanelSpeed'
[LOG 15:28:46.617] PartLoader: Compiling Internal Prop 'Squad/Props/Monitor/DockingMode/MonitorDockingMode'
[LOG 15:28:46.617] PartLoader: Compiling Internal Prop 'Squad/Props/NavBall/prop/NavBall'
[LOG 15:28:46.618] PartLoader: Compiling Internal Prop 'Squad/Props/PropsGeneric/Button_DockingMode/Button_DockingMode'
[LOG 15:28:46.618] PartLoader: Compiling Internal Prop 'Squad/Props/PropsGeneric/CargoBagA/CargoBagA'
[LOG 15:28:46.619] PartLoader: Compiling Internal Prop 'Squad/Props/PropsGeneric/CargoBagB/CargoBagB'
[LOG 15:28:46.619] PartLoader: Compiling Internal Prop 'Squad/Props/PropsGeneric/CargoBagC/CargoBagC'
[LOG 15:28:46.620] PartLoader: Compiling Internal Prop 'Squad/Props/PropsGeneric/Hatch_Plane/Hatch_Plane'
[LOG 15:28:46.620] PartLoader: Compiling Internal Prop 'Squad/Props/PropsGeneric/Hatch_Plane_Curve90/Hatch_Plane_Curve90'
[LOG 15:28:46.621] PartLoader: Compiling Internal Prop 'Squad/Props/PropsGeneric/Hatch_Plane_Frame/Hatch_Plane_Frame'
[LOG 15:28:46.621] PartLoader: Compiling Internal Prop 'Squad/Props/PropsGeneric/Seat_Passenger/Seat_Passenger'
[LOG 15:28:46.622] PartLoader: Compiling Internal Prop 'Squad/Props/PropsGeneric/Seat_Pilot/Seat_Pilot'
[LOG 15:28:46.623] PartLoader: Compiling Internal Prop 'Squad/Props/PropsGeneric/Seat_Pilot_Helmet/Seat_Pilot_Helmet'
[LOG 15:28:46.623] PartLoader: Compiling Internal Prop 'Squad/Props/PropsGeneric/SideStick/SideStick'
[LOG 15:28:46.624] PartLoader: Compiling Internal Prop 'Squad/Props/pullSwitch/prop/pullSwitch'
[LOG 15:28:46.624] PartLoader: Compiling Internal Prop 'Squad/Props/radarAltitude/prop/RadarAltimeter'
[LOG 15:28:46.626] PartLoader: Compiling Internal Prop 'Squad/Props/squareButton/prop/squareButton'
[LOG 15:28:46.627] PartLoader: Compiling Internal Prop 'Squad/Props/standingSwitch/prop/standingSwitch'
[LOG 15:28:46.627] PartLoader: Compiling Internal Prop 'Squad/Props/switch/prop/switch'
[LOG 15:28:46.628] PartLoader: Compiling Internal Prop 'Squad/Props/switchGuard/prop/switchGuard'
[LOG 15:28:46.628] PartLoader: Compiling Internal Prop 'Squad/Props/switchWithGuards/prop/switchWithGuards'
[LOG 15:28:46.629] PartLoader: Compiling Internal Prop 'Squad/Props/throttle/prop/throttle'
[LOG 15:28:46.630] PartLoader: Compiling Internal Prop 'Squad/Props/VSI/prop/VSI'
[LOG 15:28:46.631] PartLoader: Compiling Internal Space 'Squad/Spaces/crewCabinInternals/internal/crewCabinInternals'
[LOG 15:28:46.639] PartLoader: Compiling Internal Space 'Squad/Spaces/cupolaInternal/internal/cupolaInternal'
[LOG 15:28:46.650] PartLoader: Compiling Internal Space 'Squad/Spaces/GenericSpace1/internal/GenericSpace1'
[LOG 15:28:46.651] PartLoader: Compiling Internal Space 'Squad/Spaces/GenericSpace3/internal/GenericSpace3'
[LOG 15:28:46.653] PartLoader: Compiling Internal Space 'Squad/Spaces/landerCabinInternals/internal/landerCabinInternals'
[LOG 15:28:46.657] PartLoader: Compiling Internal Space 'Squad/Spaces/landerCabinSmallInternal/internal/landerCabinSmallInternal'
[LOG 15:28:46.660] PartLoader: Compiling Internal Space 'Squad/Spaces/LargeCrewedLabInternals/internal/Mobile_Processing_Lab_Int'
[LOG 15:28:46.662] PartLoader: Compiling Internal Space 'Squad/Spaces/Mk1-3/internal/Mk1-3'
[LOG 15:28:46.669] PartLoader: Compiling Internal Space 'Squad/Spaces/mk1CabinInternal/internal/mk1CabinInternal'
[LOG 15:28:46.674] PartLoader: Compiling Internal Space 'Squad/Spaces/mk1CockpitInternal/internal/mk1CockpitInternal'
[LOG 15:28:46.681] PartLoader: Compiling Internal Space 'Squad/Spaces/mk1InlineInternal/internal/mk1InlineInternal'
[LOG 15:28:46.686] PartLoader: Compiling Internal Space 'Squad/Spaces/mk1PodCockpit/internal/mk1PodCockpit'
[LOG 15:28:46.688] PartLoader: Compiling Internal Space 'Squad/Spaces/mk1pod_IVA/mk1pod_Internal/mk1pod_IVA'
[LOG 15:28:46.694] PartLoader: Compiling Internal Space 'Squad/Spaces/mk2CockpitStandardInternal/internal/mk2CockpitStandardInternals'
[LOG 15:28:46.701] PartLoader: Compiling Internal Space 'Squad/Spaces/Mk2CrewCabinInternal/internal_MK2_CrewCab/MK2_CrewCab_Int'
[LOG 15:28:46.706] PartLoader: Compiling Internal Space 'Squad/Spaces/mk2InlineInternal/internal/mk2InlineInternal'
[LOG 15:28:46.716] PartLoader: Compiling Internal Space 'Squad/Spaces/mk2LanderCanInternal/internal/mk2LanderCanInternal'
[LOG 15:28:46.722] PartLoader: Compiling Internal Space 'Squad/Spaces/MK3CockpitInternal/internal_MK3/MK3_Cockpit_Int'
[LOG 15:28:46.735] PartLoader: Compiling Internal Space 'Squad/Spaces/MK3_CrewCab_Int/internal_MK3_CrewCab/MK3_CrewCab_Int'
[LOG 15:28:46.738] InternalSeat: Cannot find portraitCamera of name 'Camera_Left003'
[LOG 15:28:46.745] PartLoader: Compiling Internal Space 'Squad/Spaces/Placeholder/internal/Placeholder'
[LOG 15:28:46.753] PartLoader: Compiling Internal Space 'Squad/Spaces/PodCockpit/internal/PodCockpit'
[LOG 15:28:46.761] PartLoader: Compiling Internal Space 'SquadExpansion/MakingHistory/Spaces/KVPods/Airlock_Internal/Airlock_IVA'
[LOG 15:28:46.763] PartLoader: Compiling Internal Space 'SquadExpansion/MakingHistory/Spaces/KVPods/KV1_Internal/KV1_IVA'
[LOG 15:28:46.767] PartLoader: Compiling Internal Space 'SquadExpansion/MakingHistory/Spaces/KVPods/KV2_Internal/KV2_IVA'
[LOG 15:28:46.772] PartLoader: Compiling Internal Space 'SquadExpansion/MakingHistory/Spaces/KVPods/KV3_Internal/KV3_IVA'
[LOG 15:28:46.777] PartLoader: Compiling Internal Space 'SquadExpansion/MakingHistory/Spaces/MEM/MEM_IVA/MEM_IVA'
[LOG 15:28:46.785] PartLoader: Compiling Internal Space 'SquadExpansion/MakingHistory/Spaces/Mk2Pod/Mk2Pod_Internal/MK2POD_IVA'
[LOG 15:28:50.352] Assets:
[LOG 15:28:50.352] anim_missionsapp_idle.anim
[LOG 15:28:50.352] anim_missionsapp_idle_warning.anim
[LOG 15:28:50.352] anim_missionsapp_warning.anim
[LOG 15:28:50.352] anim_missionssapp.anim
[LOG 15:28:50.352] animcontroller_missionsappmaster.controller
[LOG 15:28:50.352] app_bg.tif
[LOG 15:28:50.352] app_bottom_gray.tif
[LOG 15:28:50.352] app_divider_pulldown_body.tif
[LOG 15:28:50.352] app_divider_pulldown_footer.tif
[LOG 15:28:50.352] app_divider_pulldown_header.tif
[LOG 15:28:50.352] app_divider_pulldown_header_over.tif
[LOG 15:28:50.352] app_header_gray.tif
[LOG 15:28:50.352] app_missions_icon_active.tif
[LOG 15:28:50.352] app_missions_icon_complete.tif
[LOG 15:28:50.352] app_missions_icon_failed.tif
[LOG 15:28:50.352] app_missions_icon_inactive.tif
[LOG 15:28:50.353] spritesheet_missionsapp.tif
[LOG 15:28:50.353] spritesheet_missionsappwarning.tif
[LOG 15:28:50.353] missionbriefingdialog.prefab
[LOG 15:28:50.353] missionbriefingtag.prefab
[LOG 15:28:50.353] awardwidget.prefab
[LOG 15:28:50.353] missionenddialog.prefab
[LOG 15:28:50.353] missionitemwidget.prefab
[LOG 15:28:50.353] missionplaybutton.prefab
[LOG 15:28:50.353] missionplaydialog.prefab
[LOG 15:28:50.353] missionsteamitemwidget.prefab
[LOG 15:28:50.353] missionvalidationdialog.prefab
[LOG 15:28:50.353] validationentry.prefab
[LOG 15:28:50.353] comettoken.fbx
[LOG 15:28:50.353] comettoken.jpg
[LOG 15:28:50.353] placementegizmo_comet.mat
[LOG 15:28:50.353] placementegizmo_comet_tail.mat
[LOG 15:28:50.353] femalevintagepreview.prefab
[LOG 15:28:50.353] malevintagepreview.prefab
[LOG 15:28:50.353] checkpointentrywidget.prefab
[LOG 15:28:50.353] crewmanagementdialog.prefab
[LOG 15:28:50.353] listitem_vesseltitle.prefab
[LOG 15:28:50.353] missionbrowser.prefab
[LOG 15:28:50.354] missioncheckpointbrowser.prefab
[LOG 15:28:50.354] missioncrewlistitem.prefab
[LOG 15:28:50.354] missionentrywidget.prefab
[LOG 15:28:50.354] missiontemplateentrywidget.prefab
[LOG 15:28:50.354] partcategorizerbutton.prefab
[LOG 15:28:50.354] partselectorbrowser.prefab
[LOG 15:28:50.354] partselectorentry.prefab
[LOG 15:28:50.354] gaputil_vesselframe.prefab
[LOG 15:28:50.354] meguiconnector.prefab
[LOG 15:28:50.354] meguinode.prefab
[LOG 15:28:50.354] meguinodecategorybutton.prefab
[LOG 15:28:50.354] meguinodeicon.prefab
[LOG 15:28:50.354] meguinodeicongroup.prefab
[LOG 15:28:50.354] meguiscrollviewitem.prefab
[LOG 15:28:50.354] meiconloaderbasicnode.prefab
[LOG 15:28:50.354] meiconloadergap.prefab
[LOG 15:28:50.354] meiconloadernodecategorizer.prefab
[LOG 15:28:50.354] menodecanvas.prefab
[LOG 15:28:50.354] missioneditorscreen.prefab
[LOG 15:28:50.354] nodelisttooltip.prefab
[LOG 15:28:50.354] nodelisttooltipextinfolistspacer.prefab
[LOG 15:28:50.354] orbitgizmo.prefab
[LOG 15:28:50.354] biomeshighlight.shader
[LOG 15:28:50.354] projector-surfacegizmo.shader
[LOG 15:28:50.354] scaledplanetbiomeshighlight.shader
[LOG 15:28:50.354] sprites-alwaysover.shader
[LOG 15:28:50.354] ui-unlit-infinite.shader
[LOG 15:28:50.354] ui-unlit-solid.shader
[LOG 15:28:50.354] assetgraph_connectionpoint_inputmark.png
[LOG 15:28:50.355] assetgraph_inputbg.png
[LOG 15:28:50.355] boldly.png
[LOG 15:28:50.355] carpool.png
[LOG 15:28:50.355] frugal.png
[LOG 15:28:50.355] homesick.png
[LOG 15:28:50.355] keys.png
[LOG 15:28:50.355] saint.png
[LOG 15:28:50.355] sinner.png
[LOG 15:28:50.355] thespot.png
[LOG 15:28:50.355] timekeeper.png
[LOG 15:28:50.355] helmetbronze.png
[LOG 15:28:50.355] helmetgold.png
[LOG 15:28:50.355] helmetsilver.png
[LOG 15:28:50.355] action-part-resource-drain.png
[LOG 15:28:50.355] change-part-resource-levels.png
[LOG 15:28:50.355] create-asteroid.png
[LOG 15:28:50.355] create-kerbal.png
[LOG 15:28:50.355] create-vessel.png
[LOG 15:28:50.355] crew-assignment.png
[LOG 15:28:50.355] dialog-message.png
[LOG 15:28:50.355] display-message.png
[LOG 15:28:50.355] fail-part.png
[LOG 15:28:50.355] fly-through.png
[LOG 15:28:50.355] funds-recovery.png
[LOG 15:28:50.355] generic-node.png
[LOG 15:28:50.355] go-to.png
[LOG 15:28:50.355] kerbal-boarded.png
[LOG 15:28:50.355] kerbal-recovery.png
[LOG 15:28:50.355] kerbal-rescue.png
[LOG 15:28:50.356] launch-site.png
[LOG 15:28:50.356] leave-soi.png
[LOG 15:28:50.356] orbit.png
[LOG 15:28:50.356] part-explode.png
[LOG 15:28:50.356] plant-flag.png
[LOG 15:28:50.356] reach-soi.png
[LOG 15:28:50.356] repair-part.png
[LOG 15:28:50.356] resource-amount.png
[LOG 15:28:50.356] resource-recovery.png
[LOG 15:28:50.356] science-experiment.png
[LOG 15:28:50.356] score.png
[LOG 15:28:50.356] take-tourist.png
[LOG 15:28:50.356] test-altitude.png
[LOG 15:28:50.356] test-eva.png
[LOG 15:28:50.356] test-grapple.png
[LOG 15:28:50.356] time-of-flight.png
[LOG 15:28:50.356] time-of-mission.png
[LOG 15:28:50.356] time-since-node.png
[LOG 15:28:50.356] vessel-crashed.png
[LOG 15:28:50.356] vessel-crew-count.png
[LOG 15:28:50.356] vessel-explode.png
[LOG 15:28:50.356] vessel-flying.png
[LOG 15:28:50.356] vessel-landed.png
[LOG 15:28:50.356] vessel-mass.png
[LOG 15:28:50.356] vessel-splashed.png
[LOG 15:28:50.356] vessel-stage-activated.png
[LOG 15:28:50.356] vessel-stage.png
[LOG 15:28:50.356] arrange-graph.png
[LOG 15:28:50.356] builderbuttons_briefing.png
[LOG 15:28:50.357] builderbuttons_reset.png
[LOG 15:28:50.357] builderbuttons_trackingstation.png
[LOG 15:28:50.357] frame-graph.png
[LOG 15:28:50.357] lock.png
[LOG 15:28:50.357] maximize.png
[LOG 15:28:50.357] minimize.png
[LOG 15:28:50.357] pin.png
[LOG 15:28:50.357] pin_down.png
[LOG 15:28:50.357] redo.png
[LOG 15:28:50.357] reset.png
[LOG 15:28:50.357] tracking-station.png
[LOG 15:28:50.357] undo.png
[LOG 15:28:50.357] visible-in-gap.png
[LOG 15:28:50.357] location.png
[LOG 15:28:50.357] logic.png
[LOG 15:28:50.357] science.png
[LOG 15:28:50.357] utility.png
[LOG 15:28:50.357] vessel.png
[LOG 15:28:50.357] eye.png
[LOG 15:28:50.357] iconmb.png
[LOG 15:28:50.357] me_btn_generic_normal.tif
[LOG 15:28:50.357] me_button_generic_normal.tif
[LOG 15:28:50.357] nodecat_bg.png
[LOG 15:28:50.357] nodecat_divider.tif
[LOG 15:28:50.357] nodecat_divider_bottom.tif
[LOG 15:28:50.357] pholderwarningicon.png
[LOG 15:28:50.357] reseticon.png
[LOG 15:28:50.357] validityindicator.controller
[LOG 15:28:50.357] validtyinidicatorpulse.anim
[LOG 15:28:50.357] broadorbittoggle button.png
[LOG 15:28:50.358] maneuvertoggle button.png
[LOG 15:28:50.358] orbitalgizmoicons.png
[LOG 15:28:50.358] reset orbit button.png
[LOG 15:28:50.358] nodelabel.prefab
[LOG 15:28:50.358] kerbaleva_female_exp.prefab
[LOG 15:28:50.358] kerbaleva_rd_exp.prefab
[LOG 15:28:50.358] missioneditorevabody.mat
[LOG 15:28:50.358] missioneditorevabodyalternate.mat
[LOG 15:28:50.358] missioneditorevabodybrown.mat
[LOG 15:28:50.358] missioneditorevaeyeballs.mat
[LOG 15:28:50.358] missioneditorevaeyes.mat
[LOG 15:28:50.358] missioneditorevahead.mat
[LOG 15:28:50.358] missioneditorevahelmet.mat
[LOG 15:28:50.358] missioneditorevahelmetred.mat
[LOG 15:28:50.358] missioneditorevajetpack.mat
[LOG 15:28:50.358] missioneditorevalight.mat
[LOG 15:28:50.358] kbevafemalevintage.prefab
[LOG 15:28:50.358] kbevavintage.prefab
[LOG 15:28:50.358] evalight.fbx
[LOG 15:28:50.358] kbeva@new.fbx
[LOG 15:28:50.358] kbeva@newfem.fbx
[LOG 15:28:50.358] mevahelmetlight.fbx
[LOG 15:28:50.358] evajetpackscondary.dds
[LOG 15:28:50.358] evajetpacksecondary_n.dds
[LOG 15:28:50.358] evalight.png
[LOG 15:28:50.358] kerbalmainnrm.dds
[LOG 15:28:50.358] me_suit_difuse_blue.dds
[LOG 15:28:50.358] me_suit_difuse_low_polybrown.dds
[LOG 15:28:50.358] me_suit_difuse_orange.dds
[LOG 15:28:50.358] kerbalfemalevintage.prefab
[LOG 15:28:50.359] kerbalmalevintage.prefab
[LOG 15:28:50.359] evahelmet.mat
[LOG 15:28:50.359] evatexture.mat
[LOG 15:28:50.359] kerbalgirl_06_basecolor.mat
[LOG 15:28:50.359] kerbalhead.mat
[LOG 15:28:50.359] lambert6.mat
[LOG 15:28:50.359] mat_eyeballs.mat
[LOG 15:28:50.359] mat_eyes01.mat
[LOG 15:28:50.359] material #4.mat
[LOG 15:28:50.359] mesh_female_kerbalastronaut01_kerbalgirl_export_15_lambert20.mat
[LOG 15:28:50.359] mesh_female_kerbalastronaut01_kerbalgirl_export_15_lambert21.mat
[LOG 15:28:50.359] kbfemale_iva_mecanim.fbx
[LOG 15:28:50.359] kbiva_mecanim.fbx
[LOG 15:28:50.359] kerbalicon_eva_female_vintage.tif
[LOG 15:28:50.359] kerbalicon_eva_vintage.tif
[LOG 15:28:50.359] kerbalicon_suit_female_vintage.tif
[LOG 15:28:50.359] kerbalicon_suit_orange_female_vintage.tif
[LOG 15:28:50.359] kerbalicon_suit_orange_vintage.tif
[LOG 15:28:50.359] kerbalicon_suit_vintage.tif
[LOG 15:28:50.359] gap_celestialbody_camerasetup.prefab
[LOG 15:28:50.359] gap_celestialbody_collisionsphere.prefab
[LOG 15:28:50.359] gap_celestialbody_surfacegizmo_area.prefab
[LOG 15:28:50.359] gap_celestialbody_surfacegizmo_basic.prefab
[LOG 15:28:50.359] gap_celestialbody_surfacegizmo_icon.prefab
[LOG 15:28:50.359] gap_celestialbody_surfacegizmo_vessel.prefab
[LOG 15:28:50.359] gap_celestialbody_surfacegizmo_volume.prefab
[LOG 15:28:50.359] gap_proceduralasteroid.prefab
[LOG 15:28:50.359] gap_proceduralcomet.prefab
[LOG 15:28:50.359] gapbuttonprefab.prefab
[LOG 15:28:50.360] gapkerbal_femaleveteran.prefab
[LOG 15:28:50.360] gapkerbal_femaleveteran_vintage.prefab
[LOG 15:28:50.360] gapkerbal_male_slimsuit.prefab
[LOG 15:28:50.360] gapkerbal_maleveteran.prefab
[LOG 15:28:50.360] gapkerbal_maleveteran_vintage.prefab
[LOG 15:28:50.360] gapscrollablesidebarbutton.prefab
[LOG 15:28:50.360] gapsidebarbutton.prefab
[LOG 15:28:50.360] gaptoggleprefab.prefab
[LOG 15:28:50.360] gaputil_biselector.prefab
[LOG 15:28:50.360] gaputil_celestialbody.prefab
[LOG 15:28:50.360] vesseldisplay_camerasetup.prefab
[LOG 15:28:50.360] desert_airfield.prefab
[LOG 15:28:50.360] desert_groundobjects.prefab
[LOG 15:28:50.360] desert_launch_site.prefab
[LOG 15:28:50.360] larkes.prefab
[LOG 15:28:50.360] floor bottom.mat
[LOG 15:28:50.360] floor top.mat
[LOG 15:28:50.360] legs.mat
[LOG 15:28:50.360] ramp.mat
[LOG 15:28:50.360] stairs grid lights pivot.mat
[LOG 15:28:50.360] supports 1.mat
[LOG 15:28:50.360] supports 2.mat
[LOG 15:28:50.360] tunnels.mat
[LOG 15:28:50.360] floor bottom.dds
[LOG 15:28:50.360] floor top.dds
[LOG 15:28:50.360] floor top_normal.dds
[LOG 15:28:50.360] legs.dds
[LOG 15:28:50.360] ramp.dds
[LOG 15:28:50.360] stairs grid lights pivot.dds
[LOG 15:28:50.360] supports 1.dds
[LOG 15:28:50.361] supports 2.dds
[LOG 15:28:50.361] tunnels.dds
[LOG 15:28:50.361] diffuse.mat
[LOG 15:28:50.361] floor bottom_base_color.mat
[LOG 15:28:50.361] floor top_base_color.mat
[LOG 15:28:50.361] legs_base_color.mat
[LOG 15:28:50.361] ramp_base_color.mat
[LOG 15:28:50.361] stairs grid lights pivot_base_colormodpsd.mat
[LOG 15:28:50.361] stairs_grid_lights_pivot_base_color.mat
[LOG 15:28:50.361] supports 1_base_color.mat
[LOG 15:28:50.361] supports 2_base_color.mat
[LOG 15:28:50.361] tunnels_base_color.mat
[LOG 15:28:50.361] mobilelaunchpad_19.fbx
[LOG 15:28:50.361] pontoons.fbx
[LOG 15:28:50.361] pontoons_diffuse.dds
[LOG 15:28:50.361] ramp_normal.png
[LOG 15:28:50.361] 1001_base_color.mat
[LOG 15:28:50.361] desert groundtransition.mat
[LOG 15:28:50.361] desert groundtransition_highquality.mat
[LOG 15:28:50.361] desert groundtransition_lowquality.mat
[LOG 15:28:50.361] desert groundtransition_mediumquality.mat
[LOG 15:28:50.361] desert groundtransition_ultraquality.mat
[LOG 15:28:50.361] desert runway sand.mat
[LOG 15:28:50.361] desert runway stone.mat
[LOG 15:28:50.361] mobilelaunchpad.prefab
[LOG 15:28:50.361] woomerang_groundobjects.prefab
[LOG 15:28:50.361] woomerang_launch_site.prefab
[LOG 15:28:50.362] Scenes:
[LOG 15:28:50.362] kspMissionEditor.unity
[LOG 15:28:58.255] Assets:
[LOG 15:28:58.255] appanim_missionsapp.prefab
[LOG 15:28:58.255] cascading_body_missionheader.prefab
[LOG 15:28:58.255] cascading_body_missioninfo.prefab
[LOG 15:28:58.256] cascading_body_missionobjective.prefab
[LOG 15:28:58.256] cascading_body_missionsvesselheader.prefab
[LOG 15:28:58.256] cascading_body_missionsvesselitem.prefab
[LOG 15:28:58.256] cascading_body_settingsbutton.prefab
[LOG 15:28:58.256] cascading_body_settingstoggle.prefab
[LOG 15:28:58.256] missionsapp.prefab
[LOG 15:28:58.256] axislimitline.prefab
[LOG 15:28:58.256] controlleraction.prefab
[LOG 15:28:58.256] controlleraxis.prefab
[LOG 15:28:58.256] controllerwindow.prefab
[LOG 15:28:58.256] curvepanelpoint.prefab
[LOG 15:28:58.256] curvepanelpointaction.prefab
[LOG 15:28:58.256] axis_align_ends.png
[LOG 15:28:58.256] axis_clamp_values.png
[LOG 15:28:58.256] axis_copy.png
[LOG 15:28:58.256] axis_flip_horizontal.png
[LOG 15:28:58.256] axis_flip_vertical.png
[LOG 15:28:58.256] axis_move_down-trackrow.png
[LOG 15:28:58.256] axis_move_down.png
[LOG 15:28:58.256] axis_move_up-trackrow.png
[LOG 15:28:58.256] axis_move_up.png
[LOG 15:28:58.256] axis_paste.png
[LOG 15:28:58.256] axis_preset_flat.png
[LOG 15:28:58.256] axis_preset_sawtooth.png
[LOG 15:28:58.256] axis_preset_sine.png
[LOG 15:28:58.257] axis_preset_square.png
[LOG 15:28:58.257] axis_preset_triangle.png
[LOG 15:28:58.257] axis_select_all.png
[LOG 15:28:58.257] background_squared_inset.png
[LOG 15:28:58.257] close.png
[LOG 15:28:58.257] direction_forward.png
[LOG 15:28:58.257] direction_reverse.png
[LOG 15:28:58.257] edit.png
[LOG 15:28:58.257] fieldlimitline.png
[LOG 15:28:58.257] keyframe_add.png
[LOG 15:28:58.257] keyframe_clamp_value.png
[LOG 15:28:58.257] keyframe_delete.png
[LOG 15:28:58.257] keyframe_linear.png
[LOG 15:28:58.257] keyframe_smooth.png
[LOG 15:28:58.257] keyframe_step_backward.png
[LOG 15:28:58.257] keyframe_step_forward.png
[LOG 15:28:58.257] line.png
[LOG 15:28:58.257] line_dashed.png
[LOG 15:28:58.257] loop_pingpong.png
[LOG 15:28:58.257] loop_playonce.png
[LOG 15:28:58.257] loop_repeat.png
[LOG 15:28:58.257] node.png
[LOG 15:28:58.257] node_circle.png
[LOG 15:28:58.257] node_square.png
[LOG 15:28:58.257] pause.png
[LOG 15:28:58.257] play.png
[LOG 15:28:58.257] pointer.png
[LOG 15:28:58.257] remove-axis.png
[LOG 15:28:58.257] remove_key.png
[LOG 15:28:58.257] resize_icon.png
[LOG 15:28:58.258] sequence_resize_button_states.png
[LOG 15:28:58.258] sequence_resize_maintain.png
[LOG 15:28:58.258] sequence_resize_scale.png
[LOG 15:28:58.258] sequence_speed.png
[LOG 15:28:58.258] tracking_editor_button_states.png
[LOG 15:28:58.258] femalefuturepreview.prefab
[LOG 15:28:58.258] malefuturepreview.prefab
[LOG 15:28:58.258] kbfemale@controlpanel_a.fbx
[LOG 15:28:58.258] kbfemale@controlpanel_b.fbx
[LOG 15:28:58.258] kbfemale@controlpanel_c.fbx
[LOG 15:28:58.258] kbfemale@rocksample.fbx
[LOG 15:28:58.258] hammerfemale.fbx
[LOG 15:28:58.258] hammermale.fbx
[LOG 15:28:58.258] kbeva@controlpanel_a.fbx
[LOG 15:28:58.258] kbeva@controlpanel_b.fbx
[LOG 15:28:58.258] kbeva@controlpanel_c.fbx
[LOG 15:28:58.258] kbeva@rocksample.fbx
[LOG 15:28:58.258] kerbaleva_female_future.prefab
[LOG 15:28:58.258] kerbaleva_rd_future.prefab
[LOG 15:28:58.258] futureevabody.mat
[LOG 15:28:58.258] futureevabodyalternate.mat
[LOG 15:28:58.258] futureevajetpack.mat
[LOG 15:28:58.258] futureevalight.mat
[LOG 15:28:58.258] futurehelmet.mat
[LOG 15:28:58.258] kbevafemalefuture.prefab
[LOG 15:28:58.258] kbevafuture.prefab
[LOG 15:28:58.258] kbeva@new.fbx
[LOG 15:28:58.258] kbeva@newfem.fbx
[LOG 15:28:58.258] mevahelmetlight.fbx
[LOG 15:28:58.258] serenityfemaleeva.fbx
[LOG 15:28:58.259] serenityflares.fbx
[LOG 15:28:58.259] serenitymaleeva.fbx
[LOG 15:28:58.259] evajetpacknrm.dds
[LOG 15:28:58.259] futuresuit_diffuse_orange.dds
[LOG 15:28:58.259] futuresuit_diffuse_whiteblue.dds
[LOG 15:28:58.259] futuresuit_diffuse_whiteorange.dds
[LOG 15:28:58.259] futuresuit_emissive.dds
[LOG 15:28:58.259] futuresuit_evalight.png
[LOG 15:28:58.259] futuresuitmainnrm.dds
[LOG 15:28:58.259] ksp_ig_jetpack_diffuse.jpg
[LOG 15:28:58.259] kerbalfemalefuture.prefab
[LOG 15:28:58.259] kerbalmalefuture.prefab
[LOG 15:28:58.259] futuresuit_diffuse.mat
[LOG 15:28:58.259] serenityfemaleiva.fbx
[LOG 15:28:58.259] serenitymaleiva.fbx
[LOG 15:28:58.259] kerbalicon_eva_female_future.tif
[LOG 15:28:58.259] kerbalicon_eva_future.tif
[LOG 15:28:58.259] kerbalicon_suit_female_future.tif
[LOG 15:28:58.259] kerbalicon_suit_future.tif
[LOG 15:28:58.259] kerbalicon_suit_orange_female_future.tif
[LOG 15:28:58.259] kerbalicon_suit_orange_future.tif
[LOG 15:28:58.259] bottom_emissor.mat
[LOG 15:28:58.259] burst_emissor.mat
[LOG 15:28:58.259] burstprojectiles_emissor.mat
[LOG 15:28:58.259] constantburst_emissor.mat
[LOG 15:28:58.259] snowflakes_emissor.mat
[LOG 15:28:58.259] vapor_emissor.mat
[LOG 15:28:58.259] base_0.mat
[LOG 15:28:58.259] base_1.mat
[LOG 15:28:58.260] base_2.mat
[LOG 15:28:58.260] base_3_1.mat
[LOG 15:28:58.260] base_3_2.mat
[LOG 15:28:58.260] vapor.mat
[LOG 15:28:58.260] burst.png
[LOG 15:28:58.260] cloud2.png
[LOG 15:28:58.260] v1.png
[LOG 15:28:58.260] v2.png
[LOG 15:28:58.260] v3.png
[LOG 15:28:58.260] v5.png
[LOG 15:28:58.260] gapkerbal_female_future.prefab
[LOG 15:28:58.260] gapkerbal_male_future.prefab
[LOG 15:28:58.260] hammerfemale.prefab
[LOG 15:28:58.260] hammermale.prefab
[LOG 15:28:58.260] bopgravelpile.prefab
[LOG 15:28:58.260] bopgravelpile.fbx
[LOG 15:28:58.260] bop_gravel pile_d.mat
[LOG 15:28:58.260] lambert1.mat
[LOG 15:28:58.260] bop_gravel pile_d.png
[LOG 15:28:58.260] bop_gravel pile_d.tga
[LOG 15:28:58.260] bop_gravel pile_n.png
[LOG 15:28:58.260] bop_gravel pile_s.png
[LOG 15:28:58.260] drescrater.prefab
[LOG 15:28:58.260] dresmeteorite.prefab
[LOG 15:28:58.260] drescrater.fbx
[LOG 15:28:58.260] dresmeteorite.fbx
[LOG 15:28:58.260] dres_crater_d.mat
[LOG 15:28:58.260] dres_meteorite_d.mat
[LOG 15:28:58.260] lambert1.mat
[LOG 15:28:58.260] dres_crater_d.tga
[LOG 15:28:58.260] dres_crater_n.png
[LOG 15:28:58.260] dres_meteorite_d.tga
[LOG 15:28:58.261] dres_meteorite_n.png
[LOG 15:28:58.261] dunablueberries.prefab
[LOG 15:28:58.261] dunadune.prefab
[LOG 15:28:58.261] dunameteorite.prefab
[LOG 15:28:58.261] dunastone.prefab
[LOG 15:28:58.261] dunaasteroid.fbx
[LOG 15:28:58.261] dunablueberries.fbx
[LOG 15:28:58.261] dunadune.fbx
[LOG 15:28:58.261] dunastone.fbx
[LOG 15:28:58.261] duna_asteroid_d.mat
[LOG 15:28:58.261] duna_dune_d.mat
[LOG 15:28:58.261] duna_stone_d.mat
[LOG 15:28:58.261] dune_blueberries_d.mat
[LOG 15:28:58.261] lambert1.mat
[LOG 15:28:58.261] duna_asteroid_d.tga
[LOG 15:28:58.261] duna_asteroid_n.png
[LOG 15:28:58.261] duna_dune_d.tga
[LOG 15:28:58.261] duna_dune_n.tga
[LOG 15:28:58.261] duna_stone_d.tga
[LOG 15:28:58.261] duna_stone_n.png
[LOG 15:28:58.261] dune_blueberries_d.tga
[LOG 15:28:58.261] dune_blueberries_n.png
[LOG 15:28:58.261] eelooberg.prefab
[LOG 15:28:58.261] eeloobrownboulder.prefab
[LOG 15:28:58.261] eelooicechunk.prefab
[LOG 15:28:58.261] eelooberg.fbx
[LOG 15:28:58.261] eelooboulder.fbx
[LOG 15:28:58.261] eelooicechunk.fbx
[LOG 15:28:58.261] eeloo_alien_glacier_d.mat
[LOG 15:28:58.261] eeloo_brown_ boulder_d.mat
[LOG 15:28:58.261] eeloo_ice chunk_d.mat
[LOG 15:28:58.262] lambert1.mat
[LOG 15:28:58.262] eeloo_alien_glacier_d.tga
[LOG 15:28:58.262] eeloo_alien_glacier_e.tga
[LOG 15:28:58.262] eeloo_alien_glacier_n.png
[LOG 15:28:58.262] eeloo_brown_ boulder_d.tga
[LOG 15:28:58.262] eeloo_brown_ boulder_n.png
[LOG 15:28:58.262] eeloo_ice chunk_d.tga
[LOG 15:28:58.262] eeloo_ice chunk_e.tga
[LOG 15:28:58.262] eeloo_ice chunk_n.png
[LOG 15:28:58.262] eeloo_ice chunk_s.tga
[LOG 15:28:58.262] evebasaltformation.prefab
[LOG 15:28:58.262] evepancakedome.prefab
[LOG 15:28:58.262] evevolcanicrock.prefab
[LOG 15:28:58.262] evebasaltformation.fbx
[LOG 15:28:58.262] evepancakeformation.fbx
[LOG 15:28:58.262] evevolcanicrock.fbx
[LOG 15:28:58.262] eve basalt formation_d.mat
[LOG 15:28:58.262] eve pancake formation_d.mat
[LOG 15:28:58.262] eve volcanic rock_d.mat
[LOG 15:28:58.262] lambert1.mat
[LOG 15:28:58.262] eve basalt formation_d.tga
[LOG 15:28:58.262] eve basalt formation_n.tga
[LOG 15:28:58.262] eve pancake formation_d.tga
[LOG 15:28:58.262] eve pancake formation_e.png
[LOG 15:28:58.262] eve pancake formation_n.png
[LOG 15:28:58.262] eve volcanic rock_d.tga
[LOG 15:28:58.262] eve volcanic rock_n.png
[LOG 15:28:58.262] gillyridgeline.fbx
[LOG 15:28:58.262] gilly ridegeline_d.mat
[LOG 15:28:58.262] lambert1.mat
[LOG 15:28:58.263] gillyridgeline.prefab
[LOG 15:28:58.263] gilly ridegeline_d.tga
[LOG 15:28:58.263] gilly ridegeline_n.png
[LOG 15:28:58.263] dunaejecta.prefab
[LOG 15:28:58.263] ikedunaejecta.fbx
[LOG 15:28:58.263] ike_duna_ejecta_mat.mat
[LOG 15:28:58.263] ike duna ejecta_d.tga
[LOG 15:28:58.263] ike duna ejecta_n.png
[LOG 15:28:58.263] kerbinbaobabtree.fbx
[LOG 15:28:58.263] kerbinquartz.fbx
[LOG 15:28:58.263] baobaptree.mat
[LOG 15:28:58.263] kerbin_baobab_tree_d.mat
[LOG 15:28:58.263] kerbin_boabob_tree_d.mat
[LOG 15:28:58.263] kerbin_giant_quartz_d.mat
[LOG 15:28:58.263] lambert1.mat
[LOG 15:28:58.263] lambert2.mat
[LOG 15:28:58.263] kerbinbaobabtree.prefab
[LOG 15:28:58.263] kerbinquartz.prefab
[LOG 15:28:58.263] kerbin_baobab_tree_alpha.png
[LOG 15:28:58.263] kerbin_baobab_tree_d.tga
[LOG 15:28:58.263] kerbin_baobab_tree_n.png
[LOG 15:28:58.263] kerbin_giant_quartz_d.tga
[LOG 15:28:58.263] kerbin_giant_quartz_e.tga
[LOG 15:28:58.263] kerbin_giant_quartz_n.tga
[LOG 15:28:58.263] kerbin_giant_quartz_s.tga
[LOG 15:28:58.263] laytheboulder.fbx
[LOG 15:28:58.263] laythegeyser.fbx
[LOG 15:28:58.263] laythestone.fbx
[LOG 15:28:58.263] lambert1.mat
[LOG 15:28:58.263] laythe_boulder_d.mat
[LOG 15:28:58.263] laythe_geyser_d.mat
[LOG 15:28:58.264] laythe_stone_d.mat
[LOG 15:28:58.264] laytheboulder.prefab
[LOG 15:28:58.264] laythegeyser.prefab
[LOG 15:28:58.264] laythestone.prefab
[LOG 15:28:58.264] laythe_boulder_d.tga
[LOG 15:28:58.264] laythe_boulder_n.png
[LOG 15:28:58.264] laythe_geyser_d.tga
[LOG 15:28:58.264] laythe_geyser_n.png
[LOG 15:28:58.264] laythe_stone_d.tga
[LOG 15:28:58.264] laythe_stone_n.png
[LOG 15:28:58.264] greensandstone.fbx
[LOG 15:28:58.264] lambert1.mat
[LOG 15:28:58.264] minmus_green_sandstone_d.mat
[LOG 15:28:58.264] minmus_olivine_formation_d.mat
[LOG 15:28:58.264] minmusolivineformation.fbx
[LOG 15:28:58.264] minmus_greensandstone.prefab
[LOG 15:28:58.264] minmus_olivineformation.prefab
[LOG 15:28:58.264] minmus_green_sandstone_d.tga
[LOG 15:28:58.264] minmus_green_sandstone_n.png
[LOG 15:28:58.264] minmus_olivine_formation_d.tga
[LOG 15:28:58.264] minmus_olivine_formation_n.png
[LOG 15:28:58.264] lambert1.mat
[LOG 15:28:58.264] moho wrinkleridge_d.mat
[LOG 15:28:58.264] moho_stone_d.mat
[LOG 15:28:58.264] mohostone.fbx
[LOG 15:28:58.264] mohowrinkleridge.fbx
[LOG 15:28:58.264] mohostone.prefab
[LOG 15:28:58.265] mohowrinkleridge.prefab
[LOG 15:28:58.265] moho wrinkleridge_d.tga
[LOG 15:28:58.265] moho wrinkleridge_e.png
[LOG 15:28:58.265] moho wrinkleridge_n.png
[LOG 15:28:58.265] moho_stone_d.tga
[LOG 15:28:58.265] moho_stone_n.png
[LOG 15:28:58.265] lambert1.mat
[LOG 15:28:58.265] mun_crater_d.mat
[LOG 15:28:58.265] mun_large_crater_d.mat
[LOG 15:28:58.265] mun_stone_d.mat
[LOG 15:28:58.265] muncrater.fbx
[LOG 15:28:58.265] munlargecrater.fbx
[LOG 15:28:58.265] munstone.fbx
[LOG 15:28:58.265] muncrater.prefab
[LOG 15:28:58.265] munlargecrater.prefab
[LOG 15:28:58.265] munstone.prefab
[LOG 15:28:58.265] mun_crater_d.tga
[LOG 15:28:58.265] mun_crater_n.png
[LOG 15:28:58.265] mun_large_crater_d.tga
[LOG 15:28:58.265] mun_large_crater_n.png
[LOG 15:28:58.265] mun_stone_d.tga
[LOG 15:28:58.265] mun_stone_n.png
[LOG 15:28:58.265] lambert1.mat
[LOG 15:28:58.265] pol_yellowstone_d.mat
[LOG 15:28:58.265] polyellowstone.fbx
[LOG 15:28:58.265] pol_yellowstones.prefab
[LOG 15:28:58.265] pol_yellowstone_d.png
[LOG 15:28:58.265] pol_yellowstone_n.png
[LOG 15:28:58.265] lambert1.mat
[LOG 15:28:58.265] tylo_checkerboard_d.mat
[LOG 15:28:58.266] tylo_dark boulder_d.mat
[LOG 15:28:58.266] tylo_light_d.mat
[LOG 15:28:58.266] tyloboulder.fbx
[LOG 15:28:58.266] tylocheckerboard.fbx
[LOG 15:28:58.266] tylolightstone.fbx
[LOG 15:28:58.266] tylo_ checkerboard_n.png
[LOG 15:28:58.266] tylo_checkerboard_d.png
[LOG 15:28:58.266] tylo_dark boulder_d.tga
[LOG 15:28:58.266] tylo_dark boulder_n.png
[LOG 15:28:58.266] tylo_light_d.tga
[LOG 15:28:58.266] tylo_light_n.png
[LOG 15:28:58.266] tylocheckerboard.prefab
[LOG 15:28:58.266] tylodarkboulder.prefab
[LOG 15:28:58.266] tylolightstone.prefab
[LOG 15:28:58.266] cryovolcano_d.mat
[LOG 15:28:58.266] lambert1.mat
[LOG 15:28:58.266] vallicechunk_d.mat
[LOG 15:28:58.266] vallstone_d.mat
[LOG 15:28:58.266] vall_cryovolcano.fbx
[LOG 15:28:58.266] vall_icechunk.fbx
[LOG 15:28:58.266] vall_stone.fbx
[LOG 15:28:58.266] cryovolcano_d.tga
[LOG 15:28:58.266] cryovolcano_e.png
[LOG 15:28:58.266] cryovolcano_n.jpg
[LOG 15:28:58.266] cryovolcano_s.jpg
[LOG 15:28:58.266] vallicechunk_d.jpg
[LOG 15:28:58.266] vallicechunk_e.jpg
[LOG 15:28:58.266] vallicechunk_n.jpg
[LOG 15:28:58.266] vallicechunk_s.jpg
[LOG 15:28:58.266] vallstone_d.jpg
[LOG 15:28:58.266] vallstone_e.jpg
[LOG 15:28:58.266] vallstone_n.jpg
[LOG 15:28:58.267] vallstone_s.jpg
[LOG 15:28:58.267] vallcryovolcano.prefab
[LOG 15:28:58.267] vallicechunk.prefab
[LOG 15:28:58.267] vallstone.prefab
[LOG 15:28:58.267] vfx_spark.mat
[LOG 15:28:58.267] vfx_welding_flare.mat
[LOG 15:28:58.267] cometdustmaterial.mat
[LOG 15:28:58.267] cometgeysermat.mat
[LOG 15:28:58.277] GetTypesOfModulesImplementingInterface2: Found 69 types with IPartModuleAdjuster interface in 20 assemblies.
[LOG 15:28:58.287] GetSubclassesOfParentClass: Found 0 types with ModuleActiveRadiator parent in 20 assemblies.
[LOG 15:28:58.296] GetSubclassesOfParentClass: Found 0 types with ModuleAlternator parent in 20 assemblies.
[LOG 15:28:58.306] GetSubclassesOfParentClass: Found 1 types with ModuleControlSurface parent in 20 assemblies.
[LOG 15:28:58.314] GetSubclassesOfParentClass: Found 0 types with ModuleDataTransmitter parent in 20 assemblies.
[LOG 15:28:58.323] GetSubclassesOfParentClass: Found 0 types with ModuleDeployableSolarPanel parent in 20 assemblies.
[LOG 15:28:58.332] GetSubclassesOfParentClass: Found 1 types with ModuleEngines parent in 20 assemblies.
[LOG 15:28:58.341] GetSubclassesOfParentClass: Found 0 types with ModuleGenerator parent in 20 assemblies.
[LOG 15:28:58.350] GetSubclassesOfParentClass: Found 0 types with ModuleGimbal parent in 20 assemblies.
[LOG 15:28:58.360] GetSubclassesOfParentClass: Found 2 types with ModuleLiftingSurface parent in 20 assemblies.
[LOG 15:28:58.371] GetSubclassesOfParentClass: Found 0 types with ModuleLight parent in 20 assemblies.
[LOG 15:28:58.381] GetSubclassesOfParentClass: Found 0 types with ModuleReactionWheel parent in 20 assemblies.
[LOG 15:28:58.391] GetSubclassesOfParentClass: Found 0 types with ModuleSAS parent in 20 assemblies.
[LOG 15:28:58.401] GetSubclassesOfParentClass: Found 0 types with ModuleWheelBrakes parent in 20 assemblies.
[LOG 15:28:58.411] GetSubclassesOfParentClass: Found 1 types with ModuleWheelMotor parent in 20 assemblies.
[LOG 15:28:58.412] GetSubclassesOfParentClass: Using cached results for ModuleActiveRadiator
[LOG 15:28:58.422] GetSubclassesOfParentClass: Found 0 types with ModuleAnchoredDecoupler parent in 20 assemblies.
[LOG 15:28:58.432] GetSubclassesOfParentClass: Found 0 types with ModuleCargoBay parent in 20 assemblies.
[LOG 15:28:58.432] GetSubclassesOfParentClass: Using cached results for ModuleControlSurface
[LOG 15:28:58.432] GetSubclassesOfParentClass: Using cached results for ModuleDataTransmitter
[LOG 15:28:58.442] GetSubclassesOfParentClass: Found 0 types with ModuleDecouple parent in 20 assemblies.
[LOG 15:28:58.452] GetSubclassesOfParentClass: Found 4 types with ModuleDeployablePart parent in 20 assemblies.
[LOG 15:28:58.462] GetSubclassesOfParentClass: Found 0 types with ModuleDockingNode parent in 20 assemblies.
[LOG 15:28:58.462] GetSubclassesOfParentClass: Using cached results for ModuleEngines
[LOG 15:28:58.471] GetSubclassesOfParentClass: Found 0 types with CModuleFuelLine parent in 20 assemblies.
[LOG 15:28:58.481] GetSubclassesOfParentClass: Found 0 types with ModuleGPS parent in 20 assemblies.
[LOG 15:28:58.491] GetSubclassesOfParentClass: Found 0 types with ModuleGrappleNode parent in 20 assemblies.
[LOG 15:28:58.492] GetSubclassesOfParentClass: Using cached results for ModuleGrappleNode
[LOG 15:28:58.501] GetSubclassesOfParentClass: Found 0 types with ModuleKerbNetAccess parent in 20 assemblies.
[LOG 15:28:58.501] GetSubclassesOfParentClass: Using cached results for ModuleLight
[LOG 15:28:58.501] GetSubclassesOfParentClass: Using cached results for ModuleLight
[LOG 15:28:58.511] GetSubclassesOfParentClass: Found 0 types with ModuleProbeControlPoint parent in 20 assemblies.
[LOG 15:28:58.521] GetSubclassesOfParentClass: Found 1 types with ModuleRCS parent in 20 assemblies.
[LOG 15:28:58.521] GetSubclassesOfParentClass: Using cached results for ModuleRCS
[LOG 15:28:58.521] GetSubclassesOfParentClass: Using cached results for ModuleReactionWheel
[LOG 15:28:58.521] GetSubclassesOfParentClass: Using cached results for ModuleReactionWheel
[LOG 15:28:58.532] GetSubclassesOfParentClass: Found 0 types with ModuleResourceIntake parent in 20 assemblies.
[LOG 15:28:58.541] GetSubclassesOfParentClass: Found 0 types with ModuleScienceExperiment parent in 20 assemblies.
[LOG 15:28:58.551] GetSubclassesOfParentClass: Found 0 types with ModuleToggleCrossfeed parent in 20 assemblies.
[LOG 15:28:58.568] GetSubclassesOfParentClass: Found 0 types with ModuleWheelDeployment parent in 20 assemblies.
[LOG 15:28:58.587] ExpansionsLoader: Expansions loaded in 11.717s
[LOG 15:28:58.587] Loading Systems: Elapsed time is 51.69238s
[LOG 15:29:01.795] [AddonLoader]: Instantiating addon 'Injector' from assembly 'Kopernicus'
[LOG 15:29:01.797] [Kopernicus] Running Kopernicus 1.12.1-248 on KSP 1.12.5
[LOG 15:29:01.983] [Kopernicus] Default logger initialized as Kopernicus
[LOG 15:29:01.997] [Kopernicus] ShaderLoader: Loading asset bundle at path D:/KSP-RSS-Dev/KSP_x64_Data/../GameData/Kopernicus/Shaders\kopernicusshaders-windows.unity3d
[LOG 15:29:02.005] [Kopernicus] ShaderLoader: adding Kopernicus/Rings
[LOG 15:29:03.204] [OD] Adding for sphere Ceres map named RSS-Textures/PluginData/CeresColor.dds
[LOG 15:29:03.210] [OD] Adding for sphere Ceres map named RSS-Textures/PluginData/CeresHeight.dds
[WRN 15:29:03.269] DontDestroyOnLoad only works for root GameObjects or components on root GameObjects.
[LOG 15:29:03.356] [OD] Adding for sphere Kerbin map named RSS-Textures/PluginData/EarthHeight.dds
[LOG 15:29:03.409] [OD] Adding for sphere Kerbin map named RSS-Textures/PluginData/EarthSurface.dds
[LOG 15:29:04.516] [OD] Adding for sphere Moon map named RSS-Textures/MoonColor.dds
[LOG 15:29:04.517] [OD] Adding for sphere Moon map named RSS-Textures/PluginData/MoonHeight.dds
[LOG 15:29:04.579] [OD] Adding for sphere Callisto map named RSS-Textures/PluginData/CallistoHeight.dds
[LOG 15:29:04.580] [OD] Adding for sphere Callisto map named RSS-Textures/PluginData/CallistoColor.dds
[LOG 15:29:04.635] [OD] Adding for sphere Europa map named RSS-Textures/PluginData/EuropaHeight.dds
[LOG 15:29:04.635] [OD] Adding for sphere Europa map named RSS-Textures/PluginData/EuropaColor.dds
[LOG 15:29:04.700] [OD] Adding for sphere Ganymede map named RSS-Textures/PluginData/GanymedeHeight.dds
[LOG 15:29:04.701] [OD] Adding for sphere Ganymede map named RSS-Textures/PluginData/GanymedeColor.dds
[LOG 15:29:04.755] [OD] Adding for sphere Io map named RSS-Textures/PluginData/IoHeight.dds
[LOG 15:29:04.756] [OD] Adding for sphere Io map named RSS-Textures/PluginData/IoColor.dds
[LOG 15:29:04.781] [Kopernicus] New Jool detected, shaders stripped!
[LOG 15:29:04.904] [OD] Adding for sphere Deimos map named RSS-Textures/PluginData/DeimosColor.dds
[LOG 15:29:04.904] [OD] Adding for sphere Deimos map named RSS-Textures/PluginData/DeimosHeight.dds
[LOG 15:29:04.962] [OD] Adding for sphere Mars map named RSS-Textures/PluginData/MarsHeight.dds
[LOG 15:29:04.963] [OD] Adding for sphere Mars map named RSS-Textures/PluginData/MarsColor.dds
[LOG 15:29:05.016] [OD] Adding for sphere Phobos map named RSS-Textures/PluginData/PhobosColor.dds
[LOG 15:29:05.017] [OD] Adding for sphere Phobos map named RSS-Textures/PluginData/PhobosHeight.dds
[LOG 15:29:05.080] [OD] Adding for sphere Mercury map named RSS-Textures/PluginData/MercuryColor.dds
[LOG 15:29:05.081] [OD] Adding for sphere Mercury map named RSS-Textures/PluginData/MercuryHeight.dds
[LOG 15:29:05.110] [Kopernicus] New Jool detected, shaders stripped!
[LOG 15:29:05.208] [OD] Adding for sphere Triton map named RSS-Textures/PluginData/TritonColor.dds
[LOG 15:29:05.276] [OD] Adding for sphere Charon map named RSS-Textures/PluginData/CharonColor.dds
[LOG 15:29:05.276] [OD] Adding for sphere Charon map named RSS-Textures/PluginData/CharonHeight.dds
[LOG 15:29:05.346] [OD] Adding for sphere Pluto map named RSS-Textures/PluginData/PlutoColor.dds
[LOG 15:29:05.346] [OD] Adding for sphere Pluto map named RSS-Textures/PluginData/PlutoHeight.dds
[LOG 15:29:05.407] [OD] Adding for sphere Dione map named RSS-Textures/PluginData/DioneColor.dds
[LOG 15:29:05.466] [OD] Adding for sphere Enceladus map named RSS-Textures/PluginData/EnceladusColor.dds
[LOG 15:29:05.551] [OD] Adding for sphere Iapetus map named RSS-Textures/PluginData/IapetusColor.dds
[LOG 15:29:05.630] [OD] Adding for sphere Mimas map named RSS-Textures/PluginData/MimasColor.dds
[LOG 15:29:05.729] [OD] Adding for sphere Rhea map named RSS-Textures/PluginData/RheaColor.dds
[LOG 15:29:05.752] [Kopernicus] New Jool detected, shaders stripped!
[LOG 15:29:05.858] [OD] Adding for sphere Tethys map named RSS-Textures/PluginData/TethysColor.dds
[LOG 15:29:05.920] [OD] Adding for sphere Titan map named RSS-Textures/PluginData/TitanHeight.dds
[LOG 15:29:05.922] [OD] Adding for sphere Titan map named RSS-Textures/PluginData/TitanColor.dds
[LOG 15:29:05.999] [OD] Adding for sphere Ariel map named RSS-Textures/PluginData/ArielColor.dds
[LOG 15:29:05.999] [OD] Adding for sphere Ariel map named RSS-Textures/PluginData/ArielHeight.dds
[LOG 15:29:06.067] [OD] Adding for sphere Miranda map named RSS-Textures/PluginData/MirandaColor.dds
[LOG 15:29:06.068] [OD] Adding for sphere Miranda map named RSS-Textures/PluginData/MirandaHeight.dds
[LOG 15:29:06.157] [OD] Adding for sphere Oberon map named RSS-Textures/PluginData/OberonColor.dds
[LOG 15:29:06.158] [OD] Adding for sphere Oberon map named RSS-Textures/PluginData/OberonHeight.dds
[LOG 15:29:06.214] [OD] Adding for sphere Titania map named RSS-Textures/PluginData/TitaniaColor.dds
[LOG 15:29:06.215] [OD] Adding for sphere Titania map named RSS-Textures/PluginData/TitaniaHeight.dds
[LOG 15:29:06.275] [OD] Adding for sphere Umbriel map named RSS-Textures/PluginData/UmbrielColor.dds
[LOG 15:29:06.276] [OD] Adding for sphere Umbriel map named RSS-Textures/PluginData/UmbrielHeight.dds
[LOG 15:29:06.299] [Kopernicus] New Jool detected, shaders stripped!
[LOG 15:29:06.386] [OD] Adding for sphere Venus map named RSS-Textures/PluginData/VenusHeight.dds
[LOG 15:29:06.387] [OD] Adding for sphere Venus map named RSS-Textures/PluginData/VenusColor.dds
[LOG 15:29:06.472] [OD] Adding for sphere Vesta map named RSS-Textures/PluginData/VestaColor.dds
[LOG 15:29:06.473] [OD] Adding for sphere Vesta map named RSS-Textures/PluginData/VestaHeight.dds
[LOG 15:29:06.521] [AddonLoader]: Instantiating addon 'ToolbarButton' from assembly 'Kopernicus'
[LOG 15:29:06.522] [AddonLoader]: Instantiating addon 'ShadowMan' from assembly 'Kopernicus'
[LOG 15:29:06.522] [AddonLoader]: Instantiating addon 'RenderTypeFixer' from assembly 'Kopernicus'
[LOG 15:29:06.522] [AddonLoader]: Instantiating addon 'AtmosphereFixer' from assembly 'Kopernicus'
[LOG 15:29:06.522] [AddonLoader]: Instantiating addon 'SinkingBugFix' from assembly 'Kopernicus'
[LOG 15:29:06.523] [AddonLoader]: Instantiating addon 'KSPCFFastLoaderPSystemSetup' from assembly 'KSPCommunityFixes'
[LOG 15:29:06.525] [AddonLoader]: Instantiating addon 'TimeWarpFixer' from assembly 'RealSolarSystem'
[LOG 15:29:06.845] [Agent]: Found 19 agent mentality types
[LOG 15:29:06.847] [AgentList]: 31 agents parsed and loaded.
[LOG 15:29:06.881] [UIMasterController]: HideUI
[LOG 15:29:07.048] [Kopernicus]: Loaded large map: D:/KSP-RSS-Dev/KSP_x64_Data/../GameData/RSS-Textures/PluginData/EarthHeight.dds
[LOG 15:29:07.049] [OD] ---> Map RSS-Textures/PluginData/EarthHeight.dds enabling self. Path = RSS-Textures/PluginData/EarthHeight.dds
[WRN 15:29:07.077] DontDestroyOnLoad only works for root GameObjects or components on root GameObjects.
[LOG 15:29:07.120] [OD] --> ScaledSpaceDemand.LoadTextures loading Mercury
[LOG 15:29:07.121] [OD] --> ScaledSpaceDemand.LoadTextures loading Miranda
[LOG 15:29:07.122] [OD] --> ScaledSpaceDemand.LoadTextures loading Ariel
[LOG 15:29:07.123] [OD] --> ScaledSpaceDemand.LoadTextures loading Uranus
[LOG 15:29:07.123] [OD] --> ScaledSpaceDemand.LoadTextures loading Umbriel
[LOG 15:29:07.124] [OD] --> ScaledSpaceDemand.LoadTextures loading Titania
[LOG 15:29:07.124] [OD] --> ScaledSpaceDemand.LoadTextures loading Oberon
[LOG 15:29:07.149] [OD] Loaded texture RSS-Textures/PluginData/Miranda_NRM.dds
[LOG 15:29:07.155] [OD] Loaded texture RSS-Textures/PluginData/Flat_NRM.dds
[LOG 15:29:07.155] [OD] Loaded texture RSS-Textures/PluginData/MirandaColor.dds
[LOG 15:29:07.155] [OD] Loaded texture RSS-Textures/PluginData/ArielColor.dds
[LOG 15:29:07.155] [OD] Loaded texture RSS-Textures/PluginData/OberonColor.dds
[LOG 15:29:07.156] [OD] Loaded texture RSS-Textures/PluginData/Ariel_NRM.dds
[LOG 15:29:07.156] [OD] Loaded texture RSS-Textures/PluginData/MercuryColor.dds
[LOG 15:29:07.156] [OD] Loaded texture RSS-Textures/PluginData/UranusColor.dds
[LOG 15:29:07.156] [OD] Loaded texture RSS-Textures/PluginData/UmbrielColor.dds
[LOG 15:29:07.157] [OD] Loaded texture RSS-Textures/PluginData/Umbriel_NRM.dds
[LOG 15:29:07.157] [OD] Loaded texture RSS-Textures/PluginData/Mercury_NRM.dds
[LOG 15:29:07.157] [OD] Loaded texture RSS-Textures/PluginData/Titania_NRM.dds
[LOG 15:29:07.157] [OD] Loaded texture RSS-Textures/PluginData/TitaniaColor.dds
[LOG 15:29:07.157] [OD] Loaded texture RSS-Textures/PluginData/Oberon_NRM.dds
[LOG 15:29:07.165] [Kopernicus]: Post-Spawn
[LOG 15:29:07.167] Found max distance 7285326303016.2
[LOG 15:29:07.206] PSystemSetup: Cannot add Stock launchsite named '#autoLOC_8006102' - Launchsite is not setup.
[LOG 15:29:07.361] [OD] Loading Kerbin
[LOG 15:29:07.372] [OD] ---> Map RSS-Textures/PluginData/EarthSurface.dds enabling self. Path = RSS-Textures/PluginData/EarthSurface.dds
[ERR 15:29:10.964] [LaunchSite]: unable to find LaunchSite Transform :Crater_Launch_Site

[LOG 15:29:10.964] PSystemSetup: Cannot add Stock launchsite named '#autoLOC_6006117' - Launchsite is not setup.
[ERR 15:29:10.967] [LaunchSite]: unable to find LaunchSite Transform :MahiMahi_Launch_Site

[LOG 15:29:10.967] PSystemSetup: Cannot add Stock launchsite named '#autoLOC_6006118' - Launchsite is not setup.
[ERR 15:29:10.968] [LaunchSite]: unable to find LaunchSite Transform :Cove_Launch_Site

[LOG 15:29:10.968] PSystemSetup: Cannot add Stock launchsite named '#autoLOC_6006119' - Launchsite is not setup.
[ERR 15:29:10.970] [LaunchSite]: unable to find LaunchSite Transform :GlacierLake_Launch_Site

[LOG 15:29:10.970] PSystemSetup: Cannot add Stock launchsite named '#autoLOC_6006120' - Launchsite is not setup.
[LOG 15:29:10.979] [UIMasterController]: HideUI
[LOG 15:29:10.985] [HighLogic]: =========================== Scene Change : From LOADING to MAINMENU =====================
[LOG 15:29:11.545] [AddonLoader]: Instantiating addon 'ContractDefs' from assembly 'KSP'
[LOG 15:29:11.574] [AddonLoader]: Instantiating addon 'DebugMenuScreen' from assembly 'KSPTextureLoader'
[LOG 15:29:11.575] [AddonLoader]: Instantiating addon 'ToolbarButton' from assembly 'Kopernicus'
[LOG 15:29:11.575] [AddonLoader]: Instantiating addon 'MissingTexturesPopupLauncher' from assembly 'Kopernicus'
[LOG 15:29:11.576] [AddonLoader]: Instantiating addon 'ShadowMan' from assembly 'Kopernicus'
[LOG 15:29:11.576] [AddonLoader]: Instantiating addon 'RenderTypeFixer' from assembly 'Kopernicus'
[LOG 15:29:11.576] [AddonLoader]: Instantiating addon 'AtmosphereFixer' from assembly 'Kopernicus'
[LOG 15:29:11.576] [AddonLoader]: Instantiating addon 'MainMenuFixer' from assembly 'Kopernicus'
[LOG 15:29:11.581] [AddonLoader]: Instantiating addon 'RuntimeUtility' from assembly 'Kopernicus'
[LOG 15:29:11.591] [AddonLoader]: Instantiating addon 'SinkingBugFix' from assembly 'Kopernicus'
[LOG 15:29:11.591] [AddonLoader]: Instantiating addon 'StarLightSwitcher' from assembly 'Kopernicus'
[LOG 15:29:11.593] [AddonLoader]: Instantiating addon 'KSPCFFastLoaderReport' from assembly 'KSPCommunityFixes'
[LOG 15:29:11.594] [AddonLoader]: Instantiating addon 'InstallChecker' from assembly 'MechJeb2'
[LOG 15:29:11.594] [AddonLoader]: Instantiating addon 'MechJebBundlesManager' from assembly 'MechJeb2'
[LOG 15:29:11.595] [AddonLoader]: Instantiating addon 'TimeWarpFixer' from assembly 'RealSolarSystem'
[LOG 15:29:11.616] [UIMasterController]: ShowUI
[LOG 15:29:11.889] [GameParameters]: Loaded custom parameter class CommNetParams.
[LOG 15:29:11.890] [GameParameters]: Loaded custom parameter class MissionParamsGeneral.
[LOG 15:29:11.890] [GameParameters]: Loaded custom parameter class MissionParamsFacilities.
[LOG 15:29:11.890] [GameParameters]: Loaded custom parameter class MissionParamsExtras.
[LOG 15:29:11.890] [GameParameters]: Loaded custom parameter class AdvancedParams.
[LOG 15:29:11.916] [ReflectionUtil]: Found 40 types with UpgradeModule attribute in 20 assemblies.
[LOG 15:29:11.978] [OD] --> OnDemandStorage.EnableBody loading Kerbin
[WRN 15:29:11.996] DontDestroyOnLoad only works for root GameObjects or components on root GameObjects.
[LOG 15:29:12.001] [KSPCF:FastLoader] Intel(R) Core(TM) i7-4790K CPU @ 4.00GHz | 32687 MB | NVIDIA GeForce GTX 1060 6GB (6029 MB)
Total loading time to main menu : 69.142s
- Configs and assemblies loaded in 14.078s
- Configs reload done in 1.245s
- Configs translated in 0.020s
- 2950 assets loaded in 20.210s :
  - 86 audio assets (79.689 MiB) in 0.960s, 83.011 MiB/s
  - 2235 texture assets (1.305 GiB) in 15.592s, 85.737 MiB/s
  - 627 model assets (64.499 MiB) in 3.651s, 17.666 MiB/s
- Asset bundles loaded in 0.487s
- GameDatabase (configs, resources, traits, upgrades...) loaded in 0.092s
- Built-in parts copied in 0.021s
- Part and internal configs extracted in 0.001s
- 488 parts and 1965 modules compiled in 4.305s
  - 4.0 modules/part, 8.821 ms/part, 2.191 ms/module
  - PartIcon compilation : 1.146s
- 27 internal spaces and 56 props compiled in 0.206s
- 2 DLC (Making History, Breaking Ground) loaded in 11.764s
- Planetary system loaded in 10.452s
[LOG 15:29:12.001] Texture queries : 1714, slow path : 1 (0.06 %)
[LOG 15:29:12.003] [MechJeb2] Loading Shaders Bundles
[LOG 15:29:12.007] [ModuleManager] Total loading Time = 55.433s
[LOG 15:29:12.067] [ScenarioTypes]: List Created 24 scenario types loaded from 20 loaded assemblies.
[WRN 15:29:12.077] File 'D:/KSP-RSS-Dev/KSP_x64_Data/../Missions/MissionScoreInfo.cfg' does not exist
[LOG 15:29:12.081] [ApplicationLauncher] Awake False
[LOG 15:29:12.081] [ApplicationLauncher] SpawnSimpleLayout: VerticalTopDown
[LOG 15:29:12.097] [UiApp] Awake: 
[LOG 15:29:12.098] [ApplicationLauncher] OnSceneLoadedGUIReady: scene MAINMENU ShouldBeVisible() True ShouldBeOnTop() True iIsPositionedAtTop True
[LOG 15:29:12.103] [Kopernicus]: StarLightSwitcher: Set active star => Sun
[LOG 15:29:12.136] [UIApp] Adding  to Application Launcher
[LOG 15:29:12.140] [ApplicationLauncher] SetHidden: 
[LOG 15:29:12.146] [MechJeb2] Loaded Shaders Bundles
[LOG 15:29:12.147] [MessageSystem] OnAppInitialized
[LOG 15:29:12.147] [MessageSystem] Reposition 0.0435736 21197
[LOG 15:29:12.166] [ShadowMan][Debug] Kopernicus.ShadowMan setup done
[LOG 15:29:21.616] [OD] Unloading Kerbin
[LOG 15:29:21.617] [OD] <--- Map RSS-Textures/PluginData/EarthHeight.dds disabling self. Path = RSS-Textures/PluginData/EarthHeight.dds
[LOG 15:29:21.619] [OD] <--- Map RSS-Textures/PluginData/EarthSurface.dds disabling self. Path = RSS-Textures/PluginData/EarthSurface.dds
[LOG 15:29:24.586] [KSPUpgradePipeline]: ClaudeRSS (1.12.5) is up to date.
[LOG 15:29:24.599] [ExperienceSystem]: Found 0 trait types
[LOG 15:29:24.609] [ExperienceSystem]: Found 20 effect types
[LOG 15:29:24.666] [ScenarioTypes]: List Created 24 scenario types loaded from 20 loaded assemblies.
[LOG 15:29:24.692] Game State Saved to saves/ClaudeRSS/persistent
[LOG 15:29:24.702] [MessageSystem] Load Messages
[LOG 15:29:24.713] [UIMasterController]: HideUI
[LOG 15:29:24.714] [HighLogic]: =========================== Scene Change : From MAINMENU to SPACECENTER =====================
[LOG 15:29:25.055] [AddonLoader]: Instantiating addon 'CustomConfigsManager' from assembly 'ModuleManager'
[LOG 15:29:25.058] [AddonLoader]: Instantiating addon 'ToolbarButton' from assembly 'Kopernicus'
[LOG 15:29:25.058] [AddonLoader]: Instantiating addon 'ShadowMan' from assembly 'Kopernicus'
[LOG 15:29:25.058] [AddonLoader]: Instantiating addon 'RenderTypeFixer' from assembly 'Kopernicus'
[LOG 15:29:25.058] [AddonLoader]: Instantiating addon 'AtmosphereFixer' from assembly 'Kopernicus'
[LOG 15:29:25.059] [AddonLoader]: Instantiating addon 'SinkingBugFix' from assembly 'Kopernicus'
[LOG 15:29:25.061] [AddonLoader]: Instantiating addon 'RSSCommNetSettings' from assembly 'RealSolarSystem'
[LOG 15:29:25.061] [AddonLoader]: Instantiating addon 'TimeWarpFixer' from assembly 'RealSolarSystem'
[LOG 15:29:25.061] [AddonLoader]: Instantiating addon 'RSSWatchDog' from assembly 'RealSolarSystem'
[LOG 15:29:25.104] [Kopernicus]: Loaded large map: D:/KSP-RSS-Dev/KSP_x64_Data/../GameData/RSS-Textures/PluginData/EarthHeight.dds
[LOG 15:29:25.105] [OD] ---> Map RSS-Textures/PluginData/EarthHeight.dds enabling self. Path = RSS-Textures/PluginData/EarthHeight.dds
[LOG 15:29:25.124] [OD] Loading Kerbin
[LOG 15:29:25.125] [OD] ---> Map RSS-Textures/PluginData/EarthSurface.dds enabling self. Path = RSS-Textures/PluginData/EarthSurface.dds
[LOG 15:29:26.705] [UIMasterController]: ShowUI
[LOG 15:29:27.023] [SceneLoadSpeedBoost] Save loaded from disk in 3ms
[LOG 15:29:27.104] GetSubclassesOfParentClass: Found 7 types with AlarmTypeBase parent in 20 assemblies.
[LOG 15:29:27.113] Loading Depletion Nodes
[LOG 15:29:27.113] DepNodeCount:  0
[LOG 15:29:27.114] Loading Biome Nodes
[LOG 15:29:27.114] BiomeNodeCount:  0
[LOG 15:29:27.114] Loading Planet Nodes
[LOG 15:29:27.114] PlanetNodeCount:  0
[LOG 15:29:27.128] [ScenarioDestructibles]: Loading... 0 objects registered
[LOG 15:29:27.178] [RealSolarSystem] Checking for custom CommNet settings...
[LOG 15:29:27.179] [RealSolarSystem] Updating the CommNet settings...
[LOG 15:29:27.218] [Kopernicus] Using Kopernicus Discoverable Object Spawner.
[LOG 15:29:27.225] [ShadowMan][Info] Running in unified camera mode
[LOG 15:29:27.226] [ShadowMan][Debug] Adding TweakShadowCascades: (0.002, 0.015, 0.035) to Camera Camera 00
[LOG 15:29:27.226] [ShadowMan][Debug] Default split: (0.050, 0.152, 0.264)
[LOG 15:29:27.237] [ShadowMan][Debug] ShaderReplacer instance created
[LOG 15:29:27.238] [ShadowMan][Debug] Setting shadowmap resolution to: 8192 on SunLight
[LOG 15:29:27.241] [ShadowMan][Debug] Found rings for Saturn
[LOG 15:29:27.244] [ShadowMan][Debug] Kopernicus.ShadowMan setup done
[LOG 15:29:27.250] [RealSolarSystem] Setting TimeWarp rates...
[LOG 15:29:27.267] [OD] <--- ScaledSpaceDemand.UnloadTextures unloading Mercury
[LOG 15:29:27.267] [OD] Unloading RSS-Textures/PluginData/MercuryColor.dds
[LOG 15:29:27.267] [OD] Unloading RSS-Textures/PluginData/Mercury_NRM.dds
[LOG 15:29:27.267] [OD] <--- ScaledSpaceDemand.UnloadTextures unloading Uranus
[LOG 15:29:27.267] [OD] Unloading RSS-Textures/PluginData/UranusColor.dds
[LOG 15:29:27.267] [OD] Unloading RSS-Textures/PluginData/Flat_NRM.dds
[LOG 15:29:27.267] [OD] <--- ScaledSpaceDemand.UnloadTextures unloading Miranda
[LOG 15:29:27.267] [OD] Unloading RSS-Textures/PluginData/MirandaColor.dds
[LOG 15:29:27.267] [OD] Unloading RSS-Textures/PluginData/Miranda_NRM.dds
[LOG 15:29:27.268] [OD] <--- ScaledSpaceDemand.UnloadTextures unloading Ariel
[LOG 15:29:27.268] [OD] Unloading RSS-Textures/PluginData/ArielColor.dds
[LOG 15:29:27.268] [OD] Unloading RSS-Textures/PluginData/Ariel_NRM.dds
[LOG 15:29:27.268] [OD] <--- ScaledSpaceDemand.UnloadTextures unloading Umbriel
[LOG 15:29:27.268] [OD] Unloading RSS-Textures/PluginData/UmbrielColor.dds
[LOG 15:29:27.268] [OD] Unloading RSS-Textures/PluginData/Umbriel_NRM.dds
[LOG 15:29:27.268] [OD] <--- ScaledSpaceDemand.UnloadTextures unloading Titania
[LOG 15:29:27.268] [OD] Unloading RSS-Textures/PluginData/TitaniaColor.dds
[LOG 15:29:27.268] [OD] Unloading RSS-Textures/PluginData/Titania_NRM.dds
[LOG 15:29:27.268] [OD] <--- ScaledSpaceDemand.UnloadTextures unloading Oberon
[LOG 15:29:27.268] [OD] Unloading RSS-Textures/PluginData/OberonColor.dds
[LOG 15:29:27.268] [OD] Unloading RSS-Textures/PluginData/Oberon_NRM.dds
[LOG 15:29:27.290] [UiApp] Awake: KSPedia
[LOG 15:29:27.290] [UiApp] Awake: Missions App
[LOG 15:29:27.290] [UiApp] Awake: AlarmClock
[LOG 15:29:27.291] [GenericAppFrame] Reposition 0 25756
[LOG 15:29:27.292] [ApplicationLauncher] OnSceneLoadedGUIReady: scene SPACECENTER ShouldBeVisible() True ShouldBeOnTop() False iIsPositionedAtTop True
[LOG 15:29:27.292] [ApplicationLauncher] SpawnSimpleLayout: HorizontalRightLeft
[LOG 15:29:27.295] [ApplicationLauncher] SetVisible: 
[LOG 15:29:27.295] ScaleModList: listSize 41 maxListSize 1788
[LOG 15:29:27.296] ScaleModList: listSize 41 maxListSize 1779
[LOG 15:29:27.296] [Kopernicus]: StarLightSwitcher: Set active star => Sun
[LOG 15:29:27.345] [UIApp] OnDestroy: Contracts
[LOG 15:29:27.355] [MessageSystem] Reposition 0.02 25757
[LOG 15:29:27.355] [GenericAppFrame] Reposition 0.02 25757
[LOG 15:29:27.355] [GenericAppFrame] Reposition 0.02 25757
[LOG 15:29:27.731] [UIApp] Adding AlarmClock to Application Launcher
[LOG 15:29:27.732] ScaleModList: listSize 41 maxListSize 1738
[LOG 15:29:27.732] [UIApp] Adding Missions App to Application Launcher
[LOG 15:29:27.733] ScaleModList: listSize 41 maxListSize 1697
[LOG 15:29:27.771] [GenericAppFrame] Reposition 0.1771652 25763
[LOG 15:29:27.775] [MissionsApp] OnAppStarted(): id: -370476
[LOG 15:29:27.775] MissionsApp does not execute in this game mode, destroying this instance
[LOG 15:29:27.775] [UIApp] OnDestroy: Missions App
[LOG 15:29:27.777] ScaleModList: listSize 41 maxListSize 1697
[LOG 15:29:27.789] [UIApp] Adding KSPedia to Application Launcher
[LOG 15:29:27.789] ScaleModList: listSize 41 maxListSize 1697
[LOG 15:29:28.013] [Kopernicus] AtmosphereFixer => Patched AtmosphereFromGround for Uranus
[LOG 15:29:28.013] [Kopernicus] AtmosphereFixer => Patched AtmosphereFromGround for Titan
[LOG 15:29:28.013] [Kopernicus] AtmosphereFixer => Patched AtmosphereFromGround for Saturn
[LOG 15:29:28.013] [Kopernicus] AtmosphereFixer => Patched AtmosphereFromGround for Jupiter
[LOG 15:29:28.013] [Kopernicus] AtmosphereFixer => Patched AtmosphereFromGround for Mars
[LOG 15:29:28.013] [Kopernicus] AtmosphereFixer => Patched AtmosphereFromGround for Earth
[LOG 15:29:28.013] [Kopernicus] AtmosphereFixer => Patched AtmosphereFromGround for Venus
[LOG 15:29:28.497] [RealSolarSystem] Watchdog: Setting camera Camera 00 far clip to 1875000 so camera now has 1875000
[LOG 15:29:29.669] Flight State Captured
[LOG 15:29:29.674] Saving Achievements Tree...
[LOG 15:29:29.675] Saving Achievements Tree...
[LOG 15:29:29.675] Saving Achievements Tree...
[LOG 15:29:29.678] [MessageSystem] Save Messages
[LOG 15:29:29.721] Game State Saved to saves/ClaudeRSS/persistent
[LOG 15:29:29.734] [UIMasterController]: HideUI
[LOG 15:29:29.743] [HighLogic]: =========================== Scene Change : From SPACECENTER to FLIGHT =====================
[LOG 15:29:29.744] [Kopernicus] Delaying ResetAndWait of body Charon until scene switch is complete
[LOG 15:29:29.744] [Kopernicus] Delaying ResetAndWait of body Pluto until scene switch is complete
[LOG 15:29:29.744] [Kopernicus] Delaying ResetAndWait of body Triton until scene switch is complete
[LOG 15:29:29.744] [Kopernicus] Delaying ResetAndWait of body Neptune until scene switch is complete
[LOG 15:29:29.744] [Kopernicus] Delaying ResetAndWait of body Neptune until scene switch is complete
[LOG 15:29:29.744] [Kopernicus] Delaying ResetAndWait of body Oberon until scene switch is complete
[LOG 15:29:29.744] [Kopernicus] Delaying ResetAndWait of body Titania until scene switch is complete
[LOG 15:29:29.744] [Kopernicus] Delaying ResetAndWait of body Umbriel until scene switch is complete
[LOG 15:29:29.744] [Kopernicus] Delaying ResetAndWait of body Ariel until scene switch is complete
[LOG 15:29:29.744] [Kopernicus] Delaying ResetAndWait of body Miranda until scene switch is complete
[LOG 15:29:29.744] [Kopernicus] Delaying ResetAndWait of body Uranus until scene switch is complete
[LOG 15:29:29.744] [Kopernicus] Delaying ResetAndWait of body Uranus until scene switch is complete
[LOG 15:29:29.744] [Kopernicus] Delaying ResetAndWait of body Iapetus until scene switch is complete
[LOG 15:29:29.744] [Kopernicus] Delaying ResetAndWait of body Titan until scene switch is complete
[LOG 15:29:29.744] [Kopernicus] Delaying ResetAndWait of body Rhea until scene switch is complete
[LOG 15:29:29.744] [Kopernicus] Delaying ResetAndWait of body Dione until scene switch is complete
[LOG 15:29:29.744] [Kopernicus] Delaying ResetAndWait of body Tethys until scene switch is complete
[LOG 15:29:29.744] [Kopernicus] Delaying ResetAndWait of body Enceladus until scene switch is complete
[LOG 15:29:29.744] [Kopernicus] Delaying ResetAndWait of body Mimas until scene switch is complete
[LOG 15:29:29.745] [Kopernicus] Delaying ResetAndWait of body Saturn until scene switch is complete
[LOG 15:29:29.745] [Kopernicus] Delaying ResetAndWait of body Saturn until scene switch is complete
[LOG 15:29:29.745] [Kopernicus] Delaying ResetAndWait of body Callisto until scene switch is complete
[LOG 15:29:29.745] [Kopernicus] Delaying ResetAndWait of body Ganymede until scene switch is complete
[LOG 15:29:29.745] [Kopernicus] Delaying ResetAndWait of body Europa until scene switch is complete
[LOG 15:29:29.745] [Kopernicus] Delaying ResetAndWait of body Io until scene switch is complete
[LOG 15:29:29.745] [Kopernicus] Delaying ResetAndWait of body Jupiter until scene switch is complete
[LOG 15:29:29.745] [Kopernicus] Delaying ResetAndWait of body Jupiter until scene switch is complete
[LOG 15:29:29.745] [Kopernicus] Delaying ResetAndWait of body Ceres until scene switch is complete
[LOG 15:29:29.745] [Kopernicus] Delaying ResetAndWait of body Vesta until scene switch is complete
[LOG 15:29:29.745] [Kopernicus] Delaying ResetAndWait of body Deimos until scene switch is complete
[LOG 15:29:29.745] [Kopernicus] Delaying ResetAndWait of body Phobos until scene switch is complete
[LOG 15:29:29.745] [Kopernicus] Delaying ResetAndWait of body Mars until scene switch is complete
[LOG 15:29:29.745] [Kopernicus] Delaying ResetAndWait of body Moon until scene switch is complete
[LOG 15:29:29.745] [Kopernicus] Delaying ResetAndWait of body Venus until scene switch is complete
[LOG 15:29:29.745] [Kopernicus] Delaying ResetAndWait of body Mercury until scene switch is complete
[LOG 15:29:30.047] [UIApp] OnDestroy: KSPedia
[LOG 15:29:30.047] ScaleModList: listSize 41 maxListSize 1697
[LOG 15:29:30.049] [UIApp] OnDestroy: AlarmClock
[LOG 15:29:30.049] ScaleModList: listSize 41 maxListSize 1697
[LOG 15:29:30.050] ScaleModList: listSize 41 maxListSize 1697
[LOG 15:29:30.056] [KSPCF:MemoryLeaks] Removed a onPlanetariumTargetChange callback owned by a destroyed Assembly-CSharp:CommNetVessel instance
[LOG 15:29:30.072] [KSPCF:MemoryLeaks] Leaving scene "SpaceCenter", cleaned 5 memory leaks in 0.020s. GameEvents callbacks : 690. Allocated memory : 733.277 MiB (managed heap), 2.208 GiB (unmanaged)
[LOG 15:29:30.083] UICanvasPrefabSpawner FlightUI spawning Flight
[LOG 15:29:30.127] UICanvasPrefabSpawner FlightUI spawning VesselLabels
[LOG 15:29:30.127] [UiApp] Awake: ResourceDisplay
[LOG 15:29:30.265] [AddonLoader]: Instantiating addon 'AeroGUI' from assembly 'KSP'
[LOG 15:29:30.279] [AddonLoader]: Instantiating addon 'ToolbarButton' from assembly 'Kopernicus'
[LOG 15:29:30.279] [AddonLoader]: Instantiating addon 'ShadowMan' from assembly 'Kopernicus'
[LOG 15:29:30.279] [AddonLoader]: Instantiating addon 'RenderTypeFixer' from assembly 'Kopernicus'
[LOG 15:29:30.280] [AddonLoader]: Instantiating addon 'AtmosphereFixer' from assembly 'Kopernicus'
[LOG 15:29:30.280] [AddonLoader]: Instantiating addon 'SinkingBugFix' from assembly 'Kopernicus'
[LOG 15:29:30.282] [AddonLoader]: Instantiating addon 'RealSolarSystemEditor' from assembly 'RealSolarSystem'
[LOG 15:29:30.283] [AddonLoader]: Instantiating addon 'RSSRunwayFix' from assembly 'RealSolarSystem'
[LOG 15:29:30.283] [AddonLoader]: Instantiating addon 'TimeWarpFixer' from assembly 'RealSolarSystem'
[LOG 15:29:30.283] [AddonLoader]: Instantiating addon 'VesselGroundPositionEnhancer' from assembly 'RealSolarSystem'
[LOG 15:29:30.283] [AddonLoader]: Instantiating addon 'RSSWatchDog' from assembly 'RealSolarSystem'
[LOG 15:29:30.284] [AddonLoader]: Instantiating addon 'TerrainPrecisionFixDiag4Mod' from assembly 'TerrainPrecisionFixDiag4Mod'
[LOG 15:29:30.286] [TerrainPrecisionFixDiag4] shader Hidden/Internal-Colored, depth test settable: True
[LOG 15:29:30.288] [PlanetariumCamera]: Focus: Earth
[LOG 15:29:30.289] [UIMasterController]: HideUI
[LOG 15:29:30.611] [UIMasterController]: HideUI
[LOG 15:29:30.611] ------------------- initializing flight mode... ------------------
[LOG 15:29:30.612] [SceneLoadSpeedBoost] Save loaded from cache in 0ms
[LOG 15:29:30.679] GetSubclassesOfParentClass: Using cached results for AlarmTypeBase
[LOG 15:29:30.680] Loading Depletion Nodes
[LOG 15:29:30.680] DepNodeCount:  0
[LOG 15:29:30.680] Loading Biome Nodes
[LOG 15:29:30.680] BiomeNodeCount:  0
[LOG 15:29:30.680] Loading Planet Nodes
[LOG 15:29:30.680] PlanetNodeCount:  0
[LOG 15:29:30.683] [ScenarioDestructibles]: Loading... 0 objects registered
[LOG 15:29:30.719] Target vessel index: 13  vessel count: 14
[LOG 15:29:30.720] [FLIGHT GLOBALS]: Switching To Vessel rss-orbit ---------------------- 
[LOG 15:29:30.721] setting new dominant body: Earth
FlightGlobals.mainBody: Earth
[LOG 15:29:30.723] Reference Frame: Rotating
[WRN 15:29:30.734] [Part]: Cannot have ModuleCargoPart and ModuleInventoryPart on same Part [rss-orbit (unloaded)'. Removed ModuleCargoPart
[LOG 15:29:30.740] [MechJeb2] Loading Mechjeb 2.15.3
[LOG 15:29:30.765] [MechJeb2] Registered 266 info items:  value:0 ms action:0 ms  toggle:0 ms  general:0 ms  editable:0 ms  total:0 ms
[LOG 15:29:30.785] [rss-orbit]: landed - waiting for ground contact to resume physics...
[LOG 15:29:30.799] Camera Mode: AUTO
[LOG 15:29:32.367] all systems started
[LOG 15:29:32.465] [MechJeb2] site Site
{
	name = KSC Pad
	latitude = -0.09694444
	longitude = -74.5575
}

[LOG 15:29:32.466] [MechJeb2] Adding KSC Pad
[LOG 15:29:32.466] [MechJeb2] site Site
{
	name = VAB
	latitude = -0.09694444
	longitude = -74.617
}

[LOG 15:29:32.466] [MechJeb2] Adding VAB
[LOG 15:29:32.466] [MechJeb2] site Site
{
	name = Baikerbanur
	latitude = 20.666
	longitude = 146.466
	body = Kerbin
}

[LOG 15:29:32.467] [MechJeb2] Adding Baikerbanur
[LOG 15:29:32.467] [MechJeb2] site Site
{
	name = Cove
	latitude = 3.70
	longitude = -72.2
	body = Kerbin
}

[LOG 15:29:32.467] [MechJeb2] Adding Cove
[LOG 15:29:32.467] [MechJeb2] site Site
{
	name = Crater
	latitude = 8.39
	longitude = -179.68
	body = Kerbin
}

[LOG 15:29:32.467] [MechJeb2] Adding Crater
[LOG 15:29:32.467] [MechJeb2] site Site
{
	name = Dessert
	latitude = 6.56
	longitude = 143.95
	body = Kerbin
}

[LOG 15:29:32.467] [MechJeb2] Adding Dessert
[LOG 15:29:32.467] [MechJeb2] site Site
{
	name = Glacier Lake
	latitude = 73.56
	longitude = 84.27
	body = Kerbin
}

[LOG 15:29:32.467] [MechJeb2] Adding Glacier Lake
[LOG 15:29:32.467] [MechJeb2] site Site
{
	name = Mahi Mahi
	latitude = -49.80
	longitude = -120.77
	body = Kerbin
}

[LOG 15:29:32.467] [MechJeb2] Adding Mahi Mahi
[LOG 15:29:32.467] [MechJeb2] site Site
{
	name = Woomerang
	latitude = 45.29
	longitude = 136.11
	body = Kerbin
}

[LOG 15:29:32.467] [MechJeb2] Adding Woomerang
[LOG 15:29:32.467] [MechJeb2] site Site
{
	name = Greater Flats
	latitude = -4.794139
	longitude = -11.575088
	body = Minmus
}

[LOG 15:29:32.467] [MechJeb2] Adding Greater Flats
[LOG 15:29:32.467] [MechJeb2] site Site
{
	name = Negan's Place
	latitude = -19.669238
	longitude = 77.936054
	body = Minmus
}

[LOG 15:29:32.467] [MechJeb2] Adding Negan's Place
[LOG 15:29:32.482] [MechJeb2] Loading Mechjeb 2.15.3
[LOG 15:29:32.487] [MechJeb2] Registered 266 info items:  value:0 ms action:0 ms  toggle:0 ms  general:0 ms  editable:0 ms  total:0 ms
[LOG 15:29:32.511] [ModularFlightIntegrator] MFI Start
[LOG 15:29:32.512] [ModularFlightIntegrator] Start. VesselModule on vessel : 
  ModularFlightIntegrator
  AxisGroupsModule
  CometVessel
  SuspensionLoadBalancer
  CommNetVessel

[LOG 15:29:32.520] [Kopernicus] Using Kopernicus Discoverable Object Spawner.
[LOG 15:29:32.579] [ShadowMan][Info] Running in unified camera mode
[LOG 15:29:32.579] [ShadowMan][Debug] Adding TweakShadowCascades: (0.002, 0.015, 0.035) to Camera Camera 00
[LOG 15:29:32.579] [ShadowMan][Debug] Default split: (0.050, 0.152, 0.264)
[LOG 15:29:32.580] [ShadowMan][Debug] Setting shadowmap resolution to: 8192 on SunLight
[LOG 15:29:32.584] [ShadowMan][Debug] Found rings for Saturn
[LOG 15:29:32.587] [ShadowMan][Debug] Kopernicus.ShadowMan setup done
[LOG 15:29:32.640] [RealSolarSystem] Setting TimeWarp rates...
[LOG 15:29:32.642] [TerrainPrecisionFixDiag4] body Earth, radius 6371000 m, highest subdivision level 11, 15 vertices by side
[LOG 15:29:32.648] [TerrainPrecisionFixDiag4] after an origin shift: 40 seam(s) between 32 quad(s) of level 11 and 16 coarser one(s); 320 shared vertices, gap mean 1599.561 mm, max 2401.529 mm; largest on Kerbin Zn32010320233 (North, level 11) against Kerbin Zn3201032201 (South, level 10), where the finer quad is 2067.541 mm below the coarser one and 1221.726 mm beside it, 31.5 km from the active vessel
[LOG 15:29:32.682] [MechJeb2] Loading Mechjeb 2.15.3
[LOG 15:29:32.687] [MechJeb2] Registered 266 info items:  value:0 ms action:0 ms  toggle:0 ms  general:0 ms  editable:0 ms  total:0 ms
[LOG 15:29:32.689] [Capsule]: landed - waiting for ground contact to resume physics...
[LOG 15:29:32.694] [ModularFlightIntegrator] MFI Start
[LOG 15:29:32.695] [ModularFlightIntegrator] Start. VesselModule on vessel : 
  ModularFlightIntegrator
  AxisGroupsModule
  SuspensionLoadBalancer
  CommNetVessel

[LOG 15:29:32.696] [PlanetariumCamera]: Focus: Moon
[LOG 15:29:32.697] [PlanetariumCamera]: Focus: Earth
[LOG 15:29:34.941] [UiApp] Awake: CurrencyWidgetsApp
[LOG 15:29:34.941] [UiApp] Awake: ResourceDisplay
[LOG 15:29:34.941] [UiApp] Awake: KSPedia
[LOG 15:29:34.941] [UiApp] Awake: Missions App
[LOG 15:29:34.941] [UiApp] Awake: DeltaVApp
[LOG 15:29:34.942] [UiApp] Awake: ActionGroupsApp
[LOG 15:29:34.942] [UiApp] Awake: Construction
[LOG 15:29:34.942] [UiApp] Awake: Cargo
[LOG 15:29:34.942] [UiApp] Awake: AlarmClock
[LOG 15:29:34.942] [UiApp] Awake: ManeuverTool
[LOG 15:29:34.942] [ApplicationLauncher] OnSceneLoadedGUIReady: scene FLIGHT ShouldBeVisible() True ShouldBeOnTop() True iIsPositionedAtTop False
[LOG 15:29:34.942] [ApplicationLauncher] SpawnSimpleLayout: VerticalTopDown
[LOG 15:29:34.945] [KnowledgeBase] OnAppLauncherReady 25987
[LOG 15:29:34.953] [Kopernicus]: StarLightSwitcher: Set active star => Sun
[LOG 15:29:34.974] [UIApp] OnDestroy: Contracts
[LOG 15:29:34.996] [FlightIntegrator]: Reloaded drag cube for zeroed cube root part mk1pod.v2 (rss-orbit) on vessel rss-orbit
[LOG 15:29:35.015] ScaleModList: listSize 41 maxListSize 863
[LOG 15:29:35.016] [MessageSystem] Reposition 0.02 25988
[LOG 15:29:35.016] [GenericAppFrame] Reposition 0.02 25988
[LOG 15:29:35.016] [GenericAppFrame] Reposition 0.02 25988
[LOG 15:29:35.118] [FlightIntegrator]: Reloaded drag cube for zeroed cube root part fuelTankSmallFlat (Capsule) on vessel Capsule
[LOG 15:29:35.326] [TerrainPrecisionFixDiag4] 60 seam(s) between 47 quad(s) of level 11 and 21 coarser one(s); 480 shared vertices, gap mean 1557.095 mm, max 2401.529 mm; largest on Kerbin Zn32010320233 (North, level 11) against Kerbin Zn3201032201 (South, level 10), where the finer quad is 2067.541 mm below the coarser one and 1221.726 mm beside it, 31.5 km from the active vessel
[LOG 15:29:35.334] [PlanetariumCamera]: Focus: rss-orbit
[LOG 15:29:35.438] [UIApp] Adding ResourceDisplay to Application Launcher
[LOG 15:29:35.440] ScaleModList: listSize 41 maxListSize 813
[LOG 15:29:35.441] [UIApp] Adding ResourceDisplay to Application Launcher
[LOG 15:29:35.442] ScaleModList: listSize 41 maxListSize 772
[LOG 15:29:35.456] [ResourceDisplay] OnAppStarted(): id: -394016
[LOG 15:29:35.457] [GenericAppFrame] Reposition 0.1590501 25992
[LOG 15:29:35.458] [ResourceDisplay] OnAppStarted(): id: 264398
[LOG 15:29:35.458] ResourceDisplay already exist, destroying this instance
[LOG 15:29:35.458] [UIApp] OnDestroy: ResourceDisplay
[LOG 15:29:35.459] ScaleModList: listSize 41 maxListSize 772
[LOG 15:29:35.480] [UIApp] Adding AlarmClock to Application Launcher
[LOG 15:29:35.481] ScaleModList: listSize 41 maxListSize 772
[LOG 15:29:35.481] [UIApp] Adding ActionGroupsApp to Application Launcher
[LOG 15:29:35.482] ScaleModList: listSize 41 maxListSize 731
[LOG 15:29:35.483] [UIApp] Adding Missions App to Application Launcher
[LOG 15:29:35.484] ScaleModList: listSize 41 maxListSize 690
[LOG 15:29:35.484] CURRENCY WIDGET False False False
[LOG 15:29:35.486] [UIApp] OnDestroy: CurrencyWidgetsApp
[LOG 15:29:35.526] [GenericAppFrame] Reposition 0.2 25994
[LOG 15:29:35.529] [ActionGroupsApp] OnAppStarted(): id: -394040
[LOG 15:29:35.531] [GenericAppFrame] Reposition 0.2 25994
[LOG 15:29:35.531] [UIApp] Adding DeltaVApp to Application Launcher
[LOG 15:29:35.533] ScaleModList: listSize 41 maxListSize 649
[LOG 15:29:35.533] [MissionsApp] OnAppStarted(): id: -394028
[LOG 15:29:35.533] MissionsApp does not execute in this game mode, destroying this instance
[LOG 15:29:35.533] [UIApp] OnDestroy: Missions App
[LOG 15:29:35.533] ScaleModList: listSize 41 maxListSize 649
[LOG 15:29:35.546] [GenericAppFrame] Reposition 0.24 25995
[LOG 15:29:35.558] [UIApp] Adding Cargo to Application Launcher
[LOG 15:29:35.559] ScaleModList: listSize 41 maxListSize 649
[LOG 15:29:35.560] [UIApp] Adding Construction to Application Launcher
[LOG 15:29:35.561] ScaleModList: listSize 41 maxListSize 608
[LOG 15:29:35.561] [UIApp] Adding KSPedia to Application Launcher
[LOG 15:29:35.562] ScaleModList: listSize 41 maxListSize 567
[WRN 15:29:35.570] HighlightingSystem : Framebuffer depth data is not available and can't be used to occlude highlighting. Highlighting occluders enabled.
[LOG 15:29:35.582] [UIApp] Adding ManeuverTool to Application Launcher
[LOG 15:29:35.584] ScaleModList: listSize 41 maxListSize 526
[LOG 15:29:35.585] [ApplicationLauncher] SetHidden: 
[LOG 15:29:35.586] ScaleModList: listSize 41 maxListSize 567
[LOG 15:29:35.601] [GenericAppFrame] Reposition 0.2923474 25998
[LOG 15:29:35.615] [ManeuverTool]: Found 1 transfer types
[LOG 15:29:35.688] Flight State Captured
[LOG 15:29:35.688] Saving Achievements Tree...
[LOG 15:29:35.688] Saving Achievements Tree...
[LOG 15:29:35.688] Saving Achievements Tree...
[LOG 15:29:35.689] [MessageSystem] Save Messages
[LOG 15:29:35.727] Game State Saved as persistent
[LOG 15:29:35.772] [Kopernicus] AtmosphereFixer => Patched AtmosphereFromGround for Uranus
[LOG 15:29:35.772] [Kopernicus] AtmosphereFixer => Patched AtmosphereFromGround for Titan
[LOG 15:29:35.772] [Kopernicus] AtmosphereFixer => Patched AtmosphereFromGround for Saturn
[LOG 15:29:35.772] [Kopernicus] AtmosphereFixer => Patched AtmosphereFromGround for Jupiter
[LOG 15:29:35.772] [Kopernicus] AtmosphereFixer => Patched AtmosphereFromGround for Mars
[LOG 15:29:35.772] [Kopernicus] AtmosphereFixer => Patched AtmosphereFromGround for Earth
[LOG 15:29:35.772] [Kopernicus] AtmosphereFixer => Patched AtmosphereFromGround for Venus
[LOG 15:29:36.249] [RealSolarSystem] Watchdog: Setting camera Camera 00 far clip to 1875000 so camera now has 1875000
[LOG 15:29:36.327] [rss-orbit]: ground contact! - error. Moving Vessel  up 0.143m
[LOG 15:29:36.328] Unpacking rss-orbit
[LOG 15:29:36.332] [RSS-VGPE] Vessel going off rails in PRELAUNCH, skipping 100 frames on CollisionEnhancer.
[LOG 15:29:36.354] [UIMasterController]: ShowUI
[LOG 15:29:36.371] [TerrainPrecisionFixDiag4] 60 seam(s) between 49 quad(s) of level 11 and 23 coarser one(s); 480 shared vertices, gap mean 1554.429 mm, max 2401.529 mm; largest on Kerbin Zn32010320233 (North, level 11) against Kerbin Zn3201032201 (South, level 10), where the finer quad is 2067.541 mm below the coarser one and 1221.726 mm beside it, 31.5 km from the active vessel
[LOG 15:30:08.375] [TerrainPrecisionFixDiag4] display: largest gap only
[LOG 15:30:09.541] SCREENSHOT!!
[LOG 15:30:10.967] Game Paused!
[LOG 15:30:10.969] [UIMasterController]: ShowUI
[LOG 15:30:27.175] [MessageSystem] Load Messages
[LOG 15:30:27.179] [UIMasterController]: HideUI
[LOG 15:30:27.277] [HighLogic]: =========================== Scene Change : From FLIGHT to FLIGHT =====================
[LOG 15:30:27.299] [Kopernicus] Delaying ResetAndWait of body Charon until scene switch is complete
[LOG 15:30:27.299] [Kopernicus] Delaying ResetAndWait of body Pluto until scene switch is complete
[LOG 15:30:27.299] [Kopernicus] Delaying ResetAndWait of body Triton until scene switch is complete
[LOG 15:30:27.299] [Kopernicus] Delaying ResetAndWait of body Neptune until scene switch is complete
[LOG 15:30:27.301] [Kopernicus] Delaying ResetAndWait of body Neptune until scene switch is complete
[LOG 15:30:27.301] [Kopernicus] Delaying ResetAndWait of body Oberon until scene switch is complete
[LOG 15:30:27.301] [Kopernicus] Delaying ResetAndWait of body Titania until scene switch is complete
[LOG 15:30:27.301] [Kopernicus] Delaying ResetAndWait of body Umbriel until scene switch is complete
[LOG 15:30:27.301] [Kopernicus] Delaying ResetAndWait of body Ariel until scene switch is complete
[LOG 15:30:27.301] [Kopernicus] Delaying ResetAndWait of body Miranda until scene switch is complete
[LOG 15:30:27.301] [Kopernicus] Delaying ResetAndWait of body Uranus until scene switch is complete
[LOG 15:30:27.301] [Kopernicus] Delaying ResetAndWait of body Uranus until scene switch is complete
[LOG 15:30:27.301] [Kopernicus] Delaying ResetAndWait of body Iapetus until scene switch is complete
[LOG 15:30:27.301] [Kopernicus] Delaying ResetAndWait of body Titan until scene switch is complete
[LOG 15:30:27.301] [Kopernicus] Delaying ResetAndWait of body Rhea until scene switch is complete
[LOG 15:30:27.301] [Kopernicus] Delaying ResetAndWait of body Dione until scene switch is complete
[LOG 15:30:27.301] [Kopernicus] Delaying ResetAndWait of body Tethys until scene switch is complete
[LOG 15:30:27.301] [Kopernicus] Delaying ResetAndWait of body Enceladus until scene switch is complete
[LOG 15:30:27.301] [Kopernicus] Delaying ResetAndWait of body Mimas until scene switch is complete
[LOG 15:30:27.301] [Kopernicus] Delaying ResetAndWait of body Saturn until scene switch is complete
[LOG 15:30:27.301] [Kopernicus] Delaying ResetAndWait of body Saturn until scene switch is complete
[LOG 15:30:27.301] [Kopernicus] Delaying ResetAndWait of body Callisto until scene switch is complete
[LOG 15:30:27.301] [Kopernicus] Delaying ResetAndWait of body Ganymede until scene switch is complete
[LOG 15:30:27.301] [Kopernicus] Delaying ResetAndWait of body Europa until scene switch is complete
[LOG 15:30:27.301] [Kopernicus] Delaying ResetAndWait of body Io until scene switch is complete
[LOG 15:30:27.301] [Kopernicus] Delaying ResetAndWait of body Jupiter until scene switch is complete
[LOG 15:30:27.301] [Kopernicus] Delaying ResetAndWait of body Jupiter until scene switch is complete
[LOG 15:30:27.301] [Kopernicus] Delaying ResetAndWait of body Ceres until scene switch is complete
[LOG 15:30:27.301] [Kopernicus] Delaying ResetAndWait of body Vesta until scene switch is complete
[LOG 15:30:27.301] [Kopernicus] Delaying ResetAndWait of body Deimos until scene switch is complete
[LOG 15:30:27.301] [Kopernicus] Delaying ResetAndWait of body Phobos until scene switch is complete
[LOG 15:30:27.301] [Kopernicus] Delaying ResetAndWait of body Mars until scene switch is complete
[LOG 15:30:27.301] [Kopernicus] Delaying ResetAndWait of body Moon until scene switch is complete
[LOG 15:30:27.301] [Kopernicus] Delaying ResetAndWait of body Venus until scene switch is complete
[LOG 15:30:27.301] [Kopernicus] Delaying ResetAndWait of body Mercury until scene switch is complete
[LOG 15:30:27.446] [PlanetariumCamera]: Focus: Earth
[WRN 15:30:27.451] [KSPCF] No Persistent fields on object of type MechJeb2:MovingAverage, adding as null to TypeCache. That object likely shouldn't implement the IConfigNode interface.
[LOG 15:30:27.557] ScaleModList: listSize 41 maxListSize 567
[LOG 15:30:27.562] [UIApp] OnDestroy: AlarmClock
[LOG 15:30:27.562] ScaleModList: listSize 41 maxListSize 567
[LOG 15:30:27.563] KbApp.OnDestroy Vessel Crew
[LOG 15:30:27.563] [UIApp] OnDestroy: ActionGroupsApp
[LOG 15:30:27.563] ScaleModList: listSize 41 maxListSize 567
[LOG 15:30:27.563] KbApp.OnDestroy NullName
[LOG 15:30:27.564] [UIApp] OnDestroy: KSPedia
[LOG 15:30:27.564] ScaleModList: listSize 41 maxListSize 567
[LOG 15:30:27.565] KbApp.OnDestroy Vessel Info
[LOG 15:30:27.565] [UIApp] OnDestroy: Cargo
[LOG 15:30:27.565] ScaleModList: listSize 41 maxListSize 567
[LOG 15:30:27.566] KbApp.OnDestroy Planet Resources
[LOG 15:30:27.566] [UIApp] OnDestroy: DeltaVApp
[LOG 15:30:27.566] ScaleModList: listSize 41 maxListSize 567
[LOG 15:30:27.567] [UIApp] OnDestroy: ResourceDisplay
[LOG 15:30:27.567] ScaleModList: listSize 41 maxListSize 567
[LOG 15:30:27.567] KbApp.OnDestroy Planet Parameters
[LOG 15:30:27.567] [UIApp] OnDestroy: ManeuverTool
[LOG 15:30:27.568] ScaleModList: listSize 41 maxListSize 567
[LOG 15:30:27.570] [UIApp] OnDestroy: Construction
[LOG 15:30:27.570] ScaleModList: listSize 41 maxListSize 567
[LOG 15:30:27.570] KbApp.OnDestroy Planet Info
[LOG 15:30:27.571] KbApp.OnDestroy Unowned Info
[LOG 15:30:27.573] [KSPCF:MemoryLeaks] Removed a OnMapExited callback owned by a destroyed Assembly-CSharp:NavBallToggle instance
[LOG 15:30:27.573] [KSPCF:MemoryLeaks] Removed a OnGameSettingsApplied callback owned by a destroyed Assembly-CSharp:VesselAutopilotUI instance
[LOG 15:30:27.573] [KSPCF:MemoryLeaks] Removed a onPartActionUICreate callback owned by a destroyed Assembly-CSharp:ModuleInventoryPart instance
[LOG 15:30:27.573] [KSPCF:MemoryLeaks] Removed a onPartActionUICreate callback owned by a destroyed Assembly-CSharp:ModuleInventoryPart instance
[LOG 15:30:27.573] [KSPCF:MemoryLeaks] Removed a onModuleInventoryChanged callback owned by a destroyed Assembly-CSharp:ModuleInventoryPart instance
[LOG 15:30:27.574] [KSPCF:MemoryLeaks] Removed a onModuleInventoryChanged callback owned by a destroyed Assembly-CSharp:ModuleInventoryPart instance
[LOG 15:30:27.574] [KSPCF:MemoryLeaks] Removed a OnDestructibleLoaded callback owned by a destroyed Assembly-CSharp:RunwayCollisionHandler instance
[LOG 15:30:27.574] [KSPCF:MemoryLeaks] Removed a OnClick callback owned by a destroyed Assembly-CSharp:EVAConstructionModeEditor instance
[LOG 15:30:27.575] [KSPCF:MemoryLeaks] Removed a TimingManager.Instance.timing5.onLateUpdate callback owned by a destroyed Assembly-CSharp:MapView instance
[LOG 15:30:27.575] [KSPCF:MemoryLeaks] Leaving scene "Flight", cleaned 67 memory leaks in 0.003s. GameEvents callbacks : 751. Allocated memory : 755.184 MiB (managed heap), 2.211 GiB (unmanaged)
[LOG 15:30:27.584] UICanvasPrefabSpawner FlightUI spawning Flight
[LOG 15:30:27.603] UICanvasPrefabSpawner FlightUI spawning VesselLabels
[LOG 15:30:27.604] [UiApp] Awake: ResourceDisplay
[LOG 15:30:27.706] [AddonLoader]: Instantiating addon 'AeroGUI' from assembly 'KSP'
[LOG 15:30:27.720] [AddonLoader]: Instantiating addon 'ToolbarButton' from assembly 'Kopernicus'
[LOG 15:30:27.720] [AddonLoader]: Instantiating addon 'ShadowMan' from assembly 'Kopernicus'
[LOG 15:30:27.720] [AddonLoader]: Instantiating addon 'RenderTypeFixer' from assembly 'Kopernicus'
[LOG 15:30:27.720] [AddonLoader]: Instantiating addon 'AtmosphereFixer' from assembly 'Kopernicus'
[LOG 15:30:27.720] [AddonLoader]: Instantiating addon 'SinkingBugFix' from assembly 'Kopernicus'
[LOG 15:30:27.723] [AddonLoader]: Instantiating addon 'RealSolarSystemEditor' from assembly 'RealSolarSystem'
[LOG 15:30:27.723] [AddonLoader]: Instantiating addon 'RSSRunwayFix' from assembly 'RealSolarSystem'
[LOG 15:30:27.723] [AddonLoader]: Instantiating addon 'TimeWarpFixer' from assembly 'RealSolarSystem'
[LOG 15:30:27.723] [AddonLoader]: Instantiating addon 'VesselGroundPositionEnhancer' from assembly 'RealSolarSystem'
[LOG 15:30:27.723] [AddonLoader]: Instantiating addon 'RSSWatchDog' from assembly 'RealSolarSystem'
[LOG 15:30:27.723] [AddonLoader]: Instantiating addon 'TerrainPrecisionFixDiag4Mod' from assembly 'TerrainPrecisionFixDiag4Mod'
[LOG 15:30:27.723] [TerrainPrecisionFixDiag4] shader Hidden/Internal-Colored, depth test settable: True
[LOG 15:30:27.723] [PlanetariumCamera]: Focus: Earth
[LOG 15:30:27.724] [UIMasterController]: HideUI
[LOG 15:30:28.063] [UIMasterController]: HideUI
[LOG 15:30:28.063] ------------------- initializing flight mode... ------------------
[LOG 15:30:28.064] GetSubclassesOfParentClass: Using cached results for AlarmTypeBase
[LOG 15:30:28.064] Loading Depletion Nodes
[LOG 15:30:28.064] DepNodeCount:  0
[LOG 15:30:28.064] Loading Biome Nodes
[LOG 15:30:28.065] BiomeNodeCount:  0
[LOG 15:30:28.065] Loading Planet Nodes
[LOG 15:30:28.065] PlanetNodeCount:  0
[LOG 15:30:28.066] [ScenarioDestructibles]: Loading... 0 objects registered
[LOG 15:30:28.100] Target vessel index: 13  vessel count: 14
[LOG 15:30:28.100] [FLIGHT GLOBALS]: Switching To Vessel rss-orbit ---------------------- 
[LOG 15:30:28.100] setting new dominant body: Earth
FlightGlobals.mainBody: Earth
[LOG 15:30:28.100] Reference Frame: Rotating
[WRN 15:30:28.108] [Part]: Cannot have ModuleCargoPart and ModuleInventoryPart on same Part [rss-orbit (unloaded)'. Removed ModuleCargoPart
[LOG 15:30:28.110] [MechJeb2] Loading Mechjeb 2.15.3
[LOG 15:30:28.116] [MechJeb2] Registered 266 info items:  value:0 ms action:0 ms  toggle:0 ms  general:0 ms  editable:0 ms  total:0 ms
[LOG 15:30:28.128] [rss-orbit]: landed - waiting for ground contact to resume physics...
[LOG 15:30:28.129] Camera Mode: AUTO
[LOG 15:30:29.686] all systems started
[ERR 15:30:29.731] Screen position out of view frustum (screen pos 874.000000, 540.000000) (Camera rect 0 0 1920 1080)

[LOG 15:30:29.732] [RealSolarSystem] Setting TimeWarp rates...
[LOG 15:30:29.732] [TerrainPrecisionFixDiag4] body Earth, radius 6371000 m, highest subdivision level 11, 15 vertices by side
[LOG 15:30:29.733] [TerrainPrecisionFixDiag4] after an origin shift: 40 seam(s) between 32 quad(s) of level 11 and 16 coarser one(s); 320 shared vertices, gap mean 1217.968 mm, max 1847.339 mm; largest on Kerbin Zn32010320031 (South, level 11) against Kerbin Zn3201032001 (North, level 10), where the finer quad is 1623.508 mm below the coarser one and 881.410 mm beside it, 35.3 km from the active vessel
[LOG 15:30:29.739] [ModularFlightIntegrator] MFI Start
[LOG 15:30:29.739] [ModularFlightIntegrator] Start. VesselModule on vessel : 
  ModularFlightIntegrator
  AxisGroupsModule
  CometVessel
  SuspensionLoadBalancer
  CommNetVessel

[ERR 15:30:29.739] Screen position out of view frustum (screen pos 874.000000, 540.000000) (Camera rect 0 0 1920 1080)

[LOG 15:30:29.740] [Kopernicus] Using Kopernicus Discoverable Object Spawner.
[ERR 15:30:29.785] Screen position out of view frustum (screen pos 874.000000, 540.000000) (Camera rect 0 0 1920 1080)

[LOG 15:30:29.818] [UiApp] Awake: CurrencyWidgetsApp
[LOG 15:30:29.818] [UiApp] Awake: ResourceDisplay
[LOG 15:30:29.819] [UiApp] Awake: KSPedia
[LOG 15:30:29.819] [UiApp] Awake: Missions App
[LOG 15:30:29.819] [UiApp] Awake: DeltaVApp
[LOG 15:30:29.819] [UiApp] Awake: ActionGroupsApp
[LOG 15:30:29.819] [UiApp] Awake: Construction
[LOG 15:30:29.819] [UiApp] Awake: Cargo
[LOG 15:30:29.819] [UiApp] Awake: AlarmClock
[LOG 15:30:29.819] [UiApp] Awake: ManeuverTool
[LOG 15:30:29.819] [ApplicationLauncher] OnSceneLoadedGUIReady: scene FLIGHT ShouldBeVisible() True ShouldBeOnTop() True iIsPositionedAtTop True
[LOG 15:30:29.821] [KnowledgeBase] OnAppLauncherReady 31812
[LOG 15:30:29.827] [Kopernicus]: StarLightSwitcher: Set active star => Sun
[LOG 15:30:29.926] [UIApp] OnDestroy: Contracts
[LOG 15:30:29.934] [MechJeb2] Loading Mechjeb 2.15.3
[LOG 15:30:29.940] [MechJeb2] Registered 266 info items:  value:0 ms action:0 ms  toggle:0 ms  general:0 ms  editable:0 ms  total:0 ms
[LOG 15:30:29.943] [ShadowMan][Info] Running in unified camera mode
[LOG 15:30:29.943] [ShadowMan][Debug] Adding TweakShadowCascades: (0.002, 0.015, 0.035) to Camera Camera 00
[LOG 15:30:29.944] [ShadowMan][Debug] Default split: (0.050, 0.152, 0.264)
[LOG 15:30:29.944] [ShadowMan][Debug] Setting shadowmap resolution to: 8192 on SunLight
[LOG 15:30:29.948] [ShadowMan][Debug] Found rings for Saturn
[LOG 15:30:29.952] [ShadowMan][Debug] Kopernicus.ShadowMan setup done
[LOG 15:30:29.957] [TerrainPrecisionFixDiag4] after an origin shift: 48 seam(s) between 39 quad(s) of level 11 and 19 coarser one(s); 384 shared vertices, gap mean 1210.001 mm, max 1976.170 mm; largest on Kerbin Zn32010321123 (North, level 11) against Kerbin Zn3201032130 (South, level 10), where the finer quad is 1729.093 mm below the coarser one and 956.811 mm beside it, 26.6 km from the active vessel
[LOG 15:30:29.964] [MechJeb2] Loading Mechjeb 2.15.3
[LOG 15:30:29.970] [MechJeb2] Registered 266 info items:  value:0 ms action:0 ms  toggle:0 ms  general:0 ms  editable:0 ms  total:0 ms
[LOG 15:30:29.972] [Capsule]: landed - waiting for ground contact to resume physics...
[LOG 15:30:29.974] [ModularFlightIntegrator] MFI Start
[LOG 15:30:29.974] [ModularFlightIntegrator] Start. VesselModule on vessel : 
  ModularFlightIntegrator
  AxisGroupsModule
  SuspensionLoadBalancer
  CommNetVessel

[LOG 15:30:29.974] [MessageSystem] Reposition 0.02 31813
[LOG 15:30:29.974] [GenericAppFrame] Reposition 0.02 31813
[LOG 15:30:29.974] [GenericAppFrame] Reposition 0.02 31813
[LOG 15:30:30.079] [FlightIntegrator]: Reloaded drag cube for zeroed cube root part mk1pod.v2 (rss-orbit) on vessel rss-orbit
[LOG 15:30:30.082] ScaleModList: listSize 41 maxListSize 863
[LOG 15:30:30.244] [FlightIntegrator]: Reloaded drag cube for zeroed cube root part fuelTankSmallFlat (Capsule) on vessel Capsule
[LOG 15:30:30.249] [PlanetariumCamera]: Focus: rss-orbit
[LOG 15:30:30.267] [UIApp] Adding ResourceDisplay to Application Launcher
[LOG 15:30:30.269] ScaleModList: listSize 41 maxListSize 813
[LOG 15:30:30.269] [UIApp] Adding ResourceDisplay to Application Launcher
[LOG 15:30:30.270] ScaleModList: listSize 41 maxListSize 772
[LOG 15:30:30.280] [ResourceDisplay] OnAppStarted(): id: -441548
[LOG 15:30:30.281] [GenericAppFrame] Reposition 0.1399907 31817
[LOG 15:30:30.281] [ResourceDisplay] OnAppStarted(): id: 264530
[LOG 15:30:30.281] ResourceDisplay already exist, destroying this instance
[LOG 15:30:30.281] [UIApp] OnDestroy: ResourceDisplay
[LOG 15:30:30.282] ScaleModList: listSize 41 maxListSize 772
[LOG 15:30:30.294] [UIApp] Adding AlarmClock to Application Launcher
[LOG 15:30:30.295] ScaleModList: listSize 41 maxListSize 772
[LOG 15:30:30.295] [UIApp] Adding ActionGroupsApp to Application Launcher
[LOG 15:30:30.296] ScaleModList: listSize 41 maxListSize 731
[LOG 15:30:30.296] [UIApp] Adding Missions App to Application Launcher
[LOG 15:30:30.297] ScaleModList: listSize 41 maxListSize 690
[LOG 15:30:30.297] CURRENCY WIDGET False False False
[LOG 15:30:30.299] [UIApp] OnDestroy: CurrencyWidgetsApp
[LOG 15:30:30.316] [GenericAppFrame] Reposition 0.1658236 31819
[LOG 15:30:30.319] [ActionGroupsApp] OnAppStarted(): id: -441572
[LOG 15:30:30.319] [GenericAppFrame] Reposition 0.1658236 31819
[LOG 15:30:30.320] [UIApp] Adding DeltaVApp to Application Launcher
[LOG 15:30:30.321] ScaleModList: listSize 41 maxListSize 649
[LOG 15:30:30.321] [MissionsApp] OnAppStarted(): id: -441560
[LOG 15:30:30.321] MissionsApp does not execute in this game mode, destroying this instance
[LOG 15:30:30.321] [UIApp] OnDestroy: Missions App
[LOG 15:30:30.321] ScaleModList: listSize 41 maxListSize 649
[LOG 15:30:30.332] [GenericAppFrame] Reposition 0.1909218 31820
[LOG 15:30:30.341] [UIApp] Adding Cargo to Application Launcher
[LOG 15:30:30.342] ScaleModList: listSize 41 maxListSize 649
[LOG 15:30:30.342] [UIApp] Adding Construction to Application Launcher
[LOG 15:30:30.343] ScaleModList: listSize 41 maxListSize 608
[LOG 15:30:30.343] [UIApp] Adding KSPedia to Application Launcher
[LOG 15:30:30.344] ScaleModList: listSize 41 maxListSize 567
[LOG 15:30:30.353] [UIApp] Adding ManeuverTool to Application Launcher
[LOG 15:30:30.355] ScaleModList: listSize 41 maxListSize 526
[LOG 15:30:30.355] [ApplicationLauncher] SetHidden: 
[LOG 15:30:30.356] ScaleModList: listSize 41 maxListSize 567
[LOG 15:30:30.369] [GenericAppFrame] Reposition 0.2252477 31823
[LOG 15:30:30.380] [ManeuverTool]: Found 1 transfer types
[LOG 15:30:30.427] Flight State Captured
[LOG 15:30:30.427] Saving Achievements Tree...
[LOG 15:30:30.427] Saving Achievements Tree...
[LOG 15:30:30.427] Saving Achievements Tree...
[LOG 15:30:30.428] [MessageSystem] Save Messages
[LOG 15:30:30.464] Game State Saved as persistent
[LOG 15:30:30.670] [Kopernicus] AtmosphereFixer => Patched AtmosphereFromGround for Uranus
[LOG 15:30:30.670] [Kopernicus] AtmosphereFixer => Patched AtmosphereFromGround for Titan
[LOG 15:30:30.670] [Kopernicus] AtmosphereFixer => Patched AtmosphereFromGround for Saturn
[LOG 15:30:30.670] [Kopernicus] AtmosphereFixer => Patched AtmosphereFromGround for Jupiter
[LOG 15:30:30.670] [Kopernicus] AtmosphereFixer => Patched AtmosphereFromGround for Mars
[LOG 15:30:30.670] [Kopernicus] AtmosphereFixer => Patched AtmosphereFromGround for Earth
[LOG 15:30:30.670] [Kopernicus] AtmosphereFixer => Patched AtmosphereFromGround for Venus
[LOG 15:30:31.001] [TerrainPrecisionFixDiag4] 60 seam(s) between 49 quad(s) of level 11 and 23 coarser one(s); 480 shared vertices, gap mean 1245.437 mm, max 1964.225 mm; largest on Kerbin Zn32010323301 (East, level 11) against Kerbin Zn3201032331 (West, level 10), where the finer quad is 1720.124 mm below the coarser one and 948.342 mm beside it, 35.7 km from the active vessel
[LOG 15:30:31.156] [RealSolarSystem] Watchdog: Setting camera Camera 00 far clip to 1875000 so camera now has 1875000
[LOG 15:30:31.181] Unpacking rss-orbit
[LOG 15:30:31.182] [RSS-VGPE] Vessel going off rails in PRELAUNCH, skipping 100 frames on CollisionEnhancer.
[LOG 15:30:31.188] [UIMasterController]: ShowUI
[LOG 15:30:34.006] Game Paused!
[LOG 15:30:34.006] [UIMasterController]: ShowUI
[LOG 15:30:35.429] [MessageSystem] Load Messages
[LOG 15:30:35.430] [UIMasterController]: HideUI
[LOG 15:30:35.526] [HighLogic]: =========================== Scene Change : From FLIGHT to FLIGHT =====================
[LOG 15:30:35.543] [Kopernicus] Delaying ResetAndWait of body Charon until scene switch is complete
[LOG 15:30:35.543] [Kopernicus] Delaying ResetAndWait of body Pluto until scene switch is complete
[LOG 15:30:35.543] [Kopernicus] Delaying ResetAndWait of body Triton until scene switch is complete
[LOG 15:30:35.543] [Kopernicus] Delaying ResetAndWait of body Neptune until scene switch is complete
[LOG 15:30:35.543] [Kopernicus] Delaying ResetAndWait of body Neptune until scene switch is complete
[LOG 15:30:35.543] [Kopernicus] Delaying ResetAndWait of body Oberon until scene switch is complete
[LOG 15:30:35.544] [Kopernicus] Delaying ResetAndWait of body Titania until scene switch is complete
[LOG 15:30:35.544] [Kopernicus] Delaying ResetAndWait of body Umbriel until scene switch is complete
[LOG 15:30:35.544] [Kopernicus] Delaying ResetAndWait of body Ariel until scene switch is complete
[LOG 15:30:35.544] [Kopernicus] Delaying ResetAndWait of body Miranda until scene switch is complete
[LOG 15:30:35.544] [Kopernicus] Delaying ResetAndWait of body Uranus until scene switch is complete
[LOG 15:30:35.544] [Kopernicus] Delaying ResetAndWait of body Uranus until scene switch is complete
[LOG 15:30:35.544] [Kopernicus] Delaying ResetAndWait of body Iapetus until scene switch is complete
[LOG 15:30:35.544] [Kopernicus] Delaying ResetAndWait of body Titan until scene switch is complete
[LOG 15:30:35.544] [Kopernicus] Delaying ResetAndWait of body Rhea until scene switch is complete
[LOG 15:30:35.544] [Kopernicus] Delaying ResetAndWait of body Dione until scene switch is complete
[LOG 15:30:35.544] [Kopernicus] Delaying ResetAndWait of body Tethys until scene switch is complete
[LOG 15:30:35.544] [Kopernicus] Delaying ResetAndWait of body Enceladus until scene switch is complete
[LOG 15:30:35.544] [Kopernicus] Delaying ResetAndWait of body Mimas until scene switch is complete
[LOG 15:30:35.544] [Kopernicus] Delaying ResetAndWait of body Saturn until scene switch is complete
[LOG 15:30:35.544] [Kopernicus] Delaying ResetAndWait of body Saturn until scene switch is complete
[LOG 15:30:35.544] [Kopernicus] Delaying ResetAndWait of body Callisto until scene switch is complete
[LOG 15:30:35.544] [Kopernicus] Delaying ResetAndWait of body Ganymede until scene switch is complete
[LOG 15:30:35.545] [Kopernicus] Delaying ResetAndWait of body Europa until scene switch is complete
[LOG 15:30:35.545] [Kopernicus] Delaying ResetAndWait of body Io until scene switch is complete
[LOG 15:30:35.545] [Kopernicus] Delaying ResetAndWait of body Jupiter until scene switch is complete
[LOG 15:30:35.545] [Kopernicus] Delaying ResetAndWait of body Jupiter until scene switch is complete
[LOG 15:30:35.545] [Kopernicus] Delaying ResetAndWait of body Ceres until scene switch is complete
[LOG 15:30:35.545] [Kopernicus] Delaying ResetAndWait of body Vesta until scene switch is complete
[LOG 15:30:35.545] [Kopernicus] Delaying ResetAndWait of body Deimos until scene switch is complete
[LOG 15:30:35.545] [Kopernicus] Delaying ResetAndWait of body Phobos until scene switch is complete
[LOG 15:30:35.545] [Kopernicus] Delaying ResetAndWait of body Mars until scene switch is complete
[LOG 15:30:35.545] [Kopernicus] Delaying ResetAndWait of body Moon until scene switch is complete
[LOG 15:30:35.545] [Kopernicus] Delaying ResetAndWait of body Venus until scene switch is complete
[LOG 15:30:35.545] [Kopernicus] Delaying ResetAndWait of body Mercury until scene switch is complete
[LOG 15:30:35.697] [UIApp] OnDestroy: KSPedia
[LOG 15:30:35.697] ScaleModList: listSize 41 maxListSize 567
[LOG 15:30:35.697] [PlanetariumCamera]: Focus: Earth
[LOG 15:30:35.749] ScaleModList: listSize 41 maxListSize 567
[LOG 15:30:35.750] [UIApp] OnDestroy: ActionGroupsApp
[LOG 15:30:35.750] ScaleModList: listSize 41 maxListSize 567
[LOG 15:30:35.750] KbApp.OnDestroy NullName
[LOG 15:30:35.751] KbApp.OnDestroy Planet Resources
[LOG 15:30:35.751] [UIApp] OnDestroy: AlarmClock
[LOG 15:30:35.751] ScaleModList: listSize 41 maxListSize 567
[LOG 15:30:35.751] [UIApp] OnDestroy: ManeuverTool
[LOG 15:30:35.751] ScaleModList: listSize 41 maxListSize 567
[LOG 15:30:35.751] KbApp.OnDestroy Planet Parameters
[LOG 15:30:35.752] [UIApp] OnDestroy: Cargo
[LOG 15:30:35.752] ScaleModList: listSize 41 maxListSize 567
[LOG 15:30:35.752] [UIApp] OnDestroy: DeltaVApp
[LOG 15:30:35.753] ScaleModList: listSize 41 maxListSize 567
[LOG 15:30:35.754] KbApp.OnDestroy Planet Info
[LOG 15:30:35.754] KbApp.OnDestroy Unowned Info
[LOG 15:30:35.754] KbApp.OnDestroy Vessel Crew
[LOG 15:30:35.754] [UIApp] OnDestroy: ResourceDisplay
[LOG 15:30:35.754] ScaleModList: listSize 41 maxListSize 567
[LOG 15:30:35.754] KbApp.OnDestroy Vessel Info
[LOG 15:30:35.755] [UIApp] OnDestroy: Construction
[LOG 15:30:35.755] ScaleModList: listSize 41 maxListSize 567
[LOG 15:30:35.757] [KSPCF:MemoryLeaks] Removed a OnMapExited callback owned by a destroyed Assembly-CSharp:NavBallToggle instance
[LOG 15:30:35.757] [KSPCF:MemoryLeaks] Removed a OnGameSettingsApplied callback owned by a destroyed Assembly-CSharp:VesselAutopilotUI instance
[LOG 15:30:35.757] [KSPCF:MemoryLeaks] Removed a onPartActionUICreate callback owned by a destroyed Assembly-CSharp:ModuleInventoryPart instance
[LOG 15:30:35.757] [KSPCF:MemoryLeaks] Removed a onPartActionUICreate callback owned by a destroyed Assembly-CSharp:ModuleInventoryPart instance
[LOG 15:30:35.757] [KSPCF:MemoryLeaks] Removed a onModuleInventoryChanged callback owned by a destroyed Assembly-CSharp:ModuleInventoryPart instance
[LOG 15:30:35.758] [KSPCF:MemoryLeaks] Removed a onModuleInventoryChanged callback owned by a destroyed Assembly-CSharp:ModuleInventoryPart instance
[LOG 15:30:35.758] [KSPCF:MemoryLeaks] Removed a OnDestructibleLoaded callback owned by a destroyed Assembly-CSharp:RunwayCollisionHandler instance
[LOG 15:30:35.758] [KSPCF:MemoryLeaks] Removed a OnClick callback owned by a destroyed Assembly-CSharp:EVAConstructionModeEditor instance
[LOG 15:30:35.759] [KSPCF:MemoryLeaks] Removed a TimingManager.Instance.timing5.onLateUpdate callback owned by a destroyed Assembly-CSharp:MapView instance
[LOG 15:30:35.759] [KSPCF:MemoryLeaks] Leaving scene "Flight", cleaned 67 memory leaks in 0.003s. GameEvents callbacks : 757. Allocated memory : 727.137 MiB (managed heap), 2.214 GiB (unmanaged)
[LOG 15:30:35.768] UICanvasPrefabSpawner FlightUI spawning Flight
[LOG 15:30:35.788] UICanvasPrefabSpawner FlightUI spawning VesselLabels
[LOG 15:30:35.789] [UiApp] Awake: ResourceDisplay
[LOG 15:30:35.894] [AddonLoader]: Instantiating addon 'AeroGUI' from assembly 'KSP'
[LOG 15:30:35.909] [AddonLoader]: Instantiating addon 'ToolbarButton' from assembly 'Kopernicus'
[LOG 15:30:35.909] [AddonLoader]: Instantiating addon 'ShadowMan' from assembly 'Kopernicus'
[LOG 15:30:35.909] [AddonLoader]: Instantiating addon 'RenderTypeFixer' from assembly 'Kopernicus'
[LOG 15:30:35.909] [AddonLoader]: Instantiating addon 'AtmosphereFixer' from assembly 'Kopernicus'
[LOG 15:30:35.909] [AddonLoader]: Instantiating addon 'SinkingBugFix' from assembly 'Kopernicus'
[LOG 15:30:35.911] [AddonLoader]: Instantiating addon 'RealSolarSystemEditor' from assembly 'RealSolarSystem'
[LOG 15:30:35.911] [AddonLoader]: Instantiating addon 'RSSRunwayFix' from assembly 'RealSolarSystem'
[LOG 15:30:35.912] [AddonLoader]: Instantiating addon 'TimeWarpFixer' from assembly 'RealSolarSystem'
[LOG 15:30:35.912] [AddonLoader]: Instantiating addon 'VesselGroundPositionEnhancer' from assembly 'RealSolarSystem'
[LOG 15:30:35.912] [AddonLoader]: Instantiating addon 'RSSWatchDog' from assembly 'RealSolarSystem'
[LOG 15:30:35.912] [AddonLoader]: Instantiating addon 'TerrainPrecisionFixDiag4Mod' from assembly 'TerrainPrecisionFixDiag4Mod'
[LOG 15:30:35.912] [TerrainPrecisionFixDiag4] shader Hidden/Internal-Colored, depth test settable: True
[LOG 15:30:35.912] [PlanetariumCamera]: Focus: Earth
[LOG 15:30:35.913] [UIMasterController]: HideUI
[LOG 15:30:36.261] [UIMasterController]: HideUI
[LOG 15:30:36.262] ------------------- initializing flight mode... ------------------
[LOG 15:30:36.262] GetSubclassesOfParentClass: Using cached results for AlarmTypeBase
[LOG 15:30:36.263] Loading Depletion Nodes
[LOG 15:30:36.263] DepNodeCount:  0
[LOG 15:30:36.263] Loading Biome Nodes
[LOG 15:30:36.263] BiomeNodeCount:  0
[LOG 15:30:36.263] Loading Planet Nodes
[LOG 15:30:36.263] PlanetNodeCount:  0
[LOG 15:30:36.265] [ScenarioDestructibles]: Loading... 0 objects registered
[LOG 15:30:36.299] Target vessel index: 13  vessel count: 14
[LOG 15:30:36.299] [FLIGHT GLOBALS]: Switching To Vessel rss-orbit ---------------------- 
[LOG 15:30:36.299] setting new dominant body: Earth
FlightGlobals.mainBody: Earth
[LOG 15:30:36.299] Reference Frame: Rotating
[WRN 15:30:36.307] [Part]: Cannot have ModuleCargoPart and ModuleInventoryPart on same Part [rss-orbit (unloaded)'. Removed ModuleCargoPart
[LOG 15:30:36.309] [MechJeb2] Loading Mechjeb 2.15.3
[LOG 15:30:36.314] [MechJeb2] Registered 266 info items:  value:0 ms action:0 ms  toggle:0 ms  general:0 ms  editable:0 ms  total:0 ms
[LOG 15:30:36.326] [rss-orbit]: landed - waiting for ground contact to resume physics...
[LOG 15:30:36.327] Camera Mode: AUTO
[LOG 15:30:37.899] all systems started
[LOG 15:30:37.947] [RealSolarSystem] Setting TimeWarp rates...
[LOG 15:30:37.947] [TerrainPrecisionFixDiag4] body Earth, radius 6371000 m, highest subdivision level 11, 15 vertices by side
[LOG 15:30:37.948] [TerrainPrecisionFixDiag4] after an origin shift: 40 seam(s) between 32 quad(s) of level 11 and 16 coarser one(s); 320 shared vertices, gap mean 467.531 mm, max 1136.345 mm; largest on Kerbin Zn32010303221 (South, level 11) against Kerbin Zn3201030320 (North, level 10), where the finer quad is 998.824 mm above the coarser one and 541.878 mm beside it, 38.4 km from the active vessel
[LOG 15:30:37.953] [ModularFlightIntegrator] MFI Start
[LOG 15:30:37.953] [ModularFlightIntegrator] Start. VesselModule on vessel : 
  ModularFlightIntegrator
  AxisGroupsModule
  CometVessel
  SuspensionLoadBalancer
  CommNetVessel

[LOG 15:30:37.954] [Kopernicus] Using Kopernicus Discoverable Object Spawner.
[LOG 15:30:38.035] [UiApp] Awake: CurrencyWidgetsApp
[LOG 15:30:38.035] [UiApp] Awake: ResourceDisplay
[LOG 15:30:38.035] [UiApp] Awake: KSPedia
[LOG 15:30:38.035] [UiApp] Awake: Missions App
[LOG 15:30:38.035] [UiApp] Awake: DeltaVApp
[LOG 15:30:38.035] [UiApp] Awake: ActionGroupsApp
[LOG 15:30:38.036] [UiApp] Awake: Construction
[LOG 15:30:38.036] [UiApp] Awake: Cargo
[LOG 15:30:38.036] [UiApp] Awake: AlarmClock
[LOG 15:30:38.036] [UiApp] Awake: ManeuverTool
[LOG 15:30:38.036] [ApplicationLauncher] OnSceneLoadedGUIReady: scene FLIGHT ShouldBeVisible() True ShouldBeOnTop() True iIsPositionedAtTop True
[LOG 15:30:38.038] [KnowledgeBase] OnAppLauncherReady 32469
[LOG 15:30:38.044] [Kopernicus]: StarLightSwitcher: Set active star => Sun
[LOG 15:30:38.143] [UIApp] OnDestroy: Contracts
[LOG 15:30:38.150] [MechJeb2] Loading Mechjeb 2.15.3
[LOG 15:30:38.155] [MechJeb2] Registered 266 info items:  value:0 ms action:0 ms  toggle:0 ms  general:0 ms  editable:0 ms  total:0 ms
[LOG 15:30:38.158] [ShadowMan][Info] Running in unified camera mode
[LOG 15:30:38.158] [ShadowMan][Debug] Adding TweakShadowCascades: (0.002, 0.015, 0.035) to Camera Camera 00
[LOG 15:30:38.158] [ShadowMan][Debug] Default split: (0.050, 0.152, 0.264)
[LOG 15:30:38.159] [ShadowMan][Debug] Setting shadowmap resolution to: 8192 on SunLight
[LOG 15:30:38.163] [ShadowMan][Debug] Found rings for Saturn
[LOG 15:30:38.167] [ShadowMan][Debug] Kopernicus.ShadowMan setup done
[LOG 15:30:38.172] [TerrainPrecisionFixDiag4] after an origin shift: 48 seam(s) between 39 quad(s) of level 11 and 19 coarser one(s); 384 shared vertices, gap mean 473.459 mm, max 1191.417 mm; largest on Kerbin Zn32010321131 (East, level 11) against Kerbin Zn3201033002 (West, level 10), where the finer quad is 1041.476 mm above the coarser one and 578.621 mm beside it, 40.2 km from the active vessel
[LOG 15:30:38.179] [MechJeb2] Loading Mechjeb 2.15.3
[LOG 15:30:38.184] [MechJeb2] Registered 266 info items:  value:0 ms action:0 ms  toggle:0 ms  general:0 ms  editable:0 ms  total:0 ms
[LOG 15:30:38.186] [Capsule]: landed - waiting for ground contact to resume physics...
[LOG 15:30:38.188] [ModularFlightIntegrator] MFI Start
[LOG 15:30:38.188] [ModularFlightIntegrator] Start. VesselModule on vessel : 
  ModularFlightIntegrator
  AxisGroupsModule
  SuspensionLoadBalancer
  CommNetVessel

[LOG 15:30:38.188] [MessageSystem] Reposition 0.02 32470
[LOG 15:30:38.188] [GenericAppFrame] Reposition 0.02 32470
[LOG 15:30:38.188] [GenericAppFrame] Reposition 0.02 32470
[LOG 15:30:38.297] [FlightIntegrator]: Reloaded drag cube for zeroed cube root part mk1pod.v2 (rss-orbit) on vessel rss-orbit
[LOG 15:30:38.300] ScaleModList: listSize 41 maxListSize 863
[LOG 15:30:38.455] [FlightIntegrator]: Reloaded drag cube for zeroed cube root part fuelTankSmallFlat (Capsule) on vessel Capsule
[LOG 15:30:38.461] [PlanetariumCamera]: Focus: rss-orbit
[LOG 15:30:38.478] [UIApp] Adding ResourceDisplay to Application Launcher
[LOG 15:30:38.480] ScaleModList: listSize 41 maxListSize 813
[LOG 15:30:38.480] [UIApp] Adding ResourceDisplay to Application Launcher
[LOG 15:30:38.481] ScaleModList: listSize 41 maxListSize 772
[LOG 15:30:38.491] [ResourceDisplay] OnAppStarted(): id: -489060
[LOG 15:30:38.491] [GenericAppFrame] Reposition 0.1389712 32474
[LOG 15:30:38.491] [ResourceDisplay] OnAppStarted(): id: 264662
[LOG 15:30:38.491] ResourceDisplay already exist, destroying this instance
[LOG 15:30:38.491] [UIApp] OnDestroy: ResourceDisplay
[LOG 15:30:38.492] ScaleModList: listSize 41 maxListSize 772
[LOG 15:30:38.503] [UIApp] Adding AlarmClock to Application Launcher
[LOG 15:30:38.504] ScaleModList: listSize 41 maxListSize 772
[LOG 15:30:38.504] [UIApp] Adding ActionGroupsApp to Application Launcher
[LOG 15:30:38.505] ScaleModList: listSize 41 maxListSize 731
[LOG 15:30:38.505] [UIApp] Adding Missions App to Application Launcher
[LOG 15:30:38.506] ScaleModList: listSize 41 maxListSize 690
[LOG 15:30:38.506] CURRENCY WIDGET False False False
[LOG 15:30:38.508] [UIApp] OnDestroy: CurrencyWidgetsApp
[LOG 15:30:38.527] [GenericAppFrame] Reposition 0.1636772 32476
[LOG 15:30:38.529] [ActionGroupsApp] OnAppStarted(): id: -489084
[LOG 15:30:38.530] [GenericAppFrame] Reposition 0.1636772 32476
[LOG 15:30:38.530] [UIApp] Adding DeltaVApp to Application Launcher
[LOG 15:30:38.531] ScaleModList: listSize 41 maxListSize 649
[LOG 15:30:38.531] [MissionsApp] OnAppStarted(): id: -489072
[LOG 15:30:38.531] MissionsApp does not execute in this game mode, destroying this instance
[LOG 15:30:38.531] [UIApp] OnDestroy: Missions App
[LOG 15:30:38.532] ScaleModList: listSize 41 maxListSize 649
[LOG 15:30:38.544] [GenericAppFrame] Reposition 0.1902985 32477
[LOG 15:30:38.558] [UIApp] Adding Cargo to Application Launcher
[LOG 15:30:38.560] ScaleModList: listSize 41 maxListSize 649
[LOG 15:30:38.560] [UIApp] Adding Construction to Application Launcher
[LOG 15:30:38.562] ScaleModList: listSize 41 maxListSize 608
[LOG 15:30:38.562] [UIApp] Adding KSPedia to Application Launcher
[LOG 15:30:38.564] ScaleModList: listSize 41 maxListSize 567
[LOG 15:30:38.578] [UIApp] Adding ManeuverTool to Application Launcher
[LOG 15:30:38.580] ScaleModList: listSize 41 maxListSize 526
[LOG 15:30:38.580] [ApplicationLauncher] SetHidden: 
[LOG 15:30:38.581] ScaleModList: listSize 41 maxListSize 567
[LOG 15:30:38.599] [GenericAppFrame] Reposition 0.2404995 32480
[LOG 15:30:38.612] [ManeuverTool]: Found 1 transfer types
[LOG 15:30:38.652] Flight State Captured
[LOG 15:30:38.652] Saving Achievements Tree...
[LOG 15:30:38.652] Saving Achievements Tree...
[LOG 15:30:38.652] Saving Achievements Tree...
[LOG 15:30:38.652] [MessageSystem] Save Messages
[LOG 15:30:38.693] Game State Saved as persistent
[LOG 15:30:38.892] [Kopernicus] AtmosphereFixer => Patched AtmosphereFromGround for Uranus
[LOG 15:30:38.892] [Kopernicus] AtmosphereFixer => Patched AtmosphereFromGround for Titan
[LOG 15:30:38.892] [Kopernicus] AtmosphereFixer => Patched AtmosphereFromGround for Saturn
[LOG 15:30:38.892] [Kopernicus] AtmosphereFixer => Patched AtmosphereFromGround for Jupiter
[LOG 15:30:38.892] [Kopernicus] AtmosphereFixer => Patched AtmosphereFromGround for Mars
[LOG 15:30:38.892] [Kopernicus] AtmosphereFixer => Patched AtmosphereFromGround for Earth
[LOG 15:30:38.892] [Kopernicus] AtmosphereFixer => Patched AtmosphereFromGround for Venus
[LOG 15:30:39.203] [TerrainPrecisionFixDiag4] 60 seam(s) between 49 quad(s) of level 11 and 23 coarser one(s); 480 shared vertices, gap mean 502.377 mm, max 1224.491 mm; largest on Kerbin Zn32010323301 (East, level 11) against Kerbin Zn3201032331 (West, level 10), where the finer quad is 1069.440 mm above the coarser one and 596.386 mm beside it, 38.8 km from the active vessel
[LOG 15:30:39.371] [RealSolarSystem] Watchdog: Setting camera Camera 00 far clip to 1875000 so camera now has 1875000
[LOG 15:30:39.402] [rss-orbit]: ground contact! - error. Moving Vessel  down -0.604m
[LOG 15:30:39.402] Unpacking rss-orbit
[LOG 15:30:39.403] [RSS-VGPE] Vessel going off rails in PRELAUNCH, skipping 100 frames on CollisionEnhancer.
[LOG 15:30:39.409] [UIMasterController]: ShowUI
[LOG 15:30:41.333] Game Paused!
[LOG 15:30:41.333] [UIMasterController]: ShowUI
[LOG 15:30:42.529] [MessageSystem] Load Messages
[LOG 15:30:42.530] [UIMasterController]: HideUI
[LOG 15:30:42.625] [HighLogic]: =========================== Scene Change : From FLIGHT to FLIGHT =====================
[LOG 15:30:42.642] [Kopernicus] Delaying ResetAndWait of body Charon until scene switch is complete
[LOG 15:30:42.642] [Kopernicus] Delaying ResetAndWait of body Pluto until scene switch is complete
[LOG 15:30:42.642] [Kopernicus] Delaying ResetAndWait of body Triton until scene switch is complete
[LOG 15:30:42.642] [Kopernicus] Delaying ResetAndWait of body Neptune until scene switch is complete
[LOG 15:30:42.642] [Kopernicus] Delaying ResetAndWait of body Neptune until scene switch is complete
[LOG 15:30:42.642] [Kopernicus] Delaying ResetAndWait of body Oberon until scene switch is complete
[LOG 15:30:42.642] [Kopernicus] Delaying ResetAndWait of body Titania until scene switch is complete
[LOG 15:30:42.642] [Kopernicus] Delaying ResetAndWait of body Umbriel until scene switch is complete
[LOG 15:30:42.642] [Kopernicus] Delaying ResetAndWait of body Ariel until scene switch is complete
[LOG 15:30:42.642] [Kopernicus] Delaying ResetAndWait of body Miranda until scene switch is complete
[LOG 15:30:42.642] [Kopernicus] Delaying ResetAndWait of body Uranus until scene switch is complete
[LOG 15:30:42.642] [Kopernicus] Delaying ResetAndWait of body Uranus until scene switch is complete
[LOG 15:30:42.642] [Kopernicus] Delaying ResetAndWait of body Iapetus until scene switch is complete
[LOG 15:30:42.642] [Kopernicus] Delaying ResetAndWait of body Titan until scene switch is complete
[LOG 15:30:42.642] [Kopernicus] Delaying ResetAndWait of body Rhea until scene switch is complete
[LOG 15:30:42.642] [Kopernicus] Delaying ResetAndWait of body Dione until scene switch is complete
[LOG 15:30:42.642] [Kopernicus] Delaying ResetAndWait of body Tethys until scene switch is complete
[LOG 15:30:42.642] [Kopernicus] Delaying ResetAndWait of body Enceladus until scene switch is complete
[LOG 15:30:42.642] [Kopernicus] Delaying ResetAndWait of body Mimas until scene switch is complete
[LOG 15:30:42.643] [Kopernicus] Delaying ResetAndWait of body Saturn until scene switch is complete
[LOG 15:30:42.643] [Kopernicus] Delaying ResetAndWait of body Saturn until scene switch is complete
[LOG 15:30:42.643] [Kopernicus] Delaying ResetAndWait of body Callisto until scene switch is complete
[LOG 15:30:42.643] [Kopernicus] Delaying ResetAndWait of body Ganymede until scene switch is complete
[LOG 15:30:42.643] [Kopernicus] Delaying ResetAndWait of body Europa until scene switch is complete
[LOG 15:30:42.643] [Kopernicus] Delaying ResetAndWait of body Io until scene switch is complete
[LOG 15:30:42.643] [Kopernicus] Delaying ResetAndWait of body Jupiter until scene switch is complete
[LOG 15:30:42.643] [Kopernicus] Delaying ResetAndWait of body Jupiter until scene switch is complete
[LOG 15:30:42.643] [Kopernicus] Delaying ResetAndWait of body Ceres until scene switch is complete
[LOG 15:30:42.643] [Kopernicus] Delaying ResetAndWait of body Vesta until scene switch is complete
[LOG 15:30:42.643] [Kopernicus] Delaying ResetAndWait of body Deimos until scene switch is complete
[LOG 15:30:42.643] [Kopernicus] Delaying ResetAndWait of body Phobos until scene switch is complete
[LOG 15:30:42.643] [Kopernicus] Delaying ResetAndWait of body Mars until scene switch is complete
[LOG 15:30:42.643] [Kopernicus] Delaying ResetAndWait of body Moon until scene switch is complete
[LOG 15:30:42.643] [Kopernicus] Delaying ResetAndWait of body Venus until scene switch is complete
[LOG 15:30:42.643] [Kopernicus] Delaying ResetAndWait of body Mercury until scene switch is complete
[LOG 15:30:42.788] KbApp.OnDestroy NullName
[LOG 15:30:42.788] KbApp.OnDestroy Vessel Crew
[LOG 15:30:42.788] KbApp.OnDestroy Unowned Info
[LOG 15:30:42.788] [PlanetariumCamera]: Focus: Earth
[LOG 15:30:42.788] [UIApp] OnDestroy: DeltaVApp
[LOG 15:30:42.788] ScaleModList: listSize 41 maxListSize 567
[LOG 15:30:42.789] KbApp.OnDestroy Planet Resources
[LOG 15:30:42.789] KbApp.OnDestroy Vessel Info
[LOG 15:30:42.815] ScaleModList: listSize 41 maxListSize 567
[LOG 15:30:42.816] KbApp.OnDestroy Planet Parameters
[LOG 15:30:42.817] [UIApp] OnDestroy: AlarmClock
[LOG 15:30:42.818] ScaleModList: listSize 41 maxListSize 567
[LOG 15:30:42.818] [UIApp] OnDestroy: Cargo
[LOG 15:30:42.818] ScaleModList: listSize 41 maxListSize 567
[LOG 15:30:42.818] [UIApp] OnDestroy: KSPedia
[LOG 15:30:42.818] ScaleModList: listSize 41 maxListSize 567
[LOG 15:30:42.819] [UIApp] OnDestroy: Construction
[LOG 15:30:42.819] ScaleModList: listSize 41 maxListSize 567
[LOG 15:30:42.819] [UIApp] OnDestroy: ActionGroupsApp
[LOG 15:30:42.820] ScaleModList: listSize 41 maxListSize 567
[LOG 15:30:42.820] [UIApp] OnDestroy: ResourceDisplay
[LOG 15:30:42.820] ScaleModList: listSize 41 maxListSize 567
[LOG 15:30:42.821] [UIApp] OnDestroy: ManeuverTool
[LOG 15:30:42.821] ScaleModList: listSize 41 maxListSize 567
[LOG 15:30:42.821] KbApp.OnDestroy Planet Info
[LOG 15:30:42.823] [KSPCF:MemoryLeaks] Removed a OnMapExited callback owned by a destroyed Assembly-CSharp:NavBallToggle instance
[LOG 15:30:42.823] [KSPCF:MemoryLeaks] Removed a OnGameSettingsApplied callback owned by a destroyed Assembly-CSharp:VesselAutopilotUI instance
[LOG 15:30:42.824] [KSPCF:MemoryLeaks] Removed a onPartActionUICreate callback owned by a destroyed Assembly-CSharp:ModuleInventoryPart instance
[LOG 15:30:42.824] [KSPCF:MemoryLeaks] Removed a onPartActionUICreate callback owned by a destroyed Assembly-CSharp:ModuleInventoryPart instance
[LOG 15:30:42.825] [KSPCF:MemoryLeaks] Removed a onModuleInventoryChanged callback owned by a destroyed Assembly-CSharp:ModuleInventoryPart instance
[LOG 15:30:42.825] [KSPCF:MemoryLeaks] Removed a onModuleInventoryChanged callback owned by a destroyed Assembly-CSharp:ModuleInventoryPart instance
[LOG 15:30:42.826] [KSPCF:MemoryLeaks] Removed a OnDestructibleLoaded callback owned by a destroyed Assembly-CSharp:RunwayCollisionHandler instance
[LOG 15:30:42.826] [KSPCF:MemoryLeaks] Removed a OnClick callback owned by a destroyed Assembly-CSharp:EVAConstructionModeEditor instance
[LOG 15:30:42.826] [KSPCF:MemoryLeaks] Removed a TimingManager.Instance.timing5.onLateUpdate callback owned by a destroyed Assembly-CSharp:MapView instance
[LOG 15:30:42.826] [KSPCF:MemoryLeaks] Leaving scene "Flight", cleaned 67 memory leaks in 0.004s. GameEvents callbacks : 763. Allocated memory : 770.414 MiB (managed heap), 2.218 GiB (unmanaged)
[LOG 15:30:42.836] UICanvasPrefabSpawner FlightUI spawning Flight
[LOG 15:30:42.872] UICanvasPrefabSpawner FlightUI spawning VesselLabels
[LOG 15:30:42.872] [UiApp] Awake: ResourceDisplay
[LOG 15:30:43.019] [AddonLoader]: Instantiating addon 'AeroGUI' from assembly 'KSP'
[LOG 15:30:43.034] [AddonLoader]: Instantiating addon 'ToolbarButton' from assembly 'Kopernicus'
[LOG 15:30:43.034] [AddonLoader]: Instantiating addon 'ShadowMan' from assembly 'Kopernicus'
[LOG 15:30:43.034] [AddonLoader]: Instantiating addon 'RenderTypeFixer' from assembly 'Kopernicus'
[LOG 15:30:43.034] [AddonLoader]: Instantiating addon 'AtmosphereFixer' from assembly 'Kopernicus'
[LOG 15:30:43.034] [AddonLoader]: Instantiating addon 'SinkingBugFix' from assembly 'Kopernicus'
[LOG 15:30:43.037] [AddonLoader]: Instantiating addon 'RealSolarSystemEditor' from assembly 'RealSolarSystem'
[LOG 15:30:43.037] [AddonLoader]: Instantiating addon 'RSSRunwayFix' from assembly 'RealSolarSystem'
[LOG 15:30:43.037] [AddonLoader]: Instantiating addon 'TimeWarpFixer' from assembly 'RealSolarSystem'
[LOG 15:30:43.037] [AddonLoader]: Instantiating addon 'VesselGroundPositionEnhancer' from assembly 'RealSolarSystem'
[LOG 15:30:43.037] [AddonLoader]: Instantiating addon 'RSSWatchDog' from assembly 'RealSolarSystem'
[LOG 15:30:43.037] [AddonLoader]: Instantiating addon 'TerrainPrecisionFixDiag4Mod' from assembly 'TerrainPrecisionFixDiag4Mod'
[LOG 15:30:43.037] [TerrainPrecisionFixDiag4] shader Hidden/Internal-Colored, depth test settable: True
[LOG 15:30:43.038] [PlanetariumCamera]: Focus: Earth
[LOG 15:30:43.038] [UIMasterController]: HideUI
[LOG 15:30:43.410] [UIMasterController]: HideUI
[LOG 15:30:43.410] ------------------- initializing flight mode... ------------------
[LOG 15:30:43.411] GetSubclassesOfParentClass: Using cached results for AlarmTypeBase
[LOG 15:30:43.411] Loading Depletion Nodes
[LOG 15:30:43.411] DepNodeCount:  0
[LOG 15:30:43.412] Loading Biome Nodes
[LOG 15:30:43.412] BiomeNodeCount:  0
[LOG 15:30:43.412] Loading Planet Nodes
[LOG 15:30:43.412] PlanetNodeCount:  0
[LOG 15:30:43.413] [ScenarioDestructibles]: Loading... 0 objects registered
[LOG 15:30:43.447] Target vessel index: 13  vessel count: 14
[LOG 15:30:43.447] [FLIGHT GLOBALS]: Switching To Vessel rss-orbit ---------------------- 
[LOG 15:30:43.447] setting new dominant body: Earth
FlightGlobals.mainBody: Earth
[LOG 15:30:43.447] Reference Frame: Rotating
[WRN 15:30:43.456] [Part]: Cannot have ModuleCargoPart and ModuleInventoryPart on same Part [rss-orbit (unloaded)'. Removed ModuleCargoPart
[LOG 15:30:43.459] [MechJeb2] Loading Mechjeb 2.15.3
[LOG 15:30:43.464] [MechJeb2] Registered 266 info items:  value:0 ms action:0 ms  toggle:0 ms  general:0 ms  editable:0 ms  total:0 ms
[LOG 15:30:43.479] [rss-orbit]: landed - waiting for ground contact to resume physics...
[LOG 15:30:43.480] Camera Mode: AUTO
[LOG 15:30:45.091] all systems started
[LOG 15:30:45.136] [RealSolarSystem] Setting TimeWarp rates...
[LOG 15:30:45.137] [TerrainPrecisionFixDiag4] body Earth, radius 6371000 m, highest subdivision level 11, 15 vertices by side
[LOG 15:30:45.138] [TerrainPrecisionFixDiag4] after an origin shift: 40 seam(s) between 32 quad(s) of level 11 and 16 coarser one(s); 320 shared vertices, gap mean 391.874 mm, max 1011.494 mm; largest on Kerbin Zn32010320100 (West, level 11) against Kerbin Zn3201032001 (East, level 10), where the finer quad is 822.699 mm above the coarser one and 588.462 mm beside it, 38.8 km from the active vessel
[LOG 15:30:45.143] [ModularFlightIntegrator] MFI Start
[LOG 15:30:45.143] [ModularFlightIntegrator] Start. VesselModule on vessel : 
  ModularFlightIntegrator
  AxisGroupsModule
  CometVessel
  SuspensionLoadBalancer
  CommNetVessel

[LOG 15:30:45.144] [Kopernicus] Using Kopernicus Discoverable Object Spawner.
[LOG 15:30:45.227] [UiApp] Awake: CurrencyWidgetsApp
[LOG 15:30:45.227] [UiApp] Awake: ResourceDisplay
[LOG 15:30:45.227] [UiApp] Awake: KSPedia
[LOG 15:30:45.227] [UiApp] Awake: Missions App
[LOG 15:30:45.227] [UiApp] Awake: DeltaVApp
[LOG 15:30:45.227] [UiApp] Awake: ActionGroupsApp
[LOG 15:30:45.227] [UiApp] Awake: Construction
[LOG 15:30:45.227] [UiApp] Awake: Cargo
[LOG 15:30:45.228] [UiApp] Awake: AlarmClock
[LOG 15:30:45.228] [UiApp] Awake: ManeuverTool
[LOG 15:30:45.228] [ApplicationLauncher] OnSceneLoadedGUIReady: scene FLIGHT ShouldBeVisible() True ShouldBeOnTop() True iIsPositionedAtTop True
[LOG 15:30:45.230] [KnowledgeBase] OnAppLauncherReady 32953
[LOG 15:30:45.237] [Kopernicus]: StarLightSwitcher: Set active star => Sun
[LOG 15:30:45.333] [UIApp] OnDestroy: Contracts
[LOG 15:30:45.341] [MechJeb2] Loading Mechjeb 2.15.3
[LOG 15:30:45.346] [MechJeb2] Registered 266 info items:  value:0 ms action:0 ms  toggle:0 ms  general:0 ms  editable:0 ms  total:0 ms
[LOG 15:30:45.350] [ShadowMan][Info] Running in unified camera mode
[LOG 15:30:45.350] [ShadowMan][Debug] Adding TweakShadowCascades: (0.002, 0.015, 0.035) to Camera Camera 00
[LOG 15:30:45.350] [ShadowMan][Debug] Default split: (0.050, 0.152, 0.264)
[LOG 15:30:45.350] [ShadowMan][Debug] Setting shadowmap resolution to: 8192 on SunLight
[LOG 15:30:45.355] [ShadowMan][Debug] Found rings for Saturn
[LOG 15:30:45.359] [ShadowMan][Debug] Kopernicus.ShadowMan setup done
[LOG 15:30:45.364] [TerrainPrecisionFixDiag4] after an origin shift: 48 seam(s) between 38 quad(s) of level 11 and 18 coarser one(s); 384 shared vertices, gap mean 368.139 mm, max 1011.494 mm; largest on Kerbin Zn32010320100 (West, level 11) against Kerbin Zn3201032001 (East, level 10), where the finer quad is 822.699 mm above the coarser one and 588.462 mm beside it, 38.8 km from the active vessel
[LOG 15:30:45.371] [MechJeb2] Loading Mechjeb 2.15.3
[LOG 15:30:45.376] [MechJeb2] Registered 266 info items:  value:0 ms action:0 ms  toggle:0 ms  general:0 ms  editable:0 ms  total:0 ms
[LOG 15:30:45.378] [Capsule]: landed - waiting for ground contact to resume physics...
[LOG 15:30:45.380] [ModularFlightIntegrator] MFI Start
[LOG 15:30:45.380] [ModularFlightIntegrator] Start. VesselModule on vessel : 
  ModularFlightIntegrator
  AxisGroupsModule
  SuspensionLoadBalancer
  CommNetVessel

[LOG 15:30:45.380] [MessageSystem] Reposition 0.02 32954
[LOG 15:30:45.380] [GenericAppFrame] Reposition 0.02 32954
[LOG 15:30:45.380] [GenericAppFrame] Reposition 0.02 32954
[LOG 15:30:45.483] [FlightIntegrator]: Reloaded drag cube for zeroed cube root part mk1pod.v2 (rss-orbit) on vessel rss-orbit
[LOG 15:30:45.487] ScaleModList: listSize 41 maxListSize 863
[LOG 15:30:45.682] [FlightIntegrator]: Reloaded drag cube for zeroed cube root part fuelTankSmallFlat (Capsule) on vessel Capsule
[LOG 15:30:45.688] [PlanetariumCamera]: Focus: rss-orbit
[LOG 15:30:45.720] [UIApp] Adding ResourceDisplay to Application Launcher
[LOG 15:30:45.721] ScaleModList: listSize 41 maxListSize 813
[LOG 15:30:45.721] [UIApp] Adding ResourceDisplay to Application Launcher
[LOG 15:30:45.722] ScaleModList: listSize 41 maxListSize 772
[LOG 15:30:45.733] [ResourceDisplay] OnAppStarted(): id: -536466
[LOG 15:30:45.734] [GenericAppFrame] Reposition 0.1538764 32958
[LOG 15:30:45.734] [ResourceDisplay] OnAppStarted(): id: 264794
[LOG 15:30:45.734] ResourceDisplay already exist, destroying this instance
[LOG 15:30:45.734] [UIApp] OnDestroy: ResourceDisplay
[LOG 15:30:45.735] ScaleModList: listSize 41 maxListSize 772
[LOG 15:30:45.748] [UIApp] Adding AlarmClock to Application Launcher
[LOG 15:30:45.749] ScaleModList: listSize 41 maxListSize 772
[LOG 15:30:45.749] [UIApp] Adding ActionGroupsApp to Application Launcher
[LOG 15:30:45.750] ScaleModList: listSize 41 maxListSize 731
[LOG 15:30:45.750] [UIApp] Adding Missions App to Application Launcher
[LOG 15:30:45.751] ScaleModList: listSize 41 maxListSize 690
[LOG 15:30:45.751] CURRENCY WIDGET False False False
[LOG 15:30:45.753] [UIApp] OnDestroy: CurrencyWidgetsApp
[LOG 15:30:45.774] [GenericAppFrame] Reposition 0.1815971 32960
[LOG 15:30:45.776] [ActionGroupsApp] OnAppStarted(): id: -536490
[LOG 15:30:45.777] [GenericAppFrame] Reposition 0.1815971 32960
[LOG 15:30:45.777] [UIApp] Adding DeltaVApp to Application Launcher
[LOG 15:30:45.778] ScaleModList: listSize 41 maxListSize 649
[LOG 15:30:45.778] [MissionsApp] OnAppStarted(): id: -536478
[LOG 15:30:45.778] MissionsApp does not execute in this game mode, destroying this instance
[LOG 15:30:45.778] [UIApp] OnDestroy: Missions App
[LOG 15:30:45.779] ScaleModList: listSize 41 maxListSize 649
[LOG 15:30:45.790] [GenericAppFrame] Reposition 0.2095596 32961
[LOG 15:30:45.800] [UIApp] Adding Cargo to Application Launcher
[LOG 15:30:45.801] ScaleModList: listSize 41 maxListSize 649
[LOG 15:30:45.802] [UIApp] Adding Construction to Application Launcher
[LOG 15:30:45.803] ScaleModList: listSize 41 maxListSize 608
[LOG 15:30:45.803] [UIApp] Adding KSPedia to Application Launcher
[LOG 15:30:45.804] ScaleModList: listSize 41 maxListSize 567
[LOG 15:30:45.813] [UIApp] Adding ManeuverTool to Application Launcher
[LOG 15:30:45.815] ScaleModList: listSize 41 maxListSize 526
[LOG 15:30:45.815] [ApplicationLauncher] SetHidden: 
[LOG 15:30:45.815] ScaleModList: listSize 41 maxListSize 567
[LOG 15:30:45.829] [GenericAppFrame] Reposition 0.246449 32964
[LOG 15:30:45.839] [ManeuverTool]: Found 1 transfer types
[LOG 15:30:45.878] Flight State Captured
[LOG 15:30:45.878] Saving Achievements Tree...
[LOG 15:30:45.878] Saving Achievements Tree...
[LOG 15:30:45.878] Saving Achievements Tree...
[LOG 15:30:45.878] [MessageSystem] Save Messages
[LOG 15:30:45.913] Game State Saved as persistent
[LOG 15:30:46.109] [Kopernicus] AtmosphereFixer => Patched AtmosphereFromGround for Uranus
[LOG 15:30:46.109] [Kopernicus] AtmosphereFixer => Patched AtmosphereFromGround for Titan
[LOG 15:30:46.109] [Kopernicus] AtmosphereFixer => Patched AtmosphereFromGround for Saturn
[LOG 15:30:46.109] [Kopernicus] AtmosphereFixer => Patched AtmosphereFromGround for Jupiter
[LOG 15:30:46.109] [Kopernicus] AtmosphereFixer => Patched AtmosphereFromGround for Mars
[LOG 15:30:46.109] [Kopernicus] AtmosphereFixer => Patched AtmosphereFromGround for Earth
[LOG 15:30:46.109] [Kopernicus] AtmosphereFixer => Patched AtmosphereFromGround for Venus
[LOG 15:30:46.441] [TerrainPrecisionFixDiag4] 60 seam(s) between 49 quad(s) of level 11 and 23 coarser one(s); 480 shared vertices, gap mean 362.922 mm, max 1011.494 mm; largest on Kerbin Zn32010320100 (West, level 11) against Kerbin Zn3201032001 (East, level 10), where the finer quad is 822.699 mm above the coarser one and 588.462 mm beside it, 38.8 km from the active vessel
[LOG 15:30:46.591] [RealSolarSystem] Watchdog: Setting camera Camera 00 far clip to 1875000 so camera now has 1875000
[LOG 15:30:46.617] [rss-orbit]: ground contact! - error. Moving Vessel  down -0.551m
[LOG 15:30:46.617] Unpacking rss-orbit
[LOG 15:30:46.617] [RSS-VGPE] Vessel going off rails in PRELAUNCH, skipping 100 frames on CollisionEnhancer.
[LOG 15:30:46.623] [UIMasterController]: ShowUI
[LOG 15:30:58.283] [TerrainPrecisionFixDiag4] display: nothing
[LOG 15:30:58.552] [TerrainPrecisionFixDiag4] display: seams and largest gap
[LOG 15:31:06.457] [TerrainPrecisionFixDiag4] display: largest gap only
[LOG 15:31:09.064] SCREENSHOT!!
[LOG 15:31:21.608] [TerrainPrecisionFixDiag4] display: nothing
[LOG 15:31:22.038] [TerrainPrecisionFixDiag4] display: seams and largest gap
[LOG 15:31:24.376] SCREENSHOT!!
